ts,height,velocity,acceleration
-0.76,0.3105987310409546,0.2938859760761261,-0.001292407512664795
-0.75,0.3204154670238495,0.3009885251522064,-0.0011816099286079407
-0.74,0.33010074496269226,0.30788272619247437,-0.0010740719735622406
-0.73,0.33452466130256653,0.3093573749065399,0.008370846509933472
-0.72,0.3440034091472626,0.3160463869571686,0.008473701775074005
-0.71,0.3498508334159851,0.3189103901386261,0.008516978472471237
-0.7,0.352130651473999,0.3180544078350067,0.008502323180437088
-0.69,0.3543553650379181,0.31715014576911926,0.008486919105052948
-0.68,0.3599694073200226,0.3197614550590515,0.008526258170604706
-0.67,0.365494042634964,0.32225364446640015,0.008563738316297531
-0.66,0.3709299564361572,0.32462865114212036,0.008599385619163513
-0.65,0.3762778043746948,0.3268883526325226,0.008633233606815338
-0.64,0.3815378248691559,0.32894039154052734,-0.000757947564125061
-0.63,0.3849910795688629,0.32910236716270447,-0.0007553063333034515
-0.62,0.38665059208869934,0.32740700244903564,-0.0007815882563591003
-0.61,0.37289658188819885,0.30978304147720337,-0.0010559000074863434
-0.6,0.35925155878067017,0.2924514710903168,-0.0013256147503852844
-0.59,0.3457162082195282,0.2754099369049072,-0.001590769737958908
-0.58,0.3321872055530548,0.2585486173629761,-0.0018530786037445068
-0.57,0.3188740015029907,0.2420823872089386,-0.0021091923117637634
-0.56,0.31600221991539,0.23658601939678192,-0.002194449305534363
-0.55,0.31313496828079224,0.2310565710067749,-0.011702951043844223
-0.54,0.3102727234363556,0.22568242251873016,-0.0023620687425136566
-0.53,0.3074164092540741,0.22036921977996826,-0.0024444349110126495
-0.52,0.3045665919780731,0.21511684358119965,-0.0025258436799049377
-0.51,0.3017236590385437,0.20992513000965118,-0.0026062913239002228
-0.5,0.2938503921031952,0.19948850572109222,-0.01219114288687706
-0.49,0.2877177596092224,0.19095900654792786,-0.012322060763835907
-0.48,0.279945969581604,0.18091443181037903,-0.0030538104474544525
-0.47,0.2722344994544983,0.17094087600708008,-0.012631379067897797
-0.46,0.25939100980758667,0.15585345029830933,-0.003441605716943741
-0.45,0.25185543298721313,0.1464110165834427,-0.0035881027579307556
-0.44,0.24438120424747467,0.1370345503091812,-0.013156291097402573
-0.43,0.23865030705928802,0.12965090572834015,-0.00384647399187088
-0.42,0.2312832623720169,0.12074363231658936,0.0054372139275074005
-0.41,0.21535106003284454,0.10306613147258759,0.005161102861166
-0.4,0.19957152009010315,0.08563293516635895,-0.004532951861619949
-0.39,0.18565690517425537,0.07021300494670868,-0.014195099472999573
-0.38,0.1718761920928955,0.05508875846862793,-0.01442839577794075
-0.37,0.1582295447587967,0.040257345885038376,-0.014657095074653625
-0.36,0.14296434819698334,0.02390265092253685,-0.014909479767084122
-0.35,0.12785248458385468,0.008060766384005547,0.0036906898021698
-0.34,0.10289916396141052,-0.017801033332943916,0.0032874085009098053
-0.33,0.08164931833744049,-0.0398491770029068,-0.025322744622826576
-0.32,0.06061912328004837,-0.06135161593556404,-0.01623183861374855
-0.31,0.03980942815542221,-0.08231303840875626,-0.007132969796657562
-0.3,0.01922101527452469,-0.10273817181587219,0.0019718799740076065
-0.29,-0.001145852729678154,-0.1227259635925293,0.0016603320837020874
-0.28,-0.005754412617534399,-0.12620751559734344,0.0016058608889579773
-0.27,-0.005175931379199028,-0.12428741157054901,0.0016355104744434357
-0.26,-0.004590487107634544,-0.12237967550754547,0.0016649626195430756
-0.25,-0.0005318033508956432,-0.11689818650484085,0.0017500575631856918
-0.24,0.003498382866382599,-0.1113145500421524,0.020681262016296387
-0.23,0.007500732317566872,-0.10581663995981216,0.02076365239918232
-0.22,0.008008895441889763,-0.10389591008424759,0.030212117359042168
-0.21,-0.008649441413581371,-0.11966042965650558,0.039383724331855774
-0.2,-0.025119677186012268,-0.13478852808475494,0.06740834563970566
-0.19,-0.04149332270026207,-0.14947514235973358,0.08601368963718414
-0.18,-0.057673677802085876,-0.16343726217746735,0.1234719455242157
-0.17,-0.07524511963129044,-0.17504021525382996,0.49073609709739685
-0.16,-0.09219884872436523,-0.11041880398988724,8.076508522033691
-0.15,-0.10788950324058533,0.012306327000260353,13.852948188781738
-0.14,-0.12195518612861633,0.1560652107000351,15.925905227661133
-0.13,-0.13584738969802856,0.3002951443195343,16.104690551757812
-0.12,-0.14795833826065063,0.461935430765152,17.819536209106445
-0.11,-0.15820059180259705,0.6314277648925781,18.582595825195312
-0.1,-0.1510726511478424,0.8218217492103577,19.05377769470215
-0.09,-0.15768814086914062,0.9990279078483582,19.355077743530273
-0.08,-0.13465118408203125,1.2215745449066162,21.01382827758789
-0.07,-0.13752393424510956,1.4317035675048828,22.69097328186035
-0.06,-0.13819468021392822,1.6591839790344238,24.42466163635254
-0.05,-0.1394452303647995,1.894020915031433,25.46095085144043
-0.04,-0.1471916139125824,2.133673667907715,26.864620208740234
-0.03,-0.15234562754631042,2.3910555839538574,28.626394271850586
-0.02,-0.18065695464611053,2.635406970977783,29.991952896118164
-0.01,-0.2059447467327118,2.890568256378174,31.018272399902344
0,-0.20233818888664246,3.1783173084259033,31.55498695373535
0.01,-0.16911226511001587,3.5290138721466064,35.06999969482422
0.02,-0.13231800496578217,3.892806053161621,36.3798828125
0.03,-0.09159547090530396,4.273092746734619,38.02901840209961
0.04,-0.046812135726213455,4.668087005615234,39.49910354614258
0.05,0.0019449915271252394,5.068924427032471,40.083370208740234
0.06,0.05475086346268654,5.478997707366943,41.00688552856445
0.07,0.11179187148809433,5.892850875854492,41.38383102416992
0.08,0.17299173772335052,6.312077045440674,41.92097854614258
0.09,0.23825979232788086,6.732327938079834,42.02463912963867
0.1,0.30785316228866577,7.154195785522461,42.18484115600586
0.11,0.3816739022731781,7.577479362487793,42.326194763183594
0.12,0.4597502052783966,8.006983757019043,42.94815444946289
0.13,0.5420705080032349,8.454655647277832,44.76691818237305
0.14,0.628923237323761,8.915424346923828,46.07680130004883
0.15,0.720241129398346,9.380401611328125,46.50086212158203
0.16,0.8162112832069397,9.848201751708984,46.783573150634766
0.17,0.9168990254402161,10.326361656188965,47.82017135620117
0.18,1.0225787162780762,10.822076797485352,49.572967529296875
0.19,1.1331065893173218,11.339503288269043,51.74982833862305
0.2,1.248855710029602,11.869359970092773,52.993743896484375
0.21,1.3701883554458618,12.418020248413086,54.86905288696289
0.22,1.4970741271972656,12.983071327209473,56.50876235961914
0.23,1.6297495365142822,13.565288543701172,58.22385787963867
0.24,1.7683759927749634,14.150653839111328,58.53483963012695
0.25,1.9128786325454712,14.743928909301758,59.3264274597168
0.26,2.0633327960968018,15.344549179077148,60.06147384643555
0.27,2.2198259830474854,15.955527305603027,61.09806442260742
0.28,2.3824541568756104,16.575544357299805,62.002742767333984
0.29,2.5513203144073486,17.20939826965332,63.38801193237305
0.3,2.7265095710754395,17.844655990600586,63.52936935424805
0.31,2.9081969261169434,18.496807098388672,65.21620178222656
0.32,3.0964443683624268,19.161481857299805,66.46954345703125
0.33,3.2913215160369873,19.827838897705078,66.63916778564453
0.34,3.4929487705230713,20.508150100708008,68.03386688232422
0.35,3.701397180557251,21.191007614135742,68.28829956054688
0.36,3.9166812896728516,21.881103515625,69.01392364501953
0.37,4.138895511627197,22.58315086364746,70.21072387695312
0.38,4.368151664733887,23.291410446166992,70.83268737792969
0.39,4.604467868804932,24.001813888549805,71.04943084716797
0.4,4.847875595092773,24.716812133789062,71.51118469238281
0.41,5.098588466644287,25.439794540405273,72.30277252197266
0.42,5.356626033782959,26.17251205444336,73.27340698242188
0.43,5.621992111206055,26.908424377441406,73.59380340576172
0.44,5.894672870635986,27.648250579833984,73.9896011352539
0.45,6.174751281738281,28.396528244018555,74.83773040771484
0.46,6.462295055389404,29.145261764526367,74.88484191894531
0.47,6.757357597351074,29.89702033996582,75.1864013671875
0.48,7.059947967529297,30.652820587158203,75.59161376953125
0.49,7.370065212249756,31.40981674194336,75.71412658691406
0.5,7.687809944152832,32.18093490600586,77.12767028808594
0.51,8.013261795043945,32.95683670043945,77.6082763671875
0.52,8.346586227416992,33.739959716796875,78.32447814941406
0.53,8.68771743774414,34.5242805480957,78.44697570800781
0.54,9.036755561828613,35.31672286987305,79.25740814208984
0.55,9.39372730255127,36.11780548095703,80.12438201904297
0.56,9.75864315032959,36.91883087158203,80.12438201904297
0.57,10.131499290466309,37.72007751464844,80.15264892578125
0.58,10.512298583984375,38.52220153808594,80.24688720703125
0.59,10.90101432800293,39.324981689453125,80.32228088378906
0.6,11.297607421875,40.13297653198242,80.85942840576172
0.61,11.702192306518555,40.94089126586914,80.85942840576172
0.62,12.114827156066895,41.761627197265625,82.15046691894531
0.63,12.535571098327637,42.582271575927734,82.15046691894531
0.64,12.964412689208984,43.40487289428711,82.3577880859375
0.65,13.401409149169922,44.231529235839844,82.77242279052734
0.66,13.84659481048584,45.065330505371094,83.498046875
0.67,14.300028800964355,45.90129470825195,83.72421264648438
0.68,14.761734008789062,46.744205474853516,84.43098449707031
0.69,15.231729507446289,47.585384368896484,84.27078247070312
0.7,15.710000038146973,48.42642593383789,84.27078247070312
0.71,16.19678497314453,49.267555236816406,84.27078247070312
0.72,16.691879272460938,50.10961151123047,84.37444305419922
0.73,17.195266723632812,50.95209884643555,84.43098449707031
0.74,17.706960678100586,51.79446792602539,84.43098449707031
0.75,18.226911544799805,52.63666915893555,84.43098449707031
0.76,18.755279541015625,53.47885513305664,84.43098449707031
0.77,19.29191017150879,54.321075439453125,84.44983673095703
0.78,19.83678436279297,55.1640510559082,84.5440673828125
0.79,20.38994026184082,56.007816314697266,84.6383056640625
0.8,20.951431274414062,56.85343933105469,84.83619689941406
0.81,21.52137565612793,57.69905090332031,84.83619689941406
0.82,22.099700927734375,58.54458236694336,84.83619689941406
0.83,22.686330795288086,59.3946533203125,85.30738067626953
0.84,23.281253814697266,60.244606018066406,85.31680297851562
0.85,23.884483337402344,61.09455871582031,85.33564758300781
0.86,24.4959774017334,61.94746398925781,85.65605926513672
0.87,25.11600112915039,62.8013916015625,85.75971221923828
0.88,25.744325637817383,63.656211853027344,85.87279510498047
0.89,26.380998611450195,64.51082611083984,85.87279510498047
0.9,27.025991439819336,65.36699676513672,86.05184936523438
0.91,27.67927360534668,66.22374725341797,86.13665771484375
0.92,28.340925216674805,67.0809555053711,86.20262908935547
0.93,29.01082420349121,67.93812561035156,86.23089599609375
0.94,29.689189910888672,68.79537963867188,86.24974060058594
0.95,30.375812530517578,69.65242004394531,86.25917053222656
0.96,31.070701599121094,70.50916290283203,86.25917053222656
0.97,31.773969650268555,71.36572265625,86.25917053222656
0.98,32.48579788208008,72.2234115600586,86.37225341796875
0.99,33.205902099609375,73.080810546875,86.37225341796875
1,33.93442916870117,73.93684387207031,86.24974060058594
1.01,34.671226501464844,74.79269409179688,86.25917053222656
1.02,35.41614532470703,75.64812469482422,86.25917053222656
1.03,36.16919708251953,76.50315856933594,86.25917053222656
1.04,36.93035888671875,77.35777282714844,86.25917053222656
1.05,37.69965362548828,78.21246337890625,86.30628967285156
1.06,38.4771728515625,79.067138671875,86.33456420898438
1.07,39.262943267822266,79.92153930664062,86.33456420898438
1.08,40.0571403503418,80.77584075927734,86.33456420898438
1.09,40.859371185302734,81.62984466552734,86.35340881347656
1.1,41.6696891784668,82.48352813720703,86.36283111572266
1.11,42.488155364990234,83.33685302734375,86.36283111572266
1.12,43.314876556396484,84.18993377685547,86.36283111572266
1.13,44.149539947509766,85.0423812866211,86.35340881347656
1.14,44.992279052734375,85.89273834228516,86.18378448486328
1.15,45.84285354614258,86.74248504638672,86.18378448486328
1.16,46.702667236328125,87.59297180175781,86.18378448486328
1.17,47.57029342651367,88.44282531738281,86.18378448486328
1.18,48.44569778442383,89.29202270507812,86.18378448486328
1.19,49.32894515991211,90.14064025878906,86.18378448486328
1.2,50.220008850097656,90.9902572631836,86.34397888183594
1.21,51.11912155151367,91.83948516845703,86.34397888183594
1.22,52.02615737915039,92.68822479248047,86.34397888183594
1.23,52.94084167480469,93.53621673583984,86.34397888183594
1.24,53.86323165893555,94.38221740722656,86.21205139160156
1.25,54.793174743652344,95.22666931152344,86.13665771484375
1.26,55.73112106323242,96.07076263427734,86.13665771484375
1.27,56.676551818847656,96.9130859375,86.04241943359375
1.28,57.63029098510742,97.75038146972656,85.54296875
1.29,58.59224319458008,98.58552551269531,85.33564758300781
1.3,59.56158447265625,99.41983795166016,85.33564758300781
1.31,60.538333892822266,100.25298309326172,85.29795837402344
1.32,61.52231979370117,101.08425903320312,85.20372009277344
1.33,62.51367950439453,101.91400146484375,85.12833404541016
1.34,63.512184143066406,102.7427749633789,85.12833404541016
1.35,64.51823425292969,103.57066345214844,85.10005950927734
1.36,65.53241729736328,104.3957748413086,84.8267822265625
1.37,66.55368041992188,105.21953582763672,84.7890853881836
1.38,67.58201599121094,106.04055786132812,84.61003112792969
1.39,68.61764526367188,106.85877990722656,84.4027099609375
1.4,69.66044616699219,107.67328643798828,84.11058044433594
1.41,70.71063232421875,108.48589324951172,83.97865295410156
1.42,71.76766967773438,109.29662322998047,83.89383697509766
1.43,72.83157348632812,110.10617065429688,83.87499237060547
1.44,73.9035415649414,110.91504669189453,83.79960632324219
1.45,74.98261260986328,111.72250366210938,83.73363494873047
1.46,76.0688705444336,112.52741241455078,83.54515838623047
1.47,77.16252136230469,113.33186340332031,83.54515838623047
1.48,78.26306915283203,114.13542938232422,83.54515838623047
1.49,79.37015533447266,114.93782043457031,83.54515838623047
1.5,80.48397064208984,115.73921203613281,83.54515838623047
1.51,81.60405731201172,116.53857421875,83.47919464111328
1.52,82.73058319091797,117.3358154296875,83.38496398925781
1.53,83.86502838134766,118.13314056396484,83.38496398925781
1.54,85.00775146484375,118.93085479736328,83.38496398925781
1.55,86.15665435791016,119.7251968383789,83.18706512451172
1.56,87.31237030029297,120.51872253417969,83.18706512451172
1.57,88.47413635253906,121.31024932861328,83.13052368164062
1.58,89.64260864257812,122.0987548828125,82.91378021240234
1.59,90.81753540039062,122.88273620605469,82.56510925292969
1.6,91.99894714355469,123.6657485961914,82.56510925292969
1.61,93.18737030029297,124.44617462158203,82.3577880859375
1.62,94.38278198242188,125.22598266601562,82.3483657836914
1.63,95.58384704589844,126.002685546875,82.19758605957031
1.64,96.79046630859375,126.77568817138672,81.99026489257812
1.65,98.0025634765625,127.54674530029297,81.96199035644531
1.66,99.21996307373047,128.31602478027344,81.96199035644531
1.67,100.4428939819336,129.08204650878906,81.79236602783203
1.68,101.6721420288086,129.84707641601562,81.78294372558594
1.69,102.90940856933594,130.6116485595703,81.68870544433594
1.7,104.15248107910156,131.37109375,81.30233764648438
1.71,105.40127563476562,132.1285858154297,81.23637390136719
1.72,106.65494537353516,132.8837432861328,81.19867706298828
1.73,107.91419219970703,133.63717651367188,81.16098022460938
1.74,109.17860412597656,134.38632202148438,80.8971176147461
1.75,110.44857788085938,135.1337890625,80.85942840576172
1.76,111.72331237792969,135.8766326904297,80.58614349365234
1.77,113.0029296875,136.6151885986328,80.33170318603516
1.78,114.28710174560547,137.34933471679688,80.0866928100586
1.79,115.578125,138.08238220214844,79.9924545288086
1.8,116.87342071533203,138.81182861328125,79.8416748046875
1.81,118.17274475097656,139.5355224609375,79.49300384521484
1.82,119.47703552246094,140.25660705566406,79.37992095947266
1.83,120.78568267822266,140.9745635986328,79.25740814208984
1.84,122.09858703613281,141.68716430664062,78.91815948486328
1.85,123.41619110107422,142.39671325683594,78.76737976074219
1.86,124.73758697509766,143.1026153564453,78.62602233886719
1.87,126.06364440917969,143.8030548095703,78.23023986816406
1.88,127.39485168457031,144.5016326904297,78.15484619140625
1.89,128.7295684814453,145.19659423828125,78.02291870117188
1.9,130.06898498535156,145.88868713378906,77.87213897705078
1.91,131.4123077392578,146.57591247558594,77.58000946044922
1.92,132.75914001464844,147.26095581054688,77.58000946044922
1.93,134.1090850830078,147.94357299804688,77.58000946044922
1.94,135.46173095703125,148.6234893798828,77.58000946044922
1.95,136.817138671875,149.29937744140625,77.43865203857422
1.96,138.1761474609375,149.97291564941406,77.40095520019531
1.97,139.5375213623047,150.64344787597656,77.3821029663086
1.98,140.9042510986328,151.3081817626953,76.86380767822266
1.99,142.27330017089844,151.9684600830078,76.69418334960938
2,143.64723205566406,152.62615966796875,76.5245590209961
2.01,145.02613830566406,153.28025817871094,76.2418441772461
2.02,146.40707397460938,153.92530822753906,75.61988830566406
2.03,147.79055786132812,154.56541442871094,75.36544799804688
2.04,149.17666625976562,155.20248413085938,75.2900619506836
2.05,150.56532287597656,155.83685302734375,75.25236511230469
2.06,151.9565887451172,156.46617126464844,74.96965789794922
2.07,153.3505096435547,157.08676147460938,74.31000518798828
2.08,154.74679565429688,157.70347595214844,74.1498031616211
2.09,156.14573669433594,158.3155059814453,73.88594055175781
2.1,157.547607421875,158.92564392089844,73.87651824951172
2.11,158.95462036132812,159.53414916992188,73.73516082763672
2.12,160.36460876464844,160.1353759765625,73.17916870117188
2.13,161.7763214111328,160.73231506347656,73.00011444091797
2.14,163.18910217285156,161.32545471191406,72.9153060913086
2.15,164.6025848388672,161.9142608642578,72.79279327392578
2.16,166.01705932617188,162.49501037597656,72.27449798583984
2.17,167.43666076660156,163.0720977783203,71.90697479248047
2.18,168.85910034179688,163.64707946777344,71.85043334960938
2.19,170.28433227539062,164.22007751464844,71.8033218383789
2.2,171.7127227783203,164.7914276123047,71.765625
2.21,173.1418914794922,165.35418701171875,71.19078063964844
2.22,174.5738525390625,165.91439819335938,71.07770538330078
2.23,176.00592041015625,166.46945190429688,70.87979888916016
2.24,177.437744140625,167.0190887451172,70.67247772216797
2.25,178.87342834472656,167.5679473876953,70.65363311767578
2.26,180.30824279785156,168.11158752441406,70.50285339355469
2.27,181.74205017089844,168.64840698242188,70.19187927246094
2.28,183.1776580810547,169.17953491210938,69.80551147460938
2.29,184.61358642578125,169.70596313476562,69.60760498046875
2.3,186.04928588867188,170.22877502441406,69.55106353759766
2.31,187.48416137695312,170.74395751953125,69.12700653076172
2.32,188.92071533203125,171.25592041015625,68.97622680664062
2.33,190.3600616455078,171.7645721435547,68.74063873291016
2.34,191.79925537109375,172.26673889160156,68.37311553955078
2.35,193.23716735839844,172.76089477539062,67.92078399658203
2.36,194.67315673828125,173.24746704101562,67.54383850097656
2.37,196.1085662841797,173.72634887695312,67.063232421875
2.38,197.54251098632812,174.20108032226562,66.98783874511719
2.39,198.97463989257812,174.67214965820312,66.97842407226562
2.4,200.40432739257812,175.13844299316406,66.89360809326172
2.41,201.8324737548828,175.59521484375,66.27165222167969
2.42,203.25892639160156,176.04641723632812,66.04547882080078
2.43,204.68382263183594,176.49114990234375,65.71565246582031
2.44,206.10733032226562,176.9277801513672,65.20677947998047
2.45,207.53363037109375,177.36341857910156,65.14080810546875
2.46,208.95892333984375,177.79043579101562,64.547119140625
2.47,210.38059997558594,178.21253967285156,64.48116302490234
2.48,211.79852294921875,178.6289520263672,64.33979797363281
2.49,213.21731567382812,179.03968811035156,63.906307220458984
2.5,214.63296508789062,179.4413604736328,63.37858963012695
2.51,216.04531860351562,179.8369598388672,63.15242385864258
2.52,217.46580505371094,180.23233032226562,62.80374526977539
2.53,218.88345336914062,180.6218719482422,62.56814956665039
2.54,220.2972412109375,181.0050506591797,62.33256149291992
2.55,221.70706176757812,181.3804168701172,61.95561599731445
2.56,223.1157684326172,181.7512969970703,61.72945022583008
2.57,224.52330017089844,182.1187744140625,61.61636734008789
2.58,225.93324279785156,182.48414611816406,61.409053802490234
2.59,227.34161376953125,182.84510803222656,61.21115493774414
2.6,228.7483367919922,183.19931030273438,60.77766036987305
2.61,230.15394592285156,183.5479736328125,60.42898941040039
2.62,231.5568084716797,183.89157104492188,60.2216682434082
2.63,232.95872497558594,184.2283935546875,59.73164749145508
2.64,234.3644256591797,184.5611114501953,59.2227668762207
2.65,235.77197265625,184.8885955810547,58.71388626098633
2.66,237.17453002929688,185.2099609375,58.515995025634766
2.67,238.57984924316406,185.52828979492188,58.16732406616211
2.68,239.98199462890625,185.841552734375,57.96000289916992
2.69,241.3785400390625,186.14849853515625,57.76210403442383
2.7,242.76968383789062,186.4482421875,57.46054458618164
2.71,244.1590576171875,186.74200439453125,57.064754486083984
2.72,245.54931640625,187.0336151123047,56.8951301574707
2.73,246.94044494628906,187.3193359375,56.34856033325195
2.74,248.32896423339844,187.60096740722656,56.17892837524414
2.75,249.71514892578125,187.87493896484375,55.63236618041992
2.76,251.09576416015625,188.14112854003906,55.25542068481445
2.77,252.4717254638672,188.39817810058594,54.68057632446289
2.78,253.84796142578125,188.65353393554688,54.5674934387207
2.79,255.21905517578125,188.9021759033203,54.25651168823242
2.8,256.5856018066406,189.1417694091797,53.672245025634766
2.81,257.9544372558594,189.37918090820312,53.38011169433594
2.82,259.32012939453125,189.6138458251953,53.34242248535156
2.83,260.68408203125,189.84144592285156,52.78642654418945
2.84,262.041015625,190.0626220703125,52.588531494140625
2.85,263.3904724121094,190.27371215820312,52.041961669921875
2.86,264.7337951660156,190.4747772216797,51.41999816894531
2.87,266.06976318359375,190.66981506347656,51.25979995727539
2.88,267.4009094238281,190.8560791015625,50.67552947998047
2.89,268.73101806640625,191.03720092773438,50.24204635620117
2.9,270.0530700683594,191.21351623535156,50.22319793701172
2.91,271.3670349121094,191.38417053222656,50.119537353515625
2.92,272.67315673828125,191.544189453125,49.49757766723633
2.93,273.97210693359375,191.69439697265625,48.91331100463867
2.94,275.26336669921875,191.83958435058594,48.8285026550293
2.95,276.5545349121094,191.98239135742188,48.59291076660156
2.96,277.8371276855469,192.11785888671875,48.31962203979492
2.97,279.1114196777344,192.24264526367188,47.68824005126953
2.98,280.3785400390625,192.3625946044922,47.575157165527344
2.99,281.6429443359375,192.4731903076172,46.76472473144531
3,282.8987731933594,192.5778350830078,46.604522705078125
3.01,284.155517578125,192.68214416503906,46.49143981933594
3.02,285.4173889160156,192.78244018554688,45.78466796875
3.03,286.6710510253906,192.87657165527344,45.57735061645508
3.04,287.9176330566406,192.96267700195312,45.1155891418457
3.05,289.1591796875,193.04067993164062,44.53132629394531
3.06,290.39910888671875,193.11587524414062,44.29573440551758
3.07,291.6412353515625,193.18763732910156,43.78685760498047
3.08,292.8748474121094,193.25506591796875,43.75858688354492
3.09,294.1241760253906,193.3257293701172,43.20259475708008
3.1,295.3670959472656,193.3822021484375,42.07175827026367
3.11,296.6083679199219,193.43702697753906,41.93982696533203
3.12,297.858154296875,193.49649047851562,41.902130126953125
3.13,299.0997619628906,193.54867553710938,41.55345916748047
3.14,300.3352966308594,193.5908203125,40.80898666381836
3.15,301.58404541015625,193.64015197753906,40.78071975708008
3.16,302.8352966308594,193.68484497070312,40.13048553466797
3.17,304.0773010253906,193.7172088623047,39.3200569152832
3.18,305.3327331542969,193.75584411621094,39.1881217956543
3.19,306.5788879394531,193.78932189941406,39.09389114379883
3.2,307.8355407714844,193.82662963867188,38.87714767456055
3.21,309.0842590332031,193.85877990722656,38.70751953125
3.22,310.3296813964844,193.87994384765625,37.71803665161133
3.23,311.5703430175781,193.898193359375,37.60495376586914
3.24,312.80853271484375,193.9153289794922,37.54841613769531
3.25,314.0377197265625,193.92469787597656,37.162044525146484
3.26,315.26019287109375,193.92771911621094,36.79452133178711
3.27,316.490234375,193.93128967285156,36.38930892944336
3.28,317.7106018066406,193.92396545410156,35.71080780029297
3.29,318.9222717285156,193.91209411621094,35.61656951904297
3.3,320.1252136230469,193.89581298828125,35.53175735473633
3.31,321.33880615234375,193.8833770751953,35.296165466308594
3.32,322.54705810546875,193.864013671875,34.787288665771484
3.33,323.7557678222656,193.8399200439453,34.203025817871094
3.34,324.9654846191406,193.81361389160156,33.84492492675781
3.35,326.1668701171875,193.7775421142578,33.19469451904297
3.36,327.3647766113281,193.73663330078125,32.78947830200195
3.37,328.5667419433594,193.6981964111328,32.74235916137695
3.38,329.759765625,193.65240478515625,32.35599136352539
3.39,330.94732666015625,193.59849548339844,31.71518898010254
3.4,332.1369323730469,193.5404052734375,31.093225479125977
3.41,333.3180236816406,193.47866821289062,31.046110153198242
3.42,334.5047912597656,193.416259765625,30.593774795532227
3.43,335.6809997558594,193.34722900390625,30.3487606048584
3.44,336.8578186035156,193.27761840820312,30.15086555480957
3.45,338.0245361328125,193.200927734375,29.830461502075195
3.46,339.18109130859375,193.11709594726562,29.50063133239746
3.47,340.3290710449219,193.02890014648438,29.368703842163086
3.48,341.47357177734375,192.9334259033203,28.69019889831543
3.49,342.6219177246094,192.8356475830078,28.15305519104004
3.5,343.7751770019531,192.73683166503906,27.69129753112793
3.51,344.9276428222656,192.6382598876953,27.634756088256836
3.52,346.07037353515625,192.5265655517578,26.67354393005371
3.53,347.2132873535156,192.412109375,26.258901596069336
3.54,348.3453369140625,192.29263305664062,26.155244827270508
3.55,349.48138427734375,192.1734619140625,25.86311149597168
3.56,350.6151123046875,192.04983520507812,25.401357650756836
3.57,351.76422119140625,191.93153381347656,25.0715274810791
3.58,352.914306640625,191.81288146972656,24.864206314086914
3.59,354.0636901855469,191.683837890625,23.733373641967773
3.6,355.2096862792969,191.54873657226562,23.15852928161621
3.61,356.3587646484375,191.40914916992188,22.43290901184082
3.62,357.5016784667969,191.26268005371094,21.905187606811523
3.63,358.6427917480469,191.1158905029297,21.820375442504883
3.64,359.7826843261719,190.96485900878906,21.320920944213867
3.65,360.9252014160156,190.81333923339844,21.00994300842285
3.66,362.08367919921875,190.662109375,20.15239143371582
3.67,363.23095703125,190.50225830078125,19.681211471557617
3.68,364.3681335449219,190.3350830078125,19.285417556762695
3.69,365.5035400390625,190.16644287109375,19.078100204467773
3.7,366.6400451660156,189.99574279785156,18.68230628967285
3.71,367.7737121582031,189.82374572753906,18.540952682495117
3.72,368.9173889160156,189.6272430419922,15.478271484375
3.73,370.05352783203125,189.42422485351562,15.025936126708984
3.74,371.18145751953125,189.2039031982422,13.51815414428711
3.75,372.3027648925781,188.97491455078125,12.792535781860352
3.76,373.4197082519531,188.73570251464844,11.803054809570312
3.77,374.5614013671875,188.49830627441406,10.672218322753906
3.78,375.6968994140625,188.2440185546875,9.098470687866211
3.79,376.8209533691406,187.9747314453125,7.948787689208984
3.8,377.97491455078125,187.7097930908203,6.8273773193359375
3.81,379.1224670410156,187.429931640625,5.451526641845703
3.82,380.2756652832031,187.1511993408203,5.121699333190918
3.83,381.43341064453125,186.85987854003906,3.4725637435913086
3.84,382.5909118652344,186.56307983398438,2.7469444274902344
3.85,383.76568603515625,186.2599334716797,1.135502815246582
3.86,384.95892333984375,185.96083068847656,0.5135431885719299
3.87,386.15240478515625,185.6517333984375,-0.6832579970359802
3.88,387.34783935546875,185.3411865234375,-1.107320785522461
3.89,388.5476989746094,185.03253173828125,-1.3052177429199219
3.9,389.7471923828125,184.71194458007812,-2.6716437339782715
3.91,390.96051025390625,184.3956298828125,-3.0580129623413086
3.92,392.1675109863281,184.06581115722656,-4.3113555908203125
3.93,393.39306640625,183.7281951904297,-6.120693206787109
3.94,394.6221618652344,183.37777709960938,-7.760404586791992
3.95,395.8636474609375,183.0177001953125,-9.484929084777832
3.96,397.0977478027344,182.65029907226562,-10.088042259216309
3.97,398.3442687988281,182.28079223632812,-11.058675765991211
3.98,399.5941162109375,181.90464782714844,-12.076428413391113
3.99,400.85150146484375,181.52291870117188,-13.178993225097656
4,402.10186767578125,181.13751220703125,-13.442854881286621
4.01,403.35247802734375,180.7432861328125,-14.545419692993164
4.02,404.60699462890625,180.34771728515625,-15.063719749450684
4.03,405.8671875,179.94964599609375,-15.779915809631348
4.04,407.12213134765625,179.5453338623047,-16.383028030395508
4.05,408.38946533203125,179.1429901123047,-16.948444366455078
4.06,409.65948486328125,178.73912048339844,-17.429048538208008
4.07,410.9303283691406,178.33724975585938,-17.476167678833008
4.08,412.196533203125,177.9335479736328,-17.664640426635742
4.09,413.4833068847656,177.5358123779297,-18.182939529418945
4.1,414.77532958984375,177.14231872558594,-18.192363739013672
4.11,416.06707763671875,176.75006103515625,-18.258329391479492
4.12,417.3857421875,176.3616180419922,-19.257234573364258
4.13,418.6910705566406,175.96620178222656,-19.568214416503906
4.14,420.02410888671875,175.58448791503906,-19.60590934753418
4.15,421.3836364746094,175.21226501464844,-20.00170135498047
4.16,422.7303771972656,174.83351135253906,-20.28441047668457
4.17,424.1011657714844,174.46438598632812,-20.557695388793945
4.18,425.4647521972656,174.09149169921875,-20.802709579467773
4.19,426.8443603515625,173.72164916992188,-21.377552032470703
4.2,428.2387390136719,173.35989379882812,-21.38697624206543
4.21,429.627197265625,172.99583435058594,-21.537752151489258
4.22,431.0279541015625,172.6368865966797,-21.73564910888672
4.23,432.4347839355469,172.27915954589844,-22.046628952026367
4.24,433.8299255371094,171.91551208496094,-22.31049156188965
4.25,435.2222595214844,171.54685974121094,-22.866483688354492
4.26,436.6162414550781,171.17945861816406,-22.98899269104004
4.27,438.0011291503906,170.8090362548828,-23.07380485534668
4.28,439.404296875,170.4462127685547,-23.271699905395508
4.29,440.8218994140625,170.08921813964844,-23.479021072387695
4.3,442.2501525878906,169.73704528808594,-23.620376586914062
4.31,443.68646240234375,169.3891143798828,-23.705188751220703
4.32,445.1251525878906,169.04241943359375,-23.84654426574707
4.33,446.5803527832031,168.70236206054688,-24.0444393157959
4.34,448.0404357910156,168.3644561767578,-24.19521713256836
4.35,449.4997253417969,168.02757263183594,-24.21406364440918
4.36,450.966552734375,167.69439697265625,-24.317724227905273
4.37,452.4197082519531,167.35693359375,-24.317724227905273
4.38,453.88311767578125,167.0253448486328,-24.317724227905273
4.39,455.366455078125,166.7036895751953,-24.317724227905273
4.4,456.8354187011719,166.37733459472656,-24.3271484375
4.41,458.3270263671875,166.06199645996094,-24.3271484375
4.42,459.8237609863281,165.7503204345703,-24.317724227905273
4.43,461.31329345703125,165.43821716308594,-24.19521713256836
4.44,462.8132629394531,165.1318817138672,-24.19521713256836
4.45,464.3080139160156,164.82472229003906,-24.19521713256836
4.46,465.8047790527344,164.51976013183594,-24.19521713256836
4.47,467.2931213378906,164.21261596679688,-24.19521713256836
4.48,468.8200988769531,163.92300415039062,-24.19521713256836
4.49,470.3373107910156,163.6305694580078,-24.19521713256836
4.5,471.85394287109375,163.33917236328125,-24.19521713256836
4.51,473.3733215332031,163.0503692626953,-24.17637062072754
4.52,474.8914794921875,162.76156616210938,-24.251760482788086
4.53,476.41046142578125,162.47509765625,-24.17637062072754
4.54,477.9401550292969,162.19508361816406,-24.100980758666992
4.55,479.4654541015625,161.91537475585938,-24.006746292114258
4.56,481.0093994140625,161.6446075439453,-24.006746292114258
4.57,482.5397033691406,161.3693389892578,-24.006746292114258
4.58,484.0675964355469,161.09481811523438,-23.95020294189453
4.59,485.6202392578125,160.8321533203125,-23.903085708618164
4.6,487.1605224609375,160.5655059814453,-23.903085708618164
4.61,488.7037353515625,160.3011932373047,-23.903085708618164
4.62,490.27508544921875,160.0498809814453,-23.874813079833984
4.63,491.8553161621094,159.8032684326172,-23.874813079833984
4.64,493.4504089355469,159.5637969970703,-23.874813079833984
4.65,495.04638671875,159.3258514404297,-23.855966567993164
4.66,496.6332702636719,159.0851593017578,-23.855966567993164
4.67,498.2557373046875,158.86004638671875,-23.855966567993164
4.68,499.88104248046875,158.6370086669922,-23.855966567993164
4.69,501.5065612792969,158.41494750976562,-23.855966567993164
4.7,503.14898681640625,158.20297241210938,-23.62980079650879
4.71,504.79296875,157.9903106689453,-23.84654426574707
4.72,506.4444885253906,157.7849578857422,-23.507291793823242
4.73,508.1056213378906,157.58432006835938,-23.507291793823242
4.74,509.7696228027344,157.38565063476562,-23.507291793823242
4.75,511.4204406738281,157.18238830566406,-23.507291793823242
4.76,513.09228515625,156.98922729492188,-23.431903839111328
4.77,514.7630615234375,156.79635620117188,-23.431903839111328
4.78,516.4266967773438,156.601318359375,-23.431903839111328
4.79,518.110107421875,156.41505432128906,-23.431903839111328
4.8,519.7984008789062,156.2314910888672,-23.431903839111328
4.81,521.4727783203125,156.04299926757812,-23.431903839111328
4.82,523.1460571289062,155.85525512695312,-23.38478660583496
4.83,524.8370971679688,155.6759033203125,-23.33766746520996
4.84,526.5216674804688,155.49488830566406,-23.309396743774414
4.85,528.2193603515625,155.32107543945312,-23.186887741088867
4.86,529.9186401367188,155.14903259277344,-23.1397705078125
4.87,531.6087646484375,154.9739227294922,-23.1397705078125
4.88,533.309326171875,154.80368041992188,-23.1397705078125
4.89,535.0094604492188,154.63504028320312,-23.026687622070312
4.9,536.6976928710938,154.46290588378906,-22.960721969604492
4.91,538.4120483398438,154.30123901367188,-23.026687622070312
4.92,540.1307983398438,154.14256286621094,-22.960721969604492
4.93,541.86474609375,153.9905548095703,-22.960721969604492
4.94,543.6050415039062,153.84173583984375,-22.951297760009766
4.95,545.3563842773438,153.69808959960938,-22.932451248168945
4.96,547.10791015625,153.55520629882812,-22.913602828979492
4.97,548.8759765625,153.4221649169922,-22.640317916870117
4.98,550.6613159179688,153.29644775390625,-22.640317916870117
4.99,552.456298828125,153.17501831054688,-22.640317916870117
5,554.2438354492188,153.0513458251953,-22.61204719543457
5.01,556.0520629882812,152.9365692138672,-22.583776473999023
5.02,557.8678588867188,152.82518005371094,-22.583776473999023
5.03,559.6823120117188,152.71372985839844,-22.57435417175293
5.04,561.4962158203125,152.60247802734375,-22.56492805480957
5.05,563.3184204101562,152.49508666992188,-22.54608154296875
5.06,565.1461791992188,152.39022827148438,-22.54608154296875
5.07,566.9739990234375,152.28590393066406,-22.52723503112793
5.08,568.8135375976562,152.1867218017578,-22.508386611938477
5.09,570.6407470703125,152.0835418701172,-22.451845169067383
5.1,572.4631958007812,151.97882080078125,-22.451845169067383
5.11,574.3035888671875,151.88169860839844,-22.43299674987793
5.12,576.1556396484375,151.78958129882812,-22.423574447631836
5.13,578.009765625,151.69911193847656,-22.367033004760742
5.14,579.8632202148438,151.608642578125,-22.367033004760742
5.15,581.722900390625,151.5208740234375,-22.367033004760742
5.16,583.5797729492188,151.43228149414062,-22.367033004760742
5.17,585.4669189453125,151.35586547851562,-22.367033004760742
5.18,587.3484497070312,151.27783203125,-22.32933807373047
5.19,589.2154541015625,151.19430541992188,-22.32933807373047
5.2,591.0921630859375,151.11422729492188,-22.385881423950195
5.21,592.9653930664062,151.0335693359375,-22.32933807373047
5.22,594.8453979492188,150.9566650390625,-22.244524002075195
5.23,596.7391967773438,150.88534545898438,-22.244524002075195
5.24,598.6349487304688,150.81536865234375,-22.206830978393555
5.25,600.5465087890625,150.7517547607422,-22.206830978393555
5.26,602.4647827148438,150.69271850585938,-22.027780532836914
5.27,604.3849487304688,150.63400268554688,-22.08432388305664
5.28,606.2918701171875,150.57080078125,-22.027780532836914
5.29,608.222900390625,150.51800537109375,-21.942968368530273
5.3,610.1613159179688,150.468505859375,-21.914697647094727
5.31,612.1016235351562,150.42105102539062,-21.792192459106445
5.32,614.041748046875,150.3736114501953,-21.792192459106445
5.33,615.99755859375,150.33116149902344,-21.914697647094727
5.34,617.9579467773438,150.2921600341797,-21.75449562072754
5.35,619.9263916015625,150.25634765625,-21.75449562072754
5.36,621.8917846679688,150.21939086914062,-21.75449562072754
5.37,623.8762817382812,150.1898956298828,-21.75449562072754
5.38,625.8486938476562,150.1557159423828,-21.75449562072754
5.39,627.8319091796875,150.12583923339844,-21.745073318481445
5.4,629.8113403320312,150.09573364257812,-21.62256622314453
5.41,631.8133544921875,150.07440185546875,-21.62256622314453
5.42,633.8038330078125,150.04869079589844,-21.613142013549805
5.43,635.8057861328125,150.02740478515625,-21.613142013549805
5.44,637.8121948242188,150.00831604003906,-21.566024780273438
5.45,639.824462890625,149.99176025390625,-21.537752151489258
5.46,641.8322143554688,149.973388671875,-21.537752151489258
5.47,643.8555297851562,149.9614715576172,-21.49063491821289
5.48,645.8763427734375,149.94805908203125,-21.537752151489258
5.49,647.89111328125,149.93228149414062,-21.537752151489258
5.5,649.9151611328125,149.9202423095703,-21.518905639648438
5.51,651.9471435546875,149.91232299804688,-21.40582275390625
5.52,653.9710083007812,149.90121459960938,-21.40582275390625
5.53,655.9916381835938,149.8889923095703,-21.38697624206543
5.54,658.0076904296875,149.8749542236328,-21.38697624206543
5.55,660.035888671875,149.86553955078125,-21.38697624206543
5.56,662.0747680664062,149.86016845703125,-21.38697624206543
5.57,664.0985717773438,149.85015869140625,-21.264467239379883
5.58,666.1317138671875,149.8440399169922,-21.226774215698242
5.59,668.165771484375,149.8382110595703,-21.226774215698242
5.6,670.2188720703125,149.840576171875,-21.132535934448242
5.61,672.2798461914062,149.84642028808594,-21.07599449157715
5.62,674.3402709960938,149.8513641357422,-21.132535934448242
5.63,676.3862915039062,149.85064697265625,-21.132535934448242
5.64,678.4387817382812,149.85289001464844,-21.07599449157715
5.65,680.5137329101562,149.86489868164062,-20.953489303588867
5.66,682.588134765625,149.8765411376953,-20.953489303588867
5.67,684.6557006835938,149.8856964111328,-20.92521858215332
5.68,686.7108764648438,149.89007568359375,-20.91579246520996
5.69,688.7822875976562,149.90093994140625,-20.87809944152832
5.7,690.8643188476562,149.91574096679688,-20.87809944152832
5.71,692.9624633789062,149.93704223632812,-20.83098030090332
5.72,695.0460205078125,149.9525909423828,-20.83098030090332
5.73,697.144287109375,149.9737091064453,-20.821557998657227
5.74,699.2461547851562,149.9968719482422,-20.736745834350586
5.75,701.3396606445312,150.0166778564453,-20.736745834350586
5.76,703.4353637695312,150.03741455078125,-20.708473205566406
5.77,705.5220336914062,150.05455017089844,-20.708473205566406
5.78,707.6171875,150.07533264160156,-20.651931762695312
5.79,709.7243041992188,150.10052490234375,-20.651931762695312
5.8,711.819580078125,150.1210174560547,-20.651931762695312
5.81,713.9512939453125,150.15521240234375,-20.651931762695312
5.82,716.0682373046875,150.18405151367188,-20.604814529418945
5.83,718.1873168945312,150.2135009765625,-20.604814529418945
5.84,720.3147583007812,150.24632263183594,-20.567119598388672
5.85,722.4288940429688,150.27386474609375,-20.567119598388672
5.86,724.5374755859375,150.29910278320312,-20.567119598388672
5.87,726.6712646484375,150.334228515625,-20.520002365112305
5.88,728.8085327148438,150.37045288085938,-20.520002365112305
5.89,730.9366455078125,150.4043731689453,-20.378646850585938
5.9,733.0507202148438,150.432861328125,-20.36922264099121
5.91,735.2158813476562,150.4810333251953,-20.32210350036621
5.92,737.3662109375,150.5236053466797,-20.293832778930664
5.93,739.5087890625,150.56268310546875,-20.32210350036621
5.94,741.6505737304688,150.60153198242188,-20.293832778930664
5.95,743.8042602539062,150.6446533203125,-20.293832778930664
5.96,745.9494018554688,150.6844024658203,-20.28441047668457
5.97,748.0867919921875,150.72154235839844,-20.227869033813477
5.98,750.2485961914062,150.76791381835938,-20.209020614624023
5.99,752.397705078125,150.809326171875,-20.19959831237793
6,754.5432739257812,150.84942626953125,-20.171327590942383
6.01,756.6922607421875,150.89060974121094,-20.171327590942383
6.02,758.8439331054688,150.9330596923828,-20.124208450317383
6.03,760.9998168945312,150.97723388671875,-20.08651351928711
6.04,763.1563110351562,151.02139282226562,-20.08651351928711
6.05,765.3021850585938,151.06187438964844,-20.029972076416016
6.06,767.4578857421875,151.10581970214844,-20.029972076416016
6.07,769.5994873046875,151.14439392089844,-20.011125564575195
6.08,771.74169921875,151.1833953857422,-19.973430633544922
6.09,773.89306640625,151.22561645507812,-19.973430633544922
6.1,776.05908203125,151.2731475830078,-19.973430633544922
6.11,778.2166137695312,151.3172149658203,-19.973430633544922
6.12,780.3859252929688,151.36569213867188,-19.9545841217041
6.13,782.5397338867188,151.408447265625,-19.916887283325195
6.14,784.6976928710938,151.45254516601562,-19.916887283325195
6.15,786.8772583007812,151.5045623779297,-19.916887283325195
6.16,789.0462036132812,151.5540008544922,-19.747262954711914
6.17,791.2206420898438,151.6052703857422,-19.747262954711914
6.18,793.3802490234375,151.65115356445312,-19.700143814086914
6.19,795.5426025390625,151.6983184814453,-19.653026580810547
6.2,797.7258911132812,151.75418090820312,-19.549367904663086
6.21,799.8978271484375,151.8054962158203,-19.549367904663086
6.22,802.0648193359375,151.85496520996094,-19.52109718322754
6.23,804.24853515625,151.91021728515625,-19.549367904663086
6.24,806.4299926757812,151.96463012695312,-19.52109718322754
6.25,808.5966796875,152.01303100585938,-19.53994369506836
6.26,810.77099609375,152.06405639648438,-19.53994369506836
6.27,812.9494018554688,152.1165771484375,-19.52109718322754
6.28,815.1185913085938,152.1655731201172,-19.502248764038086
6.29,817.2989501953125,152.21897888183594,-19.455129623413086
6.3,819.4855346679688,152.27456665039062,-19.445707321166992
6.31,821.6607666015625,152.3256378173828,-19.445707321166992
6.32,823.846435546875,152.38038635253906,-19.445707321166992
6.33,826.0242309570312,152.4319305419922,-19.445707321166992
6.34,828.20263671875,152.4839324951172,-19.398588180541992
6.35,830.389404296875,152.538818359375,-19.398588180541992
6.36,832.56201171875,152.5883026123047,-19.379741668701172
6.37,834.7464599609375,152.6420135498047,-19.379741668701172
6.38,836.9252319335938,152.69427490234375,-19.285505294799805
6.39,839.0982666015625,152.74415588378906,-19.285505294799805
6.4,841.2867431640625,152.79957580566406,-19.285505294799805
6.41,843.4736938476562,152.8541717529297,-19.285505294799805
6.42,845.6626586914062,152.9102020263672,-19.19127082824707
6.43,847.8494262695312,152.9652557373047,-19.18184471130371
6.44,850.0360717773438,153.02001953125,-19.18184471130371
6.45,852.2191162109375,153.07376098632812,-19.125303268432617
6.46,854.4231567382812,153.13511657714844,-19.125303268432617
6.47,856.6109008789062,153.19009399414062,-19.125303268432617
6.48,858.7978515625,153.24452209472656,-19.125303268432617
6.49,860.9847412109375,153.29876708984375,-19.115880966186523
6.5,863.175048828125,153.35443115234375,-19.078184127807617
6.51,865.3568725585938,153.4066619873047,-19.078184127807617
6.52,867.5379028320312,153.4599609375,-18.917984008789062
6.53,869.7301635742188,153.5172119140625,-18.917984008789062
6.54,871.9174194335938,153.5723419189453,-18.917984008789062
6.55,874.0968627929688,153.62442016601562,-18.908559799194336
6.56,876.2770385742188,153.67652893066406,-18.908559799194336
6.57,878.4467163085938,153.72463989257812,-18.889711380004883
6.58,880.63818359375,153.78106689453125,-18.852018356323242
6.59,882.8154907226562,153.8315887451172,-18.889711380004883
6.6,884.9907836914062,153.88174438476562,-18.823747634887695
6.61,887.18994140625,153.9407958984375,-18.804899215698242
6.62,889.3756713867188,153.99485778808594,-18.776628494262695
6.63,891.5634765625,154.04946899414062,-18.776628494262695
6.64,893.7546997070312,154.10513305664062,-18.776628494262695
6.65,895.9326171875,154.15602111816406,-18.729511260986328
6.66,898.1287841796875,154.21351623535156,-18.729511260986328
6.67,900.3143310546875,154.26708984375,-18.70124053955078
6.68,902.4893188476562,154.31649780273438,-18.70124053955078
6.69,904.677001953125,154.37042236328125,-18.70124053955078
6.7,906.8555297851562,154.4207000732422,-18.70124053955078
6.71,909.0418090820312,154.47364807128906,-18.70124053955078
6.72,911.2280883789062,154.5267333984375,-18.663545608520508
6.73,913.4200439453125,154.58187866210938,-18.644697189331055
6.74,915.5964965820312,154.63148498535156,-18.597579956054688
6.75,917.7730102539062,154.6818389892578,-18.50334358215332
6.76,919.9600830078125,154.7359161376953,-18.50334358215332
6.77,922.1359252929688,154.78558349609375,-18.50334358215332
6.78,924.3048095703125,154.83253479003906,-18.493921279907227
6.79,926.4934692382812,154.8866424560547,-18.493921279907227
6.8,928.6688232421875,154.93592834472656,-18.45622444152832
6.81,930.8505859375,154.98739624023438,-18.45622444152832
6.82,933.0245971679688,155.037109375,-18.324295043945312
6.83,935.1937866210938,155.08499145507812,-18.305448532104492
6.84,937.3701171875,155.13514709472656,-18.324295043945312
6.85,939.5352783203125,155.18093872070312,-18.324295043945312
6.86,941.716796875,155.2327880859375,-18.305448532104492
6.87,943.8821411132812,155.27841186523438,-18.305448532104492
6.88,946.037841796875,155.3202362060547,-18.305448532104492
6.89,948.2070922851562,155.36692810058594,-18.305448532104492
6.9,950.393310546875,155.4198455810547,-18.296024322509766
6.91,952.5697631835938,155.46908569335938,-18.277177810668945
6.92,954.7442016601562,155.51736450195312,-18.277177810668945
6.93,956.9152221679688,155.5643768310547,-18.258329391479492
6.94,959.0842895507812,155.61045837402344,-18.258329391479492
6.95,961.2499389648438,155.65516662597656,-18.2489070892334
6.96,963.4087524414062,155.69712829589844,-18.2489070892334
6.97,965.5789794921875,155.74346923828125,-18.22063446044922
6.98,967.7423095703125,155.7869415283203,-18.230058670043945
6.99,969.9142456054688,155.8335418701172,-18.22063446044922
7,972.0772094726562,155.87660217285156,-18.22063446044922
7.01,974.250244140625,155.923583984375,-18.182939529418945
7.02,976.4241333007812,155.97068786621094,-18.182939529418945
7.03,978.5960083007812,156.01771545410156,-18.098127365112305
7.04,980.7581787109375,156.06094360351562,-18.098127365112305
7.05,982.9043579101562,156.09841918945312,-18.060434341430664
7.06,985.088134765625,156.15008544921875,-18.022737503051758
7.07,987.256591796875,156.19619750976562,-17.985044479370117
7.08,989.416015625,156.23880004882812,-17.985044479370117
7.09,991.5770874023438,156.28201293945312,-17.966196060180664
7.1,993.728515625,156.32147216796875,-17.966196060180664
7.11,995.8802490234375,156.36181640625,-17.87196159362793
7.12,998.044921875,156.40689086914062,-17.86253547668457
7.13,1000.195068359375,156.4466552734375,-17.834264755249023
7.14,1002.3412475585938,156.48480224609375,-17.834264755249023
7.15,1004.4891357421875,156.5236053466797,-17.815418243408203
7.16,1006.6493530273438,156.56700134277344,-17.796571731567383
7.17,1008.797119140625,156.605712890625,-17.787147521972656
7.18,1010.9557495117188,156.6484832763672,-17.768301010131836
7.19,1013.1217041015625,156.6938018798828,-17.768301010131836
7.2,1015.2802124023438,156.736328125,-17.749452590942383
7.21,1017.4305419921875,156.77621459960938,-17.69291114807129
7.22,1019.5741577148438,156.81362915039062,-17.67406463623047
7.23,1021.7216186523438,156.85243225097656,-17.664640426635742
7.24,1023.8574829101562,156.88674926757812,-17.664640426635742
7.25,1025.98876953125,156.9192352294922,-17.664640426635742
7.26,1028.11767578125,156.95095825195312,-17.636369705200195
7.27,1030.260986328125,156.98794555664062,-17.636369705200195
7.28,1032.390625,157.01988220214844,-17.617523193359375
7.29,1034.525634765625,157.0536651611328,-17.617523193359375
7.3,1036.6632080078125,157.08853149414062,-17.589250564575195
7.31,1038.800537109375,157.12313842773438,-17.589250564575195
7.32,1040.9339599609375,157.15647888183594,-17.56097984313965
7.33,1043.06005859375,157.18722534179688,-17.5327091217041
7.34,1045.1795654296875,157.21539306640625,-17.5327091217041
7.35,1047.30517578125,157.24583435058594,-17.523286819458008
7.36,1049.439697265625,157.2794647216797,-17.523286819458008
7.37,1051.5675048828125,157.31048583984375,-17.523286819458008
7.38,1053.683837890625,157.33729553222656,-17.504438400268555
7.39,1055.8006591796875,157.36521911621094,-17.400779724121094
7.4,1057.9173583984375,157.39210510253906,-17.485591888427734
7.41,1060.0380859375,157.42189025878906,-17.334814071655273
7.42,1062.156494140625,157.45069885253906,-17.334814071655273
7.43,1064.2796630859375,157.4811553955078,-17.334814071655273
7.44,1066.4068603515625,157.51316833496094,-17.31596565246582
7.45,1068.5203857421875,157.5399932861328,-17.31596565246582
7.46,1070.6275634765625,157.5644989013672,-17.297119140625
7.47,1072.7381591796875,157.5901641845703,-17.297119140625
7.48,1074.835205078125,157.61097717285156,-17.268848419189453
7.49,1076.94189453125,157.63534545898438,-17.268848419189453
7.5,1079.0350341796875,157.65516662597656,-17.21230697631836
7.51,1081.154296875,157.68455505371094,-17.21230697631836
7.52,1083.2601318359375,157.70936584472656,-17.155763626098633
7.53,1085.3658447265625,157.73403930664062,-17.155763626098633
7.54,1087.4736328125,157.75936889648438,-17.155763626098633
7.55,1089.57421875,157.78240966796875,-17.108646392822266
7.56,1091.6683349609375,157.80345153808594,-17.0615291595459
7.57,1093.7525634765625,157.8202667236328,-17.108646392822266
7.58,1095.8629150390625,157.84735107421875,-17.042680740356445
7.59,1097.9647216796875,157.87115478515625,-17.042680740356445
7.6,1100.07568359375,157.89805603027344,-17.0615291595459
7.61,1102.17236328125,157.91976928710938,-17.042680740356445
7.62,1104.255615234375,157.93641662597656,-17.042680740356445
7.63,1106.3388671875,157.9530029296875,-17.042680740356445
7.64,1108.4278564453125,157.97247314453125,-16.957868576049805
7.65,1110.5211181640625,157.9934539794922,-16.957868576049805
7.66,1112.6171875,158.01539611816406,-16.957868576049805
7.67,1114.6998291015625,158.0322723388672,-16.957868576049805
7.68,1116.769775390625,158.0443878173828,-16.957868576049805
7.69,1118.8355712890625,158.0552978515625,-16.92017364501953
7.7,1120.9171142578125,158.07196044921875,-16.92017364501953
7.71,1122.9874267578125,158.08523559570312,-16.83536148071289
7.72,1125.0599365234375,158.09976196289062,-16.78824234008789
7.73,1127.135498046875,158.1153106689453,-16.78824234008789
7.74,1129.197021484375,158.1256103515625,-16.78824234008789
7.75,1131.2445068359375,158.1306915283203,-16.78824234008789
7.76,1133.29931640625,158.13844299316406,-16.78824234008789
7.77,1135.3642578125,158.1501007080078,-16.76939582824707
7.78,1137.4151611328125,158.15652465820312,-16.76939582824707
7.79,1139.451416015625,158.1575927734375,-16.759971618652344
7.8,1141.504150390625,158.16505432128906,-16.731700897216797
7.81,1143.5565185546875,158.17239379882812,-16.72227668762207
7.82,1145.6033935546875,158.1776885986328,-16.72227668762207
7.83,1147.6441650390625,158.18069458007812,-16.72227668762207
7.84,1149.71923828125,158.1963653564453,-16.72227668762207
7.85,1151.7816162109375,158.20730590820312,-16.72227668762207
7.86,1153.83642578125,158.216064453125,-16.656312942504883
7.87,1155.8787841796875,158.22044372558594,-16.628042221069336
7.88,1157.9114990234375,158.22132873535156,-16.61861801147461
7.89,1159.944580078125,158.22232055664062,-16.61861801147461
7.9,1161.9744873046875,158.2221221923828,-16.61861801147461
7.91,1164.004150390625,158.2228240966797,-16.514957427978516
7.92,1166.0511474609375,158.2300567626953,-16.50553321838379
7.93,1168.09619140625,158.23658752441406,-16.50553321838379
7.94,1170.1260986328125,158.23779296875,-16.46784019470215
7.95,1172.1470947265625,158.2357177734375,-16.46784019470215
7.96,1174.1614990234375,158.23118591308594,-16.46784019470215
7.97,1176.1982421875,158.23495483398438,-16.46784019470215
7.98,1178.2247314453125,158.2349090576172,-16.46784019470215
7.99,1180.242431640625,158.23159790039062,-16.46784019470215
8,1182.2449951171875,158.22268676757812,-16.46784019470215
8.01,1184.2545166015625,158.216552734375,-16.448991775512695
8.02,1186.27001953125,158.21298217773438,-16.42072105407715
8.03,1188.277587890625,158.20643615722656,-16.42072105407715
8.04,1190.2791748046875,158.19773864746094,-16.42072105407715
8.05,1192.2947998046875,158.1943359375,-16.411298751831055
8.06,1194.30029296875,158.1880340576172,-16.32648468017578
8.07,1196.2943115234375,158.177490234375,-16.32648468017578
8.08,1198.2958984375,158.16981506347656,-16.32648468017578
8.09,1200.28955078125,158.15921020507812,-16.32648468017578
8.1,1202.2816162109375,158.1480712890625,-16.32648468017578
8.11,1204.26220703125,158.13356018066406,-16.24167251586914
8.12,1206.2569580078125,158.12442016601562,-16.232248306274414
8.13,1208.2530517578125,158.1157989501953,-16.232248306274414
8.14,1210.2440185546875,158.10533142089844,-16.232248306274414
8.15,1212.2242431640625,158.09092712402344,-16.232248306274414
8.16,1214.2186279296875,158.08187866210938,-16.22282600402832
8.17,1216.207275390625,158.0709991455078,-16.194555282592773
8.18,1218.1829833984375,158.05540466308594,-16.194555282592773
8.19,1220.1707763671875,158.0443115234375,-16.194555282592773
8.2,1222.159912109375,158.0337677001953,-16.194555282592773
8.21,1224.1483154296875,158.02296447753906,-16.194555282592773
8.22,1226.1295166015625,158.00975036621094,-16.17570686340332
8.23,1228.0965576171875,157.99131774902344,-16.17570686340332
8.24,1230.070068359375,157.97589111328125,-16.119165420532227
8.25,1232.0306396484375,157.95579528808594,-16.119165420532227
8.26,1233.98291015625,157.93264770507812,-16.119165420532227
8.27,1235.94091796875,157.91236877441406,-16.053199768066406
8.28,1237.8983154296875,157.89193725585938,-16.053199768066406
8.29,1239.84375,157.86715698242188,-16.053199768066406
8.3,1241.7772216796875,157.83831787109375,-16.02492904663086
8.31,1243.7271728515625,157.81568908691406,-16.02492904663086
8.32,1245.6744384765625,157.79225158691406,-16.015504837036133
8.33,1247.6268310546875,157.7706756591797,-16.02492904663086
8.34,1249.5645751953125,157.7438201904297,-16.015504837036133
8.35,1251.5123291015625,157.72108459472656,-15.987235069274902
8.36,1253.4510498046875,157.69508361816406,-15.987235069274902
8.37,1255.3948974609375,157.67127990722656,-15.968388557434082
8.38,1257.3282470703125,157.64369201660156,-15.968388557434082
8.39,1259.25048828125,157.61207580566406,-15.968388557434082
8.4,1261.1695556640625,157.58038330078125,-15.864727973937988
8.41,1263.094482421875,157.5512237548828,-15.845880508422852
8.42,1265.0184326171875,157.52174377441406,-15.845880508422852
8.43,1266.9376220703125,157.4905548095703,-15.855303764343262
8.44,1268.85009765625,157.45713806152344,-15.836457252502441
8.45,1270.7764892578125,157.428955078125,-15.836457252502441
8.46,1272.6904296875,157.396728515625,-15.789339065551758
8.47,1274.600341796875,157.36317443847656,-15.789339065551758
8.48,1276.497802734375,157.3251495361328,-15.789339065551758
8.49,1278.4234619140625,157.29747009277344,-15.808186531066895
8.5,1280.338134765625,157.26580810546875,-15.808186531066895
8.51,1282.242431640625,157.23045349121094,-15.808186531066895
8.52,1284.158447265625,157.20013427734375,-15.7516450881958
8.53,1286.0606689453125,157.16481018066406,-15.7516450881958
8.54,1287.9483642578125,157.12425231933594,-15.7516450881958
8.55,1289.835205078125,157.08367919921875,-15.732796669006348
8.56,1291.7344970703125,157.04827880859375,-15.69510269165039
8.57,1293.6221923828125,157.00869750976562,-15.69510269165039
8.58,1295.521728515625,156.97401428222656,-15.657408714294434
8.59,1297.4139404296875,156.93673706054688,-15.657408714294434
8.6,1299.3009033203125,156.89805603027344,-15.61971378326416
8.61,1301.179931640625,156.85655212402344,-15.61971378326416
8.62,1303.0474853515625,156.81130981445312,-15.582018852233887
8.63,1304.9205322265625,156.7684783935547,-15.563172340393066
8.64,1306.781982421875,156.72164916992188,-15.55374813079834
8.65,1308.65283203125,156.6785888671875,-15.534900665283203
8.66,1310.5277099609375,156.63729858398438,-15.525477409362793
8.67,1312.3897705078125,156.5914764404297,-15.516053199768066
8.68,1314.242431640625,156.54229736328125,-15.525477409362793
8.69,1316.0928955078125,156.49258422851562,-15.516053199768066
8.7,1317.953369140625,156.4467315673828,-15.516053199768066
8.71,1319.8209228515625,156.40431213378906,-15.450087547302246
8.72,1321.6856689453125,156.36097717285156,-15.450087547302246
8.73,1323.549560546875,156.31752014160156,-15.450087547302246
8.74,1325.4178466796875,156.2761688232422,-15.412393569946289
8.75,1327.2767333984375,156.2315216064453,-15.412393569946289
8.76,1329.1226806640625,156.18231201171875,-15.412393569946289
8.77,1330.96875,156.13357543945312,-15.384122848510742
8.78,1332.81201171875,156.08465576171875,-15.318157196044922
8.79,1334.658935546875,156.03761291503906,-15.280463218688965
8.8,1336.49462890625,155.98655700683594,-15.280463218688965
8.81,1338.3310546875,155.93600463867188,-15.280463218688965
8.82,1340.1689453125,155.8863067626953,-15.271039009094238
8.83,1341.994873046875,155.83236694335938,-15.271039009094238
8.84,1343.821044921875,155.77867126464844,-15.271039009094238
8.85,1345.64306640625,155.72364807128906,-15.271039009094238
8.86,1347.463134765625,155.66810607910156,-15.271039009094238
8.87,1349.2777099609375,155.61074829101562,-15.271039009094238
8.88,1351.0889892578125,155.55282592773438,-15.223920822143555
8.89,1352.904052734375,155.4965057373047,-15.223920822143555
8.9,1354.7071533203125,155.43612670898438,-15.214497566223145
8.91,1356.5177001953125,155.3787078857422,-15.214497566223145
8.92,1358.3250732421875,155.3202667236328,-15.214497566223145
8.93,1360.134765625,155.262939453125,-15.214497566223145
8.94,1361.9461669921875,155.20663452148438,-15.195651054382324
8.95,1363.7493896484375,155.1474609375,-15.195651054382324
8.96,1365.5543212890625,155.0891571044922,-15.195651054382324
8.97,1367.356689453125,155.03012084960938,-15.195651054382324
8.98,1369.1514892578125,154.96974182128906,-15.073143005371094
8.99,1370.94384765625,154.9076385498047,-15.176802635192871
9,1372.7386474609375,154.84771728515625,-15.073143005371094
9.01,1374.5238037109375,154.78343200683594,-15.176802635192871
9.02,1376.2979736328125,154.71531677246094,-15.176802635192871
9.03,1378.0897216796875,154.6539306640625,-15.176802635192871
9.04,1379.876220703125,154.5918426513672,-15.073143005371094
9.05,1381.6552734375,154.5276336669922,-15.035449028015137
9.06,1383.433349609375,154.46339416503906,-15.02602481842041
9.07,1385.2012939453125,154.39559936523438,-15.02602481842041
9.08,1386.9639892578125,154.32614135742188,-15.02602481842041
9.09,1388.7242431640625,154.25616455078125,-15.016600608825684
9.1,1390.475830078125,154.1832275390625,-15.016600608825684
9.11,1392.23876953125,154.11529541015625,-14.96005916595459
9.12,1394.0029296875,154.04808044433594,-14.96005916595459
9.13,1395.7569580078125,153.97735595703125,-14.96005916595459
9.14,1397.5194091796875,153.91000366210938,-14.96005916595459
9.15,1399.268798828125,153.8378448486328,-14.988329887390137
9.16,1401.0152587890625,153.76513671875,-14.96005916595459
9.17,1402.7637939453125,153.69345092773438,-14.96005916595459
9.18,1404.5023193359375,153.61842346191406,-14.95063591003418
9.19,1406.24365234375,153.54489135742188,-14.931788444519043
9.2,1407.9827880859375,153.4708251953125,-14.931788444519043
9.21,1409.723388671875,153.39781188964844,-14.903517723083496
9.22,1411.458251953125,153.32333374023438,-14.865822792053223
9.23,1413.182373046875,153.2452850341797,-14.856399536132812
9.24,1414.9073486328125,153.1680908203125,-14.82812786102295
9.25,1416.63232421875,153.09120178222656,-14.82812786102295
9.26,1418.3680419921875,153.01856994628906,-14.82812786102295
9.27,1420.09521484375,152.9430389404297,-14.82812786102295
9.28,1421.813232421875,152.86514282226562,-14.752739906311035
9.29,1423.5228271484375,152.78440856933594,-14.752739906311035
9.3,1425.231689453125,152.70375061035156,-14.752739906311035
9.31,1426.951416015625,152.62741088867188,-14.752739906311035
9.32,1428.669189453125,152.55068969726562,-14.743315696716309
9.33,1430.38427734375,152.47344970703125,-14.724469184875488
9.34,1432.0909423828125,152.39337158203125,-14.724469184875488
9.35,1433.7984619140625,152.31419372558594,-14.696197509765625
9.36,1435.4998779296875,152.23309326171875,-14.686774253845215
9.37,1437.1942138671875,152.1497344970703,-14.686774253845215
9.38,1438.8880615234375,152.06680297851562,-14.658503532409668
9.39,1440.5865478515625,151.98594665527344,-14.649079322814941
9.4,1442.2996826171875,151.9108428955078,-14.639656066894531
9.41,1444.0008544921875,151.83160400390625,-14.639656066894531
9.42,1445.69287109375,151.7493133544922,-14.639656066894531
9.43,1447.37939453125,151.6653289794922,-14.639656066894531
9.44,1449.0648193359375,151.58123779296875,-14.639656066894531
9.45,1450.7520751953125,151.498291015625,-14.620808601379395
9.46,1452.4267578125,151.41102600097656,-14.620808601379395
9.47,1454.0968017578125,151.32237243652344,-14.620808601379395
9.48,1455.7635498046875,151.23324584960938,-14.583113670349121
9.49,1457.4315185546875,151.1449737548828,-14.573690414428711
9.5,1459.1007080078125,151.05770874023438,-14.545419692993164
9.51,1460.7681884765625,150.9705047607422,-14.50772476196289
9.52,1462.4267578125,150.88035583496094,-14.50772476196289
9.53,1464.0828857421875,150.78945922851562,-14.526572227478027
9.54,1465.73095703125,150.6959228515625,-14.526572227478027
9.55,1467.3837890625,150.60459899902344,-14.5171480178833
9.56,1469.027099609375,150.5102081298828,-14.50772476196289
9.57,1470.673828125,150.41769409179688,-14.47945499420166
9.58,1472.336181640625,150.3312530517578,-14.47945499420166
9.59,1473.9918212890625,150.24267578125,-14.47945499420166
9.6,1475.65380859375,150.15672302246094,-14.47945499420166
9.61,1477.3077392578125,150.06822204589844,-14.470030784606934
9.62,1478.962890625,149.9807891845703,-14.441760063171387
9.63,1480.6048583984375,149.88894653320312,-14.43233585357666
9.64,1482.2425537109375,149.79591369628906,-14.422911643981934
9.65,1483.87939453125,149.70321655273438,-14.394640922546387
9.66,1485.50830078125,149.6081085205078,-14.375794410705566
9.67,1487.14794921875,149.5173797607422,-14.36637020111084
9.68,1488.77880859375,149.42379760742188,-14.36637020111084
9.69,1490.4154052734375,149.3326416015625,-14.36637020111084
9.7,1492.0433349609375,149.2386474609375,-14.36637020111084
9.71,1493.6741943359375,149.14633178710938,-14.338099479675293
9.72,1495.3043212890625,149.05426025390625,-14.319252967834473
9.73,1496.9237060546875,148.95877075195312,-14.30040454864502
9.74,1498.5380859375,148.86141967773438,-14.338099479675293
9.75,1500.1395263671875,148.76007080078125,-14.30040454864502
9.76,1501.73388671875,148.65696716308594,-14.253287315368652
9.77,1503.316162109375,148.54981994628906,-14.253287315368652
9.78,1504.895751953125,148.44207763671875,-14.253287315368652
9.79,1506.500732421875,148.3444061279297,-14.215592384338379
9.8,1508.10009765625,148.2450408935547,-14.215592384338379
9.81,1509.6995849609375,148.14608764648438,-14.215592384338379
9.82,1511.2943115234375,148.04571533203125,-14.215592384338379
9.83,1512.8841552734375,147.94393920898438,-14.215592384338379
9.84,1514.4749755859375,147.84286499023438,-14.215592384338379
9.85,1516.056640625,147.73890686035156,-14.206168174743652
9.86,1517.6407470703125,147.63621520996094,-14.206168174743652
9.87,1519.2156982421875,147.53094482421875,-14.168475151062012
9.88,1520.791015625,147.42578125,-14.206168174743652
9.89,1522.3701171875,147.32281494140625,-14.168475151062012
9.9,1523.9525146484375,147.22166442871094,-14.140203475952148
9.91,1525.5257568359375,147.11766052246094,-14.130780220031738
9.92,1527.08935546875,147.0104522705078,-14.130780220031738
9.93,1528.6575927734375,146.9058380126953,-14.083662033081055
9.94,1530.234130859375,146.8046417236328,-14.083662033081055
9.95,1531.7987060546875,146.69944763183594,-14.083662033081055
9.96,1533.3529052734375,146.5908203125,-14.083662033081055
9.97,1534.913330078125,146.48504638671875,-14.064814567565918
9.98,1536.47265625,146.37918090820312,-14.074238777160645
9.99,1538.0367431640625,146.27572631835938,-14.045967102050781
10,1539.5889892578125,146.16830444335938,-14.045967102050781
10.01,1541.1402587890625,146.06149291992188,-13.989424705505371
10.02,1542.681884765625,145.95155334472656,-13.989424705505371
10.03,1544.2283935546875,145.84388732910156,-13.980002403259277
10.04,1545.7884521484375,145.7416534423828,-13.97057819366455
10.05,1547.3388671875,145.63626098632812,-13.97057819366455
10.06,1548.8797607421875,145.52774047851562,-13.97057819366455
10.07,1550.4168701171875,145.41824340820312,-13.97057819366455
10.08,1551.9473876953125,145.30718994140625,-13.923460006713867
10.09,1553.476318359375,145.1959686279297,-13.923460006713867
10.1,1555.0072021484375,145.08590698242188,-13.923460006713867
10.11,1556.5386962890625,144.97647094726562,-13.923460006713867
10.12,1558.06787109375,144.86669921875,-13.914036750793457
10.13,1559.5933837890625,144.75596618652344,-13.914036750793457
10.14,1561.1116943359375,144.64315795898438,-13.895188331604004
10.15,1562.6458740234375,144.53656005859375,-13.895188331604004
10.16,1564.1697998046875,144.4267120361328,-13.885765075683594
10.17,1565.68212890625,144.31321716308594,-13.866917610168457
10.18,1567.188720703125,144.1978302001953,-13.885765075683594
10.19,1568.68310546875,144.07859802246094,-13.866917610168457
10.2,1570.1934814453125,143.96591186523438,-13.83864688873291
10.21,1571.7017822265625,143.85305786132812,-13.81980037689209
10.22,1573.199951171875,143.7369384765625,-13.81980037689209
10.23,1574.69970703125,143.62217712402344,-13.782105445861816
10.24,1576.2025146484375,143.50892639160156,-13.782105445861816
10.25,1577.6944580078125,143.39234924316406,-13.76325798034668
10.26,1579.193115234375,143.27842712402344,-13.782105445861816
10.27,1580.6982421875,143.16734313964844,-13.782105445861816
10.28,1582.1962890625,143.05426025390625,-13.76325798034668
10.29,1583.691650390625,142.94076538085938,-13.744410514831543
10.3,1585.17919921875,142.8247528076172,-13.75383472442627
10.31,1586.6546630859375,142.704833984375,-13.744410514831543
10.32,1588.1383056640625,142.5883331298828,-13.744410514831543
10.33,1589.6229248046875,142.4726104736328,-13.744410514831543
10.34,1591.1011962890625,142.3551025390625,-13.734987258911133
10.35,1592.5791015625,142.23841857910156,-13.678445816040039
10.36,1594.0506591796875,142.119873046875,-13.678445816040039
10.37,1595.5196533203125,142.0008087158203,-13.678445816040039
10.38,1596.9853515625,141.88125610351562,-13.650174140930176
10.39,1598.45068359375,141.76219177246094,-13.631327629089355
10.4,1599.906982421875,141.64024353027344,-13.631327629089355
10.41,1601.3563232421875,141.51605224609375,-13.650174140930176
10.42,1602.80029296875,141.39035034179688,-13.650174140930176
10.43,1604.241943359375,141.2644805908203,-13.621903419494629
10.44,1605.67236328125,141.13502502441406,-13.621903419494629
10.45,1607.111328125,141.00912475585938,-13.621903419494629
10.46,1608.5657958984375,140.8897705078125,-13.584209442138672
10.47,1610.019287109375,140.77047729492188,-13.584209442138672
10.48,1611.46240234375,140.6478271484375,-13.584209442138672
10.49,1612.8995361328125,140.52342224121094,-13.584209442138672
10.5,1614.332763671875,140.3980712890625,-13.584209442138672
10.51,1615.7650146484375,140.2728271484375,-13.584209442138672
10.52,1617.187744140625,140.14454650878906,-13.584209442138672
10.53,1618.614013671875,140.01829528808594,-13.555937767028809
10.54,1620.040771484375,139.89297485351562,-13.527667045593262
10.55,1621.45654296875,139.7642059326172,-13.518243789672852
10.56,1622.87646484375,139.63754272460938,-13.508820533752441
10.57,1624.2913818359375,139.5095672607422,-13.499396324157715
10.58,1625.71630859375,139.38560485839844,-13.508820533752441
10.59,1627.13818359375,139.2609100341797,-13.518243789672852
10.6,1628.54833984375,139.13250732421875,-13.508820533752441
10.61,1629.9564208984375,139.00387573242188,-13.499396324157715
10.62,1631.355712890625,138.87252807617188,-13.499396324157715
10.63,1632.7550048828125,138.74176025390625,-13.489973068237305
10.64,1634.1507568359375,138.6107177734375,-13.433430671691895
10.65,1635.557373046875,138.48411560058594,-13.433430671691895
10.66,1636.9619140625,138.35719299316406,-13.433430671691895
10.67,1638.357666015625,138.22767639160156,-13.424007415771484
10.68,1639.7593994140625,138.1007537841797,-13.424007415771484
10.69,1641.15380859375,137.97166442871094,-13.424007415771484
10.7,1642.559326171875,137.84732055664062,-13.395736694335938
10.71,1643.9569091796875,137.72055053710938,-13.395736694335938
10.72,1645.343017578125,137.59005737304688,-13.395736694335938
10.73,1646.7197265625,137.4568328857422,-13.3768892288208
10.74,1648.1082763671875,137.32838439941406,-13.3768892288208
10.75,1649.48681640625,137.19674682617188,-13.3768892288208
10.76,1650.874267578125,137.06883239746094,-13.3768892288208
10.77,1652.2509765625,136.9380340576172,-13.320347785949707
10.78,1653.6185302734375,136.8043670654297,-13.320347785949707
10.79,1654.9754638671875,136.66751098632812,-13.30150032043457
10.8,1656.34423828125,136.53565979003906,-13.282652854919434
10.81,1657.7088623046875,136.40298461914062,-13.263805389404297
10.82,1659.0738525390625,136.27088928222656,-13.263805389404297
10.83,1660.4310302734375,136.13658142089844,-13.254382133483887
10.84,1661.789306640625,136.00314331054688,-13.254382133483887
10.85,1663.14208984375,135.86819458007812,-13.254382133483887
10.86,1664.501708984375,135.73643493652344,-13.23553466796875
10.87,1665.856689453125,135.60342407226562,-13.23553466796875
10.88,1667.2164306640625,135.4730682373047,-13.188416481018066
10.89,1668.5677490234375,135.34014892578125,-13.188416481018066
10.9,1669.91943359375,135.20758056640625,-13.216687202453613
10.91,1671.2606201171875,135.0719451904297,-13.188416481018066
10.92,1672.6087646484375,134.9391632080078,-13.207263946533203
10.93,1673.9544677734375,134.80613708496094,-13.188416481018066
10.94,1675.303466796875,134.6750946044922,-13.16014575958252
10.95,1676.6478271484375,134.54273986816406,-13.16956901550293
10.96,1677.9862060546875,134.40866088867188,-13.16956901550293
10.97,1679.330078125,134.27708435058594,-13.16956901550293
10.98,1680.6656494140625,134.14300537109375,-13.16956901550293
10.99,1681.9959716796875,134.007568359375,-13.16014575958252
11,1683.3333740234375,133.8751983642578,-13.16014575958252
11.01,1684.6676025390625,133.74217224121094,-13.16014575958252
11.02,1685.991455078125,133.60586547851562,-13.16014575958252
11.03,1687.319580078125,133.4718475341797,-13.131875038146973
11.04,1688.64453125,133.3372039794922,-13.131875038146973
11.05,1689.959228515625,133.19931030273438,-13.131875038146973
11.06,1691.263671875,133.05819702148438,-13.131875038146973
11.07,1692.5782470703125,132.92193603515625,-13.065909385681152
11.08,1693.8956298828125,132.7871856689453,-13.065909385681152
11.09,1695.2086181640625,132.6514129638672,-13.056485176086426
11.1,1696.519287109375,132.51541137695312,-13.047062873840332
11.11,1697.8262939453125,132.37857055664062,-13.047062873840332
11.12,1699.1259765625,132.2395782470703,-13.047062873840332
11.13,1700.419189453125,132.09872436523438,-13.047062873840332
11.14,1701.7103271484375,131.95790100097656,-13.018791198730469
11.15,1702.994873046875,131.8152313232422,-13.018791198730469
11.16,1704.283203125,131.67422485351562,-13.037638664245605
11.17,1705.5679931640625,131.5326385498047,-13.018791198730469
11.18,1706.8477783203125,131.39013671875,-12.981097221374512
11.19,1708.126953125,131.2473602294922,-13.037638664245605
11.2,1709.40478515625,131.10519409179688,-12.981097221374512
11.21,1710.6871337890625,130.96527099609375,-12.971673011779785
11.22,1711.966064453125,130.8247833251953,-12.952825546264648
11.23,1713.24072265625,130.68336486816406,-12.943402290344238
11.24,1714.514892578125,130.5423583984375,-12.933978080749512
11.25,1715.7921142578125,130.40298461914062,-12.933978080749512
11.26,1717.0673828125,130.26339721679688,-12.933978080749512
11.27,1718.336181640625,130.12193298339844,-12.943402290344238
11.28,1719.614013671875,129.98440551757812,-12.924554824829102
11.29,1720.88330078125,129.84410095214844,-12.943402290344238
11.3,1722.1484375,129.70281982421875,-12.943402290344238
11.31,1723.4189453125,129.56398010253906,-12.943402290344238
11.32,1724.6824951171875,129.4232940673828,-12.924554824829102
11.33,1725.941162109375,129.28147888183594,-12.915131568908691
11.34,1727.1900634765625,129.1371612548828,-12.858589172363281
11.35,1728.4356689453125,128.99217224121094,-12.858589172363281
11.36,1729.6851806640625,128.8495330810547,-12.820895195007324
11.37,1730.934326171875,128.70700073242188,-12.849165916442871
11.38,1732.1744384765625,128.56170654296875,-12.849165916442871
11.39,1733.4207763671875,128.41946411132812,-12.820895195007324
11.4,1734.665283203125,128.27682495117188,-12.849165916442871
11.41,1735.9072265625,128.13426208496094,-12.802047729492188
11.42,1737.1468505859375,127.99132537841797,-12.802047729492188
11.43,1738.376708984375,127.84519958496094,-12.820895195007324
11.44,1739.625244140625,127.70673370361328,-12.78320026397705
11.45,1740.8741455078125,127.56892395019531,-12.78320026397705
11.46,1742.1204833984375,127.43071746826172,-12.78320026397705
11.47,1743.36083984375,127.2909927368164,-12.76435375213623
11.48,1744.6038818359375,127.1527328491211,-12.76435375213623
11.49,1745.8421630859375,127.01339721679688,-12.754929542541504
11.5,1747.074462890625,126.87238311767578,-12.754929542541504
11.51,1748.298583984375,126.72891235351562,-12.754929542541504
11.52,1749.51611328125,126.58353424072266,-12.754929542541504
11.53,1750.73486328125,126.43916320800781,-12.754929542541504
11.54,1751.96728515625,126.30035400390625,-12.745506286621094
11.55,1753.1929931640625,126.15971374511719,-12.736082077026367
11.56,1754.4112548828125,126.01718139648438,-12.70781135559082
11.57,1755.6199951171875,125.8717041015625,-12.70781135559082
11.58,1756.8468017578125,125.7334976196289,-12.688963890075684
11.59,1758.06689453125,125.59347534179688,-12.679540634155273
11.6,1759.2783203125,125.45076751708984,-12.679540634155273
11.61,1760.4837646484375,125.30645751953125,-12.679540634155273
11.62,1761.68115234375,125.1597671508789,-12.679540634155273
11.63,1762.8792724609375,125.01387023925781,-12.679540634155273
11.64,1764.083251953125,124.87080383300781,-12.660693168640137
11.65,1765.2879638671875,124.7286148071289,-12.651269912719727
11.66,1766.496337890625,124.58834838867188,-12.641846656799316
11.67,1767.6959228515625,124.44534301757812,-12.651269912719727
11.68,1768.8963623046875,124.30322265625,-12.641846656799316
11.69,1770.0946044921875,124.16083526611328,-12.641846656799316
11.7,1771.2900390625,124.01792907714844,-12.641846656799316
11.71,1772.481201171875,123.87409210205078,-12.63242244720459
11.72,1773.6702880859375,123.73011016845703,-12.622998237609863
11.73,1774.8558349609375,123.58537292480469,-12.622998237609863
11.74,1776.034912109375,123.43893432617188,-12.613574981689453
11.75,1777.2236328125,123.29650115966797,-12.613574981689453
11.76,1778.4058837890625,123.15283203125,-12.55703353881836
11.77,1779.581787109375,123.00736999511719,-12.55703353881836
11.78,1780.76220703125,122.86418151855469,-12.547609329223633
11.79,1781.94140625,122.72114562988281,-12.538186073303223
11.8,1783.1192626953125,122.57826232910156,-12.528762817382812
11.81,1784.2886962890625,122.43292236328125,-12.519338607788086
11.82,1785.4510498046875,122.28565216064453,-12.509915351867676
11.83,1786.604248046875,122.13551330566406,-12.519338607788086
11.84,1787.7598876953125,121.98681640625,-12.519338607788086
11.85,1788.9158935546875,121.83877563476562,-12.519338607788086
11.86,1790.0809326171875,121.69463348388672,-12.509915351867676
11.87,1791.237548828125,121.54824829101562,-12.481644630432129
11.88,1792.3936767578125,121.4024429321289,-12.462797164916992
11.89,1793.5531005859375,121.25834655761719,-12.462797164916992
11.9,1794.712158203125,121.11453247070312,-12.472220420837402
11.91,1795.8651123046875,120.9690933227539,-12.462797164916992
11.92,1797.0103759765625,120.82142639160156,-12.462797164916992
11.93,1798.1517333984375,120.67285919189453,-12.462797164916992
11.94,1799.2862548828125,120.5223617553711,-12.462797164916992
11.95,1800.42626953125,120.3744125366211,-12.462797164916992
11.96,1801.56591796875,120.22689819335938,-12.462797164916992
11.97,1802.6988525390625,120.07801818847656,-12.406254768371582
11.98,1803.832275390625,119.93004608154297,-12.387408256530762
11.99,1804.9698486328125,119.78410339355469,-12.387408256530762
12,1806.10205078125,119.63685607910156,-12.377984046936035
12.01,1807.2347412109375,119.49032592773438,-12.377984046936035
12.02,1808.37158203125,119.34591674804688,-12.368560791015625
12.03,1809.5125732421875,119.20353698730469,-12.368560791015625
12.04,1810.65185546875,119.06116485595703,-12.359137535095215
12.05,1811.782958984375,118.91633605957031,-12.359137535095215
12.06,1812.9190673828125,118.77371215820312,-12.368560791015625
12.07,1814.046142578125,118.62847900390625,-12.359137535095215
12.08,1815.173095703125,118.48371887207031,-12.359137535095215
12.09,1816.2962646484375,118.33811950683594,-12.359137535095215
12.1,1817.4149169921875,118.19161987304688,-12.340290069580078
12.11,1818.530517578125,118.04493713378906,-12.302595138549805
12.12,1819.6431884765625,117.8978042602539,-12.293171882629395
12.13,1820.747802734375,117.74819946289062,-12.302595138549805
12.14,1821.8509521484375,117.59860229492188,-12.302595138549805
12.15,1822.9454345703125,117.44647979736328,-12.293171882629395
12.16,1824.0565185546875,117.30095672607422,-12.293171882629395
12.17,1825.1683349609375,117.15660095214844,-12.255476951599121
12.18,1826.2713623046875,117.00941467285156,-12.274324417114258
12.19,1827.3736572265625,116.86259460449219,-12.264901161193848
12.2,1828.468017578125,116.71333312988281,-12.274324417114258
12.21,1829.5718994140625,116.56804656982422,-12.274324417114258
12.22,1830.6663818359375,116.41998291015625,-12.264901161193848
12.23,1831.759521484375,116.27195739746094,-12.264901161193848
12.24,1832.8541259765625,116.12492370605469,-12.274324417114258
12.25,1833.9429931640625,115.9764404296875,-12.264901161193848
12.26,1835.0341796875,115.8293228149414,-12.264901161193848
12.27,1836.1357421875,115.68655395507812,-12.255476951599121
12.28,1837.2301025390625,115.54179382324219,-12.246053695678711
12.29,1838.3157958984375,115.39453887939453,-12.2366304397583
12.3,1839.394287109375,115.24553680419922,-12.208358764648438
12.31,1840.4752197265625,115.09811401367188,-12.1895112991333
12.32,1841.552001953125,114.9498062133789,-12.18008804321289
12.33,1842.6290283203125,114.80210876464844,-12.18008804321289
12.34,1843.700439453125,114.6529312133789,-12.18008804321289
12.35,1844.768310546875,114.50335693359375,-12.151817321777344
12.36,1845.8372802734375,114.35467529296875,-12.151817321777344
12.37,1846.91162109375,114.20846557617188,-12.151817321777344
12.38,1847.9774169921875,114.05972290039062,-12.151817321777344
12.39,1849.0399169921875,113.91040802001953,-12.142393112182617
12.4,1850.1033935546875,113.76200103759766,-12.142393112182617
12.41,1851.1678466796875,113.614501953125,-12.142393112182617
12.42,1852.23193359375,113.46747589111328,-12.132969856262207
12.43,1853.29052734375,113.31909942626953,-12.123546600341797
12.44,1854.3436279296875,113.1692886352539,-12.123546600341797
12.45,1855.4000244140625,113.02120208740234,-12.123546600341797
12.46,1856.45458984375,112.87299346923828,-12.123546600341797
12.47,1857.5045166015625,112.72371673583984,-12.11412239074707
12.48,1858.5526123046875,112.57443237304688,-12.10469913482666
12.49,1859.5924072265625,112.42269134521484,-12.10469913482666
12.5,1860.6341552734375,112.27246856689453,-12.076428413391113
12.51,1861.674072265625,112.12226867675781,-12.067004203796387
12.52,1862.7152099609375,111.97303771972656,-12.067004203796387
12.53,1863.7685546875,111.8287124633789,-12.067004203796387
12.54,1864.814208984375,111.68218231201172,-12.067004203796387
12.55,1865.861083984375,111.53660583496094,-12.067004203796387
12.56,1866.90625,111.39094543457031,-12.067004203796387
12.57,1867.950439453125,111.2454605102539,-12.067004203796387
12.58,1868.991455078125,111.09935760498047,-12.067004203796387
12.59,1870.0242919921875,110.9508285522461,-12.067004203796387
12.6,1871.0489501953125,110.80016326904297,-12.03873348236084
12.61,1872.076416015625,110.65103912353516,-12.03873348236084
12.62,1873.09716796875,110.5006103515625,-11.982192039489746
12.63,1874.111083984375,110.34832000732422,-11.982192039489746
12.64,1875.13671875,110.20074462890625,-11.982192039489746
12.65,1876.1563720703125,110.05156707763672,-11.982192039489746
12.66,1877.1773681640625,109.9034194946289,-11.982192039489746
12.67,1878.201904296875,109.75717163085938,-11.97276782989502
12.68,1879.223388671875,109.6103744506836,-11.97276782989502
12.69,1880.236083984375,109.46112060546875,-11.9539213180542
12.7,1881.253173828125,109.31424713134766,-11.925650596618652
12.71,1882.26513671875,109.16614532470703,-11.916226387023926
12.72,1883.269775390625,109.01595306396484,-11.916226387023926
12.73,1884.2685546875,108.86421203613281,-11.916226387023926
12.74,1885.271728515625,108.71460723876953,-11.916226387023926
12.75,1886.2750244140625,108.5655517578125,-11.916226387023926
12.76,1887.271728515625,108.41468811035156,-11.916226387023926
12.77,1888.2764892578125,108.26728057861328,-11.916226387023926
12.78,1889.2777099609375,108.11910247802734,-11.916226387023926
12.79,1890.2833251953125,107.97343444824219,-11.878531455993652
12.8,1891.282470703125,107.82595825195312,-11.878531455993652
12.81,1892.27587890625,107.67694854736328,-11.878531455993652
12.82,1893.2664794921875,107.52765655517578,-11.859684944152832
12.83,1894.2557373046875,107.37833404541016,-11.869108200073242
12.84,1895.24365234375,107.22908020019531,-11.869108200073242
12.85,1896.22802734375,107.0792007446289,-11.859684944152832
12.86,1897.208984375,106.9286117553711,-11.859684944152832
12.87,1898.182861328125,106.77601623535156,-11.859684944152832
12.88,1899.159912109375,106.6250991821289,-11.859684944152832
12.89,1900.14892578125,106.47899627685547,-11.859684944152832
12.9,1901.1300048828125,106.33070373535156,-11.850260734558105
12.91,1902.104736328125,106.1806640625,-11.850260734558105
12.92,1903.0811767578125,106.03205871582031,-11.821990013122559
12.93,1904.05126953125,105.88172149658203,-11.821990013122559
12.94,1905.01953125,105.73123931884766,-11.821990013122559
12.95,1905.98291015625,105.57965850830078,-11.812566757202148
12.96,1906.943603515625,105.42779541015625,-11.803142547607422
12.97,1907.89599609375,105.27355194091797,-11.793719291687012
12.98,1908.8472900390625,105.11946868896484,-11.793719291687012
12.99,1909.812744140625,104.9710464477539,-11.793719291687012
13,1910.777099609375,104.82276153564453,-11.793719291687012
13.01,1911.7330322265625,104.67198944091797,-11.793719291687012
13.02,1912.693115234375,104.52330017089844,-11.784295082092285
13.03,1913.6630859375,104.3786849975586,-11.784295082092285
13.04,1914.628173828125,104.23297119140625,-11.774871826171875
13.05,1915.5987548828125,104.0897445678711,-11.774871826171875
13.06,1916.5616455078125,103.94418334960938,-11.784295082092285
13.07,1917.517578125,103.79676818847656,-11.774871826171875
13.08,1918.4681396484375,103.64794158935547,-11.774871826171875
13.09,1919.419921875,103.50007629394531,-11.774871826171875
13.1,1920.3641357421875,103.35002136230469,-11.774871826171875
13.11,1921.3028564453125,103.1985855102539,-11.774871826171875
13.12,1922.24365234375,103.0486831665039,-11.746601104736328
13.13,1923.1827392578125,102.89871215820312,-11.746601104736328
13.14,1924.119384765625,102.74842071533203,-11.746601104736328
13.15,1925.0572509765625,102.59912109375,-11.746601104736328
13.16,1925.9964599609375,102.45081329345703,-11.746601104736328
13.17,1926.9296875,102.30106353759766,-11.727753639221191
13.18,1927.867919921875,102.15372467041016,-11.718330383300781
13.19,1928.7977294921875,102.00397491455078,-11.718330383300781
13.2,1929.7237548828125,101.85358428955078,-11.699482917785645
13.21,1930.6519775390625,101.70438385009766,-11.708906173706055
13.22,1931.5830078125,101.55681610107422,-11.699482917785645
13.23,1932.50732421875,101.40737915039062,-11.699482917785645
13.24,1933.4285888671875,101.2575912475586,-11.680635452270508
13.25,1934.34765625,101.10753631591797,-11.680635452270508
13.26,1935.2666015625,100.95818328857422,-11.661787986755371
13.27,1936.1868896484375,100.80996704101562,-11.652364730834961
13.28,1937.111572265625,100.66374969482422,-11.661787986755371
13.29,1938.033935546875,100.5174331665039,-11.64294147491455
13.3,1938.953369140625,100.37076568603516,-11.624094009399414
13.31,1939.86767578125,100.22278594970703,-11.624094009399414
13.32,1940.77392578125,100.07256317138672,-11.614670753479004
13.33,1941.6751708984375,99.92106628417969,-11.614670753479004
13.34,1942.587890625,99.7743148803711,-11.605246543884277
13.35,1943.4920654296875,99.62503814697266,-11.605246543884277
13.36,1944.390625,99.47447967529297,-11.58639907836914
13.37,1945.2969970703125,99.32723999023438,-11.58639907836914
13.38,1946.1947021484375,99.17745208740234,-11.58639907836914
13.39,1947.09814453125,99.03031921386719,-11.57697582244873
13.4,1947.998291015625,98.88270568847656,-11.558128356933594
13.41,1948.8995361328125,98.7360610961914,-11.558128356933594
13.42,1949.7928466796875,98.58720397949219,-11.548705101013184
13.43,1950.6851806640625,98.43851470947266,-11.548705101013184
13.44,1951.5726318359375,98.28870391845703,-11.539280891418457
13.45,1952.460693359375,98.13954162597656,-11.548705101013184
13.46,1953.3642578125,97.99662017822266,-11.529857635498047
13.47,1954.264404296875,97.85304260253906,-11.529857635498047
13.48,1955.15576171875,97.70692443847656,-11.52043342590332
13.49,1956.0406494140625,97.55903625488281,-11.52043342590332
13.5,1956.92236328125,97.41059875488281,-11.51101016998291
13.51,1957.80078125,97.26152801513672,-11.51101016998291
13.52,1958.671142578125,97.11009979248047,-11.51101016998291
13.53,1959.5382080078125,96.95804595947266,-11.51101016998291
13.54,1960.400390625,96.80489349365234,-11.5015869140625
13.55,1961.2772216796875,96.65774536132812,-11.482739448547363
13.56,1962.14599609375,96.50820922851562,-11.482739448547363
13.57,1963.02978515625,96.36445617675781,-11.492162704467773
13.58,1963.9061279296875,96.21859741210938,-11.492162704467773
13.59,1964.7777099609375,96.071533203125,-11.492162704467773
13.6,1965.641845703125,95.92236328125,-11.492162704467773
13.61,1966.5003662109375,95.77169036865234,-11.492162704467773
13.62,1967.3548583984375,95.62022399902344,-11.482739448547363
13.63,1968.2188720703125,95.47272491455078,-11.482739448547363
13.64,1969.0789794921875,95.32432556152344,-11.482739448547363
13.65,1969.9342041015625,95.17472839355469,-11.482739448547363
13.66,1970.7880859375,95.02534484863281,-11.463891983032227
13.67,1971.6326904296875,94.8734130859375,-11.44504451751709
13.68,1972.4794921875,94.72278594970703,-11.44504451751709
13.69,1973.3232421875,94.57159423828125,-11.44504451751709
13.7,1974.159423828125,94.41827392578125,-11.44504451751709
13.71,1974.9881591796875,94.26283264160156,-11.44504451751709
13.72,1975.810302734375,94.1055908203125,-11.44504451751709
13.73,1976.62939453125,93.94782257080078,-11.44504451751709
13.74,1977.4749755859375,93.80052947998047,-11.397926330566406
13.75,1978.3193359375,93.65332794189453,-11.397926330566406
13.76,1979.1571044921875,93.5042953491211,-11.397926330566406
13.77,1979.990966796875,93.35440826416016,-11.397926330566406
13.78,1980.8182373046875,93.20269775390625,-11.397926330566406
13.79,1981.644287109375,93.05130767822266,-11.37907886505127
13.8,1982.4656982421875,92.89875030517578,-11.37907886505127
13.81,1983.2840576171875,92.74578094482422,-11.36965560913086
13.82,1984.095947265625,92.59099578857422,-11.36965560913086
13.83,1984.92529296875,92.44302368164062,-11.36965560913086
13.84,1985.7489013671875,92.29364013671875,-11.36023235321045
13.85,1986.5762939453125,92.14619445800781,-11.350808143615723
13.86,1987.3961181640625,91.99666595458984,-11.341384887695312
13.87,1988.208251953125,91.84487915039062,-11.350808143615723
13.88,1989.026123046875,91.69566345214844,-11.350808143615723
13.89,1989.8365478515625,91.54426574707031,-11.350808143615723
13.9,1990.64208984375,91.3918228149414,-11.341384887695312
13.91,1991.440185546875,91.23712158203125,-11.350808143615723
13.92,1992.2344970703125,91.08173370361328,-11.341384887695312
13.93,1993.0289306640625,90.92713165283203,-11.322537422180176
13.94,1993.8236083984375,90.77295684814453,-11.341384887695312
13.95,1994.621337890625,90.6206283569336,-11.322537422180176
13.96,1995.42236328125,90.47025299072266,-11.294266700744629
13.97,1996.2147216796875,90.31734466552734,-11.294266700744629
13.98,1997.0045166015625,90.16402435302734,-11.294266700744629
13.99,1997.8004150390625,90.01365661621094,-11.275419235229492
14,1998.5867919921875,89.86038970947266,-11.275419235229492
14.01,1999.3734130859375,89.70779418945312,-11.275419235229492
14.02,2000.1624755859375,89.55659484863281,-11.275419235229492
14.03,2000.9459228515625,89.40402221679688,-11.265995979309082
14.04,2001.7218017578125,89.24927520751953,-11.265995979309082
14.05,2002.50830078125,89.09895324707031,-11.256571769714355
14.06,2003.2882080078125,88.9468002319336,-11.256571769714355
14.07,2004.07373046875,88.79718780517578,-11.256571769714355
14.08,2004.856689453125,88.64729309082031,-11.247148513793945
14.09,2005.631103515625,88.49493408203125,-11.237725257873535
14.1,2006.404052734375,88.34259796142578,-11.237725257873535
14.11,2007.1806640625,88.19213104248047,-11.237725257873535
14.12,2007.9517822265625,88.04020690917969,-11.237725257873535
14.13,2008.720458984375,87.88823699951172,-11.209454536437988
14.14,2009.4857177734375,87.73564910888672,-11.200030326843262
14.15,2010.260009765625,87.58686828613281,-11.200030326843262
14.16,2011.0477294921875,87.44341278076172,-11.200030326843262
14.17,2011.829833984375,87.29846954345703,-11.200030326843262
14.18,2012.6085205078125,87.15289306640625,-11.190607070922852
14.19,2013.3817138671875,87.00584411621094,-11.190607070922852
14.2,2014.1473388671875,86.85657501220703,-11.190607070922852
14.21,2014.913818359375,86.70814514160156,-11.190607070922852
14.22,2015.6705322265625,86.55711364746094,-11.152912139892578
14.23,2016.4207763671875,86.40388488769531,-11.190607070922852
14.24,2017.179443359375,86.254638671875,-11.152912139892578
14.25,2017.9488525390625,86.10977172851562,-11.152912139892578
14.26,2018.7138671875,85.96383666992188,-11.152912139892578
14.27,2019.4700927734375,85.81488800048828,-11.190607070922852
14.28,2020.2220458984375,85.66517639160156,-11.162335395812988
14.29,2020.9697265625,85.5144271850586,-11.162335395812988
14.3,2021.709716796875,85.3614730834961,-11.162335395812988
14.31,2022.4608154296875,85.21305084228516,-11.162335395812988
14.32,2023.204345703125,85.06239318847656,-11.162335395812988
14.33,2023.93798828125,84.90872955322266,-11.162335395812988
14.34,2024.6751708984375,84.75697326660156,-11.152912139892578
14.35,2025.4146728515625,84.60689544677734,-11.124641418457031
14.36,2026.1500244140625,84.455810546875,-11.124641418457031
14.37,2026.8856201171875,84.30533599853516,-11.124641418457031
14.38,2027.628173828125,84.15792083740234,-11.124641418457031
14.39,2028.3642578125,84.00886535644531,-11.105793952941895
14.4,2029.0916748046875,83.85718536376953,-11.105793952941895
14.41,2029.812744140625,83.70379638671875,-11.096370697021484
14.42,2030.5340576171875,83.5511703491211,-11.086946487426758
14.43,2031.246826171875,83.39593505859375,-11.086946487426758
14.44,2031.9554443359375,83.23985290527344,-11.077523231506348
14.45,2032.69189453125,83.09442901611328,-11.077523231506348
14.46,2033.4207763671875,82.94676208496094,-11.077523231506348
14.47,2034.1444091796875,82.79769897460938,-11.077523231506348
14.48,2034.86279296875,82.64725494384766,-11.077523231506348
14.49,2035.579345703125,82.49668884277344,-11.077523231506348
14.5,2036.2977294921875,82.34728240966797,-11.077523231506348
14.51,2037.0155029296875,82.19818878173828,-11.077523231506348
14.52,2037.7431640625,82.05321502685547,-11.077523231506348
14.53,2038.4737548828125,81.90980529785156,-11.077523231506348
14.54,2039.1966552734375,81.7641372680664,-11.077523231506348
14.55,2039.91796875,81.61836242675781,-11.077523231506348
14.56,2040.634033203125,81.47119140625,-11.077523231506348
14.57,2041.356689453125,81.32704162597656,-11.068099021911621
14.58,2042.0694580078125,81.17986297607422,-11.058675765991211
14.59,2042.78173828125,81.03303527832031,-11.058675765991211
14.6,2043.4901123046875,80.8853759765625,-11.0492525100708
14.61,2044.19091796875,80.73548126220703,-11.0492525100708
14.62,2044.8843994140625,80.58346557617188,-11.039828300476074
14.63,2045.5679931640625,80.42838287353516,-11.039828300476074
14.64,2046.2537841796875,80.27462768554688,-11.039828300476074
14.65,2046.94287109375,80.12284088134766,-11.020981788635254
14.66,2047.642578125,79.9755630493164,-11.011557579040527
14.67,2048.34228515625,79.82880401611328,-11.002134323120117
14.68,2049.039306640625,79.68157958984375,-11.002134323120117
14.69,2049.738525390625,79.53569030761719,-11.002134323120117
14.7,2050.4423828125,79.39202880859375,-11.002134323120117
14.71,2051.139892578125,79.24665069580078,-10.99271011352539
14.72,2051.831298828125,79.0994873046875,-10.99271011352539
14.73,2052.513916015625,78.94964599609375,-10.99271011352539
14.74,2053.20751953125,78.80436706542969,-10.99271011352539
14.75,2053.90478515625,78.6611099243164,-10.97386360168457
14.76,2054.606689453125,78.52032470703125,-10.955016136169434
14.77,2055.30615234375,78.37909698486328,-10.955016136169434
14.78,2055.998046875,78.23541259765625,-10.97386360168457
14.79,2056.68408203125,78.09012603759766,-10.955016136169434
14.8,2057.3701171875,77.94535064697266,-10.955016136169434
14.81,2058.05615234375,77.80109405517578,-10.955016136169434
14.82,2058.7333984375,77.65412902832031,-10.955016136169434
14.83,2059.410888671875,77.5079116821289,-10.936168670654297
14.84,2060.087158203125,77.36187744140625,-10.926745414733887
14.85,2060.758544921875,77.21464538574219,-10.91732120513916
14.86,2061.44384765625,77.0731430053711,-10.91732120513916
14.87,2062.12939453125,76.93219757080078,-10.91732120513916
14.88,2062.80615234375,76.78851318359375,-10.91732120513916
14.89,2063.48193359375,76.64502716064453,-10.90789794921875
14.9,2064.15283203125,76.500244140625,-10.90789794921875
14.91,2064.833984375,76.35994720458984,-10.89847469329834
14.92,2065.50537109375,76.2164306640625,-10.89847469329834
14.93,2066.16943359375,76.0705795288086,-10.90789794921875
14.94,2066.8251953125,75.922119140625,-10.89847469329834
14.95,2067.47998046875,75.7739486694336,-10.889050483703613
14.96,2068.130126953125,75.6245346069336,-10.889050483703613
14.97,2068.781982421875,75.47639465332031,-10.879627227783203
14.98,2069.458740234375,75.33814239501953,-10.879627227783203
14.99,2070.1318359375,75.19905853271484,-10.879627227783203
15,2070.801513671875,75.05915832519531,-10.879627227783203
15.01,2071.46240234375,74.91650390625,-10.879627227783203
15.02,2072.11767578125,74.77227783203125,-10.860779762268066
15.03,2072.76318359375,74.62483978271484,-10.860779762268066
15.04,2073.428466796875,74.48551177978516,-10.860779762268066
15.05,2074.099365234375,74.34884643554688,-10.860779762268066
15.06,2074.765380859375,74.21096801757812,-10.85135555267334
15.07,2075.437255859375,74.07576751708984,-10.85135555267334
15.08,2076.109619140625,73.94134521484375,-10.84193229675293
15.09,2076.7734375,73.80411529541016,-10.84193229675293
15.1,2077.4287109375,73.6640853881836,-10.84193229675293
15.11,2078.07421875,73.52079010009766,-10.84193229675293
15.12,2078.726806640625,73.38089752197266,-10.83250904083252
15.13,2079.373779296875,73.23925018310547,-10.83250904083252
15.14,2080.02001953125,73.0978775024414,-10.83250904083252
15.15,2080.668212890625,72.95789337158203,-10.823084831237793
15.16,2081.318603515625,72.81920623779297,-10.823084831237793
15.17,2081.972412109375,72.68233489990234,-10.823084831237793
15.18,2082.624267578125,72.54521942138672,-10.823084831237793
15.19,2083.274169921875,72.40767669677734,-10.84193229675293
15.2,2083.9169921875,72.26776123046875,-10.85135555267334
15.21,2084.563232421875,72.12971496582031,-10.85135555267334
15.22,2085.20361328125,71.98999786376953,-10.84193229675293
15.23,2085.844970703125,71.85131072998047,-10.823084831237793
15.24,2086.479248046875,71.71035766601562,-10.823084831237793
15.25,2087.109130859375,71.56819152832031,-10.823084831237793
15.26,2087.73193359375,71.42398071289062,-10.804238319396973
15.27,2088.361328125,71.28279876708984,-10.804238319396973
15.28,2088.990478515625,71.14200592041016,-10.804238319396973
15.29,2089.621826171875,71.00264739990234,-10.804238319396973
15.3,2090.24609375,70.86103057861328,-10.804238319396973
15.31,2090.880859375,70.72407531738281,-10.804238319396973
15.32,2091.511474609375,70.58589935302734,-10.804238319396973
15.33,2092.13623046875,70.44599151611328,-10.804238319396973
15.34,2092.75537109375,70.30435943603516,-10.804238319396973
15.35,2093.39892578125,70.17284393310547,-10.804238319396973
15.36,2094.03369140625,70.03845977783203,-10.804238319396973
15.37,2094.6630859375,69.90230560302734,-10.804238319396973
15.38,2095.29345703125,69.7672119140625,-10.794814109802246
15.39,2095.92236328125,69.6321792602539,-10.77596664428711
15.4,2096.542724609375,69.49439239501953,-10.7665433883667
15.41,2097.16162109375,69.3568115234375,-10.738272666931152
15.42,2097.797119140625,69.22637939453125,-10.728848457336426
15.43,2098.443359375,69.10074615478516,-10.728848457336426
15.44,2099.082275390625,68.9726333618164,-10.738272666931152
15.45,2099.712890625,68.84172821044922,-10.728848457336426
15.46,2100.3515625,68.7144775390625,-10.738272666931152
15.47,2100.984619140625,68.58551788330078,-10.728848457336426
15.48,2101.60791015625,68.4530029296875,-10.738272666931152
15.49,2102.221435546875,68.31705474853516,-10.738272666931152
15.5,2102.8251953125,68.1777114868164,-10.738272666931152
15.51,2103.419677734375,68.03499603271484,-10.738272666931152
15.52,2104.005859375,67.88958740234375,-10.728848457336426
15.53,2104.600830078125,67.74829864501953,-10.719425201416016
15.54,2105.20556640625,67.61149597167969,-10.728848457336426
15.55,2105.8046875,67.47307586669922,-10.719425201416016
15.56,2106.404296875,67.33554077148438,-10.691154479980469
15.57,2107.022216796875,67.20614624023438,-10.681730270385742
15.58,2107.6416015625,67.07795715332031,-10.672307014465332
15.59,2108.25146484375,66.9462661743164,-10.672307014465332
15.6,2108.854248046875,66.81216430664062,-10.681730270385742
15.61,2109.45166015625,66.67643737792969,-10.672307014465332
15.62,2110.05224609375,66.54251861572266,-10.672307014465332
15.63,2110.654541015625,66.40979766845703,-10.672307014465332
15.64,2111.254150390625,66.27662658691406,-10.662883758544922
15.65,2111.862548828125,66.14769744873047,-10.653459548950195
15.66,2112.46826171875,66.01818084716797,-10.653459548950195
15.67,2113.071533203125,65.88810729980469,-10.653459548950195
15.68,2113.67529296875,65.7586669921875,-10.653459548950195
15.69,2114.283447265625,65.63164520263672,-10.653459548950195
15.7,2114.884765625,65.50245666503906,-10.634612083435059
15.71,2115.482177734375,65.37223052978516,-10.625188827514648
15.72,2116.074462890625,65.2403793334961,-10.615765571594238
15.73,2116.67138671875,65.11101531982422,-10.615765571594238
15.74,2117.27001953125,64.98294830322266,-10.615765571594238
15.75,2117.862060546875,64.85253143310547,-10.615765571594238
15.76,2118.4443359375,64.71858978271484,-10.615765571594238
15.77,2119.02880859375,64.58602142333984,-10.615765571594238
15.78,2119.626708984375,64.4598617553711,-10.596918106079102
15.79,2120.21484375,64.33012390136719,-10.596918106079102
15.8,2120.793701171875,64.19664764404297,-10.615765571594238
15.81,2121.37158203125,64.06355285644531,-10.596918106079102
15.82,2121.9443359375,63.92877197265625,-10.596918106079102
15.83,2122.50927734375,63.79109573364258,-10.596918106079102
15.84,2123.09521484375,63.6630859375,-10.587494850158691
15.85,2123.683349609375,63.536468505859375,-10.587494850158691
15.86,2124.26318359375,63.406776428222656,-10.596918106079102
15.87,2124.83349609375,63.27350616455078,-10.596918106079102
15.88,2125.4091796875,63.1430778503418,-10.587494850158691
15.89,2125.98828125,63.0147705078125,-10.587494850158691
15.9,2126.566650390625,62.88675308227539,-10.578070640563965
15.91,2127.138671875,62.75639343261719,-10.578070640563965
15.92,2127.70849609375,62.62562942504883,-10.578070640563965
15.93,2128.281982421875,62.49703598022461,-10.578070640563965
15.94,2128.85205078125,62.36739730834961,-10.578070640563965
15.95,2129.434814453125,62.24379348754883,-10.578070640563965
15.96,2130.009521484375,62.1171760559082,-10.578070640563965
15.97,2130.59521484375,61.995975494384766,-10.578070640563965
15.98,2131.174072265625,61.87245178222656,-10.568647384643555
15.99,2131.74658203125,61.746559143066406,-10.568647384643555
16,2132.3125,61.61830520629883,-10.568647384643555
16.01,2132.885498046875,61.49372100830078,-10.559223175048828
16.02,2133.454833984375,61.368080139160156,-10.559223175048828
16.03,2134.023681640625,61.242828369140625,-10.549799919128418
16.04,2134.590576171875,61.1171989440918,-10.549799919128418
16.05,2135.15380859375,60.990543365478516,-10.549799919128418
16.06,2135.716552734375,60.86419677734375,-10.549799919128418
16.07,2136.280517578125,60.73884582519531,-10.549799919128418
16.08,2136.8486328125,60.61593246459961,-10.540375709533691
16.09,2137.41015625,60.49053955078125,-10.549799919128418
16.1,2137.975830078125,60.36750030517578,-10.549799919128418
16.11,2138.53369140625,60.24150848388672,-10.540375709533691
16.12,2139.08935546875,60.11520004272461,-10.540375709533691
16.13,2139.65380859375,59.993350982666016,-10.540375709533691
16.14,2140.21337890625,59.86989212036133,-10.530952453613281
16.15,2140.764892578125,59.743465423583984,-10.521529197692871
16.16,2141.313232421875,59.61599349975586,-10.530952453613281
16.17,2141.87646484375,59.49593734741211,-10.521529197692871
16.18,2142.437744140625,59.37554168701172,-10.521529197692871
16.19,2142.9912109375,59.25215530395508,-10.512104988098145
16.2,2143.54296875,59.12847900390625,-10.512104988098145
16.21,2144.08544921875,59.001224517822266,-10.493258476257324
16.22,2144.623291015625,58.872344970703125,-10.493258476257324
16.23,2145.151611328125,58.73974609375,-10.493258476257324
16.24,2145.678466796875,58.60679626464844,-10.512104988098145
16.25,2146.20556640625,58.47450256347656,-10.502681732177734
16.26,2146.7294921875,58.34125518798828,-10.512104988098145
16.27,2147.251953125,58.2078857421875,-10.512104988098145
16.28,2147.768310546875,58.072235107421875,-10.512104988098145
16.29,2148.287841796875,57.93875503540039,-10.502681732177734
16.3,2148.7998046875,57.802276611328125,-10.502681732177734
16.31,2149.3134765625,57.66727828979492,-10.493258476257324
16.32,2149.84130859375,57.53960037231445,-10.483834266662598
16.33,2150.384765625,57.419925689697266,-10.474411010742188
16.34,2150.927978515625,57.300777435302734,-10.474411010742188
16.35,2151.465087890625,57.17930221557617,-10.464986801147461
16.36,2152.00537109375,57.059879302978516,-10.464986801147461
16.37,2152.536376953125,56.93656921386719,-10.464986801147461
16.38,2153.06884765625,56.81460189819336,-10.464986801147461
16.39,2153.607666015625,56.69622039794922,-10.464986801147461
16.4,2154.138916015625,56.57487487792969,-10.44614028930664
16.41,2154.662353515625,56.45038986206055,-10.44614028930664
16.42,2155.21435546875,56.340126037597656,-10.44614028930664
16.43,2155.76171875,56.22829818725586,-10.427292823791504
16.44,2156.299560546875,56.11256790161133,-10.417868614196777
16.45,2156.82958984375,55.99365234375,-10.417868614196777
16.46,2157.3505859375,55.870811462402344,-10.417868614196777
16.47,2157.879638671875,55.752479553222656,-10.417868614196777
16.48,2158.406005859375,55.63328552246094,-10.417868614196777
16.49,2158.927734375,55.51246643066406,-10.417868614196777
16.5,2159.4404296875,55.38772201538086,-10.417868614196777
16.51,2159.944091796875,55.25909423828125,-10.417868614196777
16.52,2160.4384765625,55.12661361694336,-10.417868614196777
16.53,2160.930419921875,54.993431091308594,-10.417868614196777
16.54,2161.427734375,54.86367416381836,-10.399022102355957
16.55,2161.927001953125,54.7355842590332,-10.399022102355957
16.56,2162.44921875,54.6195182800293,-10.38959789276123
16.57,2162.962158203125,54.49944305419922,-10.38959789276123
16.58,2163.4755859375,54.3802604675293,-10.38017463684082
16.59,2163.99755859375,54.2659912109375,-10.370750427246094
16.6,2164.51220703125,54.14837646484375,-10.38017463684082
16.61,2165.0224609375,54.02935028076172,-10.361327171325684
16.62,2165.54296875,53.916011810302734,-10.361327171325684
16.63,2166.05419921875,53.798606872558594,-10.361327171325684
16.64,2166.5595703125,53.67878723144531,-10.361327171325684
16.65,2167.06884765625,53.56147766113281,-10.361327171325684
16.66,2167.56884765625,53.440040588378906,-10.370750427246094
16.67,2168.059814453125,53.31460952758789,-10.370750427246094
16.68,2168.545166015625,53.18687438964844,-10.370750427246094
16.69,2169.031494140625,53.06015396118164,-10.370750427246094
16.7,2169.531494140625,52.941104888916016,-10.370750427246094
16.71,2170.03369140625,52.82394027709961,-10.361327171325684
16.72,2170.531982421875,52.705116271972656,-10.370750427246094
16.73,2171.026123046875,52.58493423461914,-10.351903915405273
16.74,2171.517822265625,52.46417999267578,-10.342479705810547
16.75,2172.0234375,52.3511962890625,-10.342479705810547
16.76,2172.53466796875,52.24170684814453,-10.342479705810547
16.77,2173.0400390625,52.12974166870117,-10.342479705810547
16.78,2173.536376953125,52.01371765136719,-10.333056449890137
16.79,2174.02685546875,51.895301818847656,-10.333056449890137
16.8,2174.511962890625,51.77452087402344,-10.333056449890137
16.81,2175.004638671875,51.65828323364258,-10.333056449890137
16.82,2175.48828125,51.53792190551758,-10.333056449890137
16.83,2175.962890625,51.413482666015625,-10.333056449890137
16.84,2176.4453125,51.29370880126953,-10.333056449890137
16.85,2176.918701171875,51.1699333190918,-10.32363224029541
16.86,2177.389892578125,51.045597076416016,-10.32363224029541
16.87,2177.87548828125,50.929534912109375,-10.32363224029541
16.88,2178.35888671875,50.812862396240234,-10.32363224029541
16.89,2178.841552734375,50.69647216796875,-10.32363224029541
16.9,2179.322265625,50.57948684692383,-10.32363224029541
16.91,2179.799072265625,50.46101760864258,-10.32363224029541
16.92,2180.270263671875,50.3401985168457,-10.32363224029541
16.93,2180.77294921875,50.23695373535156,-10.314208984375
16.94,2181.276611328125,50.13478469848633,-10.314208984375
16.95,2181.77294921875,50.029151916503906,-10.314208984375
16.96,2182.26171875,49.92009735107422,-10.314208984375
16.97,2182.743408203125,49.80768966674805,-10.314208984375
16.98,2183.217529296875,49.69194412231445,-10.314208984375
16.99,2183.686279296875,49.57383346557617,-10.314208984375
17,2184.156494140625,49.45706558227539,-10.314208984375
17.01,2184.622802734375,49.3388557434082,-10.314208984375
17.02,2185.087158203125,49.22016906738281,-10.314208984375
17.03,2185.542724609375,49.097293853759766,-10.314208984375
17.04,2186.010009765625,48.98148727416992,-10.314208984375
17.05,2186.482177734375,48.86893081665039,-10.314208984375
17.06,2186.947265625,48.75304412841797,-10.314208984375
17.07,2187.403564453125,48.63291549682617,-10.314208984375
17.08,2187.85791015625,48.51238250732422,-10.314208984375
17.09,2188.313720703125,48.39336013793945,-10.314208984375
17.1,2188.7607421875,48.270118713378906,-10.314208984375
17.11,2189.20947265625,48.14852523803711,-10.30478572845459
17.12,2189.653076171875,48.02475357055664,-10.295361518859863
17.13,2190.087890625,47.89680099487305,-10.295361518859863
17.14,2190.524658203125,47.770530700683594,-10.295361518859863
17.15,2190.96337890625,47.64603805541992,-10.285938262939453
17.16,2191.4072265625,47.5252799987793,-10.276514053344727
17.17,2191.854736328125,47.40724563598633,-10.267090797424316
17.18,2192.295166015625,47.28593826293945,-10.267090797424316
17.19,2192.728759765625,47.16136932373047,-10.267090797424316
17.2,2193.158935546875,47.035587310791016,-10.267090797424316
17.21,2193.58935546875,46.91058349609375,-10.267090797424316
17.22,2194.02001953125,46.78639221191406,-10.267090797424316
17.23,2194.445556640625,46.65996170043945,-10.267090797424316
17.24,2194.885498046875,46.54247283935547,-10.267090797424316
17.25,2195.341796875,46.43486404418945,-10.267090797424316
17.26,2195.791015625,46.32380676269531,-10.267090797424316
17.27,2196.2314453125,46.208343505859375,-10.267090797424316
17.28,2196.663330078125,46.08852005004883,-10.267090797424316
17.29,2197.09375,45.96862030029297,-10.257667541503906
17.3,2197.515380859375,45.84440994262695,-10.257667541503906
17.31,2197.928466796875,45.715938568115234,-10.257667541503906
17.32,2198.356689453125,45.596763610839844,-10.257667541503906
17.33,2198.776123046875,45.47334671020508,-10.24824333190918
17.34,2199.1923828125,45.34880065917969,-10.24824333190918
17.35,2199.62890625,45.23683166503906,-10.24824333190918
17.36,2200.06787109375,45.12676239013672,-10.24824333190918
17.37,2200.505126953125,45.01646423339844,-10.24824333190918
17.38,2200.935791015625,44.90277099609375,-10.24824333190918
17.39,2201.357666015625,44.78474044799805,-10.23882007598877
17.4,2201.780029296875,44.66777420043945,-10.229395866394043
17.41,2202.197509765625,44.548561096191406,-10.229395866394043
17.42,2202.6064453125,44.425071716308594,-10.219972610473633
17.43,2203.029052734375,44.3102912902832,-10.219972610473633
17.44,2203.463134765625,44.203125,-10.210549354553223
17.45,2203.89599609375,44.09580612182617,-10.210549354553223
17.46,2204.334716796875,43.992698669433594,-10.210549354553223
17.47,2204.77392578125,43.89048767089844,-10.210549354553223
17.48,2205.20458984375,43.783653259277344,-10.210549354553223
17.49,2205.630126953125,43.67447280883789,-10.210549354553223
17.5,2206.05078125,43.56298065185547,-10.210549354553223
17.51,2206.483154296875,43.459224700927734,-10.210549354553223
17.52,2206.912353515625,43.354286193847656,-10.201125144958496
17.53,2207.34228515625,43.2503547668457,-10.201125144958496
17.54,2207.77099609375,43.146385192871094,-10.191701889038086
17.55,2208.203857421875,43.04568862915039,-10.191701889038086
17.56,2208.6318359375,42.9424934387207,-10.201125144958496
17.57,2209.05322265625,42.835811614990234,-10.201125144958496
17.58,2209.4697265625,42.72681427001953,-10.201125144958496
17.59,2209.877685546875,42.61335372924805,-10.191701889038086
17.6,2210.28076171875,42.497779846191406,-10.182278633117676
17.61,2210.675537109375,42.37773513793945,-10.182278633117676
17.62,2211.0751953125,42.26134490966797,-10.182278633117676
17.63,2211.46826171875,42.14165496826172,-10.182278633117676
17.64,2211.856689453125,42.02004623413086,-10.163431167602539
17.65,2212.250244140625,41.90220642089844,-10.163431167602539
17.66,2212.63525390625,41.77989959716797,-10.163431167602539
17.67,2213.034912109375,41.667320251464844,-10.163431167602539
17.68,2213.433837890625,41.55491256713867,-10.163431167602539
17.69,2213.835693359375,41.445152282714844,-10.154006958007812
17.7,2214.231201171875,41.33200454711914,-10.154006958007812
17.71,2214.6201171875,41.215579986572266,-10.144583702087402
17.72,2215.000732421875,41.09465026855469,-10.144583702087402
17.73,2215.39404296875,40.982635498046875,-10.135160446166992
17.74,2215.784912109375,40.869651794433594,-10.135160446166992
17.75,2216.178955078125,40.7593994140625,-10.135160446166992
17.76,2216.587890625,40.65915298461914,-10.135160446166992
17.77,2217.001708984375,40.56269454956055,-10.135160446166992
17.78,2217.40673828125,40.46141815185547,-10.135160446166992
17.79,2217.807373046875,40.35784912109375,-10.135160446166992
17.8,2218.203369140625,40.25202178955078,-10.135160446166992
17.81,2218.604736328125,40.15019226074219,-10.135160446166992
17.82,2219.02880859375,40.06346893310547,-10.135160446166992
17.83,2219.444091796875,39.97175216674805,-10.135160446166992
17.84,2219.8544921875,39.87770080566406,-10.125736236572266
17.85,2220.26220703125,39.78260040283203,-10.116312980651855
17.86,2220.6787109375,39.69393539428711,-10.116312980651855
17.87,2221.0966796875,39.60649108886719,-10.125736236572266
17.88,2221.498046875,39.50904846191406,-10.125736236572266
17.89,2221.88916015625,39.405517578125,-10.125736236572266
17.9,2222.27197265625,39.29726028442383,-10.125736236572266
17.91,2222.648681640625,39.18562698364258,-10.125736236572266
17.92,2223.01904296875,39.07063293457031,-10.125736236572266
17.93,2223.381103515625,38.95106887817383,-10.125736236572266
17.94,2223.740966796875,38.83085250854492,-10.125736236572266
17.95,2224.093017578125,38.70612335205078,-10.125736236572266
17.96,2224.462646484375,38.59381103515625,-10.125736236572266
17.97,2224.843994140625,38.49017333984375,-10.097465515136719
17.98,2225.21923828125,38.38309860229492,-10.097465515136719
17.99,2225.60205078125,38.28181076049805,-10.097465515136719
18,2225.9765625,38.17563247680664,-10.106888771057129
18.01,2226.34912109375,38.068687438964844,-10.106888771057129
18.02,2226.71533203125,37.95832824707031,-10.106888771057129
18.03,2227.08154296875,37.848533630371094,-10.116312980651855
18.04,2227.44140625,37.73536682128906,-10.116312980651855
18.05,2227.79345703125,37.617652893066406,-10.106888771057129
18.06,2228.173828125,37.519615173339844,-10.106888771057129
18.07,2228.5458984375,37.41669464111328,-10.106888771057129
18.08,2228.911865234375,37.310333251953125,-10.106888771057129
18.09,2229.279541015625,37.20610046386719,-10.097465515136719
18.1,2229.643310546875,37.09980010986328,-10.097465515136719
18.11,2230.007080078125,36.994422912597656,-10.078618049621582
18.12,2230.362548828125,36.88426971435547,-10.078618049621582
18.13,2230.722412109375,36.77766036987305,-10.078618049621582
18.14,2231.082275390625,36.671844482421875,-10.078618049621582
18.15,2231.442138671875,36.56678771972656,-10.078618049621582
18.16,2231.796142578125,36.45834732055664,-10.078618049621582
18.17,2232.146240234375,36.34798812866211,-10.078618049621582
18.18,2232.500732421875,36.241214752197266,-10.088042259216309
18.19,2232.846923828125,36.12966537475586,-10.088042259216309
18.2,2233.185546875,36.01340866088867,-10.088042259216309
18.21,2233.518310546875,35.89393997192383,-10.088042259216309
18.22,2233.84326171875,35.769866943359375,-10.088042259216309
18.23,2234.160400390625,35.6412467956543,-10.088042259216309
18.24,2234.480224609375,35.51533508300781,-10.088042259216309
18.25,2234.825927734375,35.408111572265625,-10.088042259216309
18.26,2235.18212890625,35.309181213378906,-10.088042259216309
18.27,2235.53466796875,35.20821762084961,-10.088042259216309
18.28,2235.879150390625,35.10234069824219,-10.088042259216309
18.29,2236.22412109375,34.997520446777344,-10.088042259216309
18.3,2236.565185546875,34.89078903198242,-10.088042259216309
18.31,2236.908935546875,34.7867546081543,-10.078618049621582
18.32,2237.246826171875,34.67931365966797,-10.078618049621582
18.33,2237.595703125,34.58047103881836,-10.078618049621582
18.34,2237.936767578125,34.4766731262207,-10.078618049621582
18.35,2238.27197265625,34.36951446533203,-10.078618049621582
18.36,2238.6015625,34.25914001464844,-10.069194793701172
18.37,2238.927490234375,34.147003173828125,-10.069194793701172
18.38,2239.26708984375,34.04530334472656,-10.069194793701172
18.39,2239.609375,33.946189880371094,-10.078618049621582
18.4,2239.949951171875,33.8466911315918,-10.078618049621582
18.41,2240.286865234375,33.74528121948242,-10.078618049621582
18.42,2240.637451171875,33.654327392578125,-10.078618049621582
18.43,2240.97998046875,33.558258056640625,-10.078618049621582
18.44,2241.325439453125,33.46510314941406,-10.059770584106445
18.45,2241.66943359375,33.37152099609375,-10.059770584106445
18.46,2242.007568359375,33.27444076538086,-10.059770584106445
18.47,2242.337890625,33.172359466552734,-10.059770584106445
18.48,2242.660400390625,33.06535720825195,-10.059770584106445
18.49,2242.990234375,32.96452331542969,-10.059770584106445
18.5,2243.314453125,32.860294342041016,-10.059770584106445
18.51,2243.648193359375,32.763851165771484,-10.059770584106445
18.52,2243.97412109375,32.662479400634766,-10.050347328186035
18.53,2244.294677734375,32.557777404785156,-10.050347328186035
18.54,2244.6162109375,32.454551696777344,-10.050347328186035
18.55,2244.947265625,32.35926818847656,-10.050347328186035
18.56,2245.272705078125,32.260555267333984,-10.050347328186035
18.57,2245.59033203125,32.156856536865234,-10.050347328186035
18.58,2245.91796875,32.0612907409668,-10.040924072265625
18.59,2246.23779296875,31.960769653320312,-10.031499862670898
18.6,2246.550048828125,31.855287551879883,-10.031499862670898
18.61,2246.85693359375,31.7465763092041,-10.031499862670898
18.62,2247.171630859375,31.644554138183594,-10.031499862670898
18.63,2247.48095703125,31.53925323486328,-10.031499862670898
18.64,2247.802490234375,31.443958282470703,-10.031499862670898
18.65,2248.123046875,31.348581314086914,-10.031499862670898
18.66,2248.44921875,31.258136749267578,-10.031499862670898
18.67,2248.78076171875,31.1726016998291,-10.031499862670898
18.68,2249.104736328125,31.081817626953125,-10.031499862670898
18.69,2249.4208984375,30.986074447631836,-10.012652397155762
18.7,2249.729248046875,30.88528060913086,-10.012652397155762
18.71,2250.03466796875,30.782894134521484,-10.012652397155762
18.72,2250.328125,30.672191619873047,-10.012652397155762
18.73,2250.61865234375,30.560083389282227,-10.012652397155762
18.74,2250.90185546875,30.443191528320312,-10.012652397155762
18.75,2251.193603515625,30.333648681640625,-10.012652397155762
18.76,2251.491455078125,30.22968292236328,-10.012652397155762
18.77,2251.790771484375,30.127742767333984,-10.012652397155762
18.78,2252.087158203125,30.024311065673828,-10.012652397155762
18.79,2252.383056640625,29.921184539794922,-10.012652397155762
18.8,2252.671630859375,29.813297271728516,-9.993805885314941
18.81,2252.955078125,29.702320098876953,-9.993805885314941
18.82,2253.23583984375,29.590145111083984,-9.984381675720215
18.83,2253.518310546875,29.48029899597168,-9.984381675720215
18.84,2253.814453125,29.38172721862793,-9.984381675720215
18.85,2254.125732421875,29.29627799987793,-9.965534210205078
18.86,2254.4296875,29.205543518066406,-9.965534210205078
18.87,2254.73046875,29.11321449279785,-9.965534210205078
18.88,2255.026123046875,29.01746940612793,-9.974958419799805
18.89,2255.31689453125,28.918514251708984,-9.965534210205078
18.9,2255.600341796875,28.81453514099121,-9.965534210205078
18.91,2255.885498046875,28.71308135986328,-9.956110954284668
18.92,2256.15869140625,28.602954864501953,-9.956110954284668
18.93,2256.43896484375,28.499046325683594,-9.956110954284668
18.94,2256.71630859375,28.3939266204834,-9.956110954284668
18.95,2257.021484375,28.311769485473633,-9.956110954284668
18.96,2257.321533203125,28.226125717163086,-9.956110954284668
18.97,2257.614013671875,28.13519859313965,-9.956110954284668
18.98,2257.896728515625,28.037208557128906,-9.956110954284668
18.99,2258.174560546875,27.936073303222656,-9.956110954284668
19,2258.4453125,27.829954147338867,-9.956110954284668
19.01,2258.725341796875,27.73219871520996,-9.956110954284668
19.02,2258.998291015625,27.62939453125,-9.956110954284668
19.03,2259.27587890625,27.53119659423828,-9.956110954284668
19.04,2259.548583984375,27.42987823486328,-9.956110954284668
19.05,2259.816650390625,27.325515747070312,-9.956110954284668
19.06,2260.079833984375,27.21811866760254,-9.956110954284668
19.07,2260.350341796875,27.117509841918945,-9.956110954284668
19.08,2260.623291015625,27.019784927368164,-9.946687698364258
19.09,2260.888916015625,26.917001724243164,-9.946687698364258
19.1,2261.15478515625,26.815135955810547,-9.946687698364258
19.11,2261.420654296875,26.71424674987793,-9.946687698364258
19.12,2261.679443359375,26.608455657958984,-9.937263488769531
19.13,2261.933837890625,26.499706268310547,-9.937263488769531
19.14,2262.188232421875,26.39212989807129,-9.937263488769531
19.15,2262.43603515625,26.279582977294922,-9.946687698364258
19.16,2262.6767578125,26.16223907470703,-9.946687698364258
19.17,2262.9423828125,26.066530227661133,-9.946687698364258
19.18,2263.205810546875,25.969751358032227,-9.946687698364258
19.19,2263.464599609375,25.869935989379883,-9.946687698364258
19.2,2263.718994140625,25.767154693603516,-9.946687698364258
19.21,2263.96630859375,25.659400939941406,-9.946687698364258
19.22,2264.206787109375,25.54676628112793,-9.946687698364258
19.23,2264.44287109375,25.431333541870117,-9.956110954284668
19.24,2264.699462890625,25.33408546447754,-9.956110954284668
19.25,2264.9638671875,25.244342803955078,-9.956110954284668
19.26,2265.22607421875,25.153682708740234,-9.946687698364258
19.27,2265.481201171875,25.057809829711914,-9.946687698364258
19.28,2265.7392578125,24.965290069580078,-9.946687698364258
19.29,2265.9931640625,24.869731903076172,-9.946687698364258
19.3,2266.239990234375,24.769062042236328,-9.946687698364258
19.31,2266.489990234375,24.671934127807617,-9.946687698364258
19.32,2266.733154296875,24.56982421875,-9.937263488769531
19.33,2266.976806640625,24.469188690185547,-9.937263488769531
19.34,2267.2236328125,24.3721981048584,-9.937263488769531
19.35,2267.476318359375,24.281003952026367,-9.937263488769531
19.36,2267.71728515625,24.18028450012207,-9.937263488769531
19.37,2267.956298828125,24.079008102416992,-9.927840232849121
19.38,2268.208740234375,23.990278244018555,-9.937263488769531
19.39,2268.454345703125,23.896394729614258,-9.927840232849121
19.4,2268.693115234375,23.797382354736328,-9.927840232849121
19.41,2268.927734375,23.695524215698242,-9.927840232849121
19.42,2269.158203125,23.590940475463867,-9.927840232849121
19.43,2269.384521484375,23.483694076538086,-9.927840232849121
19.44,2269.614501953125,23.3804931640625,-9.937263488769531
19.45,2269.861083984375,23.292753219604492,-9.937263488769531
19.46,2270.1005859375,23.199748992919922,-9.937263488769531
19.47,2270.33349609375,23.10160255432129,-9.937263488769531
19.48,2270.5595703125,22.9984188079834,-9.937263488769531
19.49,2270.779296875,22.890302658081055,-9.937263488769531
19.5,2270.9951171875,22.779605865478516,-9.937263488769531
19.51,2271.20703125,22.66645050048828,-9.937263488769531
19.52,2271.41259765625,22.548643112182617,-9.927840232849121
19.53,2271.627685546875,22.440250396728516,-9.927840232849121
19.54,2271.836181640625,22.327022552490234,-9.927840232849121
19.55,2272.05419921875,22.22307777404785,-9.946687698364258
19.56,2272.26806640625,22.116600036621094,-9.946687698364258
19.57,2272.486083984375,22.014989852905273,-9.927840232849121
19.58,2272.700439453125,21.910829544067383,-9.927840232849121
19.59,2272.91357421875,21.80654525756836,-9.927840232849121
19.6,2273.133544921875,21.70952033996582,-9.927840232849121
19.61,2273.36279296875,21.621980667114258,-9.927840232849121
19.62,2273.59375,21.536531448364258,-9.927840232849121
19.63,2273.839111328125,21.465314865112305,-9.927840232849121
19.64,2274.07763671875,21.388446807861328,-9.927840232849121
19.65,2274.31201171875,21.308544158935547,-9.927840232849121
19.66,2274.539794921875,21.223222732543945,-9.927840232849121
19.67,2274.7607421875,21.132619857788086,-9.927840232849121
19.68,2274.975341796875,21.036861419677734,-9.927840232849121
19.69,2275.18359375,20.936159133911133,-9.918416976928711
19.7,2275.3857421875,20.830524444580078,-9.918416976928711
19.71,2275.59765625,20.735136032104492,-9.918416976928711
19.72,2275.787109375,20.61956787109375,-9.918416976928711
19.73,2275.98681640625,20.514583587646484,-9.918416976928711
19.74,2276.2099609375,20.432907104492188,-9.908992767333984
19.75,2276.42919921875,20.34853744506836,-9.899569511413574
19.76,2276.65283203125,20.269193649291992,-9.899569511413574
19.77,2276.87255859375,20.18697738647461,-9.899569511413574
19.78,2277.0859375,20.099441528320312,-9.899569511413574
19.79,2277.295654296875,20.009416580200195,-9.890145301818848
19.8,2277.499267578125,19.914264678955078,-9.890145301818848
19.81,2277.699462890625,19.816801071166992,-9.880722045898438
19.82,2277.901611328125,19.72222137451172,-9.880722045898438
19.83,2278.111083984375,19.635639190673828,-9.871298789978027
19.84,2278.316650390625,19.54644775390625,-9.871298789978027
19.85,2278.521728515625,19.457380294799805,-9.871298789978027
19.86,2278.720703125,19.36335563659668,-9.871298789978027
19.87,2278.921630859375,19.272178649902344,-9.871298789978027
19.88,2279.116455078125,19.176185607910156,-9.871298789978027
19.89,2279.3056640625,19.075647354125977,-9.8618745803833
19.9,2279.507080078125,18.988122940063477,-9.8618745803833
19.91,2279.68505859375,18.878265380859375,-9.871298789978027
19.92,2279.87548828125,18.781646728515625,-9.871298789978027
19.93,2280.060302734375,18.680545806884766,-9.871298789978027
19.94,2280.23974609375,18.575117111206055,-9.871298789978027
19.95,2280.4140625,18.465505599975586,-9.871298789978027
19.96,2280.608154296875,18.376604080200195,-9.871298789978027
19.97,2280.8017578125,18.288105010986328,-9.871298789978027
19.98,2280.9921875,18.197492599487305,-9.871298789978027
19.99,2281.17724609375,18.10244369506836,-9.871298789978027
20,2281.359375,18.005556106567383,-9.871298789978027
20.01,2281.53662109375,17.904447555541992,-9.871298789978027
20.02,2281.716064453125,17.80661964416504,-9.871298789978027
20.03,2281.9072265625,17.721843719482422,-9.8618745803833
20.04,2282.09814453125,17.637535095214844,-9.8618745803833
20.05,2282.2861328125,17.55129051208496,-9.85245132446289
20.06,2282.466796875,17.45842170715332,-9.843027114868164
20.07,2282.64453125,17.363588333129883,-9.8618745803833
20.08,2282.8173828125,17.26486587524414,-9.843027114868164
20.09,2282.9853515625,17.162185668945312,-9.843027114868164
20.1,2283.1484375,17.055667877197266,-9.843027114868164
20.11,2283.306884765625,16.945430755615234,-9.843027114868164
20.12,2283.45849609375,16.829132080078125,-9.85245132446289
20.13,2283.607666015625,16.711761474609375,-9.85245132446289
20.14,2283.781005859375,16.619932174682617,-9.8618745803833
20.15,2283.949462890625,16.52414894104004,-9.8618745803833
20.16,2284.09912109375,16.4101619720459,-9.85245132446289
20.17,2284.241943359375,16.290369033813477,-9.85245132446289
20.18,2284.3828125,16.169767379760742,-9.85245132446289
20.19,2284.535888671875,16.062744140625,-9.8618745803833
20.2,2284.6845703125,15.952345848083496,-9.85245132446289
20.21,2284.828857421875,15.838587760925293,-9.85245132446289
20.22,2284.968994140625,15.721660614013672,-9.843027114868164
20.23,2285.104736328125,15.60157299041748,-9.843027114868164
20.24,2285.280517578125,15.523940086364746,-9.85245132446289
20.25,2285.465576171875,15.45669937133789,-9.85245132446289
20.26,2285.64794921875,15.38766098022461,-9.85245132446289
20.27,2285.827880859375,15.316971778869629,-9.843027114868164
20.28,2286.01025390625,15.249414443969727,-9.843027114868164
20.29,2286.18798828125,15.177706718444824,-9.843027114868164
20.3,2286.361083984375,15.102058410644531,-9.833603858947754
20.31,2286.52978515625,15.022482872009277,-9.833603858947754
20.32,2286.69384765625,14.939087867736816,-9.833603858947754
20.33,2286.855712890625,14.854378700256348,-9.833603858947754
20.34,2287.01318359375,14.766009330749512,-9.833603858947754
20.35,2287.168701171875,14.676383972167969,-9.843027114868164
20.36,2287.320068359375,14.583245277404785,-9.843027114868164
20.37,2287.469482421875,14.489090919494629,-9.843027114868164
20.38,2287.61474609375,14.391565322875977,-9.843027114868164
20.39,2287.755859375,14.290762901306152,-9.843027114868164
20.4,2287.892822265625,14.186874389648438,-9.833603858947754
20.41,2288.02587890625,14.079900741577148,-9.833603858947754
20.42,2288.1552734375,13.969932556152344,-9.833603858947754
20.43,2288.30322265625,13.880918502807617,-9.833603858947754
20.44,2288.44970703125,13.790961265563965,-9.833603858947754
20.45,2288.592041015625,13.69770336151123,-9.833603858947754
20.46,2288.730224609375,13.601239204406738,-9.833603858947754
20.47,2288.869140625,13.506451606750488,-9.833603858947754
20.48,2289.004150390625,13.408536911010742,-9.833603858947754
20.49,2289.130615234375,13.302892684936523,-9.824180603027344
20.5,2289.25341796875,13.194406509399414,-9.824180603027344
20.51,2289.367919921875,13.078378677368164,-9.824180603027344
20.52,2289.47900390625,12.959782600402832,-9.824180603027344
20.53,2289.58642578125,12.838891983032227,-9.805333137512207
20.54,2289.699462890625,12.72516918182373,-9.805333137512207
20.55,2289.80908203125,12.608823776245117,-9.814756393432617
20.56,2289.928466796875,12.504322052001953,-9.814756393432617
20.57,2290.04443359375,12.397047996520996,-9.824180603027344
20.58,2290.1591796875,12.289566040039062,-9.824180603027344
20.59,2290.270263671875,12.17951774597168,-9.824180603027344
20.6,2290.39599609375,12.08604621887207,-9.824180603027344
20.61,2290.518310546875,11.989752769470215,-9.824180603027344
20.62,2290.62109375,11.87405014038086,-9.824180603027344
20.63,2290.736328125,11.77271842956543,-9.824180603027344
20.64,2290.850341796875,11.671189308166504,-9.824180603027344
20.65,2290.974609375,11.581374168395996,-9.824180603027344
20.66,2291.099609375,11.49373722076416,-9.805333137512207
20.67,2291.216796875,11.39832878112793,-9.824180603027344
20.68,2291.3349609375,11.305257797241211,-9.805333137512207
20.69,2291.458740234375,11.219084739685059,-9.805333137512207
20.7,2291.5791015625,11.130132675170898,-9.805333137512207
20.71,2291.70263671875,11.045389175415039,-9.824180603027344
20.72,2291.8271484375,10.962646484375,-9.824180603027344
20.73,2291.9482421875,10.87710952758789,-9.824180603027344
20.74,2292.066162109375,10.788856506347656,-9.824180603027344
20.75,2292.16259765625,10.678967475891113,-9.824180603027344
20.76,2292.273681640625,10.585928916931152,-9.824180603027344
20.77,2292.36376953125,10.471415519714355,-9.824180603027344
20.78,2292.448486328125,10.352524757385254,-9.824180603027344
20.79,2292.532470703125,10.234234809875488,-9.814756393432617
20.8,2292.613525390625,10.114087104797363,-9.814756393432617
20.81,2292.691650390625,9.992149353027344,-9.814756393432617
20.82,2292.784912109375,9.887451171875,-9.814756393432617
20.83,2292.904296875,9.81151008605957,-9.814756393432617
20.84,2293.020263671875,9.732707023620605,-9.833603858947754
20.85,2293.133056640625,9.6513090133667,-9.833603858947754
20.86,2293.24267578125,9.567299842834473,-9.843027114868164
20.87,2293.34912109375,9.480840682983398,-9.843027114868164
20.88,2293.452392578125,9.392009735107422,-9.843027114868164
20.89,2293.54833984375,9.296133995056152,-9.843027114868164
20.9,2293.638916015625,9.195748329162598,-9.843027114868164
20.91,2293.726806640625,9.093353271484375,-9.843027114868164
20.92,2293.8115234375,8.98901653289795,-9.843027114868164
20.93,2293.895751953125,8.88517951965332,-9.843027114868164
20.94,2293.98388671875,8.786580085754395,-9.843027114868164
20.95,2294.0693359375,8.686028480529785,-9.843027114868164
20.96,2294.15185546875,8.583680152893066,-9.833603858947754
20.97,2294.222900390625,8.470039367675781,-9.833603858947754
20.98,2294.28662109375,8.350113868713379,-9.833603858947754
20.99,2294.347900390625,8.22879695892334,-9.833603858947754
21,2294.40673828125,8.106143951416016,-9.833603858947754
21.01,2294.463134765625,7.982210636138916,-9.833603858947754
21.02,2294.5126953125,7.852385520935059,-9.833603858947754
21.03,2294.56005859375,7.721490383148193,-9.833603858947754
21.04,2294.60498046875,7.58958101272583,-9.833603858947754
21.05,2294.647705078125,7.456706523895264,-9.833603858947754
21.06,2294.688232421875,7.322922706604004,-9.833603858947754
21.07,2294.739990234375,7.202363014221191,-9.833603858947754
21.08,2294.79833984375,7.090116500854492,-9.833603858947754
21.09,2294.863037109375,6.98587703704834,-9.843027114868164
21.1,2294.925537109375,6.880218982696533,-9.843027114868164
21.11,2294.988037109375,6.775547981262207,-9.843027114868164
21.12,2295.048095703125,6.669508457183838,-9.843027114868164
21.13,2295.12353515625,6.581024646759033,-9.833603858947754
21.14,2295.203369140625,6.498029708862305,-9.824180603027344
21.15,2295.28271484375,6.415627479553223,-9.824180603027344
21.16,2295.370849609375,6.343171119689941,-9.824180603027344
21.17,2295.4453125,6.257065773010254,-9.824180603027344
21.18,2295.517333984375,6.169322490692139,-9.824180603027344
21.19,2295.587158203125,6.079991340637207,-9.824180603027344
21.2,2295.6455078125,5.979731559753418,-9.824180603027344
21.21,2295.70166015625,5.878292560577393,-9.814756393432617
21.22,2295.780029296875,5.801390647888184,-9.814756393432617
21.23,2295.856201171875,5.72285270690918,-9.805333137512207
21.24,2295.914306640625,5.626278400421143,-9.805333137512207
21.25,2295.97021484375,5.528436183929443,-9.805333137512207
21.26,2296.02392578125,5.429375648498535,-9.805333137512207
21.27,2296.0888671875,5.343148708343506,-9.805333137512207
21.28,2296.154052734375,5.257837772369385,-9.805333137512207
21.29,2296.216796875,5.17110013961792,-9.805333137512207
21.3,2296.2841796875,5.090009689331055,-9.805333137512207
21.31,2296.34033203125,4.998080730438232,-9.805333137512207
21.32,2296.383544921875,4.893283367156982,-9.805333137512207
21.33,2296.435546875,4.799195289611816,-9.805333137512207
21.34,2296.48583984375,4.703971862792969,-9.805333137512207
21.35,2296.523193359375,4.595933437347412,-9.814756393432617
21.36,2296.558349609375,4.487098693847656,-9.814756393432617
21.37,2296.58740234375,4.372839450836182,-9.814756393432617
21.38,2296.619140625,4.262640953063965,-9.814756393432617
21.39,2296.649169921875,4.151672840118408,-9.824180603027344
21.4,2296.677490234375,4.040072441101074,-9.824180603027344
21.41,2296.70849609375,3.932544708251953,-9.824180603027344
21.42,2296.73779296875,3.824357032775879,-9.824180603027344
21.43,2296.77001953125,3.7201526165008545,-9.824180603027344
21.44,2296.80029296875,3.6152660846710205,-9.824180603027344
21.45,2296.8466796875,3.5283775329589844,-9.824180603027344
21.46,2296.900390625,3.449894666671753,-9.814756393432617
21.47,2296.951904296875,3.370244264602661,-9.814756393432617
21.48,2297.001708984375,3.2894699573516846,-9.814756393432617
21.49,2297.04736328125,3.2052817344665527,-9.814756393432617
21.5,2297.09130859375,3.1202001571655273,-9.805333137512207
21.51,2297.133544921875,3.0341639518737793,-9.805333137512207
21.52,2297.167236328125,2.94033145904541,-9.79590892791748
21.53,2297.20361328125,2.8504300117492676,-9.79590892791748
21.54,2297.238525390625,2.759742259979248,-9.79590892791748
21.55,2297.26513671875,2.6612377166748047,-9.805333137512207
21.56,2297.28369140625,2.555197238922119,-9.805333137512207
21.57,2297.302978515625,2.451101303100586,-9.805333137512207
21.58,2297.32080078125,2.3466098308563232,-9.805333137512207
21.59,2297.337158203125,2.2417500019073486,-9.805333137512207
21.6,2297.356689453125,2.1411921977996826,-9.805333137512207
21.61,2297.381591796875,2.047191858291626,-9.805333137512207
21.62,2297.405029296875,1.9526652097702026,-9.805333137512207
21.63,2297.427001953125,1.8576449155807495,-9.805333137512207
21.64,2297.456298828125,1.771383285522461,-9.805333137512207
21.65,2297.484375,1.6844924688339233,-9.805333137512207
21.66,2297.5107421875,1.5970046520233154,-9.805333137512207
21.67,2297.53564453125,1.508957862854004,-9.805333137512207
21.68,2297.559326171875,1.4203790426254272,-9.805333137512207
21.69,2297.574951171875,1.3244074583053589,-9.805333137512207
21.7,2297.58935546875,1.2281144857406616,-9.805333137512207
21.71,2297.6025390625,1.1315269470214844,-9.805333137512207
21.72,2297.62109375,1.041560411453247,-9.805333137512207
21.73,2297.6318359375,0.9443145990371704,-9.805333137512207
21.74,2297.641357421875,0.8468546867370605,-9.805333137512207
21.75,2297.647705078125,0.7468931078910828,-9.805333137512207
21.76,2297.650634765625,0.644311785697937,-9.824180603027344
21.77,2297.65234375,0.5416938662528992,-9.824180603027344
21.78,2297.653076171875,0.4391549825668335,-9.814756393432617
21.79,2297.65283203125,0.3366222381591797,-9.814756393432617
21.8,2297.651611328125,0.23402273654937744,-9.824180603027344
21.81,2297.6494140625,0.13137783110141754,-9.833603858947754
21.82,2297.635009765625,0.01725066639482975,-9.833603858947754
21.83,2297.6201171875,-0.09653756767511368,-9.833603858947754
21.84,2297.60205078125,-0.21227644383907318,-9.833603858947754
21.85,2297.58544921875,-0.3253801167011261,-9.843027114868164
21.86,2297.568115234375,-0.4380030930042267,-9.833603858947754
21.87,2297.5654296875,-0.5340508222579956,-9.833603858947754
21.88,2297.561767578125,-0.6300188899040222,-9.833603858947754
21.89,2297.5595703125,-0.723577082157135,-9.833603858947754
21.9,2297.556396484375,-0.8170666694641113,-9.833603858947754
21.91,2297.552490234375,-0.9103774428367615,-9.824180603027344
21.92,2297.536865234375,-1.0151220560073853,-9.824180603027344
21.93,2297.520263671875,-1.1194978952407837,-9.824180603027344
21.94,2297.522705078125,-1.202782392501831,-9.824180603027344
21.95,2297.504638671875,-1.3068102598190308,-9.824180603027344
21.96,2297.48583984375,-1.4104164838790894,-9.824180603027344
21.97,2297.466552734375,-1.5135905742645264,-9.824180603027344
21.98,2297.446533203125,-1.6163219213485718,-9.824180603027344
21.99,2297.426025390625,-1.7185947895050049,-9.824180603027344
22,2297.405029296875,-1.8204927444458008,-9.833603858947754
22.01,2297.38330078125,-1.9219058752059937,-9.833603858947754
22.02,2297.35888671875,-2.0252227783203125,-9.843027114868164
22.03,2297.333984375,-2.127985715866089,-9.843027114868164
22.04,2297.302001953125,-2.2370917797088623,-9.843027114868164
22.05,2297.26953125,-2.345472812652588,-9.843027114868164
22.06,2297.24560546875,-2.4439139366149902,-9.843027114868164
22.07,2297.22119140625,-2.5418124198913574,-9.843027114868164
22.08,2297.1962890625,-2.63915753364563,-9.843027114868164
22.09,2297.1796875,-2.726726531982422,-9.843027114868164
22.1,2297.15380859375,-2.823031187057495,-9.833603858947754
22.11,2297.14501953125,-2.90038800239563,-9.833603858947754
22.12,2297.1357421875,-2.977445363998413,-9.824180603027344
22.13,2297.1259765625,-3.054192543029785,-9.814756393432617
22.14,2297.096435546875,-3.0530004501342773,0
22.15,2297.0673828125,-3.0514004230499268,0
22.16,2297.0390625,-3.0491678714752197,0
22.17,2297.0068359375,-3.050921678543091,0
22.18,2296.970947265625,-3.0565710067749023,0
22.19,2296.93359375,-3.063739538192749,0
22.2,2296.89697265625,-3.070094585418701,0
22.21,2296.8544921875,-3.0824902057647705,0
22.22,2296.812744140625,-3.0939602851867676,0
22.23,2296.771728515625,-3.104515790939331,0
22.24,2296.720458984375,-3.125678300857544,0
22.25,2296.68115234375,-3.134219169616699,0
22.26,2296.642578125,-3.141904354095459,0
22.27,2296.6044921875,-3.148744583129883,0
22.28,2296.5693359375,-3.152456521987915,0
22.29,2296.53271484375,-3.157702922821045,0
22.3,2296.499267578125,-3.159853219985962,0
22.31,2296.472900390625,-3.154437780380249,0
22.32,2296.440673828125,-3.155287265777588,0
22.33,2296.408935546875,-3.155435800552368,0
22.34,2296.358154296875,-3.1755754947662354,0
22.35,2296.30615234375,-3.1968445777893066,0
22.36,2296.2548828125,-3.2169766426086426,0
22.37,2296.20458984375,-3.235987663269043,0
22.38,2296.155029296875,-3.253899097442627,0
22.39,2296.095458984375,-3.282221555709839,0
22.4,2296.028076171875,-3.3184332847595215,0
22.41,2295.961669921875,-3.35316801071167,0
22.42,2295.896484375,-3.3864524364471436,0
22.43,2295.830078125,-3.420546770095825,0
22.44,2295.7646484375,-3.4531912803649902,0
22.45,2295.70703125,-3.477573871612549,0
22.46,2295.654541015625,-3.4961040019989014,0
22.47,2295.60302734375,-3.5134875774383545,0
22.48,2295.556640625,-3.5251522064208984,0
22.49,2295.515625,-3.5312201976776123,0
22.5,2295.475341796875,-3.536391496658325,0
22.51,2295.440185546875,-3.5361475944519043,0
22.52,2295.40576171875,-3.535139799118042,0
22.53,2295.36767578125,-3.53792405128479,0
22.54,2295.330322265625,-3.5398809909820557,0
22.55,2295.2939453125,-3.5410263538360596,0
22.56,2295.25830078125,-3.541381597518921,0
22.57,2295.20361328125,-3.56156325340271,0
22.58,2295.138916015625,-3.5920307636260986,0
22.59,2295.072998046875,-3.6233773231506348,0
22.6,2294.988525390625,-3.673889636993408,0
22.61,2294.8486328125,-3.782057523727417,0
22.62,2294.214599609375,-4.406041622161865,0
22.63,2293.587890625,-5.0161051750183105,0
22.64,2292.968017578125,-5.612408638000488,0
22.65,2292.355224609375,-6.195101737976074,0
22.66,2291.749267578125,-6.764344215393066,0
22.67,2291.226806640625,-7.240375995635986,0
22.68,2290.7890625,-7.622735977172852,0
22.69,2290.365478515625,-7.986379623413086,0
22.7,2289.947021484375,-8.340737342834473,0
22.71,2289.53369140625,-8.685921669006348,0
22.72,2289.125732421875,-9.022048950195312,0
22.73,2288.722900390625,-9.349237442016602,0
22.74,2288.296875,-9.697314262390137,0
22.75,2287.876220703125,-10.036060333251953,0
22.76,2287.4609375,-10.365592956542969,0
22.77,2287.051025390625,-10.686029434204102,0
22.78,2286.646484375,-10.997491836547852,0
22.79,2286.251953125,-11.295513153076172,0
22.8,2285.873291015625,-11.573481559753418,0
22.81,2285.563232421875,-11.77692985534668,0
22.82,2285.31884765625,-11.90959644317627,0
22.83,2285.080078125,-12.034688949584961,0
22.84,2284.8779296875,-12.120277404785156,0
22.85,2284.736083984375,-12.142048835754395,0
22.86,2284.601318359375,-12.156152725219727,0
22.87,2284.4931640625,-12.142154693603516,0
22.88,2284.40478515625,-12.107579231262207,0
22.89,2284.331787109375,-12.057327270507812,0
22.9,2284.26513671875,-12.000978469848633,0
22.91,2284.208984375,-11.934019088745117,0
22.92,2284.172119140625,-11.847564697265625,0
22.93,2284.136962890625,-11.760333061218262,0
22.94,2284.1142578125,-11.660945892333984,0
22.95,2284.093017578125,-11.561088562011719,0
22.96,2284.086181640625,-11.447035789489746,0
22.97,2284.080810546875,-11.332863807678223,0
22.98,2284.0634765625,-11.232359886169434,0
22.99,2284.047607421875,-11.131503105163574,0
23,2284.03076171875,-11.032618522644043,0
23.01,2284.01513671875,-10.933391571044922,0
23.02,2284.0009765625,-10.833847999572754,0
23.03,2283.988037109375,-10.734020233154297,0
23.04,2283.971923828125,-10.638463020324707,0
23.05,2283.954833984375,-10.544872283935547,0
23.06,2283.94140625,-10.448639869689941,0
23.07,2283.92919921875,-10.352139472961426,0
23.08,2283.918212890625,-10.255396842956543,0
23.09,2283.906005859375,-10.160731315612793,0
23.1,2283.897216796875,-10.063530921936035,0
23.11,2283.8896484375,-9.96616268157959,0
23.12,2283.88330078125,-9.86865234375,0
23.13,2283.87353515625,-9.775613784790039,0
23.14,2283.864990234375,-9.682385444641113,0
23.15,2283.857421875,-9.5889892578125,0
23.16,2283.850830078125,-9.495450973510742,0
23.17,2283.84326171875,-9.404086112976074,0
23.18,2283.849853515625,-9.298879623413086,0
23.19,2283.857177734375,-9.193839073181152,0
23.2,2283.8544921875,-9.100385665893555,0
23.21,2283.86376953125,-8.995491027832031,0
23.22,2283.8740234375,-8.890825271606445,0
23.23,2283.8916015625,-8.779531478881836,0
23.24,2283.90966796875,-8.668642044067383,0
23.25,2283.954833984375,-8.530722618103027,0
23.26,2284.00048828125,-8.393816947937012,0
23.27,2284.04638671875,-8.257928848266602,0
23.28,2284.0927734375,-8.12307071685791,0
23.29,2284.139404296875,-7.989246368408203,0
23.3,2284.1865234375,-7.856466770172119,0
23.31,2284.2119140625,-7.7475996017456055,0
23.32,2284.2314453125,-7.646183013916016,0
23.33,2284.24072265625,-7.55661678314209,0
23.34,2284.24169921875,-7.476438999176025,0
23.35,2284.215087890625,-7.4259843826293945,0
23.36,2284.209228515625,-7.354395866394043,0
23.37,2284.193359375,-7.294153690338135,0
23.38,2284.17822265625,-7.233578681945801,0
23.39,2284.1533203125,-7.18409538269043,0
23.4,2284.12939453125,-7.134083271026611,0
23.41,2284.08447265625,-7.106428146362305,0
23.42,2284.040771484375,-7.0778045654296875,0
23.43,2284.0048828125,-7.041362285614014,0
23.44,2283.974609375,-6.999568939208984,0
23.45,2283.945068359375,-6.957124710083008,0
23.46,2283.916748046875,-6.914051055908203,0
23.47,2283.89599609375,-6.863556861877441,0
23.48,2283.8759765625,-6.812623977661133,0
23.49,2283.850341796875,-6.768085956573486,0
23.5,2283.82568359375,-6.723003387451172,0
23.51,2283.80224609375,-6.67739725112915,0
23.52,2283.77734375,-6.633580684661865,0
23.53,2283.720458984375,-6.623492240905762,0
23.54,2283.6650390625,-6.612175941467285,0
23.55,2283.61083984375,-6.599658012390137,0
23.56,2283.55810546875,-6.585970878601074,0
23.57,2283.49755859375,-6.5803022384643555,0
23.58,2283.4404296875,-6.571034908294678,0
23.59,2283.391357421875,-6.553658962249756,0
23.6,2283.343505859375,-6.535224914550781,0
23.61,2283.3076171875,-6.5043535232543945,0
23.62,2283.285888671875,-6.459029197692871,0
23.63,2283.26708984375,-6.410942554473877,0
23.64,2283.281982421875,-6.328213214874268,0
23.65,2283.297607421875,-6.245829105377197,0
23.66,2283.3134765625,-6.1638007164001465,0
23.67,2283.336669921875,-6.075263977050781,0
23.68,2283.360107421875,-5.987246990203857,0
23.69,2283.3837890625,-5.8997602462768555,0
23.7,2283.40771484375,-5.812803745269775,0
23.71,2283.429931640625,-5.728679656982422,0
23.72,2283.452392578125,-5.645053863525391,0
23.73,2283.484130859375,-5.552772045135498,0
23.74,2283.518310546875,-5.458967208862305,0
23.75,2283.5634765625,-5.354464054107666,0
23.76,2283.60888671875,-5.250967979431152,0
23.77,2283.654296875,-5.1484785079956055,0
23.78,2283.69970703125,-5.046995639801025,0
23.79,2283.738525390625,-4.95339298248291,0
23.8,2283.777587890625,-4.860653877258301,0
23.81,2283.80810546875,-4.777889728546143,0
23.82,2283.838623046875,-4.695804119110107,0
23.83,2283.86962890625,-4.614401817321777,0
23.84,2283.900634765625,-4.533688545227051,0
23.85,2283.929443359375,-4.4559550285339355,0
23.86,2283.960693359375,-4.3765716552734375,0
23.87,2284.009765625,-4.279618740081787,0
23.88,2284.065185546875,-4.176937580108643,0
23.89,2284.124755859375,-4.070903301239014,0
23.9,2284.186279296875,-3.9638915061950684,0
23.91,2284.271728515625,-3.8331058025360107,0
23.92,2284.367431640625,-3.6928043365478516,0
23.93,2284.462646484375,-3.554610252380371,0
23.94,2284.559326171875,-3.4162116050720215,0
23.95,2284.657470703125,-3.277656078338623,0
23.96,2284.755126953125,-3.1412606239318848,0
23.97,2284.85205078125,-3.007009506225586,0
23.98,2284.9482421875,-2.874891996383667,0
23.99,2285.0458984375,-2.74259614944458,0
24,2285.14306640625,-2.6124496459960938,0
24.01,2285.2392578125,-2.4844367504119873,0
24.02,2285.334716796875,-2.3585360050201416,0
24.03,2285.429443359375,-2.234731674194336,0
24.04,2285.512451171875,-2.1244595050811768,0
24.05,2285.58837890625,-2.022826671600342,0
24.06,2285.661376953125,-1.9251463413238525,0
24.07,2285.71875,-1.8450438976287842,0
24.08,2285.7734375,-1.768491506576538,0
24.09,2285.82568359375,-1.6954363584518433,0
24.1,2285.877685546875,-1.6235299110412598,0
24.11,2285.90966796875,-1.5733150243759155,0
24.12,2285.94140625,-1.5238041877746582,0
24.13,2285.972900390625,-1.4749921560287476,0
24.14,2286.004150390625,-1.4268735647201538,0
24.15,2286.035400390625,-1.3794431686401367,0
24.16,2286.0859375,-1.3121486902236938,0
24.17,2286.251708984375,-1.1249598264694214,0
24.18,2286.418212890625,-0.9391165971755981,0
24.19,2286.5830078125,-0.7569248676300049,0
24.2,2286.748291015625,-0.5760522484779358,0
24.21,2286.911865234375,-0.39879921078681946,0
24.22,2287.073974609375,-0.22513391077518463,0
24.23,2287.22998046875,-0.05959896743297577,0
24.24,2287.369140625,0.08654718101024628,0
24.25,2287.49609375,0.21820186078548431,0
24.26,2287.6083984375,0.3333982527256012,0
24.27,2287.719482421875,0.4461342394351959,0
24.28,2287.829345703125,0.5564416646957397,0
24.29,2287.920654296875,0.6460877656936646,0
24.3,2287.999755859375,0.7222910523414612,0
24.31,2288.073974609375,0.7921797633171082,0
24.32,2288.125244140625,0.8376700282096863,0
24.33,2288.176025390625,0.8820387721061707,0
24.34,2288.193359375,0.8910223841667175,0
24.35,2288.203857421875,0.8928201198577881,0
24.36,2288.175048828125,0.8532963395118713,0
24.37,2288.146484375,0.8144075870513916,0
24.38,2288.117919921875,0.7761484980583191,0
24.39,2288.08544921875,0.7339349985122681,0
24.4,2288.033447265625,0.6718950271606445,0
24.41,2287.97998046875,0.6087561249732971,0
24.42,2287.924560546875,0.5445076823234558,0
24.43,2287.86962890625,0.4814760684967041,0
24.44,2287.813232421875,0.41735613346099854,0
24.45,2287.73974609375,0.33621853590011597,0
24.46,2287.6650390625,0.25439995527267456,0
24.47,2287.5732421875,0.1559714376926422,0
24.48,2287.47802734375,0.05497482419013977,0
24.49,2287.373046875,-0.055324964225292206,0
24.5,2287.260498046875,-0.17242717742919922,0
24.51,2287.142578125,-0.29393160343170166,0
24.52,2287.004150390625,-0.4356233477592468,0
24.53,2286.864990234375,-0.5765733122825623,0
24.54,2286.720703125,-0.7213435173034668,0
24.55,2286.562744140625,-0.8789151906967163,0
24.56,2286.378173828125,-1.0626144409179688,0
24.57,2286.180419921875,-1.258231520652771,0
24.58,2285.962890625,-1.4723526239395142,0
24.59,2285.73291015625,-1.6976245641708374,0
24.6,2285.505126953125,-1.9178615808486938,0
24.61,2285.251708984375,-2.1627490520477295,0
24.62,2284.996826171875,-2.4066715240478516,0
24.63,2284.707763671875,-2.683748245239258,0
24.64,2284.419921875,-2.956735849380493,0
24.65,2284.12451171875,-3.2348737716674805,0
24.66,2283.832275390625,-3.50654935836792,0
24.67,2283.5390625,-3.776350498199463,0
24.68,2283.244873046875,-4.0443196296691895,0
24.69,2282.943359375,-4.317243576049805,0
24.7,2282.6455078125,-4.583578586578369,0
24.71,2282.35107421875,-4.843404293060303,0
24.72,2282.05615234375,-5.101318836212158,0
24.73,2281.7646484375,-5.352787971496582,0
24.74,2281.481201171875,-5.593372344970703,0
24.75,2281.20556640625,-5.823188304901123,0
24.76,2280.93310546875,-6.046982288360596,0
24.77,2280.664306640625,-6.264828205108643,0
24.78,2280.39892578125,-6.476805210113525,0
24.79,2280.136962890625,-6.682992935180664,0
24.8,2279.87841796875,-6.88346004486084,0
24.81,2279.6318359375,-7.0691914558410645,0
24.82,2279.41259765625,-7.22449254989624,0
24.83,2279.205078125,-7.365920066833496,0
24.84,2279.02880859375,-7.473198413848877,0
24.85,2278.857421875,-7.574350833892822,0
24.86,2278.690673828125,-7.669541358947754,0
24.87,2278.53076171875,-7.756524562835693,0
24.88,2278.382080078125,-7.830930709838867,0
24.89,2278.235595703125,-7.902101993560791,0
24.9,2278.100341796875,-7.960934162139893,0
24.91,2278.01513671875,-7.96673583984375,0
24.92,2277.933837890625,-7.968400478363037,0
24.93,2277.86083984375,-7.961504936218262,0
24.94,2277.802490234375,-7.939360618591309,0
24.95,2277.7783203125,-7.881762981414795,0
24.96,2277.75732421875,-7.821365833282471,0
24.97,2277.74609375,-7.751437664031982,0
24.98,2277.73583984375,-7.681282997131348,0
24.99,2277.730712890625,-7.606342315673828,0
25,2277.726318359375,-7.531307697296143,0
25.01,2277.722900390625,-7.456199645996094,0
25.02,2277.716064453125,-7.3856096267700195,0
25.03,2277.709716796875,-7.314883232116699,0
25.04,2277.7021484375,-7.246323585510254,0
25.05,2277.68896484375,-7.184421539306641,0
25.06,2277.6767578125,-7.122251033782959,0
25.07,2277.665283203125,-7.0598273277282715,0
25.08,2277.643798828125,-7.008609294891357,0
25.09,2277.62109375,-6.959161758422852,0
25.1,2277.599365234375,-6.909234046936035,0
25.11,2277.550048828125,-6.888467788696289,0
25.12,2277.502197265625,-6.866639614105225,0
25.13,2277.45556640625,-6.8437819480896,0
25.14,2277.394775390625,-6.835874080657959,0
25.15,2277.335205078125,-6.826650619506836,0
25.16,2277.27685546875,-6.816138744354248,0
25.17,2277.204833984375,-6.820317268371582,0
25.18,2277.1669921875,-6.788750171661377,0
25.19,2277.130126953125,-6.7563700675964355,0
25.2,2277.09423828125,-6.723197937011719,0
25.21,2277.024658203125,-6.725733280181885,0
25.22,2276.9326171875,-6.751805782318115,0
25.23,2276.842041015625,-6.775876045227051,0
25.24,2276.73779296875,-6.813927173614502,0
25.25,2276.6005859375,-6.8861308097839355,0
25.26,2276.465576171875,-6.955349445343018,0
25.27,2276.310791015625,-7.044384479522705,0
25.28,2276.154052734375,-7.134564399719238,0
25.29,2275.999755859375,-7.221336841583252,0
25.3,2275.836669921875,-7.316183567047119,0
25.31,2275.676025390625,-7.407480239868164,0
25.32,2275.51806640625,-7.4952850341796875,0
25.33,2275.3623046875,-7.579650402069092,0
25.34,2275.20703125,-7.662852764129639,0
25.35,2275.053955078125,-7.742674350738525,0
25.36,2274.8837890625,-7.839690685272217,0
25.37,2274.73583984375,-7.912481307983398,0
25.38,2274.570556640625,-8.002577781677246,0
25.39,2274.42724609375,-8.068553924560547,0
25.4,2274.28662109375,-8.13141918182373,0
25.41,2274.148193359375,-8.1912260055542,0
25.42,2274.022705078125,-8.236652374267578,0
25.43,2273.923583984375,-8.254322052001953,0
25.44,2273.826171875,-8.269842147827148,0
25.45,2273.73046875,-8.283249855041504,0
25.46,2273.623779296875,-8.308248519897461,0
25.47,2273.51904296875,-8.330933570861816,0
25.48,2273.416259765625,-8.351347923278809,0
25.49,2273.3154296875,-8.36953353881836,0
25.5,2273.21630859375,-8.385533332824707,0
25.51,2273.119384765625,-8.399389266967773,0
25.52,2273.024169921875,-8.41114330291748,0
25.53,2272.9306640625,-8.420832633972168,0
25.54,2272.847900390625,-8.419412612915039,0
25.55,2272.781982421875,-8.400256156921387,0
25.56,2272.7177734375,-8.379679679870605,0
25.57,2272.655029296875,-8.357720375061035,0
25.58,2272.59375,-8.334409713745117,0
25.59,2272.518798828125,-8.325724601745605,0
25.6,2272.44091796875,-8.319991111755371,0
25.61,2272.349609375,-8.328459739685059,0
25.62,2272.255859375,-8.339526176452637,0
25.63,2272.135498046875,-8.37809944152832,0
25.64,2272.017333984375,-8.414064407348633,0
25.65,2271.837890625,-8.513463020324707,0
25.66,2271.661376953125,-8.608959197998047,0
25.67,2271.487548828125,-8.700615882873535,0
25.68,2271.316650390625,-8.788496971130371,0
25.69,2271.148193359375,-8.872660636901855,0
25.7,2270.982421875,-8.953164100646973,0
25.71,2270.8193359375,-9.030061721801758,0
25.72,2270.658935546875,-9.103415489196777,0
25.73,2270.483642578125,-9.191450119018555,0
25.74,2270.28955078125,-9.298419952392578,0
25.75,2270.089599609375,-9.410250663757324,0
25.76,2269.84716796875,-9.565441131591797,0
25.77,2269.60791015625,-9.715351104736328,0
25.78,2269.372314453125,-9.860054016113281,0
25.79,2269.1552734375,-9.983746528625488,0
25.8,2268.932861328125,-10.11180305480957,0
25.81,2268.711669921875,-10.237308502197266,0
25.82,2268.493896484375,-10.358003616333008,0
25.83,2268.279296875,-10.473962783813477,0
25.84,2268.0703125,-10.582968711853027,0
25.85,2267.873291015625,-10.678349494934082,0
25.86,2267.679443359375,-10.769449234008789,0
25.87,2267.492919921875,-10.851822853088379,0
25.88,2267.296630859375,-10.943743705749512,0
25.89,2267.10107421875,-11.033684730529785,0
25.9,2266.90869140625,-11.119375228881836,0
25.91,2266.719482421875,-11.20089054107666,0
25.92,2266.5224609375,-11.289661407470703,0
25.93,2266.32666015625,-11.376436233520508,0
25.94,2266.125244140625,-11.468039512634277,0
25.95,2265.927001953125,-11.555267333984375,0
25.96,2265.727783203125,-11.642704963684082,0
25.97,2265.52099609375,-11.737181663513184,0
25.98,2265.29345703125,-11.85212516784668,0
25.99,2265.034912109375,-11.998516082763672,0
26,2264.758544921875,-12.16196346282959,0
26.01,2264.46240234375,-12.344412803649902,0
26.02,2264.146484375,-12.545379638671875,0
26.03,2263.8330078125,-12.741700172424316,0
26.04,2263.52197265625,-12.93348503112793,0
26.05,2263.211181640625,-13.123072624206543,0
26.06,2262.90283203125,-13.308125495910645,0
26.07,2262.592529296875,-13.49332332611084,0
26.08,2262.293212890625,-13.664920806884766,0
26.09,2261.976806640625,-13.852737426757812,0
26.1,2261.665283203125,-14.033676147460938,0
26.11,2261.35400390625,-14.212349891662598,0
26.12,2261.0322265625,-14.400193214416504,0
26.13,2260.67822265625,-14.619589805603027,0
26.14,2260.3271484375,-14.833564758300781,0
26.15,2259.961669921875,-15.060291290283203,0
26.16,2259.6015625,-15.279068946838379,0
26.17,2259.238037109375,-15.49909496307373,0
26.18,2258.8798828125,-15.711214065551758,0
26.19,2258.527099609375,-15.915542602539062,0
26.2,2258.1796875,-16.11220359802246,0
26.21,2257.84619140625,-16.2922306060791,0
26.22,2257.520263671875,-16.462726593017578,0
26.23,2257.21240234375,-16.612548828125,0
26.24,2256.928955078125,-16.73523712158203,0
26.25,2256.66748046875,-16.833669662475586,0
26.26,2256.412353515625,-16.924144744873047,0
26.27,2256.18359375,-16.986417770385742,0
26.28,2255.958740234375,-17.043731689453125,0
26.29,2255.738037109375,-17.096174240112305,0
26.3,2255.504150390625,-17.161996841430664,0
26.31,2255.2744140625,-17.222747802734375,0
26.32,2255.044677734375,-17.283035278320312,0
26.33,2254.81884765625,-17.338340759277344,0
26.34,2254.59716796875,-17.388755798339844,0
26.35,2254.368896484375,-17.445674896240234,0
26.36,2254.131591796875,-17.511287689208984,0
26.37,2253.898681640625,-17.571762084960938,0
26.38,2253.669921875,-17.627185821533203,0
26.39,2253.45849609375,-17.664012908935547,0
26.4,2253.2509765625,-17.69626235961914,0
26.41,2253.03662109375,-17.735383987426758,0
26.42,2252.82421875,-17.77214813232422,0
26.43,2252.60693359375,-17.81339454650879,0
26.44,2252.385009765625,-17.8590087890625,0
26.45,2252.167236328125,-17.899816513061523,0
26.46,2251.934326171875,-17.956296920776367,0
26.47,2251.692626953125,-18.021379470825195,0
26.48,2251.453125,-18.083450317382812,0
26.49,2251.21337890625,-18.1448974609375,0
26.5,2250.97802734375,-18.201154708862305,0
26.51,2250.746826171875,-18.252309799194336,0
26.52,2250.517822265625,-18.300737380981445,0
26.53,2250.280029296875,-18.3577938079834,0
26.54,2250.048828125,-18.40741729736328,0
26.55,2249.81982421875,-18.45431900024414,0
26.56,2249.59521484375,-18.496261596679688,0
26.57,2249.374755859375,-18.533340454101562,0
26.58,2249.132568359375,-18.592824935913086,0
26.59,2248.851318359375,-18.692384719848633,0
26.6,2248.56396484375,-18.79720687866211,0
26.61,2248.281494140625,-18.89579963684082,0
26.62,2248.001953125,-18.990497589111328,0
26.63,2247.71630859375,-19.090490341186523,0
26.64,2247.42919921875,-19.191083908081055,0
26.65,2247.142578125,-19.290019989013672,0
26.66,2246.828369140625,-19.41670799255371,0
26.67,2246.51953125,-19.536579132080078,0
26.68,2246.213623046875,-19.65203094482422,0
26.69,2245.90869140625,-19.765356063842773,0
26.7,2245.597900390625,-19.883426666259766,0
26.71,2245.29052734375,-19.996986389160156,0
26.72,2244.97314453125,-20.119747161865234,0
26.73,2244.654541015625,-20.24241828918457,0
26.74,2244.34130859375,-20.358179092407227,0
26.75,2243.994384765625,-20.50790023803711,0
26.76,2243.65087890625,-20.652372360229492,0
26.77,2243.313232421875,-20.789392471313477,0
26.78,2242.957275390625,-20.943971633911133,0
26.79,2242.607177734375,-21.09082794189453,0
26.8,2242.25634765625,-21.236881256103516,0
26.81,2241.8896484375,-21.39798355102539,0
26.82,2241.51611328125,-21.564716339111328,0
26.83,2241.148681640625,-21.723342895507812,0
26.84,2240.784912109375,-21.876220703125,0
26.85,2240.425048828125,-22.02349090576172,0
26.86,2240.0712890625,-22.16295623779297,0
26.87,2239.688720703125,-22.330982208251953,0
26.88,2239.310302734375,-22.49293327331543,0
26.89,2238.93603515625,-22.64896583557129,0
26.9,2238.56787109375,-22.796876907348633,0
26.91,2238.205810546875,-22.936803817749023,0
26.92,2237.845703125,-23.073387145996094,0
26.93,2237.480712890625,-23.213518142700195,0
26.94,2237.121826171875,-23.345733642578125,0
26.95,2236.76708984375,-23.472400665283203,0
26.96,2236.41845703125,-23.591379165649414,0
26.97,2236.075927734375,-23.702800750732422,0
26.98,2235.73291015625,-23.813583374023438,0
26.99,2235.3916015625,-23.921443939208984,0
27,2235.0322265625,-24.04678726196289,0
27.01,2234.677001953125,-24.166624069213867,0
27.02,2234.297607421875,-24.31043243408203,0
27.03,2233.91162109375,-24.459590911865234,0
27.04,2233.51708984375,-24.616191864013672,0
27.05,2233.125,-24.768747329711914,0
27.06,2232.737060546875,-24.915075302124023,0
27.07,2232.355712890625,-25.052993774414062,0
27.08,2231.98095703125,-25.182649612426758,0
27.09,2231.614990234375,-25.301908493041992,0
27.1,2231.27490234375,-25.392919540405273,0
27.11,2230.943115234375,-25.474287033081055,0
27.12,2230.617431640625,-25.54847526550293,0
27.13,2230.33251953125,-25.57944107055664,0
27.14,2230.052978515625,-25.604244232177734,0
27.15,2229.77880859375,-25.623004913330078,0
27.16,2229.51025390625,-25.635841369628906,0
27.17,2229.2470703125,-25.642879486083984,0
27.18,2228.985107421875,-25.648740768432617,0
27.19,2228.728271484375,-25.648941040039062,0
27.2,2228.476806640625,-25.643596649169922,0
27.21,2228.235107421875,-25.628320693969727,0
27.22,2228.02001953125,-25.585233688354492,0
27.23,2227.818603515625,-25.5284423828125,0
27.24,2227.621826171875,-25.467313766479492,0
27.25,2227.455810546875,-25.374797821044922,0
27.26,2227.3115234375,-25.260635375976562,0
27.27,2227.216552734375,-25.095863342285156,0
27.28,2227.125244140625,-24.929079055786133,0
27.29,2227.03759765625,-24.76036262512207,0
27.3,2226.9599609375,-24.583003997802734,0
27.31,2226.89208984375,-24.397218704223633,0
27.32,2226.822998046875,-24.214576721191406,0
27.33,2226.757080078125,-24.030481338500977,0
27.34,2226.694580078125,-23.845006942749023,0
27.35,2226.650146484375,-23.642362594604492,0
27.36,2226.615234375,-23.43202018737793,0
27.37,2226.58740234375,-23.216466903686523,0
27.38,2226.562255859375,-23.000362396240234,0
27.39,2226.539794921875,-22.78376579284668,0
27.4,2226.519775390625,-22.56673240661621,0
27.41,2226.504638671875,-22.347030639648438,0
27.42,2226.491943359375,-22.127050399780273,0
27.43,2226.501220703125,-21.88648796081543,0
27.44,2226.4931640625,-21.66653823852539,0
27.45,2226.4873046875,-21.44646453857422,0
27.46,2226.48388671875,-21.226314544677734,0
27.47,2226.482666015625,-21.006139755249023,0
27.48,2226.483642578125,-20.785987854003906,0
27.49,2226.4931640625,-20.559120178222656,0
27.5,2226.498046875,-20.33929443359375,0
27.51,2226.47265625,-20.153560638427734,0
27.52,2226.41064453125,-20.008039474487305,0
27.53,2226.33154296875,-19.88157081604004,0
27.54,2226.251220703125,-19.757938385009766,0
27.55,2226.16064453125,-19.646167755126953,0
27.56,2226.01025390625,-19.597993850708008,0
27.57,2225.828857421875,-19.582796096801758,0
27.58,2225.5,-19.72177505493164,0
27.59,2225.115966796875,-19.9168701171875,0
27.6,2224.69677734375,-20.14651870727539,0
27.61,2224.26904296875,-20.38286781311035,0
27.62,2223.83251953125,-20.6257266998291,0
27.63,2223.385498046875,-20.877187728881836,0
27.64,2222.873779296875,-21.193418502807617,0
27.65,2222.322021484375,-21.548147201538086,0
27.66,2221.776123046875,-21.89311408996582,0
27.67,2221.23388671875,-22.230728149414062,0
27.68,2220.67138671875,-22.585926055908203,0
27.69,2220.106201171875,-22.940139770507812,0
27.7,2219.54052734375,-23.29109001159668,0
27.71,2218.955078125,-23.65906524658203,0
27.72,2218.365234375,-24.027894973754883,0
27.73,2217.75390625,-24.41544532775879,0
27.74,2217.149169921875,-24.791934967041016,0
27.75,2216.533935546875,-25.175596237182617,0
27.76,2215.927490234375,-25.5458927154541,0
27.77,2215.323486328125,-25.909805297851562,0
27.78,2214.728515625,-26.260602951049805,0
27.79,2214.14208984375,-26.598478317260742,0
27.8,2213.564697265625,-26.923627853393555,0
27.81,2213.00244140625,-27.229455947875977,0
27.82,2212.485595703125,-27.484766006469727,0
27.83,2211.994140625,-27.710845947265625,0
27.84,2211.534423828125,-27.901470184326172,0
27.85,2211.08447265625,-28.07990837097168,0
27.86,2210.644287109375,-28.246322631835938,0
27.87,2210.24169921875,-28.371665954589844,0
27.88,2209.84619140625,-28.488296508789062,0
27.89,2209.477294921875,-28.576068878173828,0
27.9,2209.115234375,-28.655864715576172,0
27.91,2208.818115234375,-28.666942596435547,0
27.92,2208.527099609375,-28.67160987854004,0
27.93,2208.241943359375,-28.669998168945312,0
27.94,2207.962646484375,-28.662233352661133,0
27.95,2207.689208984375,-28.6484432220459,0
27.96,2207.410888671875,-28.640047073364258,0
27.97,2207.134033203125,-28.630149841308594,0
27.98,2206.832763671875,-28.64580535888672,0
27.99,2206.533203125,-28.65946388244629,0
28,2206.233154296875,-28.673437118530273,0
28.01,2205.922119140625,-28.698951721191406,0
28.02,2205.610595703125,-28.724529266357422,0
28.03,2205.302978515625,-28.745655059814453,0
28.04,2204.97802734375,-28.784942626953125,0
28.05,2204.655029296875,-28.821712493896484,0
28.06,2204.294921875,-28.896535873413086,0
28.07,2203.93505859375,-28.970361709594727,0
28.08,2203.575439453125,-29.043134689331055,0
28.09,2203.18798828125,-29.144216537475586,0
28.1,2202.8056640625,-29.239139556884766,0
28.11,2202.43017578125,-29.32579231262207,0
28.12,2202.061767578125,-29.404329299926758,0
28.13,2201.7001953125,-29.474903106689453,0
28.14,2201.345458984375,-29.537660598754883,0
28.15,2200.997314453125,-29.592748641967773,0
28.16,2200.657958984375,-29.638093948364258,0
28.17,2200.322998046875,-29.678329467773438,0
28.18,2199.99462890625,-29.711328506469727,0
28.19,2199.672607421875,-29.737239837646484,0
28.2,2199.33544921875,-29.778711318969727,0
28.21,2198.95947265625,-29.860200881958008,0
28.22,2198.569091796875,-29.956083297729492,0
28.23,2198.175048828125,-30.054750442504883,0
28.24,2197.785888671875,-30.14717674255371,0
28.25,2197.38232421875,-30.253698348999023,0
28.26,2196.9775390625,-30.360498428344727,0
28.27,2196.57568359375,-30.463043212890625,0
28.28,2196.166015625,-30.572628021240234,0
28.29,2195.755126953125,-30.682357788085938,0
28.3,2195.343017578125,-30.792203903198242,0
28.31,2194.910400390625,-30.92243194580078,0
28.32,2194.44873046875,-31.0815372467041,0
28.33,2193.988525390625,-31.237375259399414,0
28.34,2193.52783203125,-31.39225959777832,0
28.35,2193.068603515625,-31.54389762878418,0
28.36,2192.617431640625,-31.685598373413086,0
28.37,2192.174072265625,-31.817535400390625,0
28.38,2191.725830078125,-31.95339012145996,0
28.39,2191.285400390625,-32.07954406738281,0
28.4,2190.84423828125,-32.205169677734375,0
28.41,2190.378662109375,-32.35499572753906,0
28.42,2189.91259765625,-32.50374984741211,0
28.43,2189.45263671875,-32.6446418762207,0
28.44,2188.9921875,-32.784584045410156,0
28.45,2188.53759765625,-32.916786193847656,0
28.46,2188.06103515625,-33.0706672668457,0
28.47,2187.58837890625,-33.21873474121094,0
28.48,2187.11767578125,-33.36330032348633,0
28.49,2186.64453125,-33.508907318115234,0
28.5,2186.1796875,-33.64427947998047,0
28.51,2185.72314453125,-33.76959991455078,0
28.52,2185.27490234375,-33.885047912597656,0
28.53,2184.84326171875,-33.9818000793457,0
28.54,2184.419677734375,-34.06922149658203,0
28.55,2184.00634765625,-34.14527130126953,0
28.56,2183.609130859375,-34.2033805847168,0
28.57,2183.23046875,-34.24169158935547,0
28.58,2182.886962890625,-34.24259567260742,0
28.59,2182.554931640625,-34.23159408569336,0
28.6,2182.262451171875,-34.17970657348633,0
28.61,2182.00439453125,-34.09229278564453,0
28.62,2181.78271484375,-33.9678840637207,0
28.63,2181.56689453125,-33.83872604370117,0
28.64,2181.356689453125,-33.70494079589844,0
28.65,2181.17578125,-33.54192352294922,0
28.66,2181.0087890625,-33.36604309082031,0
28.67,2180.83837890625,-33.19560241699219,0
28.68,2180.681884765625,-33.01252365112305,0
28.69,2180.530517578125,-32.826114654541016,0
28.7,2180.3837890625,-32.636478424072266,0
28.71,2180.224853515625,-32.461727142333984,0
28.72,2180.07080078125,-32.28358840942383,0
28.73,2179.921875,-32.102169036865234,0
28.74,2179.77783203125,-31.917577743530273,0
28.75,2179.636474609375,-31.732147216796875,0
28.76,2179.4931640625,-31.55042839050293,0
28.77,2179.3505859375,-31.370162963867188,0
28.78,2179.193115234375,-31.20708656311035,0
28.79,2179.0361328125,-31.045209884643555,0
28.8,2178.879638671875,-30.884429931640625,0
28.81,2178.723876953125,-30.724809646606445,0
28.82,2178.56640625,-30.568649291992188,0
28.83,2178.4091796875,-30.41362762451172,0
28.84,2178.233154296875,-30.279970169067383,0
28.85,2178.053466796875,-30.15155601501465,0
28.86,2177.878662109375,-30.019296646118164,0
28.87,2177.704345703125,-29.88779067993164,0
28.88,2177.53076171875,-29.75700569152832,0
28.89,2177.362060546875,-29.622507095336914,0
28.9,2177.191650390625,-29.491182327270508,0
28.91,2177.026123046875,-29.356212615966797,0
28.92,2176.865478515625,-29.21770668029785,0
28.93,2176.694091796875,-29.09148597717285,0
28.94,2176.523193359375,-28.966096878051758,0
28.95,2176.33349609375,-28.86177635192871,0
28.96,2176.148681640625,-28.753389358520508,0
28.97,2175.96875,-28.641040802001953,0
28.98,2175.789306640625,-28.529340744018555,0
28.99,2175.61474609375,-28.413793563842773,0
29,2175.440673828125,-28.29901123046875,0
29.01,2175.26708984375,-28.18494415283203,0
29.02,2175.089599609375,-28.076162338256836,0
29.03,2174.91455078125,-27.96585464477539,0
29.04,2174.733642578125,-27.863025665283203,0
29.05,2174.546630859375,-27.767534255981445,0
29.06,2174.323486328125,-27.710695266723633,0
29.07,2174.092529296875,-27.662555694580078,0
29.08,2173.86669921875,-27.60944938659668,0
29.09,2173.64404296875,-27.553707122802734,0
29.1,2173.426513671875,-27.493175506591797,0
29.11,2173.1904296875,-27.452688217163086,0
29.12,2172.948974609375,-27.41834259033203,0
29.13,2172.70849609375,-27.383296966552734,0
29.14,2172.46875,-27.34757423400879,0
29.15,2172.22802734375,-27.313419342041016,0
29.16,2171.98828125,-27.278575897216797,0
29.17,2171.751708984375,-27.240800857543945,0
29.18,2171.5009765625,-27.218149185180664,0
29.19,2171.240478515625,-27.2058162689209,0
29.2,2170.983642578125,-27.190093994140625,0
29.21,2170.691162109375,-27.211488723754883,0
29.22,2170.389404296875,-27.24229621887207,0
29.23,2170.09375,-27.26659393310547,0
29.24,2169.803955078125,-27.284515380859375,0
29.25,2169.515625,-27.300678253173828,0
29.26,2169.233154296875,-27.310626983642578,0
29.27,2168.93896484375,-27.332420349121094,0
29.28,2168.650634765625,-27.347867965698242,0
29.29,2168.3447265625,-27.38176155090332,0
29.3,2168.029541015625,-27.424766540527344,0
29.31,2167.69482421875,-27.48790740966797,0
29.32,2167.3662109375,-27.5438175201416,0
29.33,2167.0634765625,-27.57242202758789,0
29.34,2166.762451171875,-27.598995208740234,0
29.35,2166.46728515625,-27.619075775146484,0
29.36,2166.177978515625,-27.63279151916504,0
29.37,2165.898681640625,-27.63576889038086,0
29.38,2165.640380859375,-27.617013931274414,0
29.39,2165.387451171875,-27.592697143554688,0
29.4,2165.144287109375,-27.558496475219727,0
29.41,2164.93017578125,-27.494352340698242,0
29.42,2164.72119140625,-27.425609588623047,0
29.43,2164.54296875,-27.325502395629883,0
29.44,2164.3759765625,-27.214801788330078,0
29.45,2164.21337890625,-27.10052490234375,0
29.46,2164.057373046875,-26.980552673339844,0
29.47,2163.976806640625,-26.78317642211914,0
29.48,2163.89990234375,-26.584108352661133,0
29.49,2163.826416015625,-26.383426666259766,0
29.5,2163.75634765625,-26.18120574951172,0
29.51,2163.68994140625,-25.977523803710938,0
29.52,2163.626708984375,-25.7724552154541,0
29.53,2163.55810546875,-25.575063705444336,0
29.54,2163.492919921875,-25.376237869262695,0
29.55,2163.43115234375,-25.176055908203125,0
29.56,2163.37255859375,-24.974586486816406,0
29.57,2163.3408203125,-24.7471923828125,0
29.58,2163.311767578125,-24.519163131713867,0
29.59,2163.2900390625,-24.286117553710938,0
29.6,2163.29248046875,-24.030223846435547,0
29.61,2163.3017578125,-23.769947052001953,0
29.62,2163.313232421875,-23.509923934936523,0
29.63,2163.3271484375,-23.250207901000977,0
29.64,2163.34326171875,-22.99085235595703,0
29.65,2163.357177734375,-22.73639488220215,0
29.66,2163.356201171875,-22.500228881835938,0
29.67,2163.355224609375,-22.26630973815918,0
29.68,2163.341796875,-22.048133850097656,0
29.69,2163.326416015625,-21.83421516418457,0
29.7,2163.30908203125,-21.6245174407959,0
29.71,2163.28125,-21.427921295166016,0
29.72,2163.189208984375,-21.300331115722656,0
29.73,2163.03173828125,-21.242509841918945,0
29.74,2162.832763671875,-21.22844123840332,0
29.75,2162.6337890625,-21.21452522277832,0
29.76,2162.42822265625,-21.20754051208496,0
29.77,2162.177490234375,-21.24769401550293,0
29.78,2161.8974609375,-21.318246841430664,0
29.79,2161.615966796875,-21.389467239379883,0
29.8,2161.333251953125,-21.461380004882812,0
29.81,2161.0556640625,-21.52718734741211,0
29.82,2160.77880859375,-21.5914363861084,0
29.83,2160.481201171875,-21.676637649536133,0
29.84,2160.160888671875,-21.784488677978516,0
29.85,2159.84423828125,-21.88764190673828,0
29.86,2159.532958984375,-21.98394775390625,0
29.87,2159.22509765625,-22.075803756713867,0
29.88,2158.892578125,-22.192312240600586,0
29.89,2158.55712890625,-22.310623168945312,0
29.9,2158.21240234375,-22.437332153320312,0
29.91,2157.873779296875,-22.55658721923828,0
29.92,2157.54736328125,-22.661806106567383,0
29.93,2157.226806640625,-22.759973526000977,0
29.94,2156.911865234375,-22.851213455200195,0
29.95,2156.602294921875,-22.935649871826172,0
29.96,2156.28564453125,-23.026830673217773,0
29.97,2155.974609375,-23.111169815063477,0
29.98,2155.6689453125,-23.18878936767578,0
29.99,2155.368896484375,-23.259807586669922,0
30,2155.065673828125,-23.33333969116211,0
30.01,2154.765869140625,-23.402544021606445,0
30.02,2154.465087890625,-23.471988677978516,0
30.03,2154.144287109375,-23.56180763244629,0
30.04,2153.820556640625,-23.653629302978516,0
30.05,2153.498291015625,-23.74295425415039,0
30.06,2153.17529296875,-23.83203125,0
30.07,2152.8583984375,-23.914134979248047,0
30.08,2152.5341796875,-24.00282096862793,0
30.09,2152.190185546875,-24.111312866210938,0
30.1,2151.815673828125,-24.25044059753418,0
30.11,2151.443359375,-24.385913848876953,0
30.12,2151.072998046875,-24.517831802368164,0
30.13,2150.70703125,-24.643964767456055,0
30.14,2150.330078125,-24.780113220214844,0
30.15,2149.95751953125,-24.910329818725586,0
30.16,2149.56982421875,-25.054861068725586,0
30.17,2149.1630859375,-25.217809677124023,0
30.18,2148.76318359375,-25.37196159362793,0
30.19,2148.3701171875,-25.517467498779297,0
30.2,2147.983642578125,-25.654476165771484,0
30.21,2147.588623046875,-25.798782348632812,0
30.22,2147.189697265625,-25.945756912231445,0
30.23,2146.79541015625,-26.086326599121094,0
30.24,2146.407958984375,-26.218379974365234,0
30.25,2146.027099609375,-26.342056274414062,0
30.26,2145.655029296875,-26.455286026000977,0
30.27,2145.283203125,-26.567190170288086,0
30.28,2144.91796875,-26.671066284179688,0
30.29,2144.559326171875,-26.76705551147461,0
30.3,2144.205078125,-26.857519149780273,0
30.31,2143.85498046875,-26.942550659179688,0
30.32,2143.51123046875,-27.020023345947266,0
30.33,2143.171630859375,-27.09235382080078,0
30.34,2142.83837890625,-27.1573543548584,0
30.35,2142.511474609375,-27.21516990661621,0
30.36,2142.184326171875,-27.272584915161133,0
30.37,2141.85693359375,-27.32965660095215,0
30.38,2141.535888671875,-27.379669189453125,0
30.39,2141.220947265625,-27.422758102416992,0
30.4,2140.901123046875,-27.47026252746582,0
30.41,2140.587646484375,-27.5108699798584,0
30.42,2140.280029296875,-27.54471778869629,0
30.43,2139.974365234375,-27.576377868652344,0
30.44,2139.674560546875,-27.6014461517334,0
30.45,2139.384765625,-27.615612030029297,0
30.46,2139.103271484375,-27.621267318725586,0
30.47,2138.82763671875,-27.62086296081543,0
30.48,2138.555419921875,-27.61679458618164,0
30.49,2138.288818359375,-27.60686492919922,0
30.5,2138.02783203125,-27.591196060180664,0
30.51,2137.774658203125,-27.567642211914062,0
30.52,2137.52685546875,-27.538644790649414,0
30.53,2137.2822265625,-27.506587982177734,0
30.54,2137.04296875,-27.469270706176758,0
30.55,2136.80908203125,-27.42681312561035,0
30.56,2136.58251953125,-27.377059936523438,0
30.57,2136.369873046875,-27.313505172729492,0
30.58,2136.162109375,-27.245384216308594,0
30.59,2135.95068359375,-27.18174171447754,0
30.6,2135.744384765625,-27.113563537597656,0
30.61,2135.55126953125,-27.032020568847656,0
30.62,2135.38037109375,-26.928482055664062,0
30.63,2135.211669921875,-26.823505401611328,0
30.64,2135.047607421875,-26.71491813659668,0
30.65,2134.887939453125,-26.602827072143555,0
30.66,2134.732666015625,-26.487319946289062,0
30.67,2134.583740234375,-26.36627960205078,0
30.68,2134.439208984375,-26.242061614990234,0
30.69,2134.296630859375,-26.116975784301758,0
30.7,2134.164794921875,-25.98213768005371,0
30.71,2134.030517578125,-25.851205825805664,0
30.72,2133.90234375,-25.715192794799805,0
30.73,2133.759033203125,-25.596586227416992,0
30.74,2133.619873046875,-25.47492218017578,0
30.75,2133.482666015625,-25.352506637573242,0
30.76,2133.347412109375,-25.22938346862793,0
30.77,2133.211669921875,-25.107868194580078,0
30.78,2133.080078125,-24.98345947265625,0
30.79,2132.952392578125,-24.856245040893555,0
30.8,2132.79638671875,-24.759809494018555,0
30.81,2132.64453125,-24.660037994384766,0
30.82,2132.490234375,-24.563735961914062,0
30.83,2132.329345703125,-24.47527503967285,0
30.84,2132.15771484375,-24.399011611938477,0
30.85,2131.984130859375,-24.325786590576172,0
30.86,2131.802001953125,-24.262203216552734,0
30.87,2131.6240234375,-24.194711685180664,0
30.88,2131.40966796875,-24.16583251953125,0
30.89,2131.193603515625,-24.139055252075195,0
30.9,2130.9736328125,-24.116565704345703,0
30.91,2130.752197265625,-24.096057891845703,0
30.92,2130.53125,-24.075223922729492,0
30.93,2130.315185546875,-24.049640655517578,0
30.94,2130.09716796875,-24.026121139526367,0
30.95,2129.873291015625,-24.009065628051758,0
30.96,2129.652099609375,-23.989408493041992,0
30.97,2129.435546875,-23.964990615844727,0
30.98,2129.2236328125,-23.9359188079834,0
30.99,2129.01220703125,-23.90679359436035,0
31,2128.803466796875,-23.875335693359375,0
31.01,2128.579833984375,-23.859468460083008,0
31.02,2128.361083984375,-23.83879280090332,0
31.03,2128.147216796875,-23.81341552734375,0
31.04,2127.93359375,-23.787933349609375,0
31.05,2127.7119140625,-23.771221160888672,0
31.06,2127.492431640625,-23.752012252807617,0
31.07,2127.275634765625,-23.730302810668945,0
31.08,2127.063720703125,-23.703933715820312,0
31.09,2126.845703125,-23.684158325195312,0
31.1,2126.630126953125,-23.66191291809082,0
31.11,2126.41943359375,-23.635034561157227,0
31.12,2126.213134765625,-23.603628158569336,0
31.13,2126.011474609375,-23.567787170410156,0
31.14,2125.814453125,-23.527618408203125,0
31.15,2125.623779296875,-23.48099708557129,0
31.16,2125.4375,-23.43028450012207,0
31.17,2125.255615234375,-23.375574111938477,0
31.18,2125.076171875,-23.319183349609375,0
31.19,2124.898681640625,-23.261157989501953,0
31.2,2124.725341796875,-23.199325561523438,0
31.21,2124.547607421875,-23.142704010009766,0
31.22,2124.3720703125,-23.084543228149414,0
31.23,2124.183349609375,-23.040409088134766,0
31.24,2123.9990234375,-22.992225646972656,0
31.25,2123.819091796875,-22.940086364746094,0
31.26,2123.643310546875,-22.88408660888672,0
31.27,2123.471923828125,-22.824321746826172,0
31.28,2123.304443359375,-22.760879516601562,0
31.29,2123.138916015625,-22.696130752563477,0
31.3,2122.977294921875,-22.627830505371094,0
31.31,2122.81982421875,-22.556068420410156,0
31.32,2122.666259765625,-22.480934143066406,0
31.33,2122.5166015625,-22.40251350402832,0
31.34,2122.370849609375,-22.32088851928711,0
31.35,2122.22900390625,-22.236148834228516,0
31.36,2122.0908203125,-22.148374557495117,0
31.37,2121.956298828125,-22.057647705078125,0
31.38,2121.827880859375,-21.961769104003906,0
31.39,2121.704833984375,-21.86092758178711,0
31.4,2121.585693359375,-21.757465362548828,0
31.41,2121.476318359375,-21.644811630249023,0
31.42,2121.3701171875,-21.529827117919922,0
31.43,2121.267333984375,-21.41258430480957,0
31.44,2121.167724609375,-21.29315757751465,0
31.45,2121.073486328125,-21.16934585571289,0
31.46,2120.982421875,-21.043533325195312,0
31.47,2120.89453125,-20.915790557861328,0
31.48,2120.81591796875,-20.77952766418457,0
31.49,2120.740478515625,-20.6416072845459,0
31.5,2120.66162109375,-20.508750915527344,0
31.51,2120.592041015625,-20.367570877075195,0
31.52,2120.525146484375,-20.224925994873047,0
31.53,2120.461181640625,-20.080875396728516,0
31.54,2120.38916015625,-19.94661521911621,0
31.55,2120.320068359375,-19.81083869934082,0
31.56,2120.268798828125,-19.657978057861328,0
31.57,2120.219970703125,-19.504047393798828,0
31.58,2120.173583984375,-19.349098205566406,0
31.59,2120.129638671875,-19.19318389892578,0
31.6,2120.0732421875,-19.051992416381836,0
31.61,2120.006591796875,-18.9229793548584,0
31.62,2119.916748046875,-18.81932830810547,0
31.63,2119.797607421875,-18.747190475463867,0
31.64,2119.645263671875,-18.710416793823242,0
31.65,2119.490234375,-18.677026748657227,0
31.66,2119.310791015625,-18.669296264648438,0
31.67,2119.12646484375,-18.666627883911133,0
31.68,2118.9375,-18.668922424316406,0
31.69,2118.75244140625,-18.667152404785156,0
31.7,2118.564697265625,-18.66805076599121,0
31.71,2118.37451171875,-18.671615600585938,0
31.72,2118.1669921875,-18.69336700439453,0
31.73,2117.961181640625,-18.712871551513672,0
31.74,2117.759765625,-18.727949142456055,0
31.75,2117.5537109375,-18.747610092163086,0
31.76,2117.3515625,-18.762834548950195,0
31.77,2117.132080078125,-18.79598045349121,0
31.78,2116.910400390625,-18.831052780151367,0
31.79,2116.699462890625,-18.854698181152344,0
31.8,2116.486328125,-18.880455017089844,0
31.81,2116.27734375,-18.901622772216797,0
31.82,2116.06591796875,-18.92499542236328,0
31.83,2115.858642578125,-18.943815231323242,0
31.84,2115.661865234375,-18.951465606689453,0
31.85,2115.473388671875,-18.95044708251953,0
31.86,2115.295166015625,-18.938669204711914,0
31.87,2115.12060546875,-18.923057556152344,0
31.88,2114.943603515625,-18.910402297973633,0
31.89,2114.770263671875,-18.89394187927246,0
31.9,2114.5771484375,-18.898252487182617,0
31.91,2114.370849609375,-18.91619873046875,0
31.92,2114.168701171875,-18.929702758789062,0
31.93,2113.968505859375,-18.941133499145508,0
31.94,2113.76806640625,-18.95268440246582,0
31.95,2113.57177734375,-18.959924697875977,0
31.96,2113.375,-18.967369079589844,0
31.97,2113.18212890625,-18.970582962036133,0
31.98,2112.978271484375,-18.98522186279297,0
31.99,2112.77001953125,-19.004390716552734,0
32,2112.52099609375,-19.065847396850586,0
32.01,2112.259521484375,-19.139720916748047,0
32.02,2112.00048828125,-19.21017074584961,0
32.03,2111.737548828125,-19.283952713012695,0
32.04,2111.46875,-19.363142013549805,0
32.05,2111.204833984375,-19.436534881591797,0
32.06,2110.945556640625,-19.504236221313477,0
32.07,2110.654541015625,-19.60419464111328,0
32.08,2110.34716796875,-19.720144271850586,0
32.09,2110.03857421875,-19.836103439331055,0
32.1,2109.7353515625,-19.945404052734375,0
32.11,2109.437255859375,-20.04815673828125,0
32.12,2109.144287109375,-20.14447784423828,0
32.13,2108.8564453125,-20.234477996826172,0
32.14,2108.571533203125,-20.32048225402832,0
32.15,2108.28955078125,-20.402559280395508,0
32.16,2108.00390625,-20.48747444152832,0
32.17,2107.723388671875,-20.566232681274414,0
32.18,2107.441650390625,-20.645587921142578,0
32.19,2107.143310546875,-20.741132736206055,0
32.2,2106.84814453125,-20.832462310791016,0
32.21,2106.552001953125,-20.924074172973633,0
32.22,2106.260986328125,-21.009296417236328,0
32.23,2105.972900390625,-21.0904541015625,0
32.24,2105.692138671875,-21.16318702697754,0
32.25,2105.41650390625,-21.22986602783203,0
32.26,2105.145751953125,-21.29060173034668,0
32.27,2104.880126953125,-21.345504760742188,0
32.28,2104.615234375,-21.399173736572266,0
32.29,2104.35302734375,-21.4493465423584,0
32.3,2104.10009765625,-21.489383697509766,0
32.31,2103.85205078125,-21.523977279663086,0
32.32,2103.61083984375,-21.551010131835938,0
32.33,2103.3720703125,-21.5750675201416,0
32.34,2103.13818359375,-21.59398651123047,0
32.35,2102.90478515625,-21.612363815307617,0
32.36,2102.671630859375,-21.63014793395996,0
32.37,2102.443115234375,-21.642913818359375,0
32.38,2102.21923828125,-21.650766372680664,0
32.39,2101.969970703125,-21.684932708740234,0
32.4,2101.71923828125,-21.720378875732422,0
32.41,2101.46240234375,-21.76156234741211,0
32.42,2101.210693359375,-21.797218322753906,0
32.43,2100.963623046875,-21.827451705932617,0
32.44,2100.721435546875,-21.852367401123047,0
32.45,2100.49462890625,-21.860933303833008,0
32.46,2100.261962890625,-21.875761032104492,0
32.47,2100.03369140625,-21.885581970214844,0
32.48,2099.78466796875,-21.917137145996094,0
32.49,2099.5361328125,-21.947757720947266,0
32.5,2099.2880859375,-21.97751808166504,0
32.51,2099.030029296875,-22.017501831054688,0
32.52,2098.77685546875,-22.05192756652832,0
32.53,2098.5263671875,-22.0831241607666,0
32.54,2098.2763671875,-22.11335563659668,0
32.55,2098.03125,-22.138206481933594,0
32.56,2097.791015625,-22.15778350830078,0
32.57,2097.559814453125,-22.167760848999023,0
32.58,2097.333251953125,-22.172767639160156,0
32.59,2097.113525390625,-22.170684814453125,0
32.6,2096.896240234375,-22.16609764099121,0
32.61,2096.683349609375,-22.15683937072754,0
32.62,2096.474853515625,-22.14300537109375,0
32.63,2096.27099609375,-22.12469482421875,0
32.64,2096.071533203125,-22.102006912231445,0
32.65,2095.87646484375,-22.075037002563477,0
32.66,2095.685546875,-22.04387855529785,0
32.67,2095.4990234375,-22.008623123168945,0
32.68,2095.316650390625,-21.96936798095703,0
32.69,2095.14892578125,-21.915061950683594,0
32.7,2094.974609375,-21.868297576904297,0
32.71,2094.80859375,-21.813310623168945,0
32.72,2094.646728515625,-21.754770278930664,0
32.73,2094.48876953125,-21.69276237487793,0
32.74,2094.3408203125,-21.6207218170166,0
32.75,2094.19677734375,-21.545516967773438,0
32.76,2094.050048828125,-21.473880767822266,0
32.77,2093.906982421875,-21.399106979370117,0
32.78,2093.767578125,-21.321273803710938,0
32.79,2093.642578125,-21.229389190673828,0
32.8,2093.542236328125,-21.112627029418945,0
32.81,2093.449462890625,-20.989248275756836,0
32.82,2093.36181640625,-20.86168670654297,0
32.83,2093.28173828125,-20.727846145629883,0
32.84,2093.20654296875,-20.590097427368164,0
32.85,2093.138671875,-20.44632911682129,0
32.86,2093.07373046875,-20.301136016845703,0
32.87,2093.007080078125,-20.159008026123047,0
32.88,2092.947509765625,-20.011045455932617,0
32.89,2092.88623046875,-19.866270065307617,0
32.9,2092.83203125,-19.715774536132812,0
32.91,2092.7802734375,-19.56414794921875,0
32.92,2092.72265625,-19.42030906677246,0
32.93,2092.667724609375,-19.2752628326416,0
32.94,2092.613037109375,-19.13127899169922,0
32.95,2092.5458984375,-19.0017147064209,0
32.96,2092.470947265625,-18.881868362426758,0
32.97,2092.398681640625,-18.760438919067383,0
32.98,2092.32080078125,-18.646339416503906,0
32.99,2092.217529296875,-18.559492111206055,0
33,2092.111083984375,-18.47709083557129,0
33.01,2092.003173828125,-18.3968505859375,0
33.02,2091.898193359375,-18.314308166503906,0
33.03,2091.79638671875,-18.229530334472656,0
33.04,2091.70166015625,-18.13814926147461,0
33.05,2091.60986328125,-18.044754028320312,0
33.06,2091.52099609375,-17.94940757751465,0
33.07,2091.434814453125,-17.8521728515625,0
33.08,2091.34716796875,-17.757539749145508,0
33.09,2091.26220703125,-17.66104507446289,0
33.1,2091.14599609375,-17.598291397094727,0
33.11,2091.0283203125,-17.537479400634766,0
33.12,2090.913818359375,-17.47415542602539,0
33.13,2090.795654296875,-17.415023803710938,0
33.14,2090.670166015625,-17.3644962310791,0
33.15,2090.537109375,-17.322357177734375,0
33.16,2090.39208984375,-17.292924880981445,0
33.17,2090.248291015625,-17.262601852416992,0
33.18,2090.060791015625,-17.27802085876465,0
33.19,2089.872802734375,-17.293838500976562,0
33.2,2089.671630859375,-17.32338523864746,0
33.21,2089.47412109375,-17.34859848022461,0
33.22,2089.267578125,-17.382850646972656,0
33.23,2089.065185546875,-17.41265869140625,0
33.24,2088.86669921875,-17.438112258911133,0
33.25,2088.669921875,-17.461509704589844,0
33.26,2088.47900390625,-17.47846031188965,0
33.27,2088.289794921875,-17.49351692199707,0
33.28,2088.104248046875,-17.504501342773438,0
33.29,2087.9033203125,-17.53148651123047,0
33.3,2087.699951171875,-17.560789108276367,0
33.31,2087.50048828125,-17.585716247558594,0
33.32,2087.2919921875,-17.619693756103516,0
33.33,2087.085205078125,-17.65139389038086,0
33.34,2086.871826171875,-17.68971824645996,0
33.35,2086.660400390625,-17.725662231445312,0
33.36,2086.453125,-17.757057189941406,0
33.37,2086.23486328125,-17.79954719543457,0
33.38,2086.0205078125,-17.83733558654785,0
33.39,2085.805908203125,-17.874940872192383,0
33.4,2085.5869140625,-17.916784286499023,0
33.41,2085.369873046875,-17.956125259399414,0
33.42,2085.142333984375,-18.006298065185547,0
33.43,2084.91650390625,-18.053836822509766,0
33.44,2084.6865234375,-18.105371475219727,0
33.45,2084.4521484375,-18.160804748535156,0
33.46,2084.2158203125,-18.217836380004883,0
33.47,2083.9775390625,-18.27642059326172,0
33.48,2083.743408203125,-18.329870223999023,0
33.49,2083.5029296875,-18.389402389526367,0
33.5,2083.25634765625,-18.454824447631836,0
33.51,2083.01416015625,-18.51493263244629,0
33.52,2082.755126953125,-18.59197235107422,0
33.53,2082.494140625,-18.67006492614746,0
33.54,2082.233642578125,-18.74696159362793,0
33.55,2081.977783203125,-18.818246841430664,0
33.56,2081.719970703125,-18.890716552734375,0
33.57,2081.443359375,-18.981983184814453,0
33.58,2081.1650390625,-19.073925018310547,0
33.59,2080.876953125,-19.175371170043945,0
33.6,2080.583251953125,-19.281673431396484,0
33.61,2080.29443359375,-19.38163948059082,0
33.62,2080.00830078125,-19.4776554107666,0
33.63,2079.727294921875,-19.567502975463867,0
33.64,2079.4365234375,-19.666790008544922,0
33.65,2079.1484375,-19.76201629638672,0
33.66,2078.859130859375,-19.857683181762695,0
33.67,2078.564208984375,-19.958179473876953,0
33.68,2078.259521484375,-20.06781578063965,0
33.69,2077.9599609375,-20.170881271362305,0
33.7,2077.663330078125,-20.269702911376953,0
33.71,2077.3740234375,-20.35991859436035,0
33.72,2077.087646484375,-20.446109771728516,0
33.73,2076.806396484375,-20.526134490966797,0
33.74,2076.5322265625,-20.597883224487305,0
33.75,2076.2607421875,-20.665939331054688,0
33.76,2075.992431640625,-20.730365753173828,0
33.77,2075.7138671875,-20.804508209228516,0
33.78,2075.4404296875,-20.872652053833008,0
33.79,2075.169921875,-20.937118530273438,0
33.8,2074.904052734375,-20.995758056640625,0
33.81,2074.643310546875,-21.048675537109375,0
33.82,2074.404541015625,-21.07827377319336,0
33.83,2074.149169921875,-21.1248722076416,0
33.84,2073.8984375,-21.16597557067871,0
33.85,2073.673828125,-21.179546356201172,0
33.86,2073.45361328125,-21.18828773498535,0
33.87,2073.23779296875,-21.192298889160156,0
33.88,2073.03076171875,-21.18724822998047,0
33.89,2072.827880859375,-21.177751541137695,0
33.9,2072.62939453125,-21.163902282714844,0
33.91,2072.44140625,-21.13914680480957,0
33.92,2072.257568359375,-21.11035919189453,0
33.93,2072.071533203125,-21.084272384643555,0
33.94,2071.889404296875,-21.054195404052734,0
33.95,2071.724365234375,-21.006935119628906,0
33.96,2071.563232421875,-20.956140518188477,0
33.97,2071.395263671875,-20.9129638671875,0
33.98,2071.23095703125,-20.866186141967773,0
33.99,2071.068359375,-20.818103790283203,0
34,2070.907470703125,-20.76875114440918,0
34.01,2070.75048828125,-20.715953826904297,0
34.02,2070.580078125,-20.67750358581543,0
34.03,2070.409423828125,-20.639829635620117,0
34.04,2070.2236328125,-20.61842155456543,0
34.05,2070.060791015625,-20.573102951049805,0
34.06,2069.90185546875,-20.5242977142334,0
34.07,2069.74658203125,-20.472089767456055,0
34.08,2069.586669921875,-20.4254093170166,0
34.09,2069.430419921875,-20.37530517578125,0
34.1,2069.2822265625,-20.31743049621582,0
34.11,2069.1376953125,-20.256389617919922,0
34.12,2068.99658203125,-20.1922550201416,0
34.13,2068.859130859375,-20.125106811523438,0
34.14,2068.720947265625,-20.0594482421875,0
34.15,2068.586181640625,-19.990833282470703,0
34.16,2068.435791015625,-19.939258575439453,0
34.17,2068.288818359375,-19.884464263916016,0
34.18,2068.130859375,-19.84208106994629,0
34.19,2067.955078125,-19.818435668945312,0
34.2,2067.781005859375,-19.793237686157227,0
34.21,2067.61083984375,-19.764307022094727,0
34.22,2067.4423828125,-19.733882904052734,0
34.23,2067.27783203125,-19.699851989746094,0
34.24,2067.11474609375,-19.66456413269043,0
34.25,2066.947021484375,-19.634634017944336,0
34.26,2066.782958984375,-19.601106643676758,0
34.27,2066.607666015625,-19.579553604125977,0
34.28,2066.4169921875,-19.574159622192383,0
34.29,2066.22607421875,-19.56903839111328,0
34.3,2066.0390625,-19.559816360473633,0
34.31,2065.845703125,-19.557645797729492,0
34.32,2065.65625,-19.55132293701172,0
34.33,2065.46435546875,-19.547574996948242,0
34.34,2065.2763671875,-19.539705276489258,0
34.35,2065.092529296875,-19.52780532836914,0
34.36,2064.912353515625,-19.5119571685791,0
34.37,2064.74267578125,-19.48560333251953,0
34.38,2064.57666015625,-19.455612182617188,0
34.39,2064.40576171875,-19.43091583251953,0
34.4,2064.23876953125,-19.402555465698242,0
34.41,2064.075439453125,-19.370615005493164,0
34.42,2063.915771484375,-19.33517837524414,0
34.43,2063.759765625,-19.29631805419922,0
34.44,2063.607421875,-19.254119873046875,0
34.45,2063.45849609375,-19.208656311035156,0
34.46,2063.31298828125,-19.160005569458008,0
34.47,2063.18798828125,-19.090538024902344,0
34.48,2063.06640625,-19.018404006958008,0
34.49,2062.899169921875,-18.994564056396484,0
34.5,2062.729248046875,-18.973773956298828,0
34.51,2062.548095703125,-18.96483039855957,0
34.52,2062.37060546875,-18.951997756958008,0
34.53,2062.197021484375,-18.935359954833984,0
34.54,2062.010009765625,-18.932697296142578,0
34.55,2061.8271484375,-18.926025390625,0
34.56,2061.643798828125,-18.919851303100586,0
34.57,2061.462158203125,-18.91195297241211,0
34.58,2061.2841796875,-18.90015411376953,0
34.59,2061.110107421875,-18.884538650512695,0
34.6,2060.939697265625,-18.86518669128418,0
34.61,2060.77294921875,-18.842182159423828,0
34.62,2060.593017578125,-18.833303451538086,0
34.63,2060.4169921875,-18.820566177368164,0
34.64,2060.22119140625,-18.82832908630371,0
34.65,2060.029541015625,-18.83188819885254,0
34.66,2059.843994140625,-18.829120635986328,0
34.67,2059.662353515625,-18.822370529174805,0
34.68,2059.484375,-18.81171989440918,0
34.69,2059.301513671875,-18.806100845336914,0
34.7,2059.122802734375,-18.79656219482422,0
34.71,2058.9541015625,-18.776546478271484,0
34.72,2058.791259765625,-18.750701904296875,0
34.73,2058.634033203125,-18.71915626525879,0
34.74,2058.478271484375,-18.686450958251953,0
34.75,2058.323974609375,-18.652624130249023,0
34.76,2058.173095703125,-18.61549186706543,0
34.77,2058.01953125,-18.581771850585938,0
34.78,2057.858642578125,-18.555818557739258,0
34.79,2057.68212890625,-18.546327590942383,0
34.8,2057.50927734375,-18.53304672241211,0
34.81,2057.333984375,-18.52263832092285,0
34.82,2057.157958984375,-18.51294708251953,0
34.83,2056.98583984375,-18.499483108520508,0
34.84,2056.817138671875,-18.482324600219727,0
34.85,2056.650146484375,-18.463708877563477,0
34.86,2056.48486328125,-18.4437255859375,0
34.87,2056.278564453125,-18.466596603393555,0
34.88,2056.072021484375,-18.489456176757812,0
34.89,2055.86962890625,-18.507877349853516,0
34.9,2055.671142578125,-18.521947860717773,0
34.91,2055.463623046875,-18.545026779174805,0
34.92,2055.245361328125,-18.579126358032227,0
34.93,2055.029296875,-18.610694885253906,0
34.94,2054.8173828125,-18.63762092590332,0
34.95,2054.607421875,-18.662256240844727,0
34.96,2054.376220703125,-18.70886993408203,0
34.97,2054.13232421875,-18.768150329589844,0
34.98,2053.890625,-18.824390411376953,0
34.99,2053.638427734375,-18.89091682434082,0
35,2053.38232421875,-18.96080207824707,0
35.01,2053.122314453125,-19.034025192260742,0
35.02,2052.866943359375,-19.10165023803711,0
35.03,2052.616455078125,-19.16378402709961,0
35.04,2052.370361328125,-19.22052574157715,0
35.05,2052.1181640625,-19.283031463623047,0
35.06,2051.868408203125,-19.342317581176758,0
35.07,2051.599853515625,-19.42050552368164,0
35.08,2051.323486328125,-19.506128311157227,0
35.09,2051.052001953125,-19.585798263549805,0
35.1,2050.783203125,-19.661836624145508,0
35.11,2050.521240234375,-19.729877471923828,0
35.12,2050.26416015625,-19.792280197143555,0
35.13,2050.011474609375,-19.849149703979492,0
35.14,2049.761474609375,-19.902795791625977,0
35.15,2049.511962890625,-19.955488204956055,0
35.16,2049.25,-20.02045249938965,0
35.17,2048.97998046875,-20.093050003051758,0
35.18,2048.71484375,-20.159835815429688,0
35.19,2048.439697265625,-20.23634147644043,0
35.2,2048.16748046875,-20.30913734436035,0
35.21,2047.8916015625,-20.384918212890625,0
35.22,2047.6185302734375,-20.456974029541016,0
35.23,2047.350341796875,-20.52315330505371,0
35.24,2047.087158203125,-20.58356285095215,0
35.25,2046.8287353515625,-20.6383113861084,0
35.26,2046.5623779296875,-20.700714111328125,0
35.27,2046.296630859375,-20.761810302734375,0
35.28,2046.0252685546875,-20.82819175720215,0
35.29,2045.7418212890625,-20.906429290771484,0
35.3,2045.46337890625,-20.978565216064453,0
35.31,2045.1900634765625,-21.044710159301758,0
35.32,2044.9217529296875,-21.104976654052734,0
35.33,2044.6583251953125,-21.15947151184082,0
35.34,2044.3892822265625,-21.21929931640625,0
35.35,2044.125244140625,-21.273340225219727,0
35.36,2043.865966796875,-21.321701049804688,0
35.37,2043.5841064453125,-21.393177032470703,0
35.38,2043.2967529296875,-21.46959114074707,0
35.39,2043.006103515625,-21.54866600036621,0
35.4,2042.720703125,-21.62148666381836,0
35.41,2042.4383544921875,-21.690383911132812,0
35.42,2042.1611328125,-21.753206253051758,0
35.43,2041.8890380859375,-21.81006622314453,0
35.44,2041.632568359375,-21.850013732910156,0
35.45,2041.3809814453125,-21.884449005126953,0
35.46,2041.12158203125,-21.92669105529785,0
35.47,2040.8670654296875,-21.96335792541504,0
35.48,2040.6343994140625,-21.976978302001953,0
35.49,2040.4127197265625,-21.978965759277344,0
35.5,2040.2125244140625,-21.958560943603516,0
35.51,2040.0166015625,-21.93386459350586,0
35.52,2039.824951171875,-21.904970169067383,0
35.53,2039.597412109375,-21.913818359375,0
35.54,2039.378662109375,-21.91341209411621,0
35.55,2039.200439453125,-21.870834350585938,0
35.56,2038.990234375,-21.86191749572754,0
35.57,2038.7802734375,-21.852863311767578,0
35.58,2038.5599365234375,-21.854785919189453,0
35.59,2038.335693359375,-21.86076545715332,0
35.6,2038.1116943359375,-21.866352081298828,0
35.61,2037.8880615234375,-21.871559143066406,0
35.62,2037.654052734375,-21.88738250732422,0
35.63,2037.4248046875,-21.898181915283203,0
35.64,2037.1959228515625,-21.908485412597656,0
35.65,2036.975830078125,-21.909448623657227,0
35.66,2036.756103515625,-21.91011619567871,0
35.67,2036.519775390625,-21.928064346313477,0
35.68,2036.2860107421875,-21.943151473999023,0
35.69,2036.0526123046875,-21.957637786865234,0
35.7,2035.8197021484375,-21.971534729003906,0
35.71,2035.5914306640625,-21.980432510375977,0
35.72,2035.3656005859375,-21.986644744873047,0
35.73,2035.1466064453125,-21.985795974731445,0
35.74,2034.93212890625,-21.980249404907227,0
35.75,2034.7220458984375,-21.97010040283203,0
35.76,2034.516357421875,-21.955446243286133,0
35.77,2034.3150634765625,-21.936382293701172,0
35.78,2034.13720703125,-21.893163681030273,0
35.79,2033.9635009765625,-21.846139907836914,0
35.8,2033.793701171875,-21.79539680480957,0
35.81,2033.6280517578125,-21.741024017333984,0
35.82,2033.451416015625,-21.698528289794922,0
35.83,2033.27880859375,-21.652252197265625,0
35.84,2033.1102294921875,-21.602283477783203,0
35.85,2032.9456787109375,-21.548707962036133,0
35.86,2032.7681884765625,-21.509246826171875,0
35.87,2032.5946044921875,-21.465986251831055,0
35.88,2032.43994140625,-21.403593063354492,0
35.89,2032.2890625,-21.337894439697266,0
35.9,2032.141845703125,-21.268972396850586,0
35.91,2031.951904296875,-21.245376586914062,0
35.92,2031.76611328125,-21.21771240234375,0
35.93,2031.5673828125,-21.203697204589844,0
35.94,2031.3707275390625,-21.187631607055664,0
35.95,2031.180419921875,-21.165138244628906,0
35.96,2030.97314453125,-21.160560607910156,0
35.97,2030.770263671875,-21.151538848876953,0
35.98,2030.5672607421875,-21.14258575439453,0
35.99,2030.36865234375,-21.12928009033203,0
36,2030.1741943359375,-21.111717224121094,0
36.01,2029.9840087890625,-21.08998680114746,0
36.02,2029.7999267578125,-21.061969757080078,0
36.03,2029.6199951171875,-21.030012130737305,0
36.04,2029.444091796875,-20.994199752807617,0
36.05,2029.2720947265625,-20.954622268676758,0
36.06,2029.1019287109375,-20.91357421875,0
36.07,2028.935791015625,-20.868885040283203,0
36.08,2028.771240234375,-20.822856903076172,0
36.09,2028.610595703125,-20.7733097076416,0
36.1,2028.45166015625,-20.722530364990234,0
36.11,2028.29638671875,-20.668354034423828,0
36.12,2028.1217041015625,-20.63506507873535,0
36.13,2027.9425048828125,-20.606876373291016,0
36.14,2027.7672119140625,-20.57485008239746,0
36.15,2027.61279296875,-20.52145004272461,0
36.16,2027.4451904296875,-20.482370376586914,0
36.17,2027.2813720703125,-20.4397029876709,0
36.18,2027.1129150390625,-20.402318954467773,0
36.19,2026.9483642578125,-20.361330032348633,0
36.2,2026.7747802734375,-20.33002281188965,0
36.21,2026.5714111328125,-20.3302001953125,0
36.22,2026.3701171875,-20.32822608947754,0
36.23,2026.1707763671875,-20.32414436340332,0
36.24,2025.9354248046875,-20.35761260986328,0
36.25,2025.702392578125,-20.388233184814453,0
36.26,2025.45068359375,-20.43805503845215,0
36.27,2025.1846923828125,-20.50224494934082,0
36.28,2024.9234619140625,-20.560712814331055,0
36.29,2024.650146484375,-20.631193161010742,0
36.3,2024.3648681640625,-20.713363647460938,0
36.31,2024.06982421875,-20.804813385009766,0
36.32,2023.780029296875,-20.889915466308594,0
36.33,2023.495361328125,-20.96878433227539,0
36.34,2023.213623046875,-21.043737411499023,0
36.35,2022.93701171875,-21.112632751464844,0
36.36,2022.6695556640625,-21.171154022216797,0
36.37,2022.3775634765625,-21.254701614379883,0
36.38,2022.09716796875,-21.325395584106445,0
36.39,2021.82177734375,-21.390060424804688,0
36.4,2021.551513671875,-21.44880485534668,0
36.41,2021.275634765625,-21.51273536682129,0
36.42,2021.0048828125,-21.570735931396484,0
36.43,2020.7200927734375,-21.64269256591797,0
36.44,2020.438232421875,-21.710735321044922,0
36.45,2020.146728515625,-21.788131713867188,0
36.46,2019.8499755859375,-21.870250701904297,0
36.47,2019.550048828125,-21.95477294921875,0
36.48,2019.2554931640625,-22.03284454345703,0
36.49,2018.9661865234375,-22.104581832885742,0
36.5,2018.6800537109375,-22.17230796813965,0
36.51,2018.3802490234375,-22.253660202026367,0
36.52,2018.0794677734375,-22.335140228271484,0
36.53,2017.7840576171875,-22.410152435302734,0
36.54,2017.4940185546875,-22.47881317138672,0
36.55,2017.2093505859375,-22.54123878479004,0
36.56,2016.9361572265625,-22.590967178344727,0
36.57,2016.6617431640625,-22.641403198242188,0
36.58,2016.390380859375,-22.688152313232422,0
36.59,2016.1241455078125,-22.72907257080078,0
36.6,2015.863037109375,-22.76427459716797,0
36.61,2015.60693359375,-22.793869018554688,0
36.62,2015.3453369140625,-22.828954696655273,0
36.63,2015.0887451171875,-22.858423233032227,0
36.64,2014.8328857421875,-22.886747360229492,0
36.65,2014.58203125,-22.90958023071289,0
36.66,2014.336181640625,-22.927026748657227,0
36.67,2014.09521484375,-22.939199447631836,0
36.68,2013.8505859375,-22.95504379272461,0
36.69,2013.60888671875,-22.967792510986328,0
36.7,2013.3697509765625,-22.977556228637695,0
36.71,2013.13134765625,-22.986616134643555,0
36.72,2012.897705078125,-22.99056053161621,0
36.73,2012.6688232421875,-22.98949432373047,0
36.74,2012.442626953125,-22.98573112487793,0
36.75,2012.22314453125,-22.97490692138672,0
36.76,2012.0062255859375,-22.96158790588379,0
36.77,2011.78759765625,-22.950191497802734,0
36.78,2011.56298828125,-22.94510269165039,0
36.79,2011.353515625,-22.924203872680664,0
36.8,2011.155029296875,-22.892248153686523,0
36.81,2010.9482421875,-22.869190216064453,0
36.82,2010.7459716796875,-22.841703414916992,0
36.83,2010.548095703125,-22.809885025024414,0
36.84,2010.350341796875,-22.778247833251953,0
36.85,2010.1612548828125,-22.737958908081055,0
36.86,2009.9912109375,-22.67827033996582,0
36.87,2009.8316650390625,-22.608322143554688,0
36.88,2009.669677734375,-22.541595458984375,0
36.89,2009.4969482421875,-22.48676300048828,0
36.9,2009.3431396484375,-22.412887573242188,0
36.91,2009.193115234375,-22.335729598999023,0
36.92,2009.0322265625,-22.27072525024414,0
36.93,2008.8753662109375,-22.202285766601562,0
36.94,2008.7117919921875,-22.1414852142334,0
36.95,2008.5394287109375,-22.09039306640625,0
36.96,2008.37109375,-22.035615921020508,0
36.97,2008.206787109375,-21.97724151611328,0
36.98,2008.0380859375,-21.92414093017578,0
36.99,2007.8648681640625,-21.87621307373047,0
37,2007.6915283203125,-21.82900047302246,0
37.01,2007.5032958984375,-21.797800064086914,0
37.02,2007.3043212890625,-21.777978897094727,0
37.03,2007.1097412109375,-21.75389862060547,0
37.04,2006.9193115234375,-21.725650787353516,0
37.05,2006.73095703125,-21.695533752441406,0
37.06,2006.5447998046875,-21.663537979125977,0
37.07,2006.34375,-21.647327423095703,0
37.08,2006.14697265625,-21.626811981201172,0
37.09,2005.947998046875,-21.60871124267578,0
37.1,2005.75341796875,-21.58635139465332,0
37.11,2005.5546875,-21.56855010986328,0
37.12,2005.353759765625,-21.553117752075195,0
37.13,2005.1318359375,-21.559717178344727,0
37.14,2004.906005859375,-21.570343017578125,0
37.15,2004.659423828125,-21.602466583251953,0
37.16,2004.4154052734375,-21.631500244140625,0
37.17,2004.1678466796875,-21.664079666137695,0
37.18,2003.918701171875,-21.697917938232422,0
37.19,2003.6744384765625,-21.726409912109375,0
37.2,2003.4136962890625,-21.771575927734375,0
37.21,2003.157958984375,-21.811141967773438,0
37.22,2002.9071044921875,-21.845216751098633,0
37.23,2002.6610107421875,-21.8739070892334,0
37.24,2002.4197998046875,-21.897315979003906,0
37.25,2002.170654296875,-21.928747177124023,0
37.26,2001.9263916015625,-21.954832077026367,0
37.27,2001.6783447265625,-21.98444938659668,0
37.28,2001.4351806640625,-22.008745193481445,0
37.29,2001.1778564453125,-22.047536849975586,0
37.3,2000.9254150390625,-22.0808048248291,0
37.31,2000.673583984375,-22.11307144165039,0
37.32,2000.4266357421875,-22.139930725097656,0
37.33,2000.1844482421875,-22.16149139404297,0
37.34,1999.9388427734375,-22.18657684326172,0
37.35,1999.6978759765625,-22.206388473510742,0
37.36,1999.4617919921875,-22.221031188964844,0
37.37,1999.1861572265625,-22.276723861694336,0
37.38,1998.91552734375,-22.326494216918945,0
37.39,1998.6500244140625,-22.370452880859375,0
37.4,1998.3895263671875,-22.408708572387695,0
37.41,1998.134033203125,-22.441373825073242,0
37.42,1997.883544921875,-22.468555450439453,0
37.43,1997.6378173828125,-22.490360260009766,0
37.44,1997.411865234375,-22.491544723510742,0
37.45,1997.1904296875,-22.487884521484375,0
37.46,1996.97998046875,-22.472848892211914,0
37.47,1996.7740478515625,-22.453306198120117,0
37.48,1996.5726318359375,-22.429353713989258,0
37.49,1996.364990234375,-22.412078857421875,0
37.5,1996.1617431640625,-22.390356063842773,0
37.51,1995.962890625,-22.364282608032227,0
37.52,1995.7684326171875,-22.333951950073242,0
37.53,1995.5634765625,-22.31480598449707,0
37.54,1995.36083984375,-22.293481826782227,0
37.55,1995.1605224609375,-22.27002716064453,0
37.56,1994.9644775390625,-22.242284774780273,0
37.57,1994.74755859375,-22.23662567138672,0
37.58,1994.532958984375,-22.228525161743164,0
37.59,1994.30810546875,-22.231176376342773,0
37.6,1994.083740234375,-22.233366012573242,0
37.61,1993.86181640625,-22.232959747314453,0
37.62,1993.64453125,-22.227798461914062,0
37.63,1993.431640625,-22.217979431152344,0
37.64,1993.217041015625,-22.210166931152344,0
37.65,1993.0069580078125,-22.197757720947266,0
37.66,1992.80126953125,-22.18084716796875,0
37.67,1992.5872802734375,-22.172670364379883,0
37.68,1992.3778076171875,-22.159910202026367,0
37.69,1992.170654296875,-22.14487075805664,0
37.7,1991.9637451171875,-22.12975311279297,0
37.71,1991.759033203125,-22.112417221069336,0
37.72,1991.552490234375,-22.097267150878906,0
37.73,1991.33984375,-22.088674545288086,0
37.74,1991.11474609375,-22.093027114868164,0
37.75,1990.881591796875,-22.10575294494629,0
37.76,1990.64892578125,-22.11783790588379,0
37.77,1990.4208984375,-22.12493324279785,0
37.78,1990.1976318359375,-22.12714195251465,0
37.79,1989.9703369140625,-22.133342742919922,0
37.8,1989.7562255859375,-22.125892639160156,0
37.81,1989.53173828125,-22.129199981689453,0
37.82,1989.32666015625,-22.112348556518555,0
37.83,1989.1112060546875,-22.106454849243164,0
37.84,1988.8897705078125,-22.10687255859375,0
37.85,1988.6728515625,-22.1025447845459,0
37.86,1988.46044921875,-22.093568801879883,0
37.87,1988.2462158203125,-22.086610794067383,0
37.88,1988.0406494140625,-22.07070541381836,0
37.89,1987.8310546875,-22.059171676635742,0
37.9,1987.6258544921875,-22.043148040771484,0
37.91,1987.4207763671875,-22.0270938873291,0
37.92,1987.22021484375,-22.006649017333984,0
37.93,1987.021728515625,-21.98411750793457,0
37.94,1986.8192138671875,-21.966115951538086,0
37.95,1986.62109375,-21.94378089904785,0
37.96,1986.4166259765625,-21.92812728881836,0
37.97,1986.2166748046875,-21.908096313476562,0
37.98,1986.0103759765625,-21.894712448120117,0
37.99,1985.81689453125,-21.868188858032227,0
38,1985.627685546875,-21.837528228759766,0
38.01,1985.442626953125,-21.802818298339844,0
38.02,1985.26171875,-21.764150619506836,0
38.03,1985.0849609375,-21.72161293029785,0
38.04,1984.9039306640625,-21.684019088745117,0
38.05,1984.7269287109375,-21.642555236816406,0
38.06,1984.553955078125,-21.597305297851562,0
38.07,1984.380859375,-21.552776336669922,0
38.08,1984.2095947265625,-21.50670051574707,0
38.09,1984.0401611328125,-21.45917320251465,0
38.1,1983.868408203125,-21.414592742919922,0
38.11,1983.6943359375,-21.372913360595703,0
38.12,1983.524169921875,-21.327510833740234,0
38.13,1983.349609375,-21.287246704101562,0
38.14,1983.178955078125,-21.243249893188477,0
38.15,1983.00390625,-21.204326629638672,0
38.16,1982.822265625,-21.17264747619629,0
38.17,1982.6048583984375,-21.17864227294922,0
38.18,1982.3770751953125,-21.195314407348633,0
38.19,1982.1495361328125,-21.211523056030273,0
38.2,1981.926513671875,-21.222850799560547,0
38.21,1981.7078857421875,-21.229398727416992,0
38.22,1981.4854736328125,-21.23998260498047,0
38.23,1981.2674560546875,-21.245798110961914,0
38.24,1981.047607421875,-21.25350570678711,0
38.25,1980.82373046875,-21.265277862548828,0
38.26,1980.6043701171875,-21.27225112915039,0
38.27,1980.389404296875,-21.274520874023438,0
38.28,1980.1788330078125,-21.272184371948242,0
38.29,1979.97265625,-21.265336990356445,0
38.3,1979.7645263671875,-21.260639190673828,0
38.31,1979.5460205078125,-21.266767501831055,0
38.32,1979.329833984375,-21.270421981811523,0
38.33,1979.0992431640625,-21.289148330688477,0
38.34,1978.87109375,-21.305078506469727,0
38.35,1978.6453857421875,-21.31832504272461,0
38.36,1978.409423828125,-21.34207534790039,0
38.37,1978.169677734375,-21.36948585510254,0
38.38,1977.9261474609375,-21.400524139404297,0
38.39,1977.69580078125,-21.417566299438477,0
38.4,1977.469970703125,-21.429668426513672,0
38.41,1977.2486572265625,-21.43692970275879,0
38.42,1977.0318603515625,-21.4394474029541,0
38.43,1976.82373046875,-21.432958602905273,0
38.44,1976.619873046875,-21.42201042175293,0
38.45,1976.430908203125,-21.39571762084961,0
38.46,1976.2545166015625,-21.35666275024414,0
38.47,1976.08203125,-21.3138370513916,0
38.48,1975.91357421875,-21.26732635498047,0
38.49,1975.7491455078125,-21.21721649169922,0
38.5,1975.5885009765625,-21.16359519958496,0
38.51,1975.431640625,-21.106542587280273,0
38.52,1975.2786865234375,-21.046142578125,0
38.53,1975.12939453125,-20.982479095458984,0
38.54,1974.9691162109375,-20.930971145629883,0
38.55,1974.8126220703125,-20.876041412353516,0
38.56,1974.6494140625,-20.828697204589844,0
38.57,1974.489990234375,-20.777868270874023,0
38.58,1974.3302001953125,-20.727991104125977,0
38.59,1974.165771484375,-20.6834774017334,0
38.6,1973.9989013671875,-20.641963958740234,0
38.61,1973.8358154296875,-20.59688377380371,0
38.62,1973.676513671875,-20.548320770263672,0
38.63,1973.5062255859375,-20.511690139770508,0
38.64,1973.33349609375,-20.477989196777344,0
38.65,1973.1268310546875,-20.479934692382812,0
38.66,1972.9244384765625,-20.477453231811523,0
38.67,1972.7261962890625,-20.47063636779785,0
38.68,1972.5321044921875,-20.45957374572754,0
38.69,1972.3421630859375,-20.44435691833496,0
38.7,1972.15625,-20.425073623657227,0
38.71,1971.974365234375,-20.401813507080078,0
38.72,1971.7965087890625,-20.374662399291992,0
38.73,1971.62255859375,-20.343706130981445,0
38.74,1971.452392578125,-20.30902862548828,0
38.75,1971.2230224609375,-20.336318969726562,0
38.76,1970.9959716796875,-20.360897064208984,0
38.77,1970.7713623046875,-20.382755279541016,0
38.78,1970.5384521484375,-20.41292953491211,0
38.79,1970.28076171875,-20.468677520751953,0
38.8,1970.01513671875,-20.532018661499023,0
38.81,1969.748046875,-20.59622573852539,0
38.82,1969.48388671875,-20.65684700012207,0
38.83,1969.21826171875,-20.718358993530273,0
38.84,1968.9573974609375,-20.774168014526367,0
38.85,1968.695068359375,-20.830944061279297,0
38.86,1968.4124755859375,-20.908296585083008,0
38.87,1968.130615234375,-20.98393440246582,0
38.88,1967.8538818359375,-21.053518295288086,0
38.89,1967.57373046875,-21.125932693481445,0
38.9,1967.298583984375,-21.192331314086914,0
38.91,1967.028564453125,-21.25282096862793,0
38.92,1966.763427734375,-21.307514190673828,0
38.93,1966.503173828125,-21.356515884399414,0
38.94,1966.2352294921875,-21.413005828857422,0
38.95,1965.9512939453125,-21.485593795776367,0
38.96,1965.6578369140625,-21.567363739013672,0
38.97,1965.3548583984375,-21.658109664916992,0
38.98,1965.05517578125,-21.74455451965332,0
38.99,1964.7567138671875,-21.828922271728516,0
39,1964.4635009765625,-21.906879425048828,0
39.01,1964.175537109375,-21.97853660583496,0
39.02,1963.8948974609375,-22.0418643951416,0
39.03,1963.6214599609375,-22.096952438354492,0
39.04,1963.3553466796875,-22.143966674804688,0
39.05,1963.098388671875,-22.1809139251709,0
39.06,1962.848388671875,-22.2101993560791,0
39.07,1962.6033935546875,-22.2341251373291,0
39.08,1962.3631591796875,-22.252798080444336,0
39.09,1962.1256103515625,-22.268470764160156,0
39.1,1961.892822265625,-22.279052734375,0
39.11,1961.645751953125,-22.30428123474121,0
39.12,1961.3951416015625,-22.33298683166504,0
39.13,1961.1451416015625,-22.360671997070312,0
39.14,1960.9000244140625,-22.382997512817383,0
39.15,1960.6597900390625,-22.400068283081055,0
39.16,1960.42431640625,-22.411991119384766,0
39.17,1960.19140625,-22.42107391357422,0
39.18,1959.9632568359375,-22.4251651763916,0
39.19,1959.72509765625,-22.43964958190918,0
39.2,1959.49169921875,-22.44902992248535,0
39.21,1959.260986328125,-22.455562591552734,0
39.22,1959.0347900390625,-22.457151412963867,0
39.23,1958.8133544921875,-22.453895568847656,0
39.24,1958.588134765625,-22.454612731933594,0
39.25,1958.3675537109375,-22.45050621032715,0
39.26,1958.151611328125,-22.441675186157227,0
39.27,1957.940185546875,-22.42822265625,0
39.28,1957.7247314453125,-22.419017791748047,0
39.29,1957.501220703125,-22.418270111083984,0
39.3,1957.2823486328125,-22.412734985351562,0
39.31,1957.0679931640625,-22.402515411376953,0
39.32,1956.8560791015625,-22.38991355895996,0
39.33,1956.6466064453125,-22.37493133544922,0
39.34,1956.4415283203125,-22.355464935302734,0
39.35,1956.240966796875,-22.33161163330078,0
39.36,1956.0321044921875,-22.316598892211914,0
39.37,1955.82763671875,-22.297115325927734,0
39.38,1955.6275634765625,-22.27325439453125,0
39.39,1955.431884765625,-22.245115280151367,0
39.4,1955.2406005859375,-22.212793350219727,0
39.41,1955.0262451171875,-22.204723358154297,0
39.42,1954.81640625,-22.192066192626953,0
39.43,1954.6068115234375,-22.179277420043945,0
39.44,1954.401611328125,-22.162002563476562,0
39.45,1954.2008056640625,-22.140336990356445,0
39.46,1954.002197265625,-22.1165828704834,0
39.47,1953.799560546875,-22.0972957611084,0
39.48,1953.601318359375,-22.07367515563965,0
39.49,1953.401123046875,-22.052322387695312,0
39.5,1953.1988525390625,-22.033246994018555,0
39.51,1952.9989013671875,-22.012052536010742,0
39.52,1952.8033447265625,-21.986581802368164,0
39.53,1952.5869140625,-21.983070373535156,0
39.54,1952.3623046875,-21.98805046081543,0
39.55,1952.142333984375,-21.98822021484375,0
39.56,1951.9268798828125,-21.983678817749023,0
39.57,1951.711669921875,-21.978885650634766,0
39.58,1951.492431640625,-21.978193283081055,0
39.59,1951.27783203125,-21.972808837890625,0
39.6,1951.0677490234375,-21.96282958984375,0
39.61,1950.8494873046875,-21.961423873901367,0
39.62,1950.6357421875,-21.95534324645996,0
39.63,1950.43896484375,-21.931615829467773,0
39.64,1950.2359619140625,-21.914602279663086,0
39.65,1950.037353515625,-21.893247604370117,0
39.66,1949.8431396484375,-21.867645263671875,0
39.67,1949.653076171875,-21.837888717651367,0
39.68,1949.4671630859375,-21.804067611694336,0
39.69,1949.3001708984375,-21.750995635986328,0
39.7,1949.1370849609375,-21.694358825683594,0
39.71,1948.97802734375,-21.63424301147461,0
39.72,1948.80810546875,-21.58601188659668,0
39.73,1948.629638671875,-21.547222137451172,0
39.74,1948.4552001953125,-21.504619598388672,0
39.75,1948.280517578125,-21.462646484375,0
39.76,1948.0909423828125,-21.43657684326172,0
39.77,1947.905517578125,-21.40645408630371,0
39.78,1947.72216796875,-21.374513626098633,0
39.79,1947.5428466796875,-21.338655471801758,0
39.8,1947.36767578125,-21.298965454101562,0
39.81,1947.1964111328125,-21.25553321838379,0
39.82,1947.0186767578125,-21.219364166259766,0
39.83,1946.844970703125,-21.179397583007812,0
39.84,1946.673095703125,-21.137874603271484,0
39.85,1946.490478515625,-21.10795021057129,0
39.86,1946.295166015625,-21.091548919677734,0
39.87,1946.0955810546875,-21.07973861694336,0
39.88,1945.88134765625,-21.083232879638672,0
39.89,1945.6485595703125,-21.106128692626953,0
39.9,1945.4202880859375,-21.124034881591797,0
39.91,1945.194580078125,-21.139198303222656,0
39.92,1944.9732666015625,-21.149524688720703,0
39.93,1944.75634765625,-21.155109405517578,0
39.94,1944.541748046875,-21.15825653076172,0
39.95,1944.3232421875,-21.1655216217041,0
39.96,1944.1048583984375,-21.172462463378906,0
39.97,1943.888916015625,-21.17693328857422,0
39.98,1943.66259765625,-21.19199562072754,0
39.99,1943.438720703125,-21.204418182373047,0
40,1943.2193603515625,-21.21204376220703,0
40.01,1942.993896484375,-21.225831985473633,0
40.02,1942.77294921875,-21.234790802001953,0
40.03,1942.56689453125,-21.2281551361084,0
40.04,1942.365234375,-21.217111587524414,0
40.05,1942.1678466796875,-21.201751708984375,0
40.06,1941.955810546875,-21.20174217224121,0
40.07,1941.7271728515625,-21.21897315979004,0
40.08,1941.503173828125,-21.231306076049805,0
40.09,1941.28369140625,-21.238840103149414,0
40.1,1941.068603515625,-21.24167251586914,0
40.11,1940.85791015625,-21.239900588989258,0
40.12,1940.6514892578125,-21.233617782592773,0
40.13,1940.449462890625,-21.222919464111328,0
40.14,1940.24951171875,-21.210100173950195,0
40.15,1940.0538330078125,-21.193004608154297,0
40.16,1939.8624267578125,-21.171724319458008,0
40.17,1939.67724609375,-21.144145965576172,0
40.18,1939.4752197265625,-21.13438606262207,0
40.19,1939.275390625,-21.12251091003418,0
40.2,1939.0797119140625,-21.106361389160156,0
40.21,1938.884033203125,-21.090377807617188,0
40.22,1938.6966552734375,-21.065855026245117,0
40.23,1938.5155029296875,-21.035118103027344,0
40.24,1938.3385009765625,-21.000511169433594,0
40.25,1938.163330078125,-20.964330673217773,0
40.26,1937.9879150390625,-20.928762435913086,0
40.27,1937.7808837890625,-20.92644500732422,0
40.28,1937.573974609375,-20.92404556274414,0
40.29,1937.3629150390625,-20.925931930541992,0
40.3,1937.15625,-20.92329978942871,0
40.31,1936.953857421875,-20.916244506835938,0
40.32,1936.75146484375,-20.909210205078125,0
40.33,1936.544921875,-20.906557083129883,0
40.34,1936.3426513671875,-20.89948272705078,0
40.35,1936.1572265625,-20.875017166137695,0
40.36,1935.9716796875,-20.850936889648438,0
40.37,1935.78173828125,-20.831605911254883,0
40.38,1935.59375,-20.810413360595703,0
40.39,1935.409912109375,-20.785202026367188,0
40.4,1935.2237548828125,-20.7625675201416,0
40.41,1935.0479736328125,-20.729448318481445,0
40.42,1934.8760986328125,-20.69257354736328,0
40.43,1934.7081298828125,-20.652027130126953,0
40.44,1934.5440673828125,-20.607892990112305,0
40.45,1934.3587646484375,-20.586336135864258,0
40.46,1934.177490234375,-20.56081771850586,0
40.47,1933.9959716796875,-20.535778045654297,0
40.48,1933.8184814453125,-20.506858825683594,0
40.49,1933.6448974609375,-20.474143981933594,0
40.5,1933.4688720703125,-20.444284439086914,0
40.51,1933.294677734375,-20.412811279296875,0
40.52,1933.11181640625,-20.390682220458984,0
40.53,1932.9329833984375,-20.36464500427246,0
40.54,1932.75390625,-20.339139938354492,0
40.55,1932.5703125,-20.31851577758789,0
40.56,1932.388671875,-20.296173095703125,0
40.57,1932.200439453125,-20.280803680419922,0
40.58,1932.0101318359375,-20.267913818359375,0
40.59,1931.8175048828125,-20.25751495361328,0
40.6,1931.6268310546875,-20.245145797729492,0
40.61,1931.427734375,-20.241762161254883,0
40.62,1931.232666015625,-20.23411750793457,0
40.63,1931.035400390625,-20.22879981994629,0
40.64,1930.84228515625,-20.219263076782227,0
40.65,1930.613525390625,-20.24694061279297,0
40.66,1930.372314453125,-20.287132263183594,0
40.67,1930.11279296875,-20.3460750579834,0
40.68,1929.8433837890625,-20.414661407470703,0
40.69,1929.5767822265625,-20.479618072509766,0
40.7,1929.3128662109375,-20.541057586669922,0
40.71,1929.0538330078125,-20.59683609008789,0
40.72,1928.7933349609375,-20.653562545776367,0
40.73,1928.5208740234375,-20.722118377685547,0
40.74,1928.24072265625,-20.797836303710938,0
40.75,1927.9593505859375,-20.874101638793945,0
40.76,1927.6810302734375,-20.946475982666016,0
40.77,1927.405517578125,-21.015085220336914,0
40.78,1927.135009765625,-21.077781677246094,0
40.79,1926.86328125,-21.141178131103516,0
40.8,1926.596435546875,-21.198745727539062,0
40.81,1926.3345947265625,-21.25058937072754,0
40.82,1926.0650634765625,-21.309823989868164,0
40.83,1925.79638671875,-21.367631912231445,0
40.84,1925.53271484375,-21.419679641723633,0
40.85,1925.27392578125,-21.4660701751709,0
40.86,1925.0198974609375,-21.506912231445312,0
40.87,1924.7686767578125,-21.544513702392578,0
40.88,1924.522216796875,-21.576730728149414,0
40.89,1924.2742919921875,-21.61016845703125,0
40.9,1924.029052734375,-21.640501022338867,0
40.91,1923.7884521484375,-21.665578842163086,0
40.92,1923.5526123046875,-21.685501098632812,0
40.93,1923.321533203125,-21.700374603271484,0
40.94,1923.094970703125,-21.710296630859375,0
40.95,1922.8729248046875,-21.715368270874023,0
40.96,1922.6553955078125,-21.715686798095703,0
40.97,1922.446533203125,-21.706995010375977,0
40.98,1922.2421875,-21.693836212158203,0
40.99,1922.0421142578125,-21.676307678222656,0
41,1921.8316650390625,-21.669708251953125,0
41.01,1921.6068115234375,-21.678176879882812,0
41.02,1921.378173828125,-21.690481185913086,0
41.03,1921.1541748046875,-21.69788932800293,0
41.04,1920.9263916015625,-21.709213256835938,0
41.05,1920.669677734375,-21.75043296813965,0
41.06,1920.4052734375,-21.79915428161621,0
41.07,1920.129150390625,-21.85956573486328,0
41.08,1919.858154296875,-21.91405487060547,0
41.09,1919.5921630859375,-21.96273422241211,0
41.1,1919.3291015625,-22.007919311523438,0
41.11,1919.0584716796875,-22.060466766357422,0
41.12,1918.7886962890625,-22.111570358276367,0
41.13,1918.5093994140625,-22.17209815979004,0
41.14,1918.2081298828125,-22.254850387573242,0
41.15,1917.90380859375,-22.33984375,0
41.16,1917.6029052734375,-22.42045783996582,0
41.17,1917.2947998046875,-22.507675170898438,0
41.18,1916.98388671875,-22.5969295501709,0
41.19,1916.670166015625,-22.688220977783203,0
41.2,1916.3702392578125,-22.764070510864258,0
41.21,1916.0633544921875,-22.84648895263672,0
41.22,1915.7618408203125,-22.922321319580078,0
41.23,1915.4658203125,-22.99168586730957,0
41.24,1915.1690673828125,-23.061262130737305,0
41.25,1914.846435546875,-23.156984329223633,0
41.26,1914.516845703125,-23.25884246826172,0
41.27,1914.193115234375,-23.353626251220703,0
41.28,1913.88134765625,-23.434961318969727,0
41.29,1913.5751953125,-23.509605407714844,0
41.3,1913.274658203125,-23.577682495117188,0
41.31,1912.9796142578125,-23.63931655883789,0
41.32,1912.6942138671875,-23.690265655517578,0
41.33,1912.42041015625,-23.72859764099121,0
41.34,1912.1602783203125,-23.752355575561523,0
41.35,1911.9052734375,-23.77054214477539,0
41.36,1911.6553955078125,-23.78326988220215,0
41.37,1911.41259765625,-23.78849983215332,0
41.38,1911.1746826171875,-23.788530349731445,0
41.39,1910.9395751953125,-23.785619735717773,0
41.4,1910.7093505859375,-23.777679443359375,0
41.41,1910.4776611328125,-23.771316528320312,0
41.42,1910.23828125,-23.77305793762207,0
41.43,1909.985107421875,-23.7891845703125,0
41.44,1909.7369384765625,-23.799888610839844,0
41.45,1909.481201171875,-23.818281173706055,0
41.46,1909.2305908203125,-23.831199645996094,0
41.47,1908.9913330078125,-23.832252502441406,0
41.48,1908.750732421875,-23.834686279296875,0
41.49,1908.514892578125,-23.83197021484375,0
41.5,1908.281982421875,-23.826417922973633,0
41.51,1908.0538330078125,-23.815881729125977,0
41.52,1907.8304443359375,-23.800466537475586,0
41.53,1907.6097412109375,-23.782421112060547,0
41.54,1907.38134765625,-23.772661209106445,0
41.55,1907.1556396484375,-23.760223388671875,0
41.56,1906.9346923828125,-23.74295997619629,0
41.57,1906.712158203125,-23.727474212646484,0
41.58,1906.494384765625,-23.707231521606445,0
41.59,1906.28125,-23.68233299255371,0
41.6,1906.076904296875,-23.64852523803711,0
41.61,1905.8729248046875,-23.614707946777344,0
41.62,1905.6734619140625,-23.5765323638916,0
41.63,1905.478515625,-23.534099578857422,0
41.64,1905.2879638671875,-23.487504959106445,0
41.65,1905.101806640625,-23.436843872070312,0
41.66,1904.91162109375,-23.390857696533203,0
41.67,1904.7154541015625,-23.351667404174805,0
41.68,1904.5048828125,-23.32784652709961,0
41.69,1904.298828125,-23.29952621459961,0
41.7,1904.0972900390625,-23.266801834106445,0
41.71,1903.9002685546875,-23.229774475097656,0
41.72,1903.7076416015625,-23.188539505004883,0
41.73,1903.519287109375,-23.143192291259766,0
41.74,1903.3187255859375,-23.11112403869629,0
41.75,1903.1163330078125,-23.081274032592773,0
41.76,1902.92041015625,-23.044952392578125,0
41.77,1902.726806640625,-23.006593704223633,0
41.78,1902.510498046875,-22.992311477661133,0
41.79,1902.2987060546875,-22.973403930664062,0
41.8,1902.091552734375,-22.949970245361328,0
41.81,1901.8992919921875,-22.911256790161133,0
41.82,1901.700927734375,-22.879291534423828,0
41.83,1901.5048828125,-22.845294952392578,0
41.84,1901.3153076171875,-22.804908752441406,0
41.85,1901.1279296875,-22.762678146362305,0
41.86,1900.9384765625,-22.72294807434082,0
41.87,1900.7430419921875,-22.689970016479492,0
41.88,1900.5518798828125,-22.652816772460938,0
41.89,1900.364990234375,-22.611581802368164,0
41.9,1900.174072265625,-22.575063705444336,0
41.91,1899.9874267578125,-22.534469604492188,0
41.92,1899.804931640625,-22.489891052246094,0
41.93,1899.6204833984375,-22.447921752929688,0
41.94,1899.440185546875,-22.402013778686523,0
41.95,1899.2410888671875,-22.37611198425293,0
41.96,1899.03173828125,-22.361106872558594,0
41.97,1898.8143310546875,-22.354625701904297,0
41.98,1898.5889892578125,-22.35649871826172,0
41.99,1898.3641357421875,-22.3579044342041,0
42,1898.143798828125,-22.354496002197266,0
42.01,1897.9239501953125,-22.350730895996094,0
42.02,1897.7044677734375,-22.346555709838867,0
42.03,1897.4769287109375,-22.350688934326172,0
42.04,1897.2479248046875,-22.356454849243164,0
42.05,1897.0111083984375,-22.37032127380371,0
42.06,1896.7705078125,-22.387819290161133,0
42.07,1896.5347900390625,-22.40016746520996,0
42.08,1896.3037109375,-22.407470703125,0
42.09,1896.0772705078125,-22.409828186035156,0
42.1,1895.8514404296875,-22.411638259887695,0
42.11,1895.6343994140625,-22.404321670532227,0
42.12,1895.417724609375,-22.39665985107422,0
42.13,1895.209716796875,-22.380067825317383,0
42.14,1895.0020751953125,-22.363327026367188,0
42.15,1894.798828125,-22.342147827148438,0
42.16,1894.612548828125,-22.30362892150879,0
42.17,1894.4324951171875,-22.258983612060547,0
42.18,1894.256591796875,-22.210498809814453,0
42.19,1894.0848388671875,-22.158260345458984,0
42.2,1893.9150390625,-22.104509353637695,0
42.21,1893.751220703125,-22.044986724853516,0
42.22,1893.59765625,-21.975475311279297,0
42.23,1893.4625244140625,-21.887548446655273,0
42.24,1893.3310546875,-21.796749114990234,0
42.25,1893.19677734375,-21.70965576171875,0
42.26,1893.0516357421875,-21.634857177734375,0
42.27,1892.9248046875,-21.541824340820312,0
42.28,1892.8013916015625,-21.446096420288086,0
42.29,1892.6815185546875,-21.34775161743164,0
42.3,1892.558837890625,-21.25336265563965,0
42.31,1892.4312744140625,-21.16501808166504,0
42.32,1892.302978515625,-21.07831573486328,0
42.33,1892.17822265625,-20.988887786865234,0
42.34,1892.0570068359375,-20.896812438964844,0
42.35,1891.932861328125,-20.80866241455078,0
42.36,1891.7891845703125,-20.741668701171875,0
42.37,1891.64501953125,-20.67597007751465,0
42.38,1891.4981689453125,-20.61370086669922,0
42.39,1891.3465576171875,-20.556949615478516,0
42.4,1891.1904296875,-20.505617141723633,0
42.41,1891.025390625,-20.463953018188477,0
42.42,1890.8621826171875,-20.42097282409668,0
42.43,1890.70263671875,-20.374509811401367,0
42.44,1890.53857421875,-20.333295822143555,0
42.45,1890.369873046875,-20.297224044799805,0
42.46,1890.1883544921875,-20.27490234375,0
42.47,1890.0107421875,-20.248703002929688,0
42.48,1889.8370361328125,-20.21870994567871,0
42.49,1889.6756591796875,-20.176307678222656,0
42.5,1889.5179443359375,-20.130462646484375,0
42.51,1889.353515625,-20.09210205078125,0
42.52,1889.1845703125,-20.058883666992188,0
42.53,1889.0048828125,-20.037200927734375,0
42.54,1888.802001953125,-20.039827346801758,0
42.55,1888.603271484375,-20.03811264038086,0
42.56,1888.3961181640625,-20.045143127441406,0
42.57,1888.184814453125,-20.0563907623291,0
42.58,1887.9757080078125,-20.065261840820312,0
42.59,1887.7645263671875,-20.076213836669922,0
42.6,1887.538818359375,-20.10208511352539,0
42.61,1887.3092041015625,-20.131772994995117,0
42.62,1887.0841064453125,-20.156545639038086,0
42.63,1886.861328125,-20.17864418029785,0
42.64,1886.642822265625,-20.195974349975586,0
42.65,1886.4183349609375,-20.219478607177734,0
42.66,1886.1982421875,-20.238176345825195,0
42.67,1885.9677734375,-20.267305374145508,0
42.68,1885.735595703125,-20.29800033569336,0
42.69,1885.5015869140625,-20.33022117614746,0
42.7,1885.272216796875,-20.357431411743164,0
42.71,1885.0450439453125,-20.381874084472656,0
42.72,1884.79736328125,-20.42738914489746,0
42.73,1884.5523681640625,-20.469804763793945,0
42.74,1884.3118896484375,-20.50697135925293,0
42.75,1884.0677490234375,-20.547632217407227,0
42.76,1883.8282470703125,-20.583065032958984,0
42.77,1883.5911865234375,-20.61551284790039,0
42.78,1883.310791015625,-20.692611694335938,0
42.79,1883.0355224609375,-20.76369857788086,0
42.8,1882.76513671875,-20.828882217407227,0
42.81,1882.499755859375,-20.88827133178711,0
42.82,1882.2392578125,-20.941970825195312,0
42.83,1881.985595703125,-20.987937927246094,0
42.84,1881.7283935546875,-21.037118911743164,0
42.85,1881.4698486328125,-21.0872859954834,0
42.86,1881.216064453125,-21.131914138793945,0
42.87,1880.967041015625,-21.171104431152344,0
42.88,1880.716552734375,-21.211462020874023,0
42.89,1880.470703125,-21.24645233154297,0
42.9,1880.2109375,-21.295610427856445,0
42.91,1879.9476318359375,-21.34785270690918,0
42.92,1879.6893310546875,-21.394453048706055,0
42.93,1879.4378662109375,-21.43337059020996,0
42.94,1879.1912841796875,-21.466903686523438,0
42.95,1878.947265625,-21.497303009033203,0
42.96,1878.7081298828125,-21.522480010986328,0
42.97,1878.4610595703125,-21.555532455444336,0
42.98,1878.206298828125,-21.59623146057129,0
42.99,1877.954345703125,-21.633621215820312,0
43,1877.707275390625,-21.66561508178711,0
43.01,1877.4649658203125,-21.692317962646484,0
43.02,1877.218994140625,-21.722482681274414,0
43.03,1876.977783203125,-21.747379302978516,0
43.04,1876.7308349609375,-21.777957916259766,0
43.05,1876.484619140625,-21.807544708251953,0
43.06,1876.214111328125,-21.862091064453125,0
43.07,1875.9443359375,-21.915189743041992,0
43.08,1875.6796875,-21.96251106262207,0
43.09,1875.3970947265625,-22.0279483795166,0
43.1,1875.11962890625,-22.08732795715332,0
43.11,1874.8453369140625,-22.142908096313477,0
43.12,1874.5760498046875,-22.192611694335938,0
43.13,1874.3077392578125,-22.2408390045166,0
43.14,1874.0423583984375,-22.2855224609375,0
43.15,1873.7652587890625,-22.34181022644043,0
43.16,1873.47265625,-22.413745880126953,0
43.17,1873.177001953125,-22.48805046081543,0
43.18,1872.874267578125,-22.56895637512207,0
43.19,1872.57275390625,-22.647720336914062,0
43.2,1872.2767333984375,-22.720022201538086,0
43.21,1871.986083984375,-22.785978317260742,0
43.22,1871.6903076171875,-22.856496810913086,0
43.23,1871.4000244140625,-22.920677185058594,0
43.24,1871.09423828125,-23.000215530395508,0
43.25,1870.7940673828125,-23.073200225830078,0
43.26,1870.4952392578125,-23.144044876098633,0
43.27,1870.2017822265625,-23.20848274230957,0
43.28,1869.9053955078125,-23.275279998779297,0
43.29,1869.614501953125,-23.335725784301758,0
43.3,1869.3289794921875,-23.389938354492188,0
43.31,1869.05712890625,-23.42938804626465,0
43.32,1868.7801513671875,-23.47381019592285,0
43.33,1868.5084228515625,-23.512298583984375,0
43.34,1868.2418212890625,-23.54496955871582,0
43.35,1867.9720458984375,-23.58057403564453,0
43.36,1867.6888427734375,-23.629838943481445,0
43.37,1867.410888671875,-23.673038482666016,0
43.38,1867.1341552734375,-23.714635848999023,0
43.39,1866.860595703125,-23.752452850341797,0
43.4,1866.588134765625,-23.788707733154297,0
43.41,1866.3209228515625,-23.819128036499023,0
43.42,1866.0589599609375,-23.843830108642578,0
43.43,1865.8001708984375,-23.865074157714844,0
43.44,1865.5318603515625,-23.895917892456055,0
43.45,1865.2396240234375,-23.95124053955078,0
43.46,1864.9508056640625,-24.002452850341797,0
43.47,1864.6591796875,-24.056123733520508,0
43.48,1864.3812255859375,-24.09490203857422,0
43.49,1864.1107177734375,-24.12558364868164,0
43.5,1863.8455810546875,-24.150476455688477,0
43.51,1863.569091796875,-24.18692398071289,0
43.52,1863.2978515625,-24.217453002929688,0
43.53,1863.02978515625,-24.24437713623047,0
43.54,1862.764892578125,-24.26771354675293,0
43.55,1862.5052490234375,-24.285381317138672,0
43.56,1862.2320556640625,-24.316926956176758,0
43.57,1861.95166015625,-24.355562210083008,0
43.58,1861.672607421875,-24.392486572265625,0
43.59,1861.39892578125,-24.423437118530273,0
43.6,1861.1304931640625,-24.448530197143555,0
43.61,1860.869384765625,-24.46573257446289,0
43.62,1860.611572265625,-24.479496002197266,0
43.63,1860.3568115234375,-24.489891052246094,0
43.64,1860.107177734375,-24.494836807250977,0
43.65,1859.862548828125,-24.494441986083984,0
43.66,1859.6270751953125,-24.484527587890625,0
43.67,1859.3966064453125,-24.469581604003906,0
43.68,1859.173095703125,-24.44756507873535,0
43.69,1858.954345703125,-24.420774459838867,0
43.7,1858.7279052734375,-24.40224838256836,0
43.71,1858.518798828125,-24.365951538085938,0
43.72,1858.3143310546875,-24.325193405151367,0
43.73,1858.1041259765625,-24.29085922241211,0
43.74,1857.908935546875,-24.24125099182129,0
43.75,1857.71826171875,-24.187480926513672,0
43.76,1857.54248046875,-24.118858337402344,0
43.77,1857.39794921875,-24.01841926574707,0
43.78,1857.25732421875,-23.914913177490234,0
43.79,1857.131103515625,-23.79763412475586,0
43.8,1857.02099609375,-23.66474723815918,0
43.81,1856.9144287109375,-23.529537200927734,0
43.82,1856.8446044921875,-23.35756492614746,0
43.83,1856.7779541015625,-23.184139251708984,0
43.84,1856.7164306640625,-23.007123947143555,0
43.85,1856.6619873046875,-22.82453727722168,0
43.86,1856.612548828125,-22.63867950439453,0
43.87,1856.5721435546875,-22.445310592651367,0
43.88,1856.5345458984375,-22.25111961364746,0
43.89,1856.4996337890625,-22.056167602539062,0
43.9,1856.46728515625,-21.860511779785156,0
43.91,1856.4376220703125,-21.664207458496094,0
43.92,1856.4041748046875,-21.473806381225586,0
43.93,1856.34423828125,-21.312952041625977,0
43.94,1856.27880859375,-21.15949058532715,0
43.95,1856.21630859375,-21.004663467407227,0
43.96,1856.1461181640625,-20.859323501586914,0
43.97,1856.0787353515625,-20.712514877319336,0
43.98,1856.01416015625,-20.56429672241211,0
43.99,1855.952392578125,-20.414730072021484,0
44,1855.8934326171875,-20.263877868652344,0
44.01,1855.8641357421875,-20.083723068237305,0
44.02,1855.8372802734375,-19.902982711791992,0
44.03,1855.812744140625,-19.721708297729492,0
44.04,1855.7904052734375,-19.539945602416992,0
44.05,1855.770263671875,-19.357746124267578,0
44.06,1855.7379150390625,-19.19023895263672,0
44.07,1855.6807861328125,-19.050146102905273,0
44.08,1855.626220703125,-18.90886116027832,0
44.09,1855.5555419921875,-18.785873413085938,0
44.1,1855.4874267578125,-18.661399841308594,0
44.11,1855.4219970703125,-18.535497665405273,0
44.12,1855.359130859375,-18.408226013183594,0
44.13,1855.2926025390625,-18.286073684692383,0
44.14,1855.2286376953125,-18.162527084350586,0
44.15,1855.1484375,-18.057065963745117,0
44.16,1855.0439453125,-17.97798728942871,0
44.17,1854.938232421875,-17.90097999572754,0
44.18,1854.8355712890625,-17.821731567382812,0
44.19,1854.7191162109375,-17.757530212402344,0
44.2,1854.6138916015625,-17.682270050048828,0
44.21,1854.5032958984375,-17.613361358642578,0
44.22,1854.370849609375,-17.567970275878906,0
44.23,1854.2415771484375,-17.519760131835938,0
44.24,1854.115478515625,-17.46879768371582,0
44.25,1853.992431640625,-17.415149688720703,0
44.26,1853.8724365234375,-17.358882904052734,0
44.27,1853.751220703125,-17.304412841796875,0
44.28,1853.6351318359375,-17.24521827697754,0
44.29,1853.513671875,-17.19219398498535,0
44.3,1853.395263671875,-17.136587142944336,0
44.31,1853.275634765625,-17.082752227783203,0
44.32,1853.1383056640625,-17.047948837280273,0
44.33,1852.9979248046875,-17.016653060913086,0
44.34,1852.858642578125,-16.98451042175293,0
44.35,1852.7122802734375,-16.960186004638672,0
44.36,1852.560791015625,-16.941377639770508,0
44.37,1852.4105224609375,-16.92148208618164,0
44.38,1852.2490234375,-16.9134578704834,0
44.39,1852.0804443359375,-16.912769317626953,0
44.4,1851.91552734375,-16.908479690551758,0
44.41,1851.747802734375,-16.907102584838867,0
44.42,1851.5814208984375,-16.904287338256836,0
44.43,1851.41845703125,-16.897916793823242,0
44.44,1851.244384765625,-16.903200149536133,0
44.45,1851.0364990234375,-16.943500518798828,0
44.46,1850.8262939453125,-16.985843658447266,0
44.47,1850.6201171875,-17.023685455322266,0
44.48,1850.4176025390625,-17.057109832763672,0
44.49,1850.217041015625,-17.088348388671875,0
44.5,1850.0181884765625,-17.1174373626709,0
44.51,1849.8231201171875,-17.142271041870117,0
44.52,1849.6297607421875,-17.165075302124023,0
44.53,1849.43603515625,-17.18803596496582,0
44.54,1849.2149658203125,-17.239208221435547,0
44.55,1848.979248046875,-17.305015563964844,0
44.56,1848.7435302734375,-17.370058059692383,0
44.57,1848.510009765625,-17.432199478149414,0
44.58,1848.28076171875,-17.489336013793945,0
44.59,1848.028564453125,-17.56956672668457,0
44.6,1847.7767333984375,-17.648685455322266,0
44.61,1847.527099609375,-17.72460174560547,0
44.62,1847.281982421875,-17.795167922973633,0
44.63,1847.0369873046875,-17.864774703979492,0
44.64,1846.7861328125,-17.939861297607422,0
44.65,1846.5333251953125,-18.016061782836914,0
44.66,1846.266357421875,-18.106210708618164,0
44.67,1846.001953125,-18.192785263061523,0
44.68,1845.7174072265625,-18.29949378967285,0
44.69,1845.4376220703125,-18.400096893310547,0
44.7,1845.1480712890625,-18.509775161743164,0
44.71,1844.861328125,-18.615392684936523,0
44.72,1844.5794677734375,-18.71485710144043,0
44.73,1844.2919921875,-18.819061279296875,0
44.74,1843.9886474609375,-18.93861198425293,0
44.75,1843.6864013671875,-19.05594825744629,0
44.76,1843.38916015625,-19.166799545288086,0
44.77,1843.096923828125,-19.27127456665039,0
44.78,1842.791015625,-19.38884735107422,0
44.79,1842.4903564453125,-19.499858856201172,0
44.8,1842.1884765625,-19.61091423034668,0
44.81,1841.8916015625,-19.715492248535156,0
44.82,1841.5999755859375,-19.813705444335938,0
44.83,1841.319580078125,-19.899171829223633,0
44.84,1841.037841796875,-19.98512077331543,0
44.85,1840.759033203125,-20.067176818847656,0
44.86,1840.476806640625,-20.151838302612305,0
44.87,1840.1995849609375,-20.230451583862305,0
44.88,1839.9273681640625,-20.303125381469727,0
44.89,1839.657958984375,-20.372112274169922,0
44.9,1839.383056640625,-20.446109771728516,0
44.91,1839.10888671875,-20.518510818481445,0
44.92,1838.83349609375,-20.591472625732422,0
44.93,1838.558837890625,-20.662826538085938,0
44.94,1838.2705078125,-20.747661590576172,0
44.95,1837.9769287109375,-20.837045669555664,0
44.96,1837.6885986328125,-20.920137405395508,0
44.97,1837.39697265625,-21.005685806274414,0
44.98,1837.110595703125,-21.084983825683594,0
44.99,1836.837646484375,-21.149511337280273,0
45,1836.569580078125,-21.208189010620117,0
45.01,1836.306640625,-21.26112937927246,0
45.02,1836.0360107421875,-21.321367263793945,0
45.03,1835.7703857421875,-21.375808715820312,0
45.04,1835.509765625,-21.424564361572266,0
45.05,1835.2540283203125,-21.467741012573242,0
45.06,1835.0133056640625,-21.494714736938477,0
45.07,1834.77734375,-21.516538619995117,0
45.08,1834.53564453125,-21.544042587280273,0
45.09,1834.3089599609375,-21.555648803710938,0
45.1,1834.0869140625,-21.562410354614258,0
45.11,1833.869384765625,-21.56442642211914,0
45.12,1833.65625,-21.561792373657227,0
45.13,1833.4476318359375,-21.554607391357422,0
45.14,1833.2308349609375,-21.555835723876953,0
45.15,1833.0185546875,-21.552431106567383,0
45.16,1832.806396484375,-21.548839569091797,0
45.17,1832.5987548828125,-21.54071807861328,0
45.18,1832.3953857421875,-21.528160095214844,0
45.19,1832.1943359375,-21.51334571838379,0
45.2,1831.9954833984375,-21.496442794799805,0
45.21,1831.8009033203125,-21.475292205810547,0
45.22,1831.602294921875,-21.458574295043945,0
45.23,1831.393310546875,-21.452688217163086,0
45.24,1831.1846923828125,-21.44662857055664,0
45.25,1830.97412109375,-21.442548751831055,0
45.26,1830.75341796875,-21.44898796081543,0
45.27,1830.5289306640625,-21.459346771240234,0
45.28,1830.3089599609375,-21.464906692504883,0
45.29,1830.093505859375,-21.46576690673828,0
45.3,1829.890869140625,-21.453388214111328,0
45.31,1829.6842041015625,-21.4453182220459,0
45.32,1829.481689453125,-21.432832717895508,0
45.33,1829.2794189453125,-21.420316696166992,0
45.34,1829.0814208984375,-21.403480529785156,0
45.35,1828.87939453125,-21.39099884033203,0
45.36,1828.675537109375,-21.380640029907227,0
45.37,1828.4779052734375,-21.363780975341797,0
45.38,1828.282470703125,-21.3448486328125,0
45.39,1828.0849609375,-21.328235626220703,0
45.4,1827.885498046875,-21.313844680786133,0
45.41,1827.6903076171875,-21.295194625854492,0
45.42,1827.499267578125,-21.272377014160156,0
45.43,1827.3123779296875,-21.2454833984375,0
45.44,1827.129638671875,-21.2146053314209,0
45.45,1826.9530029296875,-21.177684783935547,0
45.46,1826.7803955078125,-21.13699722290039,0
45.47,1826.6116943359375,-21.09263038635254,0
45.48,1826.4552001953125,-21.03603172302246,0
45.49,1826.3045654296875,-20.973957061767578,0
45.5,1826.1556396484375,-20.910823822021484,0
45.51,1826.0103759765625,-20.84452247619629,0
45.52,1825.86865234375,-20.775131225585938,0
45.53,1825.7222900390625,-20.71136474609375,0
45.54,1825.5794677734375,-20.644485473632812,0
45.55,1825.4217529296875,-20.593873977661133,0
45.56,1825.2408447265625,-20.567846298217773,0
45.57,1825.06396484375,-20.537960052490234,0
45.58,1824.8909912109375,-20.504302978515625,0
45.59,1824.7177734375,-20.471248626708984,0
45.6,1824.54638671875,-20.4366455078125,0
45.61,1824.3726806640625,-20.404878616333008,0
45.62,1824.1986083984375,-20.373699188232422,0
45.63,1824.022216796875,-20.34524154663086,0
45.64,1823.84765625,-20.31516456604004,0
45.65,1823.6790771484375,-20.279224395751953,0
45.66,1823.514404296875,-20.23969078063965,0
45.67,1823.3533935546875,-20.196645736694336,0
45.68,1823.194091796875,-20.152313232421875,0
45.69,1823.0384521484375,-20.10458755493164,0
45.7,1822.886474609375,-20.05354881286621,0
45.71,1822.725830078125,-20.012142181396484,0
45.72,1822.5771484375,-19.958738327026367,0
45.73,1822.4361572265625,-19.897876739501953,0
45.74,1822.296630859375,-19.836164474487305,0
45.75,1822.1605224609375,-19.771484375,0
45.76,1822.02783203125,-19.70391082763672,0
45.77,1821.8985595703125,-19.63351821899414,0
45.78,1821.772705078125,-19.560379028320312,0
45.79,1821.650146484375,-19.484567642211914,0
45.8,1821.53076171875,-19.40615463256836,0
45.81,1821.4207763671875,-19.318771362304688,0
45.82,1821.3138427734375,-19.22905731201172,0
45.83,1821.2142333984375,-19.132789611816406,0
45.84,1821.1383056640625,-19.012907028198242,0
45.85,1821.0712890625,-18.884990692138672,0
45.86,1821.0069580078125,-18.755672454833984,0
45.87,1820.9390869140625,-18.631444931030273,0
45.88,1820.8800048828125,-18.499359130859375,0
45.89,1820.8233642578125,-18.366039276123047,0
45.9,1820.7794189453125,-18.22081184387207,0
45.91,1820.73779296875,-18.074676513671875,0
45.92,1820.688232421875,-17.93840980529785,0
45.93,1820.638916015625,-17.803260803222656,0
45.94,1820.5816650390625,-17.677812576293945,0
45.95,1820.52685546875,-17.55116844177246,0
45.96,1820.474365234375,-17.42337989807129,0
45.97,1820.4241943359375,-17.294498443603516,0
45.98,1820.374267578125,-17.166719436645508,0
45.99,1820.318359375,-17.04653549194336,0
46,1820.2606201171875,-16.929475784301758,0
46.01,1820.1968994140625,-16.819782257080078,0
46.02,1820.1004638671875,-16.745269775390625,0
46.03,1819.996337890625,-16.6794376373291,0
46.04,1819.85791015625,-16.65005874633789,0
46.05,1819.7225341796875,-16.61772918701172,0
46.06,1819.59033203125,-16.582515716552734,0
46.07,1819.461181640625,-16.544485092163086,0
46.08,1819.3226318359375,-16.51657485961914,0
46.09,1819.1500244140625,-16.524370193481445,0
46.1,1818.9683837890625,-16.541343688964844,0
46.11,1818.802734375,-16.541568756103516,0
46.12,1818.6590576171875,-16.51895523071289,0
46.13,1818.4979248046875,-16.514720916748047,0
46.14,1818.3402099609375,-16.507043838500977,0
46.15,1818.185791015625,-16.496002197265625,0
46.16,1818.0511474609375,-16.464509963989258,0
46.17,1817.9237060546875,-16.425857543945312,0
46.18,1817.8074951171875,-16.375852584838867,0
46.19,1817.6961669921875,-16.321290969848633,0
46.2,1817.5877685546875,-16.26436424255371,0
46.21,1817.482177734375,-16.205135345458984,0
46.22,1817.3792724609375,-16.143661499023438,0
46.23,1817.28125,-16.07780647277832,0
46.24,1817.194091796875,-16.00128936767578,0
46.25,1817.1094970703125,-15.922926902770996,0
46.26,1817.0274658203125,-15.842775344848633,0
46.27,1816.9478759765625,-15.76088809967041,0
46.28,1816.8665771484375,-15.681608200073242,0
46.29,1816.7877197265625,-15.600607872009277,0
46.3,1816.7154541015625,-15.513652801513672,0
46.31,1816.641357421875,-15.429461479187012,0
46.32,1816.569580078125,-15.343706130981445,0
46.33,1816.5001220703125,-15.256436347961426,0
46.34,1816.4246826171875,-15.176279067993164,0
46.35,1816.3433837890625,-15.103167533874512,0
46.36,1816.264404296875,-15.028335571289062,0
46.37,1816.196044921875,-14.943194389343262,0
46.38,1816.1258544921875,-14.860958099365234,0
46.39,1816.057861328125,-14.777240753173828,0
46.4,1815.9920654296875,-14.692087173461914,0
46.41,1815.92431640625,-14.609838485717773,0
46.42,1815.8463134765625,-14.53902816772461,0
46.43,1815.7706298828125,-14.466567039489746,0
46.44,1815.697265625,-14.392505645751953,0
46.45,1815.6385498046875,-14.30402660369873,0
46.46,1815.5694580078125,-14.227178573608398,0
46.47,1815.467529296875,-14.185328483581543,0
46.48,1815.3638916015625,-14.145598411560059,0
46.49,1815.2628173828125,-14.103663444519043,0
46.5,1815.1456298828125,-14.078934669494629,0
46.51,1815.0125732421875,-14.071008682250977,0
46.52,1814.871826171875,-14.070964813232422,0
46.53,1814.7216796875,-14.080780029296875,0
46.54,1814.5394287109375,-14.1238431930542,0
46.55,1814.3583984375,-14.165152549743652,0
46.56,1814.174560546875,-14.20901870727539,0
46.57,1813.973388671875,-14.270391464233398,0
46.58,1813.7757568359375,-14.327454566955566,0
46.59,1813.575439453125,-14.386717796325684,0
46.6,1813.362060546875,-14.458843231201172,0
46.61,1813.1422119140625,-14.537121772766113,0
46.62,1812.907470703125,-14.629985809326172,0
46.63,1812.6766357421875,-14.717818260192871,0
46.64,1812.4495849609375,-14.800699234008789,0
46.65,1812.2265625,-14.878715515136719,0
46.66,1812.0072021484375,-14.951950073242188,0
46.67,1811.7916259765625,-15.020484924316406,0
46.68,1811.586181640625,-15.07796859741211,0
46.69,1811.38427734375,-15.131051063537598,0
46.7,1811.2025146484375,-15.162654876708984,0
46.71,1811.024169921875,-15.1903715133667,0
46.72,1810.832763671875,-15.231428146362305,0
46.73,1810.6448974609375,-15.268385887145996,0
46.74,1810.46044921875,-15.301323890686035,0
46.75,1810.2919921875,-15.317452430725098,0
46.76,1810.1370849609375,-15.319256782531738,0
46.77,1809.9749755859375,-15.328474998474121,0
46.78,1809.81201171875,-15.338519096374512,0
46.79,1809.6522216796875,-15.345080375671387,0
46.8,1809.4957275390625,-15.34822940826416,0
46.81,1809.342529296875,-15.348036766052246,0
46.82,1809.196533203125,-15.34028148651123,0
46.83,1809.0494384765625,-15.333699226379395,0
46.84,1808.8848876953125,-15.345417022705078,0
46.85,1808.7193603515625,-15.357909202575684,0
46.86,1808.546875,-15.377585411071777,0
46.87,1808.3756103515625,-15.395715713500977,0
46.88,1808.20361328125,-15.414474487304688,0
46.89,1808.034912109375,-15.42955493927002,0
46.9,1807.8736572265625,-15.436741828918457,0
46.91,1807.7115478515625,-15.444770812988281,0
46.92,1807.5465087890625,-15.455771446228027,0
46.93,1807.3785400390625,-15.46967601776123,0
46.94,1807.2139892578125,-15.47999095916748,0
46.95,1807.02783203125,-15.512520790100098,0
46.96,1806.8369140625,-15.549643516540527,0
46.97,1806.6455078125,-15.586969375610352,0
46.98,1806.4307861328125,-15.648015975952148,0
46.99,1806.211669921875,-15.713040351867676,0
47,1805.9923095703125,-15.777663230895996,0
47.01,1805.772705078125,-15.841874122619629,0
47.02,1805.5528564453125,-15.905667304992676,0
47.03,1805.3079833984375,-15.994771003723145,0
47.04,1805.0467529296875,-16.100011825561523,0
47.05,1804.7835693359375,-16.206085205078125,0
47.06,1804.5164794921875,-16.315086364746094,0
47.07,1804.2537841796875,-16.41836166381836,0
47.08,1804.0037841796875,-16.50743293762207,0
47.09,1803.7498779296875,-16.599720001220703,0
47.1,1803.5146484375,-16.671558380126953,0
47.11,1803.2835693359375,-16.738357543945312,0
47.12,1803.04833984375,-16.80878448486328,0
47.13,1802.8111572265625,-16.880603790283203,0
47.14,1802.578125,-16.947341918945312,0
47.15,1802.34716796875,-17.011240005493164,0
47.16,1802.1119384765625,-17.078763961791992,0
47.17,1801.8726806640625,-17.149829864501953,0
47.18,1801.633544921875,-17.220054626464844,0
47.19,1801.3985595703125,-17.285158157348633,0
47.2,1801.1678466796875,-17.345230102539062,0
47.21,1800.9412841796875,-17.40036392211914,0
47.22,1800.7188720703125,-17.45064926147461,0
47.23,1800.50048828125,-17.496171951293945,0
47.24,1800.2862548828125,-17.537023544311523,0
47.25,1800.080078125,-17.569005966186523,0
47.26,1799.8798828125,-17.59443473815918,0
47.27,1799.6898193359375,-17.60915184020996,0
47.28,1799.4971923828125,-17.626237869262695,0
47.29,1799.3145751953125,-17.632774353027344,0
47.3,1799.131591796875,-17.63970184326172,0
47.31,1798.9522705078125,-17.642719268798828,0
47.32,1798.7745361328125,-17.64405059814453,0
47.33,1798.6004638671875,-17.64158821105957,0
47.34,1798.4114990234375,-17.654645919799805,0
47.35,1798.2200927734375,-17.670101165771484,0
47.36,1798.0262451171875,-17.687894821166992,0
47.37,1797.8424072265625,-17.695117950439453,0
47.38,1797.656005859375,-17.70484161376953,0
47.39,1797.454833984375,-17.729881286621094,0
47.4,1797.257568359375,-17.750619888305664,0
47.41,1797.0498046875,-17.782089233398438,0
47.42,1796.8355712890625,-17.819833755493164,0
47.43,1796.602783203125,-17.876523971557617,0
47.44,1796.365966796875,-17.936809539794922,0
47.45,1796.1190185546875,-18.00703239440918,0
47.46,1795.8743896484375,-18.074108123779297,0
47.47,1795.634033203125,-18.13594627380371,0
47.48,1795.3939208984375,-18.196870803833008,0
47.49,1795.1273193359375,-18.28475570678711,0
47.5,1794.848876953125,-18.38408088684082,0
47.51,1794.5731201171875,-18.479585647583008,0
47.52,1794.2978515625,-18.573467254638672,0
47.53,1794.0191650390625,-18.66996955871582,0
47.54,1793.7412109375,-18.76479148864746,0
47.55,1793.468017578125,-18.853656768798828,0
47.56,1793.1851806640625,-18.951677322387695,0
47.57,1792.9071044921875,-19.043636322021484,0
47.58,1792.6297607421875,-19.13387107849121,0
47.59,1792.3572998046875,-19.21816635131836,0
47.6,1792.089599609375,-19.296627044677734,0
47.61,1791.8265380859375,-19.369352340698242,0
47.62,1791.5682373046875,-19.436447143554688,0
47.63,1791.3145751953125,-19.49801254272461,0
47.64,1791.0655517578125,-19.554149627685547,0
47.65,1790.821044921875,-19.604957580566406,0
47.66,1790.5770263671875,-19.65481948852539,0
47.67,1790.3416748046875,-19.695175170898438,0
47.68,1790.1107177734375,-19.730499267578125,0
47.69,1789.880126953125,-19.765169143676758,0
47.7,1789.620849609375,-19.82914924621582,0
47.71,1789.3663330078125,-19.88758087158203,0
47.72,1789.1143798828125,-19.942710876464844,0
47.73,1788.8670654296875,-19.992448806762695,0
47.74,1788.624267578125,-20.036895751953125,0
47.75,1788.3861083984375,-20.07615089416504,0
47.76,1788.1524658203125,-20.11031150817871,0
47.77,1787.9068603515625,-20.15656852722168,0
47.78,1787.6822509765625,-20.18048095703125,0
47.79,1787.445556640625,-20.216684341430664,0
47.8,1787.21337890625,-20.247827529907227,0
47.81,1786.985595703125,-20.274005889892578,0
47.82,1786.7623291015625,-20.29531478881836,0
47.83,1786.54345703125,-20.311853408813477,0
47.84,1786.3536376953125,-20.298051834106445,0
47.85,1786.14306640625,-20.305864334106445,0
47.86,1785.945068359375,-20.30061149597168,0
47.87,1785.751220703125,-20.29113006591797,0
47.88,1785.5614013671875,-20.27751350402832,0
47.89,1785.3756103515625,-20.25984764099121,0
47.9,1785.19384765625,-20.238218307495117,0
47.91,1785.0159912109375,-20.21271324157715,0
47.92,1784.8358154296875,-20.18984603881836,0
47.93,1784.6575927734375,-20.165279388427734,0
47.94,1784.466796875,-20.154006958007812,0
47.95,1784.280029296875,-20.138662338256836,0
47.96,1784.0931396484375,-20.12362289428711,0
47.97,1783.9039306640625,-20.111026763916016,0
47.98,1783.72509765625,-20.087966918945312,0
47.99,1783.5438232421875,-20.067520141601562,0
48,1783.3665771484375,-20.043209075927734,0
48.01,1783.1788330078125,-20.030067443847656,0
48.02,1782.9908447265625,-20.017208099365234,0
48.03,1782.7843017578125,-20.023860931396484,0
48.04,1782.5675048828125,-20.04104995727539,0
48.05,1782.340576171875,-20.068553924560547,0
48.06,1782.105712890625,-20.104068756103516,0
48.07,1781.8465576171875,-20.164459228515625,0
48.08,1781.57568359375,-20.236392974853516,0
48.09,1781.3095703125,-20.302528381347656,0
48.1,1781.0462646484375,-20.365114212036133,0
48.11,1780.787841796875,-20.422067642211914,0
48.12,1780.5340576171875,-20.47348976135254,0
48.13,1780.2850341796875,-20.519485473632812,0
48.14,1780.0118408203125,-20.59004783630371,0
48.15,1779.7271728515625,-20.67185401916504,0
48.16,1779.43115234375,-20.764657974243164,0
48.17,1779.160888671875,-20.829742431640625,0
48.18,1778.875,-20.910425186157227,0
48.19,1778.5858154296875,-20.99355697631836,0
48.2,1778.295654296875,-21.07686996459961,0
48.21,1778.0106201171875,-21.15397071838379,0
48.22,1777.7265625,-21.22926139831543,0
48.23,1777.439453125,-21.306987762451172,0
48.24,1777.157470703125,-21.378568649291992,0
48.25,1776.880615234375,-21.444114685058594,0
48.26,1776.59228515625,-21.52082633972168,0
48.27,1776.3092041015625,-21.591367721557617,0
48.28,1776.0311279296875,-21.655851364135742,0
48.29,1775.7581787109375,-21.714385986328125,0
48.3,1775.490234375,-21.767080307006836,0
48.31,1775.225341796875,-21.81618881225586,0
48.32,1774.96533203125,-21.85963249206543,0
48.33,1774.710205078125,-21.89751625061035,0
48.34,1774.439453125,-21.95132064819336,0
48.35,1774.1737060546875,-21.99933433532715,0
48.36,1773.89453125,-22.060840606689453,0
48.37,1773.610107421875,-22.127090454101562,0
48.38,1773.3267822265625,-22.191484451293945,0
48.39,1773.0343017578125,-22.2647647857666,0
48.4,1772.7470703125,-22.331785202026367,0
48.41,1772.4713134765625,-22.386289596557617,0
48.42,1772.20068359375,-22.434894561767578,0
48.43,1771.928955078125,-22.484085083007812,0
48.44,1771.6417236328125,-22.54884147644043,0
48.45,1771.35986328125,-22.607454299926758,0
48.46,1771.0831298828125,-22.660036087036133,0
48.47,1770.8116455078125,-22.706701278686523,0
48.48,1770.5513916015625,-22.741132736206055,0
48.49,1770.296142578125,-22.770002365112305,0
48.5,1770.0294189453125,-22.810504913330078,0
48.51,1769.7657470703125,-22.847448348999023,0
48.52,1769.507080078125,-22.878755569458008,0
48.53,1769.255615234375,-22.902393341064453,0
48.54,1769.0069580078125,-22.922801971435547,0
48.55,1768.7529296875,-22.948556900024414,0
48.56,1768.5059814453125,-22.966739654541016,0
48.57,1768.2618408203125,-22.981794357299805,0
48.58,1768.0203857421875,-22.9937744140625,0
48.59,1767.7796630859375,-23.004884719848633,0
48.6,1767.5438232421875,-23.010854721069336,0
48.61,1767.306640625,-23.018163681030273,0
48.62,1767.0660400390625,-23.028921127319336,0
48.63,1766.7994384765625,-23.066577911376953,0
48.64,1766.535888671875,-23.100677490234375,0
48.65,1766.2713623046875,-23.13551902770996,0
48.66,1766.0098876953125,-23.16684913635254,0
48.67,1765.728759765625,-23.218196868896484,0
48.68,1765.4365234375,-23.280567169189453,0
48.69,1765.149658203125,-23.336687088012695,0
48.7,1764.864013671875,-23.390954971313477,0
48.71,1764.583740234375,-23.439115524291992,0
48.72,1764.3087158203125,-23.48128318786621,0
48.73,1764.0224609375,-23.534658432006836,0
48.74,1763.7415771484375,-23.5819149017334,0
48.75,1763.44140625,-23.648710250854492,0
48.76,1763.1468505859375,-23.70908546447754,0
48.77,1762.857666015625,-23.763160705566406,0
48.78,1762.5738525390625,-23.811052322387695,0
48.79,1762.2830810546875,-23.86567497253418,0
48.8,1761.997802734375,-23.914081573486328,0
48.81,1761.7137451171875,-23.960676193237305,0
48.82,1761.43505859375,-24.001197814941406,0
48.83,1761.1617431640625,-24.035764694213867,0
48.84,1760.8670654296875,-24.092182159423828,0
48.85,1760.577880859375,-24.142297744750977,0
48.86,1760.2940673828125,-24.186229705810547,0
48.87,1759.9910888671875,-24.249696731567383,0
48.88,1759.71826171875,-24.281082153320312,0
48.89,1759.4261474609375,-24.332239151000977,0
48.9,1759.1396484375,-24.37714958190918,0
48.91,1758.8585205078125,-24.415935516357422,0
48.92,1758.5806884765625,-24.45085906982422,0
48.93,1758.310302734375,-24.47770118713379,0
48.94,1758.043212890625,-24.500911712646484,0
48.95,1757.7813720703125,-24.518415451049805,0
48.96,1757.524658203125,-24.53032684326172,0
48.97,1757.27099609375,-24.53890037536621,0
48.98,1757.0123291015625,-24.552658081054688,0
48.99,1756.7589111328125,-24.56089210510254,0
49,1756.5106201171875,-24.563716888427734,0
49.01,1756.2427978515625,-24.58684730529785,0
49.02,1755.969970703125,-24.61491584777832,0
49.03,1755.7025146484375,-24.637155532836914,0
49.04,1755.438232421875,-24.655824661254883,0
49.05,1755.164794921875,-24.683732986450195,0
49.06,1754.8843994140625,-24.718599319458008,0
49.07,1754.609375,-24.747474670410156,0
49.08,1754.33984375,-24.770475387573242,0
49.09,1754.0755615234375,-24.787717819213867,0
49.1,1753.81640625,-24.79931640625,0
49.11,1753.5625,-24.805381774902344,0
49.12,1753.326171875,-24.793230056762695,0
49.13,1753.0845947265625,-24.786693572998047,0
49.14,1752.8602294921875,-24.762258529663086,0
49.15,1752.6407470703125,-24.73303985595703,0
49.16,1752.426025390625,-24.699146270751953,0
49.17,1752.2161865234375,-24.66067886352539,0
49.18,1752.0048828125,-24.624113082885742,0
49.19,1751.7982177734375,-24.583045959472656,0
49.2,1751.5899658203125,-24.543947219848633,0
49.21,1751.3843994140625,-24.502553939819336,0
49.22,1751.181396484375,-24.45893096923828,0
49.23,1750.9808349609375,-24.41312599182129,0
49.24,1750.772705078125,-24.37579345703125,0
49.25,1750.5692138671875,-24.334028244018555,0
49.26,1750.370361328125,-24.287931442260742,0
49.27,1750.1759033203125,-24.237598419189453,0
49.28,1749.9736328125,-24.195924758911133,0
49.29,1749.7760009765625,-24.149944305419922,0
49.3,1749.5828857421875,-24.09975814819336,0
49.31,1749.406494140625,-24.032663345336914,0
49.32,1749.2220458984375,-23.9746150970459,0
49.33,1749.0501708984375,-23.904130935668945,0
49.34,1748.882568359375,-23.82999610900879,0
49.35,1748.7191162109375,-23.752300262451172,0
49.36,1748.5679931640625,-23.66261863708496,0
49.37,1748.4208984375,-23.569734573364258,0
49.38,1748.2694091796875,-23.482242584228516,0
49.39,1748.1219482421875,-23.391536712646484,0
49.4,1747.9783935546875,-23.297704696655273,0
49.41,1747.838623046875,-23.200828552246094,0
49.42,1747.7027587890625,-23.100990295410156,0
49.43,1747.5706787109375,-22.99827766418457,0
49.44,1747.4423828125,-22.89276695251465,0
49.45,1747.3116455078125,-22.790912628173828,0
49.46,1747.166015625,-22.705459594726562,0
49.47,1747.011962890625,-22.629716873168945,0
49.48,1746.853515625,-22.55921745300293,0
49.49,1746.7032470703125,-22.481069564819336,0
49.5,1746.5567626953125,-22.399730682373047,0
49.51,1746.4119873046875,-22.317424774169922,0
49.52,1746.26904296875,-22.23419189453125,0
49.53,1746.1319580078125,-22.145784378051758,0
49.54,1745.99853515625,-22.05447006225586,0
49.55,1745.86865234375,-21.9603271484375,0
49.56,1745.742431640625,-21.863433837890625,0
49.57,1745.621826171875,-21.76172637939453,0
49.58,1745.5025634765625,-21.659608840942383,0
49.59,1745.3868408203125,-21.554969787597656,0
49.6,1745.2744140625,-21.4478816986084,0
49.61,1745.177734375,-21.325620651245117,0
49.62,1745.084228515625,-21.201322555541992,0
49.63,1744.9814453125,-21.087854385375977,0
49.64,1744.8798828125,-20.974361419677734,0
49.65,1744.779541015625,-20.860868453979492,0
49.66,1744.6761474609375,-20.751628875732422,0
49.67,1744.575927734375,-20.640207290649414,0
49.68,1744.4788818359375,-20.526670455932617,0
49.69,1744.3848876953125,-20.411087036132812,0
49.7,1744.2796630859375,-20.30841064453125,0
49.71,1744.19189453125,-20.188623428344727,0
49.72,1744.0927734375,-20.08187484741211,0
49.73,1743.996826171875,-19.97303581237793,0
49.74,1743.9039306640625,-19.862173080444336,0
49.75,1743.81396484375,-19.749351501464844,0
49.76,1743.7227783203125,-19.638916015625,0
49.77,1743.6346435546875,-19.526559829711914,0
49.78,1743.54931640625,-19.41234588623047,0
49.79,1743.46484375,-19.298484802246094,0
49.8,1743.3831787109375,-19.182844161987305,0
49.81,1743.304443359375,-19.065488815307617,0
49.82,1743.22021484375,-18.954988479614258,0
49.83,1743.13671875,-18.844858169555664,0
49.84,1743.053955078125,-18.735055923461914,0
49.85,1742.9453125,-18.65333366394043,0
49.86,1742.858154296875,-18.550146102905273,0
49.87,1742.7449951171875,-18.474943161010742,0
49.88,1742.6309814453125,-18.401569366455078,0
49.89,1742.5179443359375,-18.327924728393555,0
49.9,1742.407958984375,-18.25188446044922,0
49.91,1742.3009033203125,-18.173513412475586,0
49.92,1742.1947021484375,-18.095014572143555,0
49.93,1742.08544921875,-18.020639419555664,0
49.94,1741.96484375,-17.958833694458008,0
49.95,1741.8472900390625,-17.894466400146484,0
49.96,1741.7327880859375,-17.827604293823242,0
49.97,1741.621337890625,-17.758316040039062,0
49.98,1741.5126953125,-17.686662673950195,0
49.99,1741.4029541015625,-17.616989135742188,0
50,1741.2921142578125,-17.549219131469727,0
50.01,1741.1800537109375,-17.483381271362305,0
50.02,1741.0709228515625,-17.41516876220703,0
50.03,1740.96875,-17.340356826782227,0
50.04,1740.869384765625,-17.263381958007812,0
50.05,1740.77294921875,-17.18430519104004,0
50.06,1740.67919921875,-17.103185653686523,0
50.07,1740.59228515625,-17.01585578918457,0
50.08,1740.508056640625,-16.92669105529785,0
50.09,1740.438720703125,-16.822952270507812,0
50.1,1740.371826171875,-16.717758178710938,0
50.11,1740.3072509765625,-16.611156463623047,0
50.12,1740.2327880859375,-16.5159969329834,0
50.13,1740.15869140625,-16.42141342163086,0
50.14,1740.087158203125,-16.32526969909668,0
50.15,1740.01806640625,-16.22762107849121,0
50.16,1739.9512939453125,-16.12851905822754,0
50.17,1739.9012451171875,-16.01307487487793,0
50.18,1739.832763671875,-15.917895317077637,0
50.19,1739.7666015625,-15.821276664733887,0
50.2,1739.7027587890625,-15.723267555236816,0
50.21,1739.6412353515625,-15.623916625976562,0
50.22,1739.567626953125,-15.538155555725098,0
50.23,1739.4923095703125,-15.455071449279785,0
50.24,1739.4090576171875,-15.38105297088623,0
50.25,1739.3282470703125,-15.305274963378906,0
50.26,1739.2457275390625,-15.232072830200195,0
50.27,1739.1512451171875,-15.172008514404297,0
50.28,1739.059326171875,-15.109942436218262,0
50.29,1738.9698486328125,-15.045928001403809,0
50.3,1738.8807373046875,-14.982158660888672,0
50.31,1738.7860107421875,-14.925017356872559,0
50.32,1738.6937255859375,-14.865865707397461,0
50.33,1738.589599609375,-14.819639205932617,0
50.34,1738.4798583984375,-14.779711723327637,0
50.35,1738.3726806640625,-14.737451553344727,0
50.36,1738.2498779296875,-14.712026596069336,0
50.37,1738.1297607421875,-14.683987617492676,0
50.38,1738.0123291015625,-14.65339183807373,0
50.39,1737.897705078125,-14.620298385620117,0
50.4,1737.7816162109375,-14.589046478271484,0
50.41,1737.662109375,-14.561695098876953,0
50.42,1737.537109375,-14.540312767028809,0
50.43,1737.4005126953125,-14.531148910522461,0
50.44,1737.2484130859375,-14.53824234008789,0
50.45,1737.099365234375,-14.542088508605957,0
50.46,1736.95751953125,-14.538468360900879,0
50.47,1736.814453125,-14.53610897064209,0
50.48,1736.670166015625,-14.534921646118164,0
50.49,1736.5289306640625,-14.530655860900879,0
50.5,1736.3885498046875,-14.52552604675293,0
50.51,1736.2510986328125,-14.517401695251465,0
50.52,1736.1165771484375,-14.50634765625,0
50.53,1735.98095703125,-14.496649742126465,0
50.54,1735.843994140625,-14.4883451461792,0
50.55,1735.70166015625,-14.485631942749023,0
50.56,1735.562255859375,-14.47988224029541,0
50.57,1735.4053955078125,-14.492412567138672,0
50.58,1735.241455078125,-14.512192726135254,0
50.59,1735.074462890625,-14.534836769104004,0
50.6,1734.900390625,-14.564569473266602,0
50.61,1734.729736328125,-14.590583801269531,0
50.62,1734.562255859375,-14.61295223236084,0
50.63,1734.3836669921875,-14.646621704101562,0
50.64,1734.204345703125,-14.680702209472656,0
50.65,1734.0283203125,-14.710949897766113,0
50.66,1733.8597412109375,-14.733208656311035,0
50.67,1733.6944580078125,-14.751866340637207,0
50.68,1733.532470703125,-14.766995429992676,0
50.69,1733.3653564453125,-14.7871732711792,0
50.7,1733.1954345703125,-14.810153007507324,0
50.71,1733.0206298828125,-14.837957382202148,0
50.72,1732.8489990234375,-14.862025260925293,0
50.73,1732.658203125,-14.905820846557617,0
50.74,1732.462646484375,-14.954048156738281,0
50.75,1732.2685546875,-15.000236511230469,0
50.76,1732.0780029296875,-15.04227352142334,0
50.77,1731.886962890625,-15.084461212158203,0
50.78,1731.6993408203125,-15.122563362121582,0
50.79,1731.5152587890625,-15.156656265258789,0
50.8,1731.33251953125,-15.188960075378418,0
50.81,1731.14306640625,-15.22795295715332,0
50.82,1730.9571533203125,-15.262896537780762,0
50.83,1730.7747802734375,-15.293867111206055,0
50.84,1730.60595703125,-15.310346603393555,0
50.85,1730.4404296875,-15.323222160339355,0
50.86,1730.26806640625,-15.343156814575195,0
50.87,1730.0989990234375,-15.359410285949707,0
50.88,1729.9332275390625,-15.372054100036621,0
50.89,1729.770751953125,-15.381159782409668,0
50.9,1729.6361083984375,-15.361324310302734,0
50.91,1729.50439453125,-15.338622093200684,0
50.92,1729.3345947265625,-15.355608940124512,0
50.93,1729.159912109375,-15.377483367919922,0
50.94,1728.9886474609375,-15.395626068115234,0
50.95,1728.8084716796875,-15.422850608825684,0
50.96,1728.6236572265625,-15.454678535461426,0
50.97,1728.450439453125,-15.474104881286621,0
50.98,1728.2723388671875,-15.498283386230469,0
50.99,1728.0914306640625,-15.525083541870117,0
51,1727.912109375,-15.550105094909668,0
51.01,1727.734130859375,-15.573436737060547,0
51.02,1727.5574951171875,-15.595107078552246,0
51.03,1727.38427734375,-15.613004684448242,0
51.04,1727.2144775390625,-15.627204895019531,0
51.05,1727.048095703125,-15.637781143188477,0
51.06,1726.8665771484375,-15.663911819458008,0
51.07,1726.682373046875,-15.692536354064941,0
51.08,1726.5015869140625,-15.71722412109375,0
51.09,1726.3243408203125,-15.73805046081543,0
51.1,1726.1505126953125,-15.755094528198242,0
51.11,1725.9801025390625,-15.768424987792969,0
51.12,1725.79052734375,-15.8014497756958,0
51.13,1725.6046142578125,-15.830425262451172,0
51.14,1725.4180908203125,-15.85965347290039,0
51.15,1725.22900390625,-15.891324043273926,0
51.16,1725.0413818359375,-15.921041488647461,0
51.17,1724.857421875,-15.946752548217773,0
51.18,1724.666748046875,-15.979183197021484,0
51.19,1724.46533203125,-16.022361755371094,0
51.2,1724.2593994140625,-16.06974220275879,0
51.21,1724.04296875,-16.127601623535156,0
51.22,1723.818115234375,-16.19356918334961,0
51.23,1723.59521484375,-16.25680923461914,0
51.24,1723.35986328125,-16.33230209350586,0
51.25,1723.12255859375,-16.409128189086914,0
51.26,1722.88525390625,-16.485105514526367,0
51.27,1722.652099609375,-16.556005477905273,0
51.28,1722.4149169921875,-16.630367279052734,0
51.29,1722.181884765625,-16.699655532836914,0
51.3,1721.9488525390625,-16.76824378967285,0
51.31,1721.7158203125,-16.836071014404297,0
51.32,1721.4869384765625,-16.898914337158203,0
51.33,1721.2540283203125,-16.96537208557129,0
51.34,1721.025146484375,-17.026845932006836,0
51.35,1720.80029296875,-17.083425521850586,0
51.36,1720.5755615234375,-17.139427185058594,0
51.37,1720.352783203125,-17.19276237487793,0
51.38,1720.1341552734375,-17.241334915161133,0
51.39,1719.9195556640625,-17.285234451293945,0
51.4,1719.7088623046875,-17.324546813964844,0
51.41,1719.48779296875,-17.37417984008789,0
51.42,1719.268798828125,-17.42123031616211,0
51.43,1719.0374755859375,-17.480562210083008,0
51.44,1718.810302734375,-17.534948348999023,0
51.45,1718.5872802734375,-17.5844783782959,0
51.46,1718.3641357421875,-17.633460998535156,0
51.47,1718.1246337890625,-17.69892120361328,0
51.48,1717.887451171875,-17.76134490966797,0
51.49,1717.6402587890625,-17.833576202392578,0
51.5,1717.393310546875,-17.904743194580078,0
51.51,1717.1507568359375,-17.970626831054688,0
51.52,1716.9044189453125,-18.039838790893555,0
51.53,1716.654296875,-18.11223030090332,0
51.54,1716.4085693359375,-18.179271697998047,0
51.55,1716.1611328125,-18.247426986694336,0
51.56,1715.916015625,-18.31243324279785,0
51.57,1715.6773681640625,-18.37005615234375,0
51.58,1715.44921875,-18.416208267211914,0
51.59,1715.217041015625,-18.465993881225586,0
51.6,1714.9891357421875,-18.510818481445312,0
51.61,1714.765625,-18.55077362060547,0
51.62,1714.5421142578125,-18.590177536010742,0
51.63,1714.3126220703125,-18.63540267944336,0
51.64,1714.0853271484375,-18.6778621673584,0
51.65,1713.8623046875,-18.71546745300293,0
51.66,1713.6414794921875,-18.75039291381836,0
51.67,1713.4166259765625,-18.789108276367188,0
51.68,1713.1939697265625,-18.825166702270508,0
51.69,1712.9715576171875,-18.86069107055664,0
51.7,1712.7513427734375,-18.893552780151367,0
51.71,1712.5352783203125,-18.921709060668945,0
51.72,1712.3070068359375,-18.962209701538086,0
51.73,1712.0667724609375,-19.01479721069336,0
51.74,1711.84716796875,-19.045286178588867,0
51.75,1711.635986328125,-19.066864013671875,0
51.76,1711.408447265625,-19.105117797851562,0
51.77,1711.1851806640625,-19.138511657714844,0
51.78,1710.96826171875,-19.165054321289062,0
51.79,1710.7554931640625,-19.186965942382812,0
51.8,1710.5447998046875,-19.206417083740234,0
51.81,1710.33837890625,-19.221372604370117,0
51.82,1710.1297607421875,-19.23828887939453,0
51.83,1709.92333984375,-19.25289535522461,0
51.84,1709.718994140625,-19.265182495117188,0
51.85,1709.50439453125,-19.287986755371094,0
51.86,1709.2857666015625,-19.314659118652344,0
51.87,1709.0714111328125,-19.3366641998291,0
51.88,1708.869384765625,-19.34564208984375,0
51.89,1708.675537109375,-19.34608268737793,0
51.9,1708.4815673828125,-19.346616744995117,0
51.91,1708.29150390625,-19.343013763427734,0
51.92,1708.101318359375,-19.339582443237305,0
51.93,1707.9111328125,-19.336322784423828,0
51.94,1707.724853515625,-19.329008102416992,0
51.95,1707.5159912109375,-19.345273971557617,0
51.96,1707.2947998046875,-19.374042510986328,0
51.97,1707.0738525390625,-19.40231704711914,0
51.98,1706.85107421875,-19.432241439819336,0
51.99,1706.6324462890625,-19.457408905029297,0
52,1706.4140625,-19.482135772705078,0
52.01,1706.199951171875,-19.502201080322266,0
52.02,1705.98583984375,-19.52191734313965,0
52.03,1705.7740478515625,-19.539209365844727,0
52.04,1705.568359375,-19.549835205078125,0
52.05,1705.36474609375,-19.558216094970703,0
52.06,1705.165283203125,-19.562255859375,0
52.07,1704.971923828125,-19.559894561767578,0
52.08,1704.780517578125,-19.555557250976562,0
52.09,1704.5625,-19.578914642333984,0
52.1,1704.3446044921875,-19.601844787597656,0
52.11,1704.1309814453125,-19.6201229095459,0
52.12,1703.9073486328125,-19.648662567138672,0
52.13,1703.6756591796875,-19.685155868530273,0
52.14,1703.4483642578125,-19.71670150756836,0
52.15,1703.2254638671875,-19.74339485168457,0
52.16,1703.0008544921875,-19.771696090698242,0
52.17,1702.7803955078125,-19.79520034790039,0
52.18,1702.5643310546875,-19.81399917602539,0
52.19,1702.3525390625,-19.828187942504883,0
52.2,1702.14501953125,-19.837858200073242,0
52.21,1701.931396484375,-19.853694915771484,0
52.22,1701.7342529296875,-19.85223960876465,0
52.23,1701.5269775390625,-19.86140251159668,0
52.24,1701.3238525390625,-19.86614227294922,0
52.25,1701.13916015625,-19.851730346679688,0
52.26,1700.96240234375,-19.82915496826172,0
52.27,1700.78955078125,-19.80281639099121,0
52.28,1700.6204833984375,-19.772796630859375,0
52.29,1700.455078125,-19.739177703857422,0
52.3,1700.299560546875,-19.6956729888916,0
52.31,1700.147705078125,-19.648862838745117,0
52.32,1699.9993896484375,-19.59882354736328,0
52.33,1699.8546142578125,-19.545631408691406,0
52.34,1699.707275390625,-19.495731353759766,0
52.35,1699.55322265625,-19.45329475402832,0
52.36,1699.39453125,-19.416034698486328,0
52.37,1699.239501953125,-19.375398635864258,0
52.38,1699.09619140625,-19.323013305664062,0
52.39,1698.942138671875,-19.28240394592285,0
52.4,1698.779296875,-19.25119400024414,0
52.41,1698.6324462890625,-19.20384407043457,0
52.42,1698.489013671875,-19.15337371826172,0
52.43,1698.332763671875,-19.116809844970703,0
52.44,1698.177978515625,-19.079010009765625,0
52.45,1698.0267333984375,-19.037918090820312,0
52.46,1697.8687744140625,-19.004199981689453,0
52.47,1697.7021484375,-18.9798526763916,0
52.48,1697.5391845703125,-18.95195960998535,0
52.49,1697.3798828125,-18.920597076416016,0
52.5,1697.2139892578125,-18.896434783935547,0
52.51,1697.0252685546875,-18.8962345123291,0
52.52,1696.84033203125,-18.892009735107422,0
52.53,1696.6572265625,-18.885984420776367,0
52.54,1696.4656982421875,-18.88873291015625,0
52.55,1696.2781982421875,-18.88739776611328,0
52.56,1696.0904541015625,-18.88629150390625,0
52.57,1695.900390625,-18.88754653930664,0
52.58,1695.710205078125,-18.888975143432617,0
52.59,1695.52392578125,-18.886348724365234,0
52.6,1695.3414306640625,-18.879751205444336,0
52.61,1695.16064453125,-18.871347427368164,0
52.62,1694.9837646484375,-18.85909080505371,0
52.63,1694.810546875,-18.84306526184082,0
52.64,1694.64111328125,-18.82335090637207,0
52.65,1694.475341796875,-18.80002784729004,0
52.66,1694.30908203125,-18.77745819091797,0
52.67,1694.150634765625,-18.747066497802734,0
52.68,1693.9957275390625,-18.713302612304688,0
52.69,1693.8443603515625,-18.67624282836914,0
52.7,1693.6964111328125,-18.63596534729004,0
52.71,1693.5477294921875,-18.59682273864746,0
52.72,1693.402587890625,-18.554519653320312,0
52.73,1693.2607421875,-18.509130477905273,0
52.74,1693.122314453125,-18.46072769165039,0
52.75,1692.9791259765625,-18.41783332824707,0
52.76,1692.837158203125,-18.373979568481445,0
52.77,1692.6986083984375,-18.327110290527344,0
52.78,1692.561279296875,-18.279436111450195,0
52.79,1692.42724609375,-18.228843688964844,0
52.8,1692.2781982421875,-18.19444465637207,0
52.81,1692.1243896484375,-18.165328979492188,0
52.82,1691.947509765625,-18.160430908203125,0
52.83,1691.772216796875,-18.15390396118164,0
52.84,1691.6005859375,-18.14364242553711,0
52.85,1691.4305419921875,-18.13186264038086,0
52.86,1691.26416015625,-18.1164608001709,0
52.87,1691.0809326171875,-18.118640899658203,0
52.88,1690.9014892578125,-18.116914749145508,0
52.89,1690.7257080078125,-18.111364364624023,0
52.9,1690.553466796875,-18.102066040039062,0
52.91,1690.3848876953125,-18.08909797668457,0
52.92,1690.209716796875,-18.083126068115234,0
52.93,1690.0301513671875,-18.08187484741211,0
52.94,1689.82568359375,-18.106426239013672,0
52.95,1689.6170654296875,-18.135061264038086,0
52.96,1689.412353515625,-18.15924072265625,0
52.97,1689.2095947265625,-18.181135177612305,0
52.98,1689.0087890625,-18.20084571838379,0
52.99,1688.8118896484375,-18.216270446777344,0
53,1688.618896484375,-18.227495193481445,0
53.01,1688.4298095703125,-18.234601974487305,0
53.02,1688.2445068359375,-18.237674713134766,0
53.03,1688.06298828125,-18.236797332763672,0
53.04,1687.856689453125,-18.261682510375977,0
53.05,1687.654296875,-18.282163619995117,0
53.06,1687.455810546875,-18.298324584960938,0
53.07,1687.2613525390625,-18.310251235961914,0
53.08,1687.07080078125,-18.318029403686523,0
53.09,1686.884033203125,-18.32174301147461,0
53.1,1686.7010498046875,-18.321474075317383,0
53.11,1686.517822265625,-18.32147216796875,0
53.12,1686.3424072265625,-18.313396453857422,0
53.13,1686.150390625,-18.322704315185547,0
53.14,1685.9580078125,-18.332143783569336,0
53.15,1685.7735595703125,-18.333251953125,0
53.16,1685.5806884765625,-18.34310531616211,0
53.17,1685.3856201171875,-18.355152130126953,0
53.18,1685.2005615234375,-18.35672950744629,0
53.19,1685.031494140625,-18.341686248779297,0
53.2,1684.865966796875,-18.323040008544922,0
53.21,1684.685791015625,-18.319854736328125,0
53.22,1684.50927734375,-18.312828063964844,0
53.23,1684.3365478515625,-18.30204200744629,0
53.24,1684.1654052734375,-18.289716720581055,0
53.25,1683.9979248046875,-18.273746490478516,0
53.26,1683.827880859375,-18.260574340820312,0
53.27,1683.6553955078125,-18.25008773803711,0
53.28,1683.482421875,-18.240150451660156,0
53.29,1683.3111572265625,-18.228670120239258,0
53.3,1683.1414794921875,-18.215625762939453,0
53.31,1682.973388671875,-18.201107025146484,0
53.32,1682.8067626953125,-18.185091018676758,0
53.33,1682.6417236328125,-18.167665481567383,0
53.34,1682.4761962890625,-18.150951385498047,0
53.35,1682.314208984375,-18.13071060180664,0
53.36,1682.15576171875,-18.107023239135742,0
53.37,1681.98046875,-18.101085662841797,0
53.38,1681.802734375,-18.097721099853516,0
53.39,1681.6265869140625,-18.092708587646484,0
53.4,1681.4520263671875,-18.086082458496094,0
53.41,1681.2811279296875,-18.07573699951172,0
53.42,1681.11376953125,-18.061750411987305,0
53.43,1680.9337158203125,-18.061098098754883,0
53.44,1680.7431640625,-18.071365356445312,0
53.45,1680.5504150390625,-18.083934783935547,0
53.46,1680.3553466796875,-18.09870147705078,0
53.47,1680.1600341796875,-18.113525390625,0
53.48,1679.954345703125,-18.138999938964844,0
53.49,1679.742431640625,-18.170618057250977,0
53.5,1679.5345458984375,-18.197711944580078,0
53.51,1679.32861328125,-18.22250747680664,0
53.52,1679.126708984375,-18.242908477783203,0
53.53,1678.9288330078125,-18.259002685546875,0
53.54,1678.7266845703125,-18.279319763183594,0
53.55,1678.5224609375,-18.3016357421875,0
53.56,1678.3221435546875,-18.31959342956543,0
53.57,1678.125732421875,-18.333274841308594,0
53.58,1677.9189453125,-18.357580184936523,0
53.59,1677.7161865234375,-18.377473831176758,0
53.6,1677.5174560546875,-18.393041610717773,0
53.61,1677.314453125,-18.412817001342773,0
53.62,1677.113525390625,-18.430347442626953,0
53.63,1676.9083251953125,-18.452037811279297,0
53.64,1676.70703125,-18.469348907470703,0
53.65,1676.509765625,-18.48236656188965,0
53.66,1676.3062744140625,-18.50176429748535,0
53.67,1676.1005859375,-18.523130416870117,0
53.68,1675.8929443359375,-18.546472549438477,0
53.69,1675.6893310546875,-18.565383911132812,0
53.7,1675.4835205078125,-18.586257934570312,0
53.71,1675.2716064453125,-18.613271713256836,0
53.72,1675.063720703125,-18.63576316833496,0
53.73,1674.8558349609375,-18.658096313476562,0
53.74,1674.6337890625,-18.694978713989258,0
53.75,1674.4200439453125,-18.7228946685791,0
53.76,1674.2061767578125,-18.750473022460938,0
53.77,1673.9964599609375,-18.773487091064453,0
53.78,1673.7908935546875,-18.79202651977539,0
53.79,1673.58935546875,-18.806180953979492,0
53.8,1673.3917236328125,-18.8160343170166,0
53.81,1673.1839599609375,-18.8364315032959,0
53.82,1672.9761962890625,-18.856616973876953,0
53.83,1672.756103515625,-18.889263153076172,0
53.84,1672.5301513671875,-18.92780303955078,0
53.85,1672.30224609375,-18.967823028564453,0
53.86,1672.0745849609375,-19.007204055786133,0
53.87,1671.8492431640625,-19.043806076049805,0
53.88,1671.628173828125,-19.07559585571289,0
53.89,1671.4112548828125,-19.1026668548584,0
53.9,1671.1986083984375,-19.12510871887207,0
53.91,1670.98193359375,-19.15146255493164,0
53.92,1670.7552490234375,-19.188003540039062,0
53.93,1670.5206298828125,-19.23232078552246,0
53.94,1670.288330078125,-19.27376937866211,0
53.95,1670.0604248046875,-19.310258865356445,0
53.96,1669.8043212890625,-19.375614166259766,0
53.97,1669.5528564453125,-19.43549919128418,0
53.98,1669.3385009765625,-19.45627784729004,0
53.99,1669.1181640625,-19.48301124572754,0
54,1668.902099609375,-19.505043029785156,0
54.01,1668.669921875,-19.54358673095703,0
54.02,1668.442138671875,-19.577173233032227,0
54.03,1668.2166748046875,-19.60797882080078,0
54.04,1667.991455078125,-19.638198852539062,0
54.05,1667.7705078125,-19.663610458374023,0
54.06,1667.553955078125,-19.684307098388672,0
54.07,1667.3232421875,-19.719364166259766,0
54.08,1667.0828857421875,-19.764253616333008,0
54.09,1666.832763671875,-19.818763732910156,0
54.1,1666.57080078125,-19.884824752807617,0
54.11,1666.29736328125,-19.962186813354492,0
54.12,1666.020751953125,-20.042095184326172,0
54.13,1665.7490234375,-20.1160888671875,0
54.14,1665.4801025390625,-20.18641471862793,0
54.15,1665.218017578125,-20.24885368347168,0
54.16,1664.960693359375,-20.305694580078125,0
54.17,1664.708251953125,-20.357040405273438,0
54.18,1664.4683837890625,-20.394601821899414,0
54.19,1664.22509765625,-20.43543243408203,0
54.2,1663.9864501953125,-20.471071243286133,0
54.21,1663.7523193359375,-20.501615524291992,0
54.22,1663.50244140625,-20.54828453063965,0
54.23,1663.255126953125,-20.591699600219727,0
54.24,1662.9962158203125,-20.646728515625,0
54.25,1662.7279052734375,-20.710983276367188,0
54.26,1662.46435546875,-20.769502639770508,0
54.27,1662.2037353515625,-20.824478149414062,0
54.28,1661.94384765625,-20.878108978271484,0
54.29,1661.6827392578125,-20.932497024536133,0
54.3,1661.4263916015625,-20.981306076049805,0
54.31,1661.1605224609375,-21.039398193359375,0
54.32,1660.8853759765625,-21.106565475463867,0
54.33,1660.6131591796875,-21.16999626159668,0
54.34,1660.33984375,-21.23392105102539,0
54.35,1660.071533203125,-21.292007446289062,0
54.36,1659.8040771484375,-21.348583221435547,0
54.37,1659.5374755859375,-21.403669357299805,0
54.38,1659.2799072265625,-21.44883918762207,0
54.39,1659.03125,-21.484289169311523,0
54.4,1658.79345703125,-21.50812339782715,0
54.41,1658.560302734375,-21.526884078979492,0
54.42,1658.317626953125,-21.5554256439209,0
54.43,1658.09375,-21.56403350830078,0
54.44,1657.8662109375,-21.576257705688477,0
54.45,1657.643310546875,-21.58363151550293,0
54.46,1657.4249267578125,-21.586254119873047,0
54.47,1657.2110595703125,-21.5842227935791,0
54.48,1656.9853515625,-21.594528198242188,0
54.49,1656.76416015625,-21.600019454956055,0
54.5,1656.5474853515625,-21.600797653198242,0
54.51,1656.3291015625,-21.603261947631836,0
54.52,1656.1070556640625,-21.60951805114746,0
54.53,1655.875244140625,-21.62579917907715,0
54.54,1655.6480712890625,-21.637134552001953,0
54.55,1655.4254150390625,-21.643625259399414,0
54.56,1655.207275390625,-21.645370483398438,0
54.57,1654.985595703125,-21.650854110717773,0
54.58,1654.768310546875,-21.651611328125,0
54.59,1654.5494384765625,-21.6540470123291,0
54.6,1654.341064453125,-21.645509719848633,0
54.61,1654.1370849609375,-21.63253402709961,0
54.62,1653.92529296875,-21.62788200378418,0
54.63,1653.70361328125,-21.633472442626953,0
54.64,1653.4844970703125,-21.636423110961914,0
54.65,1653.2698974609375,-21.634702682495117,0
54.66,1653.0596923828125,-21.62841033935547,0
54.67,1652.853759765625,-21.617637634277344,0
54.68,1652.6400146484375,-21.61509132385254,0
54.69,1652.4306640625,-21.607990264892578,0
54.7,1652.2337646484375,-21.588043212890625,0
54.71,1652.0330810546875,-21.57229232788086,0
54.72,1651.836669921875,-21.55226707458496,0
54.73,1651.6444091796875,-21.528059005737305,0
54.74,1651.4644775390625,-21.491371154785156,0
54.75,1651.280517578125,-21.459243774414062,0
54.76,1651.0843505859375,-21.44009780883789,0
54.77,1650.8924560546875,-21.416776657104492,0
54.78,1650.6966552734375,-21.39776039123535,0
54.79,1650.5009765625,-21.378799438476562,0
54.8,1650.3095703125,-21.35567283630371,0
54.81,1650.122314453125,-21.328472137451172,0
54.82,1649.928955078125,-21.307817459106445,0
54.83,1649.735595703125,-21.28726577758789,0
54.84,1649.5465087890625,-21.26259994506836,0
54.85,1649.361572265625,-21.233909606933594,0
54.86,1649.1746826171875,-21.20759391784668,0
54.87,1648.9979248046875,-21.17099380493164,0
54.88,1648.8292236328125,-21.12641143798828,0
54.89,1648.664306640625,-21.078243255615234,0
54.9,1648.4971923828125,-21.03287696838379,0
54.91,1648.3299560546875,-20.988183975219727,0
54.92,1648.1666259765625,-20.939937591552734,0
54.93,1648.0030517578125,-20.89244270324707,0
54.94,1647.8431396484375,-20.84147071838379,0
54.95,1647.6871337890625,-20.7871036529541,0
54.96,1647.5206298828125,-20.744176864624023,0
54.97,1647.3580322265625,-20.697711944580078,0
54.98,1647.1990966796875,-20.647790908813477,0
54.99,1647.0501708984375,-20.588132858276367,0
55,1646.898681640625,-20.531675338745117,0
55.01,1646.7489013671875,-20.474082946777344,0
55.02,1646.602783203125,-20.413312911987305,0
55.03,1646.460205078125,-20.349441528320312,0
55.04,1646.3070068359375,-20.297300338745117,0
55.05,1646.1573486328125,-20.241905212402344,0
55.06,1646.0113525390625,-20.183332443237305,0
55.07,1645.864990234375,-20.125885009765625,0
55.08,1645.7220458984375,-20.06532859802246,0
55.09,1645.5826416015625,-20.001739501953125,0
55.1,1645.4385986328125,-19.94358253479004,0
55.11,1645.2900390625,-19.89081382751465,0
55.12,1645.1329345703125,-19.847503662109375,0
55.13,1644.9793701171875,-19.800853729248047,0
55.14,1644.8294677734375,-19.75094223022461,0
55.15,1644.675048828125,-19.706295013427734,0
55.16,1644.524169921875,-19.658369064331055,0
55.17,1644.376953125,-19.60723876953125,0
55.18,1644.2271728515625,-19.55928611755371,0
55.19,1644.076904296875,-19.512317657470703,0
55.2,1643.916015625,-19.476911544799805,0
55.21,1643.7545166015625,-19.442302703857422,0
55.22,1643.588623046875,-19.41270637512207,0
55.23,1643.4244384765625,-19.38166618347168,0
55.24,1643.263916015625,-19.34713363647461,0
55.25,1643.10498046875,-19.31127166748047,0
55.26,1642.9476318359375,-19.274171829223633,0
55.27,1642.7918701171875,-19.235807418823242,0
55.28,1642.633544921875,-19.200437545776367,0
55.29,1642.4788818359375,-19.161701202392578,0
55.3,1642.32568359375,-19.121763229370117,0
55.31,1642.1761474609375,-19.078571319580078,0
55.32,1642.030029296875,-19.032201766967773,0
55.33,1641.8773193359375,-18.993255615234375,0
55.34,1641.7138671875,-18.965816497802734,0
55.35,1641.5682373046875,-18.920146942138672,0
55.36,1641.411865234375,-18.886138916015625,0
55.37,1641.259033203125,-18.848806381225586,0
55.38,1641.1036376953125,-18.814529418945312,0
55.39,1640.94970703125,-18.779033660888672,0
55.4,1640.787109375,-18.752931594848633,0
55.41,1640.6119384765625,-18.74014663696289,0
55.42,1640.4404296875,-18.7236328125,0
55.43,1640.2725830078125,-18.703466415405273,0
55.44,1640.1064453125,-18.681869506835938,0
55.45,1639.94384765625,-18.65673828125,0
55.46,1639.784912109375,-18.62814712524414,0
55.47,1639.62744140625,-18.59825897216797,0
55.48,1639.4754638671875,-18.562936782836914,0
55.49,1639.326904296875,-18.524385452270508,0
55.5,1639.1798095703125,-18.484760284423828,0
55.51,1639.0098876953125,-18.46937370300293,0
55.52,1638.843505859375,-18.450368881225586,0
55.53,1638.6807861328125,-18.427824020385742,0
55.54,1638.5174560546875,-18.405981063842773,0
55.55,1638.353759765625,-18.384883880615234,0
55.56,1638.193603515625,-18.360305786132812,0
55.57,1638.0369873046875,-18.332319259643555,0
55.58,1637.8837890625,-18.301000595092773,0
55.59,1637.734130859375,-18.26642608642578,0
55.6,1637.587890625,-18.228670120239258,0
55.61,1637.43896484375,-18.194114685058594,0
55.62,1637.29345703125,-18.15639305114746,0
55.63,1637.1390380859375,-18.128246307373047,0
55.64,1636.9759521484375,-18.10942268371582,0
55.65,1636.8082275390625,-18.095516204833984,0
55.66,1636.6441650390625,-18.078041076660156,0
55.67,1636.483642578125,-18.05707359313965,0
55.68,1636.32666015625,-18.032690048217773,0
55.69,1636.1710205078125,-18.00705337524414,0
55.7,1636.0189208984375,-17.978105545043945,0
55.71,1635.85595703125,-17.96067237854004,0
55.72,1635.694580078125,-17.94185447692871,0
55.73,1635.532470703125,-17.9238224029541,0
55.74,1635.3740234375,-17.902341842651367,0
55.75,1635.2169189453125,-17.879573822021484,0
55.76,1635.0531005859375,-17.86398696899414,0
55.77,1634.8929443359375,-17.84491539001465,0
55.78,1634.7442626953125,-17.81399154663086,0
55.79,1634.594970703125,-17.78413200378418,0
55.8,1634.448974609375,-17.751096725463867,0
55.81,1634.3062744140625,-17.71495819091797,0
55.82,1634.162841796875,-17.68000602722168,0
55.83,1634.022705078125,-17.642005920410156,0
55.84,1633.875732421875,-17.611501693725586,0
55.85,1633.7320556640625,-17.577871322631836,0
55.86,1633.58154296875,-17.551715850830078,0
55.87,1633.4261474609375,-17.530799865722656,0
55.88,1633.26806640625,-17.51288604736328,0
55.89,1633.103271484375,-17.502077102661133,0
55.9,1632.9359130859375,-17.494064331054688,0
55.91,1632.7640380859375,-17.490936279296875,0
55.92,1632.5916748046875,-17.488309860229492,0
55.93,1632.416748046875,-17.48831558227539,0
55.94,1632.2413330078125,-17.48881721496582,0
55.95,1632.0675048828125,-17.48766326904297,0
55.96,1631.8992919921875,-17.480724334716797,0
55.97,1631.732666015625,-17.4722843170166,0
55.98,1631.569580078125,-17.460296630859375,0
55.99,1631.411865234375,-17.44275665283203,0
56,1631.255615234375,-17.423940658569336,0
56.01,1631.0966796875,-17.40810775756836,0
56.02,1630.941162109375,-17.388891220092773,0
56.03,1630.7869873046875,-17.368450164794922,0
56.04,1630.6361083984375,-17.3447265625,0
56.05,1630.46630859375,-17.340932846069336,0
56.06,1630.300048828125,-17.333520889282227,0
56.07,1630.13720703125,-17.322568893432617,0
56.08,1629.9779052734375,-17.308151245117188,0
56.09,1629.822021484375,-17.290342330932617,0
56.1,1629.6695556640625,-17.269216537475586,0
56.11,1629.520263671875,-17.24484634399414,0
56.12,1629.372314453125,-17.219383239746094,0
56.13,1629.2154541015625,-17.203380584716797,0
56.14,1629.0621337890625,-17.18404197692871,0
56.15,1628.893798828125,-17.180355072021484,0
56.16,1628.7188720703125,-17.183610916137695,0
56.17,1628.5394287109375,-17.191524505615234,0
56.18,1628.3594970703125,-17.199838638305664,0
56.19,1628.17919921875,-17.20848274230957,0
56.2,1627.994384765625,-17.221670150756836,0
56.21,1627.813232421875,-17.23091697692871,0
56.22,1627.629638671875,-17.24260711669922,0
56.23,1627.4476318359375,-17.25252342224121,0
56.24,1627.267333984375,-17.260644912719727,0
56.25,1627.0804443359375,-17.275449752807617,0
56.26,1626.88916015625,-17.294654846191406,0
56.27,1626.70166015625,-17.30978012084961,0
56.28,1626.52392578125,-17.314603805541992,0
56.29,1626.349853515625,-17.315641403198242,0
56.3,1626.1793212890625,-17.312971115112305,0
56.31,1626.0062255859375,-17.312971115112305,0
56.32,1625.83056640625,-17.315589904785156,0
56.33,1625.654541015625,-17.318687438964844,0
56.34,1625.48193359375,-17.318031311035156,0
56.35,1625.31494140625,-17.31155776977539,0
56.36,1625.1514892578125,-17.301530838012695,0
56.37,1624.9915771484375,-17.288022994995117,0
56.38,1624.8289794921875,-17.277416229248047,0
56.39,1624.6697998046875,-17.263347625732422,0
56.4,1624.5140380859375,-17.24588966369629,0
56.41,1624.35546875,-17.231426239013672,0
56.42,1624.1922607421875,-17.221973419189453,0
56.43,1624.032470703125,-17.209047317504883,0
56.44,1623.8699951171875,-17.19902229309082,0
56.45,1623.702880859375,-17.193925857543945,0
56.46,1623.529052734375,-17.1957950592041,0
56.47,1623.3648681640625,-17.187658309936523,0
56.48,1623.208251953125,-17.171802520751953,0
56.49,1623.0550537109375,-17.15261459350586,0
56.5,1622.903076171875,-17.132307052612305,0
56.51,1622.75244140625,-17.110851287841797,0
56.52,1622.5970458984375,-17.094572067260742,0
56.53,1622.445068359375,-17.074987411499023,0
56.54,1622.29833984375,-17.05008888244629,0
56.55,1622.15478515625,-17.022069931030273,0
56.56,1622.0125732421875,-16.993080139160156,0
56.57,1621.87353515625,-16.96106719970703,0
56.58,1621.7296142578125,-16.93448829650879,0
56.59,1621.582763671875,-16.911155700683594,0
56.6,1621.4351806640625,-16.888919830322266,0
56.61,1621.28466796875,-16.869848251342773,0
56.62,1621.1334228515625,-16.85173988342285,0
56.63,1620.9835205078125,-16.83255386352539,0
56.64,1620.8367919921875,-16.810176849365234,0
56.65,1620.67919921875,-16.799312591552734,0
56.66,1620.5208740234375,-16.789316177368164,0
56.67,1620.3558349609375,-16.786422729492188,0
56.68,1620.1881103515625,-16.78631591796875,0
56.69,1620.0238037109375,-16.782636642456055,0
56.7,1619.8629150390625,-16.77545738220215,0
56.71,1619.6669921875,-16.804758071899414,0
56.72,1619.4747314453125,-16.829877853393555,0
56.73,1619.2679443359375,-16.8697509765625,0
56.74,1619.0650634765625,-16.90521240234375,0
56.75,1618.864013671875,-16.93842887878418,0
56.76,1618.668701171875,-16.965269088745117,0
56.77,1618.4771728515625,-16.987943649291992,0
56.78,1618.289306640625,-17.006532669067383,0
56.79,1618.10107421875,-17.025341033935547,0
56.8,1617.908447265625,-17.04852294921875,0
56.81,1617.70947265625,-17.078062057495117,0
56.82,1617.5142822265625,-17.103357315063477,0
56.83,1617.3087158203125,-17.13918113708496,0
56.84,1617.1070556640625,-17.170618057250977,0
56.85,1616.9071044921875,-17.1998348236084,0
56.86,1616.708984375,-17.226924896240234,0
56.87,1616.5107421875,-17.25395393371582,0
56.88,1616.3162841796875,-17.276756286621094,0
56.89,1616.1256103515625,-17.29541015625,0
56.9,1615.942626953125,-17.305831909179688,0
56.91,1615.7510986328125,-17.324907302856445,0
56.92,1615.5634765625,-17.339900970458984,0
56.93,1615.3795166015625,-17.350894927978516,0
56.94,1615.191162109375,-17.36635398864746,0
56.95,1615.026611328125,-17.356855392456055,0
56.96,1614.8656005859375,-17.343854904174805,0
56.97,1614.687744140625,-17.348365783691406,0
56.98,1614.5135498046875,-17.349088668823242,0
56.99,1614.343017578125,-17.346101760864258,0
57,1614.1759033203125,-17.339481353759766,0
57.01,1614.0123291015625,-17.329303741455078,0
57.02,1613.8521728515625,-17.315643310546875,0
57.03,1613.681396484375,-17.313264846801758,0
57.04,1613.5101318359375,-17.311412811279297,0
57.05,1613.34033203125,-17.30805015563965,0
57.06,1613.1739501953125,-17.301071166992188,0
57.07,1613.01318359375,-17.288414001464844,0
57.08,1612.8558349609375,-17.272335052490234,0
57.09,1612.6998291015625,-17.25504493713379,0
57.1,1612.5430908203125,-17.23859977722168,0
57.11,1612.3836669921875,-17.225126266479492,0
57.12,1612.2257080078125,-17.210342407226562,0
57.13,1612.071044921875,-17.192195892333984,0
57.14,1611.9117431640625,-17.17914581298828,0
57.15,1611.7537841796875,-17.16484260559082,0
57.16,1611.5830078125,-17.163949966430664,0
57.17,1611.415771484375,-17.159420013427734,0
57.18,1611.251953125,-17.151329040527344,0
57.19,1611.08349609375,-17.148136138916016,0
57.2,1610.9185791015625,-17.141355514526367,0
57.21,1610.7490234375,-17.13945198059082,0
57.22,1610.5830078125,-17.13393783569336,0
57.23,1610.4202880859375,-17.124887466430664,0
57.24,1610.2611083984375,-17.11237335205078,0
57.25,1610.1053466796875,-17.096471786499023,0
57.26,1609.9407958984375,-17.089805603027344,0
57.27,1609.7796630859375,-17.07963752746582,0
57.28,1609.6219482421875,-17.0660400390625,0
57.29,1609.451416015625,-17.065855026245117,0
57.3,1609.2742919921875,-17.072505950927734,0
57.31,1609.0986328125,-17.07752227783203,0
57.32,1608.9246826171875,-17.080875396728516,0
57.33,1608.744140625,-17.090993881225586,0
57.34,1608.567138671875,-17.097265243530273,0
57.35,1608.381591796875,-17.112314224243164,0
57.36,1608.19970703125,-17.123409271240234,0
57.37,1608.021484375,-17.130626678466797,0
57.38,1607.846923828125,-17.134048461914062,0
57.39,1607.67578125,-17.13374900817871,0
57.4,1607.5081787109375,-17.129804611206055,0
57.41,1607.325927734375,-17.141202926635742,0
57.42,1607.1494140625,-17.146577835083008,0
57.43,1606.9742431640625,-17.15032958984375,0
57.44,1606.794677734375,-17.158735275268555,0
57.45,1606.610595703125,-17.17164421081543,0
57.46,1606.43017578125,-17.18062973022461,0
57.47,1606.25341796875,-17.185771942138672,0
57.48,1606.0518798828125,-17.216524124145508,0
57.49,1605.8502197265625,-17.247142791748047,0
57.5,1605.642333984375,-17.283924102783203,0
57.51,1605.4342041015625,-17.320491790771484,0
57.52,1605.234130859375,-17.34839630126953,0
57.53,1605.037841796875,-17.372034072875977,0
57.54,1604.8453369140625,-17.39148712158203,0
57.55,1604.6424560546875,-17.421525955200195,0
57.56,1604.4434814453125,-17.44723892211914,0
57.57,1604.248291015625,-17.468708038330078,0
57.58,1604.06103515625,-17.481792449951172,0
57.59,1603.87744140625,-17.490886688232422,0
57.6,1603.70556640625,-17.487741470336914,0
57.61,1603.5372314453125,-17.480934143066406,0
57.62,1603.3643798828125,-17.478872299194336,0
57.63,1603.203125,-17.464801788330078,0
57.64,1603.0452880859375,-17.44729995727539,0
57.65,1602.8909912109375,-17.426441192626953,0
57.66,1602.739990234375,-17.402299880981445,0
57.67,1602.578125,-17.389575958251953,0
57.68,1602.3995361328125,-17.394344329833984,0
57.69,1602.224609375,-17.395309448242188,0
57.7,1602.0533447265625,-17.392547607421875,0
57.71,1601.9017333984375,-17.369367599487305,0
57.72,1601.7535400390625,-17.34296417236328,0
57.73,1601.6085205078125,-17.31340980529785,0
57.74,1601.4447021484375,-17.303848266601562,0
57.75,1601.2862548828125,-17.288711547851562,0
57.76,1601.1474609375,-17.253437042236328,0
57.77,1601.0118408203125,-17.2152156829834,0
57.78,1600.87939453125,-17.17411231994629,0
57.79,1600.7479248046875,-17.132278442382812,0
57.8,1600.60546875,-17.10234260559082,0
57.81,1600.4661865234375,-17.069377899169922,0
57.82,1600.3302001953125,-17.03345489501953,0
57.83,1600.1973876953125,-16.99464225769043,0
57.84,1600.067626953125,-16.95301055908203,0
57.85,1599.9307861328125,-16.919092178344727,0
57.86,1599.797119140625,-16.882266998291016,0
57.87,1599.66455078125,-16.844682693481445,0
57.88,1599.531005859375,-16.80845069885254,0
57.89,1599.388427734375,-16.781986236572266,0
57.9,1599.224853515625,-16.777587890625,0
57.91,1599.0606689453125,-16.773929595947266,0
57.92,1598.89990234375,-16.766775131225586,0
57.93,1598.742431640625,-16.756196975708008,0
57.94,1598.5882568359375,-16.742267608642578,0
57.95,1598.4232177734375,-16.739686965942383,0
57.96,1598.26171875,-16.733592987060547,0
57.97,1598.1015625,-16.726144790649414,0
57.98,1597.940673828125,-16.719511032104492,0
57.99,1597.7791748046875,-16.713611602783203,0
58,1597.6190185546875,-16.706357955932617,0
58.01,1597.4581298828125,-16.699913024902344,0
58.02,1597.296630859375,-16.694210052490234,0
58.03,1597.124267578125,-16.699752807617188,0
58.04,1596.9554443359375,-16.701623916625977,0
58.05,1596.7901611328125,-16.699899673461914,0
58.06,1596.6221923828125,-16.700902938842773,0
58.07,1596.4375,-16.71926498413086,0
58.08,1596.25634765625,-16.733688354492188,0
58.09,1596.0748291015625,-16.748414993286133,0
58.1,1595.8968505859375,-16.759273529052734,0
58.11,1595.722412109375,-16.766340255737305,0
58.12,1595.5394287109375,-16.78223991394043,0
58.13,1595.3519287109375,-16.8026180267334,0
58.14,1595.1640625,-16.823223114013672,0
58.15,1594.9798583984375,-16.839820861816406,0
58.16,1594.7991943359375,-16.85249137878418,0
58.17,1594.6220703125,-16.861310958862305,0
58.18,1594.4486083984375,-16.86635971069336,0
58.19,1594.276611328125,-16.869792938232422,0
58.2,1594.0980224609375,-16.880029678344727,0
58.21,1593.9210205078125,-16.8885440826416,0
58.22,1593.7454833984375,-16.895368576049805,0
58.23,1593.571533203125,-16.900535583496094,0
58.24,1593.401123046875,-16.90199851989746,0
58.25,1593.2320556640625,-16.901968002319336,0
58.26,1593.068603515625,-16.89620018005371,0
58.27,1592.9105224609375,-16.884870529174805,0
58.28,1592.75390625,-16.87226104736328,0
58.29,1592.5985107421875,-16.858455657958984,0
58.3,1592.432373046875,-16.855976104736328,0
58.31,1592.2696533203125,-16.849958419799805,0
58.32,1592.116455078125,-16.83417320251465,0
58.33,1591.96044921875,-16.82143211364746,0
58.34,1591.8077392578125,-16.80537223815918,0
58.35,1591.654296875,-16.790224075317383,0
58.36,1591.504150390625,-16.771814346313477,0
58.37,1591.34521484375,-16.762760162353516,0
58.38,1591.1895751953125,-16.750324249267578,0
58.39,1591.0372314453125,-16.734577178955078,0
58.4,1590.882080078125,-16.72188949584961,0
58.41,1590.730224609375,-16.705900192260742,0
58.42,1590.585693359375,-16.682458877563477,0
58.43,1590.4403076171875,-16.660165786743164,0
58.44,1590.298095703125,-16.634782791137695,0
58.45,1590.1590576171875,-16.60637664794922,0
58.46,1590.0233154296875,-16.575016021728516,0
58.47,1589.8865966796875,-16.544933319091797,0
58.48,1589.7469482421875,-16.518247604370117,0
58.49,1589.6103515625,-16.48859405517578,0
58.5,1589.4708251953125,-16.462282180786133,0
58.51,1589.330322265625,-16.43716812133789,0
58.52,1589.19091796875,-16.411205291748047,0
58.53,1589.0546875,-16.382282257080078,0
58.54,1588.9215087890625,-16.350461959838867,0
58.55,1588.79150390625,-16.315814971923828,0
58.56,1588.664306640625,-16.278404235839844,0
58.57,1588.5401611328125,-16.238292694091797,0
58.58,1588.4190673828125,-16.19554901123047,0
58.59,1588.28662109375,-16.164865493774414,0
58.6,1588.1573486328125,-16.131370544433594,0
58.61,1588.029052734375,-16.097209930419922,0
58.62,1587.8914794921875,-16.0728702545166,0
58.63,1587.73876953125,-16.064453125,0
58.64,1587.5853271484375,-16.05695152282715,0
58.65,1587.4351806640625,-16.046184539794922,0
58.66,1587.2760009765625,-16.044767379760742,0
58.67,1587.1162109375,-16.044130325317383,0
58.68,1586.9495849609375,-16.050556182861328,0
58.69,1586.7862548828125,-16.053430557250977,0
58.7,1586.6263427734375,-16.052827835083008,0
58.71,1586.45556640625,-16.063446044921875,0
58.72,1586.276123046875,-16.082971572875977,0
58.73,1586.10009765625,-16.098670959472656,0
58.74,1585.9276123046875,-16.110620498657227,0
58.75,1585.7564697265625,-16.12097930908203,0
58.76,1585.5806884765625,-16.13607406616211,0
58.77,1585.4083251953125,-16.147422790527344,0
58.78,1585.2313232421875,-16.163480758666992,0
58.79,1585.0498046875,-16.18409538269043,0
58.8,1584.86572265625,-16.20713996887207,0
58.81,1584.67919921875,-16.232505798339844,0
58.82,1584.4921875,-16.258056640625,0
58.83,1584.308837890625,-16.279621124267578,0
58.84,1584.1290283203125,-16.29727554321289,0
58.85,1583.9527587890625,-16.311098098754883,0
58.86,1583.7900390625,-16.31075668334961,0
58.87,1583.630615234375,-16.30695152282715,0
58.88,1583.46240234375,-16.312240600585938,0
58.89,1583.2977294921875,-16.313947677612305,0
58.9,1583.140380859375,-16.307985305786133,0
58.91,1582.986328125,-16.29867172241211,0
58.92,1582.825439453125,-16.29654884338379,0
58.93,1582.6678466796875,-16.291000366210938,0
58.94,1582.4993896484375,-16.296720504760742,0
58.95,1582.3323974609375,-16.300939559936523,0
58.96,1582.1546630859375,-16.31622886657715,0
58.97,1581.9803466796875,-16.327728271484375,0
58.98,1581.8134765625,-16.331348419189453,0
58.99,1581.6461181640625,-16.335580825805664,0
59,1581.47412109375,-16.344573974609375,0
59.01,1581.29541015625,-16.360368728637695,0
59.02,1581.1182861328125,-16.37443733215332,0
59.03,1580.9447021484375,-16.384733200073242,0
59.04,1580.7745361328125,-16.39133071899414,0
59.05,1580.6077880859375,-16.394302368164062,0
59.06,1580.4302978515625,-16.408349990844727,0
59.07,1580.25634765625,-16.418617248535156,0
59.08,1580.065673828125,-16.446107864379883,0
59.09,1579.8746337890625,-16.473695755004883,0
59.1,1579.68115234375,-16.503450393676758,0
59.11,1579.491455078125,-16.529081344604492,0
59.12,1579.3052978515625,-16.55066680908203,0
59.13,1579.1187744140625,-16.572450637817383,0
59.14,1578.8995361328125,-16.627893447875977,0
59.15,1578.684326171875,-16.67865753173828,0
59.16,1578.4730224609375,-16.724828720092773,0
59.17,1578.265625,-16.766490936279297,0
59.18,1578.06201171875,-16.803726196289062,0
59.19,1577.8621826171875,-16.836618423461914,0
59.2,1577.666259765625,-16.865249633789062,0
59.21,1577.4739990234375,-16.88970184326172,0
59.22,1577.2794189453125,-16.916301727294922,0
59.23,1577.088623046875,-16.938753128051758,0
59.24,1576.8994140625,-16.95922088623047,0
59.25,1576.7078857421875,-16.981958389282227,0
59.26,1576.51806640625,-17.0026912689209,0
59.27,1576.3319091796875,-17.019376754760742,0
59.28,1576.1273193359375,-17.055051803588867,0
59.29,1575.91455078125,-17.098907470703125,0
59.3,1575.70556640625,-17.13822364807129,0
59.31,1575.5006103515625,-17.17308235168457,0
59.32,1575.2994384765625,-17.203569412231445,0
59.33,1575.090087890625,-17.24225616455078,0
59.34,1574.884765625,-17.276477813720703,0
59.35,1574.6832275390625,-17.306320190429688,0
59.36,1574.4835205078125,-17.333946228027344,0
59.37,1574.28759765625,-17.35731315612793,0
59.38,1574.095458984375,-17.37650489807129,0
59.39,1573.8890380859375,-17.41044807434082,0
59.4,1573.678466796875,-17.44831657409668,0
59.41,1573.4698486328125,-17.483774185180664,0
59.42,1573.2611083984375,-17.518945693969727,0
59.43,1573.0562744140625,-17.549665451049805,0
59.44,1572.8472900390625,-17.58439826965332,0
59.45,1572.646240234375,-17.610456466674805,0
59.46,1572.445068359375,-17.636445999145508,0
59.47,1572.247802734375,-17.65814781188965,0
59.48,1572.0543212890625,-17.675643920898438,0
59.49,1571.8646240234375,-17.68901824951172,0
59.5,1571.6787109375,-17.69835090637207,0
59.51,1571.474365234375,-17.726675033569336,0
59.52,1571.263916015625,-17.761051177978516,0
59.53,1571.0574951171875,-17.790939331054688,0
59.54,1570.8551025390625,-17.81642723083496,0
59.55,1570.656494140625,-17.83759880065918,0
59.56,1570.4617919921875,-17.854537963867188,0
59.57,1570.2708740234375,-17.867326736450195,0
59.58,1570.0736083984375,-17.88651466369629,0
59.59,1569.858154296875,-17.924448013305664,0
59.6,1569.63671875,-17.96819496154785,0
59.61,1569.41943359375,-18.007217407226562,0
59.62,1569.194091796875,-18.05415153503418,0
59.63,1568.972900390625,-18.096277236938477,0
59.64,1568.7559814453125,-18.133686065673828,0
59.65,1568.54296875,-18.166465759277344,0
59.66,1568.3341064453125,-18.194705963134766,0
59.67,1568.129150390625,-18.218490600585938,0
59.68,1567.9283447265625,-18.2379093170166,0
59.69,1567.7313232421875,-18.253047943115234,0
59.7,1567.5343017578125,-18.268152236938477,0
59.71,1567.3389892578125,-18.281139373779297,0
59.72,1567.1435546875,-18.29412841796875,0
59.73,1566.9520263671875,-18.302953720092773,0
59.74,1566.760498046875,-18.311864852905273,0
59.75,1566.57275390625,-18.316696166992188,0
59.76,1566.388671875,-18.317527770996094,0
59.77,1566.2083740234375,-18.31443977355957,0
59.78,1566.005859375,-18.334630966186523,0
59.79,1565.8072509765625,-18.35050392150879,0
59.8,1565.612548828125,-18.362146377563477,0
59.81,1565.419677734375,-18.371723175048828,0
59.82,1565.2205810546875,-18.387653350830078,0
59.83,1565.0355224609375,-18.388879776000977,0
59.84,1564.854248046875,-18.386167526245117,0
59.85,1564.6666259765625,-18.390058517456055,0
59.86,1564.4827880859375,-18.389951705932617,0
59.87,1564.296630859375,-18.392173767089844,0
59.88,1564.1082763671875,-18.396677017211914,0
59.89,1563.921875,-18.399255752563477,0
59.9,1563.7291259765625,-18.4083251953125,0
59.91,1563.540283203125,-18.413288116455078,0
59.92,1563.353271484375,-18.41631317138672,0
59.93,1563.1700439453125,-18.415353775024414,0
59.94,1562.9864501953125,-18.41465950012207,0
59.95,1562.8026123046875,-18.414216995239258,0
59.96,1562.6207275390625,-18.411945343017578,0
59.97,1562.4365234375,-18.4121036529541,0
59.98,1562.2420654296875,-18.42290687561035,0
59.99,1562.0513916015625,-18.429567337036133,0
60,1561.864501953125,-18.432165145874023,0
60.01,1561.6815185546875,-18.4307861328125,0
60.02,1561.498291015625,-18.42967414855957,0
60.03,1561.31884765625,-18.42466163635254,0
60.04,1561.1331787109375,-18.426237106323242,0
60.05,1560.9512939453125,-18.423858642578125,0
60.06,1560.7730712890625,-18.4176082611084,0
60.07,1560.612548828125,-18.392995834350586,0
60.08,1560.4415283203125,-18.379539489746094,0
60.09,1560.274169921875,-18.362445831298828,0
60.1,1560.1064453125,-18.345956802368164,0
60.11,1559.9422607421875,-18.32590103149414,0
60.12,1559.775634765625,-18.308656692504883,0
60.13,1559.612548828125,-18.287866592407227,0
60.14,1559.453125,-18.26361083984375,0
60.15,1559.297119140625,-18.235965728759766,0
60.16,1559.1365966796875,-18.21333122253418,0
60.17,1558.9796142578125,-18.187284469604492,0
60.18,1558.8341064453125,-18.14957618713379,0
60.19,1558.6839599609375,-18.117103576660156,0
60.2,1558.53515625,-18.083520889282227,0
60.21,1558.391845703125,-18.044700622558594,0
60.22,1558.249755859375,-18.004915237426758,0
60.23,1558.1109619140625,-17.962112426757812,0
60.24,1557.9754638671875,-17.916366577148438,0
60.25,1557.84716796875,-17.86358070373535,0
60.26,1557.72412109375,-17.805997848510742,0
60.27,1557.60400390625,-17.745805740356445,0
60.28,1557.4930419921875,-17.67682647705078,0
60.29,1557.385009765625,-17.605499267578125,0
60.3,1557.2799072265625,-17.531888961791992,0
60.31,1557.185791015625,-17.447673797607422,0
60.32,1557.094482421875,-17.361473083496094,0
60.33,1556.9918212890625,-17.287975311279297,0
60.34,1556.906005859375,-17.19767951965332,0
60.35,1556.8087158203125,-17.120203018188477,0
60.36,1556.7122802734375,-17.042753219604492,0
60.37,1556.6024169921875,-16.979917526245117,0
60.38,1556.493408203125,-16.916833877563477,0
60.39,1556.3873291015625,-16.851444244384766,0
60.4,1556.2840576171875,-16.783811569213867,0
60.41,1556.1634521484375,-16.73486328125,0
60.42,1556.0457763671875,-16.68335723876953,0
60.43,1555.928955078125,-16.631439208984375,0
60.44,1555.815185546875,-16.57704734802246,0
60.45,1555.7001953125,-16.52440643310547,0
60.46,1555.5880126953125,-16.469327926635742,0
60.47,1555.478759765625,-16.411874771118164,0
60.48,1555.356201171875,-16.36881446838379,0
60.49,1555.1943359375,-16.366912841796875,0
60.5,1555.0357666015625,-16.36156463623047,0
60.51,1554.8785400390625,-16.35492515563965,0
60.52,1554.7186279296875,-16.351181030273438,0
60.53,1554.56005859375,-16.346118927001953,0
60.54,1554.398681640625,-16.34392547607422,0
60.55,1554.2467041015625,-16.33205223083496,0
60.56,1554.0999755859375,-16.314863204956055,0
60.57,1553.96435546875,-16.286230087280273,0
60.58,1553.8319091796875,-16.254718780517578,0
60.59,1553.6943359375,-16.228715896606445,0
60.6,1553.5599365234375,-16.199792861938477,0
60.61,1553.4366455078125,-16.159690856933594,0
60.62,1553.316162109375,-16.116971969604492,0
60.63,1553.19873046875,-16.071699142456055,0
60.64,1553.0760498046875,-16.032257080078125,0
60.65,1552.956298828125,-15.990214347839355,0
60.66,1552.8353271484375,-15.949792861938477,0
60.67,1552.7132568359375,-15.910969734191895,0
60.68,1552.5921630859375,-15.871637344360352,0
60.69,1552.475830078125,-15.827656745910645,0
60.7,1552.3603515625,-15.783286094665527,0
60.71,1552.2476806640625,-15.736467361450195,0
60.72,1552.1378173828125,-15.687261581420898,0
60.73,1552.0306396484375,-15.635726928710938,0
60.74,1551.9261474609375,-15.581921577453613,0
60.75,1551.8023681640625,-15.548797607421875,0
60.76,1551.6812744140625,-15.513043403625488,0
60.77,1551.5489501953125,-15.489343643188477,0
60.78,1551.4156494140625,-15.466995239257812,0
60.79,1551.2852783203125,-15.441814422607422,0
60.8,1551.1578369140625,-15.413864135742188,0
60.81,1551.041259765625,-15.374826431274414,0
60.82,1550.9375,-15.322908401489258,0
60.83,1550.826416015625,-15.27920150756836,0
60.84,1550.718017578125,-15.233138084411621,0
60.85,1550.6123046875,-15.18477725982666,0
60.86,1550.50927734375,-15.134177207946777,0
60.87,1550.4088134765625,-15.08139419555664,0
60.88,1550.3089599609375,-15.028621673583984,0
60.89,1550.20556640625,-14.979978561401367,0
60.9,1550.1048583984375,-14.929144859313965,0
60.91,1549.988525390625,-14.894906997680664,0
60.92,1549.85498046875,-14.879010200500488,0
60.93,1549.7161865234375,-14.868596076965332,0
60.94,1549.5643310546875,-14.87193775177002,0
60.95,1549.41552734375,-14.87204647064209,0
60.96,1549.269775390625,-14.868988037109375,0
60.97,1549.1270751953125,-14.86282730102539,0
60.98,1548.9873046875,-14.853629112243652,0
60.99,1548.8424072265625,-14.849781036376953,0
61,1548.70068359375,-14.842851638793945,0
61.01,1548.5517578125,-14.84330940246582,0
61.02,1548.4039306640625,-14.84267807006836,0
61.03,1548.2611083984375,-14.83681869506836,0
61.04,1548.119384765625,-14.83000373840332,0
61.05,1547.970458984375,-14.830577850341797,0
61.06,1547.82470703125,-14.827981948852539,0
61.07,1547.681884765625,-14.822283744812012,0
61.08,1547.5140380859375,-14.842682838439941,0
61.09,1547.349365234375,-14.859503746032715,0
61.1,1547.2039794921875,-14.856167793273926,0
61.11,1547.0616455078125,-14.849737167358398,0
61.12,1546.92236328125,-14.840279579162598,0
61.13,1546.785888671875,-14.82785701751709,0
61.14,1546.65234375,-14.812532424926758,0
61.15,1546.519775390625,-14.796451568603516,0
61.16,1546.3800048828125,-14.787955284118652,0
61.17,1546.2432861328125,-14.77648639678955,0
61.18,1546.1094970703125,-14.762110710144043,0
61.19,1545.970458984375,-14.753216743469238,0
61.2,1545.8162841796875,-14.760091781616211,0
61.21,1545.649169921875,-14.780328750610352,0
61.22,1545.4732666015625,-14.809491157531738,0
61.23,1545.294677734375,-14.841147422790527,0
61.24,1545.111328125,-14.87731647491455,0
61.25,1544.9254150390625,-14.91581916809082,0
61.26,1544.740966796875,-14.952435493469238,0
61.27,1544.5599365234375,-14.98511791229248,0
61.28,1544.374267578125,-15.022266387939453,0
61.29,1544.1920166015625,-15.055455207824707,0
61.3,1544.01318359375,-15.084759712219238,0
61.31,1543.8377685546875,-15.110250473022461,0
61.32,1543.677734375,-15.119515419006348,0
61.33,1543.5208740234375,-15.125371932983398,0
61.34,1543.3671875,-15.127889633178711,0
61.35,1543.2166748046875,-15.12713623046875,0
61.36,1543.0692138671875,-15.12317943572998,0
61.37,1542.9248046875,-15.116084098815918,0
61.38,1542.7734375,-15.116320610046387,0
61.39,1542.5950927734375,-15.144549369812012,0
61.4,1542.4200439453125,-15.168973922729492,0
61.41,1542.246337890625,-15.19174861907959,0
61.42,1542.075927734375,-15.210821151733398,0
61.43,1541.908935546875,-15.226263999938965,0
61.44,1541.7392578125,-15.244390487670898,0
61.45,1541.5406494140625,-15.292195320129395,0
61.46,1541.335693359375,-15.346165657043457,0
61.47,1541.1343994140625,-15.395763397216797,0
61.48,1540.9327392578125,-15.445228576660156,0
61.49,1540.7347412109375,-15.49039077758789,0
61.5,1540.5283203125,-15.54381275177002,0
61.51,1540.3236083984375,-15.594911575317383,0
61.52,1540.116455078125,-15.647883415222168,0
61.53,1539.9130859375,-15.696435928344727,0
61.54,1539.719482421875,-15.734406471252441,0
61.55,1539.521484375,-15.776573181152344,0
61.56,1539.313232421875,-15.829025268554688,0
61.57,1539.1046142578125,-15.881196975708008,0
61.58,1538.895751953125,-15.933079719543457,0
61.59,1538.66064453125,-16.011716842651367,0
61.6,1538.429443359375,-16.0853328704834,0
61.61,1538.2022705078125,-16.154010772705078,0
61.62,1537.979248046875,-16.21784210205078,0
61.63,1537.758056640625,-16.278989791870117,0
61.64,1537.540771484375,-16.335416793823242,0
61.65,1537.3275146484375,-16.387208938598633,0
61.66,1537.1181640625,-16.434450149536133,0
61.67,1536.9066162109375,-16.483469009399414,0
61.68,1536.6968994140625,-16.530054092407227,0
61.69,1536.490966796875,-16.57216453552246,0
61.7,1536.288818359375,-16.609882354736328,0
61.71,1536.078369140625,-16.655778884887695,0
61.72,1535.867919921875,-16.701290130615234,0
61.73,1535.6533203125,-16.750638961791992,0
61.74,1535.45068359375,-16.78708267211914,0
61.75,1535.2437744140625,-16.827533721923828,0
61.76,1535.03662109375,-16.86772918701172,0
61.77,1534.845458984375,-16.891021728515625,0
61.78,1534.657958984375,-16.910242080688477,0
61.79,1534.460205078125,-16.940034866333008,0
61.8,1534.258056640625,-16.97393226623535,0
61.81,1534.0596923828125,-17.003520965576172,0
61.82,1533.8731689453125,-17.02056121826172,0
61.83,1533.682373046875,-17.041950225830078,0
61.84,1533.4952392578125,-17.05927276611328,0
61.85,1533.307861328125,-17.07677459716797,0
61.86,1533.1160888671875,-17.098604202270508,0
61.87,1532.919921875,-17.124671936035156,0
61.88,1532.7215576171875,-17.15274429321289,0
61.89,1532.5150146484375,-17.18907356262207,0
61.9,1532.3123779296875,-17.220998764038086,0
61.91,1532.113525390625,-17.24860382080078,0
61.92,1531.91845703125,-17.27197265625,0
61.93,1531.7271728515625,-17.291183471679688,0
61.94,1531.53369140625,-17.312564849853516,0
61.95,1531.3419189453125,-17.33190155029297,0
61.96,1531.14990234375,-17.351314544677734,0
61.97,1530.961669921875,-17.366640090942383,0
61.98,1530.777099609375,-17.377954483032227,0
61.99,1530.576171875,-17.406084060668945,0
62,1530.379150390625,-17.429931640625,0
62.01,1530.1859130859375,-17.449581146240234,0
62.02,1529.9864501953125,-17.475521087646484,0
62.03,1529.7886962890625,-17.49928855895996,0
62.04,1529.5968017578125,-17.516761779785156,0
62.05,1529.40673828125,-17.532228469848633,0
62.06,1529.220458984375,-17.54364776611328,0
62.07,1529.02783203125,-17.56150245666504,0
62.08,1528.8328857421875,-17.58149528503418,0
62.09,1528.641845703125,-17.59733772277832,0
62.1,1528.4505615234375,-17.613216400146484,0
62.11,1528.259033203125,-17.629180908203125,0
62.12,1528.0712890625,-17.64106559753418,0
62.13,1527.8812255859375,-17.655193328857422,0
62.14,1527.6949462890625,-17.665273666381836,0
62.15,1527.512451171875,-17.67138671875,0
62.16,1527.3255615234375,-17.68193817138672,0
62.17,1527.13232421875,-17.698911666870117,0
62.18,1526.94287109375,-17.71177101135254,0
62.19,1526.749267578125,-17.728862762451172,0
62.2,1526.54345703125,-17.758474349975586,0
62.21,1526.33154296875,-17.794099807739258,0
62.22,1526.12353515625,-17.82520866394043,0
62.23,1525.9195556640625,-17.851884841918945,0
62.24,1525.7296142578125,-17.863813400268555,0
62.25,1525.533447265625,-17.882099151611328,0
62.26,1525.3350830078125,-17.902393341064453,0
62.27,1525.1405029296875,-17.918460845947266,0
62.28,1524.955810546875,-17.924196243286133,0
62.29,1524.762939453125,-17.938432693481445,0
62.3,1524.583740234375,-17.938154220581055,0
62.31,1524.3883056640625,-17.95486831665039,0
62.32,1524.194580078125,-17.969501495361328,0
62.33,1523.9766845703125,-18.009077072143555,0
62.34,1523.77099609375,-18.035688400268555,0
62.35,1523.5692138671875,-18.05791664123535,0
62.36,1523.391357421875,-18.055097579956055,0
62.37,1523.1971435546875,-18.069242477416992,0
62.38,1522.9927978515625,-18.093759536743164,0
62.39,1522.7884521484375,-18.11808204650879,0
62.4,1522.5780029296875,-18.148454666137695,0
62.41,1522.3714599609375,-18.174341201782227,0
62.42,1522.1689453125,-18.19582748413086,0
62.43,1521.9703369140625,-18.212997436523438,0
62.44,1521.789794921875,-18.211376190185547,0
62.45,1521.598876953125,-18.220476150512695,0
62.46,1521.42578125,-18.210947036743164,0
62.47,1521.25634765625,-18.197738647460938,0
62.48,1521.090576171875,-18.180927276611328,0
62.49,1520.9383544921875,-18.150245666503906,0
62.5,1520.779541015625,-18.126676559448242,0
62.51,1520.63427734375,-18.089387893676758,0
62.52,1520.4923095703125,-18.049015045166016,0
62.53,1520.3436279296875,-18.015975952148438,0
62.54,1520.1983642578125,-17.979780197143555,0
62.55,1520.04638671875,-17.950902938842773,0
62.56,1519.8978271484375,-17.91879653930664,0
62.57,1519.7506103515625,-17.885616302490234,0
62.58,1519.600830078125,-17.855554580688477,0
62.59,1519.436279296875,-17.84097671508789,0
62.6,1519.271240234375,-17.827058792114258,0
62.61,1519.10986328125,-17.809633255004883,0
62.62,1518.953857421875,-17.786699295043945,0
62.63,1518.80126953125,-17.76045036315918,0
62.64,1518.652099609375,-17.730958938598633,0
62.65,1518.5042724609375,-17.70037841796875,0
62.66,1518.353759765625,-17.672901153564453,0
62.67,1518.20654296875,-17.642227172851562,0
62.68,1518.062744140625,-17.608427047729492,0
62.69,1517.8922119140625,-17.602670669555664,0
62.7,1517.7232666015625,-17.595365524291992,0
62.71,1517.5518798828125,-17.590707778930664,0
62.72,1517.3800048828125,-17.586509704589844,0
62.73,1517.211669921875,-17.578655242919922,0
62.74,1517.0428466796875,-17.571378707885742,0
62.75,1516.86962890625,-17.568836212158203,0
62.76,1516.699951171875,-17.562606811523438,0
62.77,1516.5018310546875,-17.585941314697266,0
62.78,1516.3074951171875,-17.60505485534668,0
62.79,1516.1170654296875,-17.62002944946289,0
62.8,1515.930419921875,-17.630949020385742,0
62.81,1515.743408203125,-17.64205551147461,0
62.82,1515.5601806640625,-17.649181365966797,0
62.83,1515.380615234375,-17.65240478515625,0
62.84,1515.2066650390625,-17.64972686767578,0
62.85,1515.0362548828125,-17.643346786499023,0
62.86,1514.8695068359375,-17.633344650268555,0
62.87,1514.7061767578125,-17.619792938232422,0
62.88,1514.54443359375,-17.6048526763916,0
62.89,1514.3760986328125,-17.59687614440918,0
62.9,1514.209228515625,-17.587337493896484,0
62.91,1514.033935546875,-17.586734771728516,0
62.92,1513.8621826171875,-17.582401275634766,0
62.93,1513.6881103515625,-17.580656051635742,0
62.94,1513.517578125,-17.575206756591797,0
62.95,1513.3505859375,-17.56612777709961,0
62.96,1513.1871337890625,-17.553499221801758,0
62.97,1513.027099609375,-17.537395477294922,0
62.98,1512.8704833984375,-17.51788902282715,0
62.99,1512.71728515625,-17.495054244995117,0
63,1512.569580078125,-17.466888427734375,0
63.01,1512.423095703125,-17.43766212463379,0
63.02,1512.2799072265625,-17.40532684326172,0
63.03,1512.1419677734375,-17.36787223815918,0
63.04,1512.021240234375,-17.312925338745117,0
63.05,1511.8895263671875,-17.269987106323242,0
63.06,1511.7509765625,-17.234600067138672,0
63.07,1511.6156005859375,-17.196271896362305,0
63.08,1511.4833984375,-17.155071258544922,0
63.09,1511.33837890625,-17.127653121948242,0
63.1,1511.196533203125,-17.09715461730957,0
63.11,1511.057861328125,-17.063642501831055,0
63.12,1510.92236328125,-17.02718734741211,0
63.13,1510.7900390625,-16.987857818603516,0
63.14,1510.6607666015625,-16.945720672607422,0
63.15,1510.5325927734375,-16.902923583984375,0
63.16,1510.3953857421875,-16.86983299255371,0
63.17,1510.2734375,-16.8214054107666,0
63.18,1510.1424560546875,-16.782817840576172,0
63.19,1510.0145263671875,-16.741451263427734,0
63.2,1509.8896484375,-16.69737434387207,0
63.21,1509.7677001953125,-16.65064811706543,0
63.22,1509.6427001953125,-16.60757827758789,0
63.23,1509.520751953125,-16.561859130859375,0
63.24,1509.397705078125,-16.51771354675293,0
63.25,1509.275634765625,-16.473039627075195,0
63.26,1509.1466064453125,-16.43612289428711,0
63.27,1508.9925537109375,-16.425479888916016,0
63.28,1508.8116455078125,-16.442651748657227,0
63.29,1508.63037109375,-16.460128784179688,0
63.3,1508.45068359375,-16.475826263427734,0
63.31,1508.2764892578125,-16.485614776611328,0
63.32,1508.105712890625,-16.491695404052734,0
63.33,1507.9384765625,-16.494142532348633,0
63.34,1507.774658203125,-16.493030548095703,0
63.35,1507.6322021484375,-16.469768524169922,0
63.36,1507.492919921875,-16.4434814453125,0
63.37,1507.356689453125,-16.414236068725586,0
63.38,1507.2235107421875,-16.382097244262695,0
63.39,1507.0933837890625,-16.347131729125977,0
63.4,1506.958251953125,-16.31772804260254,0
63.41,1506.80615234375,-16.306198120117188,0
63.42,1506.6513671875,-16.297618865966797,0
63.43,1506.48583984375,-16.300254821777344,0
63.44,1506.315673828125,-16.307687759399414,0
63.45,1506.1429443359375,-16.31768226623535,0
63.46,1505.9736328125,-16.323999404907227,0
63.47,1505.8017578125,-16.33295440673828,0
63.48,1505.6392822265625,-16.332008361816406,0
63.49,1505.480224609375,-16.327606201171875,0
63.5,1505.3223876953125,-16.3218994140625,0
63.51,1505.14794921875,-16.33358383178711,0
63.52,1504.9769287109375,-16.341554641723633,0
63.53,1504.8212890625,-16.333402633666992,0
63.54,1504.677001953125,-16.313676834106445,0
63.55,1504.535888671875,-16.29088592529297,0
63.56,1504.3978271484375,-16.265094757080078,0
63.57,1504.2550048828125,-16.244638442993164,0
63.58,1504.107177734375,-16.22946548461914,0
63.59,1503.9625244140625,-16.211149215698242,0
63.6,1503.821044921875,-16.189762115478516,0
63.61,1503.6727294921875,-16.175716400146484,0
63.62,1503.527587890625,-16.158517837524414,0
63.63,1503.385498046875,-16.138233184814453,0
63.64,1503.236572265625,-16.125272750854492,0
63.65,1503.0888671875,-16.11122703552246,0
63.66,1502.9443359375,-16.09404182434082,0
63.67,1502.802978515625,-16.07378578186035,0
63.68,1502.6646728515625,-16.050525665283203,0
63.69,1502.5313720703125,-16.022247314453125,0
63.7,1502.401123046875,-15.991138458251953,0
63.71,1502.27392578125,-15.957265853881836,0
63.72,1502.149658203125,-15.920695304870605,0
63.73,1502.0283203125,-15.881488800048828,0
63.74,1501.9117431640625,-15.837685585021973,0
63.75,1501.796142578125,-15.793435096740723,0
63.76,1501.6851806640625,-15.744709968566895,0
63.77,1501.5770263671875,-15.693634033203125,0
63.78,1501.45556640625,-15.6567964553833,0
63.79,1501.3289794921875,-15.625700950622559,0
63.8,1501.1993408203125,-15.598103523254395,0
63.81,1501.070556640625,-15.569836616516113,0
63.82,1500.94482421875,-15.538837432861328,0
63.83,1500.7999267578125,-15.527932167053223,0
63.84,1500.658203125,-15.513946533203125,0
63.85,1500.5093994140625,-15.507349967956543,0
63.86,1500.353759765625,-15.5079345703125,0
63.87,1500.1954345703125,-15.511391639709473,0
63.88,1500.0361328125,-15.51563835144043,0
63.89,1499.878173828125,-15.518575668334961,0
63.9,1499.70947265625,-15.532654762268066,0
63.91,1499.5440673828125,-15.54314136505127,0
63.92,1499.3800048828125,-15.552189826965332,0
63.93,1499.2091064453125,-15.568086624145508,0
63.94,1499.0396728515625,-15.582425117492676,0
63.95,1498.8734130859375,-15.593153953552246,0
63.96,1498.7105712890625,-15.600345611572266,0
63.97,1498.52099609375,-15.635102272033691,0
63.98,1498.3349609375,-15.665818214416504,0
63.99,1498.1505126953125,-15.694647789001465,0
64,1497.969482421875,-15.719545364379883,0
64.01,1497.7919921875,-15.740586280822754,0
64.02,1497.6119384765625,-15.764089584350586,0
64.03,1497.431396484375,-15.787859916687012,0
64.04,1497.2523193359375,-15.80986499786377,0
64.05,1497.0667724609375,-15.838398933410645,0
64.06,1496.8807373046875,-15.867140769958496,0
64.07,1496.6981201171875,-15.891916275024414,0
64.08,1496.51904296875,-15.912801742553711,0
64.09,1496.3414306640625,-15.931952476501465,0
64.1,1496.1673583984375,-15.947321891784668,0
64.11,1495.9967041015625,-15.958985328674316,0
64.12,1495.8294677734375,-15.967015266418457,0
64.13,1495.689453125,-15.946636199951172,0
64.14,1495.5526123046875,-15.923283576965332,0
64.15,1495.418701171875,-15.897025108337402,0
64.16,1495.283935546875,-15.872029304504395,0
64.17,1495.152099609375,-15.844171524047852,0
64.18,1495.023193359375,-15.81351375579834,0
64.19,1494.8634033203125,-15.81531047821045,0
64.2,1494.706787109375,-15.813705444335938,0
64.21,1494.5494384765625,-15.812929153442383,0
64.22,1494.391357421875,-15.812968254089355,0
64.23,1494.2144775390625,-15.832408905029297,0
64.24,1494.0350341796875,-15.854265213012695,0
64.25,1493.864990234375,-15.86611557006836,0
64.26,1493.6923828125,-15.880528450012207,0
64.27,1493.523193359375,-15.891266822814941,0
64.28,1493.3533935546875,-15.902565956115723,0
64.29,1493.1849365234375,-15.912327766418457,0
64.3,1493.019775390625,-15.918503761291504,0
64.31,1492.8599853515625,-15.919088363647461,0
64.32,1492.7015380859375,-15.918351173400879,0
64.33,1492.538330078125,-15.922503471374512,0
64.34,1492.366455078125,-15.93560791015625,0
64.35,1492.2100830078125,-15.932629585266113,0
64.36,1492.044921875,-15.938748359680176,0
64.37,1491.8770751953125,-15.94753360748291,0
64.38,1491.6966552734375,-15.969331741333008,0
64.39,1491.5157470703125,-15.991390228271484,0
64.4,1491.3243408203125,-16.024097442626953,0
64.41,1491.150390625,-16.03822135925293,0
64.42,1490.9659423828125,-16.063146591186523,0
64.43,1490.7850341796875,-16.084142684936523,0
64.44,1490.6016845703125,-16.107467651367188,0
64.45,1490.4197998046875,-16.12896728515625,0
64.46,1490.2415771484375,-16.146595001220703,0
64.47,1490.060791015625,-16.166608810424805,0
64.48,1489.86962890625,-16.197275161743164,0
64.49,1489.677978515625,-16.22797203063965,0
64.5,1489.4801025390625,-16.264986038208008,0
64.51,1489.2818603515625,-16.3018856048584,0
64.52,1489.0814208984375,-16.340742111206055,0
64.53,1488.890625,-16.369140625,0
64.54,1488.6954345703125,-16.40174102783203,0
64.55,1488.50390625,-16.4301815032959,0
64.56,1488.3140869140625,-16.456619262695312,0
64.57,1488.1219482421875,-16.485254287719727,0
64.58,1487.9295654296875,-16.513900756835938,0
64.59,1487.74072265625,-16.5384464263916,0
64.6,1487.5455322265625,-16.56930923461914,0
64.61,1487.3541259765625,-16.59601593017578,0
64.62,1487.166259765625,-16.618642807006836,0
64.63,1486.982177734375,-16.637269973754883,0
64.64,1486.8016357421875,-16.651975631713867,0
64.65,1486.6246337890625,-16.662837982177734,0
64.66,1486.4490966796875,-16.672014236450195,0
64.67,1486.279052734375,-16.675371170043945,0
64.68,1486.112548828125,-16.675111770629883,0
64.69,1485.951416015625,-16.669233322143555,0
64.7,1485.793701171875,-16.65992546081543,0
64.71,1485.6392822265625,-16.647266387939453,0
64.72,1485.484130859375,-16.63548469543457,0
64.73,1485.332275390625,-16.620405197143555,0
64.74,1485.1837158203125,-16.60209846496582,0
64.75,1485.034423828125,-16.584735870361328,0
64.76,1484.87841796875,-16.574546813964844,0
64.77,1484.7257080078125,-16.5610408782959,0
64.78,1484.55419921875,-16.567052841186523,0
64.79,1484.38623046875,-16.569416046142578,0
64.8,1484.2218017578125,-16.568206787109375,0
64.81,1484.0606689453125,-16.563499450683594,0
64.82,1483.89892578125,-16.55946922302246,0
64.83,1483.7364501953125,-16.556156158447266,0
64.84,1483.577392578125,-16.549388885498047,0
64.85,1483.421630859375,-16.53923797607422,0
64.86,1483.2332763671875,-16.562984466552734,0
64.87,1483.0445556640625,-16.58687973022461,0
64.88,1482.8594970703125,-16.606754302978516,0
64.89,1482.6781005859375,-16.622690200805664,0
64.9,1482.500244140625,-16.634761810302734,0
64.91,1482.325927734375,-16.643047332763672,0
64.92,1482.1571044921875,-16.64554786682129,0
64.93,1481.99169921875,-16.644454956054688,0
64.94,1481.82958984375,-16.639842987060547,0
64.95,1481.678955078125,-16.623519897460938,0
64.96,1481.53759765625,-16.59775733947754,0
64.97,1481.4052734375,-16.56281089782715,0
64.98,1481.2760009765625,-16.525056838989258,0
64.99,1481.1497802734375,-16.484561920166016,0
65,1481.026611328125,-16.44139289855957,0
65.01,1480.900390625,-16.40179443359375,0
65.02,1480.7572021484375,-16.380203247070312,0
65.03,1480.6171875,-16.355571746826172,0
65.04,1480.480224609375,-16.327966690063477,0
65.05,1480.3463134765625,-16.297452926635742,0
65.06,1480.2135009765625,-16.266176223754883,0
65.07,1480.0816650390625,-16.234161376953125,0
65.08,1479.952880859375,-16.199350357055664,0
65.09,1479.819091796875,-16.17007064819336,0
65.1,1479.6883544921875,-16.137950897216797,0
65.11,1479.5606689453125,-16.103057861328125,0
65.12,1479.429931640625,-16.071638107299805,0
65.13,1479.3021240234375,-16.037443161010742,0
65.14,1479.1773681640625,-16.000537872314453,0
65.15,1479.0555419921875,-15.960986137390137,0
65.16,1478.9365234375,-15.918850898742676,0
65.17,1478.8223876953125,-15.872114181518555,0
65.18,1478.7110595703125,-15.822959899902344,0
65.19,1478.592529296875,-15.781787872314453,0
65.2,1478.474853515625,-15.740184783935547,0
65.21,1478.3580322265625,-15.698166847229004,0
65.22,1478.22998046875,-15.668116569519043,0
65.23,1478.1048583984375,-15.635347366333008,0
65.24,1477.9805908203125,-15.602005004882812,0
65.25,1477.8592529296875,-15.56602668762207,0
65.26,1477.7408447265625,-15.527475357055664,0
65.27,1477.625244140625,-15.48641300201416,0
65.28,1477.5023193359375,-15.453239440917969,0
65.29,1477.374267578125,-15.425724029541016,0
65.3,1477.257080078125,-15.387225151062012,0
65.31,1477.1427001953125,-15.346240997314453,0
65.32,1477.01318359375,-15.321441650390625,0
65.33,1476.8865966796875,-15.293891906738281,0
65.34,1476.7628173828125,-15.263654708862305,0
65.35,1476.637939453125,-15.234895706176758,0
65.36,1476.5,-15.220009803771973,0
65.37,1476.364990234375,-15.202192306518555,0
65.38,1476.2349853515625,-15.179428100585938,0
65.39,1476.1058349609375,-15.155983924865723,0
65.4,1475.967529296875,-15.14221477508545,0
65.41,1475.8382568359375,-15.119272232055664,0
65.42,1475.705810546875,-15.09981918334961,0
65.43,1475.5762939453125,-15.077553749084473,0
65.44,1475.44970703125,-15.052538871765137,0
65.45,1475.325927734375,-15.024836540222168,0
65.46,1475.2049560546875,-14.9945068359375,0
65.47,1475.080810546875,-14.967794418334961,0
65.48,1474.945556640625,-14.952893257141113,0
65.49,1474.8131103515625,-14.935117721557617,0
65.5,1474.6837158203125,-14.914529800415039,0
65.51,1474.533203125,-14.91597843170166,0
65.52,1474.3857421875,-14.914225578308105,0
65.53,1474.2373046875,-14.913493156433105,0
65.54,1474.0859375,-14.915785789489746,0
65.55,1473.9376220703125,-14.9148588180542,0
65.56,1473.7884521484375,-14.91487979888916,0
65.57,1473.6383056640625,-14.915889739990234,0
65.58,1473.4912109375,-14.913705825805664,0
65.59,1473.337158203125,-14.91873550415039,0
65.6,1473.186279296875,-14.920488357543945,0
65.61,1473.028564453125,-14.929313659667969,0
65.62,1472.8719482421875,-14.936863899230957,0
65.63,1472.7125244140625,-14.94726276397705,0
65.64,1472.556396484375,-14.954270362854004,0
65.65,1472.4012451171875,-14.960031509399414,0
65.66,1472.2352294921875,-14.976934432983398,0
65.67,1472.072509765625,-14.990303039550781,0
65.68,1471.905029296875,-15.00847053527832,0
65.69,1471.740966796875,-15.023073196411133,0
65.7,1471.5660400390625,-15.048624992370605,0
65.71,1471.39453125,-15.070450782775879,0
65.72,1471.2261962890625,-15.088623046875,0
65.73,1471.061279296875,-15.103212356567383,0
65.74,1470.8995361328125,-15.114291191101074,0
65.75,1470.7550048828125,-15.107483863830566,0
65.76,1470.6134033203125,-15.097601890563965,0
65.77,1470.4609375,-15.099154472351074,0
65.78,1470.3115234375,-15.097464561462402,0
65.79,1470.1593017578125,-15.09877872467041,0
65.8,1470.0101318359375,-15.096855163574219,0
65.81,1469.864013671875,-15.091758728027344,0
65.82,1469.7210693359375,-15.08355712890625,0
65.83,1469.569091796875,-15.084735870361328,0
65.84,1469.420166015625,-15.082682609558105,0
65.85,1469.2742919921875,-15.077461242675781,0
65.86,1469.12353515625,-15.077401161193848,0
65.87,1468.9759521484375,-15.074134826660156,0
65.88,1468.8214111328125,-15.07801342010498,0
65.89,1468.6700439453125,-15.078605651855469,0
65.9,1468.505859375,-15.092501640319824,0
65.91,1468.344970703125,-15.10290241241455,0
65.92,1468.19921875,-15.097515106201172,0
65.93,1468.056396484375,-15.089027404785156,0
65.94,1467.9046630859375,-15.089868545532227,0
65.95,1467.76806640625,-15.075119018554688,0
65.96,1467.6343994140625,-15.057466506958008,0
65.97,1467.4915771484375,-15.049337387084961,0
65.98,1467.351806640625,-15.03817367553711,0
65.99,1467.193115234375,-15.046744346618652,0
66,1467.0316162109375,-15.05811882019043,0
66.01,1466.871337890625,-15.068132400512695,0
66.02,1466.7083740234375,-15.08091926574707,0
66.03,1466.5545654296875,-15.08405590057373,0
66.04,1466.3839111328125,-15.104545593261719,0
66.05,1466.2166748046875,-15.121403694152832,0
66.06,1466.0526123046875,-15.134698867797852,0
66.07,1465.8878173828125,-15.148601531982422,0
66.08,1465.726318359375,-15.158997535705566,0
66.09,1465.5679931640625,-15.165955543518066,0
66.1,1465.4129638671875,-15.169546127319336,0
66.11,1465.260986328125,-15.16983699798584,0
66.12,1465.112060546875,-15.166895866394043,0
66.13,1464.9603271484375,-15.167028427124023,0
66.14,1464.8057861328125,-15.17011547088623,0
66.15,1464.66015625,-15.163731575012207,0
66.16,1464.51171875,-15.16043472290039,0
66.17,1464.3564453125,-15.164266586303711,0
66.18,1464.204345703125,-15.164795875549316,0
66.19,1464.0552978515625,-15.162090301513672,0
66.2,1463.8994140625,-15.166555404663086,0
66.21,1463.7467041015625,-15.167705535888672,0
66.22,1463.5970458984375,-15.165605545043945,0
66.23,1463.4505615234375,-15.160325050354004,0
66.24,1463.297119140625,-15.162212371826172,0
66.25,1463.144775390625,-15.16291618347168,0
66.26,1462.9857177734375,-15.170662879943848,0
66.27,1462.829833984375,-15.17502498626709,0
66.28,1462.673095703125,-15.180228233337402,0
66.29,1462.5035400390625,-15.198619842529297,0
66.3,1462.3353271484375,-15.215422630310059,0
66.31,1462.17041015625,-15.228645324707031,0
66.32,1462.0086669921875,-15.238354682922363,0
66.33,1461.8502197265625,-15.244624137878418,0
66.34,1461.6949462890625,-15.24752140045166,0
66.35,1461.5428466796875,-15.247116088867188,0
66.36,1461.3939208984375,-15.243475914001465,0
66.37,1461.2301025390625,-15.255218505859375,0
66.38,1461.073486328125,-15.259369850158691,0
66.39,1460.920166015625,-15.2601900100708,0
66.4,1460.7559814453125,-15.272192001342773,0
66.41,1460.5831298828125,-15.293062210083008,0
66.42,1460.41162109375,-15.312331199645996,0
66.43,1460.2294921875,-15.342391967773438,0
66.44,1460.064697265625,-15.35412883758545,0
66.45,1459.8892822265625,-15.376801490783691,0
66.46,1459.7171630859375,-15.395737648010254,0
66.47,1459.54248046875,-15.417192459106445,0
66.48,1459.3671875,-15.4390287399292,0
66.49,1459.1953125,-15.457131385803223,0
66.5,1459.03076171875,-15.467473983764648,0
66.51,1458.8695068359375,-15.47431468963623,0
66.52,1458.7034912109375,-15.485986709594727,0
66.53,1458.538818359375,-15.496145248413086,0
66.54,1458.37744140625,-15.502801895141602,0
66.55,1458.21728515625,-15.508103370666504,0
66.56,1458.0484619140625,-15.522360801696777,0
66.57,1457.866943359375,-15.549544334411621,0
66.58,1457.678955078125,-15.583148002624512,0
66.59,1457.4945068359375,-15.612746238708496,0
66.6,1457.3037109375,-15.648696899414062,0
66.61,1457.116455078125,-15.680582046508789,0
66.62,1456.9287109375,-15.71263599395752,0
66.63,1456.7445068359375,-15.740692138671875,0
66.64,1456.5638427734375,-15.764825820922852,0
66.65,1456.3787841796875,-15.793317794799805,0
66.66,1456.17333984375,-15.842591285705566,0
66.67,1455.9715576171875,-15.88748550415039,0
66.68,1455.763427734375,-15.93841552734375,0
66.69,1455.5592041015625,-15.984909057617188,0
66.7,1455.3587646484375,-16.02705192565918,0
66.71,1455.1619873046875,-16.06492042541504,0
66.72,1454.9688720703125,-16.098596572875977,0
66.73,1454.779296875,-16.128158569335938,0
66.74,1454.5933837890625,-16.153682708740234,0
66.75,1454.4111328125,-16.175247192382812,0
66.76,1454.2322998046875,-16.19293212890625,0
66.77,1454.056884765625,-16.20680809020996,0
66.78,1453.885009765625,-16.216951370239258,0
66.79,1453.710693359375,-16.2296199798584,0
66.8,1453.5396728515625,-16.238576889038086,0
66.81,1453.3702392578125,-16.2459774017334,0
66.82,1453.2041015625,-16.249773025512695,0
66.83,1453.0413818359375,-16.25003433227539,0
66.84,1452.8819580078125,-16.246835708618164,0
66.85,1452.7080078125,-16.25873374938965,0
66.86,1452.5374755859375,-16.266929626464844,0
66.87,1452.3504638671875,-16.292118072509766,0
66.88,1452.1470947265625,-16.333948135375977,0
66.89,1451.941650390625,-16.377626419067383,0
66.9,1451.7398681640625,-16.41692543029785,0
66.91,1451.5260009765625,-16.468387603759766,0
66.92,1451.3160400390625,-16.515291213989258,0
66.93,1451.1258544921875,-16.541255950927734,0
66.94,1450.9393310546875,-16.56317138671875,0
66.95,1450.740478515625,-16.597578048706055,0
66.96,1450.5413818359375,-16.63184928894043,0
66.97,1450.3402099609375,-16.66806411743164,0
66.98,1450.142822265625,-16.69999122619629,0
66.99,1449.9490966796875,-16.72771453857422,0
67,1449.759033203125,-16.751312255859375,0
67.01,1449.5667724609375,-16.77704429626465,0
67.02,1449.3642578125,-16.813125610351562,0
67.03,1449.1556396484375,-16.855173110961914,0
67.04,1448.960693359375,-16.882492065429688,0
67.05,1448.7596435546875,-16.91594123840332,0
67.06,1448.5543212890625,-16.953369140625,0
67.07,1448.3370361328125,-17.002883911132812,0
67.08,1448.1236572265625,-17.047767639160156,0
67.09,1447.9102783203125,-17.092206954956055,0
67.1,1447.700927734375,-17.13210105895996,0
67.11,1447.4915771484375,-17.1716365814209,0
67.12,1447.2860107421875,-17.206710815429688,0
67.13,1447.080322265625,-17.24150848388672,0
67.14,1446.8726806640625,-17.278108596801758,0
67.15,1446.6689453125,-17.310285568237305,0
67.16,1446.4649658203125,-17.34227752685547,0
67.17,1446.2589111328125,-17.3761043548584,0
67.18,1446.0528564453125,-17.409648895263672,0
67.19,1445.834716796875,-17.45526695251465,0
67.2,1445.62060546875,-17.496234893798828,0
67.21,1445.4105224609375,-17.532642364501953,0
67.22,1445.2044677734375,-17.5645751953125,0
67.23,1444.9962158203125,-17.598299026489258,0
67.24,1444.7919921875,-17.627586364746094,0
67.25,1444.583740234375,-17.660728454589844,0
67.26,1444.3734130859375,-17.695613861083984,0
67.27,1444.1671142578125,-17.72601890563965,0
67.28,1443.9647216796875,-17.752031326293945,0
67.29,1443.75830078125,-17.781997680664062,0
67.3,1443.5538330078125,-17.809587478637695,0
67.31,1443.3333740234375,-17.853445053100586,0
67.32,1443.116943359375,-17.892602920532227,0
67.33,1442.898681640625,-17.933332443237305,0
67.34,1442.6905517578125,-17.963232040405273,0
67.35,1442.4803466796875,-17.9948787689209,0
67.36,1442.274169921875,-18.022048950195312,0
67.37,1442.072021484375,-18.044830322265625,0
67.38,1441.8619384765625,-18.075611114501953,0
67.39,1441.65576171875,-18.101917266845703,0
67.4,1441.445556640625,-18.132097244262695,0
67.41,1441.239501953125,-18.157800674438477,0
67.42,1441.0374755859375,-18.17911720275879,0
67.43,1440.83935546875,-18.19613265991211,0
67.44,1440.64501953125,-18.20893096923828,0
67.45,1440.45458984375,-18.217594146728516,0
67.46,1440.2640380859375,-18.22630500793457,0
67.47,1440.0693359375,-18.23922348022461,0
67.48,1439.8785400390625,-18.24799919128418,0
67.49,1439.6895751953125,-18.254737854003906,0
67.5,1439.4964599609375,-18.26572036743164,0
67.51,1439.3072509765625,-18.272594451904297,0
67.52,1439.1158447265625,-18.281564712524414,0
67.53,1438.92626953125,-18.28853988647461,0
67.54,1438.7286376953125,-18.30384635925293,0
67.55,1438.5269775390625,-18.323148727416992,0
67.56,1438.3212890625,-18.346420288085938,0
67.57,1438.1156005859375,-18.36941146850586,0
67.58,1437.909912109375,-18.392127990722656,0
67.59,1437.704345703125,-18.414566040039062,0
67.6,1437.5067138671875,-18.428525924682617,0
67.61,1437.31298828125,-18.43828010559082,0
67.62,1437.1231689453125,-18.44391632080078,0
67.63,1436.9371337890625,-18.445512771606445,0
67.64,1436.7509765625,-18.447254180908203,0
67.65,1436.5687255859375,-18.445037841796875,0
67.66,1436.39013671875,-18.438945770263672,0
67.67,1436.2152099609375,-18.42905616760254,0
67.68,1436.0380859375,-18.421628952026367,0
67.69,1435.8646240234375,-18.410438537597656,0
67.7,1435.6949462890625,-18.39556312561035,0
67.71,1435.52880859375,-18.3770809173584,0
67.72,1435.346435546875,-18.375635147094727,0
67.73,1435.187744140625,-18.349748611450195,0
67.74,1435.0126953125,-18.341054916381836,0
67.75,1434.84130859375,-18.328641891479492,0
67.76,1434.673583984375,-18.31258773803711,0
67.77,1434.5093994140625,-18.29296875,0
67.78,1434.3466796875,-18.271944046020508,0
67.79,1434.1737060546875,-18.2618465423584,0
67.8,1434.00439453125,-18.24807357788086,0
67.81,1433.838623046875,-18.230703353881836,0
67.82,1433.676513671875,-18.209814071655273,0
67.83,1433.515869140625,-18.18755531311035,0
67.84,1433.3587646484375,-18.16188621520996,0
67.85,1433.1990966796875,-18.139062881469727,0
67.86,1433.041015625,-18.1148738861084,0
67.87,1432.87646484375,-18.097610473632812,0
67.88,1432.725341796875,-18.06656837463379,0
67.89,1432.5677490234375,-18.0426025390625,0
67.9,1432.4136962890625,-18.015291213989258,0
67.91,1432.2630615234375,-17.984708786010742,0
67.92,1432.0999755859375,-17.96739387512207,0
67.93,1431.9403076171875,-17.946613311767578,0
67.94,1431.7822265625,-17.92446517944336,0
67.95,1431.627685546875,-17.89896011352539,0
67.96,1431.4725341796875,-17.874332427978516,0
67.97,1431.306884765625,-17.860795974731445,0
67.98,1431.144775390625,-17.843740463256836,0
67.99,1430.982177734375,-17.827341079711914,0
68,1430.8092041015625,-17.821874618530273,0
68.01,1430.6318359375,-17.820987701416016,0
68.02,1430.466064453125,-17.80807113647461,0
68.03,1430.3038330078125,-17.79163360595703,0
68.04,1430.1451416015625,-17.771751403808594,0
68.05,1429.9898681640625,-17.748497009277344,0
68.06,1429.8359375,-17.724023818969727,0
68.07,1429.6854248046875,-17.69628143310547,0
68.08,1429.538330078125,-17.66534423828125,0
68.09,1429.39453125,-17.63128662109375,0
68.1,1429.2540283203125,-17.594179153442383,0
68.11,1429.1168212890625,-17.554092407226562,0
68.12,1428.9827880859375,-17.511096954345703,0
68.13,1428.851806640625,-17.465259552001953,0
68.14,1428.7239990234375,-17.41664695739746,0
68.15,1428.5794677734375,-17.385889053344727,0
68.16,1428.438232421875,-17.352066040039062,0
68.17,1428.29638671875,-17.319351196289062,0
68.18,1428.145751953125,-17.295928955078125,0
68.19,1427.9925537109375,-17.275489807128906,0
68.2,1427.8486328125,-17.245616912841797,0
68.21,1427.7078857421875,-17.212690353393555,0
68.22,1427.5704345703125,-17.17677879333496,0
68.23,1427.42626953125,-17.148235321044922,0
68.24,1427.2852783203125,-17.11663246154785,0
68.25,1427.1396484375,-17.090238571166992,0
68.26,1426.9912109375,-17.066932678222656,0
68.27,1426.8421630859375,-17.044580459594727,0
68.28,1426.6805419921875,-17.035526275634766,0
68.29,1426.522216796875,-17.02303695678711,0
68.3,1426.3671875,-17.007183074951172,0
68.31,1426.2255859375,-16.977754592895508,0
68.32,1426.089111328125,-16.943241119384766,0
68.33,1425.955810546875,-16.905834197998047,0
68.34,1425.8236083984375,-16.867679595947266,0
68.35,1425.6964111328125,-16.824644088745117,0
68.36,1425.5762939453125,-16.774812698364258,0
68.37,1425.4610595703125,-16.720415115356445,0
68.38,1425.3546142578125,-16.657398223876953,0
68.39,1425.2509765625,-16.592132568359375,0
68.4,1425.162109375,-16.512317657470703,0
68.41,1425.0758056640625,-16.43062973022461,0
68.42,1424.9801025390625,-16.359485626220703,0
68.43,1424.89111328125,-16.2822208404541,0
68.44,1424.8126220703125,-16.194820404052734,0
68.45,1424.7286376953125,-16.114028930664062,0
68.46,1424.647216796875,-16.031469345092773,0
68.47,1424.5682373046875,-15.947196960449219,0
68.48,1424.4678955078125,-15.88592529296875,0
68.49,1424.3663330078125,-15.826637268066406,0
68.5,1424.267333984375,-15.765199661254883,0
68.51,1424.1710205078125,-15.70167350769043,0
68.52,1424.0654296875,-15.648414611816406,0
68.53,1423.95849609375,-15.59701919555664,0
68.54,1423.854248046875,-15.543360710144043,0
68.55,1423.748779296875,-15.491656303405762,0
68.56,1423.6419677734375,-15.441823959350586,0
68.57,1423.5260009765625,-15.402032852172852,0
68.58,1423.4127197265625,-15.359784126281738,0
68.59,1423.2962646484375,-15.321316719055176,0
68.6,1423.1884765625,-15.274201393127441,0
68.61,1423.071533203125,-15.237110137939453,0
68.62,1422.9573974609375,-15.197540283203125,0
68.63,1422.8380126953125,-15.16380786895752,0
68.64,1422.7293701171875,-15.119288444519043,0
68.65,1422.623291015625,-15.072466850280762,0
68.66,1422.511962890625,-15.031656265258789,0
68.67,1422.4112548828125,-14.980233192443848,0
68.68,1422.3131103515625,-14.926679611206055,0
68.69,1422.189697265625,-14.89981460571289,0
68.7,1422.069091796875,-14.870330810546875,0
68.71,1421.947265625,-14.842445373535156,0
68.72,1421.8282470703125,-14.811975479125977,0
68.73,1421.7060546875,-14.78510570526123,0
68.74,1421.586669921875,-14.755642890930176,0
68.75,1421.4521484375,-14.742134094238281,0
68.76,1421.306640625,-14.740145683288574,0
68.77,1421.16015625,-14.739167213439941,0
68.78,1421.0147705078125,-14.737153053283691,0
68.79,1420.868408203125,-14.736151695251465,0
68.8,1420.72509765625,-14.732038497924805,0
68.81,1420.584716796875,-14.724878311157227,0
68.82,1420.44140625,-14.720857620239258,0
68.83,1420.301025390625,-14.713790893554688,0
68.84,1420.1695556640625,-14.697619438171387,0
68.85,1420.0350341796875,-14.68477725982666,0
68.86,1419.9033203125,-14.66907787322998,0
68.87,1419.7744140625,-14.650580406188965,0
68.88,1419.634521484375,-14.643728256225586,0
68.89,1419.481689453125,-14.650364875793457,0
68.9,1419.323974609375,-14.66195297241211,0
68.91,1419.16943359375,-14.670185089111328,0
68.92,1419.0179443359375,-14.675128936767578,0
68.93,1418.8616943359375,-14.68505573272705,0
68.94,1418.7064208984375,-14.693734169006348,0
68.95,1418.55029296875,-14.70321273803711,0
68.96,1418.3973388671875,-14.709371566772461,0
68.97,1418.239501953125,-14.720477104187012,0
68.98,1418.080810546875,-14.732324600219727,0
68.99,1417.9193115234375,-14.74697494506836,0
69,1417.760986328125,-14.75818920135498,0
69.01,1417.5999755859375,-14.772156715393066,0
69.02,1417.4381103515625,-14.786799430847168,0
69.03,1417.2735595703125,-14.804177284240723,0
69.04,1417.110107421875,-14.820075988769531,0
69.05,1416.9459228515625,-14.836651802062988,0
69.06,1416.7830810546875,-14.85175895690918,0
69.07,1416.619384765625,-14.867496490478516,0
69.08,1416.4449462890625,-14.894134521484375,0
69.09,1416.2620849609375,-14.929363250732422,0
69.1,1416.08251953125,-14.96069622039795,0
69.11,1415.9063720703125,-14.988203048706055,0
69.12,1415.7315673828125,-15.014036178588867,0
69.13,1415.55810546875,-15.038171768188477,0
69.14,1415.3681640625,-15.079116821289062,0
69.15,1415.1817626953125,-15.116016387939453,0
69.16,1414.9989013671875,-15.148944854736328,0
69.17,1414.8074951171875,-15.190336227416992,0
69.18,1414.61767578125,-15.2296724319458,0
69.19,1414.4114990234375,-15.285470008850098,0
69.2,1414.20703125,-15.338950157165527,0
69.21,1414.0062255859375,-15.388070106506348,0
69.22,1413.80908203125,-15.432910919189453,0
69.23,1413.6136474609375,-15.475576400756836,0
69.24,1413.413818359375,-15.52227783203125,0
69.25,1413.19970703125,-15.583200454711914,0
69.26,1412.989501953125,-15.639558792114258,0
69.27,1412.7830810546875,-15.691437721252441,0
69.28,1412.5982666015625,-15.720437049865723,0
69.29,1412.4168701171875,-15.745498657226562,0
69.3,1412.2388916015625,-15.766698837280273,0
69.31,1412.0643310546875,-15.784110069274902,0
69.32,1411.897216796875,-15.793706893920898,0
69.33,1411.7333984375,-15.799748420715332,0
69.34,1411.572998046875,-15.80230712890625,0
69.35,1411.4097900390625,-15.807632446289062,0
69.36,1411.2440185546875,-15.8156099319458,0
69.37,1411.0794677734375,-15.822141647338867,0
69.38,1410.9202880859375,-15.823094367980957,0
69.39,1410.764404296875,-15.820662498474121,0
69.4,1410.6116943359375,-15.814916610717773,0
69.41,1410.462158203125,-15.805924415588379,0
69.42,1410.3157958984375,-15.793755531311035,0
69.43,1410.1923828125,-15.757975578308105,0
69.44,1410.0797119140625,-15.711377143859863,0
69.45,1409.9698486328125,-15.662393569946289,0
69.46,1409.86279296875,-15.611084938049316,0
69.47,1409.75048828125,-15.565713882446289,0
69.48,1409.6171875,-15.542567253112793,0
69.49,1409.4749755859375,-15.52889633178711,0
69.5,1409.3338623046875,-15.514280319213867,0
69.51,1409.1956787109375,-15.49666690826416,0
69.52,1409.0447998046875,-15.492525100708008,0
69.53,1408.89111328125,-15.491300582885742,0
69.54,1408.7108154296875,-15.517589569091797,0
69.55,1408.51416015625,-15.560546875,0
69.56,1408.30126953125,-15.6198148727417,0
69.57,1408.0921630859375,-15.674543380737305,0
69.58,1407.8809814453125,-15.730995178222656,0
69.59,1407.679443359375,-15.776765823364258,0
69.6,1407.4658203125,-15.834647178649902,0
69.61,1407.2520751953125,-15.892077445983887,0
69.62,1407.0382080078125,-15.949048042297363,0
69.63,1406.8221435546875,-16.00758171081543,0
69.64,1406.6060791015625,-16.06561279296875,0
69.65,1406.391845703125,-16.12111473083496,0
69.66,1406.181396484375,-16.172048568725586,0
69.67,1405.9669189453125,-16.226701736450195,0
69.68,1405.75439453125,-16.278806686401367,0
69.69,1405.52783203125,-16.34486198425293,0
69.7,1405.3052978515625,-16.40608787536621,0
69.71,1405.0867919921875,-16.462570190429688,0
69.72,1404.8720703125,-16.514394760131836,0
69.73,1404.6474609375,-16.575965881347656,0
69.74,1404.4268798828125,-16.632749557495117,0
69.75,1404.2042236328125,-16.691009521484375,0
69.76,1403.9857177734375,-16.744525909423828,0
69.77,1403.7711181640625,-16.79338264465332,0
69.78,1403.5604248046875,-16.83766746520996,0
69.79,1403.3536376953125,-16.877466201782227,0
69.8,1403.150634765625,-16.912857055664062,0
69.81,1402.951416015625,-16.943925857543945,0
69.82,1402.756103515625,-16.970752716064453,0
69.83,1402.5645751953125,-16.993423461914062,0
69.84,1402.376708984375,-17.01201629638672,0
69.85,1402.1925048828125,-17.026611328125,0
69.86,1402.0059814453125,-17.043411254882812,0
69.87,1401.8232421875,-17.056243896484375,0
69.88,1401.64404296875,-17.065189361572266,0
69.89,1401.4683837890625,-17.070322036743164,0
69.9,1401.2845458984375,-17.08402442932129,0
69.91,1401.104248046875,-17.093812942504883,0
69.92,1400.9276123046875,-17.099767684936523,0
69.93,1400.766357421875,-17.089662551879883,0
69.94,1400.6065673828125,-17.078153610229492,0
69.95,1400.4403076171875,-17.073532104492188,0
69.96,1400.2852783203125,-17.057172775268555,0
69.97,1400.117919921875,-17.053926467895508,0
69.98,1399.9539794921875,-17.047122955322266,0
69.99,1399.7933349609375,-17.036832809448242,0
70,1399.6361083984375,-17.023130416870117,0
70.01,1399.4644775390625,-17.024511337280273,0
70.02,1399.2923583984375,-17.02634620666504,0
70.03,1399.123779296875,-17.02452278137207,0
70.04,1398.925048828125,-17.053937911987305,0
70.05,1398.730224609375,-17.07912254333496,0
70.06,1398.5391845703125,-17.100160598754883,0
70.07,1398.3497314453125,-17.119213104248047,0
70.08,1398.1640625,-17.134235382080078,0
70.09,1397.98193359375,-17.145305633544922,0
70.1,1397.803466796875,-17.152502059936523,0
70.11,1397.628662109375,-17.15590476989746,0
70.12,1397.4495849609375,-17.163734436035156,0
70.13,1397.2701416015625,-17.171855926513672,0
70.14,1397.0843505859375,-17.186439514160156,0
70.15,1396.9022216796875,-17.197071075439453,0
70.16,1396.696044921875,-17.232473373413086,0
70.17,1396.4937744140625,-17.263484954833984,0
70.18,1396.2855224609375,-17.300416946411133,0
70.19,1396.0811767578125,-17.332914352416992,0
70.2,1395.8807373046875,-17.361059188842773,0
70.21,1395.68408203125,-17.384937286376953,0
70.22,1395.4833984375,-17.412830352783203,0
70.23,1395.2825927734375,-17.4405517578125,0
70.24,1395.07763671875,-17.472200393676758,0
70.25,1394.8765869140625,-17.499486923217773,0
70.26,1394.6793212890625,-17.522491455078125,0
70.27,1394.4820556640625,-17.54539680480957,0
70.28,1394.2786865234375,-17.57432746887207,0
70.29,1394.0792236328125,-17.598926544189453,0
70.3,1393.883544921875,-17.619281768798828,0
70.31,1393.6917724609375,-17.635473251342773,0
70.32,1393.503662109375,-17.6475830078125,0
70.33,1393.3193359375,-17.655691146850586,0
70.34,1393.1368408203125,-17.661903381347656,0
70.35,1392.9599609375,-17.662212371826172,0
70.36,1392.78662109375,-17.658761978149414,0
70.37,1392.6148681640625,-17.653648376464844,0
70.38,1392.44677734375,-17.644886016845703,0
70.39,1392.264404296875,-17.651033401489258,0
70.4,1392.083740234375,-17.655324935913086,0
70.41,1391.90673828125,-17.655776977539062,0
70.42,1391.7254638671875,-17.660663604736328,0
70.43,1391.5478515625,-17.661693572998047,0
70.44,1391.3739013671875,-17.65894889831543,0
70.45,1391.2015380859375,-17.65452766418457,0
70.46,1391.02294921875,-17.656667709350586,0
70.47,1390.8480224609375,-17.655012130737305,0
70.48,1390.6568603515625,-17.670137405395508,0
70.49,1390.4635009765625,-17.687320709228516,0
70.5,1390.2740478515625,-17.70039176940918,0
70.51,1390.0823974609375,-17.715553283691406,0
70.52,1389.892578125,-17.728717803955078,0
70.53,1389.70654296875,-17.737844467163086,0
70.54,1389.524169921875,-17.743013381958008,0
70.55,1389.3297119140625,-17.760648727416992,0
70.56,1389.1370849609375,-17.776226043701172,0
70.57,1388.9404296875,-17.795848846435547,0
70.58,1388.75537109375,-17.803142547607422,0
70.59,1388.5662841796875,-17.814645767211914,0
70.6,1388.3829345703125,-17.820104598999023,0
70.61,1388.2032470703125,-17.821664810180664,0
70.62,1388.0252685546875,-17.821426391601562,0
70.63,1387.8509521484375,-17.81740379333496,0
70.64,1387.68017578125,-17.809677124023438,0
70.65,1387.501220703125,-17.81062126159668,0
70.66,1387.31201171875,-17.82208824157715,0
70.67,1387.1265869140625,-17.829530715942383,0
70.68,1386.94482421875,-17.83302879333496,0
70.69,1386.7589111328125,-17.840862274169922,0
70.7,1386.57666015625,-17.844741821289062,0
70.71,1386.392333984375,-17.850868225097656,0
70.72,1386.207763671875,-17.857175827026367,0
70.73,1386.02685546875,-17.85955810546875,0
70.74,1385.8497314453125,-17.858095169067383,0
70.75,1385.6722412109375,-17.856969833374023,0
70.76,1385.490478515625,-17.860214233398438,0
70.77,1385.3125,-17.859594345092773,0
70.78,1385.13818359375,-17.85519027709961,0
70.79,1384.95556640625,-17.85938262939453,0
70.8,1384.78857421875,-17.847393035888672,0
70.81,1384.6251220703125,-17.83185577392578,0
70.82,1384.465087890625,-17.812847137451172,0
70.83,1384.290771484375,-17.80886459350586,0
70.84,1384.1201171875,-17.801176071166992,0
70.85,1383.9293212890625,-17.814407348632812,0
70.86,1383.7423095703125,-17.823579788208008,0
70.87,1383.55517578125,-17.832876205444336,0
70.88,1383.3756103515625,-17.834091186523438,0
70.89,1383.1998291015625,-17.83148956298828,0
70.9,1383.027587890625,-17.825151443481445,0
70.91,1382.8590087890625,-17.815153121948242,0
70.92,1382.6939697265625,-17.80157470703125,0
70.93,1382.5225830078125,-17.794713973999023,0
70.94,1382.354736328125,-17.784210205078125,0
70.95,1382.1865234375,-17.77423858642578,0
70.96,1382.0159912109375,-17.766817092895508,0
70.97,1381.8450927734375,-17.75987434387207,0
70.98,1381.677734375,-17.749298095703125,0
70.99,1381.513916015625,-17.735166549682617,0
71,1381.3515625,-17.719635009765625,0
71.01,1381.194580078125,-17.698575973510742,0
71.02,1381.0390625,-17.6762638092041,0
71.03,1380.886962890625,-17.650651931762695,0
71.04,1380.740234375,-17.619733810424805,0
71.05,1380.61474609375,-17.56728172302246,0
71.06,1380.4923095703125,-17.51217269897461,0
71.07,1380.3551025390625,-17.4728946685791,0
71.08,1380.2210693359375,-17.430709838867188,0
71.09,1380.0902099609375,-17.385684967041016,0
71.1,1379.9625244140625,-17.337888717651367,0
71.11,1379.837890625,-17.28738784790039,0
71.12,1379.71630859375,-17.234249114990234,0
71.13,1379.59765625,-17.178537368774414,0
71.14,1379.4820556640625,-17.120315551757812,0
71.15,1379.3695068359375,-17.059650421142578,0
71.16,1379.2596435546875,-16.99660301208496,0
71.17,1379.1409912109375,-16.94353675842285,0
71.18,1379.015380859375,-16.898181915283203,0
71.19,1378.876953125,-16.866512298583984,0
71.2,1378.74169921875,-16.831905364990234,0
71.21,1378.6015625,-16.802629470825195,0
71.22,1378.4569091796875,-16.77852439880371,0
71.23,1378.3154296875,-16.75135040283203,0
71.24,1378.175048828125,-16.723255157470703,0
71.25,1378.037841796875,-16.692182540893555,0
71.26,1377.90380859375,-16.658201217651367,0
71.27,1377.7786865234375,-16.615198135375977,0
71.28,1377.6566162109375,-16.56954574584961,0
71.29,1377.5374755859375,-16.52130889892578,0
71.3,1377.43310546875,-16.45830726623535,0
71.31,1377.33154296875,-16.393098831176758,0
71.32,1377.2305908203125,-16.32776641845703,0
71.33,1377.13232421875,-16.26030158996582,0
71.34,1377.038818359375,-16.18874168395996,0
71.35,1376.9459228515625,-16.117231369018555,0
71.36,1376.83203125,-16.06830596923828,0
71.37,1376.726806640625,-16.010847091674805,0
71.38,1376.6182861328125,-15.957284927368164,0
71.39,1376.5126953125,-15.901429176330566,0
71.4,1376.40966796875,-15.843338966369629,0
71.41,1376.309326171875,-15.783072471618652,0
71.42,1376.211669921875,-15.720685958862305,0
71.43,1376.1107177734375,-15.662357330322266,0
71.44,1376.012451171875,-15.601896286010742,0
71.45,1375.916748046875,-15.539359092712402,0
71.46,1375.8018798828125,-15.497322082519531,0
71.47,1375.683837890625,-15.458974838256836,0
71.48,1375.5667724609375,-15.420149803161621,0
71.49,1375.446533203125,-15.384964942932129,0
71.5,1375.3192138671875,-15.357511520385742,0
71.51,1375.1907958984375,-15.331399917602539,0
71.52,1375.0653076171875,-15.302563667297363,0
71.53,1374.9327392578125,-15.281286239624023,0
71.54,1374.7991943359375,-15.261298179626465,0
71.55,1374.6685791015625,-15.238476753234863,0
71.56,1374.5408935546875,-15.212883949279785,0
71.57,1374.4161376953125,-15.184582710266113,0
71.58,1374.2744140625,-15.17407512664795,0
71.59,1374.1297607421875,-15.166680335998535,0
71.6,1373.98828125,-15.156213760375977,0
71.61,1373.8477783203125,-15.144763946533203,0
71.62,1373.710205078125,-15.130331039428711,0
71.63,1373.57568359375,-15.1129789352417,0
71.64,1373.4420166015625,-15.09484577178955,0
71.65,1373.311279296875,-15.073874473571777,0
71.66,1373.1834716796875,-15.050129890441895,0
71.67,1373.060546875,-15.021597862243652,0
71.68,1372.9383544921875,-14.992534637451172,0
71.69,1372.8189697265625,-14.960882186889648,0
71.7,1372.6983642578125,-14.93079948425293,0
71.71,1372.58056640625,-14.898160934448242,0
71.72,1372.4735107421875,-14.854825019836426,0
71.73,1372.3748779296875,-14.803098678588867,0
71.74,1372.2728271484375,-14.755409240722656,0
71.75,1372.1654052734375,-14.713762283325195,0
71.76,1372.0606689453125,-14.669842720031738,0
71.77,1371.95654296875,-14.625726699829102,0
71.78,1371.85498046875,-14.579407691955566,0
71.79,1371.7559814453125,-14.530940055847168,0
71.8,1371.6319580078125,-14.508964538574219,0
71.81,1371.504638671875,-14.490476608276367,0
71.82,1371.376220703125,-14.473389625549316,0
71.83,1371.220947265625,-14.484236717224121,0
71.84,1371.0687255859375,-14.491781234741211,0
71.85,1370.919677734375,-14.49609088897705,0
71.86,1370.7735595703125,-14.49722957611084,0
71.87,1370.6265869140625,-14.49930477142334,0
71.88,1370.4825439453125,-14.49825668334961,0
71.89,1370.3394775390625,-14.496225357055664,0
71.9,1370.1993408203125,-14.4911527633667,0
71.91,1370.0543212890625,-14.491249084472656,0
71.92,1369.912353515625,-14.488263130187988,0
71.93,1369.763427734375,-14.492481231689453,0
71.94,1369.607666015625,-14.503753662109375,0
71.95,1369.4549560546875,-14.511713027954102,0
71.96,1369.3052978515625,-14.516424179077148,0
71.97,1369.1527099609375,-14.524077415466309,0
71.98,1369.003173828125,-14.528485298156738,0
71.99,1368.8409423828125,-14.54605484008789,0
72,1368.6817626953125,-14.560171127319336,0
72.01,1368.5218505859375,-14.575000762939453,0
72.02,1368.3651123046875,-14.58642864227295,0
72.03,1368.21142578125,-14.594523429870605,0
72.04,1368.0548095703125,-14.60547161102295,0
72.05,1367.8935546875,-14.621232986450195,0
72.06,1367.7335205078125,-14.635584831237793,0
72.07,1367.5765380859375,-14.646533012390137,0
72.08,1367.414794921875,-14.66234016418457,0
72.09,1367.246337890625,-14.684929847717285,0
72.1,1367.091064453125,-14.69371223449707,0
72.11,1366.928955078125,-14.709413528442383,0
72.12,1366.77001953125,-14.72166633605957,0
72.13,1366.6063232421875,-14.738679885864258,0
72.14,1366.4459228515625,-14.752212524414062,0
72.15,1366.28466796875,-14.76643180847168,0
72.16,1366.1265869140625,-14.7772216796875,0
72.17,1365.9676513671875,-14.788688659667969,0
72.18,1365.80810546875,-14.80087947845459,0
72.19,1365.651611328125,-14.809677124023438,0
72.2,1365.498291015625,-14.815146446228027,0
72.21,1365.343994140625,-14.821453094482422,0
72.22,1365.19287109375,-14.824481010437012,0
72.23,1365.0447998046875,-14.824296951293945,0
72.24,1364.8939208984375,-14.827088356018066,0
72.25,1364.7401123046875,-14.83279037475586,0
72.26,1364.5894775390625,-14.835224151611328,0
72.27,1364.43994140625,-14.836477279663086,0
72.28,1364.28955078125,-14.838651657104492,0
72.29,1364.14013671875,-14.839648246765137,0
72.3,1363.9879150390625,-14.843591690063477,0
72.31,1363.8387451171875,-14.844300270080566,0
72.32,1363.684814453125,-14.850038528442383,0
72.33,1363.531982421875,-14.854523658752441,0
72.34,1363.3822021484375,-14.855761528015137,0
72.35,1363.2177734375,-14.872178077697754,0
72.36,1363.0467529296875,-14.895318984985352,0
72.37,1362.8790283203125,-14.914820671081543,0
72.38,1362.7105712890625,-14.93484878540039,0
72.39,1362.54541015625,-14.9512939453125,0
72.4,1362.3834228515625,-14.964223861694336,0
72.41,1362.2127685546875,-14.98595142364502,0
72.42,1362.04150390625,-15.00809097290039,0
72.43,1361.8736572265625,-15.026588439941406,0
72.44,1361.6971435546875,-15.053752899169922,0
72.45,1361.51416015625,-15.087382316589355,0
72.46,1361.3326416015625,-15.119135856628418,0
72.47,1361.1446533203125,-15.157245635986328,0
72.48,1360.9542236328125,-15.19747257232666,0
72.49,1360.767333984375,-15.233644485473633,0
72.5,1360.5760498046875,-15.273980140686035,0
72.51,1360.3863525390625,-15.31226634979248,0
72.52,1360.2001953125,-15.346512794494629,0
72.53,1360.01953125,-15.374772071838379,0
72.54,1359.8421630859375,-15.399184226989746,0
72.55,1359.668212890625,-15.419821739196777,0
72.56,1359.4957275390625,-15.438782691955566,0
72.57,1359.3265380859375,-15.454072952270508,0
72.58,1359.1607666015625,-15.465764999389648,0
72.59,1358.9981689453125,-15.473931312561035,0
72.6,1358.8408203125,-15.476615905761719,0
72.61,1358.6728515625,-15.490220069885254,0
72.62,1358.50830078125,-15.500251770019531,0
72.63,1358.344970703125,-15.508862495422363,0
72.64,1358.161376953125,-15.538429260253906,0
72.65,1357.981201171875,-15.564085960388184,0
72.66,1357.798583984375,-15.592028617858887,0
72.67,1357.6195068359375,-15.616085052490234,0
72.68,1357.44384765625,-15.636330604553223,0
72.69,1357.271484375,-15.652837753295898,0
72.7,1357.0986328125,-15.669780731201172,0
72.71,1356.9290771484375,-15.683045387268066,0
72.72,1356.766845703125,-15.688602447509766,0
72.73,1356.5999755859375,-15.698911666870117,0
72.74,1356.4246826171875,-15.717914581298828,0
72.75,1356.248779296875,-15.737228393554688,0
72.76,1356.0684814453125,-15.761001586914062,0
72.77,1355.8896484375,-15.782958984375,0
72.78,1355.7103271484375,-15.805209159851074,0
72.79,1355.5404052734375,-15.817523956298828,0
72.8,1355.367919921875,-15.832345008850098,0
72.81,1355.1949462890625,-15.847538948059082,0
72.82,1355.0234375,-15.861078262329102,0
72.83,1354.8553466796875,-15.870969772338867,0
72.84,1354.6787109375,-15.889528274536133,0
72.85,1354.49560546875,-15.914544105529785,0
72.86,1354.2747802734375,-15.978453636169434,0
72.87,1354.057861328125,-16.03765869140625,0
72.88,1353.8447265625,-16.092239379882812,0
72.89,1353.631591796875,-16.146379470825195,0
72.9,1353.4222412109375,-16.19597816467285,0
72.91,1353.2166748046875,-16.24111557006836,0
72.92,1353.009033203125,-16.287996292114258,0
72.93,1352.79345703125,-16.342639923095703,0
72.94,1352.5816650390625,-16.392688751220703,0
72.95,1352.35009765625,-16.462709426879883,0
72.96,1352.12255859375,-16.527793884277344,0
72.97,1351.8951416015625,-16.59212875366211,0
72.98,1351.671875,-16.6516170501709,0
72.99,1351.4505615234375,-16.7083683013916,0
73,1351.219482421875,-16.774669647216797,0
73.01,1350.9925537109375,-16.83604621887207,0
73.02,1350.7696533203125,-16.892587661743164,0
73.03,1350.5369873046875,-16.958641052246094,0
73.04,1350.3045654296875,-17.023778915405273,0
73.05,1350.076171875,-17.08396339416504,0
73.06,1349.8519287109375,-17.139280319213867,0
73.07,1349.6219482421875,-17.200042724609375,0
73.08,1349.39404296875,-17.257925033569336,0
73.09,1349.160400390625,-17.3211727142334,0
73.1,1348.930908203125,-17.37944221496582,0
73.11,1348.70556640625,-17.43282127380371,0
73.12,1348.484375,-17.481401443481445,0
73.13,1348.2672119140625,-17.525270462036133,0
73.14,1348.0521240234375,-17.5665340423584,0
73.15,1347.833251953125,-17.611360549926758,0
73.16,1347.6124267578125,-17.657644271850586,0
73.17,1347.3897705078125,-17.705347061157227,0
73.18,1347.17724609375,-17.7421875,0
73.19,1346.9627685546875,-17.78062629699707,0
73.2,1346.752197265625,-17.814496994018555,0
73.21,1346.531982421875,-17.858152389526367,0
73.22,1346.3157958984375,-17.897117614746094,0
73.23,1346.1036376953125,-17.931480407714844,0
73.24,1345.8955078125,-17.961328506469727,0
73.25,1345.6875,-17.990787506103516,0
73.26,1345.4814453125,-18.017841339111328,0
73.27,1345.2794189453125,-18.040510177612305,0
73.28,1345.0772705078125,-18.06298065185547,0
73.29,1344.8790283203125,-18.08115005493164,0
73.3,1344.684814453125,-18.095104217529297,0
73.31,1344.494384765625,-18.10492706298828,0
73.32,1344.311767578125,-18.106603622436523,0
73.33,1344.1328125,-18.104398727416992,0
73.34,1343.95556640625,-18.1004695892334,0
73.35,1343.780029296875,-18.09479331970215,0
73.36,1343.608154296875,-18.085390090942383,0
73.37,1343.4339599609375,-18.078453063964844,0
73.38,1343.22607421875,-18.106508255004883,0
73.39,1343.022216796875,-18.13014030456543,0
73.4,1342.822265625,-18.14943504333496,0
73.41,1342.626220703125,-18.164474487304688,0
73.42,1342.43408203125,-18.17534637451172,0
73.43,1342.2418212890625,-18.186176300048828,0
73.44,1342.053466796875,-18.19291877746582,0
73.45,1341.863037109375,-18.2017765045166,0
73.46,1341.66064453125,-18.22286605834961,0
73.47,1341.462158203125,-18.239648818969727,0
73.48,1341.2677001953125,-18.252212524414062,0
73.49,1341.0770263671875,-18.26064109802246,0
73.5,1340.89013671875,-18.2650146484375,0
73.51,1340.7071533203125,-18.265417098999023,0
73.52,1340.53173828125,-18.257892608642578,0
73.53,1340.3560791015625,-18.25067901611328,0
73.54,1340.1842041015625,-18.239734649658203,0
73.55,1340.011962890625,-18.2292423248291,0
73.56,1339.82568359375,-18.2333984375,0
73.57,1339.6412353515625,-18.235610961914062,0
73.58,1339.4427490234375,-18.25226402282715,0
73.59,1339.248291015625,-18.26469612121582,0
73.6,1339.0576171875,-18.272994995117188,0
73.61,1338.8629150390625,-18.285383224487305,0
73.62,1338.672119140625,-18.29363250732422,0
73.63,1338.485107421875,-18.29782485961914,0
73.64,1338.2940673828125,-18.306182861328125,0
73.65,1338.1048583984375,-18.312501907348633,0
73.66,1337.9195556640625,-18.314800262451172,0
73.67,1337.734130859375,-18.317201614379883,0
73.68,1337.5484619140625,-18.319759368896484,0
73.69,1337.3646240234375,-18.320392608642578,0
73.7,1337.1865234375,-18.31509780883789,0
73.71,1337.01220703125,-18.306020736694336,0
73.72,1336.8414306640625,-18.29323959350586,0
73.73,1336.67822265625,-18.272733688354492,0
73.74,1336.5186767578125,-18.24876594543457,0
73.75,1336.358642578125,-18.22551155090332,0
73.76,1336.2021484375,-18.198862075805664,0
73.77,1336.041259765625,-18.177034378051758,0
73.78,1335.8839111328125,-18.151792526245117,0
73.79,1335.698486328125,-18.155778884887695,0
73.8,1335.5169677734375,-18.155824661254883,0
73.81,1335.329345703125,-18.162174224853516,0
73.82,1335.1453857421875,-18.164535522460938,0
73.83,1334.9593505859375,-18.169105529785156,0
73.84,1334.773193359375,-18.17376708984375,0
73.85,1334.5887451171875,-18.176490783691406,0
73.86,1334.4080810546875,-18.175294876098633,0
73.87,1334.231201171875,-18.170259475708008,0
73.88,1334.053955078125,-18.16556739807129,0
73.89,1333.8804931640625,-18.15711212158203,0
73.9,1333.710693359375,-18.14497184753418,0
73.91,1333.54443359375,-18.129226684570312,0
73.92,1333.3857421875,-18.105850219726562,0
73.93,1333.2265625,-18.083208084106445,0
73.94,1333.0709228515625,-18.057188034057617,0
73.95,1332.918701171875,-18.02786636352539,0
73.96,1332.769775390625,-17.995315551757812,0
73.97,1332.624267578125,-17.95960807800293,0
73.98,1332.482177734375,-17.92081642150879,0
73.99,1332.3492431640625,-17.872892379760742,0
74,1332.219482421875,-17.822153091430664,0
74.01,1332.0869140625,-17.774789810180664,0
74.02,1331.95166015625,-17.730737686157227,0
74.03,1331.819580078125,-17.683820724487305,0
74.04,1331.690673828125,-17.63410758972168,0
74.05,1331.5335693359375,-17.61417579650879,0
74.06,1331.3798828125,-17.590911865234375,0
74.07,1331.2216796875,-17.572526931762695,0
74.08,1331.06689453125,-17.550783157348633,0
74.09,1330.91552734375,-17.525754928588867,0
74.1,1330.779296875,-17.485332489013672,0
74.11,1330.630615234375,-17.45830726623535,0
74.12,1330.5008544921875,-17.411846160888672,0
74.13,1330.374267578125,-17.362638473510742,0
74.14,1330.250732421875,-17.31075096130371,0
74.15,1330.1302490234375,-17.256250381469727,0
74.16,1330.0126953125,-17.199199676513672,0
74.17,1329.898193359375,-17.139663696289062,0
74.18,1329.7669677734375,-17.09803009033203,0
74.19,1329.626953125,-17.06585693359375,0
74.2,1329.5020751953125,-17.018476486206055,0
74.21,1329.3802490234375,-16.96845245361328,0
74.22,1329.2672119140625,-16.909786224365234,0
74.23,1329.1571044921875,-16.848730087280273,0
74.24,1329.0145263671875,-16.82195472717285,0
74.25,1328.8751220703125,-16.79215431213379,0
74.26,1328.73095703125,-16.767541885375977,0
74.27,1328.5977783203125,-16.731727600097656,0
74.28,1328.4696044921875,-16.691070556640625,0
74.29,1328.3446044921875,-16.6476993560791,0
74.3,1328.2225341796875,-16.601680755615234,0
74.31,1328.1014404296875,-16.555099487304688,0
74.32,1327.9853515625,-16.503934860229492,0
74.33,1327.8720703125,-16.450313568115234,0
74.34,1327.7615966796875,-16.394296646118164,0
74.35,1327.665771484375,-16.323707580566406,0
74.36,1327.560791015625,-16.263334274291992,0
74.37,1327.4547119140625,-16.204788208007812,0
74.38,1327.343505859375,-16.152141571044922,0
74.39,1327.235107421875,-16.097143173217773,0
74.4,1327.13720703125,-16.031709671020508,0
74.41,1327.0421142578125,-15.964212417602539,0
74.42,1326.9573974609375,-15.886566162109375,0
74.43,1326.875244140625,-15.807137489318848,0
74.44,1326.7955322265625,-15.72597885131836,0
74.45,1326.71826171875,-15.643144607543945,0
74.46,1326.6434326171875,-15.558687210083008,0
74.47,1326.57080078125,-15.472655296325684,0
74.48,1326.48291015625,-15.403399467468262,0
74.49,1326.3935546875,-15.336336135864258,0
74.5,1326.3009033203125,-15.273510932922363,0
74.51,1326.210693359375,-15.20872974395752,0
74.52,1326.1131591796875,-15.152207374572754,0
74.53,1326.0181884765625,-15.09362506866455,0
74.54,1325.919921875,-15.039156913757324,0
74.55,1325.8240966796875,-14.982610702514648,0
74.56,1325.7288818359375,-14.92606258392334,0
74.57,1325.6361083984375,-14.867501258850098,0
74.58,1325.5360107421875,-14.817144393920898,0
74.59,1325.4267578125,-14.776856422424316,0
74.6,1325.320068359375,-14.734254837036133,0
74.61,1325.2139892578125,-14.691472053527832,0
74.62,1325.1007080078125,-14.656604766845703,0
74.63,1324.9901123046875,-14.619338035583496,0
74.64,1324.872314453125,-14.58989429473877,0
74.65,1324.7493896484375,-14.566094398498535,0
74.66,1324.6253662109375,-14.543731689453125,0
74.67,1324.4981689453125,-14.524857521057129,0
74.68,1324.369873046875,-14.50732421875,0
74.69,1324.244384765625,-14.487070083618164,0
74.7,1324.12548828125,-14.460111618041992,0
74.71,1324.00537109375,-14.434672355651855,0
74.72,1323.8880615234375,-14.406688690185547,0
74.73,1323.7557373046875,-14.394518852233887,0
74.74,1323.626220703125,-14.37954044342041,0
74.75,1323.4798583984375,-14.382139205932617,0
74.76,1323.356201171875,-14.36130142211914,0
74.77,1323.2352294921875,-14.337841987609863,0
74.78,1323.0972900390625,-14.332140922546387,0
74.79,1322.9544677734375,-14.331650733947754,0
74.8,1322.8106689453125,-14.332169532775879,0
74.81,1322.6697998046875,-14.329632759094238,0
74.82,1322.5279541015625,-14.328144073486328,0
74.83,1322.385009765625,-14.327739715576172,0
74.84,1322.2449951171875,-14.324297904968262,0
74.85,1322.08837890625,-14.338210105895996,0
74.86,1321.9346923828125,-14.34878921508789,0
74.87,1321.7841796875,-14.35610294342041,0
74.88,1321.6365966796875,-14.36021614074707,0
74.89,1321.4920654296875,-14.361193656921387,0
74.9,1321.3426513671875,-14.367238998413086,0
74.91,1321.2041015625,-14.361968994140625,0
74.92,1321.060546875,-14.361893653869629,0
74.93,1320.8944091796875,-14.385153770446777,0
74.94,1320.7452392578125,-14.390678405761719,0
74.95,1320.5853271484375,-14.407233238220215,0
74.96,1320.4305419921875,-14.418367385864258,0
74.97,1320.27685546875,-14.428231239318848,0
74.98,1320.124267578125,-14.436849594116211,0
74.99,1319.9747314453125,-14.44222354888916,0
75,1319.81640625,-14.456602096557617,0
75.01,1319.6612548828125,-14.46761417388916,0
75.02,1319.5091552734375,-14.475327491760254,0
75.03,1319.360107421875,-14.479806900024414,0
75.04,1319.2061767578125,-14.4892578125,0
75.05,1319.0552978515625,-14.49543571472168,0
75.06,1318.901611328125,-14.504528999328613,0
75.07,1318.7412109375,-14.520515441894531,0
75.08,1318.5799560546875,-14.537130355834961,0
75.09,1318.4119873046875,-14.560478210449219,0
75.1,1318.247314453125,-14.580251693725586,0
75.11,1318.0858154296875,-14.596524238586426,0
75.12,1317.925537109375,-14.611380577087402,0
75.13,1317.768310546875,-14.622828483581543,0
75.14,1317.6044921875,-14.641095161437988,0
75.15,1317.44189453125,-14.657901763916016,0
75.16,1317.2823486328125,-14.671248435974121,0
75.17,1317.1279296875,-14.679179191589355,0
75.18,1316.974609375,-14.685850143432617,0
75.19,1316.812744140625,-14.701445579528809,0
75.2,1316.652099609375,-14.715619087219238,0
75.21,1316.474853515625,-14.746695518493652,0
75.22,1316.299072265625,-14.776023864746094,0
75.23,1316.122802734375,-14.805652618408203,0
75.24,1315.93017578125,-14.85185432434082,0
75.25,1315.737060546875,-14.897991180419922,0
75.26,1315.5455322265625,-14.942096710205078,0
75.27,1315.3516845703125,-14.988186836242676,0
75.28,1315.1671142578125,-15.024084091186523,0
75.29,1314.9801025390625,-15.062115669250488,0
75.3,1314.796630859375,-15.096166610717773,0
75.31,1314.6146240234375,-15.128331184387207,0
75.32,1314.42236328125,-15.170825958251953,0
75.33,1314.2178955078125,-15.22545051574707,0
75.34,1314.01708984375,-15.275720596313477,0
75.35,1313.8160400390625,-15.325812339782715,0
75.36,1313.62255859375,-15.367524147033691,0
75.37,1313.4326171875,-15.40511417388916,0
75.38,1313.2462158203125,-15.438661575317383,0
75.39,1313.072998046875,-15.458133697509766,0
75.4,1312.9031982421875,-15.473922729492188,0
75.41,1312.7464599609375,-15.475940704345703,0
75.42,1312.5928955078125,-15.474628448486328,0
75.43,1312.4327392578125,-15.480212211608887,0
75.44,1312.27587890625,-15.482393264770508,0
75.45,1312.1182861328125,-15.485284805297852,0
75.46,1311.9539794921875,-15.494987487792969,0
75.47,1311.7813720703125,-15.513381004333496,0
75.48,1311.612060546875,-15.528101921081543,0
75.49,1311.446044921875,-15.539222717285156,0
75.5,1311.2833251953125,-15.54681396484375,0
75.51,1311.1317138671875,-15.542806625366211,0
75.52,1310.9832763671875,-15.535581588745117,0
75.53,1310.837890625,-15.525202751159668,0
75.54,1310.685791015625,-15.521896362304688,0
75.55,1310.5191650390625,-15.53360366821289,0
75.56,1310.3558349609375,-15.541768074035645,0
75.57,1310.1842041015625,-15.558643341064453,0
75.58,1310.0157470703125,-15.571866989135742,0
75.59,1309.8507080078125,-15.581509590148926,0
75.6,1309.68310546875,-15.59376335144043,0
75.61,1309.518798828125,-15.60245418548584,0
75.62,1309.3577880859375,-15.607651710510254,0
75.63,1309.192138671875,-15.617511749267578,0
75.64,1309.02587890625,-15.627950668334961,0
75.65,1308.8433837890625,-15.655119895935059,0
75.66,1308.6644287109375,-15.678406715393066,0
75.67,1308.4771728515625,-15.71006965637207,0
75.68,1308.2894287109375,-15.741785049438477,0
75.69,1308.0816650390625,-15.793871879577637,0
75.7,1307.873779296875,-15.845572471618652,0
75.71,1307.654052734375,-15.909070014953613,0
75.72,1307.438232421875,-15.967885971069336,0
75.73,1307.2261962890625,-16.022104263305664,0
75.74,1307.0159912109375,-16.07382583618164,0
75.75,1306.7998046875,-16.13123321533203,0
75.76,1306.579833984375,-16.192119598388672,0
75.77,1306.36376953125,-16.248319625854492,0
75.78,1306.1514892578125,-16.299915313720703,0
75.79,1305.950927734375,-16.338909149169922,0
75.8,1305.7540283203125,-16.373634338378906,0
75.81,1305.5531005859375,-16.412250518798828,0
75.82,1305.3558349609375,-16.446590423583984,0
75.83,1305.160400390625,-16.4787540435791,0
75.84,1304.9686279296875,-16.506757736206055,0
75.85,1304.7706298828125,-16.54084014892578,0
75.86,1304.574462890625,-16.572731018066406,0
75.87,1304.3740234375,-16.60858726501465,0
75.88,1304.1754150390625,-16.642194747924805,0
75.89,1303.972900390625,-16.679664611816406,0
75.9,1303.772216796875,-16.71484375,0
75.91,1303.5556640625,-16.766071319580078,0
75.92,1303.343017578125,-16.812686920166016,0
75.93,1303.13427734375,-16.854774475097656,0
75.94,1302.9273681640625,-16.894439697265625,0
75.95,1302.724365234375,-16.929702758789062,0
75.96,1302.525146484375,-16.960643768310547,0
75.97,1302.329833984375,-16.987348556518555,0
75.98,1302.13818359375,-17.00989532470703,0
75.99,1301.9503173828125,-17.02836799621582,0
76,1301.77587890625,-17.032682418823242,0
76.01,1301.60498046875,-17.033292770385742,0
76.02,1301.4376220703125,-17.030271530151367,0
76.03,1301.273681640625,-17.02369499206543,0
76.04,1301.1131591796875,-17.013635635375977,0
76.05,1300.9559326171875,-17.000167846679688,0
76.06,1300.8021240234375,-16.983362197875977,0
76.07,1300.6517333984375,-16.963294982910156,0
76.08,1300.5006103515625,-16.944135665893555,0
76.09,1300.352783203125,-16.921770095825195,0
76.1,1300.208251953125,-16.896268844604492,0
76.11,1300.06689453125,-16.86770248413086,0
76.12,1299.9287109375,-16.836139678955078,0
76.13,1299.793701171875,-16.80164909362793,0
76.14,1299.6304931640625,-16.79668617248535,0
76.15,1299.4666748046875,-16.7923526763916,0
76.16,1299.2945556640625,-16.79666519165039,0
76.17,1299.1259765625,-16.797321319580078,0
76.18,1298.9530029296875,-16.802534103393555,0
76.19,1298.7835693359375,-16.8040714263916,0
76.2,1298.613525390625,-16.806049346923828,0
76.21,1298.447021484375,-16.804414749145508,0
76.22,1298.280029296875,-16.803287506103516,0
76.23,1298.104736328125,-16.810792922973633,0
76.24,1297.9232177734375,-16.824674606323242,0
76.25,1297.7374267578125,-16.84284019470215,0
76.26,1297.5552978515625,-16.857053756713867,0
76.27,1297.376708984375,-16.867395401000977,0
76.28,1297.20166015625,-16.87394142150879,0
76.29,1297.0106201171875,-16.897031784057617,0
76.3,1296.8233642578125,-16.916059494018555,0
76.31,1296.6396484375,-16.931102752685547,0
76.32,1296.4498291015625,-16.95234489440918,0
76.33,1296.2578125,-16.97566795349121,0
76.34,1296.0596923828125,-17.005008697509766,0
76.35,1295.8653564453125,-17.030134201049805,0
76.36,1295.6708984375,-17.0551700592041,0
76.37,1295.4742431640625,-17.08218765258789,0
76.38,1295.2794189453125,-17.10704231262207,0
76.39,1295.08056640625,-17.13583755493164,0
76.4,1294.885498046875,-17.160400390625,0
76.41,1294.6942138671875,-17.180814743041992,0
76.42,1294.496826171875,-17.20732307434082,0
76.43,1294.29931640625,-17.233671188354492,0
76.44,1294.0958251953125,-17.265920639038086,0
76.45,1293.896240234375,-17.293842315673828,0
76.46,1293.700439453125,-17.317516326904297,0
76.47,1293.50244140625,-17.3431453704834,0
76.48,1293.306396484375,-17.366525650024414,0
76.49,1293.1141357421875,-17.3857364654541,0
76.5,1292.9178466796875,-17.409000396728516,0
76.51,1292.713623046875,-17.440216064453125,0
76.52,1292.5074462890625,-17.473148345947266,0
76.53,1292.30517578125,-17.50169563293457,0
76.54,1292.104736328125,-17.528011322021484,0
76.55,1291.90625,-17.55208396911621,0
76.56,1291.7154541015625,-17.567840576171875,0
76.57,1291.5284423828125,-17.57954216003418,0
76.58,1291.34521484375,-17.58726692199707,0
76.59,1291.16162109375,-17.595191955566406,0
76.6,1290.9798583984375,-17.601240158081055,0
76.61,1290.8037109375,-17.60140037536621,0
76.62,1290.631103515625,-17.59781837463379,0
76.63,1290.4678955078125,-17.58450698852539,0
76.64,1290.3082275390625,-17.567731857299805,0
76.65,1290.1265869140625,-17.573898315429688,0
76.66,1289.9486083984375,-17.576204299926758,0
76.67,1289.7742919921875,-17.57472801208496,0
76.68,1289.603515625,-17.569549560546875,0
76.69,1289.4403076171875,-17.5566463470459,0
76.7,1289.276611328125,-17.54437828063965,0
76.71,1289.106689453125,-17.53873634338379,0
76.72,1288.938232421875,-17.531505584716797,0
76.73,1288.763671875,-17.530803680419922,0
76.74,1288.5926513671875,-17.526391983032227,0
76.75,1288.415283203125,-17.528507232666016,0
76.76,1288.2357177734375,-17.53291893005371,0
76.77,1288.059814453125,-17.53351593017578,0
76.78,1287.8856201171875,-17.53239631652832,0
76.79,1287.7169189453125,-17.525554656982422,0
76.8,1287.5516357421875,-17.5151309967041,0
76.81,1287.389892578125,-17.501197814941406,0
76.82,1287.2296142578125,-17.485851287841797,0
76.83,1287.0650634765625,-17.475187301635742,0
76.84,1286.9039306640625,-17.461029052734375,0
76.85,1286.726806640625,-17.463716506958008,0
76.86,1286.57275390625,-17.44237518310547,0
76.87,1286.426025390625,-17.413726806640625,0
76.88,1286.278564453125,-17.386005401611328,0
76.89,1286.134521484375,-17.355159759521484,0
76.9,1285.99365234375,-17.321258544921875,0
76.91,1285.85009765625,-17.29049301147461,0
76.92,1285.7197265625,-17.24652671813965,0
76.93,1285.59619140625,-17.195755004882812,0
76.94,1285.4815673828125,-17.136306762695312,0
76.95,1285.371826171875,-17.072416305541992,0
76.96,1285.2630615234375,-17.008228302001953,0
76.97,1285.1572265625,-16.94174575805664,0
76.98,1285.0482177734375,-16.879091262817383,0
76.99,1284.912841796875,-16.844501495361328,0
77,1284.780517578125,-16.807043075561523,0
77.01,1284.6512451171875,-16.766782760620117,0
77.02,1284.5172119140625,-16.73186683654785,0
77.03,1284.37646484375,-16.70427131652832,0
77.04,1284.237060546875,-16.67571258544922,0
77.05,1284.0987548828125,-16.64621925354004,0
77.06,1283.9576416015625,-16.619855880737305,0
77.07,1283.81982421875,-16.59050178527832,0
77.08,1283.67529296875,-16.568328857421875,0
77.09,1283.5340576171875,-16.5430908203125,0
77.1,1283.3900146484375,-16.520977020263672,0
77.11,1283.2491455078125,-16.495807647705078,0
77.12,1283.1036376953125,-16.475732803344727,0
77.13,1282.933837890625,-16.480859756469727,0
77.14,1282.763671875,-16.486478805541992,0
77.15,1282.5948486328125,-16.490497589111328,0
77.16,1282.4256591796875,-16.49497413635254,0
77.17,1282.2520751953125,-16.503938674926758,0
77.18,1282.0760498046875,-16.515275955200195,0
77.19,1281.903564453125,-16.522871017456055,0
77.2,1281.7344970703125,-16.52680015563965,0
77.21,1281.56884765625,-16.527137756347656,0
77.22,1281.4066162109375,-16.523956298828125,0
77.23,1281.2476806640625,-16.5173282623291,0
77.24,1281.0706787109375,-16.52960968017578,0
77.25,1280.875732421875,-16.56035614013672,0
77.26,1280.6805419921875,-16.590993881225586,0
77.27,1280.4813232421875,-16.625564575195312,0
77.28,1280.2857666015625,-16.655895233154297,0
77.29,1280.093994140625,-16.68206787109375,0
77.3,1279.91357421875,-16.696073532104492,0
77.31,1279.73681640625,-16.70624351501465,0
77.32,1279.5556640625,-16.720741271972656,0
77.33,1279.3663330078125,-16.743568420410156,0
77.34,1279.1806640625,-16.762367248535156,0
77.35,1278.996826171875,-16.779239654541016,0
77.36,1278.8145751953125,-16.794221878051758,0
77.37,1278.6280517578125,-16.81341552734375,0
77.38,1278.443359375,-16.83066177368164,0
77.39,1278.25244140625,-16.854084014892578,0
77.4,1278.065185546875,-16.873445510864258,0
77.41,1277.879638671875,-16.89084815979004,0
77.42,1277.69775390625,-16.9043025970459,0
77.43,1277.5194091796875,-16.913890838623047,0
77.44,1277.3446044921875,-16.919689178466797,0
77.45,1277.1734619140625,-16.92177391052246,0
77.46,1277.0057373046875,-16.920223236083984,0
77.47,1276.8414306640625,-16.915109634399414,0
77.48,1276.6805419921875,-16.906505584716797,0
77.49,1276.5113525390625,-16.90660858154297,0
77.5,1276.3221435546875,-16.92742347717285,0
77.51,1276.1600341796875,-16.91990852355957,0
77.52,1276.00146484375,-16.908952713012695,0
77.53,1275.84619140625,-16.89463233947754,0
77.54,1275.6629638671875,-16.90940284729004,0
77.55,1275.4833984375,-16.920278549194336,0
77.56,1275.307373046875,-16.927335739135742,0
77.57,1275.1348876953125,-16.930652618408203,0
77.58,1274.9659423828125,-16.93030548095703,0
77.59,1274.8004150390625,-16.926368713378906,0
77.6,1274.6383056640625,-16.918916702270508,0
77.61,1274.4796142578125,-16.908023834228516,0
77.62,1274.3126220703125,-16.9058837890625,0
77.63,1274.1451416015625,-16.904239654541016,0
77.64,1273.9654541015625,-16.915203094482422,0
77.65,1273.7894287109375,-16.922346115112305,0
77.66,1273.614990234375,-16.927770614624023,0
77.67,1273.4439697265625,-16.929487228393555,0
77.68,1273.2706298828125,-16.93363380432129,0
77.69,1273.100830078125,-16.934097290039062,0
77.7,1272.9326171875,-16.9329776763916,0
77.71,1272.765869140625,-16.9303035736084,0
77.72,1272.6025390625,-16.924087524414062,0
77.73,1272.4251708984375,-16.93259048461914,0
77.74,1272.2454833984375,-16.943384170532227,0
77.75,1272.0615234375,-16.958438873291016,0
77.76,1271.8753662109375,-16.975645065307617,0
77.77,1271.6927490234375,-16.9888916015625,0
77.78,1271.51171875,-17.000337600708008,0
77.79,1271.3343505859375,-17.0079345703125,0
77.8,1271.16064453125,-17.011764526367188,0
77.81,1270.9923095703125,-17.009822845458984,0
77.82,1270.82763671875,-17.00430679321289,0
77.83,1270.672119140625,-16.98923110961914,0
77.84,1270.5101318359375,-16.980958938598633,0
77.85,1270.3516845703125,-16.969249725341797,0
77.86,1270.196533203125,-16.954177856445312,0
77.87,1270.044677734375,-16.93581199645996,0
77.88,1269.896240234375,-16.914226531982422,0
77.89,1269.7410888671875,-16.899648666381836,0
77.9,1269.58935546875,-16.88178062438965,0
77.91,1269.44091796875,-16.860692977905273,0
77.92,1269.2840576171875,-16.848581314086914,0
77.93,1269.1285400390625,-16.835161209106445,0
77.94,1268.976318359375,-16.818439483642578,0
77.95,1268.827392578125,-16.798486709594727,0
77.96,1268.6759033203125,-16.781435012817383,0
77.97,1268.521728515625,-16.767230987548828,0
77.98,1268.370849609375,-16.749753952026367,0
77.99,1268.211669921875,-16.741199493408203,0
78,1268.042236328125,-16.743412017822266,0
78.01,1267.8624267578125,-16.756166458129883,0
78.02,1267.6822509765625,-16.76913833618164,0
78.03,1267.5057373046875,-16.77828025817871,0
78.04,1267.321044921875,-16.795795440673828,0
78.05,1267.1400146484375,-16.80938148498535,0
78.06,1266.9625244140625,-16.819120407104492,0
78.07,1266.80029296875,-16.812965393066406,0
78.08,1266.6297607421875,-16.815488815307617,0
78.09,1266.460693359375,-16.8164119720459,0
78.1,1266.2969970703125,-16.811717987060547,0
78.11,1266.15234375,-16.787389755249023,0
78.12,1266.012939453125,-16.757970809936523,0
78.13,1265.8765869140625,-16.725595474243164,0
78.14,1265.737548828125,-16.696393966674805,0
78.15,1265.6015625,-16.66424560546875,0
78.16,1265.458984375,-16.639320373535156,0
78.17,1265.319580078125,-16.611371994018555,0
78.18,1265.1832275390625,-16.580467224121094,0
78.19,1265.050048828125,-16.546674728393555,0
78.2,1264.9140625,-16.516117095947266,0
78.21,1264.7734375,-16.490760803222656,0
78.22,1264.6221923828125,-16.47657012939453,0
78.23,1264.4683837890625,-16.465229034423828,0
78.24,1264.31005859375,-16.45870590209961,0
78.25,1264.162841796875,-16.44074058532715,0
78.26,1264.018798828125,-16.41965103149414,0
78.27,1263.8701171875,-16.403589248657227,0
78.28,1263.724609375,-16.384370803833008,0
78.29,1263.5687255859375,-16.376155853271484,0
78.3,1263.412109375,-16.368667602539062,0
78.31,1263.2589111328125,-16.35785484313965,0
78.32,1263.10888671875,-16.343791961669922,0
78.33,1262.9620361328125,-16.3265438079834,0
78.34,1262.8028564453125,-16.322349548339844,0
78.35,1262.64697265625,-16.314773559570312,0
78.36,1262.4903564453125,-16.30792808532715,0
78.37,1262.3370361328125,-16.297760009765625,0
78.38,1262.18310546875,-16.288373947143555,0
78.39,1262.032470703125,-16.275720596313477,0
78.4,1261.885009765625,-16.259870529174805,0
78.41,1261.72705078125,-16.255037307739258,0
78.42,1261.5567626953125,-16.263010025024414,0
78.43,1261.3900146484375,-16.267366409301758,0
78.44,1261.224609375,-16.270200729370117,0
78.45,1261.056640625,-16.275583267211914,0
78.46,1260.8902587890625,-16.2794189453125,0
78.47,1260.7271728515625,-16.27971649169922,0
78.48,1260.5673828125,-16.27655029296875,0
78.49,1260.4110107421875,-16.26999282836914,0
78.5,1260.240234375,-16.278297424316406,0
78.51,1260.051513671875,-16.305139541625977,0
78.52,1259.862548828125,-16.332008361816406,0
78.53,1259.6771240234375,-16.3548583984375,0
78.54,1259.489501953125,-16.37982749938965,0
78.55,1259.305419921875,-16.400806427001953,0
78.56,1259.1287841796875,-16.413829803466797,0
78.57,1258.9556884765625,-16.423099517822266,0
78.58,1258.7822265625,-16.43273162841797,0
78.59,1258.6160888671875,-16.43463706970215,0
78.6,1258.449462890625,-16.437053680419922,0
78.61,1258.2861328125,-16.435928344726562,0
78.62,1258.126220703125,-16.431337356567383,0
78.63,1257.9539794921875,-16.439512252807617,0
78.64,1257.7716064453125,-16.458114624023438,0
78.65,1257.5928955078125,-16.472841262817383,0
78.66,1257.417724609375,-16.4837703704834,0
78.67,1257.2459716796875,-16.490976333618164,0
78.68,1257.07763671875,-16.494531631469727,0
78.69,1256.9127197265625,-16.494510650634766,0
78.7,1256.7628173828125,-16.478919982910156,0
78.71,1256.6025390625,-16.47423553466797,0
78.72,1256.4591064453125,-16.45206069946289,0
78.73,1256.31884765625,-16.426843643188477,0
78.74,1256.168212890625,-16.412738800048828,0
78.75,1256.018798828125,-16.397457122802734,0
78.76,1255.8707275390625,-16.38102912902832,0
78.77,1255.725830078125,-16.361459732055664,0
78.78,1255.5841064453125,-16.338817596435547,0
78.79,1255.420166015625,-16.339435577392578,0
78.8,1255.257568359375,-16.338586807250977,0
78.81,1255.092529296875,-16.340347290039062,0
78.82,1254.9307861328125,-16.338600158691406,0
78.83,1254.7685546875,-16.337461471557617,0
78.84,1254.609619140625,-16.33287811279297,0
78.85,1254.4539794921875,-16.324918746948242,0
78.86,1254.2880859375,-16.327741622924805,0
78.87,1254.1390380859375,-16.312952041625977,0
78.88,1253.9932861328125,-16.295001983642578,0
78.89,1253.8292236328125,-16.29612922668457,0
78.9,1253.6685791015625,-16.293771743774414,0
78.91,1253.51708984375,-16.281940460205078,0
78.92,1253.3687744140625,-16.266895294189453,0
78.93,1253.2236328125,-16.248703002929688,0
78.94,1253.0718994140625,-16.237531661987305,0
78.95,1252.9234619140625,-16.2231388092041,0
78.96,1252.7742919921875,-16.209638595581055,0
78.97,1252.6204833984375,-16.201053619384766,0
78.98,1252.469970703125,-16.189205169677734,0
78.99,1252.3206787109375,-16.176185607910156,0
79,1252.174560546875,-16.159996032714844,0
79.01,1252.0296630859375,-16.142669677734375,0
79.02,1251.889892578125,-16.12030792236328,0
79.03,1251.7530517578125,-16.094980239868164,0
79.04,1251.6192626953125,-16.06675148010254,0
79.05,1251.4906005859375,-16.033666610717773,0
79.06,1251.3648681640625,-15.997857093811035,0
79.07,1251.241943359375,-15.959382057189941,0
79.08,1251.1318359375,-15.90820598602295,0
79.09,1251.0244140625,-15.854701042175293,0
79.1,1250.919677734375,-15.798925399780273,0
79.11,1250.7982177734375,-15.761085510253906,0
79.12,1250.677734375,-15.72269344329834,0
79.13,1250.54638671875,-15.695893287658691,0
79.14,1250.416015625,-15.668328285217285,0
79.15,1250.28857421875,-15.637999534606934,0
79.16,1250.1640625,-15.604971885681152,0
79.17,1250.0328369140625,-15.579354286193848,0
79.18,1249.898681640625,-15.557016372680664,0
79.19,1249.7655029296875,-15.533853530883789,0
79.2,1249.60400390625,-15.540132522583008,0
79.21,1249.4361572265625,-15.553082466125488,0
79.22,1249.2696533203125,-15.56448745727539,0
79.23,1249.0986328125,-15.580377578735352,0
79.24,1248.9232177734375,-15.600713729858398,0
79.25,1248.749267578125,-15.619341850280762,0
79.26,1248.57275390625,-15.640331268310547,0
79.27,1248.3919677734375,-15.665648460388184,0
79.28,1248.214599609375,-15.68712043762207,0
79.29,1248.034912109375,-15.710824966430664,0
79.3,1247.858642578125,-15.730708122253418,0
79.31,1247.6817626953125,-15.750884056091309,0
79.32,1247.5006103515625,-15.775382041931152,0
79.33,1247.319091796875,-15.800068855285645,0
79.34,1247.12939453125,-15.832958221435547,0
79.35,1246.9432373046875,-15.861811637878418,0
79.36,1246.7547607421875,-15.892766952514648,0
79.37,1246.56787109375,-15.921730995178223,0
79.38,1246.384521484375,-15.946721076965332,0
79.39,1246.1949462890625,-15.977914810180664,0
79.4,1246.0089111328125,-16.005075454711914,0
79.41,1245.826416015625,-16.028278350830078,0
79.42,1245.6474609375,-16.0476016998291,0
79.43,1245.469970703125,-16.06513786315918,0
79.44,1245.2960205078125,-16.078901290893555,0
79.45,1245.1236572265625,-16.090930938720703,0
79.46,1244.95654296875,-16.097333908081055,0
79.47,1244.7908935546875,-16.102148056030273,0
79.48,1244.6304931640625,-16.101482391357422,0
79.49,1244.473388671875,-16.097410202026367,0
79.5,1244.327392578125,-16.081918716430664,0
79.51,1244.1845703125,-16.06333351135254,0
79.52,1244.0506591796875,-16.035655975341797,0
79.53,1243.923583984375,-16.001096725463867,0
79.54,1243.799560546875,-15.963847160339355,0
79.55,1243.6783447265625,-15.923971176147461,0
79.56,1243.5601806640625,-15.88153076171875,0
79.57,1243.4407958984375,-15.840630531311035,0
79.58,1243.3204345703125,-15.801241874694824,0
79.59,1243.2030029296875,-15.759307861328125,0
79.6,1243.0882568359375,-15.714887619018555,0
79.61,1242.9666748046875,-15.678143501281738,0
79.62,1242.847900390625,-15.638825416564941,0
79.63,1242.73193359375,-15.596992492675781,0
79.64,1242.61865234375,-15.552703857421875,0
79.65,1242.5081787109375,-15.506020545959473,0
79.66,1242.4005126953125,-15.457000732421875,0
79.67,1242.2955322265625,-15.405704498291016,0
79.68,1242.1737060546875,-15.372333526611328,0
79.69,1242.052734375,-15.33840560913086,0
79.7,1241.9248046875,-15.311956405639648,0
79.71,1241.7686767578125,-15.315067291259766,0
79.72,1241.59814453125,-15.33298397064209,0
79.73,1241.41943359375,-15.359341621398926,0
79.74,1241.2421875,-15.383918762207031,0
79.75,1241.0662841796875,-15.406745910644531,0
79.76,1240.891845703125,-15.427854537963867,0
79.77,1240.716796875,-15.449292182922363,0
79.78,1240.535400390625,-15.477052688598633,0
79.79,1240.3575439453125,-15.500955581665039,0
79.8,1240.17724609375,-15.52713680267334,0
79.81,1239.9984130859375,-15.551506042480469,0
79.82,1239.821044921875,-15.574089050292969,0
79.83,1239.6470947265625,-15.592900276184082,0
79.84,1239.47265625,-15.612055778503418,0
79.85,1239.2899169921875,-15.639567375183105,0
79.86,1239.1107177734375,-15.663192749023438,0
79.87,1238.9349365234375,-15.68300724029541,0
79.88,1238.7625732421875,-15.69908332824707,0
79.89,1238.5799560546875,-15.725581169128418,0
79.9,1238.39697265625,-15.752237319946289,0
79.91,1238.217529296875,-15.775001525878906,0
79.92,1238.04150390625,-15.793950080871582,0
79.93,1237.866943359375,-15.811174392700195,0
79.94,1237.69775390625,-15.82266902923584,0
79.95,1237.530029296875,-15.832588195800781,0
79.96,1237.3480224609375,-15.85706615447998,0
79.97,1237.1695556640625,-15.877674102783203,0
79.98,1236.9925537109375,-15.896505355834961,0
79.99,1236.821044921875,-15.909555435180664,0
80,1236.6510009765625,-15.920980453491211,0
80.01,1236.4842529296875,-15.928791999816895,0
80.02,1236.32080078125,-15.933058738708496,0
80.03,1236.1568603515625,-15.937896728515625,0
80.04,1235.994140625,-15.941269874572754,0
80.05,1235.8367919921875,-15.939167022705078,0
80.06,1235.6826171875,-15.933722496032715,0
80.07,1235.52978515625,-15.92702579498291,0
80.08,1235.380126953125,-15.917083740234375,0
80.09,1235.2122802734375,-15.926076889038086,0
80.1,1235.0418701171875,-15.93756103515625,0
80.11,1234.8748779296875,-15.94542407989502,0
80.12,1234.7113037109375,-15.949740409851074,0
80.13,1234.5430908203125,-15.958661079406738,0
80.14,1234.37841796875,-15.964009284973145,0
80.15,1234.2169189453125,-15.96585750579834,0
80.16,1234.054931640625,-15.968260765075684,0
80.17,1233.888427734375,-15.97530460357666,0
80.18,1233.7252197265625,-15.978809356689453,0
80.19,1233.5654296875,-15.978848457336426,0
80.2,1233.408935546875,-15.975493431091309,0
80.21,1233.255615234375,-15.968815803527832,0
80.22,1233.1055908203125,-15.958884239196777,0
80.23,1232.954833984375,-15.949753761291504,0
80.24,1232.8072509765625,-15.937421798706055,0
80.25,1232.6549072265625,-15.930038452148438,0
80.26,1232.50390625,-15.9214448928833,0
80.27,1232.340576171875,-15.925747871398926,0
80.28,1232.180419921875,-15.926580429077148,0
80.29,1232.0372314453125,-15.909929275512695,0
80.3,1231.897216796875,-15.890242576599121,0
80.31,1231.7601318359375,-15.867585182189941,0
80.32,1231.6260986328125,-15.842021942138672,0
80.33,1231.4951171875,-15.813616752624512,0
80.34,1231.3458251953125,-15.804546356201172,0
80.35,1231.1995849609375,-15.792304992675781,0
80.36,1231.056396484375,-15.776960372924805,0
80.37,1230.90087890625,-15.774683952331543,0
80.38,1230.74853515625,-15.769104957580566,0
80.39,1230.585693359375,-15.774377822875977,0
80.4,1230.40478515625,-15.798357009887695,0
80.41,1230.2274169921875,-15.818489074707031,0
80.42,1230.053466796875,-15.83484935760498,0
80.43,1229.8829345703125,-15.847513198852539,0
80.44,1229.6964111328125,-15.876641273498535,0
80.45,1229.5133056640625,-15.901800155639648,0
80.46,1229.333740234375,-15.923065185546875,0
80.47,1229.15771484375,-15.94051456451416,0
80.48,1228.985107421875,-15.95422077178955,0
80.49,1228.8177490234375,-15.962295532226562,0
80.5,1228.65185546875,-15.96877670288086,0
80.51,1228.4854736328125,-15.975775718688965,0
80.52,1228.3262939453125,-15.975197792053223,0
80.53,1228.14892578125,-15.993406295776367,0
80.54,1227.97509765625,-16.007844924926758,0
80.55,1227.810546875,-16.012529373168945,0
80.56,1227.6240234375,-16.03986358642578,0
80.57,1227.4527587890625,-16.05116844177246,0
80.58,1227.2847900390625,-16.058834075927734,0
80.59,1227.1202392578125,-16.062929153442383,0
80.6,1226.97265625,-16.04944610595703,0
80.61,1226.8145751953125,-16.04691505432129,0
80.62,1226.67333984375,-16.02694320678711,0
80.63,1226.5352783203125,-16.003976821899414,0
80.64,1226.3865966796875,-15.992168426513672,0
80.65,1226.260498046875,-15.957118034362793,0
80.66,1226.1373291015625,-15.919397354125977,0
80.67,1225.9957275390625,-15.90117359161377,0
80.68,1225.861083984375,-15.875908851623535,0
80.69,1225.7254638671875,-15.851826667785645,0
80.7,1225.5928955078125,-15.824869155883789,0
80.71,1225.46337890625,-15.795104026794434,0
80.72,1225.3328857421875,-15.766634941101074,0
80.73,1225.2015380859375,-15.739387512207031,0
80.74,1225.0634765625,-15.71945571899414,0
80.75,1224.9263916015625,-15.698616027832031,0
80.76,1224.7825927734375,-15.68491268157959,0
80.77,1224.6400146484375,-15.670180320739746,0
80.78,1224.48681640625,-15.66650676727295,0
80.79,1224.3369140625,-15.65958309173584,0
80.8,1224.1861572265625,-15.653460502624512,0
80.81,1224.0367431640625,-15.646158218383789,0
80.82,1223.892333984375,-15.633663177490234,0
80.83,1223.7490234375,-15.620123863220215,0
80.84,1223.59716796875,-15.615605354309082,0
80.85,1223.444580078125,-15.611906051635742,0
80.86,1223.295166015625,-15.604966163635254,0
80.87,1223.1644287109375,-15.578753471374512,0
80.88,1223.03662109375,-15.549769401550293,0
80.89,1222.8961181640625,-15.5341796875,0
80.9,1222.7547607421875,-15.519647598266602,0
80.91,1222.6107177734375,-15.508122444152832,0
80.92,1222.4755859375,-15.487537384033203,0
80.93,1222.34326171875,-15.464085578918457,0
80.94,1222.2139892578125,-15.437828063964844,0
80.95,1222.081787109375,-15.414834976196289,0
80.96,1221.93701171875,-15.405144691467285,0
80.97,1221.78173828125,-15.406466484069824,0
80.98,1221.625732421875,-15.408530235290527,0
80.99,1221.472900390625,-15.407280921936035,0
81,1221.3270263671875,-15.398747444152832,0
81.01,1221.180419921875,-15.391157150268555,0
81.02,1221.036865234375,-15.380454063415527,0
81.03,1220.8905029296875,-15.372711181640625,0
81.04,1220.745361328125,-15.363879203796387,0
81.05,1220.587646484375,-15.368016242980957,0
81.06,1220.4215087890625,-15.380866050720215,0
81.07,1220.2508544921875,-15.39826488494873,0
81.08,1220.079833984375,-15.416021347045898,0
81.09,1219.9022216796875,-15.440242767333984,0
81.1,1219.72802734375,-15.460687637329102,0
81.11,1219.5572509765625,-15.477428436279297,0
81.12,1219.385986328125,-15.494521141052246,0
81.13,1219.2181396484375,-15.507974624633789,0
81.14,1219.0535888671875,-15.517861366271973,0
81.15,1218.8883056640625,-15.528292655944824,0
81.16,1218.7049560546875,-15.557320594787598,0
81.17,1218.5194091796875,-15.58845329284668,0
81.18,1218.31787109375,-15.63577938079834,0
81.19,1218.1199951171875,-15.678815841674805,0
81.2,1217.921875,-15.721626281738281,0
81.21,1217.7274169921875,-15.76021957397461,0
81.22,1217.5364990234375,-15.79467487335205,0
81.23,1217.3433837890625,-15.83112907409668,0
81.24,1217.15380859375,-15.86347484588623,0
81.25,1216.9677734375,-15.891786575317383,0
81.26,1216.777587890625,-15.924165725708008,0
81.27,1216.5909423828125,-15.952498435974121,0
81.28,1216.4078369140625,-15.976862907409668,0
81.29,1216.226318359375,-15.99935531616211,0
81.3,1216.04638671875,-16.01995086669922,0
81.31,1215.8641357421875,-16.042783737182617,0
81.32,1215.6854248046875,-16.06174087524414,0
81.33,1215.5062255859375,-16.0809383392334,0
81.34,1215.33056640625,-16.096328735351562,0
81.35,1215.1583251953125,-16.107982635498047,0
81.36,1214.993408203125,-16.111936569213867,0
81.37,1214.831787109375,-16.11238670349121,0
81.38,1214.673583984375,-16.109405517578125,0
81.39,1214.5146484375,-16.107107162475586,0
81.4,1214.357177734375,-16.103397369384766,0
81.41,1214.208740234375,-16.09033966064453,0
81.42,1214.0634765625,-16.074132919311523,0
81.43,1213.92138671875,-16.05484390258789,0
81.44,1213.764892578125,-16.05061149597168,0
81.45,1213.5999755859375,-16.055118560791016,0
81.46,1213.4288330078125,-16.06616973876953,0
81.47,1213.260986328125,-16.073583602905273,0
81.48,1213.0848388671875,-16.089494705200195,0
81.49,1212.9122314453125,-16.101661682128906,0
81.5,1212.7430419921875,-16.11016082763672,0
81.51,1212.5675048828125,-16.125106811523438,0
81.52,1212.4051513671875,-16.12628173828125,0
81.53,1212.244140625,-16.126028060913086,0
81.54,1212.08642578125,-16.12235450744629,0
81.55,1211.9320068359375,-16.115331649780273,0
81.56,1211.7381591796875,-16.14919090270996,0
81.57,1211.5479736328125,-16.178924560546875,0
81.58,1211.3536376953125,-16.21269416809082,0
81.59,1211.1533203125,-16.252315521240234,0
81.6,1210.9547119140625,-16.28969955444336,0
81.61,1210.734619140625,-16.349002838134766,0
81.62,1210.5184326171875,-16.40361976623535,0
81.63,1210.3060302734375,-16.453632354736328,0
81.64,1210.0975341796875,-16.49912452697754,0
81.65,1209.8890380859375,-16.54416275024414,0
81.66,1209.6727294921875,-16.596830368041992,0
81.67,1209.4583740234375,-16.646909713745117,0
81.68,1209.2479248046875,-16.692426681518555,0
81.69,1209.0413818359375,-16.73346710205078,0
81.7,1208.8619384765625,-16.74598503112793,0
81.71,1208.6627197265625,-16.77881622314453,0
81.72,1208.46533203125,-16.809371948242188,0
81.73,1208.2620849609375,-16.845775604248047,0
81.74,1208.0626220703125,-16.87785530090332,0
81.75,1207.866943359375,-16.905691146850586,0
81.76,1207.675048828125,-16.929367065429688,0
81.77,1207.48486328125,-16.95098304748535,0
81.78,1207.2906494140625,-16.976579666137695,0
81.79,1207.10009765625,-16.998046875,0
81.8,1206.913330078125,-17.015466690063477,0
81.81,1206.7379150390625,-17.020889282226562,0
81.82,1206.558349609375,-17.03061294555664,0
81.83,1206.38232421875,-17.03652000427246,0
81.84,1206.2020263671875,-17.046709060668945,0
81.85,1206.0255126953125,-17.053070068359375,0
81.86,1205.8524169921875,-17.055681228637695,0
81.87,1205.6732177734375,-17.064661026000977,0
81.88,1205.49755859375,-17.06983184814453,0
81.89,1205.3255615234375,-17.071273803710938,0
81.9,1205.156982421875,-17.069063186645508,0
81.91,1204.991943359375,-17.06327247619629,0
81.92,1204.8360595703125,-17.0479736328125,0
81.93,1204.6834716796875,-17.029367446899414,0
81.94,1204.516845703125,-17.025592803955078,0
81.95,1204.330322265625,-17.04235076904297,0
81.96,1204.1475830078125,-17.055145263671875,0
81.97,1203.968505859375,-17.064056396484375,0
81.98,1203.816162109375,-17.045093536376953,0
81.99,1203.661376953125,-17.02890396118164,0
82,1203.5157470703125,-17.003427505493164,0
82.01,1203.367431640625,-16.980865478515625,0
82.02,1203.228271484375,-16.94915771484375,0
82.03,1203.0865478515625,-16.92050552368164,0
82.04,1202.9517822265625,-16.884864807128906,0
82.05,1202.820068359375,-16.846370697021484,0
82.06,1202.6876220703125,-16.809070587158203,0
82.07,1202.5523681640625,-16.775026321411133,0
82.08,1202.4202880859375,-16.73811912536621,0
82.09,1202.2894287109375,-16.700376510620117,0
82.1,1202.1363525390625,-16.685955047607422,0
82.11,1201.986572265625,-16.668285369873047,0
82.12,1201.836181640625,-16.651477813720703,0
82.13,1201.6793212890625,-16.641525268554688,0
82.14,1201.52392578125,-16.630205154418945,0
82.15,1201.3736572265625,-16.61362648010254,0
82.16,1201.236328125,-16.583816528320312,0
82.17,1201.09228515625,-16.561138153076172,0
82.18,1200.9515380859375,-16.53540802001953,0
82.19,1200.81201171875,-16.508655548095703,0
82.2,1200.6678466796875,-16.487030029296875,0
82.21,1200.51513671875,-16.47435188293457,0
82.22,1200.3521728515625,-16.47245979309082,0
82.23,1200.186767578125,-16.473169326782227,0
82.24,1200.01708984375,-16.478389739990234,0
82.25,1199.843017578125,-16.48802947998047,0
82.26,1199.6685791015625,-16.49795150756836,0
82.27,1199.48974609375,-16.512191772460938,0
82.28,1199.3125,-16.52465057373047,0
82.29,1199.1368408203125,-16.535364151000977,0
82.3,1198.9549560546875,-16.55238914489746,0
82.31,1198.7767333984375,-16.565547943115234,0
82.32,1198.6097412109375,-16.566898345947266,0
82.33,1198.4326171875,-16.57872772216797,0
82.34,1198.2513427734375,-16.594816207885742,0
82.35,1198.0736083984375,-16.607053756713867,0
82.36,1197.8994140625,-16.615514755249023,0
82.37,1197.7266845703125,-16.622295379638672,0
82.38,1197.559326171875,-16.623384475708008,0
82.39,1197.3935546875,-16.622941970825195,0
82.4,1197.2310791015625,-16.61897850036621,0
82.41,1197.0625,-16.621551513671875,0
82.42,1196.8875732421875,-16.630586624145508,0
82.43,1196.7064208984375,-16.645952224731445,0
82.44,1196.52880859375,-16.6574649810791,0
82.45,1196.3643798828125,-16.655160903930664,0
82.46,1196.211181640625,-16.641345977783203,0
82.47,1196.061279296875,-16.62428092956543,0
82.48,1195.91455078125,-16.604034423828125,0
82.49,1195.7672119140625,-16.584716796875,0
82.5,1195.623046875,-16.562273025512695,0
82.51,1195.4820556640625,-16.536773681640625,0
82.52,1195.3441162109375,-16.508285522460938,0
82.53,1195.1920166015625,-16.494884490966797,0
82.54,1195.043212890625,-16.478256225585938,0
82.55,1194.8858642578125,-16.470535278320312,0
82.56,1194.72998046875,-16.461441040039062,0
82.57,1194.5772705078125,-16.44903564453125,0
82.58,1194.4278564453125,-16.433391571044922,0
82.59,1194.26806640625,-16.428661346435547,0
82.6,1194.125244140625,-16.406455993652344,0
82.61,1193.971923828125,-16.395305633544922,0
82.62,1193.8218994140625,-16.380901336669922,0
82.63,1193.675048828125,-16.36331558227539,0
82.64,1193.535400390625,-16.33857536315918,0
82.65,1193.3988037109375,-16.310874938964844,0
82.66,1193.2652587890625,-16.2802791595459,0
82.67,1193.1346435546875,-16.24685287475586,0
82.68,1193.007080078125,-16.210660934448242,0
82.69,1192.882568359375,-16.171770095825195,0
82.7,1192.7608642578125,-16.1302433013916,0
82.71,1192.622802734375,-16.106229782104492,0
82.72,1192.48779296875,-16.079288482666016,0
82.73,1192.3519287109375,-16.053468704223633,0
82.74,1192.21142578125,-16.032793045043945,0
82.75,1192.072021484375,-16.011157989501953,0
82.76,1191.9356689453125,-15.986565589904785,0
82.77,1191.7945556640625,-15.967105865478516,0
82.78,1191.6566162109375,-15.94465446472168,0
82.79,1191.515869140625,-15.92528247833252,0
82.8,1191.376220703125,-15.904946327209473,0
82.81,1191.23388671875,-15.887656211853027,0
82.82,1191.0946044921875,-15.867345809936523,0
82.83,1190.95458984375,-15.848064422607422,0
82.84,1190.813720703125,-15.829854011535645,0
82.85,1190.652587890625,-15.832725524902344,0
82.86,1190.489013671875,-15.838178634643555,0
82.87,1190.3287353515625,-15.840158462524414,0
82.88,1190.171630859375,-15.838732719421387,0
82.89,1190.0062255859375,-15.845976829528809,0
82.9,1189.8441162109375,-15.849709510803223,0
82.91,1189.673828125,-15.862005233764648,0
82.92,1189.5146484375,-15.862661361694336,0
82.93,1189.3509521484375,-15.867959022521973,0
82.94,1189.1905517578125,-15.869778633117676,0
82.95,1189.029541015625,-15.872233390808105,0
82.96,1188.867919921875,-15.875249862670898,0
82.97,1188.70556640625,-15.878872871398926,0
82.98,1188.5272216796875,-15.899076461791992,0
82.99,1188.3524169921875,-15.915491104125977,0
83,1188.1810302734375,-15.92818832397461,0
83.01,1188.012939453125,-15.937244415283203,0
83.02,1187.85400390625,-15.936725616455078,0
83.03,1187.6983642578125,-15.932832717895508,0
83.04,1187.5654296875,-15.905553817749023,0
83.05,1187.4393310546875,-15.87147331237793,0
83.06,1187.316162109375,-15.834723472595215,0
83.07,1187.19580078125,-15.795366287231445,0
83.08,1187.0841064453125,-15.747458457946777,0
83.09,1186.9752197265625,-15.697189331054688,0
83.1,1186.8651123046875,-15.648602485656738,0
83.11,1186.751953125,-15.603691101074219,0
83.12,1186.6416015625,-15.556386947631836,0
83.13,1186.5301513671875,-15.510791778564453,0
83.14,1186.40966796875,-15.47484302520752,0
83.15,1186.276611328125,-15.452387809753418,0
83.16,1186.146484375,-15.427112579345703,0
83.17,1186.0057373046875,-15.413105964660645,0
83.18,1185.8814697265625,-15.382086753845215,0
83.19,1185.74658203125,-15.36246395111084,0
83.2,1185.60888671875,-15.345987319946289,0
83.21,1185.47607421875,-15.324568748474121,0
83.22,1185.3443603515625,-15.302356719970703,0
83.23,1185.2076416015625,-15.285372734069824,0
83.24,1185.072021484375,-15.267507553100586,0
83.25,1184.9375,-15.248732566833496,0
83.26,1184.805908203125,-15.227106094360352,0
83.27,1184.67724609375,-15.202691078186035,0
83.28,1184.551513671875,-15.175549507141113,0
83.29,1184.4285888671875,-15.145743370056152,0
83.3,1184.2967529296875,-15.125394821166992,0
83.31,1184.1505126953125,-15.120260238647461,0
83.32,1184.00146484375,-15.118023872375488,0
83.33,1183.8536376953125,-15.114644050598145,0
83.34,1183.7069091796875,-15.110090255737305,0
83.35,1183.559326171875,-15.106459617614746,0
83.36,1183.3934326171875,-15.121743202209473,0
83.37,1183.22509765625,-15.139504432678223,0
83.38,1183.05615234375,-15.157675743103027,0
83.39,1182.8905029296875,-15.17225456237793,0
83.4,1182.7281494140625,-15.183313369750977,0
83.41,1182.5650634765625,-15.194903373718262,0
83.42,1182.3955078125,-15.213071823120117,0
83.43,1182.2254638671875,-15.231620788574219,0
83.44,1182.0587158203125,-15.246554374694824,0
83.45,1181.895263671875,-15.25794506072998,0
83.46,1181.7349853515625,-15.265863418579102,0
83.47,1181.577880859375,-15.27037525177002,0
83.48,1181.4066162109375,-15.289616584777832,0
83.49,1181.2327880859375,-15.311219215393066,0
83.5,1181.0623779296875,-15.32912826538086,0
83.51,1180.8914794921875,-15.347394943237305,0
83.52,1180.723876953125,-15.362030982971191,0
83.53,1180.5576171875,-15.375126838684082,0
83.54,1180.39453125,-15.384687423706055,0
83.55,1180.23486328125,-15.390786170959473,0
83.56,1180.078369140625,-15.393491744995117,0
83.57,1179.925048828125,-15.392874717712402,0
83.58,1179.77685546875,-15.386981010437012,0
83.59,1179.6317138671875,-15.377941131591797,0
83.6,1179.4896240234375,-15.365821838378906,0
83.61,1179.3505859375,-15.350688934326172,0
83.62,1179.2144775390625,-15.332606315612793,0
83.63,1179.0775146484375,-15.315622329711914,0
83.64,1178.9434814453125,-15.295733451843262,0
83.65,1178.802734375,-15.28304672241211,0
83.66,1178.6650390625,-15.267374038696289,0
83.67,1178.5206298828125,-15.258764266967773,0
83.68,1178.37353515625,-15.253096580505371,0
83.69,1178.2294921875,-15.244305610656738,0
83.7,1178.0826416015625,-15.2384614944458,0
83.71,1177.9234619140625,-15.2455472946167,0
83.72,1177.7674560546875,-15.249250411987305,0
83.73,1177.6146240234375,-15.249641418457031,0
83.74,1177.4649658203125,-15.246788024902344,0
83.75,1177.318359375,-15.24075698852539,0
83.76,1177.1728515625,-15.233574867248535,0
83.77,1177.016845703125,-15.237333297729492,0
83.78,1176.864013671875,-15.237778663635254,0
83.79,1176.71435546875,-15.234979629516602,0
83.8,1176.5677490234375,-15.229002952575684,0
83.81,1176.4222412109375,-15.221932411193848,0
83.82,1176.27783203125,-15.213794708251953,0
83.83,1176.1346435546875,-15.204557418823242,0
83.84,1175.9576416015625,-15.230316162109375,0
83.85,1175.7783203125,-15.25831413269043,0
83.86,1175.6024169921875,-15.282500267028809,0
83.87,1175.4278564453125,-15.304965019226074,0
83.88,1175.2567138671875,-15.323719024658203,0
83.89,1175.0638427734375,-15.364812850952148,0
83.9,1174.86083984375,-15.415824890136719,0
83.91,1174.66162109375,-15.462516784667969,0
83.92,1174.458251953125,-15.51298999786377,0
83.93,1174.2489013671875,-15.569120407104492,0
83.94,1174.03759765625,-15.626798629760742,0
83.95,1173.826171875,-15.683960914611816,0
83.96,1173.618408203125,-15.736621856689453,0
83.97,1173.4183349609375,-15.780877113342285,0
83.98,1173.218017578125,-15.824857711791992,0
83.99,1173.021484375,-15.864578247070312,0
84,1172.8284912109375,-15.900115013122559,0
84.01,1172.63134765625,-15.939568519592285,0
84.02,1172.43408203125,-15.978814125061035,0
84.03,1172.232666015625,-16.021883010864258,0
84.04,1172.0272216796875,-16.068632125854492,0
84.05,1171.82568359375,-16.111011505126953,0
84.06,1171.6278076171875,-16.14910125732422,0
84.07,1171.43359375,-16.182981491088867,0
84.08,1171.2391357421875,-16.216772079467773,0
84.09,1171.0386962890625,-16.25641441345215,0
84.1,1170.832275390625,-16.301773071289062,0
84.11,1170.6239013671875,-16.348743438720703,0
84.12,1170.41748046875,-16.393301010131836,0
84.13,1170.2147216796875,-16.4334659576416,0
84.14,1170.006103515625,-16.479305267333984,0
84.15,1169.7974853515625,-16.524686813354492,0
84.16,1169.5791015625,-16.579652786254883,0
84.17,1169.36474609375,-16.629972457885742,0
84.18,1169.154296875,-16.675729751586914,0
84.19,1168.9476318359375,-16.717008590698242,0
84.2,1168.744873046875,-16.75389289855957,0
84.21,1168.5362548828125,-16.796449661254883,0
84.22,1168.32373046875,-16.8425350189209,0
84.23,1168.120849609375,-16.878149032592773,0
84.24,1167.9237060546875,-16.907428741455078,0
84.25,1167.73046875,-16.932518005371094,0
84.26,1167.5467529296875,-16.947498321533203,0
84.27,1167.36083984375,-16.964576721191406,0
84.28,1167.176513671875,-16.97972297668457,0
84.29,1166.982421875,-17.004924774169922,0
84.3,1166.7919921875,-17.025999069213867,0
84.31,1166.5994873046875,-17.049028396606445,0
84.32,1166.4010009765625,-17.07794761657715,0
84.33,1166.2064208984375,-17.10264778137207,0
84.34,1166.0155029296875,-17.123212814331055,0
84.35,1165.8262939453125,-17.141740798950195,0
84.36,1165.6292724609375,-17.16825294494629,0
84.37,1165.43603515625,-17.190576553344727,0
84.38,1165.24658203125,-17.20879364013672,0
84.39,1165.060791015625,-17.22298240661621,0
84.4,1164.8536376953125,-17.259197235107422,0
84.41,1164.6483154296875,-17.293025970458984,0
84.42,1164.4468994140625,-17.322486877441406,0
84.43,1164.2493896484375,-17.347667694091797,0
84.44,1164.0556640625,-17.368648529052734,0
84.45,1163.86572265625,-17.38551139831543,0
84.46,1163.6795654296875,-17.398340225219727,0
84.47,1163.4970703125,-17.40721321105957,0
84.48,1163.318115234375,-17.41221046447754,0
84.49,1163.1429443359375,-17.413408279418945,0
84.5,1162.9615478515625,-17.420869827270508,0
84.51,1162.7838134765625,-17.424480438232422,0
84.52,1162.60595703125,-17.428300857543945,0
84.53,1162.431640625,-17.428342819213867,0
84.54,1162.2608642578125,-17.4246826171875,0
84.55,1162.0802001953125,-17.43136978149414,0
84.56,1161.8953857421875,-17.44223976135254,0
84.57,1161.7142333984375,-17.449182510375977,0
84.58,1161.536865234375,-17.452280044555664,0
84.59,1161.359130859375,-17.455591201782227,0
84.6,1161.18505859375,-17.455129623413086,0
84.61,1161.0086669921875,-17.456974029541016,0
84.62,1160.8262939453125,-17.465059280395508,0
84.63,1160.6475830078125,-17.469270706176758,0
84.64,1160.46484375,-17.47765350341797,0
84.65,1160.2933349609375,-17.47418785095215,0
84.66,1160.13330078125,-17.459060668945312,0
84.67,1159.9766845703125,-17.44053840637207,0
84.68,1159.8310546875,-17.410730361938477,0
84.69,1159.6810302734375,-17.385801315307617,0
84.7,1159.5343017578125,-17.35769271850586,0
84.71,1159.390869140625,-17.326475143432617,0
84.72,1159.246826171875,-17.296260833740234,0
84.73,1159.10595703125,-17.26299285888672,0
84.74,1158.9510498046875,-17.244693756103516,0
84.75,1158.7935791015625,-17.229110717773438,0
84.76,1158.6300048828125,-17.22017478942871,0
84.77,1158.4639892578125,-17.213768005371094,0
84.78,1158.299560546875,-17.20585823059082,0
84.79,1158.1326904296875,-17.20046043395996,0
84.8,1157.9654541015625,-17.19550895690918,0
84.81,1157.8016357421875,-17.1870059967041,0
84.82,1157.641357421875,-17.17502784729004,0
84.83,1157.45751953125,-17.18758201599121,0
84.84,1157.3043212890625,-17.168298721313477,0
84.85,1157.1138916015625,-17.187726974487305,0
84.86,1156.9271240234375,-17.203107833862305,0
84.87,1156.744140625,-17.214521408081055,0
84.88,1156.564697265625,-17.222047805786133,0
84.89,1156.3831787109375,-17.231706619262695,0
84.9,1156.2052001953125,-17.23750877380371,0
84.91,1156.023193359375,-17.2475528717041,0
84.92,1155.8428955078125,-17.255693435668945,0
84.93,1155.6409912109375,-17.285978317260742,0
84.94,1155.437255859375,-17.31797218322754,0
84.95,1155.2373046875,-17.34563446044922,0
84.96,1155.039306640625,-17.371065139770508,0
84.97,1154.84130859375,-17.396270751953125,0
84.98,1154.637451171875,-17.4272518157959,0
84.99,1154.450927734375,-17.439929962158203,0
85,1154.27001953125,-17.446626663208008,0
85.01,1154.0966796875,-17.445499420166016,0
85.02,1153.923095703125,-17.44467544555664,0
85.03,1153.7530517578125,-17.440166473388672,0
85.04,1153.58642578125,-17.43204689025879,0
85.05,1153.42333984375,-17.420392990112305,0
85.06,1153.2657470703125,-17.403257369995117,0
85.07,1153.1114501953125,-17.382780075073242,0
85.08,1152.9586181640625,-17.361053466796875,0
85.09,1152.8072509765625,-17.338106155395508,0
85.1,1152.6591796875,-17.31195068359375,0
85.11,1152.514404296875,-17.282655715942383,0
85.12,1152.368896484375,-17.254276275634766,0
85.13,1152.226806640625,-17.222816467285156,0
85.14,1152.08984375,-17.186323165893555,0
85.15,1151.9560546875,-17.146930694580078,0
85.16,1151.8253173828125,-17.104705810546875,0
85.17,1151.69775390625,-17.059715270996094,0
85.18,1151.5731201171875,-17.01202392578125,0
85.19,1151.44384765625,-16.969722747802734,0
85.2,1151.317626953125,-16.9246883392334,0
85.21,1151.1944580078125,-16.876985549926758,0
85.22,1151.0684814453125,-16.83262062072754,0
85.23,1150.9417724609375,-16.78957176208496,0
85.24,1150.808349609375,-16.75388526916504,0
85.25,1150.6781005859375,-16.715373992919922,0
85.26,1150.560546875,-16.6640625,0
85.27,1150.4459228515625,-16.610265731811523,0
85.28,1150.3243408203125,-16.564088821411133,0
85.29,1150.205810546875,-16.51534080505371,0
85.3,1150.0863037109375,-16.46807098388672,0
85.31,1149.9620361328125,-16.426239013671875,0
85.32,1149.8251953125,-16.397764205932617,0
85.33,1149.685791015625,-16.372394561767578,0
85.34,1149.541748046875,-16.352035522460938,0
85.35,1149.3873291015625,-16.342586517333984,0
85.36,1149.2322998046875,-16.333845138549805,0
85.37,1149.08447265625,-16.317832946777344,0
85.38,1148.943603515625,-16.29470443725586,0
85.39,1148.802001953125,-16.272571563720703,0
85.4,1148.6673583984375,-16.24345588684082,0
85.41,1148.5318603515625,-16.215469360351562,0
85.42,1148.3841552734375,-16.200599670410156,0
85.43,1148.2318115234375,-16.190563201904297,0
85.44,1148.082763671875,-16.177295684814453,0
85.45,1147.944580078125,-16.15290069580078,0
85.46,1147.8094482421875,-16.12557601928711,0
85.47,1147.669677734375,-16.103355407714844,0
85.48,1147.532958984375,-16.07817268371582,0
85.49,1147.3973388671875,-16.052112579345703,0
85.5,1147.2647705078125,-16.02318000793457,0
85.51,1147.1351318359375,-15.991437911987305,0
85.52,1147.008544921875,-15.956951141357422,0
85.53,1146.8848876953125,-15.919785499572754,0
85.54,1146.76416015625,-15.88000202178955,0
85.55,1146.6405029296875,-15.843607902526855,0
85.56,1146.513916015625,-15.810598373413086,0
85.57,1146.3961181640625,-15.76890754699707,0
85.58,1146.2811279296875,-15.724723815917969,0
85.59,1146.1689453125,-15.678110122680664,0
85.6,1146.0595703125,-15.629124641418457,0
85.61,1145.952880859375,-15.577827453613281,0
85.62,1145.8546142578125,-15.518331527709961,0
85.63,1145.7589111328125,-15.456762313842773,0
85.64,1145.665771484375,-15.39317512512207,0
85.65,1145.5751953125,-15.32762336730957,0
85.66,1145.4813232421875,-15.266106605529785,0
85.67,1145.3782958984375,-15.21461296081543,0
85.68,1145.2703857421875,-15.16891098022461,0
85.69,1145.1688232421875,-15.116943359375,0
85.7,1145.0699462890625,-15.062832832336426,0
85.71,1144.9697265625,-15.010616302490234,0
85.72,1144.8681640625,-14.96026611328125,0
85.73,1144.7691650390625,-14.907770156860352,0
85.74,1144.6651611328125,-14.861148834228516,0
85.75,1144.563720703125,-14.81233024597168,0
85.76,1144.46484375,-14.761367797851562,0
85.77,1144.3626708984375,-14.714319229125977,0
85.78,1144.2437744140625,-14.685080528259277,0
85.79,1144.125732421875,-14.655287742614746,0
85.8,1144.01025390625,-14.622994422912598,0
85.81,1143.8975830078125,-14.5882568359375,0
85.82,1143.77978515625,-14.559155464172363,0
85.83,1143.6260986328125,-14.567442893981934,0
85.84,1143.4755859375,-14.572467803955078,0
85.85,1143.328125,-14.574295043945312,0
85.86,1143.1817626953125,-14.574953079223633,0
85.87,1143.038330078125,-14.572504043579102,0
85.88,1142.8978271484375,-14.567009925842285,0
85.89,1142.752685546875,-14.566555976867676,0
85.9,1142.6104736328125,-14.563021659851074,0
85.91,1142.4635009765625,-14.564436912536621,0
85.92,1142.3194580078125,-14.562731742858887,0
85.93,1142.174560546875,-14.561948776245117,0
85.94,1142.02685546875,-14.564091682434082,0
85.95,1141.8782958984375,-14.567082405090332,0
85.96,1141.7327880859375,-14.566919326782227,0
85.97,1141.59033203125,-14.563667297363281,0
85.98,1141.443115234375,-14.565354347229004,0
85.99,1141.2969970703125,-14.565882682800293,0
86,1141.15185546875,-14.565328598022461,0
86.01,1141.0078125,-14.563711166381836,0
86.02,1140.8590087890625,-14.567002296447754,0
86.03,1140.70556640625,-14.575098037719727,0
86.04,1140.55517578125,-14.579933166503906,0
86.05,1140.4078369140625,-14.581576347351074,0
86.06,1140.263427734375,-14.58008861541748,0
86.07,1140.1220703125,-14.575538635253906,0
86.08,1139.983642578125,-14.567987442016602,0
86.09,1139.84814453125,-14.557500839233398,0
86.1,1139.7000732421875,-14.56006908416748,0
86.11,1139.5472412109375,-14.567513465881348,0
86.12,1139.37451171875,-14.595608711242676,0
86.13,1139.2049560546875,-14.62002944946289,0
86.14,1139.0347900390625,-14.644830703735352,0
86.15,1138.858154296875,-14.675996780395508,0
86.16,1138.68310546875,-14.705371856689453,0
86.17,1138.51123046875,-14.731022834777832,0
86.18,1138.3446044921875,-14.751056671142578,0
86.19,1138.1812744140625,-14.767550468444824,0
86.2,1138.0247802734375,-14.776591300964355,0
86.21,1137.87158203125,-14.782310485839844,0
86.22,1137.7098388671875,-14.796720504760742,0
86.23,1137.55126953125,-14.807694435119629,0
86.24,1137.3958740234375,-14.815299987792969,0
86.25,1137.2435302734375,-14.81960391998291,0
86.26,1137.084716796875,-14.830656051635742,0
86.27,1136.9232177734375,-14.844281196594238,0
86.28,1136.7572021484375,-14.862441062927246,0
86.29,1136.588623046875,-14.883075714111328,0
86.3,1136.4156494140625,-14.90809154510498,0
86.31,1136.2440185546875,-14.931448936462402,0
86.32,1136.048828125,-14.979035377502441,0
86.33,1135.8570556640625,-15.022467613220215,0
86.34,1135.6591796875,-15.071803092956543,0
86.35,1135.449462890625,-15.132859230041504,0
86.36,1135.243408203125,-15.18945026397705,0
86.37,1135.0411376953125,-15.241656303405762,0
86.38,1134.8424072265625,-15.289555549621582,0
86.39,1134.6473388671875,-15.333226203918457,0
86.4,1134.455810546875,-15.372748374938965,0
86.41,1134.2640380859375,-15.412177085876465,0
86.42,1134.0718994140625,-15.451509475708008,0
86.43,1133.88330078125,-15.486756324768066,0
86.44,1133.6866455078125,-15.529936790466309,0
86.45,1133.4879150390625,-15.574936866760254,0
86.46,1133.292724609375,-15.615707397460938,0
86.47,1133.099365234375,-15.654288291931152,0
86.48,1132.9095458984375,-15.688756942749023,0
86.49,1132.7213134765625,-15.721209526062012,0
86.5,1132.53662109375,-15.749658584594727,0
86.51,1132.3515625,-15.778164863586426,0
86.52,1132.1700439453125,-15.802735328674316,0
86.53,1131.965087890625,-15.851324081420898,0
86.54,1131.7503662109375,-15.90946102142334,0
86.55,1131.53955078125,-15.963029861450195,0
86.56,1131.33251953125,-16.012109756469727,0
86.57,1131.11767578125,-16.068788528442383,0
86.58,1130.90673828125,-16.120895385742188,0
86.59,1130.6937255859375,-16.174455642700195,0
86.6,1130.484619140625,-16.22348403930664,0
86.61,1130.2850341796875,-16.26211929321289,0
86.62,1130.08349609375,-16.302453994750977,0
86.63,1129.8741455078125,-16.35045051574707,0
86.64,1129.668701171875,-16.393993377685547,0
86.65,1129.459228515625,-16.441129684448242,0
86.66,1129.2535400390625,-16.483810424804688,0
86.67,1129.0517578125,-16.52211570739746,0
86.68,1128.853759765625,-16.55613136291504,0
86.69,1128.6363525390625,-16.60982894897461,0
86.7,1128.4189453125,-16.66288185119629,0
86.71,1128.20556640625,-16.7113094329834,0
86.72,1127.9921875,-16.759180068969727,0
86.73,1127.78076171875,-16.804529190063477,0
86.74,1127.5693359375,-16.849361419677734,0
86.75,1127.3619384765625,-16.889698028564453,0
86.76,1127.1563720703125,-16.927583694458008,0
86.77,1126.9547119140625,-16.961097717285156,0
86.78,1126.7569580078125,-16.990325927734375,0
86.79,1126.5628662109375,-17.015348434448242,0
86.8,1126.37255859375,-17.03624725341797,0
86.81,1126.1859130859375,-17.0531005859375,0
86.82,1126.0029296875,-17.065988540649414,0
86.83,1125.8236083984375,-17.07499122619629,0
86.84,1125.6478271484375,-17.080183029174805,0
86.85,1125.4525146484375,-17.105541229248047,0
86.86,1125.260986328125,-17.126747131347656,0
86.87,1125.0654296875,-17.151845932006836,0
86.88,1124.8736572265625,-17.172788619995117,0
86.89,1124.6856689453125,-17.189655303955078,0
86.9,1124.5013427734375,-17.20252799987793,0
86.91,1124.3206787109375,-17.211484909057617,0
86.92,1124.1435546875,-17.216604232788086,0
86.93,1123.9700927734375,-17.21796417236328,0
86.94,1123.7906494140625,-17.22557258605957,0
86.95,1123.60888671875,-17.235370635986328,0
86.96,1123.4134521484375,-17.259199142456055,0
86.97,1123.2198486328125,-17.280893325805664,0
86.98,1123.0166015625,-17.312381744384766,0
86.99,1122.8115234375,-17.345550537109375,0
87,1122.6102294921875,-17.374359130859375,0
87.01,1122.4031982421875,-17.4088191986084,0
87.02,1122.2000732421875,-17.43887710571289,0
87.03,1121.9949951171875,-17.47056007385254,0
87.04,1121.7939453125,-17.49788475036621,0
87.05,1121.5968017578125,-17.52093505859375,0
87.06,1121.4034423828125,-17.539796829223633,0
87.07,1121.2137451171875,-17.554548263549805,0
87.08,1121.02783203125,-17.565271377563477,0
87.09,1120.8455810546875,-17.572044372558594,0
87.1,1120.6669921875,-17.574947357177734,0
87.11,1120.4920654296875,-17.574058532714844,0
87.12,1120.3187255859375,-17.571475982666016,0
87.13,1120.1260986328125,-17.589109420776367,0
87.14,1119.9371337890625,-17.60264778137207,0
87.15,1119.7442626953125,-17.62013816833496,0
87.16,1119.55517578125,-17.63353157043457,0
87.17,1119.3697509765625,-17.642906188964844,0
87.18,1119.211181640625,-17.624452590942383,0
87.19,1119.032958984375,-17.626527786254883,0
87.2,1118.8583984375,-17.624820709228516,0
87.21,1118.677734375,-17.629335403442383,0
87.22,1118.4874267578125,-17.6439266204834,0
87.23,1118.3009033203125,-17.65447425842285,0
87.24,1118.1160888671875,-17.6630802154541,0
87.25,1117.9349365234375,-17.66775894165039,0
87.26,1117.755615234375,-17.670555114746094,0
87.27,1117.577880859375,-17.67156219482422,0
87.28,1117.3922119140625,-17.680742263793945,0
87.29,1117.21044921875,-17.68598175048828,0
87.3,1117.020751953125,-17.699251174926758,0
87.31,1116.8289794921875,-17.714492797851562,0
87.32,1116.63916015625,-17.727624893188477,0
87.33,1116.455078125,-17.734760284423828,0
87.34,1116.2803955078125,-17.731985092163086,0
87.35,1116.1092529296875,-17.725502014160156,0
87.36,1115.9417724609375,-17.715389251708984,0
87.37,1115.7835693359375,-17.69577980041504,0
87.38,1115.623046875,-17.67875862121582,0
87.39,1115.460205078125,-17.664337158203125,0
87.4,1115.2989501953125,-17.648426055908203,0
87.41,1115.13525390625,-17.635095596313477,0
87.42,1114.963623046875,-17.63018226623535,0
87.43,1114.795654296875,-17.62162971496582,0
87.44,1114.631103515625,-17.60951042175293,0
87.45,1114.469970703125,-17.593902587890625,0
87.46,1114.2989501953125,-17.588844299316406,0
87.47,1114.1448974609375,-17.566190719604492,0
87.48,1114.001953125,-17.532306671142578,0
87.49,1113.8660888671875,-17.491470336914062,0
87.5,1113.7296142578125,-17.451684951782227,0
87.51,1113.6077880859375,-17.397119522094727,0
87.52,1113.4775390625,-17.351871490478516,0
87.53,1113.3504638671875,-17.303869247436523,0
87.54,1113.2052001953125,-17.275108337402344,0
87.55,1113.0574951171875,-17.249216079711914,0
87.56,1112.9130859375,-17.22019386291504,0
87.57,1112.7564697265625,-17.20404052734375,0
87.58,1112.6014404296875,-17.1865291595459,0
87.59,1112.432373046875,-17.183622360229492,0
87.6,1112.2667236328125,-17.177125930786133,0
87.61,1112.1046142578125,-17.167116165161133,0
87.62,1111.942138671875,-17.15765380859375,0
87.63,1111.786865234375,-17.140756607055664,0
87.64,1111.635009765625,-17.120569229125977,0
87.65,1111.486328125,-17.0971622467041,0
87.66,1111.3428955078125,-17.068641662597656,0
87.67,1111.2027587890625,-17.037084579467773,0
87.68,1111.065673828125,-17.002559661865234,0
87.69,1110.9202880859375,-16.977022171020508,0
87.7,1110.7723388671875,-16.954404830932617,0
87.71,1110.625732421875,-16.930614471435547,0
87.72,1110.48046875,-16.905736923217773,0
87.73,1110.33837890625,-16.877782821655273,0
87.74,1110.18603515625,-16.86072540283203,0
87.75,1110.03515625,-16.8424015045166,0
87.76,1109.885498046875,-16.822898864746094,0
87.77,1109.7353515625,-16.804149627685547,0
87.78,1109.5845947265625,-16.78619956970215,0
87.79,1109.4371337890625,-16.76505470275879,0
87.8,1109.279541015625,-16.754749298095703,0
87.81,1109.117431640625,-16.749008178710938,0
87.82,1108.9549560546875,-16.74380874633789,0
87.83,1108.7957763671875,-16.73516082763672,0
87.84,1108.6380615234375,-16.725156784057617,0
87.85,1108.47802734375,-16.71775245666504,0
87.86,1108.3193359375,-16.708913803100586,0
87.87,1108.1563720703125,-16.704675674438477,0
87.88,1107.996826171875,-16.696979522705078,0
87.89,1107.840576171875,-16.685897827148438,0
87.9,1107.6856689453125,-16.673521041870117,0
87.91,1107.5244140625,-16.667783737182617,0
87.92,1107.3665771484375,-16.658626556396484,0
87.93,1107.206298828125,-16.65206527709961,0
87.94,1107.0494384765625,-16.642105102539062,0
87.95,1106.874755859375,-16.650691986083984,0
87.96,1106.7034912109375,-16.655569076538086,0
87.97,1106.5357666015625,-16.656810760498047,0
87.98,1106.3695068359375,-16.656450271606445,0
87.99,1106.206787109375,-16.652563095092773,0
88,1106.0242919921875,-16.66905975341797,0
88.01,1105.841552734375,-16.685657501220703,0
88.02,1105.662353515625,-16.698373794555664,0
88.03,1105.48095703125,-16.71323013305664,0
88.04,1105.285888671875,-16.742124557495117,0
88.05,1105.094482421875,-16.766870498657227,0
88.06,1104.90673828125,-16.78754997253418,0
88.07,1104.7227783203125,-16.804241180419922,0
88.08,1104.5423583984375,-16.8170223236084,0
88.09,1104.365478515625,-16.825971603393555,0
88.1,1104.1922607421875,-16.831167221069336,0
88.11,1104.0147705078125,-16.840646743774414,0
88.12,1103.8350830078125,-16.8523006439209,0
88.13,1103.658935546875,-16.860137939453125,0
88.14,1103.4844970703125,-16.86625862121582,0
88.15,1103.3134765625,-16.86867332458496,0
88.16,1103.14599609375,-16.86745834350586,0
88.17,1102.98193359375,-16.862688064575195,0
88.18,1102.8194580078125,-16.856399536132812,0
88.19,1102.650634765625,-16.856592178344727,0
88.2,1102.4853515625,-16.853200912475586,0
88.21,1102.3272705078125,-16.842315673828125,0
88.22,1102.172607421875,-16.828079223632812,0
88.23,1102.021240234375,-16.810562133789062,0
88.24,1101.8673095703125,-16.79583740234375,0
88.25,1101.7166748046875,-16.777849197387695,0
88.26,1101.5694580078125,-16.756668090820312,0
88.27,1101.42529296875,-16.732364654541016,0
88.28,1101.2843017578125,-16.705007553100586,0
88.29,1101.140869140625,-16.68061065673828,0
88.3,1100.994873046875,-16.65911865234375,0
88.31,1100.84814453125,-16.63851547241211,0
88.32,1100.7008056640625,-16.61878204345703,0
88.33,1100.5567626953125,-16.595928192138672,0
88.34,1100.415771484375,-16.570018768310547,0
88.35,1100.278076171875,-16.54112434387207,0
88.36,1100.1434326171875,-16.509313583374023,0
88.37,1100.006103515625,-16.48059844970703,0
88.38,1099.8699951171875,-16.450937271118164,0
88.39,1099.73876953125,-16.416427612304688,0
88.4,1099.606689453125,-16.383121490478516,0
88.41,1099.477783203125,-16.34701919555664,0
88.42,1099.351806640625,-16.308189392089844,0
88.43,1099.228759765625,-16.266693115234375,0
88.44,1099.108642578125,-16.222593307495117,0
88.45,1098.991455078125,-16.175954818725586,0
88.46,1098.877197265625,-16.12683868408203,0
88.47,1098.756103515625,-16.085235595703125,0
88.48,1098.635986328125,-16.043031692504883,0
88.49,1098.50341796875,-16.014163970947266,0
88.5,1098.3680419921875,-15.98848819732666,0
88.51,1098.2357177734375,-15.959943771362305,0
88.52,1098.1025390625,-15.932578086853027,0
88.53,1097.9761962890625,-15.898411750793457,0
88.54,1097.852783203125,-15.861571311950684,0
88.55,1097.7322998046875,-15.82211971282959,0
88.56,1097.6011962890625,-15.794023513793945,0
88.57,1097.4730224609375,-15.763150215148926,0
88.58,1097.33251953125,-15.745438575744629,0
88.59,1097.195068359375,-15.724747657775879,0
88.6,1097.04345703125,-15.718977928161621,0
88.61,1096.89111328125,-15.713972091674805,0
88.62,1096.741943359375,-15.705735206604004,0
88.63,1096.5958251953125,-15.69433307647705,0
88.64,1096.452880859375,-15.679831504821777,0
88.65,1096.3092041015625,-15.666280746459961,0
88.66,1096.1685791015625,-15.649682998657227,0
88.67,1096.031005859375,-15.63010311126709,0
88.68,1095.896484375,-15.607608795166016,0
88.69,1095.762939453125,-15.58422565460205,0
88.7,1095.63232421875,-15.558013916015625,0
88.71,1095.4912109375,-15.54294490814209,0
88.72,1095.353271484375,-15.524886131286621,0
88.73,1095.204833984375,-15.517807960510254,0
88.74,1095.0556640625,-15.511566162109375,0
88.75,1094.9095458984375,-15.502159118652344,0
88.76,1094.7666015625,-15.489652633666992,0
88.77,1094.626708984375,-15.474115371704102,0
88.78,1094.49365234375,-15.451626777648926,0
88.79,1094.3616943359375,-15.428282737731934,0
88.8,1094.2344970703125,-15.400179862976074,0
88.81,1094.1082763671875,-15.371345520019531,0
88.82,1093.9830322265625,-15.341861724853516,0
88.83,1093.860595703125,-15.309724807739258,0
88.84,1093.723876953125,-15.292827606201172,0
88.85,1093.6015625,-15.261140823364258,0
88.86,1093.4820556640625,-15.226865768432617,0
88.87,1093.3653564453125,-15.190062522888184,0
88.88,1093.2418212890625,-15.160717964172363,0
88.89,1093.119140625,-15.130718231201172,0
88.9,1092.9915771484375,-15.106083869934082,0
88.91,1092.8726806640625,-15.072806358337402,0
88.92,1092.7564697265625,-15.03701114654541,0
88.93,1092.6353759765625,-15.006664276123047,0
88.94,1092.5133056640625,-14.977737426757812,0
88.95,1092.3843994140625,-14.95615005493164,0
88.96,1092.2564697265625,-14.933795928955078,0
88.97,1092.1275634765625,-14.912711143493652,0
88.98,1092.0013427734375,-14.888893127441406,0
88.99,1091.8511962890625,-14.890165328979492,0
89,1091.694580078125,-14.898176193237305,0
89.01,1091.51806640625,-14.926695823669434,0
89.02,1091.3353271484375,-14.961387634277344,0
89.03,1091.154052734375,-14.994156837463379,0
89.04,1090.974365234375,-15.025036811828613,0
89.05,1090.7940673828125,-15.05607795715332,0
89.06,1090.6153564453125,-15.085247993469238,0
89.07,1090.430419921875,-15.120545387268066,0
89.08,1090.2449951171875,-15.155889511108398,0
89.09,1090.0631103515625,-15.18729019165039,0
89.1,1089.880859375,-15.218807220458984,0
89.11,1089.7000732421875,-15.2484130859375,0
89.12,1089.5189208984375,-15.278158187866211,0
89.13,1089.3392333984375,-15.306012153625488,0
89.14,1089.1629638671875,-15.330047607421875,0
89.15,1088.989990234375,-15.350336074829102,0
89.16,1088.80517578125,-15.382822036743164,0
89.17,1088.623779296875,-15.411377906799316,0
89.18,1088.4459228515625,-15.436079025268555,0
89.19,1088.2674560546875,-15.460979461669922,0
89.2,1088.088623046875,-15.486068725585938,0
89.21,1087.9132080078125,-15.507357597351074,0
89.22,1087.7451171875,-15.520938873291016,0
89.23,1087.576416015625,-15.534932136535645,0
89.24,1087.4052734375,-15.55128288269043,0
89.25,1087.2374267578125,-15.563998222351074,0
89.26,1087.072998046875,-15.573148727416992,0
89.27,1086.9117431640625,-15.57880687713623,0
89.28,1086.7537841796875,-15.581042289733887,0
89.29,1086.5914306640625,-15.5878324508667,0
89.3,1086.43994140625,-15.583267211914062,0
89.31,1086.283935546875,-15.583394050598145,0
89.32,1086.131103515625,-15.580209732055664,0
89.33,1085.9815673828125,-15.573784828186035,0
89.34,1085.8350830078125,-15.564186096191406,0
89.35,1085.6917724609375,-15.551481246948242,0
89.36,1085.549560546875,-15.537700653076172,0
89.37,1085.410400390625,-15.520904541015625,0
89.38,1085.2742919921875,-15.50115966796875,0
89.39,1085.14111328125,-15.47852897644043,0
89.4,1085.0108642578125,-15.45307731628418,0
89.41,1084.8663330078125,-15.442755699157715,0
89.42,1084.724853515625,-15.42936897277832,0
89.43,1084.5672607421875,-15.432778358459473,0
89.44,1084.42626953125,-15.418990135192871,0
89.45,1084.27490234375,-15.416065216064453,0
89.46,1084.126708984375,-15.409927368164062,0
89.47,1083.9930419921875,-15.388757705688477,0
89.48,1083.850830078125,-15.376643180847168,0
89.49,1083.711669921875,-15.361513137817383,0
89.5,1083.5755615234375,-15.34343433380127,0
89.51,1083.4423828125,-15.322469711303711,0
89.52,1083.310302734375,-15.300647735595703,0
89.53,1083.17724609375,-15.280007362365723,0
89.54,1083.0279541015625,-15.276398658752441,0
89.55,1082.8818359375,-15.269623756408691,0
89.56,1082.7137451171875,-15.285487174987793,0
89.57,1082.5738525390625,-15.272041320800781,0
89.58,1082.412109375,-15.281368255615234,0
89.59,1082.2515869140625,-15.289280891418457,0
89.6,1082.092529296875,-15.29574966430664,0
89.61,1081.91748046875,-15.318634033203125,0
89.62,1081.741943359375,-15.341782569885254,0
89.63,1081.5697021484375,-15.361200332641602,0
89.64,1081.389404296875,-15.388846397399902,0
89.65,1081.1971435546875,-15.428528785705566,0
89.66,1081.004638671875,-15.468048095703125,0
89.67,1080.8157958984375,-15.503474235534668,0
89.68,1080.6246337890625,-15.540830612182617,0
89.69,1080.4371337890625,-15.574121475219727,0
89.7,1080.226318359375,-15.631182670593262,0
89.71,1080.015380859375,-15.687738418579102,0
89.72,1079.800537109375,-15.747714042663574,0
89.73,1079.589599609375,-15.803116798400879,0
89.74,1079.3785400390625,-15.858012199401855,0
89.75,1079.1712646484375,-15.908417701721191,0
89.76,1078.9677734375,-15.954413414001465,0
89.77,1078.7679443359375,-15.99608039855957,0
89.78,1078.5718994140625,-16.033498764038086,0
89.79,1078.3795166015625,-16.066747665405273,0
89.8,1078.190673828125,-16.09590721130371,0
89.81,1078.00537109375,-16.121049880981445,0
89.82,1077.8006591796875,-16.166032791137695,0
89.83,1077.599853515625,-16.206663131713867,0
89.84,1077.402587890625,-16.24302101135254,0
89.85,1077.2091064453125,-16.275184631347656,0
89.86,1077.019287109375,-16.30323600769043,0
89.87,1076.8330078125,-16.327251434326172,0
89.88,1076.6502685546875,-16.347309112548828,0
89.89,1076.4693603515625,-16.365446090698242,0
89.9,1076.2918701171875,-16.37973976135254,0
89.91,1076.1217041015625,-16.38628387451172,0
89.92,1075.951171875,-16.39319610595703,0
89.93,1075.7840576171875,-16.396486282348633,0
89.94,1075.597412109375,-16.420007705688477,0
89.95,1075.40673828125,-16.447471618652344,0
89.96,1075.2197265625,-16.470884323120117,0
89.97,1075.0362548828125,-16.49032211303711,0
89.98,1074.8563232421875,-16.505861282348633,0
89.99,1074.6781005859375,-16.519540786743164,0
90,1074.50146484375,-16.531452178955078,0
90.01,1074.3282470703125,-16.539613723754883,0
90.02,1074.1585693359375,-16.544095993041992,0
90.03,1073.9578857421875,-16.580585479736328,0
90.04,1073.79541015625,-16.577199935913086,0
90.05,1073.626708984375,-16.580236434936523,0
90.06,1073.46142578125,-16.579692840576172,0
90.07,1073.274658203125,-16.60137939453125,0
90.08,1073.1163330078125,-16.593358993530273,0
90.09,1072.96142578125,-16.581979751586914,0
90.1,1072.809814453125,-16.56731605529785,0
90.11,1072.6231689453125,-16.58908462524414,0
90.12,1072.4400634765625,-16.606887817382812,0
90.13,1072.2606201171875,-16.62080192565918,0
90.14,1072.078857421875,-16.636791229248047,0
90.15,1071.8988037109375,-16.650938034057617,0
90.16,1071.7222900390625,-16.66126251220703,0
90.17,1071.5455322265625,-16.671762466430664,0
90.18,1071.372314453125,-16.678508758544922,0
90.19,1071.20068359375,-16.683597564697266,0
90.2,1071.0267333984375,-16.690982818603516,0
90.21,1070.8525390625,-16.698604583740234,0
90.22,1070.6778564453125,-16.70650863647461,0
90.23,1070.5047607421875,-16.71266746520996,0
90.24,1070.3199462890625,-16.731019973754883,0
90.25,1070.1329345703125,-16.751333236694336,0
90.26,1069.9439697265625,-16.773618698120117,0
90.27,1069.758544921875,-16.791887283325195,0
90.28,1069.5767822265625,-16.806215286254883,0
90.29,1069.38525390625,-16.830535888671875,0
90.3,1069.1934814453125,-16.854768753051758,0
90.31,1068.9996337890625,-16.880868911743164,0
90.32,1068.8153076171875,-16.896907806396484,0
90.33,1068.62890625,-16.914974212646484,0
90.34,1068.4422607421875,-16.933061599731445,0
90.35,1068.26318359375,-16.943204879760742,0
90.36,1068.083740234375,-16.95352554321289,0
90.37,1067.9078369140625,-16.96003532409668,0
90.38,1067.733642578125,-16.96477699279785,0
90.39,1067.5457763671875,-16.98359489440918,0
90.4,1067.35205078125,-17.00834846496582,0
90.41,1067.162109375,-17.02898597717285,0
90.42,1066.975830078125,-17.04558753967285,0
90.43,1066.793212890625,-17.0582332611084,0
90.44,1066.6065673828125,-17.074907302856445,0
90.45,1066.43115234375,-17.079708099365234,0
90.46,1066.251708984375,-17.08869171142578,0
90.47,1066.0758056640625,-17.09386444091797,0
90.48,1065.903564453125,-17.095304489135742,0
90.49,1065.719482421875,-17.108901977539062,0
90.5,1065.5389404296875,-17.118587493896484,0
90.51,1065.3392333984375,-17.148218154907227,0
90.52,1065.1661376953125,-17.149826049804688,0
90.53,1064.9736328125,-17.171537399291992,0
90.54,1064.784912109375,-17.189159393310547,0
90.55,1064.599853515625,-17.202774047851562,0
90.56,1064.4471435546875,-17.18279266357422,0
90.57,1064.2977294921875,-17.15957260131836,0
90.58,1064.151611328125,-17.13318634033203,0
90.59,1063.993408203125,-17.119518280029297,0
90.6,1063.8387451171875,-17.102497100830078,0
90.61,1063.6796875,-17.090103149414062,0
90.62,1063.5240478515625,-17.074337005615234,0
90.63,1063.3717041015625,-17.055269241333008,0
90.64,1063.2303466796875,-17.025068283081055,0
90.65,1063.08447265625,-16.999778747558594,0
90.66,1062.94189453125,-16.971399307250977,0
90.67,1062.802490234375,-16.940000534057617,0
90.68,1062.6490478515625,-16.923425674438477,0
90.69,1062.4990234375,-16.903600692749023,0
90.7,1062.346435546875,-16.886539459228516,0
90.71,1062.197265625,-16.86624526977539,0
90.72,1062.05126953125,-16.84278678894043,0
90.73,1061.9027099609375,-16.82217788696289,0
90.74,1061.7574462890625,-16.79842185974121,0
90.75,1061.6058349609375,-16.781457901000977,0
90.76,1061.4478759765625,-16.771203994750977,0
90.77,1061.2933349609375,-16.757600784301758,0
90.78,1061.14208984375,-16.740720748901367,0
90.79,1060.9921875,-16.722599029541016,0
90.8,1060.8455810546875,-16.7012996673584,0
90.81,1060.6754150390625,-16.7045955657959,0
90.82,1060.5087890625,-16.70427894592285,0
90.83,1060.347412109375,-16.698463439941406,0
90.84,1060.1893310546875,-16.68922233581543,0
90.85,1060.0308837890625,-16.680553436279297,0
90.86,1059.8719482421875,-16.67250633239746,0
90.87,1059.71240234375,-16.665014266967773,0
90.88,1059.5562744140625,-16.654138565063477,0
90.89,1059.39013671875,-16.65380096435547,0
90.9,1059.2197265625,-16.65784454345703,0
90.91,1059.0335693359375,-16.678064346313477,0
90.92,1058.85107421875,-16.6943302154541,0
90.93,1058.6663818359375,-16.712663650512695,0
90.94,1058.4853515625,-16.727075576782227,0
90.95,1058.307861328125,-16.737642288208008,0
90.96,1058.128173828125,-16.750383377075195,0
90.97,1057.9368896484375,-16.77506446838379,0
90.98,1057.749267578125,-16.79568099975586,0
90.99,1057.5537109375,-16.82419776916504,0
91,1057.3619384765625,-16.84855842590332,0
91.01,1057.173828125,-16.868844985961914,0
91.02,1056.9913330078125,-16.8831729888916,0
91.03,1056.810546875,-16.895586013793945,0
91.04,1056.63330078125,-16.90416145324707,0
91.05,1056.4595947265625,-16.908971786499023,0
91.06,1056.2913818359375,-16.90813446044922,0
91.07,1056.1265869140625,-16.903728485107422,0
91.08,1055.968994140625,-16.891843795776367,0
91.09,1055.818603515625,-16.872692108154297,0
91.1,1055.67724609375,-16.84440803527832,0
91.11,1055.5389404296875,-16.813129425048828,0
91.12,1055.4039306640625,-16.77892303466797,0
91.13,1055.2718505859375,-16.741857528686523,0
91.14,1055.1429443359375,-16.70199966430664,0
91.15,1055.0228271484375,-16.653470993041992,0
91.16,1054.90380859375,-16.6043643951416,0
91.17,1054.78759765625,-16.55274200439453,0
91.18,1054.67431640625,-16.49866485595703,0
91.19,1054.544677734375,-16.46198844909668,0
91.2,1054.4141845703125,-16.426549911499023,0
91.21,1054.261962890625,-16.414031982421875,0
91.22,1054.111083984375,-16.400249481201172,0
91.23,1053.96337890625,-16.383268356323242,0
91.24,1053.8189697265625,-16.363157272338867,0
91.25,1053.677734375,-16.33998680114746,0
91.26,1053.54150390625,-16.311859130859375,0
91.27,1053.406494140625,-16.282812118530273,0
91.28,1053.2763671875,-16.24894142150879,0
91.29,1053.1473388671875,-16.21428108215332,0
91.3,1053.023193359375,-16.1749267578125,0
91.31,1052.9019775390625,-16.132944107055664,0
91.32,1052.7835693359375,-16.088397979736328,0
91.33,1052.6680908203125,-16.041349411010742,0
91.34,1052.5535888671875,-15.993824005126953,0
91.35,1052.44189453125,-15.943879127502441,0
91.36,1052.3348388671875,-15.889610290527344,0
91.37,1052.2286376953125,-15.835043907165527,0
91.38,1052.1080322265625,-15.796012878417969,0
91.39,1051.9825439453125,-15.762333869934082,0
91.4,1051.858154296875,-15.7279634475708,0
91.41,1051.7366943359375,-15.690960884094238,0
91.42,1051.6160888671875,-15.653406143188477,0
91.43,1051.4697265625,-15.64290714263916,0
91.44,1051.3245849609375,-15.631324768066406,0
91.45,1051.182373046875,-15.616662979125977,0
91.46,1051.0413818359375,-15.60094928741455,0
91.47,1050.88818359375,-15.598058700561523,0
91.48,1050.7381591796875,-15.591917037963867,0
91.49,1050.577880859375,-15.596445083618164,0
91.5,1050.409423828125,-15.609399795532227,0
91.51,1050.236572265625,-15.626683235168457,0
91.52,1050.067138671875,-15.64029598236084,0
91.53,1049.899169921875,-15.652274131774902,0
91.54,1049.730712890625,-15.664667129516602,0
91.55,1049.5655517578125,-15.673482894897461,0
91.56,1049.4036865234375,-15.678791046142578,0
91.57,1049.235595703125,-15.690533638000488,0
91.58,1049.0670166015625,-15.702630996704102,0
91.59,1048.90185546875,-15.711148262023926,0
91.6,1048.738037109375,-15.718119621276855,0
91.61,1048.577392578125,-15.721611976623535,0
91.62,1048.4200439453125,-15.721694946289062,0
91.63,1048.2716064453125,-15.712553024291992,0
91.64,1048.1263427734375,-15.700263977050781,0
91.65,1047.9862060546875,-15.682873725891113,0
91.66,1047.8489990234375,-15.66251277923584,0
91.67,1047.71484375,-15.63924503326416,0
91.68,1047.59130859375,-15.605286598205566,0
91.69,1047.4705810546875,-15.568714141845703,0
91.7,1047.352783203125,-15.529587745666504,0
91.71,1047.226318359375,-15.499799728393555,0
91.72,1047.1026611328125,-15.467333793640137,0
91.73,1046.972412109375,-15.442118644714355,0
91.74,1046.844970703125,-15.414144515991211,0
91.75,1046.7147216796875,-15.389415740966797,0
91.76,1046.5931396484375,-15.35598373413086,0
91.77,1046.4686279296875,-15.325923919677734,0
91.78,1046.352783203125,-15.287284851074219,0
91.79,1046.2396240234375,-15.246194839477539,0
91.8,1046.129150390625,-15.202712059020996,0
91.81,1046.010009765625,-15.16872787475586,0
91.82,1045.8935546875,-15.132221221923828,0
91.83,1045.77783203125,-15.095268249511719,0
91.84,1045.6534423828125,-15.06769847869873,0
91.85,1045.5186767578125,-15.05129337310791,0
91.86,1045.38671875,-15.032031059265137,0
91.87,1045.2578125,-15.009973526000977,0
91.88,1045.1201171875,-14.9970703125,0
91.89,1044.979736328125,-14.987133026123047,0
91.9,1044.8365478515625,-14.980164527893066,0
91.91,1044.690673828125,-14.976102828979492,0
91.92,1044.5478515625,-14.968945503234863,0
91.93,1044.404296875,-14.962684631347656,0
91.94,1044.263671875,-14.953376770019531,0
91.95,1044.1259765625,-14.94108772277832,0
91.96,1043.983642578125,-14.933788299560547,0
91.97,1043.8424072265625,-14.925431251525879,0
91.98,1043.7041015625,-14.914077758789062,0
91.99,1043.56494140625,-14.903773307800293,0
92,1043.400146484375,-14.920124053955078,0
92.01,1043.2366943359375,-14.9349365234375,0
92.02,1043.06884765625,-14.954185485839844,0
92.03,1042.8984375,-14.975752830505371,0
92.04,1042.7293701171875,-14.99571704864502,0
92.05,1042.542724609375,-15.033793449401855,0
92.06,1042.359375,-15.067898750305176,0
92.07,1042.1776123046875,-15.100069046020508,0
92.08,1041.999267578125,-15.128374099731445,0
92.09,1041.8223876953125,-15.154852867126465,0
92.1,1041.669921875,-15.15587329864502,0
92.11,1041.5242919921875,-15.149728775024414,0
92.12,1041.3817138671875,-15.140496253967285,0
92.13,1041.249755859375,-15.12033748626709,0
92.14,1041.1207275390625,-15.097381591796875,0
92.15,1040.983154296875,-15.08352279663086,0
92.16,1040.85986328125,-15.054917335510254,0
92.17,1040.72802734375,-15.03553295135498,0
92.18,1040.5989990234375,-15.013354301452637,0
92.19,1040.453857421875,-15.0081787109375,0
92.2,1040.311767578125,-14.99992561340332,0
92.21,1040.1650390625,-14.996562957763672,0
92.22,1040.015625,-14.99597454071045,0
92.23,1039.869384765625,-14.992218017578125,0
92.24,1039.72607421875,-14.985358238220215,0
92.25,1039.585693359375,-14.975458145141602,0
92.26,1039.4368896484375,-14.974468231201172,0
92.27,1039.2796630859375,-14.98215103149414,0
92.28,1039.125732421875,-14.98649787902832,0
92.29,1038.972900390625,-14.98953914642334,0
92.3,1038.8232421875,-14.989336967468262,0
92.31,1038.6766357421875,-14.98595905303955,0
92.32,1038.5216064453125,-14.991300582885742,0
92.33,1038.3697509765625,-14.993351936340332,0
92.34,1038.220947265625,-14.992180824279785,0
92.35,1038.067626953125,-14.995758056640625,0
92.36,1037.9173583984375,-14.996082305908203,0
92.37,1037.770263671875,-14.993217468261719,0
92.38,1037.6260986328125,-14.987231254577637,0
92.39,1037.475341796875,-14.988055229187012,0
92.4,1037.320068359375,-14.993585586547852,0
92.41,1037.16796875,-14.995820999145508,0
92.42,1037.01904296875,-14.994829177856445,0
92.43,1036.867431640625,-14.996564865112305,0
92.44,1036.713134765625,-15.001023292541504,0
92.45,1036.56201171875,-15.002206802368164,0
92.46,1036.400634765625,-15.01397705078125,0
92.47,1036.23291015625,-15.03218936920166,0
92.48,1036.062744140625,-15.052728652954102,0
92.49,1035.89208984375,-15.073630332946777,0
92.5,1035.7017822265625,-15.114567756652832,0
92.51,1035.501708984375,-15.165252685546875,0
92.52,1035.297607421875,-15.219588279724121,0
92.53,1035.0970458984375,-15.26957893371582,0
92.54,1034.900146484375,-15.315303802490234,0
92.55,1034.7049560546875,-15.358803749084473,0
92.56,1034.5096435546875,-15.402077674865723,0
92.57,1034.3006591796875,-15.458969116210938,0
92.58,1034.093505859375,-15.513379096984863,0
92.59,1033.8900146484375,-15.563380241394043,0
92.6,1033.6845703125,-15.614997863769531,0
92.61,1033.4827880859375,-15.662245750427246,0
92.62,1033.28466796875,-15.705201148986816,0
92.63,1033.08056640625,-15.753808975219727,0
92.64,1032.87646484375,-15.802001953125,0
92.65,1032.689453125,-15.832062721252441,0
92.66,1032.4925537109375,-15.871940612792969,0
92.67,1032.2879638671875,-15.919463157653809,0
92.68,1032.083251953125,-15.966557502746582,0
92.69,1031.88232421875,-16.00929832458496,0
92.7,1031.6851806640625,-16.047767639160156,0
92.71,1031.4915771484375,-16.082042694091797,0
92.72,1031.3016357421875,-16.11220359802246,0
92.73,1031.115234375,-16.13832664489746,0
92.74,1030.9324951171875,-16.160490036010742,0
92.75,1030.7398681640625,-16.192564010620117,0
92.76,1030.5643310546875,-16.206750869750977,0
92.77,1030.39208984375,-16.217208862304688,0
92.78,1030.2081298828125,-16.239763259887695,0
92.79,1030.02392578125,-16.262392044067383,0
92.8,1029.831787109375,-16.292936325073242,0
92.81,1029.643310546875,-16.31939697265625,0
92.82,1029.4698486328125,-16.33002281188965,0
92.83,1029.292236328125,-16.34486961364746,0
92.84,1029.1142578125,-16.35987091064453,0
92.85,1028.93603515625,-16.375019073486328,0
92.86,1028.7518310546875,-16.396249771118164,0
92.87,1028.5711669921875,-16.41356658935547,0
92.88,1028.39208984375,-16.429006576538086,0
92.89,1028.216552734375,-16.440645217895508,0
92.9,1028.04443359375,-16.448556900024414,0
92.91,1027.8758544921875,-16.452816009521484,0
92.92,1027.6934814453125,-16.471269607543945,0
92.93,1027.5052490234375,-16.495662689208984,0
92.94,1027.3206787109375,-16.516056060791016,0
92.95,1027.1490478515625,-16.522716522216797,0
92.96,1026.9808349609375,-16.525732040405273,0
92.97,1026.8160400390625,-16.525177001953125,0
92.98,1026.6451416015625,-16.53093719482422,0
92.99,1026.47021484375,-16.540977478027344,0
93,1026.2987060546875,-16.54730224609375,0
93.01,1026.13818359375,-16.54207992553711,0
93.02,1025.9735107421875,-16.541358947753906,0
93.03,1025.8311767578125,-16.51740837097168,0
93.04,1025.6787109375,-16.504236221313477,0
93.05,1025.5238037109375,-16.4937744140625,0
93.06,1025.3721923828125,-16.48002815246582,0
93.07,1025.21240234375,-16.474897384643555,0
93.08,1025.0557861328125,-16.46637535095215,0
93.09,1024.881591796875,-16.476177215576172,0
93.1,1024.6956787109375,-16.498090744018555,0
93.11,1024.507568359375,-16.521942138671875,0
93.12,1024.3232421875,-16.541799545288086,0
93.13,1024.129150390625,-16.571533203125,0
93.14,1023.938720703125,-16.59714126586914,0
93.15,1023.7405395507812,-16.63053321838379,0
93.16,1023.5460205078125,-16.659711837768555,0
93.17,1023.3533325195312,-16.686717987060547,0
93.18,1023.1624145507812,-16.711593627929688,0
93.19,1022.9656372070312,-16.742279052734375,0
93.2,1022.7726440429688,-16.768781661987305,0
93.21,1022.5814208984375,-16.793148040771484,0
93.22,1022.3920288085938,-16.815412521362305,0
93.23,1022.2024536132812,-16.83757972717285,0
93.24,1022.0203247070312,-16.85179328918457,0
93.25,1021.8380126953125,-16.866065979003906,0
93.26,1021.6593017578125,-16.876466751098633,0
93.27,1021.4727172851562,-16.8949031829834,0
93.28,1021.289794921875,-16.90937614440918,0
93.29,1021.1085815429688,-16.92192840576172,0
93.3,1020.932861328125,-16.928668975830078,0
93.31,1020.7606201171875,-16.931678771972656,0
93.32,1020.5919189453125,-16.931034088134766,0
93.33,1020.4248046875,-16.92877197265625,0
93.34,1020.2496948242188,-16.93479347229004,0
93.35,1020.0895385742188,-16.925270080566406,0
93.36,1019.9327392578125,-16.912349700927734,0
93.37,1019.769775390625,-16.905973434448242,0
93.38,1019.6102294921875,-16.896141052246094,0
93.39,1019.4540405273438,-16.882925033569336,0
93.4,1019.2954711914062,-16.872285842895508,0
93.41,1019.1403198242188,-16.85828399658203,0
93.42,1018.994140625,-16.835105895996094,0
93.43,1018.8511962890625,-16.80883026123047,0
93.44,1018.7057495117188,-16.78541374206543,0
93.45,1018.5634765625,-16.7589168548584,0
93.46,1018.4376831054688,-16.71561050415039,0
93.47,1018.3206176757812,-16.663759231567383,0
93.48,1018.2008056640625,-16.615320205688477,0
93.49,1018.0839233398438,-16.564350128173828,0
93.5,1017.9356079101562,-16.546401977539062,0
93.51,1017.79052734375,-16.525310516357422,0
93.52,1017.6466674804688,-16.50310707092285,0
93.53,1017.5060424804688,-16.477855682373047,0
93.54,1017.36474609375,-16.453550338745117,0
93.55,1017.2132568359375,-16.440044403076172,0
93.56,1017.0516357421875,-16.43712043762207,0
93.57,1016.8762817382812,-16.448484420776367,0
93.58,1016.69873046875,-16.462013244628906,0
93.59,1016.5247192382812,-16.471771240234375,0
93.6,1016.350341796875,-16.48175811767578,0
93.61,1016.1795043945312,-16.48804473876953,0
93.62,1016.0120849609375,-16.490705490112305,0
93.63,1015.8270874023438,-16.511510848999023,0
93.64,1015.6456909179688,-16.528385162353516,0
93.65,1015.4640502929688,-16.545331954956055,0
93.66,1015.3030395507812,-16.54070281982422,0
93.67,1015.1453857421875,-16.53265953063965,0
93.68,1014.9644775390625,-16.548799514770508,0
93.69,1014.7852172851562,-16.56306266784668,0
93.7,1014.6075439453125,-16.57553482055664,0
93.71,1014.42578125,-16.592082977294922,0
93.72,1014.2476196289062,-16.604772567749023,0
93.73,1014.0748291015625,-16.611717224121094,0
93.74,1013.8941040039062,-16.62682342529297,0
93.75,1013.7131958007812,-16.642019271850586,0
93.76,1013.5357666015625,-16.653371810913086,0
93.77,1013.3543701171875,-16.668806076049805,0
93.78,1013.176513671875,-16.680387496948242,0
93.79,1013.0021362304688,-16.68819236755371,0
93.8,1012.82177734375,-16.702165603637695,0
93.81,1012.6278686523438,-16.730026245117188,0
93.82,1012.4357299804688,-16.755725860595703,0
93.83,1012.2416381835938,-16.783231735229492,0
93.84,1012.04931640625,-16.808574676513672,0
93.85,1011.8607177734375,-16.829832077026367,0
93.86,1011.6776733398438,-16.845121383666992,0
93.87,1011.4982299804688,-16.856521606445312,0
93.88,1011.3204345703125,-16.86607551574707,0
93.89,1011.1481323242188,-16.869892120361328,0
93.9,1010.9773559570312,-16.87201499938965,0
93.91,1010.81201171875,-16.86855125427246,0
93.92,1010.65380859375,-16.857654571533203,0
93.93,1010.4990234375,-16.843402862548828,0
93.94,1010.3436889648438,-16.82979393005371,0
93.95,1010.1898193359375,-16.814855575561523,0
93.96,1010.0316772460938,-16.80450439453125,0
93.97,1009.8749389648438,-16.792818069458008,0
93.98,1009.7215576171875,-16.777807235717773,0
93.99,1009.5695190429688,-16.76150894165039,0
94,1009.4207763671875,-16.741989135742188,0
94.01,1009.2733764648438,-16.721277236938477,0
94.02,1009.12158203125,-16.705291748046875,0
94.03,1008.9806518554688,-16.678239822387695,0
94.04,1008.8428344726562,-16.64820098876953,0
94.05,1008.7177124023438,-16.605379104614258,0
94.06,1008.5955810546875,-16.559911727905273,0
94.07,1008.4592895507812,-16.529579162597656,0
94.08,1008.3165893554688,-16.506227493286133,0
94.09,1008.177001953125,-16.4798526763916,0
94.1,1008.04052734375,-16.45052146911621,0
94.11,1007.9071655273438,-16.41830062866211,0
94.12,1007.77685546875,-16.383256912231445,0
94.13,1007.6419677734375,-16.353307723999023,0
94.14,1007.4892578125,-16.34214210510254,0
94.15,1007.3397827148438,-16.327739715576172,0
94.16,1007.1915893554688,-16.312131881713867,0
94.17,1007.0465698242188,-16.29338264465332,0
94.18,1006.891357421875,-16.28535270690918,0
94.19,1006.7243041992188,-16.289730072021484,0
94.2,1006.554931640625,-16.296449661254883,0
94.21,1006.3889770507812,-16.29957389831543,0
94.22,1006.224365234375,-16.301189422607422,0
94.23,1006.0631713867188,-16.299312591552734,0
94.24,1005.9053344726562,-16.294017791748047,0
94.25,1005.750732421875,-16.28537368774414,0
94.26,1005.5994262695312,-16.27345085144043,0
94.27,1005.447509765625,-16.26224708557129,0
94.28,1005.298828125,-16.247821807861328,0
94.29,1005.1400756835938,-16.243980407714844,0
94.3,1004.984619140625,-16.236772537231445,0
94.31,1004.82666015625,-16.232208251953125,0
94.32,1004.668212890625,-16.228219985961914,0
94.33,1004.5054321289062,-16.228717803955078,0
94.34,1004.3441162109375,-16.227725982666016,0
94.35,1004.1766357421875,-16.233121871948242,0
94.36,1004.02197265625,-16.22515296936035,0
94.37,1003.87060546875,-16.213903427124023,0
94.38,1003.7186889648438,-16.203369140625,0
94.39,1003.5642700195312,-16.19550132751465,0
94.4,1003.3922119140625,-16.20599937438965,0
94.41,1003.2235717773438,-16.21284294128418,0
94.42,1003.0545043945312,-16.220033645629883,0
94.43,1002.8888549804688,-16.223636627197266,0
94.44,1002.7265625,-16.223722457885742,0
94.45,1002.5656127929688,-16.222381591796875,0
94.46,1002.3756713867188,-16.251041412353516,0
94.47,1002.1893310546875,-16.275665283203125,0
94.48,1002.006591796875,-16.296329498291016,0
94.49,1001.8255004882812,-16.315074920654297,0
94.5,1001.640380859375,-16.33782386779785,0
94.51,1001.4569091796875,-16.35860252380371,0
94.52,1001.2770385742188,-16.375484466552734,0
94.53,1001.1006469726562,-16.388545989990234,0
94.54,1000.9277954101562,-16.397863388061523,0
94.55,1000.7564697265625,-16.40546989440918,0
94.56,1000.5753173828125,-16.423175811767578,0
94.57,1000.395751953125,-16.43905258178711,0
94.58,1000.2178344726562,-16.453079223632812,0
94.59,1000.0300903320312,-16.477062225341797,0
94.6,999.8402709960938,-16.50294303894043,0
94.61,999.6541137695312,-16.524791717529297,0
94.62,999.4640502929688,-16.550535202026367,0
94.63,999.277587890625,-16.57223892211914,0
94.64,999.0947265625,-16.589982986450195,0
94.65,998.9154663085938,-16.60384178161621,0
94.66,998.7378540039062,-16.61585807800293,0
94.67,998.5523071289062,-16.63593292236328,0
94.68,998.3646850585938,-16.6579532623291,0
94.69,998.1807250976562,-16.675987243652344,0
94.7,997.9984130859375,-16.69207763671875,0
94.71,997.8215942382812,-16.702333450317383,0
94.72,997.6482543945312,-16.708833694458008,0
94.73,997.4765014648438,-16.713619232177734,0
94.74,997.306396484375,-16.716720581054688,0
94.75,997.1207275390625,-16.735836029052734,0
94.76,996.9329833984375,-16.75695037841797,0
94.77,996.72802734375,-16.79566192626953,0
94.78,996.52685546875,-16.83001708984375,0
94.79,996.3295288085938,-16.860095977783203,0
94.8,996.1302490234375,-16.89186668395996,0
94.81,995.9403686523438,-16.913516998291016,0
94.82,995.74853515625,-16.93701934814453,0
94.83,995.5661010742188,-16.9505615234375,0
94.84,995.3872680664062,-16.960229873657227,0
94.85,995.2081909179688,-16.97002601623535,0
94.86,995.03271484375,-16.97602081298828,0
94.87,994.8607788085938,-16.978290557861328,0
94.88,994.6790161132812,-16.990646362304688,0
94.89,994.4970703125,-17.003124237060547,0
94.9,994.3110961914062,-17.01958656311035,0
94.91,994.1288452148438,-17.032100677490234,0
94.92,993.940673828125,-17.050554275512695,0
94.93,993.75048828125,-17.070899963378906,0
94.94,993.5640258789062,-17.08720588684082,0
94.95,993.3812255859375,-17.099552154541016,0
94.96,993.1944580078125,-17.115867614746094,0
94.97,993.009521484375,-17.130178451538086,0
94.98,992.8186645507812,-17.150371551513672,0
94.99,992.631591796875,-17.16651153564453,0
95,992.4367065429688,-17.190509796142578,0
95.01,992.2456665039062,-17.210369110107422,0
95.02,992.0582885742188,-17.22616958618164,0
95.03,991.8746337890625,-17.237991333007812,0
95.04,991.6946411132812,-17.245914459228516,0
95.05,991.5181884765625,-17.250015258789062,0
95.06,991.3587036132812,-17.23657989501953,0
95.07,991.2044677734375,-17.21780014038086,0
95.08,991.0516967773438,-17.197715759277344,0
95.09,990.9022216796875,-17.174394607543945,0
95.1,990.737060546875,-17.167585372924805,0
95.11,990.5772094726562,-17.155309677124023,0
95.12,990.4188842773438,-17.14160919189453,0
95.13,990.2639770507812,-17.12455177307129,0
95.14,990.0952758789062,-17.121868133544922,0
95.15,989.9244384765625,-17.121492385864258,0
95.16,989.7532958984375,-17.121417999267578,0
95.17,989.5838012695312,-17.119672775268555,0
95.18,989.4177856445312,-17.11433219909668,0
95.19,989.2551879882812,-17.105470657348633,0
95.2,989.0941162109375,-17.095123291015625,0
95.21,988.9364624023438,-17.081361770629883,0
95.22,988.7840576171875,-17.062294006347656,0
95.23,988.635009765625,-17.039997100830078,0
95.24,988.4816284179688,-17.02239227294922,0
95.25,988.33154296875,-17.001537322998047,0
95.26,988.1846923828125,-16.977502822875977,0
95.27,988.0316162109375,-16.960168838500977,0
95.28,987.8781127929688,-16.943513870239258,0
95.29,987.7279052734375,-16.92360496520996,0
95.3,987.5847778320312,-16.896589279174805,0
95.31,987.44482421875,-16.866544723510742,0
95.32,987.3004760742188,-16.841384887695312,0
95.33,987.1669311523438,-16.80531883239746,0
95.34,987.0288696289062,-16.774274826049805,0
95.35,986.9072265625,-16.726573944091797,0
95.36,986.8018188476562,-16.662567138671875,0
95.37,986.6991577148438,-16.596338272094727,0
95.38,986.5859985351562,-16.54167938232422,0
95.39,986.4700317382812,-16.49051856994629,0
95.4,986.3436279296875,-16.450641632080078,0
95.41,986.22021484375,-16.408092498779297,0
95.42,986.095947265625,-16.366914749145508,0
95.43,985.9745483398438,-16.323108673095703,0
95.44,985.8561401367188,-16.276737213134766,0
95.45,985.7387084960938,-16.229768753051758,0
95.46,985.6242065429688,-16.18031883239746,0
95.47,985.5068359375,-16.134336471557617,0
95.48,985.390380859375,-16.087892532348633,0
95.49,985.2615966796875,-16.054683685302734,0
95.5,985.1433715820312,-16.010900497436523,0
95.51,985.0279541015625,-15.964617729187012,0
95.52,984.9134521484375,-15.917858123779297,0
95.53,984.8017578125,-15.868680000305176,0
95.54,984.6947631835938,-15.815178871154785,0
95.55,984.5904541015625,-15.759419441223145,0
95.56,984.4888305664062,-15.701458930969238,0
95.57,984.3898315429688,-15.641353607177734,0
95.58,984.29345703125,-15.579160690307617,0
95.59,984.1978149414062,-15.516901016235352,0
95.6,984.089599609375,-15.46832275390625,0
95.61,983.9840698242188,-15.417458534240723,0
95.62,983.8811645507812,-15.364365577697754,0
95.63,983.7676391601562,-15.322835922241211,0
95.64,983.6549682617188,-15.280869483947754,0
95.65,983.539306640625,-15.24240493774414,0
95.66,983.3980102539062,-15.23093032836914,0
95.67,983.2597045898438,-15.216460227966309,0
95.68,983.1224365234375,-15.201019287109375,0
95.69,982.9880981445312,-15.182668685913086,0
95.7,982.8472290039062,-15.171281814575195,0
95.71,982.7093505859375,-15.156908988952637,0
95.72,982.559326171875,-15.155312538146973,0
95.73,982.4124145507812,-15.150532722473145,0
95.74,982.2476806640625,-15.16421890258789,0
95.75,982.086181640625,-15.174406051635742,0
95.76,981.926025390625,-15.18312931060791,0
95.77,981.7633666992188,-15.19433879852295,0
95.78,981.6039428710938,-15.202095985412598,0
95.79,981.44580078125,-15.208431243896484,0
95.8,981.2832641601562,-15.219257354736328,0
95.81,981.1220092773438,-15.228595733642578,0
95.82,980.9639892578125,-15.234511375427246,0
95.83,980.8091430664062,-15.237072944641113,0
95.84,980.657470703125,-15.236349105834961,0
95.85,980.4956665039062,-15.24614143371582,0
95.86,980.3408203125,-15.248574256896973,0
95.87,980.1891479492188,-15.247722625732422,0
95.88,980.0405883789062,-15.24365234375,0
95.89,979.8950805664062,-15.236430168151855,0
95.9,979.7489013671875,-15.230047225952148,0
95.91,979.6057739257812,-15.220563888549805,0
95.92,979.4656372070312,-15.208045959472656,0
95.93,979.3265991210938,-15.194517135620117,0
95.94,979.1773071289062,-15.191779136657715,0
95.95,979.0291748046875,-15.187837600708008,0
95.96,978.8746948242188,-15.19056510925293,0
95.97,978.7138671875,-15.199821472167969,0
95.98,978.550537109375,-15.21155071258545,0
95.99,978.3961181640625,-15.2139253616333,0
96,978.2221069335938,-15.236570358276367,0
96.01,978.0514526367188,-15.25551986694336,0
96.02,977.8840942382812,-15.270844459533691,0
96.03,977.7276000976562,-15.274764060974121,0
96.04,977.5742797851562,-15.275362014770508,0
96.05,977.439208984375,-15.257009506225586,0
96.06,977.30712890625,-15.235795974731445,0
96.07,977.177978515625,-15.211785316467285,0
96.08,977.0650024414062,-15.171307563781738,0
96.09,976.95849609375,-15.12451457977295,0
96.1,976.850830078125,-15.079398155212402,0
96.11,976.7457885742188,-15.032007217407227,0
96.12,976.6433715820312,-14.98239803314209,0
96.13,976.5435180664062,-14.930625915527344,0
96.14,976.4443969726562,-14.878707885742188,0
96.15,976.3402099609375,-14.832544326782227,0
96.16,976.2385864257812,-14.784180641174316,0
96.17,976.1149291992188,-14.75917911529541,0
96.18,975.9921264648438,-14.733522415161133,0
96.19,975.8455810546875,-14.73267936706543,0
96.2,975.7020874023438,-14.728727340698242,0
96.21,975.5615844726562,-14.721732139587402,0
96.22,975.4240112304688,-14.71175765991211,0
96.23,975.2874755859375,-14.700826644897461,0
96.24,975.15380859375,-14.687000274658203,0
96.25,975.0154418945312,-14.678189277648926,0
96.26,974.8743286132812,-14.672330856323242,0
96.27,974.7342529296875,-14.665443420410156,0
96.28,974.5933227539062,-14.65950870513916,0
96.29,974.4212646484375,-14.685846328735352,0
96.3,974.2487182617188,-14.712454795837402,0
96.31,974.0794677734375,-14.735397338867188,0
96.32,973.9134521484375,-14.754743576049805,0
96.33,973.7506713867188,-14.770564079284668,0
96.34,973.5910034179688,-14.782926559448242,0
96.35,973.4382934570312,-14.787972450256348,0
96.36,973.2886352539062,-14.789777755737305,0
96.37,973.1212158203125,-14.809991836547852,0
96.38,972.9608154296875,-14.822726249694824,0
96.39,972.8035278320312,-14.832053184509277,0
96.4,972.6494140625,-14.838042259216309,0
96.41,972.4984130859375,-14.840760231018066,0
96.42,972.3504638671875,-14.840272903442383,0
96.43,972.1961059570312,-14.846458435058594,0
96.44,972.0391845703125,-14.855255126953125,0
96.45,971.8853759765625,-14.860719680786133,0
96.46,971.734619140625,-14.862919807434082,0
96.47,971.5775146484375,-14.871731758117676,0
96.48,971.4234619140625,-14.87720775604248,0
96.49,971.2688598632812,-14.883284568786621,0
96.5,971.1040649414062,-14.89981460571289,0
96.51,970.9425048828125,-14.912843704223633,0
96.52,970.774658203125,-14.932252883911133,0
96.53,970.6099853515625,-14.94809627532959,0
96.54,970.452392578125,-14.956517219543457,0
96.55,970.2922973632812,-14.967479705810547,0
96.56,970.1334228515625,-14.977006912231445,0
96.57,969.9777221679688,-14.983160018920898,0
96.58,969.8099365234375,-15.00170612335205,0
96.59,969.6454467773438,-15.016688346862793,0
96.6,969.4691162109375,-15.043818473815918,0
96.61,969.2904052734375,-15.073087692260742,0
96.62,969.1207275390625,-15.092672348022461,0
96.63,968.954345703125,-15.10865306854248,0
96.64,968.791259765625,-15.121101379394531,0
96.65,968.6314086914062,-15.130086898803711,0
96.66,968.46142578125,-15.149412155151367,0
96.67,968.2890625,-15.171013832092285,0
96.68,968.1199951171875,-15.188953399658203,0
96.69,967.927734375,-15.23071575164795,0
96.7,967.725830078125,-15.282071113586426,0
96.71,967.5275268554688,-15.329131126403809,0
96.72,967.3328247070312,-15.371973037719727,0
96.73,967.1340942382812,-15.418522834777832,0
96.74,966.9371337890625,-15.462807655334473,0
96.75,966.739990234375,-15.506828308105469,0
96.76,966.525634765625,-15.568184852600098,0
96.77,966.3074951171875,-15.632827758789062,0
96.78,966.076171875,-15.710490226745605,0
96.79,965.8488159179688,-15.783227920532227,0
96.8,965.6197509765625,-15.856956481933594,0
96.81,965.38330078125,-15.937580108642578,0
96.82,965.1509399414062,-16.01317024230957,0
96.83,964.9225463867188,-16.08381462097168,0
96.84,964.6962890625,-16.151561737060547,0
96.85,964.4739990234375,-16.214494705200195,0
96.86,964.2518310546875,-16.276620864868164,0
96.87,964.0336303710938,-16.334020614624023,0
96.88,963.813720703125,-16.392608642578125,0
96.89,963.6033325195312,-16.440689086914062,0
96.9,963.3967895507812,-16.484294891357422,0
96.91,963.1808471679688,-16.537189483642578,0
96.92,962.9669799804688,-16.587451934814453,0
96.93,962.7474365234375,-16.64297866821289,0
96.94,962.5299682617188,-16.695796966552734,0
96.95,962.3164672851562,-16.743989944458008,0
96.96,962.0955810546875,-16.799360275268555,0
96.97,961.878662109375,-16.850032806396484,0
96.98,961.6561889648438,-16.905900955200195,0
96.99,961.4339599609375,-16.96096420288086,0
97,961.2156982421875,-17.011301040649414,0
97.01,961.00146484375,-17.056997299194336,0
97.02,960.7911376953125,-17.09813690185547,0
97.03,960.5847778320312,-17.134807586669922,0
97.04,960.3822631835938,-17.167091369628906,0
97.05,960.1797485351562,-17.19899559020996,0
97.06,959.9810791015625,-17.22659683227539,0
97.07,959.7862548828125,-17.249977111816406,0
97.08,959.587646484375,-17.27701187133789,0
97.09,959.3871459960938,-17.305709838867188,0
97.1,959.1904907226562,-17.330148696899414,0
97.11,958.9976196289062,-17.35041046142578,0
97.12,958.8009643554688,-17.37436866760254,0
97.13,958.606201171875,-17.3961124420166,0
97.14,958.4152221679688,-17.413721084594727,0
97.15,958.22802734375,-17.42727279663086,0
97.16,958.0407104492188,-17.44077491760254,0
97.17,957.8457641601562,-17.46207046508789,0
97.18,957.6451416015625,-17.488981246948242,0
97.19,957.4484252929688,-17.51163101196289,0
97.2,957.2554931640625,-17.530101776123047,0
97.21,957.0663452148438,-17.544475555419922,0
97.22,956.8809204101562,-17.554832458496094,0
97.23,956.697265625,-17.563213348388672,0
97.24,956.5172729492188,-17.56769561767578,0
97.25,956.3333740234375,-17.576210021972656,0
97.26,956.1474609375,-17.586706161499023,0
97.27,955.9652709960938,-17.593257904052734,0
97.28,955.7792358398438,-17.60373306274414,0
97.29,955.596923828125,-17.610258102416992,0
97.3,955.4182739257812,-17.612913131713867,0
97.31,955.2432250976562,-17.611778259277344,0
97.32,955.07177734375,-17.606929779052734,0
97.33,954.9038696289062,-17.59844398498535,0
97.34,954.7300415039062,-17.59621238708496,0
97.35,954.5560302734375,-17.594215393066406,0
97.36,954.3799438476562,-17.594356536865234,0
97.37,954.2074584960938,-17.590761184692383,0
97.38,954.0366821289062,-17.585468292236328,0
97.39,953.8543701171875,-17.592195510864258,0
97.4,953.6719360351562,-17.59897804260254,0
97.41,953.4893798828125,-17.605812072753906,0
97.42,953.3085327148438,-17.610733032226562,0
97.43,953.1314086914062,-17.611818313598633,0
97.44,952.959716796875,-17.607181549072266,0
97.45,952.7916259765625,-17.59890365600586,0
97.46,952.6270751953125,-17.58706283569336,0
97.47,952.4641723632812,-17.57369613647461,0
97.48,952.3009033203125,-17.56079864501953,0
97.49,952.14111328125,-17.54444122314453,0
97.5,951.9847412109375,-17.524696350097656,0
97.51,951.8128662109375,-17.521202087402344,0
97.52,951.6370239257812,-17.521852493286133,0
97.53,951.4647827148438,-17.518774032592773,0
97.54,951.2904052734375,-17.517929077148438,0
97.55,951.1177368164062,-17.515344619750977,0
97.56,950.937255859375,-17.52081298828125,0
97.57,950.7547607421875,-17.528337478637695,0
97.58,950.5665283203125,-17.541744232177734,0
97.59,950.3782348632812,-17.555078506469727,0
97.6,950.1936645507812,-17.564414978027344,0
97.61,950.0127563476562,-17.569833755493164,0
97.62,949.8336181640625,-17.573373794555664,0
97.63,949.6581420898438,-17.5731143951416,0
97.64,949.4824829101562,-17.573055267333984,0
97.65,949.3048095703125,-17.575101852416992,0
97.66,949.1156005859375,-17.58901596069336,0
97.67,948.9263305664062,-17.60283660888672,0
97.68,948.7276000976562,-17.626317977905273,0
97.69,948.53271484375,-17.645578384399414,0
97.7,948.3340454101562,-17.668548583984375,0
97.71,948.1392211914062,-17.687297821044922,0
97.72,947.9444580078125,-17.705833435058594,0
97.73,947.7534790039062,-17.720233917236328,0
97.74,947.5662841796875,-17.730579376220703,0
97.75,947.3828125,-17.73695182800293,0
97.76,947.1917114257812,-17.75114631652832,0
97.77,946.998779296875,-17.767112731933594,0
97.78,946.8058471679688,-17.782909393310547,0
97.79,946.6129150390625,-17.798532485961914,0
97.8,946.423828125,-17.81005859375,0
97.81,946.2384643554688,-17.81757164001465,0
97.82,946.0360717773438,-17.842676162719727,0
97.83,945.8375854492188,-17.863481521606445,0
97.84,945.6618041992188,-17.86050796508789,0
97.85,945.4707641601562,-17.873369216918945,0
97.86,945.2835693359375,-17.88217544555664,0
97.87,945.10009765625,-17.887008666992188,0
97.88,944.9183959960938,-17.889909744262695,0
97.89,944.7555541992188,-17.87331771850586,0
97.9,944.5811157226562,-17.868913650512695,0
97.91,944.4253540039062,-17.845170974731445,0
97.92,944.2522583007812,-17.839595794677734,0
97.93,944.082763671875,-17.830350875854492,0
97.94,943.9168701171875,-17.81751251220703,0
97.95,943.7545166015625,-17.801156997680664,0
97.96,943.5955810546875,-17.781360626220703,0
97.97,943.440185546875,-17.758197784423828,0
97.98,943.2843627929688,-17.73566436767578,0
97.99,943.1319580078125,-17.70983123779297,0
98,942.98291015625,-17.680768966674805,0
98.01,942.8372192382812,-17.64855194091797,0
98.02,942.69482421875,-17.613250732421875,0
98.03,942.5556640625,-17.574935913085938,0
98.04,942.3990478515625,-17.555147171020508,0
98.05,942.245849609375,-17.532039642333984,0
98.06,942.0960083007812,-17.505687713623047,0
98.07,941.9456787109375,-17.480087280273438,0
98.08,941.8062133789062,-17.443510055541992,0
98.09,941.6624145507812,-17.411775588989258,0
98.1,941.5218505859375,-17.376996994018555,0
98.11,941.3788452148438,-17.345129013061523,0
98.12,941.2390747070312,-17.31023406982422,0
98.13,941.1025390625,-17.272382736206055,0
98.14,940.9654541015625,-17.23550796508789,0
98.15,940.8314819335938,-17.19573402404785,0
98.16,940.6893310546875,-17.164899826049805,0
98.17,940.5485229492188,-17.13301658630371,0
98.18,940.4127807617188,-17.09619140625,0
98.19,940.2952880859375,-17.040855407714844,0
98.2,940.177001953125,-16.98690414428711,0
98.21,940.0616455078125,-16.930456161499023,0
98.22,939.94921875,-16.871572494506836,0
98.23,939.854736328125,-16.794734954833984,0
98.24,939.7534790039062,-16.72566032409668,0
98.25,939.655029296875,-16.65445327758789,0
98.26,939.5686645507812,-16.571420669555664,0
98.27,939.4754638671875,-16.496326446533203,0
98.28,939.3792724609375,-16.425100326538086,0
98.29,939.2857666015625,-16.351848602294922,0
98.3,939.189208984375,-16.282514572143555,0
98.31,939.0953369140625,-16.21114730834961,0
98.32,938.9889526367188,-16.1534423828125,0
98.33,938.8758544921875,-16.10324478149414,0
98.34,938.765625,-16.0506591796875,0
98.35,938.6411743164062,-16.013347625732422,0
98.36,938.5195922851562,-15.973403930664062,0
98.37,938.3990478515625,-15.932852745056152,0
98.38,938.2813720703125,-15.889753341674805,0
98.39,938.1571044921875,-15.85391902923584,0
98.4,938.0451049804688,-15.805702209472656,0
98.41,937.9359130859375,-15.755120277404785,0
98.42,937.8294677734375,-15.70223331451416,0
98.43,937.7276000976562,-15.645135879516602,0
98.44,937.6378173828125,-15.57613754272461,0
98.45,937.52978515625,-15.526717185974121,0
98.46,937.4131469726562,-15.486730575561523,0
98.47,937.2936401367188,-15.450164794921875,0
98.48,937.1751098632812,-15.412978172302246,0
98.49,937.059326171875,-15.373284339904785,0
98.5,936.9443969726562,-15.333102226257324,0
98.51,936.8322143554688,-15.290491104125977,0
98.52,936.7227783203125,-15.245509147644043,0
98.53,936.6083984375,-15.206064224243164,0
98.54,936.50439453125,-15.156352996826172,0
98.55,936.3953857421875,-15.11229419708252,0
98.56,936.2890625,-15.065932273864746,0
98.57,936.1646728515625,-15.038792610168457,0
98.58,936.0430297851562,-15.00901985168457,0
98.59,935.92041015625,-14.980596542358398,0
98.6,935.796875,-14.953447341918945,0
98.61,935.6723022460938,-14.927605628967285,0
98.62,935.550537109375,-14.899126052856445,0
98.63,935.427734375,-14.871993064880371,0
98.64,935.29638671875,-14.853976249694824,0
98.65,935.1679077148438,-14.833176612854004,0
98.66,935.0422973632812,-14.809656143188477,0
98.67,934.9157104492188,-14.787402153015137,0
98.68,934.7919311523438,-14.762466430664062,0
98.69,934.665283203125,-14.740739822387695,0
98.7,934.53955078125,-14.718294143676758,0
98.71,934.4147338867188,-14.695146560668945,0
98.72,934.2870483398438,-14.675187110900879,0
98.73,934.1622314453125,-14.6525239944458,0
98.74,934.0363159179688,-14.63114070892334,0
98.75,933.9132690429688,-14.607090950012207,0
98.76,933.79296875,-14.580435752868652,0
98.77,933.6678466796875,-14.559026718139648,0
98.78,933.5455322265625,-14.534968376159668,0
98.79,933.4146118164062,-14.520035743713379,0
98.8,933.2714233398438,-14.517966270446777,0
98.81,933.1349487304688,-14.508935928344727,0
98.82,932.9976196289062,-14.500936508178711,0
98.83,932.8612670898438,-14.491985321044922,0
98.84,932.72216796875,-14.485973358154297,0
98.85,932.5670776367188,-14.496576309204102,0
98.86,932.396240234375,-14.523393630981445,0
98.87,932.2285766601562,-14.54658031463623,0
98.88,932.0641479492188,-14.566206932067871,0
98.89,931.90478515625,-14.580377578735352,0
98.9,931.74853515625,-14.591164588928223,0
98.91,931.5953979492188,-14.598633766174316,0
98.92,931.4453125,-14.602853775024414,0
98.93,931.2982788085938,-14.603888511657715,0
98.94,931.15234375,-14.603766441345215,0
98.95,931,-14.61030101776123,0
98.96,930.8488159179688,-14.61556339263916,0
98.97,930.6950073242188,-14.623446464538574,0
98.98,930.5310668945312,-14.641742706298828,0
98.99,930.368408203125,-14.658520698547363,0
99,930.2089233398438,-14.671844482421875,0
99.01,930.0526123046875,-14.681781768798828,0
99.02,929.8994140625,-14.68840217590332,0
99.03,929.7360229492188,-14.70544719696045,0
99.04,929.5758666992188,-14.719022750854492,0
99.05,929.4188232421875,-14.72919750213623,0
99.06,929.2554931640625,-14.7457914352417,0
99.07,929.0953369140625,-14.758916854858398,0
99.08,928.9327392578125,-14.7744722366333,0
99.09,928.75634765625,-14.804119110107422,0
99.1,928.5794677734375,-14.833941459655762,0
99.11,928.3965454101562,-14.869760513305664,0
99.12,928.2264404296875,-14.891937255859375,0
99.13,928.0595703125,-14.910500526428223,0
99.14,927.8865356445312,-14.935273170471191,0
99.15,927.7261962890625,-14.946617126464844,0
99.16,927.5577392578125,-14.96627140045166,0
99.17,927.392578125,-14.982348442077637,0
99.18,927.2249755859375,-15.000747680664062,0
99.19,927.0568237304688,-15.019511222839355,0
99.2,926.906982421875,-15.019121170043945,0
99.21,926.7601928710938,-15.015552520751953,0
99.22,926.6014404296875,-15.024454116821289,0
99.23,926.44580078125,-15.029985427856445,0
99.24,926.28955078125,-15.036136627197266,0
99.25,926.1364135742188,-15.038971900939941,0
99.26,925.9751586914062,-15.05021858215332,0
99.27,925.828369140625,-15.046381950378418,0
99.28,925.67333984375,-15.051092147827148,0
99.29,925.521484375,-15.052512168884277,0
99.3,925.36328125,-15.060462951660156,0
99.31,925.2081909179688,-15.065055847167969,0
99.32,925.0562744140625,-15.06635856628418,0
99.33,924.907470703125,-15.064438819885254,0
99.34,924.76171875,-15.059362411499023,0
99.35,924.6077270507812,-15.062910079956055,0
99.36,924.4549560546875,-15.065152168273926,0
99.37,924.2996826171875,-15.069982528686523,0
99.38,924.13427734375,-15.08519458770752,0
99.39,923.9721069335938,-15.096894264221191,0
99.4,923.8131713867188,-15.105152130126953,0
99.41,923.6574096679688,-15.11003589630127,0
99.42,923.5009765625,-15.115538597106934,0
99.43,923.3383178710938,-15.127418518066406,0
99.44,923.1920776367188,-15.122224807739258,0
99.45,923.048828125,-15.11392879486084,0
99.46,922.9086303710938,-15.1025972366333,0
99.47,922.7714233398438,-15.08829402923584,0
99.48,922.6371459960938,-15.071083068847656,0
99.49,922.50390625,-15.05298900604248,0
99.5,922.3566284179688,-15.049617767333984,0
99.51,922.1973266601562,-15.058704376220703,0
99.52,922.041259765625,-15.064410209655762,0
99.53,921.8883056640625,-15.066803932189941,0
99.54,921.7365112304688,-15.067914009094238,0
99.55,921.580322265625,-15.073594093322754,0
99.56,921.4253540039062,-15.077922821044922,0
99.57,921.2716674804688,-15.080924987792969,0
99.58,921.1041259765625,-15.098211288452148,0
99.59,920.9398803710938,-15.111939430236816,0
99.6,920.7769775390625,-15.124140739440918,0
99.61,920.6173095703125,-15.13288402557373,0
99.62,920.4401245117188,-15.159651756286621,0
99.63,920.2662963867188,-15.18265438079834,0
99.64,920.0957641601562,-15.201964378356934,0
99.65,919.9285888671875,-15.217653274536133,0
99.66,919.7647094726562,-15.229792594909668,0
99.67,919.5965576171875,-15.246245384216309,0
99.68,919.4052734375,-15.286423683166504,0
99.69,919.2099609375,-15.330327033996582,0
99.7,919.016357421875,-15.372038841247559,0
99.71,918.8150024414062,-15.42134952545166,0
99.72,918.6172485351562,-15.466378211975098,0
99.73,918.4231567382812,-15.507203102111816,0
99.74,918.2269897460938,-15.54973030090332,0
99.75,918.0250244140625,-15.597840309143066,0
99.76,917.8153686523438,-15.65337085723877,0
99.77,917.6094970703125,-15.704442024230957,0
99.78,917.390380859375,-15.76867961883545,0
99.79,917.1751098632812,-15.828254699707031,0
99.8,916.9618530273438,-15.88515853881836,0
99.81,916.7542114257812,-15.93561840057373,0
99.82,916.5503540039062,-15.981663703918457,0
99.83,916.3502807617188,-16.023374557495117,0
99.84,916.1520385742188,-16.062740325927734,0
99.85,915.9329833984375,-16.123226165771484,0
99.86,915.7177734375,-16.179052352905273,0
99.87,915.502685546875,-16.234224319458008,0
99.88,915.2877197265625,-16.2886905670166,0
99.89,915.0765991210938,-16.338584899902344,0
99.9,914.8655395507812,-16.38791275024414,0
99.91,914.6583251953125,-16.43275260925293,0
99.92,914.4530639648438,-16.47515106201172,0
99.93,914.2515869140625,-16.513187408447266,0
99.94,914.0538330078125,-16.546939849853516,0
99.95,913.8541870117188,-16.582319259643555,0
99.96,913.6337890625,-16.638792037963867,0
99.97,913.4061279296875,-16.70223617553711,0
99.98,913.1825561523438,-16.76083755493164,0
99.99,912.9629516601562,-16.81468391418457,0
100,912.7322387695312,-16.87944221496582,0
100.01,912.4942626953125,-16.951005935668945,0
100.02,912.2511596679688,-17.027206420898438,0
100.03,912.0047607421875,-17.10602378845215,0
100.04,911.7701416015625,-17.17180633544922,0
100.05,911.5359497070312,-17.236522674560547,0
100.06,911.305908203125,-17.29625701904297,0
100.07,911.0799560546875,-17.351097106933594,0
100.08,910.8580932617188,-17.401132583618164,0
100.09,910.6403198242188,-17.44645118713379,0
100.1,910.4265747070312,-17.48714256286621,0
100.11,910.216796875,-17.523290634155273,0
100.12,910.0109252929688,-17.554981231689453,0
100.13,909.8033447265625,-17.58812713623047,0
100.14,909.5996704101562,-17.61686134338379,0
100.15,909.3923950195312,-17.64906120300293,0
100.16,909.177734375,-17.688570022583008,0
100.17,908.9671020507812,-17.7235164642334,0
100.18,908.7604370117188,-17.75398826599121,0
100.19,908.5558471679688,-17.78197479248047,0
100.2,908.355224609375,-17.80561637878418,0
100.21,908.1602783203125,-17.823091506958008,0
100.22,907.9673461914062,-17.838333129882812,0
100.23,907.7744140625,-17.85340118408203,0
100.24,907.5833740234375,-17.866336822509766,0
100.25,907.3961181640625,-17.87521743774414,0
100.26,907.2051391601562,-17.887859344482422,0
100.27,907.0160522460938,-17.898406982421875,0
100.28,906.8194580078125,-17.916656494140625,0
100.29,906.62109375,-17.93656349182129,0
100.3,906.4208984375,-17.958086013793945,0
100.31,906.2246704101562,-17.975357055664062,0
100.32,906.0379028320312,-17.982633590698242,0
100.33,905.8492431640625,-17.991775512695312,0
100.34,905.6567993164062,-18.00470542907715,0
100.35,905.4682006835938,-18.0135498046875,0
100.36,905.2777709960938,-18.024221420288086,0
100.37,905.0967407226562,-18.025022506713867,0
100.38,904.91943359375,-18.021982192993164,0
100.39,904.7326049804688,-18.02880096435547,0
100.4,904.5420532226562,-18.039445877075195,0
100.41,904.3552856445312,-18.04604721069336,0
100.42,904.1722412109375,-18.04868507385254,0
100.43,903.9929809570312,-18.047439575195312,0
100.44,903.8136596679688,-18.0462589263916,0
100.45,903.6342163085938,-18.045196533203125,0
100.46,903.4452514648438,-18.0539493560791,0
100.47,903.2601318359375,-18.058692932128906,0
100.48,903.0787353515625,-18.05950927734375,0
100.49,902.8916625976562,-18.06622886657715,0
100.5,902.7083129882812,-18.068979263305664,0
100.51,902.521240234375,-18.075632095336914,0
100.52,902.337890625,-18.07831382751465,0
100.53,902.1638793945312,-18.071277618408203,0
100.54,901.9879150390625,-18.06637954711914,0
100.55,901.8212280273438,-18.051921844482422,0
100.56,901.6580810546875,-18.0339298248291,0
100.57,901.4871826171875,-18.024141311645508,0
100.58,901.3198852539062,-18.01072883605957,0
100.59,901.1486206054688,-18.00156021118164,0
100.6,900.9810180664062,-17.988759994506836,0
100.61,900.8150634765625,-17.9743709564209,0
100.62,900.6300659179688,-17.979782104492188,0
100.63,900.4468994140625,-17.98322868347168,0
100.64,900.2656860351562,-17.98469352722168,0
100.65,900.0843505859375,-17.986238479614258,0
100.66,899.9105224609375,-17.980012893676758,0
100.67,899.7365112304688,-17.97402572631836,0
100.68,899.5661010742188,-17.9643497467041,0
100.69,899.3805541992188,-17.970508575439453,0
100.7,899.19873046875,-17.97273063659668,0
100.71,899.0205688476562,-17.971094131469727,0
100.72,898.84423828125,-17.967641830444336,0
100.73,898.6715087890625,-17.96044921875,0
100.74,898.5042724609375,-17.9476318359375,0
100.75,898.3386840820312,-17.933231353759766,0
100.76,898.1766357421875,-17.91532325744629,0
100.77,898.0181274414062,-17.89398193359375,0
100.78,897.863037109375,-17.869281768798828,0
100.79,897.7057495117188,-17.847126007080078,0
100.8,897.5518798828125,-17.821638107299805,0
100.81,897.3939208984375,-17.800682067871094,0
100.82,897.2300415039062,-17.78607749938965,0
100.83,897.06396484375,-17.773883819580078,0
100.84,896.9014282226562,-17.75817108154297,0
100.85,896.7423706054688,-17.739013671875,0
100.86,896.5792846679688,-17.72422218322754,0
100.87,896.419677734375,-17.70597267150879,0
100.88,896.2615966796875,-17.686304092407227,0
100.89,896.10693359375,-17.663286209106445,0
100.9,895.9556884765625,-17.636991500854492,0
100.91,895.8096923828125,-17.605533599853516,0
100.92,895.6670532226562,-17.570985794067383,0
100.93,895.5276489257812,-17.533418655395508,0
100.94,895.3782958984375,-17.50652313232422,0
100.95,895.2228393554688,-17.48621940612793,0
100.96,895.0538940429688,-17.4801082611084,0
100.97,894.9053344726562,-17.45292854309082,0
100.98,894.7601318359375,-17.422603607177734,0
100.99,894.599365234375,-17.40865135192871,0
101,894.4326782226562,-17.400991439819336,0
101.01,894.2694702148438,-17.38979721069336,0
101.02,894.1171875,-17.367406845092773,0
101.03,893.9701538085938,-17.339828491210938,0
101.04,893.8245239257812,-17.311100006103516,0
101.05,893.68212890625,-17.27928924560547,0
101.06,893.5411376953125,-17.246370315551758,0
101.07,893.4033203125,-17.210466384887695,0
101.08,893.2686767578125,-17.171646118164062,0
101.09,893.13720703125,-17.129980087280273,0
101.1,893.0087890625,-17.085533142089844,0
101.11,892.8796997070312,-17.042295455932617,0
101.12,892.7311401367188,-17.01964569091797,0
101.13,892.5802612304688,-16.999677658081055,0
101.14,892.4307861328125,-16.97847557067871,0
101.15,892.2845458984375,-16.954105377197266,0
101.16,892.1339721679688,-16.934431076049805,0
101.17,891.9866943359375,-16.91156578063965,0
101.18,891.8408203125,-16.887487411499023,0
101.19,891.68310546875,-16.87590217590332,0
101.2,891.5250244140625,-16.864839553833008,0
101.21,891.3703002929688,-16.850427627563477,0
101.22,891.2000732421875,-16.85218620300293,0
101.23,891.0521240234375,-16.830883026123047,0
101.24,890.8886108398438,-16.825895309448242,0
101.25,890.73974609375,-16.805782318115234,0
101.26,890.5829467773438,-16.79417610168457,0
101.27,890.427490234375,-16.781204223632812,0
101.28,890.2735595703125,-16.766845703125,0
101.29,890.124755859375,-16.747318267822266,0
101.3,889.9791870117188,-16.724637985229492,0
101.31,889.8368530273438,-16.698875427246094,0
101.32,889.6976318359375,-16.67009925842285,0
101.33,889.5615844726562,-16.638376235961914,0
101.34,889.4042358398438,-16.629051208496094,0
101.35,889.2501220703125,-16.616390228271484,0
101.36,889.0618286132812,-16.639305114746094,0
101.37,888.8733520507812,-16.662145614624023,0
101.38,888.6867065429688,-16.68288803100586,0
101.39,888.503662109375,-16.699668884277344,0
101.4,888.32421875,-16.712562561035156,0
101.41,888.1483154296875,-16.721647262573242,0
101.42,887.9758911132812,-16.72699737548828,0
101.43,887.8069458007812,-16.728689193725586,0
101.44,887.6414794921875,-16.726797103881836,0
101.45,887.4737548828125,-16.727224349975586,0
101.46,887.3076171875,-16.726055145263672,0
101.47,887.1430053710938,-16.723323822021484,0
101.48,886.9817504882812,-16.71710205078125,0
101.49,886.8201293945312,-16.711328506469727,0
101.5,886.6619262695312,-16.70212745666504,0
101.51,886.5051879882812,-16.69153594970703,0
101.52,886.3535766601562,-16.6756591796875,0
101.53,886.2052612304688,-16.65656852722168,0
101.54,886.0601806640625,-16.634336471557617,0
101.55,885.9183349609375,-16.609031677246094,0
101.56,885.781494140625,-16.578763961791992,0
101.57,885.6402587890625,-16.553390502929688,0
101.58,885.5096435546875,-16.517236709594727,0
101.59,885.382080078125,-16.47831916809082,0
101.6,885.2649536132812,-16.42896842956543,0
101.61,885.1506958007812,-16.37714385986328,0
101.62,885.039306640625,-16.322906494140625,0
101.63,884.9307861328125,-16.266319274902344,0
101.64,884.8362426757812,-16.195783615112305,0
101.65,884.7443237304688,-16.12325668334961,0
101.66,884.655029296875,-16.048795700073242,0
101.67,884.5682983398438,-15.972456932067871,0
101.68,884.4859619140625,-15.89233112335205,0
101.69,884.4061279296875,-15.81047534942627,0
101.7,884.3287353515625,-15.726944923400879,0
101.71,884.2518310546875,-15.643752098083496,0
101.72,884.1773071289062,-15.55894660949707,0
101.73,884.1014404296875,-15.476445198059082,0
101.74,884.0278930664062,-15.392351150512695,0
101.75,883.9510498046875,-15.312543869018555,0
101.76,883.8652954101562,-15.242781639099121,0
101.77,883.7801513671875,-15.173178672790527,0
101.78,883.6674194335938,-15.132833480834961,0
101.79,883.546142578125,-15.101764678955078,0
101.8,883.4257202148438,-15.070091247558594,0
101.81,883.3062133789062,-15.037832260131836,0
101.82,883.1707153320312,-15.022436141967773,0
101.83,883.0343627929688,-15.008092880249023,0
101.84,882.895263671875,-14.996689796447754,0
101.85,882.75732421875,-14.984244346618652,0
101.86,882.6241455078125,-14.96696949005127,0
101.87,882.48828125,-14.952702522277832,0
101.88,882.3478393554688,-14.943291664123535,0
101.89,882.2103881835938,-14.930904388427734,0
101.9,882.068359375,-14.923394203186035,0
101.91,881.919921875,-14.922569274902344,0
101.92,881.7632446289062,-14.930253982543945,0
101.93,881.6041259765625,-14.940441131591797,0
101.94,881.4481201171875,-14.947251319885254,0
101.95,881.2933959960938,-14.952713012695312,0
101.96,881.13427734375,-14.962627410888672,0
101.97,880.98583984375,-14.961429595947266,0
101.98,880.8404541015625,-14.957083702087402,0
101.99,880.70556640625,-14.941864013671875,0
102,880.5736083984375,-14.923787117004395,0
102.01,880.4520874023438,-14.895123481750488,0
102.02,880.3333129882812,-14.86388874053955,0
102.03,880.21728515625,-14.830141067504883,0
102.04,880.1039428710938,-14.793939590454102,0
102.05,879.9932861328125,-14.755341529846191,0
102.06,879.8758544921875,-14.72415542602539,0
102.07,879.742431640625,-14.709879875183105,0
102.08,879.6099853515625,-14.69473648071289,0
102.09,879.4784545898438,-14.678749084472656,0
102.1,879.3497924804688,-14.6599760055542,0
102.11,879.2239379882812,-14.638477325439453,0
102.12,879.1008911132812,-14.614314079284668,0
102.13,878.9788208007812,-14.589451789855957,0
102.14,878.8350219726562,-14.587282180786133,0
102.15,878.6942138671875,-14.582062721252441,0
102.16,878.5563354492188,-14.573857307434082,0
102.17,878.4194946289062,-14.564635276794434,0
102.18,878.2611694335938,-14.577790260314941,0
102.19,878.10595703125,-14.587584495544434,0
102.2,877.9537963867188,-14.594083786010742,0
102.21,877.8253173828125,-14.576000213623047,0
102.22,877.6790161132812,-14.576549530029297,0
102.23,877.5226440429688,-14.58755874633789,0
102.24,877.3693237304688,-14.59524917602539,0
102.25,877.2191162109375,-14.599685668945312,0
102.26,877.0718994140625,-14.600934982299805,0
102.27,876.927734375,-14.599061965942383,0
102.28,876.7789916992188,-14.601920127868652,0
102.29,876.6295166015625,-14.605491638183594,0
102.3,876.4718017578125,-14.617549896240234,0
102.31,876.3284912109375,-14.614602088928223,0
102.32,876.1881713867188,-14.60861587524414,0
102.33,876.0357666015625,-14.615178108215332,0
102.34,875.8863525390625,-14.618505477905273,0
102.35,875.7362670898438,-14.622529983520508,0
102.36,875.5797729492188,-14.633122444152832,0
102.37,875.4264526367188,-14.64039421081543,0
102.38,875.276123046875,-14.644411087036133,0
102.39,875.0895385742188,-14.68598461151123,0
102.4,874.8951416015625,-14.735194206237793,0
102.41,874.6986083984375,-14.78609848022461,0
102.42,874.5055541992188,-14.832822799682617,0
102.43,874.3160400390625,-14.875442504882812,0
102.44,874.1300048828125,-14.914033889770508,0
102.45,873.943603515625,-14.952592849731445,0
102.46,873.764404296875,-14.983267784118652,0
102.47,873.5848388671875,-15.014057159423828,0
102.48,873.4086303710938,-15.041031837463379,0
102.49,873.230224609375,-15.070035934448242,0
102.5,873.05517578125,-15.095250129699707,0
102.51,872.859130859375,-15.1419677734375,0
102.52,872.6590576171875,-15.192305564880371,0
102.53,872.4701538085938,-15.230600357055664,0
102.54,872.269775390625,-15.280405044555664,0
102.55,872.0691528320312,-15.329870223999023,0
102.56,871.8703002929688,-15.376976013183594,0
102.57,871.6751098632812,-15.419854164123535,0
102.58,871.4647827148438,-15.477975845336914,0
102.59,871.2581787109375,-15.531622886657715,0
102.6,871.062744140625,-15.573142051696777,0
102.61,870.8709106445312,-15.610507011413574,0
102.62,870.6826171875,-15.643795013427734,0
102.63,870.494140625,-15.676949501037598,0
102.64,870.3129272460938,-15.702231407165527,0
102.65,870.1351928710938,-15.723665237426758,0
102.66,869.9571533203125,-15.74519157409668,0
102.67,869.7825317382812,-15.76293659210205,0
102.68,869.611328125,-15.776973724365234,0
102.69,869.4434814453125,-15.78737735748291,0
102.7,869.2789916992188,-15.794218063354492,0
102.71,869.1177978515625,-15.797568321228027,0
102.72,868.9580078125,-15.799461364746094,0
102.73,868.8014526367188,-15.79796314239502,0
102.74,868.6481323242188,-15.793146133422852,0
102.75,868.4979858398438,-15.785077095031738,0
102.76,868.3416748046875,-15.783522605895996,0
102.77,868.1885375976562,-15.77865219116211,0
102.78,868.03857421875,-15.770535469055176,0
102.79,867.8917846679688,-15.759239196777344,0
102.8,867.7575073242188,-15.735135078430176,0
102.81,867.6318359375,-15.702360153198242,0
102.82,867.509033203125,-15.666925430297852,0
102.83,867.3890991210938,-15.628893852233887,0
102.84,867.27197265625,-15.588326454162598,0
102.85,867.1576538085938,-15.545284271240234,0
102.86,867.0067749023438,-15.540569305419922,0
102.87,866.857177734375,-15.534562110900879,0
102.88,866.710693359375,-15.525382995605469,0
102.89,866.5672607421875,-15.51309871673584,0
102.9,866.425048828125,-15.499734878540039,0
102.91,866.285888671875,-15.483358383178711,0
102.92,866.1365966796875,-15.477596282958984,0
102.93,865.988525390625,-15.47063159942627,0
102.94,865.8248291015625,-15.479917526245117,0
102.95,865.6588134765625,-15.491559982299805,0
102.96,865.490478515625,-15.505451202392578,0
102.97,865.3217163085938,-15.519636154174805,0
102.98,865.1187744140625,-15.56902027130127,0
102.99,864.91015625,-15.623785972595215,0
103,864.6996459960938,-15.679944038391113,0
103.01,864.492919921875,-15.7316255569458,0
103.02,864.2861938476562,-15.7827787399292,0
103.03,864.0869140625,-15.825668334960938,0
103.04,863.8875732421875,-15.868188858032227,0
103.05,863.6881103515625,-15.910394668579102,0
103.06,863.4885864257812,-15.952227592468262,0
103.07,863.292724609375,-15.989819526672363,0
103.08,863.0986938476562,-16.025156021118164,0
103.09,862.9100952148438,-16.054462432861328,0
103.1,862.7232666015625,-16.081668853759766,0
103.11,862.5343627929688,-16.110736846923828,0
103.12,862.341552734375,-16.143524169921875,0
103.13,862.1467895507812,-16.17804527282715,0
103.14,861.9462890625,-16.218122482299805,0
103.15,861.74951171875,-16.253938674926758,0
103.16,861.556396484375,-16.285573959350586,0
103.17,861.35009765625,-16.330537796020508,0
103.18,861.1475830078125,-16.37111473083496,0
103.19,860.9656982421875,-16.38995933532715,0
103.2,860.7891845703125,-16.40303611755371,0
103.21,860.6161499023438,-16.41236686706543,0
103.22,860.4541015625,-16.410234451293945,0
103.23,860.2953491210938,-16.404664993286133,0
103.24,860.139892578125,-16.395729064941406,0
103.25,859.980224609375,-16.39128875732422,0
103.26,859.8238525390625,-16.383460998535156,0
103.27,859.6707763671875,-16.3723201751709,0
103.28,859.52099609375,-16.357934951782227,0
103.29,859.366943359375,-16.348108291625977,0
103.3,859.206787109375,-16.34471321105957,0
103.31,859.0424194335938,-16.34565544128418,0
103.32,858.8814086914062,-16.343111038208008,0
103.33,858.7236938476562,-16.3371524810791,0
103.34,858.5655517578125,-16.331716537475586,0
103.35,858.4107055664062,-16.322927474975586,0
103.36,858.2572631835938,-16.312820434570312,0
103.37,858.103271484375,-16.303325653076172,0
103.38,857.9413452148438,-16.302167892456055,0
103.39,857.7827758789062,-16.297576904296875,0
103.4,857.623779296875,-16.293489456176758,0
103.41,857.468017578125,-16.286029815673828,0
103.42,857.311767578125,-16.279191970825195,0
103.43,857.1513061523438,-16.276775360107422,0
103.44,856.994140625,-16.27095603942871,0
103.45,856.8234252929688,-16.279233932495117,0
103.46,856.6561279296875,-16.283889770507812,0
103.47,856.4921875,-16.284996032714844,0
103.48,856.316650390625,-16.29814910888672,0
103.49,856.13525390625,-16.317214965820312,0
103.5,855.95361328125,-16.336353302001953,0
103.51,855.7680053710938,-16.35936737060547,0
103.52,855.593505859375,-16.37070655822754,0
103.53,855.4149780273438,-16.386075973510742,0
103.54,855.2399291992188,-16.397655487060547,0
103.55,855.0645751953125,-16.409387588500977,0
103.56,854.8870849609375,-16.42322540283203,0
103.57,854.7056274414062,-16.441030502319336,0
103.58,854.5277099609375,-16.45498275756836,0
103.59,854.33837890625,-16.480627059936523,0
103.6,854.16015625,-16.49451446533203,0
103.61,853.97802734375,-16.512353897094727,0
103.62,853.7975463867188,-16.528289794921875,0
103.63,853.6224365234375,-16.53843116760254,0
103.64,853.4489135742188,-16.546817779541016,0
103.65,853.2732543945312,-16.55735206604004,0
103.66,853.10107421875,-16.564157485961914,0
103.67,852.9268188476562,-16.573081970214844,0
103.68,852.7335815429688,-16.6015682220459,0
103.69,852.5365600585938,-16.633682250976562,0
103.7,852.34326171875,-16.661611557006836,0
103.71,852.1610717773438,-16.67770004272461,0
103.72,851.9825439453125,-16.689922332763672,0
103.73,851.800048828125,-16.70608901977539,0
103.74,851.62109375,-16.718379974365234,0
103.75,851.4457397460938,-16.72687339782715,0
103.76,851.2607421875,-16.745206832885742,0
103.77,851.0699462890625,-16.769309997558594,0
103.78,850.8829345703125,-16.78936195373535,0
103.79,850.701416015625,-16.80348014831543,0
103.8,850.5215454101562,-16.81570816040039,0
103.81,850.3340454101562,-16.83572006225586,0
103.82,850.1596069335938,-16.84205436706543,0
103.83,849.9886474609375,-16.844688415527344,0
103.84,849.8211669921875,-16.84369468688965,0
103.85,849.647705078125,-16.848844528198242,0
103.86,849.4609375,-16.86774253845215,0
103.87,849.2759399414062,-16.884580612182617,0
103.88,849.0946655273438,-16.897491455078125,0
103.89,848.9169921875,-16.90655517578125,0
103.9,848.7427978515625,-16.911848068237305,0
103.91,848.5664672851562,-16.919275283813477,0
103.92,848.3843383789062,-16.932655334472656,0
103.93,848.2039794921875,-16.944076538085938,0
103.94,848.0272216796875,-16.951669692993164,0
103.95,847.8558349609375,-16.95360565185547,0
103.96,847.691650390625,-16.948040008544922,0
103.97,847.5271606445312,-16.942859649658203,0
103.98,847.3698120117188,-16.93032455444336,0
103.99,847.2120971679688,-16.91832160949707,0
104,847.0577392578125,-16.902976989746094,0
104.01,846.9104614257812,-16.880495071411133,0
104.02,846.766357421875,-16.85489273071289,0
104.03,846.6235961914062,-16.828144073486328,0
104.04,846.4840698242188,-16.79837417602539,0
104.05,846.3477172851562,-16.76565170288086,0
104.06,846.21630859375,-16.728137969970703,0
104.07,846.0861206054688,-16.68975067138672,0
104.08,845.9608154296875,-16.646705627441406,0
104.09,845.8385009765625,-16.60101318359375,0
104.1,845.71728515625,-16.55463981628418,0
104.11,845.6008911132812,-16.503801345825195,0
104.12,845.4873657226562,-16.450504302978516,0
104.13,845.37109375,-16.400583267211914,0
104.14,845.2427368164062,-16.36367416381836,0
104.15,845.1080322265625,-16.3337459564209,0
104.16,844.9744873046875,-16.302928924560547,0
104.17,844.8233642578125,-16.29058074951172,0
104.18,844.6624145507812,-16.288537979125977,0
104.19,844.4879760742188,-16.30051040649414,0
104.2,844.3076171875,-16.3184757232666,0
104.21,844.1307373046875,-16.332611083984375,0
104.22,843.9573974609375,-16.342992782592773,0
104.23,843.7874755859375,-16.349695205688477,0
104.24,843.6209716796875,-16.352792739868164,0
104.25,843.4466552734375,-16.36396026611328,0
104.26,843.2739868164062,-16.373332977294922,0
104.27,843.104736328125,-16.379039764404297,0
104.28,842.9313354492188,-16.388946533203125,0
104.29,842.7614135742188,-16.395174026489258,0
104.3,842.5949096679688,-16.397796630859375,0
104.31,842.42431640625,-16.404619216918945,0
104.32,842.25341796875,-16.41168975830078,0
104.33,842.0841064453125,-16.417037963867188,0
104.34,841.918212890625,-16.418794631958008,0
104.35,841.7538452148438,-16.418994903564453,0
104.36,841.5928344726562,-16.415708541870117,0
104.37,841.4071044921875,-16.4379825592041,0
104.38,841.2529907226562,-16.427339553833008,0
104.39,841.0853881835938,-16.430803298950195,0
104.4,840.921142578125,-16.43071174621582,0
104.41,840.777099609375,-16.40976333618164,0
104.42,840.6361694335938,-16.38576316833496,0
104.43,840.5020751953125,-16.35491180419922,0
104.44,840.3710327148438,-16.32122230529785,0
104.45,840.2262573242188,-16.302135467529297,0
104.46,840.0846557617188,-16.27998161315918,0
104.47,839.9461669921875,-16.254831314086914,0
104.48,839.810791015625,-16.226747512817383,0
104.49,839.6784057617188,-16.195798873901367,0
104.5,839.5396728515625,-16.171743392944336,0
104.51,839.4021606445312,-16.14665412902832,0
104.52,839.2640380859375,-16.122522354125977,0
104.53,839.123291015625,-16.101295471191406,0
104.54,838.9856567382812,-16.07708740234375,0
104.55,838.8436279296875,-16.057697296142578,0
104.56,838.700927734375,-16.039167404174805,0
104.57,838.5613403320312,-16.017614364624023,0
104.58,838.4248657226562,-15.993106842041016,0
104.59,838.2802124023438,-15.977310180664062,0
104.6,838.1498413085938,-15.946847915649414,0
104.61,838.01123046875,-15.925227165222168,0
104.62,837.8831787109375,-15.892938613891602,0
104.63,837.7449340820312,-15.871501922607422,0
104.64,837.60791015625,-15.849043846130371,0
104.65,837.4794921875,-15.817911148071289,0
104.66,837.348388671875,-15.789833068847656,0
104.67,837.2015991210938,-15.778314590454102,0
104.68,837.0579833984375,-15.76368522644043,0
104.69,836.8968505859375,-15.76731014251709,0
104.7,836.739013671875,-15.76751708984375,0
104.71,836.5825805664062,-15.766282081604004,0
104.72,836.4293212890625,-15.76172924041748,0
104.73,836.2736206054688,-15.75975513458252,0
104.74,836.0931396484375,-15.783452033996582,0
104.75,835.9086303710938,-15.811049461364746,0
104.76,835.7276611328125,-15.834728240966797,0
104.77,835.542724609375,-15.862297058105469,0
104.78,835.3425903320312,-15.905271530151367,0
104.79,835.1461181640625,-15.943992614746094,0
104.8,834.9476928710938,-15.984366416931152,0
104.81,834.7454223632812,-16.028257369995117,0
104.82,834.543212890625,-16.071659088134766,0
104.83,834.3428344726562,-16.11272621154785,0
104.84,834.1461181640625,-16.149534225463867,0
104.85,833.953125,-16.182161331176758,0
104.86,833.7656860351562,-16.20872688293457,0
104.87,833.5873413085938,-16.22553825378418,0
104.88,833.4125366210938,-16.23856544494629,0
104.89,833.2355346679688,-16.253652572631836,0
104.9,833.0620727539062,-16.264984130859375,0
104.91,832.89013671875,-16.274595260620117,0
104.92,832.7216796875,-16.280559539794922,0
104.93,832.5565795898438,-16.282949447631836,0
104.94,832.374267578125,-16.303075790405273,0
104.95,832.1936645507812,-16.321292877197266,0
104.96,832.0128173828125,-16.339542388916016,0
104.97,831.8355102539062,-16.353952407836914,0
104.98,831.6616821289062,-16.364599227905273,0
104.99,831.4913330078125,-16.371557235717773,0
105,831.3244018554688,-16.374900817871094,0
105.01,831.1608276367188,-16.37470245361328,0
105.02,831.0006103515625,-16.371034622192383,0
105.03,830.84375,-16.363969802856445,0
105.04,830.6901245117188,-16.353580474853516,0
105.05,830.5435180664062,-16.336069107055664,0
105.06,830.398193359375,-16.317354202270508,0
105.07,830.2579345703125,-16.293659210205078,0
105.08,830.118896484375,-16.268896102905273,0
105.09,829.9830322265625,-16.241191864013672,0
105.1,829.846435546875,-16.214479446411133,0
105.11,829.712890625,-16.184873580932617,0
105.12,829.5861206054688,-16.148574829101562,0
105.13,829.4622802734375,-16.109594345092773,0
105.14,829.3413696289062,-16.067996978759766,0
105.15,829.1990356445312,-16.049007415771484,0
105.16,829.0579833984375,-16.028907775878906,0
105.17,828.9199829101562,-16.005821228027344,0
105.18,828.7757568359375,-15.989452362060547,0
105.19,828.6345825195312,-15.970026969909668,0
105.2,828.4927978515625,-15.951478004455566,0
105.21,828.3204956054688,-15.964728355407715,0
105.22,828.1702270507812,-15.954985618591309,0
105.23,828.0156860351562,-15.949793815612793,0
105.24,827.8531494140625,-15.952924728393555,0
105.25,827.6939086914062,-15.952607154846191,0
105.26,827.5379028320312,-15.948912620544434,0
105.27,827.3851928710938,-15.941910743713379,0
105.28,827.2356567382812,-15.931671142578125,0
105.29,827.0743408203125,-15.933731079101562,0
105.3,826.9107055664062,-15.938139915466309,0
105.31,826.74853515625,-15.941038131713867,0
105.32,826.5877685546875,-15.942402839660645,0
105.33,826.4302978515625,-15.940357208251953,0
105.34,826.2705078125,-15.940744400024414,0
105.35,826.114013671875,-15.937742233276367,0
105.36,825.9495239257812,-15.943022727966309,0
105.37,825.78271484375,-15.950641632080078,0
105.38,825.6137084960938,-15.960494041442871,0
105.39,825.4424438476562,-15.97253131866455,0
105.4,825.2745971679688,-15.980934143066406,0
105.41,825.1044921875,-15.991602897644043,0
105.42,824.9302978515625,-16.00639533996582,0
105.43,824.7484130859375,-16.029033660888672,0
105.44,824.5587768554688,-16.059412002563477,0
105.45,824.3652954101562,-16.09349250793457,0
105.46,824.162353515625,-16.1369686126709,0
105.47,823.963134765625,-16.176132202148438,0
105.48,823.7807006835938,-16.197555541992188,0
105.49,823.5886840820312,-16.22861099243164,0
105.5,823.4003295898438,-16.25558853149414,0
105.51,823.2136840820312,-16.280527114868164,0
105.52,823.0325317382812,-16.29953956604004,0
105.53,822.8529663085938,-16.316667556762695,0
105.54,822.6881713867188,-16.318384170532227,0
105.55,822.528564453125,-16.31464385986328,0
105.56,822.3704223632812,-16.309480667114258,0
105.57,822.2099609375,-16.30673599243164,0
105.58,822.0584106445312,-16.294816970825195,0
105.59,821.9100952148438,-16.279685974121094,0
105.6,821.7649536132812,-16.26141357421875,0
105.61,821.617431640625,-16.245838165283203,0
105.62,821.4730224609375,-16.227136611938477,0
105.63,821.3317260742188,-16.20537757873535,0
105.64,821.18798828125,-16.18645477294922,0
105.65,821.04736328125,-16.164487838745117,0
105.66,820.9042358398438,-16.145315170288086,0
105.67,820.7549438476562,-16.132749557495117,0
105.68,820.5827026367188,-16.144031524658203,0
105.69,820.4138793945312,-16.15165901184082,0
105.7,820.2484741210938,-16.155704498291016,0
105.71,820.08642578125,-16.156240463256836,0
105.72,819.92578125,-16.15530014038086,0
105.73,819.7684326171875,-16.15095329284668,0
105.74,819.5975952148438,-16.160642623901367,0
105.75,819.4226684570312,-16.1744384765625,0
105.76,819.2418823242188,-16.19416046142578,0
105.77,819.0739135742188,-16.200407028198242,0
105.78,818.9000244140625,-16.21272850036621,0
105.79,818.7295532226562,-16.221359252929688,0
105.8,818.5549926757812,-16.234106063842773,0
105.81,818.370849609375,-16.25665283203125,0
105.82,818.1903076171875,-16.27528953552246,0
105.83,818.0132446289062,-16.29009246826172,0
105.84,817.8247680664062,-16.31654930114746,0
105.85,817.6399536132812,-16.33900260925293,0
105.86,817.4586791992188,-16.35753059387207,0
105.87,817.2864990234375,-16.366439819335938,0
105.88,817.1233520507812,-16.365924835205078,0
105.89,816.9635620117188,-16.361949920654297,0
105.9,816.8014526367188,-16.3603572845459,0
105.91,816.6427612304688,-16.355327606201172,0
105.92,816.4742431640625,-16.360437393188477,0
105.93,816.3092041015625,-16.361974716186523,0
105.94,816.1343994140625,-16.37351417541504,0
105.95,815.9593505859375,-16.385210037231445,0
105.96,815.7784423828125,-16.402830123901367,0
105.97,815.5955810546875,-16.422382354736328,0
105.98,815.4049682617188,-16.44965171813965,0
105.99,815.2161865234375,-16.47477912902832,0
106,815.0310668945312,-16.49589729309082,0
106.01,814.8401489257812,-16.522724151611328,0
106.02,814.6622314453125,-16.535856246948242,0
106.03,814.4878540039062,-16.545211791992188,0
106.04,814.3057250976562,-16.562467575073242,0
106.05,814.1271362304688,-16.575855255126953,0
106.06,813.946533203125,-16.59122657775879,0
106.07,813.7750854492188,-16.59699249267578,0
106.08,813.6145629882812,-16.591388702392578,0
106.09,813.4573974609375,-16.582382202148438,0
106.1,813.303466796875,-16.570043563842773,0
106.11,813.15283203125,-16.554443359375,0
106.12,813.0054321289062,-16.53565216064453,0
106.13,812.8630981445312,-16.51183319091797,0
106.14,812.7313842773438,-16.47726821899414,0
106.15,812.6026611328125,-16.439916610717773,0
106.16,812.469482421875,-16.407575607299805,0
106.17,812.3394165039062,-16.372417449951172,0
106.18,812.2105102539062,-16.336414337158203,0
106.19,812.0845336914062,-16.297683715820312,0
106.2,811.9447631835938,-16.273662567138672,0
106.21,811.80810546875,-16.24668312072754,0
106.22,811.6744995117188,-16.21681022644043,0
106.23,811.5420532226562,-16.18601417541504,0
106.24,811.4107666015625,-16.154376983642578,0
106.25,811.2731323242188,-16.129600524902344,0
106.26,811.1385498046875,-16.101909637451172,0
106.27,811.0070190429688,-16.07137107849121,0
106.28,810.885986328125,-16.030317306518555,0
106.29,810.767822265625,-15.98670482635498,0
106.3,810.6431884765625,-15.950235366821289,0
106.31,810.5177612304688,-15.914995193481445,0
106.32,810.3952026367188,-15.87710189819336,0
106.33,810.2755737304688,-15.836618423461914,0
106.34,810.1587524414062,-15.79360580444336,0
106.35,810.0428466796875,-15.750086784362793,0
106.36,809.9168090820312,-15.717568397521973,0
106.37,809.77685546875,-15.699755668640137,0
106.38,809.6399536132812,-15.67897891998291,0
106.39,809.5060424804688,-15.655302047729492,0
106.4,809.371337890625,-15.632657051086426,0
106.41,809.2117309570312,-15.636076927185059,0
106.42,809.0552978515625,-15.636110305786133,0
106.43,808.8927612304688,-15.642464637756348,0
106.44,808.7279052734375,-15.651198387145996,0
106.45,808.5663452148438,-15.656434059143066,0
106.46,808.4024658203125,-15.664013862609863,0
106.47,808.230712890625,-15.679662704467773,0
106.48,808.073486328125,-15.680119514465332,0
106.49,807.9083251953125,-15.688787460327148,0
106.5,807.7464599609375,-15.693950653076172,0
106.51,807.5841064453125,-15.699544906616211,0
106.52,807.4008178710938,-15.72674560546875,0
106.53,807.2154541015625,-15.75582504272461,0
106.54,807.0280151367188,-15.786794662475586,0
106.55,806.8440551757812,-15.813780784606934,0
106.56,806.6636352539062,-15.836860656738281,0
106.57,806.4866333007812,-15.856108665466309,0
106.58,806.320556640625,-15.863865852355957,0
106.59,806.1615600585938,-15.864234924316406,0
106.6,806.005859375,-15.861231803894043,0
106.61,805.8607177734375,-15.847248077392578,0
106.62,805.7224731445312,-15.826323509216309,0
106.63,805.5910034179688,-15.798603057861328,0
106.64,805.4625244140625,-15.768101692199707,0
106.65,805.3388671875,-15.732921600341797,0
106.66,805.218017578125,-15.695125579833984,0
106.67,805.10009765625,-15.654775619506836,0
106.68,804.9737548828125,-15.62353229522705,0
106.69,804.8502807617188,-15.589615821838379,0
106.7,804.7278442382812,-15.554993629455566,0
106.71,804.6082153320312,-15.517781257629395,0
106.72,804.4859008789062,-15.483813285827637,0
106.73,804.3626098632812,-15.451125144958496,0
106.74,804.2421875,-15.415828704833984,0
106.75,804.1245727539062,-15.377985954284668,0
106.76,803.99853515625,-15.349254608154297,0
106.77,803.8753662109375,-15.317856788635254,0
106.78,803.7363891601562,-15.303131103515625,0
106.79,803.6004638671875,-15.285462379455566,0
106.8,803.4656372070312,-15.26681900024414,0
106.81,803.333740234375,-15.245320320129395,0
106.82,803.1917114257812,-15.23453426361084,0
106.83,803.0526733398438,-15.220738410949707,0
106.84,802.914794921875,-15.205902099609375,0
106.85,802.7743530273438,-15.193918228149414,0
106.86,802.6312866210938,-15.184730529785156,0
106.87,802.4912109375,-15.172510147094727,0
106.88,802.3541259765625,-15.15732192993164,0
106.89,802.2200317382812,-15.139229774475098,0
106.9,802.07958984375,-15.127936363220215,0
106.91,801.9420776367188,-15.113665580749512,0
106.92,801.8038330078125,-15.100347518920898,0
106.93,801.664794921875,-15.087966918945312,0
106.94,801.5194091796875,-15.082279205322266,0
106.95,801.3528442382812,-15.098557472229004,0
106.96,801.185791015625,-15.115165710449219,0
106.97,801.0164794921875,-15.134000778198242,0
106.98,800.8485717773438,-15.15114688873291,0
106.99,800.6784057617188,-15.170500755310059,0
107,800.500244140625,-15.197839736938477,0
107.01,800.3255004882812,-15.221395492553711,0
107.02,800.1522827148438,-15.243144035339355,0
107.03,799.982421875,-15.261215209960938,0
107.04,799.8084106445312,-15.283358573913574,0
107.05,799.6377563476562,-15.301806449890137,0
107.06,799.46484375,-15.322402954101562,0
107.07,799.2840576171875,-15.350929260253906,0
107.08,799.106689453125,-15.375615119934082,0
107.09,798.9271850585938,-15.402305603027344,0
107.1,798.7492065429688,-15.42708683013916,0
107.11,798.5764770507812,-15.446184158325195,0
107.12,798.4052734375,-15.463519096374512,0
107.13,798.2373657226562,-15.477218627929688,0
107.14,798.0802001953125,-15.479679107666016,0
107.15,797.9337158203125,-15.47107219696045,0
107.16,797.790283203125,-15.459360122680664,0
107.17,797.64990234375,-15.444608688354492,0
107.18,797.5126342773438,-15.426884651184082,0
107.19,797.3782958984375,-15.406251907348633,0
107.2,797.2245483398438,-15.405919075012207,0
107.21,797.0963134765625,-15.379181861877441,0
107.22,796.9523315429688,-15.369006156921387,0
107.23,796.8076782226562,-15.359647750854492,0
107.24,796.6660766601562,-15.347223281860352,0
107.25,796.53125,-15.32793140411377,0
107.26,796.3994140625,-15.305784225463867,0
107.27,796.2704467773438,-15.280844688415527,0
107.28,796.1443481445312,-15.253175735473633,0
107.29,796.0211181640625,-15.22283935546875,0
107.3,795.9006958007812,-15.189895629882812,0
107.31,795.775634765625,-15.162081718444824,0
107.32,795.6534423828125,-15.131622314453125,0
107.33,795.5228271484375,-15.110177993774414,0
107.34,795.3950805664062,-15.085968017578125,0
107.35,795.2572021484375,-15.072501182556152,0
107.36,795.107421875,-15.071525573730469,0
107.37,794.9607543945312,-15.067373275756836,0
107.38,794.8133544921875,-15.063977241516113,0
107.39,794.6690063476562,-15.057456016540527,0
107.4,794.52587890625,-15.049779891967773,0
107.41,794.3764038085938,-15.048707962036133,0
107.42,794.22998046875,-15.044466018676758,0
107.43,794.0847778320312,-15.039024353027344,0
107.44,793.9332885742188,-15.040144920349121,0
107.45,793.7830200195312,-15.040013313293457,0
107.46,793.6265869140625,-15.046277046203613,0
107.47,793.4732666015625,-15.049221992492676,0
107.48,793.3099975585938,-15.062419891357422,0
107.49,793.1499633789062,-15.072152137756348,0
107.5,792.9931640625,-15.078489303588867,0
107.51,792.8116455078125,-15.110358238220215,0
107.52,792.6241455078125,-15.148008346557617,0
107.53,792.4364013671875,-15.185540199279785,0
107.54,792.2484741210938,-15.222892761230469,0
107.55,792.0640258789062,-15.256251335144043,0
107.56,791.8829956054688,-15.285691261291504,0
107.57,791.7017211914062,-15.315154075622559,0
107.58,791.52197265625,-15.342671394348145,0
107.59,791.3456420898438,-15.36637020111084,0
107.6,791.1707763671875,-15.388285636901855,0
107.61,790.9993286132812,-15.406488418579102,0
107.62,790.829345703125,-15.422958374023438,0
107.63,790.6626586914062,-15.435819625854492,0
107.64,790.4955444335938,-15.449007987976074,0
107.65,790.3131713867188,-15.477869987487793,0
107.66,790.1044921875,-15.533622741699219,0
107.67,789.8995971679688,-15.584939002990723,0
107.68,789.6984252929688,-15.631898880004883,0
107.69,789.5008544921875,-15.674582481384277,0
107.7,789.3013305664062,-15.718838691711426,0
107.71,789.1055297851562,-15.758854866027832,0
107.72,788.9095458984375,-15.798575401306152,0
107.73,788.7005004882812,-15.851447105407715,0
107.74,788.4951782226562,-15.899873733520508,0
107.75,788.3103637695312,-15.926620483398438,0
107.76,788.1290893554688,-15.949442863464355,0
107.77,787.9512939453125,-15.968416213989258,0
107.78,787.7769165039062,-15.983614921569824,0
107.79,787.60595703125,-15.995111465454102,0
107.8,787.4254150390625,-16.016427993774414,0
107.81,787.2483520507812,-16.033910751342773,0
107.82,787.0877685546875,-16.03418731689453,0
107.83,786.91748046875,-16.044506072998047,0
107.84,786.746826171875,-16.055078506469727,0
107.85,786.5702514648438,-16.07166862487793,0
107.86,786.3953247070312,-16.086416244506836,0
107.87,786.2237548828125,-16.097450256347656,0
107.88,786.0296020507812,-16.131797790527344,0
107.89,785.848388671875,-16.152379989624023,0
107.9,785.65771484375,-16.182565689086914,0
107.91,785.4706420898438,-16.20870018005371,0
107.92,785.287109375,-16.23086166381836,0
107.93,785.0960083007812,-16.260671615600586,0
107.94,784.9066162109375,-16.288381576538086,0
107.95,784.7208251953125,-16.312068939208984,0
107.96,784.5386352539062,-16.331809997558594,0
107.97,784.3599853515625,-16.347684860229492,0
107.98,784.1644287109375,-16.38089370727539,0
107.99,783.9874267578125,-16.3945369720459,0
108,783.799072265625,-16.41983413696289,0
108.01,783.6124267578125,-16.44309425354004,0
108.02,783.4256591796875,-16.46619987487793,0
108.03,783.23876953125,-16.489208221435547,0
108.04,783.0498657226562,-16.514019012451172,0
108.05,782.8646240234375,-16.534818649291992,0
108.06,782.6829833984375,-16.551685333251953,0
108.07,782.5030517578125,-16.566600799560547,0
108.08,782.32666015625,-16.57769775390625,0
108.09,782.1500244140625,-16.588918685913086,0
108.1,781.9620971679688,-16.611743927001953,0
108.11,781.7740478515625,-16.634445190429688,0
108.12,781.5896606445312,-16.653154373168945,0
108.13,781.4051513671875,-16.6717586517334,0
108.14,781.2149047851562,-16.696083068847656,0
108.15,781.0265502929688,-16.718276977539062,0
108.16,780.841796875,-16.73647117614746,0
108.17,780.6569213867188,-16.754608154296875,0
108.18,780.4756469726562,-16.76881980895996,0
108.19,780.2942504882812,-16.783052444458008,0
108.2,780.114501953125,-16.795339584350586,0
108.21,779.9383544921875,-16.80381202697754,0
108.22,779.7620849609375,-16.812358856201172,0
108.23,779.5799560546875,-16.82680320739746,0
108.24,779.3995971679688,-16.83928680419922,0
108.25,779.2228393554688,-16.847942352294922,0
108.26,779.0347290039062,-16.86825942993164,0
108.27,778.8465576171875,-16.888391494750977,0
108.28,778.662109375,-16.904529571533203,0
108.29,778.4849243164062,-16.91294288635254,0
108.3,778.311279296875,-16.9175968170166,0
108.31,778.137451171875,-16.92237663269043,0
108.32,777.9708251953125,-16.919660568237305,0
108.33,777.8040161132812,-16.917221069335938,0
108.34,777.640625,-16.911243438720703,0
108.35,777.4805908203125,-16.90180206298828,0
108.36,777.3109741210938,-16.90241813659668,0
108.37,777.1336669921875,-16.910980224609375,0
108.38,776.9561767578125,-16.919647216796875,0
108.39,776.7822265625,-16.924549102783203,0
108.4,776.608154296875,-16.929569244384766,0
108.41,776.4356689453125,-16.932857513427734,0
108.42,776.2611083984375,-16.938261032104492,0
108.43,776.090087890625,-16.939960479736328,0
108.44,775.9096069335938,-16.951480865478516,0
108.45,775.732666015625,-16.959171295166016,0
108.46,775.5592651367188,-16.96310806274414,0
108.47,775.3819580078125,-16.971044540405273,0
108.48,775.2081909179688,-16.975217819213867,0
108.49,775.0379638671875,-16.975706100463867,0
108.5,774.8563842773438,-16.987939834594727,0
108.51,774.6932373046875,-16.98096466064453,0
108.52,774.5186767578125,-16.985885620117188,0
108.53,774.3457641601562,-16.989063262939453,0
108.54,774.1726684570312,-16.992385864257812,0
108.55,774.0067749023438,-16.988224029541016,0
108.56,773.8443603515625,-16.980545043945312,0
108.57,773.685302734375,-16.969423294067383,0
108.58,773.5296020507812,-16.954931259155273,0
108.59,773.3587036132812,-16.95630645751953,0
108.6,773.189453125,-16.956016540527344,0
108.61,773.01806640625,-16.957908630371094,0
108.62,772.8446655273438,-16.961881637573242,0
108.63,772.6710205078125,-16.96604347229004,0
108.64,772.4971313476562,-16.970388412475586,0
108.65,772.3268432617188,-16.971046447753906,0
108.66,772.1599731445312,-16.96809196472168,0
108.67,771.99658203125,-16.961599349975586,0
108.68,771.8366088867188,-16.951642990112305,0
108.69,771.6799926757812,-16.938297271728516,0
108.7,771.5267333984375,-16.921632766723633,0
108.71,771.3767700195312,-16.901721954345703,0
108.72,771.2208251953125,-16.888216018676758,0
108.73,771.0681762695312,-16.87140464782715,0
108.74,770.9188232421875,-16.851360321044922,0
108.75,770.7485961914062,-16.8531436920166,0
108.76,770.5762939453125,-16.857088088989258,0
108.77,770.4074096679688,-16.857378005981445,0
108.78,770.2420043945312,-16.85408592224121,0
108.79,770.080078125,-16.847288131713867,0
108.8,769.9215087890625,-16.83705711364746,0
108.81,769.755126953125,-16.83495330810547,0
108.82,769.5922241210938,-16.829320907592773,0
108.83,769.4327392578125,-16.820236206054688,0
108.84,769.2747192382812,-16.809677124023438,0
108.85,769.1200561523438,-16.79576873779297,0
108.86,768.9686889648438,-16.778583526611328,0
108.87,768.8224487304688,-16.75628662109375,0
108.88,768.6757202148438,-16.734758377075195,0
108.89,768.5340576171875,-16.70816421508789,0
108.9,768.3826293945312,-16.692018508911133,0
108.91,768.2269897460938,-16.680341720581055,0
108.92,768.07275390625,-16.667327880859375,0
108.93,767.9161987304688,-16.656816482543945,0
108.94,767.7685546875,-16.637216567993164,0
108.95,767.6241455078125,-16.61448860168457,0
108.96,767.4755249023438,-16.59638023376465,0
108.97,767.330078125,-16.575124740600586,0
108.98,767.1878051757812,-16.55078887939453,0
108.99,767.046875,-16.525346755981445,0
109,766.8978881835938,-16.508464813232422,0
109.01,766.761474609375,-16.478788375854492,0
109.02,766.6281127929688,-16.446226119995117,0
109.03,766.4718017578125,-16.4377384185791,0
109.04,766.3169555664062,-16.427900314331055,0
109.05,766.1653442382812,-16.414779663085938,0
109.06,766.0059204101562,-16.409934997558594,0
109.07,765.8497314453125,-16.401708602905273,0
109.08,765.693115234375,-16.394039154052734,0
109.09,765.539794921875,-16.38304901123047,0
109.1,765.3860473632812,-16.372621536254883,0
109.11,765.235595703125,-16.35893440246582,0
109.12,765.0697631835938,-16.36128044128418,0
109.13,764.9016723632812,-16.365880966186523,0
109.14,764.737060546875,-16.36691665649414,0
109.15,764.5757446289062,-16.364459991455078,0
109.16,764.410400390625,-16.36625862121582,0
109.17,764.24658203125,-16.366456985473633,0
109.18,764.0731201171875,-16.376628875732422,0
109.19,763.8956909179688,-16.390796661376953,0
109.2,763.7088012695312,-16.414592742919922,0
109.21,763.5255126953125,-16.434419631958008,0
109.22,763.332763671875,-16.463802337646484,0
109.23,763.1437377929688,-16.489091873168945,0
109.24,762.958251953125,-16.510366439819336,0
109.25,762.7764282226562,-16.5277042388916,0
109.26,762.59814453125,-16.541181564331055,0
109.27,762.4196166992188,-16.55474281311035,0
109.28,762.24462890625,-16.56451416015625,0
109.29,762.0731201171875,-16.570573806762695,0
109.3,761.9050903320312,-16.572994232177734,0
109.31,761.740478515625,-16.57185173034668,0
109.32,761.5940551757812,-16.551864624023438,0
109.33,761.4359741210938,-16.544130325317383,0
109.34,761.2756958007812,-16.538761138916016,0
109.35,761.1187744140625,-16.529993057250977,0
109.36,760.9503173828125,-16.533252716064453,0
109.37,760.7852783203125,-16.532939910888672,0
109.38,760.619873046875,-16.532995223999023,0
109.39,760.4578857421875,-16.529542922973633,0
109.4,760.2992553710938,-16.522655487060547,0
109.41,760.1439208984375,-16.512405395507812,0
109.42,759.9900512695312,-16.500768661499023,0
109.43,759.8486938476562,-16.476289749145508,0
109.44,759.7086791992188,-16.45072364807129,0
109.45,759.57177734375,-16.42219352722168,0
109.46,759.4212036132812,-16.408021926879883,0
109.47,759.2905883789062,-16.373403549194336,0
109.48,759.1629638671875,-16.336023330688477,0
109.49,759.01611328125,-16.3189754486084,0
109.5,758.8630981445312,-16.30839729309082,0
109.51,758.7114868164062,-16.296537399291992,0
109.52,758.5631103515625,-16.281465530395508,0
109.53,758.4104614257812,-16.270925521850586,0
109.54,758.2610473632812,-16.257150650024414,0
109.55,758.1148071289062,-16.240211486816406,0
109.56,757.9644165039062,-16.227794647216797,0
109.57,757.8153076171875,-16.214153289794922,0
109.58,757.6693725585938,-16.197351455688477,0
109.59,757.5247802734375,-16.179365158081055,0
109.6,757.38330078125,-16.158315658569336,0
109.61,757.2431030273438,-16.13617515563965,0
109.62,757.1041259765625,-16.112972259521484,0
109.63,756.9534301757812,-16.10218048095703,0
109.64,756.8021850585938,-16.092060089111328,0
109.65,756.6541137695312,-16.078733444213867,0
109.66,756.50927734375,-16.062271118164062,0
109.67,756.3638305664062,-16.046552658081055,0
109.68,756.2159423828125,-16.033523559570312,0
109.69,756.0712280273438,-16.01736068725586,0
109.7,755.9277954101562,-16.000038146972656,0
109.71,755.7800903320312,-15.98735523223877,0
109.72,755.635498046875,-15.971542358398438,0
109.73,755.4940185546875,-15.952666282653809,0
109.74,755.3500366210938,-15.936565399169922,0
109.75,755.2073364257812,-15.919319152832031,0
109.76,755.0380859375,-15.929758071899414,0
109.77,754.8703002929688,-15.938508987426758,0
109.78,754.7041015625,-15.945605278015137,0
109.79,754.5411376953125,-15.949174880981445,0
109.8,754.3815307617188,-15.949288368225098,0
109.81,754.2252197265625,-15.946017265319824,0
109.82,754.064697265625,-15.94710922241211,0
109.83,753.89453125,-15.9581880569458,0
109.84,753.7239990234375,-15.969522476196289,0
109.85,753.5438842773438,-15.990686416625977,0
109.86,753.3653564453125,-16.009931564331055,0
109.87,753.1903076171875,-16.025386810302734,0
109.88,753.0186767578125,-16.037126541137695,0
109.89,752.852294921875,-16.043317794799805,0
109.9,752.691162109375,-16.04401969909668,0
109.91,752.54443359375,-16.029817581176758,0
109.92,752.4304809570312,-15.98185920715332,0
109.93,752.3193359375,-15.93149471282959,0
109.94,752.2109375,-15.878783226013184,0
109.95,752.1052856445312,-15.823783874511719,0
109.96,751.9801025390625,-15.789528846740723,0
109.97,751.8578491210938,-15.7526273727417,0
109.98,751.7291870117188,-15.722721099853516,0
109.99,751.6127319335938,-15.680512428283691,0
110,751.4898071289062,-15.645423889160156,0
110.01,751.3660278320312,-15.611602783203125,0
110.02,751.2451171875,-15.575162887573242,0
110.03,751.1270141601562,-15.53616714477539,0
110.04,750.9988403320312,-15.508068084716797,0
110.05,750.87353515625,-15.477255821228027,0
110.06,750.7510986328125,-15.443793296813965,0
110.07,750.6315307617188,-15.407742500305176,0
110.08,750.5147705078125,-15.369163513183594,0
110.09,750.39892578125,-15.3300199508667,0
110.1,750.2857666015625,-15.28842830657959,0
110.11,750.1753540039062,-15.24444580078125,0
110.12,750.0639038085938,-15.201998710632324,0
110.13,749.9551391601562,-15.157196998596191,0
110.14,749.8453979492188,-15.113909721374512,0
110.15,749.7272338867188,-15.079791069030762,0
110.16,749.5802612304688,-15.075783729553223,0
110.17,749.4345703125,-15.070565223693848,0
110.18,749.2789306640625,-15.07570743560791,0
110.19,749.1245727539062,-15.079451560974121,0
110.2,748.9436645507812,-15.110570907592773,0
110.21,748.7661743164062,-15.137847900390625,0
110.22,748.5809326171875,-15.172900199890137,0
110.23,748.3991088867188,-15.204015731811523,0
110.24,748.2003784179688,-15.252336502075195,0
110.25,748.0052490234375,-15.296432495117188,0
110.26,747.813720703125,-15.336381912231445,0
110.27,747.62939453125,-15.368392944335938,0
110.28,747.4633178710938,-15.381193161010742,0
110.29,747.2857666015625,-15.405765533447266,0
110.3,747.1264038085938,-15.411271095275879,0
110.31,746.97021484375,-15.413395881652832,0
110.32,746.8172607421875,-15.412208557128906,0
110.33,746.6674194335938,-15.407777786254883,0
110.34,746.5151977539062,-15.40588665008545,0
110.35,746.3660888671875,-15.40076732635498,0
110.36,746.2145385742188,-15.398259162902832,0
110.37,746.0661010742188,-15.392537117004395,0
110.38,745.9207153320312,-15.383668899536133,0
110.39,745.7562255859375,-15.394693374633789,0
110.4,745.5950317382812,-15.402227401733398,0
110.41,745.459228515625,-15.383367538452148,0
110.42,745.326416015625,-15.361632347106934,0
110.43,745.1928100585938,-15.340893745422363,0
110.44,745.0658569335938,-15.313518524169922,0
110.45,744.9454345703125,-15.279645919799805,0
110.46,744.8204956054688,-15.250846862792969,0
110.47,744.6983642578125,-15.219403266906738,0
110.48,744.5863647460938,-15.177757263183594,0
110.49,744.4697265625,-15.141365051269531,0
110.5,744.3410034179688,-15.117859840393066,0
110.51,744.2151489257812,-15.091629981994629,0
110.52,744.0921020507812,-15.062736511230469,0
110.53,743.9663696289062,-15.036955833435059,0
110.54,743.8323364257812,-15.02005672454834,0
110.55,743.701171875,-15.000319480895996,0
110.56,743.580322265625,-14.970129013061523,0
110.57,743.4622192382812,-14.937382698059082,0
110.58,743.346923828125,-14.902139663696289,0
110.59,743.2342529296875,-14.864458084106445,0
110.6,743.1243286132812,-14.824396133422852,0
110.61,743.0170288085938,-14.782011032104492,0
110.62,742.903076171875,-14.746940612792969,0
110.63,742.8010864257812,-14.699880599975586,0
110.64,742.6923828125,-14.660248756408691,0
110.65,742.571533203125,-14.63361644744873,0
110.66,742.4515380859375,-14.606331825256348,0
110.67,742.3342895507812,-14.576509475708008,0
110.68,742.2197265625,-14.544207572937012,0
110.69,742.1078491210938,-14.509482383728027,0
110.7,741.9985961914062,-14.472392082214355,0
110.71,741.8900756835938,-14.434953689575195,0
110.72,741.75634765625,-14.423966407775879,0
110.73,741.62548828125,-14.41014575958252,0
110.74,741.4882202148438,-14.403078079223633,0
110.75,741.35009765625,-14.396966934204102,0
110.76,741.192626953125,-14.410901069641113,0
110.77,741.0234985351562,-14.436790466308594,0
110.78,740.8483276367188,-14.468667984008789,0
110.79,740.6597290039062,-14.514081001281738,0
110.8,740.4727172851562,-14.557392120361328,0
110.81,740.2891235351562,-14.596728324890137,0
110.82,740.10888671875,-14.632163047790527,0
110.83,739.9246215820312,-14.671443939208984,0
110.84,739.7437133789062,-14.706808090209961,0
110.85,739.5736083984375,-14.730653762817383,0
110.86,739.4067993164062,-14.750887870788574,0
110.87,739.2431640625,-14.767580032348633,0
110.88,739.0827026367188,-14.780797958374023,0
110.89,738.9254150390625,-14.790611267089844,0
110.9,738.7583618164062,-14.810478210449219,0
110.91,738.5926513671875,-14.828702926635742,0
110.92,738.41162109375,-14.86257266998291,0
110.93,738.232177734375,-14.894501686096191,0
110.94,738.0468139648438,-14.93220043182373,0
110.95,737.8649291992188,-14.965961456298828,0
110.96,737.6807861328125,-15.001628875732422,0
110.97,737.4982299804688,-15.03528881072998,0
110.98,737.3209838867188,-15.063165664672852,0
110.99,737.14892578125,-15.085315704345703,0
111,736.9931030273438,-15.090421676635742,0
111.01,736.8275756835938,-15.105613708496094,0
111.02,736.6614990234375,-15.121158599853516,0
111.03,736.5005493164062,-15.131274223327637,0
111.04,736.3317260742188,-15.149404525756836,0
111.05,736.1661987304688,-15.16395092010498,0
111.06,736.0057373046875,-15.173079490661621,0
111.07,735.8484497070312,-15.178802490234375,0
111.08,735.6925048828125,-15.183094024658203,0
111.09,735.5322875976562,-15.191754341125488,0
111.1,735.3753051757812,-15.197015762329102,0
111.11,735.221435546875,-15.198946952819824,0
111.12,735.0707397460938,-15.197615623474121,0
111.13,734.9231567382812,-15.19308853149414,0
111.14,734.7786254882812,-15.185433387756348,0
111.15,734.6371459960938,-15.174714088439941,0
111.16,734.4949951171875,-15.16480827331543,0
111.17,734.3558349609375,-15.151888847351074,0
111.18,734.2196655273438,-15.136022567749023,0
111.19,734.0827026367188,-15.121137619018555,0
111.2,733.900634765625,-15.153108596801758,0
111.21,733.721923828125,-15.1812105178833,0
111.22,733.5447998046875,-15.20742130279541,0
111.23,733.3710327148438,-15.229869842529297,0
111.24,733.1951293945312,-15.254344940185547,0
111.25,733.0225830078125,-15.27508544921875,0
111.26,732.84033203125,-15.305608749389648,0
111.27,732.65966796875,-15.3341646194458,0
111.28,732.4824829101562,-15.358884811401367,0
111.29,732.3068237304688,-15.381749153137207,0
111.3,732.1234130859375,-15.412369728088379,0
111.31,731.9379272460938,-15.444809913635254,0
111.32,731.7504272460938,-15.479025840759277,0
111.33,731.553466796875,-15.522648811340332,0
111.34,731.3527221679688,-15.569762229919434,0
111.35,731.1556396484375,-15.612607955932617,0
111.36,730.962158203125,-15.651266098022461,0
111.37,730.7630004882812,-15.695394515991211,0
111.38,730.5656127929688,-15.737195014953613,0
111.39,730.3719482421875,-15.774802207946777,0
111.4,730.1818237304688,-15.808293342590332,0
111.41,729.9934692382812,-15.83965015411377,0
111.42,729.8049926757812,-15.870818138122559,0
111.43,729.6052856445312,-15.91327953338623,0
111.44,729.4092407226562,-15.951497077941895,0
111.45,729.2113037109375,-15.991320610046387,0
111.46,729.0169677734375,-16.02693748474121,0
111.47,728.8262939453125,-16.058425903320312,0
111.48,728.6392211914062,-16.085865020751953,0
111.49,728.4483032226562,-16.11695098876953,0
111.5,728.2536010742188,-16.151657104492188,0
111.51,728.0588989257812,-16.186038970947266,0
111.52,727.8677978515625,-16.216283798217773,0
111.53,727.6802978515625,-16.242469787597656,0
111.54,727.5037841796875,-16.25705337524414,0
111.55,727.3306884765625,-16.26789093017578,0
111.56,727.1611328125,-16.275054931640625,0
111.57,726.9912109375,-16.282432556152344,0
111.58,726.8284301757812,-16.282394409179688,0
111.59,726.6689453125,-16.278905868530273,0
111.6,726.5128173828125,-16.272035598754883,0
111.61,726.3599243164062,-16.261856079101562,0
111.62,726.2158813476562,-16.242666244506836,0
111.63,726.0693969726562,-16.2261962890625,0
111.64,725.9315795898438,-16.20085334777832,0
111.65,725.796875,-16.17259407043457,0
111.66,725.6651611328125,-16.141483306884766,0
111.67,725.5308837890625,-16.113357543945312,0
111.68,725.399658203125,-16.08238983154297,0
111.69,725.2695922851562,-16.050552368164062,0
111.7,725.1332397460938,-16.025543212890625,0
111.71,724.994384765625,-16.00336456298828,0
111.72,724.8512573242188,-15.985867500305176,0
111.73,724.7056884765625,-15.971110343933105,0
111.74,724.5631713867188,-15.953269004821777,0
111.75,724.4237670898438,-15.93241024017334,0
111.76,724.2819213867188,-15.914315223693848,0
111.77,724.1431884765625,-15.893217086791992,0
111.78,724.0037841796875,-15.872989654541016,0
111.79,723.8655395507812,-15.851770401000977,0
111.8,723.7211303710938,-15.837150573730469,0
111.81,723.5723876953125,-15.827146530151367,0
111.82,723.4231567382812,-15.817802429199219,0
111.83,723.2604370117188,-15.822495460510254,0
111.84,723.0918579101562,-15.83326244354248,0
111.85,722.9172973632812,-15.850034713745117,0
111.86,722.7461547851562,-15.8631010055542,0
111.87,722.5543823242188,-15.897412300109863,0
111.88,722.3661499023438,-15.92764949798584,0
111.89,722.1815185546875,-15.953888893127441,0
111.9,721.9985961914062,-15.978113174438477,0
111.91,721.8173217773438,-16.00035858154297,0
111.92,721.6395874023438,-16.018756866455078,0
111.93,721.459716796875,-16.039094924926758,0
111.94,721.2667236328125,-16.072816848754883,0
111.95,721.0718383789062,-16.10820960998535,0
111.96,720.8805541992188,-16.139463424682617,0
111.97,720.6929321289062,-16.166654586791992,0
111.98,720.5088500976562,-16.18985939025879,0
111.99,720.3283081054688,-16.209156036376953,0
112,720.1494140625,-16.226526260375977,0
112.01,719.975830078125,-16.23819351196289,0
112.02,719.8038940429688,-16.248083114624023,0
112.03,719.63720703125,-16.25242042541504,0
112.04,719.473876953125,-16.25322151184082,0
112.05,719.3139038085938,-16.250558853149414,0
112.06,719.1554565429688,-16.246410369873047,0
112.07,718.99658203125,-16.242712020874023,0
112.08,718.81884765625,-16.258562088012695,0
112.09,718.63720703125,-16.27825927734375,0
112.1,718.4572143554688,-16.296064376831055,0
112.11,718.2733764648438,-16.31766700744629,0
112.12,718.0931396484375,-16.33536720275879,0
112.13,717.9163818359375,-16.3492431640625,0
112.14,717.7431030273438,-16.35936737060547,0
112.15,717.5585327148438,-16.38111114501953,0
112.16,717.3775024414062,-16.398935317993164,0
112.17,717.2000122070312,-16.41291618347168,0
112.18,717.0223388671875,-16.426942825317383,0
112.19,716.8426513671875,-16.442913055419922,0
112.2,716.6590576171875,-16.462745666503906,0
112.21,716.475341796875,-16.482492446899414,0
112.22,716.2933959960938,-16.500244140625,0
112.23,716.114990234375,-16.51413345336914,0
112.24,715.9271240234375,-16.537626266479492,0
112.25,715.7428588867188,-16.557130813598633,0
112.26,715.5621948242188,-16.572723388671875,0
112.27,715.3980712890625,-16.57109260559082,0
112.28,715.2373046875,-16.565980911254883,0
112.29,715.0798950195312,-16.557462692260742,0
112.3,714.9165649414062,-16.555131912231445,0
112.31,714.7584838867188,-16.547435760498047,0
112.32,714.6018676757812,-16.538291931152344,0
112.33,714.448486328125,-16.525829315185547,0
112.34,714.2872924804688,-16.521602630615234,0
112.35,714.1276245117188,-16.515865325927734,0
112.36,713.9657592773438,-16.51245880126953,0
112.37,713.8072509765625,-16.5056209564209,0
112.38,713.6336059570312,-16.514528274536133,0
112.39,713.46337890625,-16.519752502441406,0
112.4,713.2965698242188,-16.521364212036133,0
112.41,713.1239624023438,-16.529020309448242,0
112.42,712.954833984375,-16.53301429748535,0
112.43,712.7872314453125,-16.535327911376953,0
112.44,712.6231079101562,-16.534086227416992,0
112.45,712.4605102539062,-16.531269073486328,0
112.46,712.30126953125,-16.525005340576172,0
112.47,712.1380004882812,-16.522985458374023,0
112.48,711.9780883789062,-16.51750373840332,0
112.49,711.8196411132812,-16.51053810119629,0
112.5,711.6515502929688,-16.51360321044922,0
112.51,711.4868774414062,-16.513103485107422,0
112.52,711.32373046875,-16.511018753051758,0
112.53,711.1621704101562,-16.50737953186035,0
112.54,711.0020751953125,-16.502220153808594,0
112.55,710.834228515625,-16.50515365600586,0
112.56,710.6697998046875,-16.504528045654297,0
112.57,710.5050659179688,-16.50422477722168,0
112.58,710.3418579101562,-16.502334594726562,0
112.59,710.1820068359375,-16.49698257446289,0
112.6,710.0254516601562,-16.488243103027344,0
112.61,709.8685913085938,-16.479995727539062,0
112.62,709.6983642578125,-16.485626220703125,0
112.63,709.5297241210938,-16.48954963684082,0
112.64,709.3552856445312,-16.499420166015625,0
112.65,709.184326171875,-16.505590438842773,0
112.66,709.016845703125,-16.508134841918945,0
112.67,708.8527221679688,-16.507125854492188,0
112.68,708.6882934570312,-16.506446838378906,0
112.69,708.5198364257812,-16.509958267211914,0
112.7,708.3547973632812,-16.50989532470703,0
112.71,708.1912841796875,-16.508237838745117,0
112.72,708.0145874023438,-16.520259857177734,0
112.73,707.8413696289062,-16.528532028198242,0
112.74,707.671630859375,-16.533130645751953,0
112.75,707.5034790039062,-16.53603172302246,0
112.76,707.3295288085938,-16.544950485229492,0
112.77,707.1589965820312,-16.55017852783203,0
112.78,707.0029907226562,-16.540302276611328,0
112.79,706.8392333984375,-16.538606643676758,0
112.8,706.6788330078125,-16.53343963623047,0
112.81,706.5217895507812,-16.524871826171875,0
112.82,706.3680419921875,-16.512977600097656,0
112.83,706.2120361328125,-16.5035400390625,0
112.84,706.0685424804688,-16.48121452331543,0
112.85,705.9374389648438,-16.446327209472656,0
112.86,705.8074951171875,-16.410572052001953,0
112.87,705.6732177734375,-16.379688262939453,0
112.88,705.54931640625,-16.33834457397461,0
112.89,705.4210205078125,-16.302001953125,0
112.9,705.2957153320312,-16.2629451751709,0
112.91,705.1641235351562,-16.23082160949707,0
112.92,705.0318603515625,-16.199724197387695,0
112.93,704.9026489257812,-16.165828704833984,0
112.94,704.7763671875,-16.129199981689453,0
112.95,704.6493530273438,-16.093711853027344,0
112.96,704.5289916992188,-16.051729202270508,0
112.97,704.4078369140625,-16.01101303100586,0
112.98,704.28955078125,-15.96773624420166,0
112.99,704.1722412109375,-15.923866271972656,0
113,704.0578002929688,-15.877517700195312,0
113.01,703.9387817382812,-15.836371421813965,0
113.02,703.8059692382812,-15.809910774230957,0
113.03,703.6724853515625,-15.78445053100586,0
113.04,703.545654296875,-15.752354621887207,0
113.05,703.4180297851562,-15.721385955810547,0
113.06,703.287841796875,-15.693432807922363,0
113.07,703.1605834960938,-15.662725448608398,0
113.08,703.0288696289062,-15.636946678161621,0
113.09,702.9000854492188,-15.608380317687988,0
113.1,702.76318359375,-15.58857536315918,0
113.11,702.6090087890625,-15.586825370788574,0
113.12,702.4561157226562,-15.583710670471191,0
113.13,702.3026733398438,-15.581221580505371,0
113.14,702.141357421875,-15.586908340454102,0
113.15,701.9832763671875,-15.589173316955566,0
113.16,701.8284301757812,-15.588086128234863,0
113.17,701.6675415039062,-15.593240737915039,0
113.18,701.508056640625,-15.59688663482666,0
113.19,701.3408203125,-15.608580589294434,0
113.2,701.1768798828125,-15.61672592163086,0
113.21,701.0142822265625,-15.6233549118042,0
113.22,700.8531494140625,-15.628382682800293,0
113.23,700.6953125,-15.629992485046387,0
113.24,700.5277709960938,-15.641646385192871,0
113.25,700.363525390625,-15.649744987487793,0
113.26,700.2007446289062,-15.65626335144043,0
113.27,700.0411987304688,-15.659329414367676,0
113.28,699.87939453125,-15.664726257324219,0
113.29,699.7152709960938,-15.672406196594238,0
113.3,699.5545043945312,-15.676604270935059,0
113.31,699.3878173828125,-15.686917304992676,0
113.32,699.2041015625,-15.714705467224121,0
113.33,699.0202026367188,-15.742401123046875,0
113.34,698.8379516601562,-15.768095970153809,0
113.35,698.6592407226562,-15.789920806884766,0
113.36,698.480224609375,-15.811762809753418,0
113.37,698.3046264648438,-15.829803466796875,0
113.38,698.1324462890625,-15.844117164611816,0
113.39,697.9674072265625,-15.85096549987793,0
113.4,697.8001708984375,-15.860028266906738,0
113.41,697.6343994140625,-15.867448806762695,0
113.42,697.471923828125,-15.871353149414062,0
113.43,697.3128051757812,-15.87181282043457,0
113.44,697.1532592773438,-15.87270736694336,0
113.45,696.9877319335938,-15.879741668701172,0
113.46,696.8236694335938,-15.885170936584473,0
113.47,696.6629028320312,-15.887120246887207,0
113.48,696.5036010742188,-15.887565612792969,0
113.49,696.342041015625,-15.890348434448242,0
113.5,696.1801147460938,-15.893515586853027,0
113.51,696.025146484375,-15.889437675476074,0
113.52,695.8660278320312,-15.889694213867188,0
113.53,695.7101440429688,-15.886576652526855,0
113.54,695.5537109375,-15.884018898010254,0
113.55,695.4005737304688,-15.878146171569824,0
113.56,695.2322387695312,-15.888077735900879,0
113.57,695.0671997070312,-15.894436836242676,0
113.58,694.905517578125,-15.897295951843262,0
113.59,694.7360229492188,-15.90815544128418,0
113.6,694.5662841796875,-15.919228553771973,0
113.61,694.3870239257812,-15.940033912658691,0
113.62,694.2037963867188,-15.964653015136719,0
113.63,694.0241088867188,-15.985382080078125,0
113.64,693.847900390625,-16.002296447753906,0
113.65,693.6751098632812,-16.015470504760742,0
113.66,693.5057373046875,-16.024978637695312,0
113.67,693.3397216796875,-16.030893325805664,0
113.68,693.1770629882812,-16.033287048339844,0
113.69,693.0140380859375,-16.036041259765625,0
113.7,692.8580322265625,-16.03152847290039,0
113.71,692.7015380859375,-16.027517318725586,0
113.72,692.54833984375,-16.02018928527832,0
113.73,692.3909912109375,-16.017234802246094,0
113.74,692.2369384765625,-16.010944366455078,0
113.75,692.084228515625,-16.003293991088867,0
113.76,691.92919921875,-15.99812126159668,0
113.77,691.7774047851562,-15.989662170410156,0
113.78,691.6232299804688,-15.983701705932617,0
113.79,691.4630126953125,-15.984052658081055,0
113.8,691.3060913085938,-15.981006622314453,0
113.81,691.1432495117188,-15.984160423278809,0
113.82,690.9818725585938,-15.985763549804688,0
113.83,690.8237915039062,-15.9839448928833,0
113.84,690.6689453125,-15.978775024414062,0
113.85,690.517333984375,-15.970322608947754,0
113.86,690.3468017578125,-15.98151683807373,0
113.87,690.1796875,-15.989093780517578,0
113.88,690.01220703125,-15.996933937072754,0
113.89,689.8444213867188,-16.00503158569336,0
113.9,689.6689453125,-16.020998001098633,0
113.91,689.4895629882812,-16.040861129760742,0
113.92,689.3136596679688,-16.056917190551758,0
113.93,689.130126953125,-16.080669403076172,0
113.94,688.9501342773438,-16.10052490234375,0
113.95,688.764404296875,-16.12608528137207,0
113.96,688.5748901367188,-16.15532112121582,0
113.97,688.3889770507812,-16.180530548095703,0
113.98,688.2066040039062,-16.201793670654297,0
113.99,688.0259399414062,-16.22109031677246,0
114,687.84326171875,-16.242265701293945,0
114.01,687.6641235351562,-16.259565353393555,0
114.02,687.4848022460938,-16.276870727539062,0
114.03,687.3089599609375,-16.29037094116211,0
114.04,687.1365966796875,-16.300138473510742,0
114.05,686.9676513671875,-16.306249618530273,0
114.06,686.8021240234375,-16.30877685546875,0
114.07,686.6400146484375,-16.30779457092285,0
114.08,686.481201171875,-16.303375244140625,0
114.09,686.3128051757812,-16.30892562866211,0
114.1,686.1478271484375,-16.310903549194336,0
114.11,685.9825439453125,-16.31319236755371,0
114.12,685.813232421875,-16.319595336914062,0
114.13,685.6454467773438,-16.324310302734375,0
114.14,685.4810791015625,-16.325468063354492,0
114.15,685.3218994140625,-16.32123565673828,0
114.16,685.162353515625,-16.317440032958984,0
114.17,684.9859008789062,-16.33121681213379,0
114.18,684.8128662109375,-16.34124755859375,0
114.19,684.643310546875,-16.34760856628418,0
114.2,684.4882202148438,-16.338943481445312,0
114.21,684.3216552734375,-16.34222984313965,0
114.22,684.1731567382812,-16.326744079589844,0
114.23,684.01318359375,-16.323352813720703,0
114.24,683.8565063476562,-16.316570281982422,0
114.25,683.7178344726562,-16.291227340698242,0
114.26,683.582275390625,-16.262950897216797,0
114.27,683.4552612304688,-16.226089477539062,0
114.28,683.3257446289062,-16.192258834838867,0
114.29,683.2046508789062,-16.149974822998047,0
114.3,683.0864868164062,-16.105131149291992,0
114.31,682.9656372070312,-16.063507080078125,0
114.32,682.84765625,-16.019329071044922,0
114.33,682.7325439453125,-15.972658157348633,0
114.34,682.6000366210938,-15.944510459899902,0
114.35,682.4447631835938,-15.940228462219238,0
114.36,682.2926635742188,-15.932653427124023,0
114.37,682.143798828125,-15.921855926513672,0
114.38,681.998046875,-15.907903671264648,0
114.39,681.8572998046875,-15.888959884643555,0
114.4,681.7196044921875,-15.867035865783691,0
114.41,681.5830688476562,-15.844100952148438,0
114.42,681.4495849609375,-15.818276405334473,0
114.43,681.3171997070312,-15.791532516479492,0
114.44,681.1878662109375,-15.761988639831543,0
114.45,681.05224609375,-15.739232063293457,0
114.46,680.9086303710938,-15.724977493286133,0
114.47,680.757080078125,-15.719109535217285,0
114.48,680.6087036132812,-15.710029602050781,0
114.49,680.4615478515625,-15.69970989227295,0
114.5,680.3175659179688,-15.686272621154785,0
114.51,680.1692504882812,-15.677406311035156,0
114.52,680.0240478515625,-15.665396690368652,0
114.53,679.8764038085938,-15.656023025512695,0
114.54,679.7263793945312,-15.649236679077148,0
114.55,679.5758056640625,-15.643081665039062,0
114.56,679.4284057617188,-15.633735656738281,0
114.57,679.2786254882812,-15.626981735229492,0
114.58,679.130126953125,-15.618956565856934,0
114.59,678.9736938476562,-15.619214057922363,0
114.6,678.811279296875,-15.625678062438965,0
114.61,678.652099609375,-15.628697395324707,0
114.62,678.4869995117188,-15.637807846069336,0
114.63,678.3251953125,-15.643416404724121,0
114.64,678.1629638671875,-15.649404525756836,0
114.65,678.0003051757812,-15.655759811401367,0
114.66,677.8446044921875,-15.65485668182373,0
114.67,677.6884155273438,-15.654460906982422,0
114.68,677.5354614257812,-15.650753021240234,0
114.69,677.3856811523438,-15.643803596496582,0
114.7,677.2408447265625,-15.63177490234375,0
114.71,677.1046142578125,-15.610962867736816,0
114.72,676.9713745117188,-15.587265968322754,0
114.73,676.8668212890625,-15.534137725830078,0
114.74,676.7649536132812,-15.478804588317871,0
114.75,676.673095703125,-15.413702964782715,0
114.76,676.6021728515625,-15.327621459960938,0
114.77,676.5335083007812,-15.2400541305542,0
114.78,676.4486694335938,-15.170096397399902,0
114.79,676.3589477539062,-15.105975151062012,0
114.8,676.2698364257812,-15.041869163513184,0
114.81,676.1795043945312,-14.979696273803711,0
114.82,676.08056640625,-14.927051544189453,0
114.83,675.9786376953125,-14.878033638000488,0
114.84,675.8792724609375,-14.826865196228027,0
114.85,675.782470703125,-14.773601531982422,0
114.86,675.6881713867188,-14.71829605102539,0
114.87,675.5945434570312,-14.662908554077148,0
114.88,675.5015869140625,-14.607396125793457,0
114.89,675.4092407226562,-14.55182933807373,0
114.9,675.3156127929688,-14.498126029968262,0
114.91,675.209716796875,-14.457687377929688,0
114.92,675.0989990234375,-14.42263126373291,0
114.93,674.9761962890625,-14.400474548339844,0
114.94,674.8433227539062,-14.388997077941895,0
114.95,674.71142578125,-14.376609802246094,0
114.96,674.5694580078125,-14.374763488769531,0
114.97,674.4083251953125,-14.392763137817383,0
114.98,674.2466430664062,-14.411153793334961,0
114.99,674.0826416015625,-14.431769371032715,0
115,673.919921875,-14.450807571411133,0
115.01,673.7548217773438,-14.472105979919434,0
115.02,673.58740234375,-14.495615005493164,0
115.03,673.4231567382812,-14.515568733215332,0
115.04,673.2620849609375,-14.532036781311035,0
115.05,673.1041259765625,-14.545084953308105,0
115.06,672.9492797851562,-14.554781913757324,0
115.07,672.7901611328125,-14.568811416625977,0
115.08,672.6341552734375,-14.57946491241455,0
115.09,672.4830932617188,-14.584903717041016,0
115.1,672.3331909179688,-14.589042663574219,0
115.11,672.188232421875,-14.588099479675293,0
115.12,672.0462646484375,-14.58408260345459,0
115.13,671.9072265625,-14.577056884765625,0
115.14,671.7711181640625,-14.567084312438965,0
115.15,671.6378784179688,-14.554226875305176,0
115.16,671.5074462890625,-14.53854751586914,0
115.17,671.3780517578125,-14.52200984954834,0
115.18,671.23681640625,-14.517916679382324,0
115.19,671.0984497070312,-14.510828971862793,0
115.2,670.9630737304688,-14.500809669494629,0
115.21,670.81396484375,-14.505064964294434,0
115.22,670.6678466796875,-14.506156921386719,0
115.23,670.5247192382812,-14.504151344299316,0
115.24,670.3845825195312,-14.499112129211426,0
115.25,670.254638671875,-14.48348331451416,0
115.26,670.1275634765625,-14.465103149414062,0
115.27,670.0032958984375,-14.444032669067383,0
115.28,669.8817138671875,-14.420331001281738,0
115.29,669.7554931640625,-14.4016752243042,0
115.3,669.6283569335938,-14.384157180786133,0
115.31,669.4893798828125,-14.379129409790039,0
115.32,669.345947265625,-14.378774642944336,0
115.33,669.2054443359375,-14.375378608703613,0
115.34,669.06787109375,-14.36900520324707,0
115.35,668.9331665039062,-14.359716415405273,0
115.36,668.7994384765625,-14.349478721618652,0
115.37,668.6685791015625,-14.336408615112305,0
115.38,668.54052734375,-14.320566177368164,0
115.39,668.4060668945312,-14.311535835266113,0
115.4,668.2744140625,-14.29965591430664,0
115.41,668.1363525390625,-14.294510841369629,0
115.42,667.9865112304688,-14.30162239074707,0
115.43,667.826904296875,-14.31883430480957,0
115.44,667.6703491210938,-14.332657814025879,0
115.45,667.5076904296875,-14.352684020996094,0
115.46,667.3370971679688,-14.380684852600098,0
115.47,667.1679077148438,-14.406968116760254,0
115.48,666.9927978515625,-14.439127922058105,0
115.49,666.8117065429688,-14.477090835571289,0
115.5,666.6339721679688,-14.511205673217773,0
115.51,666.455810546875,-14.545354843139648,0
115.52,666.2699584960938,-14.58714771270752,0
115.53,666.0967407226562,-14.61546802520752,0
115.54,665.9083862304688,-14.659101486206055,0
115.55,665.7142944335938,-14.708255767822266,0
115.56,665.523681640625,-14.753284454345703,0
115.57,665.33837890625,-14.7923583984375,0
115.58,665.1509399414062,-14.833207130432129,0
115.59,664.9651489257812,-14.871979713439941,0
115.6,664.7827758789062,-14.906804084777832,0
115.61,664.6038208007812,-14.937755584716797,0
115.62,664.42822265625,-14.964905738830566,0
115.63,664.2485961914062,-14.995890617370605,0
115.64,664.0577392578125,-15.03824234008789,0
115.65,663.870361328125,-15.076539039611816,0
115.66,663.6864624023438,-15.110855102539062,0
115.67,663.5022583007812,-15.145072937011719,0
115.68,663.3104858398438,-15.186807632446289,0
115.69,663.1222534179688,-15.224467277526855,0
115.7,662.9375,-15.25812816619873,0
115.71,662.7506713867188,-15.2935791015625,0
115.72,662.5654907226562,-15.326909065246582,0
115.73,662.3838500976562,-15.356306076049805,0
115.74,662.2073974609375,-15.379997253417969,0
115.75,662.0343017578125,-15.399942398071289,0
115.76,661.86279296875,-15.418061256408691,0
115.77,661.6964111328125,-15.430691719055176,0
115.78,661.5333251953125,-15.439791679382324,0
115.79,661.3551025390625,-15.464422225952148,0
115.8,661.1748046875,-15.490927696228027,0
115.81,660.9906005859375,-15.521224975585938,0
115.82,660.8172607421875,-15.539990425109863,0
115.83,660.6399536132812,-15.56269645690918,0
115.84,660.453125,-15.594971656799316,0
115.85,660.26806640625,-15.625127792358398,0
115.86,660.0864868164062,-15.65135383605957,0
115.87,659.9083862304688,-15.673725128173828,0
115.88,659.7337036132812,-15.692315101623535,0
115.89,659.5623779296875,-15.707197189331055,0
115.9,659.3944702148438,-15.718443870544434,0
115.91,659.22802734375,-15.728032112121582,0
115.92,659.0501708984375,-15.749326705932617,0
115.93,658.8757934570312,-15.766845703125,0
115.94,658.7047729492188,-15.780664443969727,0
115.95,658.533447265625,-15.794608116149902,0
115.96,658.3637084960938,-15.8068208694458,0
115.97,658.1771240234375,-15.836328506469727,0
115.98,657.9940795898438,-15.861873626708984,0
115.99,657.8052978515625,-15.89305591583252,0
116,657.616455078125,-15.92398452758789,0
116.01,657.4312133789062,-15.950902938842773,0
116.02,657.24951171875,-15.973888397216797,0
116.03,657.06396484375,-16.000635147094727,0
116.04,656.8653564453125,-16.04052734375,0
116.05,656.6594848632812,-16.087575912475586,0
116.06,656.4444580078125,-16.143579483032227,0
116.07,656.2333374023438,-16.19501304626465,0
116.08,656.0333862304688,-16.234342575073242,0
116.09,655.8297729492188,-16.277040481567383,0
116.1,655.6299438476562,-16.315412521362305,0
116.11,655.4320068359375,-16.3514461517334,0
116.12,655.2377319335938,-16.383275985717773,0
116.13,655.0380249023438,-16.420448303222656,0
116.14,654.8511962890625,-16.443910598754883,0
116.15,654.6587524414062,-16.47287368774414,0
116.16,654.469970703125,-16.49774932861328,0
116.17,654.282958984375,-16.520523071289062,0
116.18,654.1013793945312,-16.53742218017578,0
116.19,653.9197387695312,-16.554275512695312,0
116.2,653.7362060546875,-16.572933197021484,0
116.21,653.5562133789062,-16.587696075439453,0
116.22,653.3797607421875,-16.5986385345459,0
116.23,653.1975708007812,-16.615360260009766,0
116.24,653.01171875,-16.635780334472656,0
116.25,652.8294067382812,-16.65225601196289,0
116.26,652.6506958007812,-16.66486358642578,0
116.27,652.4755249023438,-16.67367935180664,0
116.28,652.3038330078125,-16.67877769470215,0
116.29,652.1373901367188,-16.67838478088379,0
116.3,651.9725952148438,-16.676313400268555,0
116.31,651.8112182617188,-16.67074966430664,0
116.32,651.6531982421875,-16.66176414489746,0
116.33,651.4892578125,-16.658954620361328,0
116.34,651.3287353515625,-16.65266990661621,0
116.35,651.1605834960938,-16.654356002807617,0
116.36,650.995849609375,-16.652475357055664,0
116.37,650.8455200195312,-16.635730743408203,0
116.38,650.6873779296875,-16.627174377441406,0
116.39,650.5234375,-16.624792098999023,0
116.4,650.3628540039062,-16.618934631347656,0
116.41,650.2056274414062,-16.60967254638672,0
116.42,650.0516967773438,-16.59708023071289,0
116.43,649.9028930664062,-16.579320907592773,0
116.44,649.7702026367188,-16.545076370239258,0
116.45,649.6405639648438,-16.508026123046875,0
116.46,649.513916015625,-16.46823501586914,0
116.47,649.3902587890625,-16.42576789855957,0
116.48,649.2695922851562,-16.380687713623047,0
116.49,649.1517944335938,-16.333057403564453,0
116.5,649.036865234375,-16.282939910888672,0
116.51,648.9248046875,-16.230396270751953,0
116.52,648.7898559570312,-16.20210075378418,0
116.53,648.6414184570312,-16.18803596496582,0
116.54,648.49072265625,-16.176485061645508,0
116.55,648.3248901367188,-16.18073272705078,0
116.56,648.1605224609375,-16.183368682861328,0
116.57,647.9940795898438,-16.18817710876465,0
116.58,647.8199462890625,-16.200885772705078,0
116.59,647.6400756835938,-16.2193660736084,0
116.6,647.4619140625,-16.235933303833008,0
116.61,647.2853393554688,-16.250625610351562,0
116.62,647.095703125,-16.278656005859375,0
116.63,646.9097290039062,-16.302661895751953,0
116.64,646.7182006835938,-16.33218765258789,0
116.65,646.5394287109375,-16.348176956176758,0
116.66,646.3532104492188,-16.371746063232422,0
116.67,646.1705322265625,-16.391361236572266,0
116.68,645.9913940429688,-16.4070987701416,0
116.69,645.8157958984375,-16.419034957885742,0
116.7,645.6436767578125,-16.42724609375,0
116.71,645.4622192382812,-16.445085525512695,0
116.72,645.2824096679688,-16.46097755432129,0
116.73,645.1061401367188,-16.473052978515625,0
116.74,644.933349609375,-16.481388092041016,0
116.75,644.7567138671875,-16.493621826171875,0
116.76,644.5836181640625,-16.502107620239258,0
116.77,644.4083862304688,-16.512636184692383,0
116.78,644.2349243164062,-16.52129554748535,0
116.79,644.0648803710938,-16.526275634765625,0
116.8,643.8817749023438,-16.544734954833984,0
116.81,643.7022094726562,-16.559309005737305,0
116.82,643.5206909179688,-16.575788497924805,0
116.83,643.3427124023438,-16.588415145874023,0
116.84,643.1682739257812,-16.597265243530273,0
116.85,643.0028686523438,-16.59670066833496,0
116.86,642.8408203125,-16.59263038635254,0
116.87,642.6839599609375,-16.583219528198242,0
116.88,642.528564453125,-16.572389602661133,0
116.89,642.3709716796875,-16.563982009887695,0
116.9,642.2166748046875,-16.552234649658203,0
116.91,642.0546875,-16.54859161376953,0
116.92,641.8832397460938,-16.554792404174805,0
116.93,641.7152099609375,-16.557355880737305,0
116.94,641.5505981445312,-16.55635643005371,0
116.95,641.3893432617188,-16.55186653137207,0
116.96,641.2186279296875,-16.55723762512207,0
116.97,641.064208984375,-16.54570960998535,0
116.98,640.916748046875,-16.527101516723633,0
116.99,640.7724609375,-16.50537109375,0
117,640.6332397460938,-16.478679656982422,0
117.01,640.4970703125,-16.44904136657715,0
117.02,640.364013671875,-16.416522979736328,0
117.03,640.2174682617188,-16.398277282714844,0
117.04,640.0740966796875,-16.376928329467773,0
117.05,639.9338989257812,-16.3525447845459,0
117.06,639.7748413085938,-16.34794044494629,0
117.07,639.6190795898438,-16.3399658203125,0
117.08,639.4666137695312,-16.328689575195312,0
117.09,639.3118286132812,-16.319896697998047,0
117.1,639.1602783203125,-16.307823181152344,0
117.11,639.011962890625,-16.292539596557617,0
117.12,638.8668823242188,-16.27411460876465,0
117.13,638.7249145507812,-16.25261688232422,0
117.14,638.5860595703125,-16.228113174438477,0
117.15,638.448486328125,-16.202518463134766,0
117.16,638.29931640625,-16.18919563293457,0
117.17,638.1515502929688,-16.174619674682617,0
117.18,638.0068969726562,-16.15691375732422,0
117.19,637.8526000976562,-16.1494197845459,0
117.2,637.6996459960938,-16.140562057495117,0
117.21,637.5463256835938,-16.132217407226562,0
117.22,637.3925170898438,-16.124431610107422,0
117.23,637.2327880859375,-16.12285614013672,0
117.24,637.067138671875,-16.127416610717773,0
117.25,636.8939208984375,-16.139781951904297,0
117.26,636.72412109375,-16.14847183227539,0
117.27,636.5576782226562,-16.1535587310791,0
117.28,636.3945922851562,-16.155115127563477,0
117.29,636.23486328125,-16.153213500976562,0
117.3,636.07470703125,-16.151735305786133,0
117.31,635.9215698242188,-16.14305305480957,0
117.32,635.7716674804688,-16.131126403808594,0
117.33,635.6286010742188,-16.11227035522461,0
117.34,635.4885864257812,-16.090383529663086,0
117.35,635.371826171875,-16.044692993164062,0
117.36,635.2578735351562,-15.996536254882812,0
117.37,635.1266479492188,-15.966814041137695,0
117.38,634.992919921875,-15.939973831176758,0
117.39,634.8621826171875,-15.910304069519043,0
117.4,634.734375,-15.87786865234375,0
117.41,634.5784301757812,-15.874943733215332,0
117.42,634.4257202148438,-15.868712425231934,0
117.43,634.2761840820312,-15.859245300292969,0
117.44,634.1298217773438,-15.846610069274902,0
117.45,633.986572265625,-15.8308744430542,0
117.46,633.8372192382812,-15.821573257446289,0
117.47,633.6873779296875,-15.812915802001953,0
117.48,633.538818359375,-15.802988052368164,0
117.49,633.3916015625,-15.79181957244873,0
117.5,633.2493286132812,-15.775626182556152,0
117.51,633.1156616210938,-15.75070571899414,0
117.52,632.9794311523438,-15.728669166564941,0
117.53,632.8462524414062,-15.703749656677246,0
117.54,632.7141723632812,-15.67791748046875,0
117.55,632.5850219726562,-15.649291038513184,0
117.56,632.4552001953125,-15.621685028076172,0
117.57,632.328369140625,-15.591333389282227,0
117.58,632.1732788085938,-15.590511322021484,0
117.59,632.0139770507812,-15.594019889831543,0
117.6,631.8560791015625,-15.596054077148438,0
117.61,631.701416015625,-15.594740867614746,0
117.62,631.5499267578125,-15.590147972106934,0
117.63,631.401611328125,-15.582345008850098,0
117.64,631.25634765625,-15.571398735046387,0
117.65,631.1141967773438,-15.557374954223633,0
117.66,630.9677734375,-15.547904014587402,0
117.67,630.8208618164062,-15.539085388183594,0
117.68,630.6806030273438,-15.523399353027344,0
117.69,630.539794921875,-15.50849723815918,0
117.7,630.396484375,-15.496325492858887,0
117.71,630.2525634765625,-15.484871864318848,0
117.72,630.1117553710938,-15.470369338989258,0
117.73,629.9683837890625,-15.458599090576172,0
117.74,629.8244018554688,-15.447599411010742,0
117.75,629.6871948242188,-15.429741859436035,0
117.76,629.5492553710938,-15.412787437438965,0
117.77,629.4015502929688,-15.406134605407715,0
117.78,629.240478515625,-15.413379669189453,0
117.79,629.080810546875,-15.41911506652832,0
117.8,628.9225463867188,-15.423368453979492,0
117.81,628.7674560546875,-15.424264907836914,0
117.82,628.6173706054688,-15.419968605041504,0
117.83,628.4703979492188,-15.412491798400879,0
117.84,628.32470703125,-15.403804779052734,0
117.85,628.1729125976562,-15.401497840881348,0
117.86,628.0242309570312,-15.395973205566406,0
117.87,627.878662109375,-15.387297630310059,0
117.88,627.7214965820312,-15.390719413757324,0
117.89,627.5601806640625,-15.398369789123535,0
117.9,627.4002685546875,-15.40450382232666,0
117.91,627.2435913085938,-15.407245635986328,0
117.92,627.090087890625,-15.406665802001953,0
117.93,626.9324340820312,-15.410393714904785,0
117.94,626.7779541015625,-15.410778045654297,0
117.95,626.6339111328125,-15.400324821472168,0
117.96,626.4929809570312,-15.386819839477539,0
117.97,626.3550415039062,-15.370329856872559,0
117.98,626.2200927734375,-15.350919723510742,0
117.99,626.088134765625,-15.328652381896973,0
118,625.957275390625,-15.305440902709961,0
118.01,625.8237915039062,-15.285172462463379,0
118.02,625.6932983398438,-15.262079238891602,0
118.03,625.5656127929688,-15.236223220825195,0
118.04,625.4408569335938,-15.207666397094727,0
118.05,625.3134155273438,-15.18212890625,0
118.06,625.1815795898438,-15.161458969116211,0
118.07,625.047119140625,-15.143712997436523,0
118.08,624.9155883789062,-15.123119354248047,0
118.09,624.7979125976562,-15.08836841583252,0
118.1,624.670166015625,-15.064406394958496,0
118.11,624.5452880859375,-15.037741661071777,0
118.12,624.4158935546875,-15.015997886657715,0
118.13,624.2894287109375,-14.99151611328125,0
118.14,624.1602783203125,-14.970015525817871,0
118.15,624.0302734375,-14.949590682983398,0
118.16,623.9031982421875,-14.926414489746094,0
118.17,623.762451171875,-14.91757869720459,0
118.18,623.6210327148438,-14.90956974029541,0
118.19,623.4807739257812,-14.900413513183594,0
118.2,623.343505859375,-14.888285636901855,0
118.21,623.2073364257812,-14.875155448913574,0
118.22,623.0265502929688,-14.908326148986816,0
118.23,622.84912109375,-14.93765640258789,0
118.24,622.675048828125,-14.96321964263916,0
118.25,622.4987182617188,-14.990800857543945,0
118.26,622.3203125,-15.020297050476074,0
118.27,622.1434326171875,-15.047907829284668,0
118.28,621.9699096679688,-15.071763038635254,0
118.29,621.7905883789062,-15.101401329040527,0
118.3,621.6000366210938,-15.142358779907227,0
118.31,621.4129638671875,-15.179266929626465,0
118.32,621.2274780273438,-15.214104652404785,0
118.33,621.0418090820312,-15.248754501342773,0
118.34,620.8560180664062,-15.283272743225098,0
118.35,620.6644897460938,-15.323310852050781,0
118.36,620.4765014648438,-15.35927963256836,0
118.37,620.2920532226562,-15.391256332397461,0
118.38,620.1146850585938,-15.415506362915039,0
118.39,619.93701171875,-15.439799308776855,0
118.4,619.7591552734375,-15.464072227478027,0
118.41,619.5828247070312,-15.486475944519043,0
118.42,619.3989868164062,-15.516509056091309,0
118.43,619.2350463867188,-15.525607109069824,0
118.44,619.057861328125,-15.548257827758789,0
118.45,618.8841552734375,-15.567148208618164,0
118.46,618.7137451171875,-15.582350730895996,0
118.47,618.5448608398438,-15.595840454101562,0
118.48,618.375732421875,-15.609501838684082,0
118.49,618.2099609375,-15.619574546813965,0
118.5,618.0474243164062,-15.626130104064941,0
118.51,617.88818359375,-15.62923812866211,0
118.52,617.724853515625,-15.6365327835083,0
118.53,617.5647583007812,-15.640362739562988,0
118.54,617.4042358398438,-15.64460563659668,0
118.55,617.2269287109375,-15.666228294372559,0
118.56,617.052978515625,-15.684086799621582,0
118.57,616.86962890625,-15.71147632598877,0
118.58,616.6898193359375,-15.734972953796387,0
118.59,616.5115966796875,-15.756555557250977,0
118.6,616.3294677734375,-15.7819185256958,0
118.61,616.139892578125,-15.814787864685059,0
118.62,615.953857421875,-15.843631744384766,0
118.63,615.7713623046875,-15.868524551391602,0
118.64,615.5923461914062,-15.889543533325195,0
118.65,615.4168090820312,-15.906763076782227,0
118.66,615.24658203125,-15.918351173400879,0
118.67,615.077880859375,-15.92823314666748,0
118.68,614.9070434570312,-15.940192222595215,0
118.69,614.7249755859375,-15.963653564453125,0
118.7,614.5391235351562,-15.990813255310059,0
118.71,614.3530883789062,-16.01783561706543,0
118.72,614.170654296875,-16.040908813476562,0
118.73,613.99169921875,-16.060108184814453,0
118.74,613.8162231445312,-16.075510025024414,0
118.75,613.642333984375,-16.089092254638672,0
118.76,613.4591064453125,-16.112205505371094,0
118.77,613.27392578125,-16.137086868286133,0
118.78,613.0904541015625,-16.159942626953125,0
118.79,612.905029296875,-16.184560775756836,0
118.8,612.7232055664062,-16.205242156982422,0
118.81,612.544921875,-16.222064971923828,0
118.82,612.36279296875,-16.242666244506836,0
118.83,612.1842041015625,-16.259403228759766,0
118.84,612.0090942382812,-16.272350311279297,0
118.85,611.8301391601562,-16.28914451599121,0
118.86,611.6619873046875,-16.294578552246094,0
118.87,611.4971923828125,-16.296445846557617,0
118.88,611.3284912109375,-16.302383422851562,0
118.89,611.1632080078125,-16.30474281311035,0
118.9,611.0012817382812,-16.303598403930664,0
118.91,610.8426513671875,-16.299020767211914,0
118.92,610.685546875,-16.292985916137695,0
118.93,610.5298461914062,-16.285526275634766,0
118.94,610.3773803710938,-16.27476692199707,0
118.95,610.2153930664062,-16.273998260498047,0
118.96,610.0439453125,-16.28301429748535,0
118.97,609.8759155273438,-16.288393020629883,0
118.98,609.7112426757812,-16.29020881652832,0
118.99,609.5371704101562,-16.301753997802734,0
119,609.3665771484375,-16.309606552124023,0
119.01,609.1994018554688,-16.313840866088867,0
119.02,609.0355834960938,-16.314529418945312,0
119.03,608.8677978515625,-16.319307327270508,0
119.04,608.6979370117188,-16.32618522644043,0
119.05,608.5260009765625,-16.335174560546875,0
119.06,608.3502197265625,-16.348079681396484,0
119.07,608.1724243164062,-16.3629150390625,0
119.08,607.9981079101562,-16.37397575378418,0
119.09,607.8272094726562,-16.381338119506836,0
119.1,607.6561279296875,-16.38882827758789,0
119.11,607.488525390625,-16.392690658569336,0
119.12,607.3242797851562,-16.39299774169922,0
119.13,607.1633911132812,-16.38982391357422,0
119.14,607.009521484375,-16.379487991333008,0
119.15,606.8588256835938,-16.365890502929688,0
119.16,606.71142578125,-16.349102020263672,0
119.17,606.5635375976562,-16.332942962646484,0
119.18,606.40966796875,-16.323122024536133,0
119.19,606.2590942382812,-16.310041427612305,0
119.2,606.1044311523438,-16.301332473754883,0
119.21,605.9602661132812,-16.281784057617188,0
119.22,605.8119506835938,-16.26674461364746,0
119.23,605.661376953125,-16.254222869873047,0
119.24,605.51220703125,-16.24041748046875,0
119.25,605.3479614257812,-16.24233055114746,0
119.26,605.1760864257812,-16.252132415771484,0
119.27,605.0076293945312,-16.25828742980957,0
119.28,604.842529296875,-16.2608699798584,0
119.29,604.68994140625,-16.250486373901367,0
119.3,604.5387573242188,-16.238773345947266,0
119.31,604.3907470703125,-16.22385597229004,0
119.32,604.2459716796875,-16.2058048248291,0
119.33,604.1043090820312,-16.184688568115234,0
119.34,603.9657592773438,-16.160572052001953,0
119.35,603.8302612304688,-16.13352394104004,0
119.36,603.6923828125,-16.109268188476562,0
119.37,603.5338745117188,-16.106630325317383,0
119.38,603.3767700195312,-16.102537155151367,0
119.39,603.2156372070312,-16.102678298950195,0
119.4,603.046875,-16.1107177734375,0
119.41,602.8795776367188,-16.117080688476562,0
119.42,602.710205078125,-16.12555503845215,0
119.43,602.5350952148438,-16.139904022216797,0
119.44,602.3634643554688,-16.150537490844727,0
119.45,602.1951904296875,-16.157529830932617,0
119.46,602.013916015625,-16.177928924560547,0
119.47,601.8361206054688,-16.19447898864746,0
119.48,601.6453857421875,-16.224285125732422,0
119.49,601.458251953125,-16.25004005432129,0
119.5,601.265625,-16.281234741210938,0
119.51,601.0747680664062,-16.310243606567383,0
119.52,600.889404296875,-16.333295822143555,0
119.53,600.7075805664062,-16.352413177490234,0
119.54,600.5238647460938,-16.373329162597656,0
119.55,600.3363647460938,-16.39790916442871,0
119.56,600.143310546875,-16.427974700927734,0
119.57,599.9630737304688,-16.444475173950195,0
119.58,599.786376953125,-16.457151412963867,0
119.59,599.5967407226562,-16.483108520507812,0
119.6,599.4107055664062,-16.50503921508789,0
119.61,599.228271484375,-16.523021697998047,0
119.62,599.0494384765625,-16.537132263183594,0
119.63,598.8851318359375,-16.536075592041016,0
119.64,598.7241821289062,-16.531536102294922,0
119.65,598.5682983398438,-16.52173614501953,0
119.66,598.4139404296875,-16.510482788085938,0
119.67,598.2518920898438,-16.50733184814453,0
119.68,598.0858764648438,-16.508251190185547,0
119.69,597.9232788085938,-16.50564956665039,0
119.7,597.7512817382812,-16.51282501220703,0
119.71,597.5773315429688,-16.522008895874023,0
119.72,597.4049682617188,-16.529407501220703,0
119.73,597.221435546875,-16.548274993896484,0
119.74,597.04150390625,-16.563247680664062,0
119.75,596.8650512695312,-16.57440185546875,0
119.76,596.692138671875,-16.581811904907227,0
119.77,596.522705078125,-16.585556030273438,0
119.78,596.3494262695312,-16.593271255493164,0
119.79,596.1777954101562,-16.599157333374023,0
119.8,595.996826171875,-16.614625930786133,0
119.81,595.8194580078125,-16.62625503540039,0
119.82,595.64013671875,-16.63977813720703,0
119.83,595.4625244140625,-16.65140151977539,0
119.84,595.2884521484375,-16.659255981445312,0
119.85,595.1178588867188,-16.66341781616211,0
119.86,594.95068359375,-16.663963317871094,0
119.87,594.7760009765625,-16.67228126525879,0
119.88,594.6029663085938,-16.67879867553711,0
119.89,594.4334106445312,-16.6816463470459,0
119.9,594.267333984375,-16.680898666381836,0
119.91,594.1046752929688,-16.6766300201416,0
119.92,593.9472045898438,-16.667009353637695,0
119.93,593.7930297851562,-16.654050827026367,0
119.94,593.6403198242188,-16.639732360839844,0
119.95,593.4927368164062,-16.620275497436523,0
119.96,593.3593139648438,-16.586376190185547,0
119.97,593.2288818359375,-16.549654006958008,0
119.98,593.077880859375,-16.534713745117188,0
119.99,592.9246215820312,-16.522232055664062,0
120,592.77099609375,-16.510257720947266,0
120.01,592.6151733398438,-16.500686645507812,0
120.02,592.462646484375,-16.487815856933594,0
120.03,592.3133544921875,-16.47171401977539,0
120.04,592.16357421875,-16.456256866455078,0
120.05,592.0152587890625,-16.439477920532227,0
120.06,591.866455078125,-16.423368453979492,0
120.07,591.7208251953125,-16.40410614013672,0
120.08,591.578369140625,-16.381759643554688,0
120.09,591.43359375,-16.362056732177734,0
120.1,591.2901000976562,-16.3411922454834,0
120.11,591.1461791992188,-16.321044921875,0
120.12,590.998046875,-16.30541229248047,0
120.13,590.8604736328125,-16.279081344604492,0
120.14,590.7186279296875,-16.257400512695312,0
120.15,590.5798950195312,-16.232717514038086,0
120.16,590.4387817382812,-16.21075439453125,0
120.17,590.2990112304688,-16.187654495239258,0
120.18,590.155029296875,-16.169158935546875,0
120.19,590.0087280273438,-16.15327262878418,0
120.2,589.8582153320312,-16.1418514251709,0
120.21,589.6945190429688,-16.14421272277832,0
120.22,589.5341796875,-16.143104553222656,0
120.23,589.3770751953125,-16.138595581054688,0
120.24,589.2232666015625,-16.13075828552246,0
120.25,589.0726928710938,-16.119661331176758,0
120.26,588.9234619140625,-16.107280731201172,0
120.27,588.7792358398438,-16.089832305908203,0
120.28,588.6362915039062,-16.071237564086914,0
120.29,588.4928588867188,-16.053367614746094,0
120.3,588.3470458984375,-16.038118362426758,0
120.31,588.1951904296875,-16.029247283935547,0
120.32,588.04296875,-16.020912170410156,0
120.33,587.888427734375,-16.0150089263916,0
120.34,587.731689453125,-16.011489868164062,0
120.35,587.5836791992188,-15.998990058898926,0
120.36,587.4388427734375,-15.983354568481445,0
120.37,587.2916259765625,-15.97031021118164,0
120.38,587.1566162109375,-15.94473648071289,0
120.39,587.024658203125,-15.916306495666504,0
120.4,586.8956298828125,-15.88508415222168,0
120.41,586.7695922851562,-15.851133346557617,0
120.42,586.646484375,-15.814517974853516,0
120.43,586.5262451171875,-15.775300025939941,0
120.44,586.3997192382812,-15.742952346801758,0
120.45,586.2742919921875,-15.709834098815918,0
120.46,586.153564453125,-15.672159194946289,0
120.47,586.0357055664062,-15.631932258605957,0
120.48,585.920654296875,-15.589216232299805,0
120.49,585.8065795898438,-15.545974731445312,0
120.5,585.6952514648438,-15.500323295593262,0
120.51,585.5866088867188,-15.45232105255127,0
120.52,585.47705078125,-15.405779838562012,0
120.53,585.3701782226562,-15.356925964355469,0
120.54,585.2659912109375,-15.305816650390625,0
120.55,585.1407470703125,-15.277044296264648,0
120.56,585.018310546875,-15.245622634887695,0
120.57,584.8950805664062,-15.215367317199707,0
120.58,584.7637329101562,-15.193819999694824,0
120.59,584.6353149414062,-15.169493675231934,0
120.6,584.509765625,-15.142449378967285,0
120.61,584.3870239257812,-15.112749099731445,0
120.62,584.26708984375,-15.080452919006348,0
120.63,584.1371459960938,-15.05884075164795,0
120.64,584.0101318359375,-15.034479141235352,0
120.65,583.8859252929688,-15.007430076599121,0
120.66,583.7608642578125,-14.981505393981934,0
120.67,583.6386108398438,-14.952934265136719,0
120.68,583.5137329101562,-14.927436828613281,0
120.69,583.3861694335938,-14.904955863952637,0
120.7,583.2669067382812,-14.874116897583008,0
120.71,583.1449584960938,-14.846414566040039,0
120.72,583.0257568359375,-14.816133499145508,0
120.73,582.9093017578125,-14.783331871032715,0
120.74,582.781005859375,-14.76313591003418,0
120.75,582.6445922851562,-14.75153923034668,0
120.76,582.5110473632812,-14.737052917480469,0
120.77,582.3712768554688,-14.72914981842041,0
120.78,582.2344970703125,-14.71828556060791,0
120.79,582.0897216796875,-14.715840339660645,0
120.8,581.9478759765625,-14.710325241088867,0
120.81,581.8071899414062,-14.703707695007324,0
120.82,581.6712646484375,-14.692205429077148,0
120.83,581.5382690429688,-14.677824020385742,0
120.84,581.4190063476562,-14.649310111999512,0
120.85,581.302490234375,-14.618274688720703,0
120.86,581.1886596679688,-14.584775924682617,0
120.87,581.0792846679688,-14.54702091217041,0
120.88,580.9725341796875,-14.506956100463867,0
120.89,580.8665771484375,-14.466485023498535,0
120.9,580.7649536132812,-14.421927452087402,0
120.91,580.6640625,-14.377074241638184,0
120.92,580.565673828125,-14.330090522766113,0
120.93,580.4697875976562,-14.281031608581543,0
120.94,580.3763427734375,-14.229949951171875,0
120.95,580.2798461914062,-14.182557106018066,0
120.96,580.1838989257812,-14.135031700134277,0
120.97,580.0849609375,-14.091139793395996,0
120.98,579.9720458984375,-14.062132835388184,0
120.99,579.858154296875,-14.034491539001465,0
121,579.73046875,-14.021415710449219,0
121.01,579.6036987304688,-14.007540702819824,0
121.02,579.4796142578125,-13.990981101989746,0
121.03,579.3582763671875,-13.971794128417969,0
121.04,579.23779296875,-13.951887130737305,0
121.05,579.1162719726562,-13.933238983154297,0
121.06,578.9974365234375,-13.912017822265625,0
121.07,578.8812866210938,-13.888282775878906,0
121.08,578.7677612304688,-13.862091064453125,0
121.09,578.647705078125,-13.842909812927246,0
121.1,578.5302734375,-13.821187019348145,0
121.11,578.404541015625,-13.808294296264648,0
121.12,578.2797241210938,-13.794587135314941,0
121.13,578.15576171875,-13.780141830444336,0
121.14,578.034423828125,-13.763071060180664,0
121.15,577.9066772460938,-13.75284194946289,0
121.16,577.7798461914062,-13.74181079864502,0
121.17,577.6502685546875,-13.733752250671387,0
121.18,577.5033569335938,-13.743674278259277,0
121.19,577.348388671875,-13.761795043945312,0
121.2,577.1891479492188,-13.784133911132812,0
121.21,577.0311889648438,-13.804996490478516,0
121.22,576.8744506835938,-13.82435417175293,0
121.23,576.720703125,-13.840384483337402,0
121.24,576.5699462890625,-13.85315227508545,0
121.25,576.4221801757812,-13.86272144317627,0
121.26,576.2664184570312,-13.880472183227539,0
121.27,576.1063842773438,-13.902478218078613,0
121.28,575.942138671875,-13.928593635559082,0
121.29,575.7791748046875,-13.953125953674316,0
121.3,575.617431640625,-13.976102828979492,0
121.31,575.4551391601562,-13.999397277832031,0
121.32,575.2886962890625,-14.026753425598145,0
121.33,575.1254272460938,-14.050576210021973,0
121.34,574.9597778320312,-14.076590538024902,0
121.35,574.7973022460938,-14.099088668823242,0
121.36,574.6324462890625,-14.12379264831543,0
121.37,574.470703125,-14.144996643066406,0
121.38,574.3120727539062,-14.162766456604004,0
121.39,574.1310424804688,-14.2035551071167,0
121.4,573.9515380859375,-14.242345809936523,0
121.41,573.7734985351562,-14.279228210449219,0
121.42,573.5986938476562,-14.31232738494873,0
121.43,573.4271850585938,-14.341713905334473,0
121.44,573.2588500976562,-14.36745834350586,0
121.45,573.0810546875,-14.402791976928711,0
121.46,572.906494140625,-14.434349060058594,0
121.47,572.7352294921875,-14.462198257446289,0
121.48,572.5672607421875,-14.486412048339844,0
121.49,572.4024658203125,-14.507059097290039,0
121.5,572.2353515625,-14.529866218566895,0
121.51,572.0422973632812,-14.579262733459473,0
121.52,571.841796875,-14.635870933532715,0
121.53,571.6448364257812,-14.688217163085938,0
121.54,571.4623413085938,-14.72506046295166,0
121.55,571.2705078125,-14.771190643310547,0
121.56,571.0767211914062,-14.818902015686035,0
121.57,570.8663940429688,-14.883220672607422,0
121.58,570.657958984375,-14.944918632507324,0
121.59,570.453125,-15.002182960510254,0
121.6,570.251953125,-15.055093765258789,0
121.61,570.0525512695312,-15.105630874633789,0
121.62,569.8567504882812,-15.151930809020996,0
121.63,569.66455078125,-15.194070816040039,0
121.64,569.4758911132812,-15.23212718963623,0
121.65,569.2906494140625,-15.26617431640625,0
121.66,569.10888671875,-15.29628849029541,0
121.67,568.9251098632812,-15.32819938659668,0
121.68,568.737548828125,-15.363715171813965,0
121.69,568.553466796875,-15.395247459411621,0
121.7,568.3655395507812,-15.430432319641113,0
121.71,568.1611328125,-15.482294082641602,0
121.72,567.9603881835938,-15.529810905456543,0
121.73,567.7633056640625,-15.573062896728516,0
121.74,567.5698852539062,-15.612128257751465,0
121.75,567.3781127929688,-15.6489896774292,0
121.76,567.1917724609375,-15.679871559143066,0
121.77,567.0071411132812,-15.70870304107666,0
121.78,566.8096313476562,-15.750531196594238,0
121.79,566.6011962890625,-15.803232192993164,0
121.8,566.3965454101562,-15.851503372192383,0
121.81,566.1901245117188,-15.901082992553711,0
121.82,565.9874877929688,-15.94627571105957,0
121.83,565.78125,-15.994668960571289,0
121.84,565.5751342773438,-16.04243278503418,0
121.85,565.372802734375,-16.085817337036133,0
121.86,565.161376953125,-16.13812255859375,0
121.87,564.9520263671875,-16.18778419494629,0
121.88,564.7337646484375,-16.24616050720215,0
121.89,564.5193481445312,-16.299898147583008,0
121.9,564.3087768554688,-16.349077224731445,0
121.91,564.1093139648438,-16.386274337768555,0
121.92,563.9118041992188,-16.421085357666016,0
121.93,563.718017578125,-16.451702117919922,0
121.94,563.518798828125,-16.48761558532715,0
121.95,563.310546875,-16.532516479492188,0
121.96,563.1060791015625,-16.5729923248291,0
121.97,562.9254760742188,-16.58839988708496,0
121.98,562.730224609375,-16.618797302246094,0
121.99,562.5368041992188,-16.64695167541504,0
122,562.3471069335938,-16.671001434326172,0
122.01,562.15380859375,-16.698530197143555,0
122.02,561.9696655273438,-16.716297149658203,0
122.03,561.7891235351562,-16.73015594482422,0
122.04,561.6138916015625,-16.73833656311035,0
122.05,561.4421997070312,-16.742799758911133,0
122.06,561.272216796875,-16.745471954345703,0
122.07,561.091064453125,-16.759607315063477,0
122.08,560.9026489257812,-16.781160354614258,0
122.09,560.7124633789062,-16.804372787475586,0
122.1,560.5204467773438,-16.829206466674805,0
122.11,560.3320922851562,-16.849964141845703,0
122.12,560.1419067382812,-16.87238121032715,0
122.13,559.9554443359375,-16.890762329101562,0
122.14,559.778076171875,-16.89952850341797,0
122.15,559.5969848632812,-16.912036895751953,0
122.16,559.4194946289062,-16.920703887939453,0
122.17,559.2437133789062,-16.927513122558594,0
122.18,559.0714721679688,-16.930593490600586,0
122.19,558.8936767578125,-16.939374923706055,0
122.2,558.7157592773438,-16.948196411132812,0
122.21,558.5413818359375,-16.953243255615234,0
122.22,558.3615112304688,-16.963945388793945,0
122.23,558.1852416992188,-16.97083282470703,0
122.24,558.0033569335938,-16.98339080810547,0
122.25,557.8323364257812,-16.984586715698242,0
122.26,557.664794921875,-16.98215675354004,0
122.27,557.4935302734375,-16.983680725097656,0
122.28,557.32568359375,-16.9815731048584,0
122.29,557.154052734375,-16.983470916748047,0
122.3,556.9859008789062,-16.98172950744629,0
122.31,556.8157958984375,-16.982027053833008,0
122.32,556.6473388671875,-16.980623245239258,0
122.33,556.4768676757812,-16.981304168701172,0
122.34,556.3026733398438,-16.985877990722656,0
122.35,556.1246948242188,-16.994264602661133,0
122.36,555.94482421875,-17.004533767700195,0
122.37,555.7576904296875,-17.022245407104492,0
122.38,555.563232421875,-17.04730224609375,0
122.39,555.37255859375,-17.0682315826416,0
122.4,555.1856079101562,-17.085115432739258,0
122.41,554.9986572265625,-17.101783752441406,0
122.42,554.8135986328125,-17.116334915161133,0
122.43,554.626708984375,-17.132617950439453,0
122.44,554.4398803710938,-17.1486873626709,0
122.45,554.24755859375,-17.170202255249023,0
122.46,554.0590209960938,-17.187637329101562,0
122.47,553.8505859375,-17.225494384765625,0
122.48,553.6442260742188,-17.26082992553711,0
122.49,553.4381103515625,-17.295536041259766,0
122.5,553.232177734375,-17.32961654663086,0
122.51,553.0302124023438,-17.359325408935547,0
122.52,552.8265991210938,-17.390403747558594,0
122.53,552.615966796875,-17.42841911315918,0
122.54,552.420166015625,-17.450700759887695,0
122.55,552.213623046875,-17.48383903503418,0
122.56,552.0037231445312,-17.520097732543945,0
122.57,551.794189453125,-17.555652618408203,0
122.58,551.588623046875,-17.58675765991211,0
122.59,551.3850708007812,-17.61540412902832,0
122.6,551.179931640625,-17.6453857421875,0
122.61,550.9786987304688,-17.67101287841797,0
122.62,550.7813720703125,-17.69236946105957,0
122.63,550.5860595703125,-17.71138572692871,0
122.64,550.3945922851562,-17.72625732421875,0
122.65,550.2069091796875,-17.7370662689209,0
122.66,550.0156860351562,-17.751399993896484,0
122.67,549.8282470703125,-17.761676788330078,0
122.68,549.6318359375,-17.78114128112793,0
122.69,549.4392700195312,-17.796438217163086,0
122.7,549.2613525390625,-17.796388626098633,0
122.71,549.0870361328125,-17.79256820678711,0
122.72,548.918212890625,-17.78314971923828,0
122.73,548.7510986328125,-17.772056579589844,0
122.74,548.5875244140625,-17.757423400878906,0
122.75,548.427490234375,-17.73932647705078,0
122.76,548.2527465820312,-17.736608505249023,0
122.77,548.0816040039062,-17.730186462402344,0
122.78,547.8958129882812,-17.73895835876465,0
122.79,547.7119750976562,-17.745637893676758,0
122.8,547.5318603515625,-17.74842071533203,0
122.81,547.353515625,-17.749286651611328,0
122.82,547.1770629882812,-17.748220443725586,0
122.83,547.0042114257812,-17.7434139251709,0
122.84,546.8349609375,-17.734943389892578,0
122.85,546.6528930664062,-17.73980140686035,0
122.86,546.4909057617188,-17.72388458251953,0
122.87,546.3160400390625,-17.721452713012695,0
122.88,546.1356811523438,-17.7247257232666,0
122.89,545.958984375,-17.72417449951172,0
122.9,545.785888671875,-17.719877243041992,0
122.91,545.6163940429688,-17.711912155151367,0
122.92,545.450439453125,-17.700355529785156,0
122.93,545.2880249023438,-17.685283660888672,0
122.94,545.1290283203125,-17.666770935058594,0
122.95,544.9716796875,-17.646738052368164,0
122.96,544.819580078125,-17.62152671813965,0
122.97,544.6708374023438,-17.593097686767578,0
122.98,544.5345458984375,-17.552108764648438,0
122.99,544.3850708007812,-17.525156021118164,0
123,544.2298583984375,-17.504451751708984,0
123.01,544.0762329101562,-17.482311248779297,0
123.02,543.927734375,-17.455068588256836,0
123.03,543.78076171875,-17.426532745361328,0
123.04,543.6388549804688,-17.39303970336914,0
123.05,543.4984130859375,-17.3583927154541,0
123.06,543.3612060546875,-17.320775985717773,0
123.07,543.2235107421875,-17.284011840820312,0
123.08,543.0926513671875,-17.240583419799805,0
123.09,542.9612426757812,-17.198143005371094,0
123.1,542.81298828125,-17.173595428466797,0
123.11,542.66796875,-17.145910263061523,0
123.12,542.5298461914062,-17.111404418945312,0
123.13,542.3948974609375,-17.073976516723633,0
123.14,542.2631225585938,-17.0336971282959,0
123.15,542.1307373046875,-16.994384765625,0
123.16,542.0015258789062,-16.952274322509766,0
123.17,541.87353515625,-16.909337997436523,0
123.18,541.7485961914062,-16.863698959350586,0
123.19,541.61572265625,-16.826677322387695,0
123.2,541.4859619140625,-16.786848068237305,0
123.21,541.3356323242188,-16.768699645996094,0
123.22,541.1885986328125,-16.74736785888672,0
123.23,541.0447387695312,-16.722923278808594,0
123.24,540.9022827148438,-16.697282791137695,0
123.25,540.7593383789062,-16.672380447387695,0
123.26,540.6068725585938,-16.657615661621094,0
123.27,540.4577026367188,-16.639623641967773,0
123.28,540.30810546875,-16.62222671508789,0
123.29,540.15087890625,-16.6129207611084,0
123.3,539.9969482421875,-16.600282669067383,0
123.31,539.8408203125,-16.590042114257812,0
123.32,539.6880493164062,-16.576494216918945,0
123.33,539.5439453125,-16.554052352905273,0
123.34,539.403076171875,-16.528560638427734,0
123.35,539.2653198242188,-16.50008773803711,0
123.36,539.1251831054688,-16.4743595123291,0
123.37,538.9881591796875,-16.44566535949707,0
123.38,538.8361206054688,-16.432838439941406,0
123.39,538.6873168945312,-16.416790008544922,0
123.4,538.5308227539062,-16.408849716186523,0
123.41,538.3884887695312,-16.386335372924805,0
123.42,538.2384033203125,-16.372066497802734,0
123.43,538.1024169921875,-16.343360900878906,0
123.44,537.9586181640625,-16.323036193847656,0
123.45,537.8179931640625,-16.29966926574707,0
123.46,537.6768188476562,-16.277076721191406,0
123.47,537.5333251953125,-16.257097244262695,0
123.48,537.3766479492188,-16.25099754333496,0
123.49,537.2232055664062,-16.2415771484375,0
123.5,537.0712280273438,-16.230754852294922,0
123.51,536.9224853515625,-16.216712951660156,0
123.52,536.7769165039062,-16.199520111083984,0
123.53,536.634521484375,-16.17924690246582,0
123.54,536.4952392578125,-16.15595817565918,0
123.55,536.3554077148438,-16.13347625732422,0
123.56,536.2059326171875,-16.121196746826172,0
123.57,536.0487670898438,-16.11701011657715,0
123.58,535.8948364257812,-16.109493255615234,0
123.59,535.7442016601562,-16.09871482849121,0
123.6,535.5894165039062,-16.092248916625977,0
123.61,535.4342651367188,-16.086257934570312,0
123.62,535.2805786132812,-16.078826904296875,0
123.63,535.130126953125,-16.068140029907227,0
123.64,534.9810180664062,-16.056169509887695,0
123.65,534.8241577148438,-16.05230140686035,0
123.66,534.6705932617188,-16.045108795166016,0
123.67,534.5202026367188,-16.0346622467041,0
123.68,534.373046875,-16.02103042602539,0
123.69,534.22900390625,-16.004281997680664,0
123.7,534.1043701171875,-15.967622756958008,0
123.71,533.9844970703125,-15.926423072814941,0
123.72,533.8656616210938,-15.884596824645996,0
123.73,533.75146484375,-15.838353157043457,0
123.74,533.6400756835938,-15.78969955444336,0
123.75,533.531494140625,-15.738694190979004,0
123.76,533.4255981445312,-15.68539810180664,0
123.77,533.3223876953125,-15.629868507385254,0
123.78,533.2218627929688,-15.572162628173828,0
123.79,533.1112670898438,-15.525504112243652,0
123.8,532.9906616210938,-15.489617347717285,0
123.81,532.8729248046875,-15.451181411743164,0
123.82,532.7543334960938,-15.414009094238281,0
123.83,532.6385498046875,-15.374332427978516,0
123.84,532.5255126953125,-15.332208633422852,0
123.85,532.4152221679688,-15.287697792053223,0
123.86,532.3076171875,-15.24085807800293,0
123.87,532.2026977539062,-15.191747665405273,0
123.88,532.1057739257812,-15.134820938110352,0
123.89,532.0150146484375,-15.072098731994629,0
123.9,531.9267578125,-15.007466316223145,0
123.91,531.8409423828125,-14.9409761428833,0
123.92,531.7575073242188,-14.872681617736816,0
123.93,531.6728515625,-14.806384086608887,0
123.94,531.590576171875,-14.738306045532227,0
123.95,531.5106201171875,-14.668498992919922,0
123.96,531.42578125,-14.60451889038086,0
123.97,531.3396606445312,-14.542506217956543,0
123.98,531.2522583007812,-14.482434272766113,0
123.99,531.167236328125,-14.42052173614502,0
124,531.0718994140625,-14.369928359985352,0
124.01,530.9772338867188,-14.319229125976562,0
124.02,530.8849487304688,-14.266532897949219,0
124.03,530.7951049804688,-14.211892127990723,0
124.04,530.7076416015625,-14.15535831451416,0
124.05,530.6224975585938,-14.0969820022583,0
124.06,530.5233764648438,-14.053672790527344,0
124.07,530.4429931640625,-13.991411209106445,0
124.08,530.3413696289062,-13.951828002929688,0
124.09,530.2349243164062,-13.9176025390625,0
124.1,530.1273803710938,-13.884880065917969,0
124.11,530.0187377929688,-13.853639602661133,0
124.12,529.91259765625,-13.82010269165039,0
124.13,529.7999267578125,-13.793676376342773,0
124.14,529.6898193359375,-13.764866828918457,0
124.15,529.5786743164062,-13.737483024597168,0
124.16,529.4663696289062,-13.711501121520996,0
124.17,529.3548583984375,-13.685049057006836,0
124.18,529.2350463867188,-13.667442321777344,0
124.19,529.1141967773438,-13.651106834411621,0
124.2,528.985107421875,-13.643416404724121,0
124.21,528.847900390625,-13.64424991607666,0
124.22,528.7135009765625,-13.64217472076416,0
124.23,528.5818481445312,-13.637249946594238,0
124.24,528.4529418945312,-13.629535675048828,0
124.25,528.3267211914062,-13.61909008026123,0
124.26,528.201416015625,-13.60787582397461,0
124.27,528.0787353515625,-13.594006538391113,0
124.28,527.955078125,-13.581293106079102,0
124.29,527.8231811523438,-13.57721996307373,0
124.3,527.694091796875,-13.570352554321289,0
124.31,527.5640869140625,-13.564502716064453,0
124.32,527.436767578125,-13.555898666381836,0
124.33,527.2994384765625,-13.55770492553711,0
124.34,527.1631469726562,-13.558445930480957,0
124.35,527.0260620117188,-13.560052871704102,0
124.36,526.8880615234375,-13.562504768371582,0
124.37,526.7510375976562,-13.563937187194824,0
124.38,526.6168212890625,-13.562464714050293,0
124.39,526.4727172851562,-13.571252822875977,0
124.4,526.3314208984375,-13.576983451843262,0
124.41,526.1930541992188,-13.579718589782715,0
124.42,526.0429077148438,-13.594531059265137,0
124.43,525.8939819335938,-13.60800838470459,0
124.44,525.742431640625,-13.623979568481445,0
124.45,525.5902709960938,-13.64048957824707,0
124.46,525.439208984375,-13.655617713928223,0
124.47,525.2893676757812,-13.669389724731445,0
124.48,525.1405639648438,-13.68188762664795,0
124.49,524.9910888671875,-13.69498062133789,0
124.5,524.8427734375,-13.706750869750977,0
124.51,524.6973266601562,-13.715374946594238,0
124.52,524.5548095703125,-13.720913887023926,0
124.53,524.4115600585938,-13.727182388305664,0
124.54,524.2693481445312,-13.732316017150879,0
124.55,524.1190795898438,-13.74569320678711,0
124.56,523.9627685546875,-13.765236854553223,0
124.57,523.8004150390625,-13.790818214416504,0
124.58,523.6392822265625,-13.81485652923584,0
124.59,523.4812622070312,-13.835474014282227,0
124.6,523.3262329101562,-13.852736473083496,0
124.61,523.1669311523438,-13.874216079711914,0
124.62,523.0106811523438,-13.892314910888672,0
124.63,522.8574829101562,-13.907097816467285,0
124.64,522.7072143554688,-13.918628692626953,0
124.65,522.5599975585938,-13.926972389221191,0
124.66,522.4156494140625,-13.9321928024292,0
124.67,522.2742309570312,-13.934351921081543,0
124.68,522.1284790039062,-13.940961837768555,0
124.69,521.9765625,-13.95389175415039,0
124.7,521.82763671875,-13.963598251342773,0
124.71,521.67626953125,-13.975746154785156,0
124.72,521.518798828125,-13.994036674499512,0
124.73,521.3480834960938,-14.025846481323242,0
124.74,521.1787719726562,-14.055933952331543,0
124.75,521.0108032226562,-14.084274291992188,0
124.76,520.8423461914062,-14.112801551818848,0
124.77,520.6698608398438,-14.145257949829102,0
124.78,520.4915161132812,-14.183403968811035,0
124.79,520.31103515625,-14.223363876342773,0
124.8,520.1248168945312,-14.268899917602539,0
124.81,519.9365234375,-14.316079139709473,0
124.82,519.7479858398438,-14.363008499145508,0
124.83,519.5556640625,-14.413437843322754,0
124.84,519.3541259765625,-14.472887992858887,0
124.85,519.1561279296875,-14.528053283691406,0
124.86,518.9562377929688,-14.584610939025879,0
124.87,518.7453002929688,-14.651928901672363,0
124.88,518.5362548828125,-14.716609954833984,0
124.89,518.3182373046875,-14.78995418548584,0
124.9,518.1039428710938,-14.858660697937012,0
124.91,517.8880004882812,-14.928411483764648,0
124.92,517.6757202148438,-14.993569374084473,0
124.93,517.4671630859375,-15.05421257019043,0
124.94,517.2532348632812,-15.119832992553711,0
124.95,517.0394897460938,-15.184602737426758,0
124.96,516.8294677734375,-15.244826316833496,0
124.97,516.6231079101562,-15.30058479309082,0
124.98,516.4276733398438,-15.344507217407227,0
124.99,516.2357788085938,-15.384278297424316,0
125,516.03662109375,-15.431174278259277,0
125.01,515.8374633789062,-15.477592468261719,0
125.02,515.6328735351562,-15.529131889343262,0
125.03,515.4320068359375,-15.576324462890625,0
125.04,515.2347412109375,-15.619248390197754,0
125.05,515.0411376953125,-15.657980918884277,0
125.06,514.8511352539062,-15.692602157592773,0
125.07,514.64111328125,-15.747553825378418,0
125.08,514.4276123046875,-15.805546760559082,0
125.09,514.1997680664062,-15.877710342407227,0
125.1,513.9651489257812,-15.956232070922852,0
125.11,513.7345581054688,-16.02976417541504,0
125.12,513.5079345703125,-16.098392486572266,0
125.13,513.283447265625,-16.164104461669922,0
125.14,513.0611572265625,-16.22689437866211,0
125.15,512.8445434570312,-16.28310775756836,0
125.16,512.6318359375,-16.334718704223633,0
125.17,512.4212036132812,-16.38365936279297,0
125.18,512.2144165039062,-16.428123474121094,0
125.19,512.0114135742188,-16.46819496154785,0
125.2,511.81219482421875,-16.50395393371582,0
125.21,511.61669921875,-16.53548240661621,0
125.22,511.4158630371094,-16.572214126586914,0
125.23,511.2187805175781,-16.60468101501465,0
125.24,511.025390625,-16.63296127319336,0
125.25,510.82666015625,-16.66649055480957,0
125.26,510.62078857421875,-16.707059860229492,0
125.27,510.4115295410156,-16.75070571899414,0
125.28,510.2025146484375,-16.793659210205078,0
125.29,509.9937438964844,-16.835926055908203,0
125.3,509.770751953125,-16.892465591430664,0
125.31,509.55902099609375,-16.9367618560791,0
125.32,509.3511962890625,-16.976558685302734,0
125.33,509.1399841308594,-17.019447326660156,0
125.34,508.93267822265625,-17.057849884033203,0
125.35,508.7292175292969,-17.09185028076172,0
125.36,508.52960205078125,-17.121530532836914,0
125.37,508.33380126953125,-17.14697265625,0
125.38,508.1254577636719,-17.185117721557617,0
125.39,507.91925048828125,-17.220687866210938,0
125.4,507.71148681640625,-17.25748062133789,0
125.41,507.50762939453125,-17.28986167907715,0
125.42,507.3076171875,-17.317913055419922,0
125.43,507.1114196777344,-17.341718673706055,0
125.44,506.90093994140625,-17.380067825317383,0
125.45,506.69439697265625,-17.41394805908203,0
125.46,506.4881286621094,-17.44719696044922,0
125.47,506.2767333984375,-17.48542022705078,0
125.48,506.0656433105469,-17.522905349731445,0
125.49,505.8585205078125,-17.555908203125,0
125.5,505.6553039550781,-17.58451271057129,0
125.51,505.45599365234375,-17.60880470275879,0
125.52,505.2605285644531,-17.62886619567871,0
125.53,505.06884765625,-17.644779205322266,0
125.54,504.8809509277344,-17.656625747680664,0
125.55,504.69500732421875,-17.666336059570312,0
125.56,504.51275634765625,-17.672101974487305,0
125.57,504.3269348144531,-17.681509017944336,0
125.58,504.1321716308594,-17.70008087158203,0
125.59,503.9303894042969,-17.725723266601562,0
125.6,503.7433166503906,-17.73587989807129,0
125.61,503.5599670410156,-17.742069244384766,0
125.62,503.37310791015625,-17.751819610595703,0
125.63,503.1881408691406,-17.759511947631836,0
125.64,503.0069274902344,-17.763282775878906,0
125.65,502.829345703125,-17.76321029663086,0
125.66,502.65362548828125,-17.761220932006836,0
125.67,502.4815368652344,-17.75550651550293,0
125.68,502.3094177246094,-17.74989891052246,0
125.69,502.1282043457031,-17.753751754760742,0
125.7,501.9452209472656,-17.759363174438477,0
125.71,501.7659606933594,-17.76109504699707,0
125.72,501.58673095703125,-17.762779235839844,0
125.73,501.4111328125,-17.760663986206055,0
125.74,501.2391662597656,-17.754825592041016,0
125.75,501.0707702636719,-17.745344161987305,0
125.76,500.9059143066406,-17.7322940826416,0
125.77,500.72833251953125,-17.73255729675293,0
125.78,500.55255126953125,-17.730958938598633,0
125.79,500.3822326660156,-17.723731994628906,0
125.8,500.20819091796875,-17.720401763916016,0
125.81,500.0196838378906,-17.73208999633789,0
125.82,499.8349304199219,-17.73978042602539,0
125.83,499.6466979980469,-17.751001358032227,0
125.84,499.4693908691406,-17.75078010559082,0
125.85,499.29571533203125,-17.74679946899414,0
125.86,499.11846923828125,-17.74658966064453,0
125.87,498.93218994140625,-17.755727767944336,0
125.88,498.7496337890625,-17.760915756225586,0
125.89,498.56353759765625,-17.769681930541992,0
125.9,498.38116455078125,-17.77450180053711,0
125.91,498.2025146484375,-17.775455474853516,0
125.92,498.0274963378906,-17.772621154785156,0
125.93,497.8560791015625,-17.766077041625977,0
125.94,497.688232421875,-17.755901336669922,0
125.95,497.5239562988281,-17.742170333862305,0
125.96,497.361328125,-17.726863861083984,0
125.97,497.20037841796875,-17.7099609375,0
125.98,497.04290771484375,-17.68964958190918,0
125.99,496.8852233886719,-17.669757843017578,0
126,496.721923828125,-17.655881881713867,0
126.01,496.554931640625,-17.64599609375,0
126.02,496.3878173828125,-17.63632583618164,0
126.03,496.22784423828125,-17.619361877441406,0
126.04,496.06768798828125,-17.602764129638672,0
126.05,495.9091796875,-17.584623336791992,0
126.06,495.75225830078125,-17.56502914428711,0
126.07,495.59332275390625,-17.547714233398438,0
126.08,495.4378356933594,-17.527034759521484,0
126.09,495.27490234375,-17.514265060424805,0
126.1,495.1154479980469,-17.498044967651367,0
126.11,494.9557800292969,-17.482200622558594,0
126.12,494.7958984375,-17.46672821044922,0
126.13,494.62322998046875,-17.46467399597168,0
126.14,494.4541015625,-17.458959579467773,0
126.15,494.2848815917969,-17.453413009643555,0
126.16,494.1191711425781,-17.44428062438965,0
126.17,493.9605712890625,-17.427885055541992,0
126.18,493.80535888671875,-17.408130645751953,0
126.19,493.6499328613281,-17.388843536376953,0
126.2,493.4960632324219,-17.368114471435547,0
126.21,493.3527526855469,-17.33667755126953,0
126.22,493.2126770019531,-17.302209854125977,0
126.23,493.0595703125,-17.281583786010742,0
126.24,492.91522216796875,-17.25211524963379,0
126.25,492.7741394042969,-17.219593048095703,0
126.26,492.6308288574219,-17.18968963623047,0
126.27,492.4907531738281,-17.156753540039062,0
126.28,492.3502502441406,-17.12460708618164,0
126.29,492.21295166015625,-17.089488983154297,0
126.3,492.0733947753906,-17.057069778442383,0
126.31,491.93701171875,-17.021699905395508,0
126.32,491.8037414550781,-16.98344612121582,0
126.33,491.6736145019531,-16.94237518310547,0
126.34,491.53570556640625,-16.909757614135742,0
126.35,491.3973083496094,-16.877975463867188,0
126.36,491.2620544433594,-16.843265533447266,0
126.37,491.12994384765625,-16.805696487426758,0
126.38,490.9864807128906,-16.780235290527344,0
126.39,490.860595703125,-16.73683738708496,0
126.4,490.73773193359375,-16.690780639648438,0
126.41,490.61785888671875,-16.64212989807129,0
126.42,490.50091552734375,-16.5909481048584,0
126.43,490.3688049316406,-16.555950164794922,0
126.44,490.2397766113281,-16.518159866333008,0
126.45,490.1119384765625,-16.479490280151367,0
126.46,489.98529052734375,-16.44002342224121,0
126.47,489.8616027832031,-16.39788055419922,0
126.48,489.7408752441406,-16.353124618530273,0
126.49,489.6104431152344,-16.31886863708496,0
126.5,489.4830322265625,-16.281856536865234,0
126.51,489.3531799316406,-16.247751235961914,0
126.52,489.226318359375,-16.210901260375977,0
126.53,489.0987854003906,-16.17512321472168,0
126.54,488.9579772949219,-16.153451919555664,0
126.55,488.8202819824219,-16.128801345825195,0
126.56,488.6856384277344,-16.10123634338379,0
126.57,488.5666198730469,-16.057771682739258,0
126.58,488.445068359375,-16.01739501953125,0
126.59,488.3191833496094,-15.98189926147461,0
126.6,488.19622802734375,-15.943742752075195,0
126.61,488.076171875,-15.90298843383789,0
126.62,487.95355224609375,-15.8652982711792,0
126.63,487.83197021484375,-15.826921463012695,0
126.64,487.72772216796875,-15.771020889282227,0
126.65,487.6116943359375,-15.727876663208008,0
126.66,487.4966735839844,-15.684131622314453,0
126.67,487.3826904296875,-15.639806747436523,0
126.68,487.2624206542969,-15.60242748260498,0
126.69,487.14495849609375,-15.562506675720215,0
126.7,487.0248718261719,-15.52570629119873,0
126.71,486.90765380859375,-15.486369132995605,0
126.72,486.78778076171875,-15.450155258178711,0
126.73,486.67071533203125,-15.411408424377441,0
126.74,486.5564270019531,-15.37018871307373,0
126.75,486.44488525390625,-15.326554298400879,0
126.76,486.3360595703125,-15.28056526184082,0
126.77,486.22991943359375,-15.232278823852539,0
126.78,486.1264343261719,-15.181753158569336,0
126.79,486.0255432128906,-15.129044532775879,0
126.8,485.92724609375,-15.07420825958252,0
126.81,485.83148193359375,-15.01729965209961,0
126.82,485.7274169921875,-14.969574928283691,0
126.83,485.6259765625,-14.919654846191406,0
126.84,485.5270690917969,-14.867594718933105,0
126.85,485.42529296875,-14.819049835205078,0
126.86,485.32244873046875,-14.772110939025879,0
126.87,485.2113342285156,-14.734204292297363,0
126.88,485.07940673828125,-14.718259811401367,0
126.89,484.9449157714844,-14.705122947692871,0
126.9,484.81329345703125,-14.68913745880127,0
126.91,484.6827697753906,-14.672213554382324,0
126.92,484.5424499511719,-14.66557788848877,0
126.93,484.4032287597656,-14.657872200012207,0
126.94,484.2651672363281,-14.649066925048828,0
126.95,484.11920166015625,-14.648538589477539,0
126.96,483.9690246582031,-14.652365684509277,0
126.97,483.8020324707031,-14.673565864562988,0
126.98,483.63824462890625,-14.691222190856934,0
126.99,483.4776306152344,-14.705402374267578,0
127,483.3201599121094,-14.716175079345703,0
127.01,483.1694641113281,-14.719854354858398,0
127.02,483.0218200683594,-14.720337867736816,0
127.03,482.87353515625,-14.721445083618164,0
127.04,482.7319030761719,-14.715655326843262,0
127.05,482.5932312011719,-14.706864356994629,0
127.06,482.4574890136719,-14.695136070251465,0
127.07,482.32464599609375,-14.680532455444336,0
127.08,482.1946716308594,-14.663115501403809,0
127.09,482.0621032714844,-14.648548126220703,0
127.1,481.9251403808594,-14.638679504394531,0
127.11,481.7730712890625,-14.644560813903809,0
127.12,481.6420593261719,-14.628565788269043,0
127.13,481.49591064453125,-14.628449440002441,0
127.14,481.3707580566406,-14.606583595275879,0
127.15,481.2303771972656,-14.600720405578613,0
127.16,481.0929260253906,-14.591882705688477,0
127.17,480.951171875,-14.587583541870117,0
127.18,480.8195495605469,-14.572830200195312,0
127.19,480.68359375,-14.562739372253418,0
127.2,480.5505065917969,-14.549768447875977,0
127.21,480.4202575683594,-14.533979415893555,0
127.22,480.2874450683594,-14.521034240722656,0
127.23,480.157470703125,-14.505276679992676,0
127.24,480.02667236328125,-14.490520477294922,0
127.25,479.8915100097656,-14.480443954467773,0
127.26,479.7483825683594,-14.478706359863281,0
127.27,479.60821533203125,-14.4739351272583,0
127.28,479.470947265625,-14.466193199157715,0
127.29,479.3402099609375,-14.451791763305664,0
127.3,479.2122802734375,-14.434621810913086,0
127.31,479.0835266113281,-14.418496131896973,0
127.32,478.9430847167969,-14.414599418640137,0
127.33,478.80743408203125,-14.405821800231934,0
127.34,478.6764221191406,-14.392322540283203,0
127.35,478.54644775390625,-14.377897262573242,0
127.36,478.4192810058594,-14.360719680786133,0
127.37,478.29302978515625,-14.342754364013672,0
127.38,478.1551513671875,-14.337015151977539,0
127.39,478.0201416015625,-14.328354835510254,0
127.4,477.88079833984375,-14.324283599853516,0
127.41,477.74432373046875,-14.317259788513184,0
127.42,477.59808349609375,-14.320452690124512,0
127.43,477.4421691894531,-14.33359432220459,0
127.44,477.28033447265625,-14.352725982666016,0
127.45,477.12164306640625,-14.368423461914062,0
127.46,476.9533996582031,-14.39385986328125,0
127.47,476.7811279296875,-14.423173904418945,0
127.48,476.59051513671875,-14.471179008483887,0
127.49,476.3996887207031,-14.518885612487793,0
127.5,476.20867919921875,-14.566289901733398,0
127.51,476.0211181640625,-14.609635353088379,0
127.52,475.8370056152344,-14.648996353149414,0
127.53,475.6490783691406,-14.691895484924316,0
127.54,475.4645690917969,-14.730802536010742,0
127.55,475.2780456542969,-14.77138900756836,0
127.56,475.09136962890625,-14.811711311340332,0
127.57,474.90447998046875,-14.851819038391113,0
127.58,474.6994323730469,-14.910305976867676,0
127.59,474.4980163574219,-14.964434623718262,0
127.6,474.3002014160156,-15.014281272888184,0
127.61,474.10595703125,-15.059925079345703,0
127.62,473.91522216796875,-15.101441383361816,0
127.63,473.7243957519531,-15.142658233642578,0
127.64,473.5406799316406,-15.176068305969238,0
127.65,473.3567810058594,-15.209329605102539,0
127.66,473.1654968261719,-15.249887466430664,0
127.67,472.97772216796875,-15.286381721496582,0
127.68,472.78802490234375,-15.32448959350586,0
127.69,472.5964660644531,-15.364113807678223,0
127.7,472.408447265625,-15.39966869354248,0
127.71,472.2167053222656,-15.438735961914062,0
127.72,472.0357666015625,-15.466225624084473,0
127.73,471.8492126464844,-15.499226570129395,0
127.74,471.6661376953125,-15.528265953063965,0
127.75,471.49560546875,-15.544065475463867,0
127.76,471.3193664550781,-15.565600395202637,0
127.77,471.1429443359375,-15.587090492248535,0
127.78,470.962646484375,-15.61234188079834,0
127.79,470.78582763671875,-15.633766174316406,0
127.8,470.605224609375,-15.658886909484863,0
127.81,470.4190673828125,-15.689473152160645,0
127.82,470.229248046875,-15.723556518554688,0
127.83,470.0501708984375,-15.746159553527832,0
127.84,469.8691101074219,-15.770562171936035,0
127.85,469.6897277832031,-15.792969703674316,0
127.86,469.5119934082031,-15.813474655151367,0
127.87,469.3359069824219,-15.83205509185791,0
127.88,469.1344299316406,-15.876696586608887,0
127.89,468.9384460449219,-15.915210723876953,0
127.9,468.74432373046875,-15.951410293579102,0
127.91,468.5538024902344,-15.983487129211426,0
127.92,468.36688232421875,-16.011518478393555,0
127.93,468.1835021972656,-16.035581588745117,0
127.94,468.0036315917969,-16.05575180053711,0
127.95,467.825439453125,-16.07400894165039,0
127.96,467.62548828125,-16.114587783813477,0
127.97,467.4274597167969,-16.152767181396484,0
127.98,467.2294616699219,-16.190494537353516,0
127.99,467.03338623046875,-16.22586441040039,0
128,466.8409729003906,-16.257070541381836,0
128.01,466.64862060546875,-16.287887573242188,0
128.02,466.4455261230469,-16.329519271850586,0
128.03,466.24615478515625,-16.366836547851562,0
128.04,466.0433044433594,-16.40736961364746,0
128.05,465.8316345214844,-16.456645965576172,0
128.06,465.6075439453125,-16.518226623535156,0
128.07,465.387451171875,-16.575044631958008,0
128.08,465.173095703125,-16.625337600708008,0
128.09,464.9608459472656,-16.672924041748047,0
128.1,464.7489318847656,-16.719697952270508,0
128.11,464.5444641113281,-16.758272171020508,0
128.12,464.3402404785156,-16.796201705932617,0
128.13,464.1307678222656,-16.839147567749023,0
128.14,463.9251708984375,-16.877643585205078,0
128.15,463.7144470214844,-16.921072006225586,0
128.16,463.5075988769531,-16.960023880004883,0
128.17,463.30462646484375,-16.994583129882812,0
128.18,463.1054382324219,-17.024831771850586,0
128.19,462.90283203125,-17.058300018310547,0
128.2,462.70404052734375,-17.087467193603516,0
128.21,462.5090637207031,-17.112415313720703,0
128.22,462.314208984375,-17.136978149414062,0
128.23,462.12310791015625,-17.157405853271484,0
128.24,461.9393310546875,-17.170024871826172,0
128.25,461.7555847167969,-17.182498931884766,0
128.26,461.5754699707031,-17.19107437133789,0
128.27,461.3971862792969,-17.19767951965332,0
128.28,461.20452880859375,-17.219099044799805,0
128.29,461.011962890625,-17.240182876586914,0
128.3,460.8267822265625,-17.253427505493164,0
128.31,460.6434020996094,-17.2646484375,0
128.32,460.46551513671875,-17.27007484436035,0
128.33,460.28936767578125,-17.27363395690918,0
128.34,460.1150207519531,-17.275306701660156,0
128.35,459.9406433105469,-17.276979446411133,0
128.36,459.7572326660156,-17.288005828857422,0
128.37,459.57745361328125,-17.295143127441406,0
128.38,459.3976745605469,-17.302221298217773,0
128.39,459.2196960449219,-17.307334899902344,0
128.4,459.0291442871094,-17.325422286987305,0
128.41,458.8333435058594,-17.348764419555664,0
128.42,458.63946533203125,-17.369853973388672,0
128.43,458.44757080078125,-17.38867950439453,0
128.44,458.2486572265625,-17.414579391479492,0
128.45,458.0535888671875,-17.436256408691406,0
128.46,457.85321044921875,-17.46314811706543,0
128.47,457.65313720703125,-17.489482879638672,0
128.48,457.4388732910156,-17.530221939086914,0
128.49,457.2286071777344,-17.5664119720459,0
128.5,457.02227783203125,-17.59813690185547,0
128.51,456.8198547363281,-17.62548065185547,0
128.52,456.6213073730469,-17.648527145385742,0
128.53,456.4140625,-17.680355072021484,0
128.54,456.21075439453125,-17.70778465270996,0
128.55,456.0005187988281,-17.74209976196289,0
128.56,455.79425048828125,-17.771949768066406,0
128.57,455.5918884277344,-17.797422409057617,0
128.58,455.3934326171875,-17.818599700927734,0
128.59,455.186279296875,-17.84855842590332,0
128.6,454.9812927246094,-17.8759708404541,0
128.61,454.7820129394531,-17.89718246459961,0
128.62,454.5956115722656,-17.90486717224121,0
128.63,454.4129638671875,-17.908599853515625,0
128.64,454.2340087890625,-17.90846061706543,0
128.65,454.0587463378906,-17.90452766418457,0
128.66,453.87811279296875,-17.906177520751953,0
128.67,453.701171875,-17.90399742126465,0
128.68,453.5206604003906,-17.905517578125,0
128.69,453.3438415527344,-17.90321159362793,0
128.7,453.170654296875,-17.89715576171875,0
128.71,453.0010681152344,-17.88743019104004,0
128.72,452.8350830078125,-17.874113082885742,0
128.73,452.672607421875,-17.857280731201172,0
128.74,452.5136413574219,-17.837007522583008,0
128.75,452.340087890625,-17.832021713256836,0
128.76,452.1701354980469,-17.8233585357666,0
128.77,452.00738525390625,-17.807340621948242,0
128.78,451.8409118652344,-17.795326232910156,0
128.79,451.677978515625,-17.77978515625,0
128.8,451.5167541503906,-17.76264190673828,0
128.81,451.3590087890625,-17.74208641052246,0
128.82,451.1992492675781,-17.723791122436523,0
128.83,451.0411682128906,-17.703962326049805,0
128.84,450.88653564453125,-17.6807861328125,0
128.85,450.72808837890625,-17.661785125732422,0
128.86,450.5658874511719,-17.646879196166992,0
128.87,450.40533447265625,-17.630388259887695,0
128.88,450.24285888671875,-17.616098403930664,0
128.89,450.0838317871094,-17.59836769104004,0
128.9,449.92822265625,-17.577268600463867,0
128.91,449.77423095703125,-17.554723739624023,0
128.92,449.60565185546875,-17.547513961791992,0
128.93,449.4405822753906,-17.536733627319336,0
128.94,449.2790222167969,-17.5224552154541,0
128.95,449.1208801269531,-17.5047550201416,0
128.96,448.9661560058594,-17.483707427978516,0
128.97,448.80584716796875,-17.46868324279785,0
128.98,448.6399230957031,-17.459617614746094,0
128.99,448.4757080078125,-17.448884963989258,0
129,448.31494140625,-17.434673309326172,0
129.01,448.1593933105469,-17.41520881652832,0
129.02,448.00543212890625,-17.394298553466797,0
129.03,447.8548278808594,-17.370128631591797,0
129.04,447.7039794921875,-17.346467971801758,0
129.05,447.55645751953125,-17.319616317749023,0
129.06,447.405029296875,-17.29709243774414,0
129.07,447.2532958984375,-17.275115966796875,0
129.08,447.1048889160156,-17.249927520751953,0
129.09,446.95977783203125,-17.221599578857422,0
129.1,446.8161315917969,-17.192049026489258,0
129.11,446.67572021484375,-17.159460067749023,0
129.12,446.5384826660156,-17.1239013671875,0
129.13,446.4044189453125,-17.08544158935547,0
129.14,446.27166748046875,-17.045995712280273,0
129.15,446.14202880859375,-17.00374412536621,0
129.16,446.0154724121094,-16.95875358581543,0
129.17,445.8775634765625,-16.925989151000977,0
129.18,445.7409973144531,-16.89215660095215,0
129.19,445.6075744628906,-16.855436325073242,0
129.2,445.4664611816406,-16.827041625976562,0
129.21,445.3213195800781,-16.803112030029297,0
129.22,445.17041015625,-16.78540802001953,0
129.23,445.0047912597656,-16.783103942871094,0
129.24,444.85516357421875,-16.76429557800293,0
129.25,444.7087707519531,-16.742321014404297,0
129.26,444.55303955078125,-16.730239868164062,0
129.27,444.4006042480469,-16.714860916137695,0
129.28,444.2514343261719,-16.69625473022461,0
129.29,444.1054992675781,-16.674489974975586,0
129.3,443.9609680175781,-16.651485443115234,0
129.31,443.81964111328125,-16.62542152404785,0
129.32,443.6885986328125,-16.588973999023438,0
129.33,443.553466796875,-16.55714988708496,0
129.34,443.4214172363281,-16.52246856689453,0
129.35,443.2977600097656,-16.479450225830078,0
129.36,443.17706298828125,-16.433818817138672,0
129.37,443.0539245605469,-16.391183853149414,0
129.38,442.93011474609375,-16.349700927734375,0
129.39,442.8182373046875,-16.29630470275879,0
129.4,442.70916748046875,-16.240549087524414,0
129.41,442.60284423828125,-16.182493209838867,0
129.42,442.499267578125,-16.122196197509766,0
129.43,442.3984375,-16.059715270996094,0
129.44,442.2930908203125,-16.002559661865234,0
129.45,442.18865966796875,-15.945032119750977,0
129.46,442.0869140625,-15.885303497314453,0
129.47,441.986083984375,-15.825278282165527,0
129.48,441.8752746582031,-15.776178359985352,0
129.49,441.7672119140625,-15.724740028381348,0
129.5,441.6438903808594,-15.689617156982422,0
129.51,441.5234680175781,-15.651888847351074,0
129.52,441.3987121582031,-15.619009017944336,0
129.53,441.2750549316406,-15.585339546203613,0
129.54,441.1398620605469,-15.563955307006836,0
129.55,441.0004577636719,-15.547157287597656,0
129.56,440.8623046875,-15.529257774353027,0
129.57,440.725341796875,-15.510281562805176,0
129.58,440.5680236816406,-15.512602806091309,0
129.59,440.4228820800781,-15.502291679382324,0
129.6,440.27178955078125,-15.498202323913574,0
129.61,440.1328430175781,-15.48161506652832,0
129.62,439.99688720703125,-15.462085723876953,0
129.63,439.85491943359375,-15.448975563049316,0
129.64,439.71600341796875,-15.432859420776367,0
129.65,439.57830810546875,-15.4156494140625,0
129.66,439.443603515625,-15.395524024963379,0
129.67,439.3226013183594,-15.36140251159668,0
129.68,439.2008361816406,-15.32841968536377,0
129.69,439.0854797363281,-15.289167404174805,0
129.7,438.96929931640625,-15.251173973083496,0
129.71,438.8558654785156,-15.210725784301758,0
129.72,438.74517822265625,-15.167881965637207,0
129.73,438.6371765136719,-15.122701644897461,0
129.74,438.535400390625,-15.071544647216797,0
129.75,438.4379577636719,-15.016392707824707,0
129.76,438.3430480957031,-14.959186553955078,0
129.77,438.25067138671875,-14.899980545043945,0
129.78,438.1607666015625,-14.83882999420166,0
129.79,438.07330322265625,-14.775786399841309,0
129.8,437.9954528808594,-14.703452110290527,0
129.81,437.9198913574219,-14.629483222961426,0
129.82,437.843017578125,-14.557624816894531,0
129.83,437.76483154296875,-14.487905502319336,0
129.84,437.69256591796875,-14.412790298461914,0
129.85,437.6206970214844,-14.338007926940918,0
129.86,437.5510559082031,-14.261717796325684,0
129.87,437.4637756347656,-14.2044677734375,0
129.88,437.3788146972656,-14.145379066467285,0
129.89,437.29620361328125,-14.084502220153809,0
129.9,437.2015380859375,-14.03672981262207,0
129.91,437.1092529296875,-13.986960411071777,0
129.92,437.017578125,-13.937094688415527,0
129.93,436.9228515625,-13.890896797180176,0
129.94,436.8197326660156,-13.853846549987793,0
129.95,436.71551513671875,-13.818314552307129,0
129.96,436.5976257324219,-13.797327041625977,0
129.97,436.4805603027344,-13.775693893432617,0
129.98,436.3678894042969,-13.749734878540039,0
129.99,436.2559814453125,-13.723241806030273,0
130,436.1466369628906,-13.694382667541504,0
130.01,436.0398254394531,-13.663211822509766,0
130.02,435.9355163574219,-13.629783630371094,0
130.03,435.83001708984375,-13.597905158996582,0
130.04,435.7072448730469,-13.58423900604248,0
130.05,435.5638122558594,-13.592114448547363,0
130.06,435.4232177734375,-13.59694766998291,0
130.07,435.28546142578125,-13.598799705505371,0
130.08,435.1505126953125,-13.59773063659668,0
130.09,435.018310546875,-13.593801498413086,0
130.1,434.8888854980469,-13.587071418762207,0
130.11,434.7621765136719,-13.57759952545166,0
130.12,434.6381530761719,-13.56544303894043,0
130.13,434.50244140625,-13.565502166748047,0
130.14,434.3695068359375,-13.562685012817383,0
130.15,434.23931884765625,-13.557050704956055,0
130.16,434.11187744140625,-13.54865837097168,0
130.17,433.9852600097656,-13.539469718933105,0
130.18,433.84161376953125,-13.547986030578613,0
130.19,433.70086669921875,-13.55345630645752,0
130.2,433.58447265625,-13.533651351928711,0
130.21,433.4652404785156,-13.516983032226562,0
130.22,433.3486328125,-13.497791290283203,0
130.23,433.21844482421875,-13.492822647094727,0
130.24,433.09100341796875,-13.485095977783203,0
130.25,432.9662170410156,-13.474669456481934,0
130.26,432.8404846191406,-13.465353012084961,0
130.27,432.71563720703125,-13.455221176147461,0
130.28,432.58087158203125,-13.455439567565918,0
130.29,432.43988037109375,-13.462099075317383,0
130.3,432.2963562011719,-13.4713134765625,0
130.31,432.15570068359375,-13.477483749389648,0
130.32,432.0178527832031,-13.480671882629395,0
130.33,431.868408203125,-13.495834350585938,0
130.34,431.712890625,-13.517123222351074,0
130.35,431.5531921386719,-13.54250431060791,0
130.36,431.39471435546875,-13.566343307495117,0
130.37,431.2392883300781,-13.58681869506836,0
130.38,431.0868225097656,-13.603995323181152,0
130.39,430.93731689453125,-13.617936134338379,0
130.4,430.7907409667969,-13.628705024719238,0
130.41,430.64703369140625,-13.636364936828613,0
130.42,430.4954528808594,-13.652122497558594,0
130.43,430.35394287109375,-13.657269477844238,0
130.44,430.2081604003906,-13.666810035705566,0
130.45,430.0652770996094,-13.673258781433105,0
130.46,429.9180603027344,-13.684126853942871,0
130.47,429.7791442871094,-13.686269760131836,0
130.48,429.6430358886719,-13.685467720031738,0
130.49,429.51153564453125,-13.679933547973633,0
130.5,429.38275146484375,-13.671612739562988,0
130.51,429.2567138671875,-13.660564422607422,0
130.52,429.131591796875,-13.648694038391113,0
130.53,429.0091552734375,-13.634174346923828,0
130.54,428.8785705566406,-13.628207206726074,0
130.55,428.73809814453125,-13.632523536682129,0
130.56,428.5897521972656,-13.644951820373535,0
130.57,428.44256591796875,-13.656082153320312,0
130.58,428.2928466796875,-13.669690132141113,0
130.59,428.1406555175781,-13.685723304748535,0
130.6,427.98248291015625,-13.707767486572266,0
130.61,427.8309020996094,-13.722758293151855,0
130.62,427.6733093261719,-13.743829727172852,0
130.63,427.51873779296875,-13.761555671691895,0
130.64,427.36358642578125,-13.779699325561523,0
130.65,427.1988830566406,-13.807543754577637,0
130.66,427.017578125,-13.852279663085938,0
130.67,426.83770751953125,-13.895065307617188,0
130.68,426.65576171875,-13.939574241638184,0
130.69,426.4770812988281,-13.980216979980469,0
130.7,426.298095703125,-14.020760536193848,0
130.71,426.1259765625,-14.053805351257324,0
130.72,425.9534606933594,-14.086891174316406,0
130.73,425.780517578125,-14.120065689086914,0
130.74,425.6108093261719,-14.149567604064941,0
130.75,425.4335632324219,-14.186555862426758,0
130.76,425.25958251953125,-14.219779014587402,0
130.77,425.0600891113281,-14.279047966003418,0
130.78,424.8533630371094,-14.345221519470215,0
130.79,424.6484069824219,-14.40884780883789,0
130.8,424.4470520019531,-14.468116760253906,0
130.81,424.2474365234375,-14.524951934814453,0
130.82,424.0513610839844,-14.577544212341309,0
130.83,423.85699462890625,-14.62781810760498,0
130.84,423.65179443359375,-14.688802719116211,0
130.85,423.44482421875,-14.750969886779785,0
130.86,423.23968505859375,-14.81058406829834,0
130.87,423.02020263671875,-14.88443374633789,0
130.88,422.7919616699219,-14.966609001159668,0
130.89,422.56402587890625,-15.047624588012695,0
130.9,422.3399353027344,-15.123791694641113,0
130.91,422.11968994140625,-15.195192337036133,0
130.92,421.90325927734375,-15.261909484863281,0
130.93,421.69061279296875,-15.32402515411377,0
130.94,421.4728088378906,-15.390862464904785,0
130.95,421.2533874511719,-15.458669662475586,0
130.96,421.0324401855469,-15.52735710144043,0
130.97,420.8153381347656,-15.59134578704834,0
130.98,420.60205078125,-15.65071964263916,0
130.99,420.3889465332031,-15.709311485290527,0
131,420.16888427734375,-15.774462699890137,0
131.01,419.94549560546875,-15.842385292053223,0
131.02,419.7153015136719,-15.916647911071777,0
131.03,419.48907470703125,-15.986015319824219,0
131.04,419.2632141113281,-16.054325103759766,0
131.05,419.0323486328125,-16.1270751953125,0
131.06,418.8055114746094,-16.194915771484375,0
131.07,418.5826416015625,-16.2579345703125,0
131.08,418.36016845703125,-16.31991195678711,0
131.09,418.1255187988281,-16.393850326538086,0
131.1,417.89495849609375,-16.462799072265625,0
131.11,417.6701965332031,-16.52499771118164,0
131.12,417.4476623535156,-16.58426856994629,0
131.13,417.23089599609375,-16.636960983276367,0
131.14,417.0162658691406,-16.6868953704834,0
131.15,416.8055419921875,-16.732271194458008,0
131.16,416.5807800292969,-16.79170799255371,0
131.17,416.36004638671875,-16.84636878967285,0
131.18,416.1343078613281,-16.905635833740234,0
131.19,415.91259765625,-16.960105895996094,0
131.2,415.6949157714844,-17.009864807128906,0
131.21,415.475830078125,-17.060544967651367,0
131.22,415.25177001953125,-17.115867614746094,0
131.23,415.00311279296875,-17.196056365966797,0
131.24,414.7587585449219,-17.270957946777344,0
131.25,414.5187072753906,-17.340665817260742,0
131.26,414.2828674316406,-17.405269622802734,0
131.27,414.0512390136719,-17.464860916137695,0
131.28,413.8237609863281,-17.519529342651367,0
131.29,413.5967712402344,-17.573116302490234,0
131.3,413.3775634765625,-17.61812973022461,0
131.31,413.1623840332031,-17.65848731994629,0
131.32,412.95123291015625,-17.69427490234375,0
131.33,412.7314758300781,-17.738571166992188,0
131.34,412.5140075683594,-17.780048370361328,0
131.35,412.30059814453125,-17.81690788269043,0
131.36,412.0911865234375,-17.84923553466797,0
131.37,411.8857421875,-17.877117156982422,0
131.38,411.6842346191406,-17.900638580322266,0
131.39,411.4758605957031,-17.9310302734375,0
131.4,411.2714538574219,-17.956998825073242,0
131.41,411.07098388671875,-17.978628158569336,0
131.42,410.8619079589844,-18.008941650390625,0
131.43,410.64605712890625,-18.045963287353516,0
131.44,410.42889404296875,-18.083946228027344,0
131.45,410.2157897949219,-18.11731719970703,0
131.46,410.0067443847656,-18.146163940429688,0
131.47,409.7962951660156,-18.176176071166992,0
131.48,409.5952453613281,-18.19611930847168,0
131.49,409.39813232421875,-18.211795806884766,0
131.5,409.1994934082031,-18.228893280029297,0
131.51,409.006591796875,-18.239871978759766,0
131.52,408.8175354003906,-18.24675941467285,0
131.53,408.6268615722656,-18.255237579345703,0
131.54,408.4364318847656,-18.263370513916016,0
131.55,408.2462463378906,-18.271160125732422,0
131.56,408.04376220703125,-18.291608810424805,0
131.57,407.8416442871094,-18.31145668029785,0
131.58,407.6417236328125,-18.32886505126953,0
131.59,407.4457092285156,-18.342031478881836,0
131.6,407.25360107421875,-18.351041793823242,0
131.61,407.0653381347656,-18.35597801208496,0
131.62,406.8826599121094,-18.355073928833008,0
131.63,406.7037048339844,-18.350297927856445,0
131.64,406.52490234375,-18.345426559448242,0
131.65,406.3408508300781,-18.3460636138916,0
131.66,406.1605224609375,-18.342798233032227,0
131.67,405.9839172363281,-18.335710525512695,0
131.68,405.7967529296875,-18.33966827392578,0
131.69,405.61334228515625,-18.339656829833984,0
131.7,405.4336853027344,-18.335758209228516,0
131.71,405.2577819824219,-18.328052520751953,0
131.72,405.0765686035156,-18.325918197631836,0
131.73,404.8955078125,-18.323638916015625,0
131.74,404.71820068359375,-18.317522048950195,0
131.75,404.5445861816406,-18.307649612426758,0
131.76,404.37103271484375,-18.29779624938965,0
131.77,404.1903991699219,-18.29535484313965,0
131.78,404.0135192871094,-18.289085388183594,0
131.79,403.83489990234375,-18.28466796875,0
131.8,403.6564025878906,-18.280160903930664,0
131.81,403.4815979003906,-18.27187156677246,0
131.82,403.31048583984375,-18.25988006591797,0
131.83,403.1340637207031,-18.25350570678711,0
131.84,402.9613037109375,-18.243392944335938,0
131.85,402.79217529296875,-18.2296199798584,0
131.86,402.6213073730469,-18.217809677124023,0
131.87,402.4361267089844,-18.220918655395508,0
131.88,402.25469970703125,-18.22010040283203,0
131.89,402.0770263671875,-18.215436935424805,0
131.9,401.90301513671875,-18.207008361816406,0
131.91,401.7308654785156,-18.19674301147461,0
131.92,401.5623474121094,-18.182830810546875,0
131.93,401.3974304199219,-18.16534996032715,0
131.94,401.21636962890625,-18.164762496948242,0
131.95,401.03900146484375,-18.160337448120117,0
131.96,400.86529541015625,-18.15215492248535,0
131.97,400.69525146484375,-18.140291213989258,0
131.98,400.52880859375,-18.124826431274414,0
131.99,400.36590576171875,-18.105836868286133,0
132,400.201171875,-18.088943481445312,0
132.01,400.03997802734375,-18.068561553955078,0
132.02,399.8804931640625,-18.046615600585938,0
132.03,399.72625732421875,-18.019445419311523,0
132.04,399.57366943359375,-17.990859985351562,0
132.05,399.40301513671875,-17.981281280517578,0
132.06,399.2341613769531,-17.969934463500977,0
132.07,399.06890869140625,-17.95501136779785,0
132.08,398.90716552734375,-17.93659019470215,0
132.09,398.7489318847656,-17.914743423461914,0
132.1,398.5959167480469,-17.887699127197266,0
132.11,398.4463195800781,-17.857418060302734,0
132.12,398.300048828125,-17.823970794677734,0
132.13,398.1571044921875,-17.787431716918945,0
132.14,398.0299377441406,-17.73493194580078,0
132.15,397.9059143066406,-17.67974853515625,0
132.16,397.78497314453125,-17.6219482421875,0
132.17,397.6670837402344,-17.56159782409668,0
132.18,397.5289611816406,-17.52278709411621,0
132.19,397.39227294921875,-17.4829044342041,0
132.2,397.24798583984375,-17.451278686523438,0
132.21,397.1016540527344,-17.422147750854492,0
132.22,396.9585876464844,-17.38991928100586,0
132.23,396.8187561035156,-17.354665756225586,0
132.24,396.6803283691406,-17.31830406188965,0
132.25,396.54510498046875,-17.279016494750977,0
132.26,396.4076843261719,-17.242414474487305,0
132.27,396.26629638671875,-17.21030044555664,0
132.28,396.1352844238281,-17.167804718017578,0
132.29,396.00732421875,-17.122539520263672,0
132.3,395.89495849609375,-17.061634063720703,0
132.31,395.7998352050781,-16.983518600463867,0
132.32,395.6930847167969,-16.918245315551758,0
132.33,395.6034851074219,-16.835880279541016,0
132.34,395.518310546875,-16.749786376953125,0
132.35,395.43572998046875,-16.66190528869629,0
132.36,395.3950500488281,-16.53157615661621,0
132.37,395.35650634765625,-16.40041160583496,0
132.38,395.2806701660156,-16.309175491333008,0
132.39,395.207275390625,-16.216350555419922,0
132.4,395.1684875488281,-16.088665008544922,0
132.41,395.13177490234375,-15.960185050964355,0
132.42,395.0630798339844,-15.86612606048584,0
132.43,394.9967041015625,-15.770631790161133,0
132.44,394.9326171875,-15.673749923706055,0
132.45,394.87078857421875,-15.575531005859375,0
132.46,394.8111877441406,-15.476021766662598,0
132.47,394.7502136230469,-15.37896728515625,0
132.48,394.69146728515625,-15.280641555786133,0
132.49,394.6330871582031,-15.182939529418945,0
132.5,394.57684326171875,-15.084020614624023,0
132.51,394.5227355957031,-14.983930587768555,0
132.52,394.45458984375,-14.899404525756836,0
132.53,394.3779602050781,-14.824542045593262,0
132.54,394.30181884765625,-14.749918937683105,0
132.55,394.22442626953125,-14.677393913269043,0
132.56,394.1296081542969,-14.623631477355957,0
132.57,394.0157775878906,-14.590105056762695,0
132.58,393.8778076171875,-14.58189582824707,0
132.59,393.7337646484375,-14.580061912536621,0
132.6,393.5926818847656,-14.575175285339355,0
132.61,393.4527587890625,-14.569147109985352,0
132.62,393.3157653808594,-14.560154914855957,0
132.63,393.1763000488281,-14.553805351257324,0
132.64,393.0397644042969,-14.544501304626465,0
132.65,392.9043273925781,-14.53415298461914,0
132.66,392.7663879394531,-14.526480674743652,0
132.67,392.6277770996094,-14.519582748413086,0
132.68,392.48492431640625,-14.517141342163086,0
132.69,392.34503173828125,-14.511672019958496,0
132.7,392.20806884765625,-14.503238677978516,0
132.71,392.0740051269531,-14.491904258728027,0
132.72,391.9356384277344,-14.485123634338379,0
132.73,391.791259765625,-14.484652519226074,0
132.74,391.59619140625,-14.53662395477295,0
132.75,391.3866882324219,-14.602988243103027,0
132.76,391.1790466308594,-14.666746139526367,0
132.77,390.9678955078125,-14.733482360839844,0
132.78,390.7604064941406,-14.79572868347168,0
132.79,390.5333557128906,-14.87759017944336,0
132.8,390.3101501464844,-14.954622268676758,0
132.81,390.09075927734375,-15.026906967163086,0
132.82,389.87158203125,-15.098222732543945,0
132.83,389.65618896484375,-15.164877891540527,0
132.84,389.4445495605469,-15.226953506469727,0
132.85,389.23663330078125,-15.284528732299805,0
132.86,389.02349853515625,-15.34692668914795,0
132.87,388.8141174316406,-15.404793739318848,0
132.88,388.6084289550781,-15.458209991455078,0
132.89,388.4046630859375,-15.509103775024414,0
132.9,388.2045593261719,-15.55566692352295,0
132.91,387.99383544921875,-15.612765312194824,0
132.92,387.786865234375,-15.665384292602539,0
132.93,387.5782470703125,-15.719151496887207,0
132.94,387.3733825683594,-15.768485069274902,0
132.95,387.1686706542969,-15.817161560058594,0
132.96,386.9497985839844,-15.87997055053711,0
132.97,386.7329406738281,-15.940031051635742,0
132.98,386.51995849609375,-15.9954833984375,0
132.99,386.30364990234375,-16.053802490234375,0
133,386.076904296875,-16.122310638427734,0
133.01,385.84698486328125,-16.193389892578125,0
133.02,385.6192932128906,-16.261428833007812,0
133.03,385.3902282714844,-16.330171585083008,0
133.04,385.1509094238281,-16.408830642700195,0
133.05,384.9121398925781,-16.48609733581543,0
133.06,384.6739501953125,-16.561983108520508,0
133.07,384.42559814453125,-16.6475887298584,0
133.08,384.1743469238281,-16.735305786132812,0
133.09,383.9041748046875,-16.841705322265625,0
133.1,383.63134765625,-16.94974708557129,0
133.11,383.363037109375,-17.051984786987305,0
133.12,383.1063537597656,-17.14112091064453,0
133.13,382.8415832519531,-17.237735748291016,0
133.14,382.575927734375,-17.33426284790039,0
133.15,382.3076171875,-17.432531356811523,0
133.16,382.0242004394531,-17.545421600341797,0
133.17,381.7419738769531,-17.655920028686523,0
133.18,381.4644470214844,-17.760414123535156,0
133.19,381.1915588378906,-17.8590030670166,0
133.2,380.9214782714844,-17.953691482543945,0
133.21,380.6471252441406,-18.05181884765625,0
133.22,380.3774108886719,-18.14411163330078,0
133.23,380.0980529785156,-18.245454788208008,0
133.24,379.8162536621094,-18.348247528076172,0
133.25,379.5285339355469,-18.456134796142578,0
133.26,379.24383544921875,-18.55974769592285,0
133.27,378.9514465332031,-18.670242309570312,0
133.28,378.6443176269531,-18.794845581054688,0
133.29,378.3422546386719,-18.912912368774414,0
133.3,378.0309753417969,-19.039339065551758,0
133.31,377.7087707519531,-19.175718307495117,0
133.32,377.391845703125,-19.305238723754883,0
133.33,377.0640563964844,-19.44464874267578,0
133.34,376.73089599609375,-19.58816909790039,0
133.35,376.3852844238281,-19.743080139160156,0
133.36,376.0452575683594,-19.89063262939453,0
133.37,375.71075439453125,-20.030946731567383,0
133.38,375.3782043457031,-20.167781829833984,0
133.39,375.0511169433594,-20.29753875732422,0
133.4,374.7294616699219,-20.42033576965332,0
133.41,374.4167175292969,-20.53264808654785,0
133.42,374.1092834472656,-20.638307571411133,0
133.43,373.8125305175781,-20.731828689575195,0
133.44,373.52093505859375,-20.819040298461914,0
133.45,373.2344665527344,-20.90005111694336,0
133.46,372.9512634277344,-20.976821899414062,0
133.47,372.6731262207031,-21.04757308959961,0
133.48,372.3946228027344,-21.11795997619629,0
133.49,372.12115478515625,-21.18242835998535,0
133.5,371.8526306152344,-21.241086959838867,0
133.51,371.58905029296875,-21.29404067993164,0
133.52,371.3267517089844,-21.3450927734375,0
133.53,371.0657958984375,-21.394271850585938,0
133.54,370.8096923828125,-21.437908172607422,0
133.55,370.52801513671875,-21.507526397705078,0
133.56,370.2479248046875,-21.574800491333008,0
133.57,369.9764099121094,-21.632482528686523,0
133.58,369.7063903808594,-21.688037872314453,0
133.59,369.44134521484375,-21.737857818603516,0
133.6,369.1741027832031,-21.78944206237793,0
133.61,368.9189758300781,-21.827959060668945,0
133.62,368.66156005859375,-21.868452072143555,0
133.63,368.4107971191406,-21.90163230895996,0
133.64,368.1630554199219,-21.931339263916016,0
133.65,367.9201354980469,-21.95578956604004,0
133.66,367.68194580078125,-21.97508430480957,0
133.67,367.4502258300781,-21.987478256225586,0
133.68,367.2231140136719,-21.994958877563477,0
133.69,367.0006103515625,-21.997623443603516,0
133.7,366.78082275390625,-21.997419357299805,0
133.71,366.5655517578125,-21.992557525634766,0
133.72,366.3547058105469,-21.98313331604004,0
133.73,366.15008544921875,-21.96739387512207,0
133.74,365.9569091796875,-21.939983367919922,0
133.75,365.7679443359375,-21.908485412597656,0
133.76,365.5778503417969,-21.878477096557617,0
133.77,365.3883972167969,-21.848142623901367,0
133.78,365.203125,-21.813798904418945,0
133.79,365.0166015625,-21.78108024597168,0
133.8,364.834228515625,-21.744415283203125,0
133.81,364.6541748046875,-21.705739974975586,0
133.82,364.4781494140625,-21.66325569152832,0
133.83,364.30615234375,-21.617050170898438,0
133.84,364.13458251953125,-21.570905685424805,0
133.85,363.9652099609375,-21.522981643676758,0
133.86,363.79974365234375,-21.471477508544922,0
133.87,363.6346130371094,-21.42017364501953,0
133.88,363.4715881347656,-21.367229461669922,0
133.89,363.3124084472656,-21.310840606689453,0
133.9,363.1552734375,-21.252939224243164,0
133.91,362.9894104003906,-21.20465660095215,0
133.92,362.8274230957031,-21.152868270874023,0
133.93,362.6817626953125,-21.084720611572266,0
133.94,362.53973388671875,-21.013500213623047,0
133.95,362.3941650390625,-20.94667625427246,0
133.96,362.2593688964844,-20.869388580322266,0
133.97,362.12811279296875,-20.789260864257812,0
133.98,362.0003356933594,-20.70636749267578,0
133.99,361.8706359863281,-20.626327514648438,0
134,361.7532958984375,-20.53431510925293,0
134.01,361.63031005859375,-20.44907569885254,0
134.02,361.5089111328125,-20.363096237182617,0
134.03,361.3819580078125,-20.28374671936035,0
134.04,361.25836181640625,-20.201723098754883,0
134.05,361.1202697753906,-20.135578155517578,0
134.06,360.98565673828125,-20.06652069091797,0
134.07,360.8544921875,-19.994625091552734,0
134.08,360.7266845703125,-19.919963836669922,0
134.09,360.59332275390625,-19.851852416992188,0
134.1,360.4633483886719,-19.780927658081055,0
134.11,360.3296203613281,-19.714599609375,0
134.12,360.197509765625,-19.647300720214844,0
134.13,360.0687561035156,-19.57721519470215,0
134.14,359.9433288574219,-19.50441551208496,0
134.15,359.8211975097656,-19.428972244262695,0
134.16,359.7059020996094,-19.347259521484375,0
134.17,359.5937194824219,-19.263120651245117,0
134.18,359.48468017578125,-19.17662239074707,0
134.19,359.37872314453125,-19.08782958984375,0
134.2,359.2757873535156,-18.996810913085938,0
134.21,359.1758728027344,-18.903629302978516,0
134.22,359.07891845703125,-18.808349609375,0
134.23,358.9848937988281,-18.711034774780273,0
134.24,358.8919677734375,-18.613595962524414,0
134.25,358.7965393066406,-18.51975440979004,0
134.26,358.7039489746094,-18.423908233642578,0
134.27,358.6142272949219,-18.326120376586914,0
134.28,358.5165710449219,-18.23754119873047,0
134.29,358.41998291015625,-18.148759841918945,0
134.3,358.3262634277344,-18.05794906616211,0
134.31,358.2353515625,-17.965171813964844,0
134.32,358.1471862792969,-17.870487213134766,0
134.33,358.05462646484375,-17.781347274780273,0
134.34,357.9648132324219,-17.690263748168945,0
134.35,357.87774658203125,-17.5972957611084,0
134.36,357.7898254394531,-17.50619888305664,0
134.37,357.70458984375,-17.413257598876953,0
134.38,357.62200927734375,-17.31852912902832,0
134.39,357.5349426269531,-17.229406356811523,0
134.4,357.4505310058594,-17.138456344604492,0
134.41,357.3687438964844,-17.045738220214844,0
134.42,357.28594970703125,-16.955001831054688,0
134.43,357.20574951171875,-16.862529754638672,0
134.44,357.12274169921875,-16.773921966552734,0
134.45,357.02630615234375,-16.700151443481445,0
134.46,356.9414367675781,-16.61516761779785,0
134.47,356.8537902832031,-16.53394889831543,0
134.48,356.7687072753906,-16.450889587402344,0
134.49,356.6861877441406,-16.366043090820312,0
134.5,356.606201171875,-16.27946662902832,0
134.51,356.5287170410156,-16.191213607788086,0
134.52,356.4536437988281,-16.101335525512695,0
134.53,356.3863830566406,-16.00434112548828,0
134.54,356.3268127441406,-15.900398254394531,0
134.55,356.26947021484375,-15.795214653015137,0
134.56,356.2143249511719,-15.688837051391602,0
134.57,356.1542053222656,-15.588706016540527,0
134.58,356.09271240234375,-15.491018295288086,0
134.59,356.0370178222656,-15.388351440429688,0
134.6,355.9834899902344,-15.284526824951172,0
134.61,355.93206787109375,-15.17958927154541,0
134.62,355.8827209472656,-15.073583602905273,0
134.63,355.8354187011719,-14.966554641723633,0
134.64,355.78656005859375,-14.862241744995117,0
134.65,355.7432861328125,-14.753219604492188,0
134.66,355.7109069824219,-14.634061813354492,0
134.67,355.68035888671875,-14.514243125915527,0
134.68,355.651611328125,-14.39380168914795,0
134.69,355.6246337890625,-14.27277660369873,0
134.7,355.5993957519531,-14.151205062866211,0
134.71,355.5562744140625,-14.049399375915527,0
134.72,355.5150146484375,-13.946701049804688,0
134.73,355.4844970703125,-13.833965301513672,0
134.74,355.44146728515625,-13.735336303710938,0
134.75,355.4002990722656,-13.635815620422363,0
134.76,355.36810302734375,-13.528051376342773,0
134.77,355.33758544921875,-13.41962718963623,0
134.78,355.30877685546875,-13.310579299926758,0
134.79,355.2816162109375,-13.200943946838379,0
134.8,355.25787353515625,-13.088907241821289,0
134.81,355.23394775390625,-12.978240013122559,0
134.82,355.2044372558594,-12.874481201171875,0
134.83,355.1836853027344,-12.762726783752441,0
134.84,355.1573181152344,-12.65794849395752,0
134.85,355.1307067871094,-12.554481506347656,0
134.86,355.1056823730469,-12.450472831726074,0
134.87,355.08038330078125,-12.347803115844727,0
134.88,355.056640625,-12.244619369506836,0
134.89,355.0343933105469,-12.140954971313477,0
134.9,355.0118103027344,-12.038688659667969,0
134.91,354.97467041015625,-11.952542304992676,0
134.92,354.9391174316406,-11.86562728881836,0
134.93,354.9051818847656,-11.77797794342041,0
134.94,354.8585205078125,-11.704413414001465,0
134.95,354.8135070800781,-11.629875183105469,0
134.96,354.76483154296875,-11.559886932373047,0
134.97,354.7178649902344,-11.48888111114502,0
134.98,354.6707458496094,-11.418743133544922,0
134.99,354.6252746582031,-11.347620964050293,0
135,354.5796813964844,-11.277400016784668,0
135.01,354.5339050292969,-11.208075523376465,0
135.02,354.48974609375,-11.137795448303223,0
135.03,354.4346618652344,-11.079530715942383,0
135.04,354.38128662109375,-11.020111083984375,0
135.05,354.32958984375,-10.959572792053223,0
135.06,354.27777099609375,-10.899800300598145,0
135.07,354.2347106933594,-10.831549644470215,0
135.08,354.1932373046875,-10.76240062713623,0
135.09,354.15325927734375,-10.692386627197266,0
135.1,354.1147766113281,-10.621540069580078,0
135.11,354.07781982421875,-10.549893379211426,0
135.12,354.04229736328125,-10.477478981018066,0
135.13,354.00823974609375,-10.404326438903809,0
135.14,353.9720153808594,-10.334163665771484,0
135.15,353.9372253417969,-10.263248443603516,0
135.16,353.896728515625,-10.198946952819824,0
135.17,353.8505554199219,-10.141193389892578,0
135.18,353.8058776855469,-10.082473754882812,0
135.19,353.7626953125,-10.022819519042969,0
135.2,353.71563720703125,-9.967806816101074,0
135.21,353.6754455566406,-9.906264305114746,0
135.22,353.63665771484375,-9.84388256072998,0
135.23,353.60107421875,-9.778843879699707,0
135.24,353.5597229003906,-9.720458030700684,0
135.25,353.51263427734375,-9.668600082397461,0
135.26,353.4670104980469,-9.615755081176758,0
135.27,353.4371337890625,-9.547168731689453,0
135.28,353.3942565917969,-9.492749214172363,0
135.29,353.3652648925781,-9.424494743347168,0
135.3,353.3233337402344,-9.370370864868164,0
135.31,353.2828063964844,-9.315369606018066,0
135.32,353.24365234375,-9.259520530700684,0
135.33,353.20404052734375,-9.20470142364502,0
135.34,353.165771484375,-9.149054527282715,0
135.35,353.1288146972656,-9.092608451843262,0
135.36,353.09320068359375,-9.035390853881836,0
135.37,353.058837890625,-8.97743034362793,0
135.38,353.01861572265625,-8.926146507263184,0
135.39,352.979736328125,-8.874021530151367,0
135.4,352.942138671875,-8.821083068847656,0
135.41,352.9040832519531,-8.769207000732422,0
135.42,352.86907958984375,-8.71468734741211,0
135.43,352.8353271484375,-8.65943717956543,0
135.44,352.8009948730469,-8.605331420898438,0
135.45,352.7679138183594,-8.550509452819824,0
135.46,352.7396240234375,-8.491301536560059,0
135.47,352.7231750488281,-8.4204740524292,0
135.48,352.69708251953125,-8.360345840454102,0
135.49,352.66851806640625,-8.303373336791992,0
135.5,352.6446838378906,-8.242111206054688,0
135.51,352.6219482421875,-8.180356979370117,0
135.52,352.6002502441406,-8.118133544921875,0
135.53,352.57965087890625,-8.055464744567871,0
135.54,352.55291748046875,-7.999764442443848,0
135.55,352.5255126953125,-7.945357799530029,0
135.56,352.4991760253906,-7.890381336212158,0
135.57,352.4721374511719,-7.836706161499023,0
135.58,352.4461975097656,-7.782469749450684,0
135.59,352.41595458984375,-7.733239650726318,0
135.6,352.3868103027344,-7.683379173278809,0
135.61,352.34808349609375,-7.643944263458252,0
135.62,352.310546875,-7.603696823120117,0
135.63,352.2741394042969,-7.562662124633789,0
135.64,352.23712158203125,-7.522713661193848,0
135.65,352.2012634277344,-7.481988906860352,0
135.66,352.16473388671875,-7.4423604011535645,0
135.67,352.1329040527344,-7.3982696533203125,0
135.68,352.1021728515625,-7.353513717651367,0
135.69,352.0546875,-7.326540946960449,0
135.7,352.0084533691406,-7.298567771911621,0
135.71,351.96343994140625,-7.269620418548584,0
135.72,351.9178466796875,-7.241573333740234,0
135.73,351.87347412109375,-7.212565898895264,0
135.74,351.8285217285156,-7.18447208404541,0
135.75,351.7793884277344,-7.160975933074951,0
135.76,351.7314758300781,-7.136443138122559,0
135.77,351.684814453125,-7.110900402069092,0
135.78,351.63934326171875,-7.084373950958252,0
135.79,351.58978271484375,-7.062378406524658,0
135.8,351.54144287109375,-7.039337158203125,0
135.81,351.4942932128906,-7.015275955200195,0
135.82,351.4483337402344,-6.990220546722412,0
135.83,351.403564453125,-6.96419620513916,0
135.84,351.3599853515625,-6.937228679656982,0
135.85,351.31756591796875,-6.909343242645264,0
135.86,351.2745056152344,-6.882412433624268,0
135.87,351.2130126953125,-6.874848365783691,0
135.88,351.1474609375,-6.871526718139648,0
135.89,351.0832824707031,-6.866816520690918,0
135.9,351.0187072753906,-6.862595558166504,0
135.91,350.95367431640625,-6.8588547706604,0
135.92,350.88287353515625,-6.861128807067871,0
135.93,350.8206787109375,-6.8545098304748535,0
135.94,350.7526550292969,-6.85396671295166,0
135.95,350.668212890625,-6.870406627655029,0
135.96,350.5853576660156,-6.8850531578063965,0
135.97,350.5040588378906,-6.897940635681152,0
135.98,350.42431640625,-6.909102439880371,0
135.99,350.3460693359375,-6.918571472167969,0
136,350.2676086425781,-6.9281721115112305,0
136.01,350.1923828125,-6.9343156814575195,0
136.02,350.1169128417969,-6.940655708312988,0
136.03,350.0411376953125,-6.947242736816406,0
136.04,349.965087890625,-6.954071044921875,0
136.05,349.8851318359375,-6.964829444885254,0
136.06,349.8067321777344,-6.973891258239746,0
136.07,349.7298583984375,-6.981289863586426,0
136.08,349.65087890625,-6.990753650665283,0
136.09,349.57342529296875,-6.998541355133057,0
136.1,349.49749755859375,-7.00468635559082,0
136.11,349.4142150878906,-7.018405437469482,0
136.12,349.3324890136719,-7.030355930328369,0
136.13,349.2522888183594,-7.040571689605713,0
136.14,349.17364501953125,-7.04908561706543,0
136.15,349.0965270996094,-7.055931091308594,0
136.16,349.0119934082031,-7.070381164550781,0
136.17,348.9290466308594,-7.083036422729492,0
136.18,348.83880615234375,-7.103115081787109,0
136.19,348.7484130859375,-7.123124599456787,0
136.2,348.6596984863281,-7.141214370727539,0
136.21,348.5726318359375,-7.157419681549072,0
136.22,348.4871826171875,-7.17177677154541,0
136.23,348.4033508300781,-7.184319496154785,0
136.24,348.32110595703125,-7.195082664489746,0
136.25,348.2422180175781,-7.20225191116333,0
136.26,348.1630859375,-7.209596157073975,0
136.27,348.0855407714844,-7.215261459350586,0
136.28,348.009521484375,-7.219282150268555,0
136.29,347.936767578125,-7.219842433929443,0
136.3,347.86907958984375,-7.215164661407471,0
136.31,347.8028564453125,-7.2090535163879395,0
136.32,347.73089599609375,-7.208932399749756,0
136.33,347.6568298339844,-7.210982322692871,0
136.34,347.58245849609375,-7.2133097648620605,0
136.35,347.5113830566406,-7.212212085723877,0
136.36,347.4382019042969,-7.2133049964904785,0
136.37,347.36297607421875,-7.216486930847168,0
136.38,347.2839050292969,-7.223618030548096,0
136.39,347.2063903808594,-7.229072093963623,0
136.4,347.1304016113281,-7.232882022857666,0
136.41,347.0559387207031,-7.235080718994141,0
136.42,346.98297119140625,-7.235700607299805,0
136.43,346.9114990234375,-7.234773635864258,0
136.44,346.84149169921875,-7.2323317527771,0
136.45,346.77294921875,-7.22840690612793,0
136.46,346.7112121582031,-7.217485427856445,0
136.47,346.6508483886719,-7.205257892608643,0
136.48,346.59185791015625,-7.191753387451172,0
136.49,346.5359802246094,-7.1751532554626465,0
136.5,346.4796447753906,-7.1592206954956055,0
136.51,346.4245910644531,-7.142097473144531,0
136.52,346.36370849609375,-7.131203651428223,0
136.53,346.3041687011719,-7.119021415710449,0
136.54,346.2406005859375,-7.111124515533447,0
136.55,346.17132568359375,-7.109219074249268,0
136.56,346.09991455078125,-7.109541416168213,0
136.57,346.0281677246094,-7.110197067260742,0
136.58,345.9578857421875,-7.109332084655762,0
136.59,345.8890686035156,-7.106977462768555,0
136.6,345.8216857910156,-7.103165149688721,0
136.61,345.75390625,-7.099774360656738,0
136.62,345.6875915527344,-7.0949482917785645,0
136.63,345.6208801269531,-7.0905656814575195,0
136.64,345.5538024902344,-7.086617946624756,0
136.65,345.484619140625,-7.0848894119262695,0
136.66,345.4168395996094,-7.081694602966309,0
136.67,345.34869384765625,-7.078911781311035,0
136.68,345.28375244140625,-7.0728373527526855,0
136.69,345.22021484375,-7.065387725830078,0
136.7,345.1580505371094,-7.056593418121338,0
136.71,345.09368896484375,-7.050179481506348,0
136.72,345.0075378417969,-7.066372394561768,0
136.73,344.9229736328125,-7.080735683441162,0
136.74,344.84002685546875,-7.09330415725708,0
136.75,344.75335693359375,-7.109600067138672,0
136.76,344.673583984375,-7.118566989898682,0
136.77,344.5900573730469,-7.131329536437988,0
136.78,344.5099182128906,-7.140470504760742,0
136.79,344.4295349121094,-7.149759292602539,0
136.8,344.3489074707031,-7.159190654754639,0
136.81,344.2698669433594,-7.1669111251831055,0
136.82,344.1923828125,-7.17295503616333,0
136.83,344.1110534667969,-7.182900428771973,0
136.84,344.0312805175781,-7.19111967086792,0
136.85,343.9477233886719,-7.203189849853516,0
136.86,343.87109375,-7.207943439483643,0
136.87,343.7959899902344,-7.211071491241455,0
136.88,343.7223815917969,-7.212606906890869,0
136.89,343.6574401855469,-7.205189228057861,0
136.9,343.5938720703125,-7.196396350860596,0
136.91,343.5245666503906,-7.19365119934082,0
136.92,343.4566955566406,-7.1894378662109375,0
136.93,343.3831787109375,-7.191123008728027,0
136.94,343.3146667480469,-7.18760871887207,0
136.95,343.24407958984375,-7.186284065246582,0
136.96,343.17315673828125,-7.185311317443848,0
136.97,343.10369873046875,-7.182836055755615,0
136.98,343.0250244140625,-7.1899213790893555,0
136.99,342.94610595703125,-7.197185039520264,0
137,342.85980224609375,-7.212016582489014,0
137.01,342.7804870605469,-7.219470977783203,0
137.02,342.70269775390625,-7.225242614746094,0
137.03,342.6192932128906,-7.236756801605225,0
137.04,342.5375061035156,-7.2465009689331055,0
137.05,342.4644470214844,-7.247116565704346,0
137.06,342.39288330078125,-7.2461838722229,0
137.07,342.3245849609375,-7.241887092590332,0
137.08,342.25592041015625,-7.2379913330078125,0
137.09,342.1886901855469,-7.232640743255615,0
137.1,342.1175537109375,-7.231410980224609,0
137.11,342.0478820800781,-7.228673458099365,0
137.12,341.9796447753906,-7.224460124969482,0
137.13,341.9004211425781,-7.231681823730469,0
137.14,341.82275390625,-7.237222671508789,0
137.15,341.7519836425781,-7.235572814941406,0
137.16,341.67730712890625,-7.237966537475586,0
137.17,341.6094970703125,-7.2332329750061035,0
137.18,341.5431213378906,-7.2270636558532715,0
137.19,341.4781799316406,-7.219488620758057,0
137.2,341.4092712402344,-7.216082572937012,0
137.21,341.341796875,-7.211216449737549,0
137.22,341.2775573730469,-7.203073501586914,0
137.23,341.2076416015625,-7.200908184051514,0
137.24,341.13916015625,-7.197260856628418,0
137.25,341.0721130371094,-7.192163467407227,0
137.26,341.0064697265625,-7.185645580291748,0
137.27,340.93865966796875,-7.18143367767334,0
137.28,340.872314453125,-7.175785541534424,0
137.29,340.8109436035156,-7.165036678314209,0
137.3,340.7526550292969,-7.1511969566345215,0
137.31,340.6940002441406,-7.1379170417785645,0
137.32,340.6330871582031,-7.1270928382873535,0
137.33,340.5699768066406,-7.118676662445068,0
137.34,340.5082092285156,-7.10892391204834,0
137.35,340.446044921875,-7.09971284866333,0
137.36,340.3852233886719,-7.08918571472168,0
137.37,340.323974609375,-7.079219818115234,0
137.38,340.2640686035156,-7.067957401275635,0
137.39,340.20550537109375,-7.0554280281066895,0
137.4,340.1447448730469,-7.045300006866455,0
137.41,340.0852966308594,-7.033886432647705,0
137.42,340.0164794921875,-7.032303810119629,0
137.43,339.9580383300781,-7.020022869110107,0
137.44,339.8919677734375,-7.015746116638184,0
137.45,339.8362121582031,-7.000829219818115,0
137.46,339.7692565917969,-6.997671604156494,0
137.47,339.7037048339844,-6.993095397949219,0
137.48,339.6395568847656,-6.987131118774414,0
137.49,339.5892639160156,-6.966870307922363,0
137.5,339.5401916503906,-6.945548057556152,0
137.51,339.4923400878906,-6.923190116882324,0
137.52,339.4617004394531,-6.883246421813965,0
137.53,339.43206787109375,-6.842661380767822,0
137.54,339.3731994628906,-6.832763195037842,0
137.55,339.3156433105469,-6.821619033813477,0
137.56,339.2593688964844,-6.809257984161377,0
137.57,339.2043762207031,-6.795706748962402,0
137.58,339.150634765625,-6.78099250793457,0
137.59,339.09814453125,-6.765142440795898,0
137.6,339.046875,-6.748183250427246,0
137.61,338.996826171875,-6.7301411628723145,0
137.62,338.947998046875,-6.7110419273376465,0
137.63,338.90032958984375,-6.690911769866943,0
137.64,338.8396301269531,-6.684504985809326,0
137.65,338.7802429199219,-6.676813125610352,0
137.66,338.7167663574219,-6.673407554626465,0
137.67,338.65460205078125,-6.668657302856445,0
137.68,338.5937805175781,-6.662590980529785,0
137.69,338.5218200683594,-6.668117523193359,0
137.7,338.4512634277344,-6.672117233276367,0
137.71,338.38214111328125,-6.674621105194092,0
137.72,338.31439208984375,-6.6756591796875,0
137.73,338.248046875,-6.675261497497559,0
137.74,338.1812744140625,-6.675305366516113,0
137.75,338.1158447265625,-6.673933982849121,0
137.76,338.0517578125,-6.671175956726074,0
137.77,337.98193359375,-6.674396991729736,0
137.78,337.91351318359375,-6.676137447357178,0
137.79,337.8464660644531,-6.676427364349365,0
137.8,337.7772216796875,-6.678992748260498,0
137.81,337.7129211425781,-6.676393032073975,0
137.82,337.65350341796875,-6.6687912940979,0
137.83,337.59539794921875,-6.6599321365356445,0
137.84,337.5385437011719,-6.649843215942383,0
137.85,337.48297119140625,-6.638551235198975,0
137.86,337.42864990234375,-6.626083850860596,0
137.87,337.3791198730469,-6.608771324157715,0
137.88,337.3218994140625,-6.599596977233887,0
137.89,337.26593017578125,-6.589211940765381,0
137.9,337.2040710449219,-6.58503532409668,0
137.91,337.14178466796875,-6.581340789794922,0
137.92,337.080810546875,-6.576326847076416,0
137.93,337.0211486816406,-6.570021629333496,0
137.94,336.9609680175781,-6.564301013946533,0
137.95,336.8931579589844,-6.56654691696167,0
137.96,336.8266906738281,-6.567354679107666,0
137.97,336.75982666015625,-6.568601608276367,0
137.98,336.69610595703125,-6.566583633422852,0
137.99,336.63189697265625,-6.565062999725342,0
138,336.563720703125,-6.567670822143555,0
138.01,336.4897766113281,-6.576225757598877,0
138.02,336.4172668457031,-6.583211421966553,0
138.03,336.3461608886719,-6.588658809661865,0
138.04,336.2764587402344,-6.592597961425781,0
138.05,336.19927978515625,-6.604243755340576,0
138.06,336.1324462890625,-6.605066299438477,0
138.07,336.05810546875,-6.613656997680664,0
138.08,335.976318359375,-6.629854202270508,0
138.09,335.9049377441406,-6.635130882263184,0
138.1,335.8349609375,-6.6388936042785645,0
138.11,335.75750732421875,-6.650356292724609,0
138.12,335.6815185546875,-6.66017484664917,0
138.13,335.60699462890625,-6.6683807373046875,0
138.14,335.5392761230469,-6.669460773468018,0
138.15,335.46759033203125,-6.674650192260742,0
138.16,335.39373779296875,-6.682015419006348,0
138.17,335.3212890625,-6.6878132820129395,0
138.18,335.24853515625,-6.693922996520996,0
138.19,335.1789855957031,-6.696641445159912,0
138.2,335.11083984375,-6.697885036468506,0
138.21,335.0440368652344,-6.697683811187744,0
138.22,334.9768371582031,-6.6979146003723145,0
138.23,334.9110107421875,-6.696721076965332,0
138.24,334.8465576171875,-6.694133281707764,0
138.25,334.78167724609375,-6.691971778869629,0
138.26,334.7181701660156,-6.6884355545043945,0
138.27,334.65771484375,-6.681761741638184,0
138.28,334.5986022949219,-6.673808574676514,0
138.29,334.54254150390625,-6.662755966186523,0
138.3,334.4913330078125,-6.646821022033691,0
138.31,334.4413146972656,-6.6298041343688965,0
138.32,334.3924865722656,-6.611731052398682,0
138.33,334.3448181152344,-6.592626094818115,0
138.34,334.29833984375,-6.572515487670898,0
138.35,334.25299072265625,-6.5514235496521,0
138.36,334.1767883300781,-6.562472820281982,0
138.37,334.10205078125,-6.571905136108398,0
138.38,334.0216064453125,-6.587143898010254,0
138.39,333.94268798828125,-6.600674629211426,0
138.4,333.865234375,-6.612529277801514,0
138.41,333.78924560546875,-6.622739791870117,0
138.42,333.7147216796875,-6.631337642669678,0
138.43,333.6416320800781,-6.638354301452637,0
138.44,333.57354736328125,-6.640124797821045,0
138.45,333.5104064941406,-6.636754989624023,0
138.46,333.4485778808594,-6.632047653198242,0
138.47,333.3880920410156,-6.626030921936035,0
138.48,333.3271179199219,-6.620582103729248,0
138.49,333.2674255371094,-6.613842487335205,0
138.5,333.2018737792969,-6.613231182098389,0
138.51,333.1448059082031,-6.6038384437561035,0
138.52,333.0890197753906,-6.59323787689209,0
138.53,333.03271484375,-6.583305358886719,0
138.54,332.9776306152344,-6.572181701660156,0
138.55,332.92376708984375,-6.559892177581787,0
138.56,332.8711242675781,-6.546463966369629,0
138.57,332.8215026855469,-6.5300750732421875,0
138.58,332.7730407714844,-6.512638092041016,0
138.59,332.7275390625,-6.492329120635986,0
138.6,332.6831970214844,-6.471060276031494,0
138.61,332.63818359375,-6.450704574584961,0
138.62,332.5942687988281,-6.429399013519287,0
138.63,332.5496826171875,-6.40901517868042,0
138.64,332.5061950683594,-6.387690544128418,0
138.65,332.4602355957031,-6.369144916534424,0
138.66,332.4118957519531,-6.353269577026367,0
138.67,332.36468505859375,-6.336373329162598,0
138.68,332.3186340332031,-6.318480014801025,0
138.69,332.26654052734375,-6.3070068359375,0
138.7,332.2156066894531,-6.294431686401367,0
138.71,332.1622619628906,-6.284475326538086,0
138.72,332.1030578613281,-6.280726909637451,0
138.73,332.0450744628906,-6.275724411010742,0
138.74,331.98834228515625,-6.269494533538818,0
138.75,331.92755126953125,-6.267552375793457,0
138.76,331.8626403808594,-6.2698655128479,0
138.77,331.79901123046875,-6.270802021026611,0
138.78,331.7366943359375,-6.270390033721924,0
138.79,331.6809997558594,-6.263113498687744,0
138.8,331.6211853027344,-6.260202407836914,0
138.81,331.56085205078125,-6.257872581481934,0
138.82,331.5017395019531,-6.254263877868652,0
138.83,331.4332580566406,-6.260435581207275,0
138.84,331.36431884765625,-6.267002582550049,0
138.85,331.2984924316406,-6.27025842666626,0
138.86,331.2339782714844,-6.27211856842041,0
138.87,331.16900634765625,-6.274459362030029,0
138.88,331.09466552734375,-6.2864556312561035,0
138.89,331.0323791503906,-6.2858405113220215,0
138.9,330.97137451171875,-6.283905506134033,0
138.91,330.9116516113281,-6.280677795410156,0
138.92,330.862060546875,-6.267001152038574,0
138.93,330.8135986328125,-6.2522759437561035,0
138.94,330.75384521484375,-6.2494072914123535,0
138.95,330.6953430175781,-6.245273113250732,0
138.96,330.6380920410156,-6.2399001121521,0
138.97,330.5820617675781,-6.233314514160156,0
138.98,330.5272216796875,-6.2255425453186035,0
138.99,330.4629211425781,-6.22764253616333,0
139,330.398193359375,-6.230170726776123,0
139.01,330.3347473144531,-6.231326580047607,0
139.02,330.2726135253906,-6.231137752532959,0
139.03,330.20819091796875,-6.233328342437744,0
139.04,330.1450500488281,-6.234152793884277,0
139.05,330.0849914550781,-6.2317914962768555,0
139.06,330.02618408203125,-6.228157997131348,0
139.07,329.9686279296875,-6.223278522491455,0
139.08,329.9158020019531,-6.213540077209473,0
139.09,329.8641662597656,-6.202683925628662,0
139.1,329.8136901855469,-6.190736293792725,0
139.11,329.7608337402344,-6.181360721588135,0
139.12,329.7126770019531,-6.167226791381836,0
139.13,329.6621398925781,-6.155715465545654,0
139.14,329.5985107421875,-6.157864570617676,0
139.15,329.5361633300781,-6.158664703369141,0
139.16,329.47149658203125,-6.161839008331299,0
139.17,329.4046325683594,-6.167281627655029,0
139.18,329.3390808105469,-6.171306133270264,0
139.19,329.2676696777344,-6.181333541870117,0
139.2,329.1959228515625,-6.1916375160217285,0
139.21,329.12371826171875,-6.202266216278076,0
139.22,329.04754638671875,-6.216907024383545,0
139.23,328.97100830078125,-6.231778144836426,0
139.24,328.8959045410156,-6.24502420425415,0
139.25,328.8186950683594,-6.260315895080566,0
139.26,328.742919921875,-6.273967742919922,0
139.27,328.6560974121094,-6.298891067504883,0
139.28,328.583251953125,-6.309088706970215,0
139.29,328.49578857421875,-6.334316730499268,0
139.3,328.40985107421875,-6.357685089111328,0
139.31,328.3254699707031,-6.379227638244629,0
139.32,328.23193359375,-6.41001033782959,0
139.33,328.1400146484375,-6.4388041496276855,0
139.34,328.0461730957031,-6.469282627105713,0
139.35,327.95745849609375,-6.494126319885254,0
139.36,327.8774719238281,-6.509692192077637,0
139.37,327.7882995605469,-6.534591197967529,0
139.38,327.7095947265625,-6.5484113693237305,0
139.39,327.62347412109375,-6.569744110107422,0
139.4,327.5389099121094,-6.589247226715088,0
139.41,327.45233154296875,-6.610650539398193,0
139.42,327.37091064453125,-6.6265177726745605,0
139.43,327.28564453125,-6.646200656890869,0
139.44,327.20013427734375,-6.665919780731201,0
139.45,327.1161804199219,-6.6838226318359375,0
139.46,327.0337829589844,-6.699942111968994,0
139.47,326.9458312988281,-6.721648693084717,0
139.48,326.85943603515625,-6.741486072540283,0
139.49,326.7817077636719,-6.752151966094971,0
139.5,326.7072448730469,-6.75931978225708,0
139.51,326.6342468261719,-6.764908313751221,0
139.52,326.56268310546875,-6.768948078155518,0
139.53,326.4925537109375,-6.771470546722412,0
139.54,326.423828125,-6.772506237030029,0
139.55,326.354736328125,-6.773932933807373,0
139.56,326.2870178222656,-6.773894786834717,0
139.57,326.220703125,-6.772421360015869,0
139.58,326.1540222167969,-6.771335601806641,0
139.59,326.0833740234375,-6.774380683898926,0
139.6,326.01055908203125,-6.779623508453369,0
139.61,325.9391784667969,-6.783321857452393,0
139.62,325.8692321777344,-6.785506725311279,0
139.63,325.79718017578125,-6.789849758148193,0
139.64,325.7265625,-6.792664527893066,0
139.65,325.65020751953125,-6.801374435424805,0
139.66,325.5753173828125,-6.808464050292969,0
139.67,325.5019226074219,-6.81396484375,0
139.68,325.44061279296875,-6.806875705718994,0
139.69,325.38067626953125,-6.798489093780518,0
139.7,325.31134033203125,-6.799866676330566,0
139.71,325.2434387207031,-6.799774646759033,0
139.72,325.1645202636719,-6.811067581176758,0
139.73,325.0764465332031,-6.8317179679870605,0
139.74,324.99884033203125,-6.841313362121582,0
139.75,324.91558837890625,-6.856654167175293,0
139.76,324.8285827636719,-6.8757147789001465,0
139.77,324.7431945800781,-6.892927169799805,0
139.78,324.65936279296875,-6.908326148986816,0
139.79,324.5771179199219,-6.921945095062256,0
139.8,324.5017395019531,-6.928330898284912,0
139.81,324.42962646484375,-6.93126916885376,0
139.82,324.35894775390625,-6.932678699493408,0
139.83,324.28790283203125,-6.9344377517700195,0
139.84,324.2148132324219,-6.93833065032959,0
139.85,324.1484680175781,-6.935185432434082,0
139.86,324.08349609375,-6.930634498596191,0
139.87,324.0146179199219,-6.9301958084106445,0
139.88,323.94537353515625,-6.930145263671875,0
139.89,323.8722229003906,-6.934115886688232,0
139.9,323.79876708984375,-6.93838357925415,0
139.91,323.7214050292969,-6.946637153625488,0
139.92,323.6438293457031,-6.955041408538818,0
139.93,323.5659484863281,-6.963647842407227,0
139.94,323.4895935058594,-6.970601558685303,0
139.95,323.4058532714844,-6.98512077331543,0
139.96,323.3289794921875,-6.992373466491699,0
139.97,323.2536315917969,-6.997995376586914,0
139.98,323.1797790527344,-7.002018928527832,0
139.99,323.1073913574219,-7.004476547241211,0
140,323.0364685058594,-7.005399703979492,0
140.01,322.9669494628906,-7.004818916320801,0
140.02,322.8988952636719,-7.00276517868042,0
140.03,322.8269348144531,-7.004757881164551,0
140.04,322.75286865234375,-7.008921146392822,0
140.05,322.6731872558594,-7.0188493728637695,0
140.06,322.59503173828125,-7.0270867347717285,0
140.07,322.5184020996094,-7.033666133880615,0
140.08,322.439697265625,-7.042315483093262,0
140.09,322.3572082519531,-7.054783821105957,0
140.1,322.2815856933594,-7.060012340545654,0
140.11,322.2074890136719,-7.063637733459473,0
140.12,322.1348571777344,-7.0656914710998535,0
140.13,322.063720703125,-7.0662055015563965,0
140.14,321.99224853515625,-7.067061424255371,0
140.15,321.92047119140625,-7.068193435668945,0
140.16,321.8448181152344,-7.073348522186279,0
140.17,321.7760009765625,-7.071354389190674,0
140.18,321.7086181640625,-7.067902565002441,0
140.19,321.63372802734375,-7.072263240814209,0
140.2,321.5550231933594,-7.080524921417236,0
140.21,321.47607421875,-7.088964462280273,0
140.22,321.3861999511719,-7.108608722686768,0
140.23,321.2962646484375,-7.12813663482666,0
140.24,321.2043762207031,-7.149449825286865,0
140.25,321.1141662597656,-7.168810844421387,0
140.26,321.025634765625,-7.186255931854248,0
140.27,320.93695068359375,-7.20366907119751,0
140.28,320.8517150878906,-7.21735143661499,0
140.29,320.76806640625,-7.229223728179932,0
140.3,320.6860046386719,-7.239320755004883,0
140.31,320.6020202636719,-7.251317024230957,0
140.32,320.5196533203125,-7.26153039932251,0
140.33,320.4264221191406,-7.282876491546631,0
140.34,320.33489990234375,-7.302242279052734,0
140.35,320.23968505859375,-7.325207710266113,0
140.36,320.1462097167969,-7.346150875091553,0
140.37,320.054443359375,-7.365108489990234,0
140.38,319.96435546875,-7.38211727142334,0
140.39,319.87420654296875,-7.3990044593811035,0
140.4,319.7928161621094,-7.406641006469727,0
140.41,319.7130432128906,-7.412551403045654,0
140.42,319.6366271972656,-7.414921760559082,0
140.43,319.5617370605469,-7.4156718254089355,0
140.44,319.4884033203125,-7.414834976196289,0
140.45,319.41656494140625,-7.4124436378479,0
140.46,319.3390808105469,-7.41592264175415,0
140.47,319.2631530761719,-7.417758941650391,0
140.48,319.1958923339844,-7.410593032836914,0
140.49,319.1300964355469,-7.402003765106201,0
140.5,319.05859375,-7.3994140625,0
140.51,318.98681640625,-7.397100448608398,0
140.52,318.9165344238281,-7.393266201019287,0
140.53,318.845947265625,-7.389791011810303,0
140.54,318.7591247558594,-7.4031901359558105,0
140.55,318.6739196777344,-7.414745807647705,0
140.56,318.59033203125,-7.424492835998535,0
140.57,318.49951171875,-7.441650867462158,0
140.58,318.4085998535156,-7.458728790283203,0
140.59,318.3211669921875,-7.4720282554626465,0
140.6,318.23541259765625,-7.483471870422363,0
140.61,318.140625,-7.504127025604248,0
140.62,318.0475769042969,-7.522768974304199,0
140.63,317.94915771484375,-7.54677152633667,0
140.64,317.8525085449219,-7.568682670593262,0
140.65,317.75762939453125,-7.588541030883789,0
140.66,317.6626892089844,-7.608232021331787,0
140.67,317.5783996582031,-7.616722583770752,0
140.68,317.48687744140625,-7.632608890533447,0
140.69,317.39178466796875,-7.652040958404541,0
140.7,317.2984619140625,-7.6694536209106445,0
140.71,317.20684814453125,-7.684884548187256,0
140.72,317.11517333984375,-7.700218677520752,0
140.73,317.0252380371094,-7.713606357574463,0
140.74,316.93341064453125,-7.728781223297119,0
140.75,316.8398132324219,-7.7456464767456055,0
140.76,316.7461853027344,-7.7623724937438965,0
140.77,316.6560974121094,-7.775262355804443,0
140.78,316.5677185058594,-7.786240100860596,0
140.79,316.4810791015625,-7.795342922210693,0
140.8,316.3961181640625,-7.802607536315918,0
140.81,316.3163146972656,-7.80443000793457,0
140.82,316.2275390625,-7.815537452697754,0
140.83,316.1404724121094,-7.824760437011719,0
140.84,316.0461730957031,-7.841376304626465,0
140.85,315.9536437988281,-7.855990409851074,0
140.86,315.86285400390625,-7.868640422821045,0
140.87,315.7933654785156,-7.859147548675537,0
140.88,315.7253723144531,-7.848183631896973,0
140.89,315.63934326171875,-7.855996608734131,0
140.9,315.55499267578125,-7.861985206604004,0
140.91,315.4918518066406,-7.845968723297119,0
140.92,315.4301452636719,-7.828617095947266,0
140.93,315.3699035644531,-7.809961795806885,0
140.94,315.3092956542969,-7.791881561279297,0
140.95,315.2500915527344,-7.772520542144775,0
140.96,315.1781005859375,-7.766581058502197,0
140.97,315.1076354980469,-7.759117126464844,0
140.98,315.0386962890625,-7.750161170959473,0
140.99,314.9659423828125,-7.74523401260376,0
141,314.8947448730469,-7.738766193389893,0
141.01,314.8303527832031,-7.725302696228027,0
141.02,314.76214599609375,-7.715965747833252,0
141.03,314.6900634765625,-7.710728645324707,0
141.04,314.61773681640625,-7.705756664276123,0
141.05,314.5469665527344,-7.699253082275391,0
141.06,314.46527099609375,-7.704131126403809,0
141.07,314.38519287109375,-7.707277297973633,0
141.08,314.30670166015625,-7.7087249755859375,0
141.09,314.2298278808594,-7.7085089683532715,0
141.1,314.14923095703125,-7.712152481079102,0
141.11,314.07025146484375,-7.714087009429932,0
141.12,313.9910583496094,-7.716195106506348,0
141.13,313.9117126464844,-7.718472480773926,0
141.14,313.8339538574219,-7.719067573547363,0
141.15,313.7577819824219,-7.718014717102051,0
141.16,313.68316650390625,-7.7153472900390625,0
141.17,313.6101379394531,-7.711099147796631,0
141.18,313.5297546386719,-7.714487552642822,0
141.19,313.45098876953125,-7.716171741485596,0
141.2,313.37384033203125,-7.7161865234375,0
141.21,313.2982482910156,-7.714566230773926,0
141.22,313.2171325683594,-7.718680381774902,0
141.23,313.13232421875,-7.726562976837158,0
141.24,313.0491638183594,-7.7326459884643555,0
141.25,312.9676513671875,-7.736965179443359,0
141.26,312.8877868652344,-7.739556312561035,0
141.27,312.8095397949219,-7.740454196929932,0
141.28,312.72930908203125,-7.743389129638672,0
141.29,312.65069580078125,-7.744623184204102,0
141.3,312.5665588378906,-7.751526832580566,0
141.31,312.4841003417969,-7.756646156311035,0
141.32,312.4139404296875,-7.748984336853027,0
141.33,312.33819580078125,-7.74717378616333,0
141.34,312.255126953125,-7.7529425621032715,0
141.35,312.16839599609375,-7.762494087219238,0
141.36,312.08331298828125,-7.770205020904541,0
141.37,311.9999084472656,-7.776111602783203,0
141.38,311.91815185546875,-7.780249118804932,0
141.39,311.8380432128906,-7.782653331756592,0
141.4,311.7542419433594,-7.788846492767334,0
141.41,311.6650085449219,-7.800598621368408,0
141.42,311.57568359375,-7.812305450439453,0
141.43,311.4862976074219,-7.823964595794678,0
141.44,311.39862060546875,-7.833726406097412,0
141.45,311.3126525878906,-7.841628074645996,0
141.46,311.2283630371094,-7.847705841064453,0
141.47,311.1457214355469,-7.851995944976807,0
141.48,311.0558776855469,-7.863717555999756,0
141.49,310.9642333984375,-7.877172470092773,0
141.5,310.87786865234375,-7.885042667388916,0
141.51,310.7896728515625,-7.894720554351807,0
141.52,310.70318603515625,-7.902527332305908,0
141.53,310.6165771484375,-7.9103474617004395,0
141.54,310.5317077636719,-7.916330814361572,0
141.55,310.4432067871094,-7.92600154876709,0
141.56,310.3564147949219,-7.9337944984436035,0
141.57,310.2713317871094,-7.939746379852295,0
141.58,310.18792724609375,-7.9438934326171875,0
141.59,310.0902099609375,-7.96279239654541,0
141.6,309.9925537109375,-7.981464862823486,0
141.61,309.8949279785156,-7.999911785125732,0
141.62,309.79559326171875,-8.019926071166992,0
141.63,309.6980895996094,-8.037830352783203,0
141.64,309.6006164550781,-8.055512428283691,0
141.65,309.5049743652344,-8.071124076843262,0
141.66,309.4093322753906,-8.086554527282715,0
141.67,309.3172912597656,-8.098106384277344,0
141.68,309.22882080078125,-8.105856895446777,0
141.69,309.1455993652344,-8.108091354370117,0
141.7,309.0640563964844,-8.108560562133789,0
141.71,308.98419189453125,-8.107301712036133,0
141.72,308.9024353027344,-8.107990264892578,0
141.73,308.8223571777344,-8.106945991516113,0
141.74,308.74395751953125,-8.104205131530762,0
141.75,308.6671447753906,-8.09980297088623,0
141.76,308.5884094238281,-8.0974702835083,0
141.77,308.509521484375,-8.095317840576172,0
141.78,308.4322509765625,-8.091493606567383,0
141.79,308.3548889160156,-8.087824821472168,0
141.8,308.2808837890625,-8.080724716186523,0
141.81,308.20843505859375,-8.072057723999023,0
141.82,308.1375732421875,-8.061857223510742,0
141.83,308.0665283203125,-8.051948547363281,0
141.84,307.98638916015625,-8.051569938659668,0
141.85,307.9060974121094,-8.051340103149414,0
141.86,307.82745361328125,-8.049408912658691,0
141.87,307.75042724609375,-8.04581069946289,0
141.88,307.66973876953125,-8.046069145202637,0
141.89,307.5906677246094,-8.04461669921875,0
141.9,307.5043640136719,-8.050673484802246,0
141.91,307.4179992675781,-8.056748390197754,0
141.92,307.3298034667969,-8.064630508422852,0
141.93,307.24334716796875,-8.07064151763916,0
141.94,307.1479187011719,-8.085851669311523,0
141.95,307.0542907714844,-8.09903621673584,0
141.96,306.95538330078125,-8.117570877075195,0
141.97,306.8565368652344,-8.135852813720703,0
141.98,306.7578125,-8.153827667236328,0
141.99,306.66265869140625,-8.167914390563965,0
142,306.5675964355469,-8.18177318572998,0
142.01,306.4654541015625,-8.202798843383789,0
142.02,306.3652038574219,-8.221654891967773,0
142.03,306.2668151855469,-8.238382339477539,0
142.04,306.1702575683594,-8.253021240234375,0
142.05,306.0755615234375,-8.265610694885254,0
142.06,305.9826965332031,-8.276190757751465,0
142.07,305.8916015625,-8.28480052947998,0
142.08,305.7951965332031,-8.298812866210938,0
142.09,305.7077331542969,-8.303443908691406,0
142.1,305.62200927734375,-8.306220054626465,0
142.11,305.51318359375,-8.332881927490234,0
142.12,305.40631103515625,-8.357232093811035,0
142.13,305.3014221191406,-8.379312515258789,0
142.14,305.19842529296875,-8.399165153503418,0
142.15,305.0973815917969,-8.416831016540527,0
142.16,304.98760986328125,-8.443327903747559,0
142.17,304.87445068359375,-8.47303581237793,0
142.18,304.7562561035156,-8.507676124572754,0
142.19,304.647216796875,-8.532466888427734,0
142.2,304.5401611328125,-8.55494213104248,0
142.21,304.4280090332031,-8.582480430603027,0
142.22,304.3072814941406,-8.618612289428711,0
142.23,304.1868896484375,-8.654025077819824,0
142.24,304.06329345703125,-8.692367553710938,0
142.25,303.9418640136719,-8.728082656860352,0
142.26,303.8190002441406,-8.764911651611328,0
142.27,303.70184326171875,-8.79543399810791,0
142.28,303.5867919921875,-8.823466300964355,0
142.29,303.47027587890625,-8.852749824523926,0
142.3,303.3523254394531,-8.883198738098145,0
142.31,303.23291015625,-8.914836883544922,0
142.32,303.1139221191406,-8.94572925567627,0
142.33,302.998779296875,-8.972301483154297,0
142.34,302.89111328125,-8.990883827209473,0
142.35,302.78009033203125,-9.012723922729492,0
142.36,302.671142578125,-9.032206535339355,0
142.37,302.55712890625,-9.05671215057373,0
142.38,302.4452209472656,-9.07879638671875,0
142.39,302.3336486816406,-9.100296020507812,0
142.4,302.21881103515625,-9.124970436096191,0
142.41,302.10076904296875,-9.152694702148438,0
142.42,301.977783203125,-9.185246467590332,0
142.43,301.85699462890625,-9.215184211730957,0
142.44,301.7366027832031,-9.244404792785645,0
142.45,301.618408203125,-9.27106761932373,0
142.46,301.5023498535156,-9.295219421386719,0
142.47,301.388427734375,-9.316906929016113,0
142.48,301.2766418457031,-9.336174964904785,0
142.49,301.1669616699219,-9.353070259094238,0
142.5,301.0593566894531,-9.367636680603027,0
142.51,300.95379638671875,-9.37992000579834,0
142.52,300.8485412597656,-9.391755104064941,0
142.53,300.745361328125,-9.401357650756836,0
142.54,300.6441650390625,-9.408770561218262,0
142.55,300.5414123535156,-9.417733192443848,0
142.56,300.440673828125,-9.424516677856445,0
142.57,300.3419494628906,-9.429163932800293,0
142.58,300.24517822265625,-9.431717872619629,0
142.59,300.1539306640625,-9.428524017333984,0
142.6,300.0645751953125,-9.423397064208984,0
142.61,299.9717712402344,-9.421921730041504,0
142.62,299.8826904296875,-9.416631698608398,0
142.63,299.7954406738281,-9.409454345703125,0
142.64,299.7100830078125,-9.400429725646973,0
142.65,299.6265563964844,-9.38959789276123,0
142.66,299.5395202636719,-9.382486343383789,0
142.67,299.45965576171875,-9.368043899536133,0
142.68,299.3762512207031,-9.357398986816406,0
142.69,299.294677734375,-9.344988822937012,0
142.7,299.21490478515625,-9.330852508544922,0
142.71,299.1297912597656,-9.322364807128906,0
142.72,299.0465087890625,-9.3120756149292,0
142.73,298.9650573730469,-9.300024032592773,0
142.74,298.8853759765625,-9.286248207092285,0
142.75,298.8021545410156,-9.276274681091309,0
142.76,298.71185302734375,-9.273723602294922,0
142.77,298.6234130859375,-9.269258499145508,0
142.78,298.5350646972656,-9.264768600463867,0
142.79,298.44854736328125,-9.258406639099121,0
142.8,298.3621520996094,-9.252004623413086,0
142.81,298.272216796875,-9.249316215515137,0
142.82,298.1806335449219,-9.24836254119873,0
142.83,298.0944519042969,-9.241827964782715,0
142.84,298.006591796875,-9.237109184265137,0
142.85,297.9205627441406,-9.230528831481934,0
142.86,297.8257141113281,-9.233159065246582,0
142.87,297.7434387207031,-9.222745895385742,0
142.88,297.6629638671875,-9.210591316223145,0
142.89,297.5842590332031,-9.196734428405762,0
142.9,297.5072937011719,-9.181211471557617,0
142.91,297.42498779296875,-9.17139720916748,0
142.92,297.3444519042969,-9.15984058380127,0
142.93,297.26568603515625,-9.14657974243164,0
142.94,297.1904296875,-9.129804611206055,0
142.95,297.1292724609375,-9.098612785339355,0
142.96,297.0697021484375,-9.066132545471191,0
142.97,296.9992370605469,-9.045220375061035,0
142.98,296.93572998046875,-9.01733112335205,0
142.99,296.8684997558594,-8.993590354919434,0
143,296.8028869628906,-8.968429565429688,0
143.01,296.744140625,-8.936395645141602,0
143.02,296.68695068359375,-8.90312385559082,0
143.03,296.6241760253906,-8.875982284545898,0
143.04,296.5611572265625,-8.849364280700684,0
143.05,296.4978942871094,-8.823264122009277,0
143.06,296.4290771484375,-8.803165435791016,0
143.07,296.36187744140625,-8.781612396240234,0
143.08,296.2962646484375,-8.758639335632324,0
143.09,296.23931884765625,-8.726944923400879,0
143.1,296.183837890625,-8.694049835205078,0
143.11,296.117431640625,-8.672809600830078,0
143.12,296.0419616699219,-8.66114330291748,0
143.13,295.9664001464844,-8.649727821350098,0
143.14,295.9031066894531,-8.625738143920898,0
143.15,295.8413391113281,-8.600412368774414,0
143.16,295.78106689453125,-8.573782920837402,0
143.17,295.7223205566406,-8.545881271362305,0
143.18,295.65264892578125,-8.529563903808594,0
143.19,295.58453369140625,-8.511773109436035,0
143.2,295.51800537109375,-8.492542266845703,0
143.21,295.4618835449219,-8.462721824645996,0
143.22,295.4072265625,-8.431718826293945,0
143.23,295.3504638671875,-8.403203010559082,0
143.24,295.2951354980469,-8.373490333557129,0
143.25,295.2412414550781,-8.342611312866211,0
143.26,295.1887512207031,-8.310596466064453,0
143.27,295.1376647949219,-8.27747631072998,0
143.28,295.0631103515625,-8.268985748291016,0
143.29,294.9901428222656,-8.258915901184082,0
143.3,294.9187927246094,-8.247302055358887,0
143.31,294.8437194824219,-8.239666938781738,0
143.32,294.7702331542969,-8.23044204711914,0
143.33,294.6983337402344,-8.219661712646484,0
143.34,294.6192321777344,-8.216486930847168,0
143.35,294.53997802734375,-8.213485717773438,0
143.36,294.4623718261719,-8.208806037902832,0
143.37,294.3863830566406,-8.202482223510742,0
143.38,294.29962158203125,-8.207372665405273,0
143.39,294.21282958984375,-8.212271690368652,0
143.4,294.1259765625,-8.217178344726562,0
143.41,294.04083251953125,-8.220242500305176,0
143.42,293.93792724609375,-8.241661071777344,0
143.43,293.8369140625,-8.260893821716309,0
143.44,293.75018310546875,-8.265158653259277,0
143.45,293.6528015136719,-8.280407905578613,0
143.46,293.56085205078125,-8.289895057678223,0
143.47,293.47247314453125,-8.295583724975586,0
143.48,293.3840637207031,-8.30124568939209,0
143.49,293.2973937988281,-8.305032730102539,0
143.5,293.2088928222656,-8.310677528381348,0
143.51,293.1168518066406,-8.319933891296387,0
143.52,293.026611328125,-8.327238082885742,0
143.53,292.9381103515625,-8.332627296447754,0
143.54,292.8514099121094,-8.336140632629395,0
143.55,292.7646789550781,-8.339606285095215,0
143.56,292.67791748046875,-8.3430814743042,0
143.57,292.5946960449219,-8.342869758605957,0
143.58,292.514892578125,-8.339102745056152,0
143.59,292.4350280761719,-8.33543586730957,0
143.6,292.35150146484375,-8.33562183380127,0
143.61,292.2696838378906,-8.334037780761719,0
143.62,292.18780517578125,-8.332511901855469,0
143.63,292.1076354980469,-8.329251289367676,0
143.64,292.0291442871094,-8.324292182922363,0
143.65,291.9540100097656,-8.315877914428711,0
143.66,291.8787841796875,-8.307665824890137,0
143.67,291.80340576171875,-8.29970932006836,0
143.68,291.7261047363281,-8.29379653930664,0
143.69,291.648681640625,-8.288094520568848,0
143.7,291.5693054199219,-8.284448623657227,0
143.71,291.4916076660156,-8.279121398925781,0
143.72,291.4155578613281,-8.272148132324219,0
143.73,291.34112548828125,-8.263565063476562,0
143.74,291.2647705078125,-8.257046699523926,0
143.75,291.1882629394531,-8.25075912475586,0
143.76,291.10986328125,-8.246491432189941,0
143.77,291.02783203125,-8.246051788330078,0
143.78,290.9474792480469,-8.243873596191406,0
143.79,290.8688049316406,-8.23999309539795,0
143.8,290.7917785644531,-8.234445571899414,0
143.81,290.70928955078125,-8.234602928161621,0
143.82,290.62847900390625,-8.233012199401855,0
143.83,290.5493469238281,-8.229708671569824,0
143.84,290.47186279296875,-8.22472858428955,0
143.85,290.3960266113281,-8.218107223510742,0
143.86,290.3218078613281,-8.209879875183105,0
143.87,290.2367858886719,-8.212905883789062,0
143.88,290.14990234375,-8.217824935913086,0
143.89,290.06475830078125,-8.220901489257812,0
143.9,289.9813232421875,-8.222172737121582,0
143.91,289.89959716796875,-8.221675872802734,0
143.92,289.8195495605469,-8.219447135925293,0
143.93,289.74114990234375,-8.215522766113281,0
143.94,289.6643981933594,-8.20993709564209,0
143.95,289.5892639160156,-8.202726364135742,0
143.96,289.5157470703125,-8.193924903869629,0
143.97,289.4438171386719,-8.18356704711914,0
143.98,289.38232421875,-8.162503242492676,0
143.99,289.31341552734375,-8.149324417114258,0
144,289.23724365234375,-8.143815994262695,0
144.01,289.160888671875,-8.138543128967285,0
144.02,289.0861511230469,-8.13165283203125,0
144.03,289.00592041015625,-8.130515098571777,0
144.04,288.92205810546875,-8.13316535949707,0
144.05,288.8310241699219,-8.143221855163574,0
144.06,288.74176025390625,-8.151347160339355,0
144.07,288.64892578125,-8.163066864013672,0
144.08,288.56317138671875,-8.167328834533691,0
144.09,288.4738464355469,-8.175260543823242,0
144.1,288.3738708496094,-8.194121360778809,0
144.11,288.2757568359375,-8.210859298706055,0
144.12,288.1794738769531,-8.22551441192627,0
144.13,288.09039306640625,-8.232582092285156,0
144.14,288.0030517578125,-8.237760543823242,0
144.15,287.91748046875,-8.241086959838867,0
144.16,287.8336181640625,-8.242599487304688,0
144.17,287.74078369140625,-8.253364562988281,0
144.18,287.6497497558594,-8.262160301208496,0
144.19,287.5711669921875,-8.257993698120117,0
144.2,287.492431640625,-8.254010200500488,0
144.21,287.38702392578125,-8.2776460647583,0
144.22,287.2835693359375,-8.299043655395508,0
144.23,287.19085693359375,-8.30911636352539,0
144.24,287.0910949707031,-8.326349258422852,0
144.25,286.99322509765625,-8.34146499633789,0
144.26,286.9060363769531,-8.345375061035156,0
144.27,286.8205871582031,-8.34743595123291,0
144.28,286.7280578613281,-8.35681438446045,0
144.29,286.6373291015625,-8.364229202270508,0
144.3,286.5536804199219,-8.364232063293457,0
144.31,286.4664306640625,-8.367949485778809,0
144.32,286.379150390625,-8.371665000915527,0
144.33,286.29541015625,-8.371682167053223,0
144.34,286.2151184082031,-8.368132591247559,0
144.35,286.1347961425781,-8.36467456817627,0
144.36,286.057861328125,-8.357722282409668,0
144.37,285.9825744628906,-8.349141120910645,0
144.38,285.9053955078125,-8.342606544494629,0
144.39,285.82806396484375,-8.336284637451172,0
144.4,285.7488708496094,-8.331966400146484,0
144.41,285.66778564453125,-8.329666137695312,0
144.42,285.58837890625,-8.325648307800293,0
144.43,285.5089111328125,-8.32174015045166,0
144.44,285.43109130859375,-8.316147804260254,0
144.45,285.349609375,-8.314395904541016,0
144.46,285.26983642578125,-8.310917854309082,0
144.47,285.1917419433594,-8.305749893188477,0
144.48,285.1152648925781,-8.298928260803223,0
144.49,285.0386657714844,-8.292335510253906,0
144.5,284.96368408203125,-8.284120559692383,0
144.51,284.8814392089844,-8.283500671386719,0
144.52,284.8009033203125,-8.28113842010498,0
144.53,284.7167053222656,-8.28255844116211,0
144.54,284.6342468261719,-8.282194137573242,0
144.55,284.553466796875,-8.280081748962402,0
144.56,284.474365234375,-8.27625846862793,0
144.57,284.3951721191406,-8.272550582885742,0
144.58,284.3123474121094,-8.272653579711914,0
144.59,284.2382507324219,-8.263721466064453,0
144.6,284.165771484375,-8.253220558166504,0
144.61,284.0948791503906,-8.241186141967773,0
144.62,284.02734375,-8.225804328918457,0
144.63,283.9613342285156,-8.208993911743164,0
144.64,283.8968505859375,-8.190788269042969,0
144.65,283.8338623046875,-8.171219825744629,0
144.66,283.7723388671875,-8.150320053100586,0
144.67,283.7157897949219,-8.124480247497559,0
144.68,283.65716552734375,-8.101088523864746,0
144.69,283.5999450683594,-8.076458930969238,0
144.7,283.5441589355469,-8.050622940063477,0
144.71,283.482666015625,-8.03094482421875,0
144.72,283.4173278808594,-8.01545524597168,0
144.73,283.35345458984375,-7.998584270477295,0
144.74,283.29107666015625,-7.980363845825195,0
144.75,283.23016357421875,-7.960824966430664,0
144.76,283.1671447753906,-7.943639278411865,0
144.77,283.109130859375,-7.921481609344482,0
144.78,283.0489807128906,-7.901739120483398,0
144.79,282.9902648925781,-7.880726337432861,0
144.8,282.9258728027344,-7.865809917449951,0
144.81,282.85943603515625,-7.853171348571777,0
144.82,282.79449462890625,-7.839127540588379,0
144.83,282.7309875488281,-7.823709964752197,0
144.84,282.6689453125,-7.806949615478516,0
144.85,282.60833740234375,-7.788878440856934,0
144.86,282.5491638183594,-7.769526481628418,0
144.87,282.4949035644531,-7.7452850341796875,0
144.88,282.4384765625,-7.723538398742676,0
144.89,282.3833923339844,-7.7006001472473145,0
144.9,282.3243713378906,-7.68198823928833,0
144.91,282.2667541503906,-7.6621294021606445,0
144.92,282.19989013671875,-7.652029037475586,0
144.93,282.134521484375,-7.640513896942139,0
144.94,282.070556640625,-7.627615451812744,0
144.95,282.0009765625,-7.620700359344482,0
144.96,281.92401123046875,-7.621495723724365,0
144.97,281.8486022949219,-7.620660305023193,0
144.98,281.771240234375,-7.6218671798706055,0
144.99,281.6989440917969,-7.617793083190918,0
145,281.628173828125,-7.612188339233398,0
145.01,281.5589294433594,-7.6050848960876465,0
145.02,281.49114990234375,-7.59651517868042,0
145.03,281.4284362792969,-7.582815647125244,0
145.04,281.36712646484375,-7.567789554595947,0
145.05,281.31072998046875,-7.547826766967773,0
145.06,281.2557067871094,-7.526673316955566,0
145.07,281.2020263671875,-7.504358291625977,0
145.08,281.149658203125,-7.480909824371338,0
145.09,281.0950622558594,-7.459997177124023,0
145.1,281.0382385253906,-7.4416279792785645,0
145.11,280.9774475097656,-7.42754602432251,0
145.12,280.9127197265625,-7.417666912078857,0
145.13,280.84588623046875,-7.410057067871094,0
145.14,280.7787170410156,-7.402880668640137,0
145.15,280.7129821777344,-7.39428186416626,0
145.16,280.648681640625,-7.384292125701904,0
145.17,280.5857849121094,-7.372941493988037,0
145.18,280.5225830078125,-7.3620524406433105,0
145.19,280.4607849121094,-7.349826812744141,0
145.2,280.3968200683594,-7.339990139007568,0
145.21,280.3254089355469,-7.33792781829834,0
145.22,280.26080322265625,-7.328864097595215,0
145.23,280.19757080078125,-7.318432331085205,0
145.24,280.1392822265625,-7.303023815155029,0
145.25,280.0788269042969,-7.290022373199463,0
145.26,280.01971435546875,-7.275742530822754,0
145.27,279.9601745605469,-7.262062072753906,0
145.28,279.90020751953125,-7.2489705085754395,0
145.29,279.84161376953125,-7.2346110343933105,0
145.3,279.7843322753906,-7.219012260437012,0
145.31,279.724853515625,-7.2058424949646,0
145.32,279.6632385253906,-7.195055961608887,0
145.33,279.6011657714844,-7.184813022613525,0
145.34,279.5386962890625,-7.175105094909668,0
145.35,279.47760009765625,-7.1640753746032715,0
145.36,279.4178466796875,-7.151752471923828,0
145.37,279.35064697265625,-7.147293567657471,0
145.38,279.2830810546875,-7.143260478973389,0
145.39,279.2134094238281,-7.141435146331787,0
145.4,279.1487121582031,-7.134494781494141,0
145.41,279.0836181640625,-7.128032207489014,0
145.42,279.0198974609375,-7.12019157409668,0
145.43,278.95758056640625,-7.111002445220947,0
145.44,278.8948974609375,-7.102285861968994,0
145.45,278.8335876464844,-7.092243194580078,0
145.46,278.77362060546875,-7.080903053283691,0
145.47,278.70440673828125,-7.079269886016846,0
145.48,278.647216796875,-7.065194606781006,0
145.49,278.5807189941406,-7.060885906219482,0
145.5,278.515625,-7.055168628692627,0
145.51,278.4519348144531,-7.048072814941406,0
145.52,278.38958740234375,-7.039628505706787,0
145.53,278.32861328125,-7.02986478805542,0
145.54,278.26898193359375,-7.018811225891113,0
145.55,278.210693359375,-7.006496429443359,0
145.56,278.15545654296875,-6.991157054901123,0
145.57,278.0997619628906,-6.976441860198975,0
145.58,278.0470886230469,-6.958758354187012,0
145.59,277.99566650390625,-6.939962387084961,0
145.6,277.94549560546875,-6.920080184936523,0
145.61,277.8894958496094,-6.906418800354004,0
145.62,277.83477783203125,-6.891573905944824,0
145.63,277.7813415527344,-6.875572204589844,0
145.64,277.7220458984375,-6.865777015686035,0
145.65,277.6640625,-6.854727268218994,0
145.66,277.6020812988281,-6.847939491271973,0
145.67,277.54144287109375,-6.839839458465576,0
145.68,277.4715270996094,-6.841431617736816,0
145.69,277.397705078125,-6.847029209136963,0
145.7,277.3253173828125,-6.85106086730957,0
145.71,277.25439453125,-6.85355806350708,0
145.72,277.1849060058594,-6.854551315307617,0
145.73,277.1168212890625,-6.854072093963623,0
145.74,277.0501403808594,-6.852149963378906,0
145.75,276.98486328125,-6.848815441131592,0
145.76,276.9209289550781,-6.844098091125488,0
145.77,276.85833740234375,-6.838026523590088,0
145.78,276.7935791015625,-6.8342695236206055,0
145.79,276.7301940917969,-6.829141139984131,0
145.8,276.6663513183594,-6.824518203735352,0
145.81,276.60211181640625,-6.8203911781311035,0
145.82,276.5392150878906,-6.814903259277344,0
145.83,276.4776611328125,-6.808084011077881,0
145.84,276.41741943359375,-6.799961566925049,0
145.85,276.3585205078125,-6.790564060211182,0
145.86,276.3009033203125,-6.77992057800293,0
145.87,276.2498474121094,-6.762569904327393,0
145.88,276.2000427246094,-6.744141101837158,0
145.89,276.15142822265625,-6.724660873413086,0
145.9,276.1039733886719,-6.704154014587402,0
145.91,276.0400695800781,-6.700901508331299,0
145.92,275.9757080078125,-6.698143005371094,0
145.93,275.91448974609375,-6.692173480987549,0
145.94,275.8545837402344,-6.684907913208008,0
145.95,275.79949951171875,-6.67273473739624,0
145.96,275.7456359863281,-6.659396648406982,0
145.97,275.68951416015625,-6.6485595703125,0
145.98,275.6346435546875,-6.636535167694092,0
145.99,275.58453369140625,-6.619710922241211,0
146,275.53741455078125,-6.599980354309082,0
146.01,275.4914245605469,-6.579255104064941,0
146.02,275.44659423828125,-6.557559490203857,0
146.03,275.3993225097656,-6.538614749908447,0
146.04,275.35321044921875,-6.518671989440918,0
146.05,275.3082275390625,-6.497756481170654,0
146.06,275.2643737792969,-6.475892066955566,0
146.07,275.2216491699219,-6.453103065490723,0
146.08,275.17999267578125,-6.429412841796875,0
146.09,275.1394348144531,-6.404845237731934,0
146.1,275.09820556640625,-6.381214618682861,0
146.11,275.0580749511719,-6.356715679168701,0
146.12,274.9977722167969,-6.353322982788086,0
146.13,274.9563903808594,-6.330397605895996,0
146.14,274.8984680175781,-6.324855327606201,0
146.15,274.84173583984375,-6.31808614730835,0
146.16,274.7862548828125,-6.310116767883301,0
146.17,274.7284240722656,-6.304668426513672,0
146.18,274.6683044433594,-6.301636219024658,0
146.19,274.60943603515625,-6.297330856323242,0
146.2,274.5465087890625,-6.297265529632568,0
146.21,274.4848937988281,-6.295867443084717,0
146.22,274.424560546875,-6.293163299560547,0
146.23,274.3583984375,-6.296517372131348,0
146.24,274.2935485839844,-6.298468589782715,0
146.25,274.2300109863281,-6.299045085906982,0
146.26,274.1677551269531,-6.298274993896484,0
146.27,274.1067810058594,-6.296185493469238,0
146.28,274.0435791015625,-6.296444416046143,0
146.29,273.9816589355469,-6.295363903045654,0
146.3,273.9175109863281,-6.2966108322143555,0
146.31,273.8511047363281,-6.30019474029541,0
146.32,273.7860107421875,-6.302370548248291,0
146.33,273.72222900390625,-6.303165912628174,0
146.34,273.6615295410156,-6.3007612228393555,0
146.35,273.6020812988281,-6.297070026397705,0
146.36,273.5421142578125,-6.293968677520752,0
146.37,273.4851989746094,-6.28774881362915,0
146.38,273.42950439453125,-6.2803239822387695,0
146.39,273.3785400390625,-6.268080234527588,0
146.4,273.3287353515625,-6.254758834838867,0
146.41,273.2800598144531,-6.240384578704834,0
146.42,273.2290344238281,-6.228621959686279,0
146.43,273.1773681640625,-6.2176289558410645,0
146.44,273.1251525878906,-6.207334995269775,0
146.45,273.0740966796875,-6.195936679840088,0
146.46,273.0188903808594,-6.188946723937988,0
146.47,272.9631042480469,-6.182636260986328,0
146.48,272.90850830078125,-6.175144672393799,0
146.49,272.8498229980469,-6.171985149383545,0
146.5,272.7906494140625,-6.169375419616699,0
146.51,272.7290954589844,-6.1692070960998535,0
146.52,272.6670837402344,-6.169526100158691,0
146.53,272.6080627441406,-6.166739463806152,0
146.54,272.55029296875,-6.162702560424805,0
146.55,272.49554443359375,-6.155594825744629,0
146.56,272.4419860839844,-6.147327899932861,0
146.57,272.3896179199219,-6.137928009033203,0
146.58,272.3384094238281,-6.127420425415039,0
146.59,272.288330078125,-6.1158294677734375,0
146.6,272.2394104003906,-6.103179454803467,0
146.61,272.19158935546875,-6.089495658874512,0
146.62,272.1378173828125,-6.082137107849121,0
146.63,272.085205078125,-6.073639869689941,0
146.64,272.03204345703125,-6.065822124481201,0
146.65,271.9800109863281,-6.056879043579102,0
146.66,271.92913818359375,-6.046834945678711,0
146.67,271.8723449707031,-6.043050765991211,0
146.68,271.8167419433594,-6.0380635261535645,0
146.69,271.7622985839844,-6.031898498535156,0
146.7,271.70904541015625,-6.024580955505371,0
146.71,271.6569519042969,-6.01613712310791,0
146.72,271.604248046875,-6.008438587188721,0
146.73,271.55267333984375,-5.999624729156494,0
146.74,271.50225830078125,-5.989719867706299,0
146.75,271.45294189453125,-5.978748321533203,0
146.76,271.4047546386719,-5.966734409332275,0
146.77,271.3576965332031,-5.953701496124268,0
146.78,271.306396484375,-5.945162296295166,0
146.79,271.2474365234375,-5.944665431976318,0
146.8,271.1896667480469,-5.9429192543029785,0
146.81,271.13134765625,-5.941797256469727,0
146.82,271.07421875,-5.939439296722412,0
146.83,271.0182800292969,-5.935871124267578,0
146.84,270.9617919921875,-5.9329094886779785,0
146.85,270.906494140625,-5.928751468658447,0
146.86,270.84881591796875,-5.92706298828125,0
146.87,270.79058837890625,-5.926000595092773,0
146.88,270.7335510253906,-5.923704147338867,0
146.89,270.6741943359375,-5.9238386154174805,0
146.9,270.6054382324219,-5.933691024780273,0
146.91,270.5256042480469,-5.9549078941345215,0
146.92,270.4454040527344,-5.9762773513793945,0
146.93,270.3648986816406,-5.997734069824219,0
146.94,270.2858581542969,-6.01747989654541,0
146.95,270.2082214355469,-6.03554630279541,0
146.96,270.13372802734375,-6.050171852111816,0
146.97,270.06060791015625,-6.063215732574463,0
146.98,269.9888610839844,-6.07470703125,0
146.99,269.91845703125,-6.084675312042236,0
147,269.84942626953125,-6.093149662017822,0
147.01,269.76580810546875,-6.116622447967529,0
147.02,269.6978759765625,-6.1236467361450195,0
147.03,269.6312255859375,-6.129229545593262,0
147.04,269.5517272949219,-6.148070812225342,0
147.05,269.471923828125,-6.1670145988464355,0
147.06,269.384765625,-6.193390369415283,0
147.07,269.2955627441406,-6.221609592437744,0
147.08,269.2114562988281,-6.244235992431641,0
147.09,269.13238525390625,-6.261435508728027,0
147.1,269.05474853515625,-6.276955604553223,0
147.11,268.97857666015625,-6.29082727432251,0
147.12,268.9038391113281,-6.30308198928833,0
147.13,268.8428955078125,-6.30092716217041,0
147.14,268.7849426269531,-6.295689105987549,0
147.15,268.7282409667969,-6.289224147796631,0
147.16,268.6727600097656,-6.281558990478516,0
147.17,268.6184997558594,-6.272719860076904,0
147.18,268.563720703125,-6.264524459838867,0
147.19,268.501220703125,-6.264352321624756,0
147.2,268.4329833984375,-6.270135402679443,0
147.21,268.3589782714844,-6.2818074226379395,0
147.22,268.28289794921875,-6.295548439025879,0
147.23,268.19940185546875,-6.316801071166992,0
147.24,268.11383056640625,-6.339976787567139,0
147.25,268.0298156738281,-6.361334323883057,0
147.26,267.9384765625,-6.3900346755981445,0
147.27,267.8487243652344,-6.416792869567871,0
147.28,267.7587890625,-6.443434238433838,0
147.29,267.67047119140625,-6.468164443969727,0
147.3,267.5837097167969,-6.491017818450928,0
147.31,267.4985046386719,-6.512027263641357,0
147.32,267.4148254394531,-6.531226634979248,0
147.33,267.3326721191406,-6.548648834228516,0
147.34,267.2625732421875,-6.553407192230225,0
147.35,267.1938781738281,-6.5566792488098145,0
147.36,267.1265869140625,-6.558494567871094,0
147.37,267.0606384277344,-6.558883190155029,0
147.38,266.99603271484375,-6.5578742027282715,0
147.39,266.92572021484375,-6.5627760887146,0
147.4,266.8550109863281,-6.568034648895264,0
147.41,266.78570556640625,-6.571793556213379,0
147.42,266.71075439453125,-6.581362724304199,0
147.43,266.63543701171875,-6.591188907623291,0
147.44,266.5615539550781,-6.599416732788086,0
147.45,266.4891357421875,-6.606077671051025,0
147.46,266.4181213378906,-6.611201763153076,0
147.47,266.34674072265625,-6.616668224334717,0
147.48,266.27325439453125,-6.624260425567627,0
147.49,266.19586181640625,-6.635780334472656,0
147.5,266.1146545410156,-6.651146411895752,0
147.51,266.040283203125,-6.659299850463867,0
147.52,265.96734619140625,-6.665875434875488,0
147.53,265.8958435058594,-6.67090368270874,0
147.54,265.8133850097656,-6.687183856964111,0
147.55,265.7306823730469,-6.703560829162598,0
147.56,265.6424560546875,-6.725461006164551,0
147.57,265.55584716796875,-6.745486736297607,0
147.58,265.4549255371094,-6.780137062072754,0
147.59,265.3415832519531,-6.827255725860596,0
147.6,265.2301025390625,-6.871963024139404,0
147.61,265.1204528808594,-6.914298057556152,0
147.62,265.0267639160156,-6.939684867858887,0
147.63,264.93475341796875,-6.963080883026123,0
147.64,264.8443908691406,-6.984521865844727,0
147.65,264.760986328125,-6.9985551834106445,0
147.66,264.6791687011719,-7.010818004608154,0
147.67,264.6024169921875,-7.01770544052124,0
147.68,264.5271301269531,-7.022964000701904,0
147.69,264.453369140625,-7.0266265869140625,0
147.7,264.381103515625,-7.0287251472473145,0
147.71,264.3102722167969,-7.02929162979126,0
147.72,264.24090576171875,-7.028357028961182,0
147.73,264.1835632324219,-7.014976978302002,0
147.74,264.1062927246094,-7.022335052490234,0
147.75,264.02880859375,-7.02984619140625,0
147.76,263.95281982421875,-7.0357136726379395,0
147.77,263.8800964355469,-7.038177967071533,0
147.78,263.808837890625,-7.039100170135498,0
147.79,263.739013671875,-7.038511753082275,0
147.8,263.6689147949219,-7.038236141204834,0
147.81,263.6002502441406,-7.03647518157959,0
147.82,263.53118896484375,-7.035106658935547,0
147.83,263.4635925292969,-7.032275199890137,0
147.84,263.39208984375,-7.033499717712402,0
147.85,263.322021484375,-7.033207893371582,0
147.86,263.2533874511719,-7.031431198120117,0
147.87,263.1861877441406,-7.028200626373291,0
147.88,263.1203918457031,-7.0235466957092285,0
147.89,263.0560302734375,-7.0174994468688965,0
147.9,262.9842224121094,-7.0192179679870605,0
147.91,262.91204833984375,-7.021261692047119,0
147.92,262.82720947265625,-7.03639030456543,0
147.93,262.73870849609375,-7.055149078369141,0
147.94,262.64654541015625,-7.077517032623291,0
147.95,262.5489501953125,-7.105262279510498,0
147.96,262.4530944824219,-7.13093376159668,0
147.97,262.35894775390625,-7.154567718505859,0
147.98,262.25238037109375,-7.190817832946777,0
147.99,262.14764404296875,-7.224801540374756,0
148,262.0447082519531,-7.256558895111084,0
148.01,261.9435729980469,-7.28612756729126,0
148.02,261.8494873046875,-7.308058261871338,0
148.03,261.7606506347656,-7.3243513107299805,0
148.04,261.6734924316406,-7.3387579917907715,0
148.05,261.58795166015625,-7.351314544677734,0
148.06,261.5023193359375,-7.363847255706787,0
148.07,261.4183349609375,-7.374562740325928,0
148.08,261.3341979980469,-7.3853440284729,0
148.09,261.25164794921875,-7.394339561462402,0
148.1,261.1689147949219,-7.403431415557861,0
148.11,261.0860595703125,-7.412559986114502,0
148.12,260.9960021972656,-7.42905855178833,0
148.13,260.9076232910156,-7.443645477294922,0
148.14,260.8208923339844,-7.456356048583984,0
148.15,260.73583984375,-7.467226028442383,0
148.16,260.6612243652344,-7.4671630859375,0
148.17,260.58636474609375,-7.467367649078369,0
148.18,260.5077209472656,-7.47147274017334,0
148.19,260.4289245605469,-7.475702285766602,0
148.2,260.3446044921875,-7.485596179962158,0
148.21,260.2637023925781,-7.4918532371521,0
148.22,260.1914367675781,-7.489114761352539,0
148.23,260.12066650390625,-7.4848456382751465,0
148.24,260.0513916015625,-7.479077339172363,0
148.25,259.9765625,-7.479122161865234,0
148.26,259.89794921875,-7.48306941986084,0
148.27,259.8209228515625,-7.485349655151367,0
148.28,259.74542236328125,-7.485997200012207,0
148.29,259.6714782714844,-7.485044479370117,0
148.3,259.5920104980469,-7.489804744720459,0
148.31,259.50885009765625,-7.498366832733154,0
148.32,259.4325866699219,-7.499677658081055,0
148.33,259.35260009765625,-7.504859447479248,0
148.34,259.2742004394531,-7.508344650268555,0
148.35,259.1920471191406,-7.515655994415283,0
148.36,259.1167907714844,-7.515736103057861,0
148.37,259.03778076171875,-7.519709587097168,0
148.38,258.9603576660156,-7.522007942199707,0
148.39,258.8844909667969,-7.522665023803711,0
148.4,258.80316162109375,-7.528994083404541,0
148.41,258.7181091308594,-7.539085865020752,0
148.42,258.6347351074219,-7.547373294830322,0
148.43,258.552978515625,-7.553891658782959,0
148.44,258.4728088378906,-7.558676242828369,0
148.45,258.3906555175781,-7.565455913543701,0
148.46,258.3066101074219,-7.57413387298584,0
148.47,258.21185302734375,-7.593795299530029,0
148.48,258.1188659667969,-7.61144495010376,0
148.49,258.0276184082031,-7.627120018005371,0
148.5,257.9380798339844,-7.640858173370361,0
148.51,257.8502197265625,-7.652695655822754,0
148.52,257.76934814453125,-7.6571807861328125,0
148.53,257.6900939941406,-7.659951210021973,0
148.54,257.6124267578125,-7.661041736602783,0
148.55,257.536376953125,-7.660486221313477,0
148.56,257.4635925292969,-7.656527042388916,0
148.57,257.392333984375,-7.651025772094727,0
148.58,257.32086181640625,-7.64580774307251,0
148.59,257.2403259277344,-7.650052547454834,0
148.6,257.161376953125,-7.652588844299316,0
148.61,257.0840148925781,-7.653451442718506,0
148.62,257.0135192871094,-7.647186279296875,0
148.63,256.9445495605469,-7.639428615570068,0
148.64,256.88238525390625,-7.624723434448242,0
148.65,256.81634521484375,-7.614192008972168,0
148.66,256.7464294433594,-7.60775089263916,0
148.67,256.6780090332031,-7.59982967376709,0
148.68,256.611083984375,-7.590460300445557,0
148.69,256.53857421875,-7.586954116821289,0
148.7,256.46405029296875,-7.5855512619018555,0
148.71,256.39105224609375,-7.582569122314453,0
148.72,256.319580078125,-7.578040599822998,0
148.73,256.24786376953125,-7.573846340179443,0
148.74,256.1776428222656,-7.5681328773498535,0
148.75,256.1107177734375,-7.559084892272949,0
148.76,256.04522705078125,-7.548620700836182,0
148.77,255.981201171875,-7.536770820617676,0
148.78,255.9203338623047,-7.521775245666504,0
148.79,255.86085510253906,-7.505492687225342,0
148.8,255.80274963378906,-7.487953186035156,0
148.81,255.74427795410156,-7.470977306365967,0
148.82,255.68716430664062,-7.452765941619873,0
148.83,255.63140869140625,-7.433348178863525,0
148.84,255.57339477539062,-7.416448593139648,0
148.85,255.5132293701172,-7.401963710784912,0
148.86,255.4403076171875,-7.400821685791016,0
148.87,255.368896484375,-7.398134708404541,0
148.88,255.28134155273438,-7.412189483642578,0
148.89,255.1954345703125,-7.4243855476379395,0
148.9,255.1111602783203,-7.43475866317749,0
148.91,255.0285186767578,-7.443343639373779,0
148.92,254.94747924804688,-7.4501752853393555,0
148.93,254.86802673339844,-7.455287933349609,0
148.94,254.7901611328125,-7.458715915679932,0
148.95,254.71385192871094,-7.460493087768555,0
148.96,254.63909912109375,-7.460652828216553,0
148.97,254.5570526123047,-7.468355655670166,0
148.98,254.4783935546875,-7.472470760345459,0
148.99,254.40130615234375,-7.474917888641357,0
149,254.32577514648438,-7.4757304191589355,0
149.01,254.2552947998047,-7.471302509307861,0
149.02,254.18630981445312,-7.465382099151611,0
149.03,254.11526489257812,-7.461640357971191,0
149.04,254.04571533203125,-7.456394195556641,0
149.05,253.9811553955078,-7.446034908294678,0
149.06,253.91802978515625,-7.434309959411621,0
149.07,253.85630798339844,-7.421249866485596,0
149.08,253.79244995117188,-7.410523891448975,0
149.09,253.7194061279297,-7.409422397613525,0
149.1,253.6478729248047,-7.406773090362549,0
149.11,253.5778350830078,-7.402608394622803,0
149.12,253.50927734375,-7.396960258483887,0
149.13,253.44216918945312,-7.389860153198242,0
149.14,253.3765106201172,-7.3813395500183105,0
149.15,253.31228637695312,-7.371429443359375,0
149.16,253.2494659423828,-7.3601603507995605,0
149.17,253.1880340576172,-7.347562313079834,0
149.18,253.11917114257812,-7.342792510986328,0
149.19,253.0412139892578,-7.347484588623047,0
149.2,252.96481323242188,-7.350523471832275,0
149.21,252.8899383544922,-7.351942539215088,0
149.22,252.81480407714844,-7.3536224365234375,0
149.23,252.7358856201172,-7.35919713973999,0
149.24,252.6585235595703,-7.36309814453125,0
149.25,252.5880126953125,-7.3598713874816895,0
149.26,252.52076721191406,-7.3533034324646,0
149.27,252.4549560546875,-7.345311641693115,0
149.28,252.39939880371094,-7.326799392700195,0
149.29,252.3345489501953,-7.318089008331299,0
149.3,252.26580810546875,-7.313493728637695,0
149.31,252.19326782226562,-7.312873840332031,0
149.32,252.14511108398438,-7.28702974319458,0
149.33,252.0981903076172,-7.2601704597473145,0
149.34,252.05250549316406,-7.232322692871094,0
149.35,252.00450134277344,-7.2071533203125,0
149.36,251.93836975097656,-7.201018333435059,0
149.37,251.8700714111328,-7.197179317474365,0
149.38,251.80320739746094,-7.191893577575684,0
149.39,251.73776245117188,-7.185192108154297,0
149.4,251.68963623046875,-7.160642147064209,0
149.41,251.62509155273438,-7.153332233428955,0
149.42,251.56195068359375,-7.144656181335449,0
149.43,251.50018310546875,-7.134644031524658,0
149.44,251.45562744140625,-7.106917858123779,0
149.45,251.41226196289062,-7.078253269195557,0
149.46,251.37005615234375,-7.048675537109375,0
149.47,251.3290252685547,-7.018209934234619,0
149.48,251.28912353515625,-6.986881256103516,0
149.49,251.23448181152344,-6.971120357513428,0
149.5,251.1722869873047,-6.963332176208496,0
149.51,251.11146545410156,-6.954227924346924,0
149.52,251.0519561767578,-6.943836212158203,0
149.53,250.9937744140625,-6.932185649871826,0
149.54,250.93690490722656,-6.919304847717285,0
149.55,250.88662719726562,-6.899733066558838,0
149.56,250.8375701904297,-6.879100322723389,0
149.57,250.7897186279297,-6.8574323654174805,0
149.58,250.74305725097656,-6.834754943847656,0
149.59,250.6975860595703,-6.811093330383301,0
149.6,250.64968872070312,-6.7901692390441895,0
149.61,250.59243774414062,-6.779153823852539,0
149.62,250.5364532470703,-6.766927719116211,0
149.63,250.4817352294922,-6.7535176277160645,0
149.64,250.4247589111328,-6.742590427398682,0
149.65,250.36904907226562,-6.7304582595825195,0
149.66,250.31460571289062,-6.7171478271484375,0
149.67,250.26141357421875,-6.702686786651611,0
149.68,250.2059326171875,-6.690741062164307,0
149.69,250.15170288085938,-6.677622318267822,0
149.7,250.0916290283203,-6.670692443847656,0
149.71,250.02401733398438,-6.671618461608887,0
149.72,249.96661376953125,-6.661983966827393,0
149.73,249.9104766845703,-6.651134967803955,0
149.74,249.8555908203125,-6.639098644256592,0
149.75,249.8019561767578,-6.625901699066162,0
149.76,249.7513427734375,-6.609723091125488,0
149.77,249.701904296875,-6.592475414276123,0
149.78,249.64132690429688,-6.586950778961182,0
149.79,249.5872802734375,-6.57471227645874,0
149.8,249.5344696044922,-6.561330795288086,0
149.81,249.48114013671875,-6.548624515533447,0
149.82,249.42193603515625,-6.542126655578613,0
149.83,249.364013671875,-6.5343756675720215,0
149.84,249.30735778808594,-6.5253987312316895,0
149.85,249.251953125,-6.515223503112793,0
149.86,249.19776916503906,-6.503875732421875,0
149.87,249.14480590820312,-6.491382598876953,0
149.88,249.09304809570312,-6.477769374847412,0
149.89,249.04249572753906,-6.463062286376953,0
149.9,248.98959350585938,-6.450925827026367,0
149.91,248.93789672851562,-6.437671184539795,0
149.92,248.87857055664062,-6.432451248168945,0
149.93,248.82049560546875,-6.4259748458862305,0
149.94,248.76016235351562,-6.421909809112549,0
149.95,248.70462036132812,-6.412926197052002,0
149.96,248.64678955078125,-6.406407833099365,0
149.97,248.58847045898438,-6.40045690536499,0
149.98,248.5296173095703,-6.3951191902160645,0
149.99,248.47203063964844,-6.388535499572754,0
150,248.4086456298828,-6.388012409210205,0
150.01,248.34657287597656,-6.386146068572998,0
150.02,248.28579711914062,-6.382964611053467,0
150.03,248.22450256347656,-6.380343914031982,0
150.04,248.16448974609375,-6.376424789428711,0
150.05,248.10400390625,-6.373026371002197,0
150.06,248.04478454589844,-6.368346691131592,0
150.07,247.98855590820312,-6.360620975494385,0
150.08,247.93357849121094,-6.351705551147461,0
150.09,247.87979125976562,-6.3416266441345215,0
150.1,247.8254852294922,-6.332202434539795,0
150.11,247.7723846435547,-6.321629047393799,0
150.12,247.72047424316406,-6.309932708740234,0
150.13,247.66444396972656,-6.302626609802246,0
150.14,247.60963439941406,-6.294134616851807,0
150.15,247.55601501464844,-6.284482955932617,0
150.16,247.50180053710938,-6.2755446434021,0
150.17,247.44705200195312,-6.267251968383789,0
150.18,247.39352416992188,-6.257801055908203,0
150.19,247.32884216308594,-6.259984016418457,0
150.2,247.25662231445312,-6.269923210144043,0
150.21,247.18580627441406,-6.278329849243164,0
150.22,247.11634826660156,-6.285233974456787,0
150.23,247.04824829101562,-6.2906646728515625,0
150.24,246.98321533203125,-6.2928595542907715,0
150.25,246.91949462890625,-6.293675899505615,0
150.26,246.85707092285156,-6.2931413650512695,0
150.27,246.7959442138672,-6.291284084320068,0
150.28,246.736083984375,-6.2881317138671875,0
150.29,246.67747497558594,-6.2837114334106445,0
150.3,246.5972137451172,-6.301736831665039,0
150.31,246.52723693847656,-6.308929920196533,0
150.32,246.45510864257812,-6.318277835845947,0
150.33,246.38436889648438,-6.326095104217529,0
150.34,246.31500244140625,-6.332411766052246,0
150.35,246.24520874023438,-6.339104652404785,0
150.36,246.175048828125,-6.346109867095947,0
150.37,246.1079864501953,-6.349833965301514,0
150.38,246.04226684570312,-6.352136135101318,0
150.39,245.97964477539062,-6.351197242736816,0
150.4,245.91653442382812,-6.3507795333862305,0
150.41,245.85472106933594,-6.349024295806885,0
150.42,245.794189453125,-6.345959186553955,0
150.43,245.7332000732422,-6.343404769897461,0
150.44,245.6752166748047,-6.337765693664551,0
150.45,245.61846923828125,-6.330898761749268,0
150.46,245.56295776367188,-6.322831153869629,0
150.47,245.50865173339844,-6.313588619232178,0
150.48,245.45555114746094,-6.303197383880615,0
150.49,245.39834594726562,-6.297171115875244,0
150.5,245.33885192871094,-6.29357385635376,0
150.51,245.26123046875,-6.308763027191162,0
150.52,245.20091247558594,-6.305897235870361,0
150.53,245.12599182128906,-6.318160533905029,0
150.54,245.052490234375,-6.32883358001709,0
150.55,244.9803924560547,-6.337946891784668,0
150.56,244.90968322753906,-6.345530033111572,0
150.57,244.84034729003906,-6.3516130447387695,0
150.58,244.77236938476562,-6.356225490570068,0
150.59,244.70394897460938,-6.361244201660156,0
150.6,244.6368865966797,-6.364811897277832,0
150.61,244.56765747070312,-6.3705973625183105,0
150.62,244.49978637695312,-6.374914646148682,0
150.63,244.43325805664062,-6.377792835235596,0
150.64,244.36280822753906,-6.3846917152404785,0
150.65,244.28843688964844,-6.3955841064453125,0
150.66,244.2048797607422,-6.4158735275268555,0
150.67,244.12281799316406,-6.434387683868408,0
150.68,244.04226684570312,-6.4511590003967285,0
150.69,243.96319580078125,-6.466219425201416,0
150.7,243.88558959960938,-6.47960090637207,0
150.71,243.80946350097656,-6.491335391998291,0
150.72,243.73477172851562,-6.501453876495361,0
150.73,243.66151428222656,-6.5099873542785645,0
150.74,243.59849548339844,-6.507839202880859,0
150.75,243.54029846191406,-6.500716209411621,0
150.76,243.4798583984375,-6.496001243591309,0
150.77,243.4207000732422,-6.490006446838379,0
150.78,243.3434295654297,-6.502805709838867,0
150.79,243.26760864257812,-6.513964653015137,0
150.8,243.1932373046875,-6.523514747619629,0
150.81,243.12030029296875,-6.531486511230469,0
150.82,243.04527282714844,-6.541551113128662,0
150.83,242.96815490722656,-6.553662300109863,0
150.84,242.8925018310547,-6.564136981964111,0
150.85,242.8182830810547,-6.5730061531066895,0
150.86,242.74197387695312,-6.5839409828186035,0
150.87,242.66712951660156,-6.593255996704102,0
150.88,242.595458984375,-6.599191188812256,0
150.89,242.52346801757812,-6.605398178100586,0
150.9,242.45289611816406,-6.61007833480835,0
150.91,242.3713836669922,-6.626028537750244,0
150.92,242.28787231445312,-6.643888473510742,0
150.93,242.2058868408203,-6.659974575042725,0
150.94,242.1254119873047,-6.674319744110107,0
150.95,242.0464630126953,-6.686956405639648,0
150.96,241.96018981933594,-6.70704460144043,0
150.97,241.87547302246094,-6.725300312042236,0
150.98,241.79232788085938,-6.741756916046143,0
150.99,241.7071990966797,-6.760087013244629,0
151,241.6201171875,-6.78024959564209,0
151.01,241.52931213378906,-6.804049968719482,0
151.02,241.4401397705078,-6.825921058654785,0
151.03,241.3525848388672,-6.845897674560547,0
151.04,241.2666015625,-6.864014625549316,0
151.05,241.18222045898438,-6.880305767059326,0
151.06,241.09588623046875,-6.898445129394531,0
151.07,241.01113891601562,-6.914750576019287,0
151.08,240.91741943359375,-6.940175533294678,0
151.09,240.82537841796875,-6.963609218597412,0
151.1,240.7349853515625,-6.985086917877197,0
151.11,240.64093017578125,-7.010132789611816,0
151.12,240.54855346679688,-7.033180236816406,0
151.13,240.4508056640625,-7.061544895172119,0
151.14,240.3547821044922,-7.087831974029541,0
151.15,240.26046752929688,-7.112078666687012,0
151.16,240.1678466796875,-7.134321212768555,0
151.17,240.076904296875,-7.154596328735352,0
151.18,239.9752960205078,-7.18570613861084,0
151.19,239.87367248535156,-7.2165045738220215,0
151.2,239.77561950683594,-7.243294715881348,0
151.21,239.67930603027344,-7.268001079559326,0
151.22,239.5794219970703,-7.296149253845215,0
151.23,239.48130798339844,-7.322174549102783,0
151.24,239.37969970703125,-7.3515472412109375,0
151.25,239.27987670898438,-7.37876033782959,0
151.26,239.1818389892578,-7.4038519859313965,0
151.27,239.08026123046875,-7.432347774505615,0
151.28,238.97695922851562,-7.462325096130371,0
151.29,238.87368774414062,-7.491954803466797,0
151.3,238.77224731445312,-7.519389629364014,0
151.31,238.67440795898438,-7.542821407318115,0
151.32,238.56773376464844,-7.575150012969971,0
151.33,238.4629364013672,-7.605210781097412,0
151.34,238.35646057128906,-7.636684417724609,0
151.35,238.25186157226562,-7.665894508361816,0
151.36,238.1526336669922,-7.689241886138916,0
151.37,238.0552215576172,-7.710481643676758,0
151.38,237.9595947265625,-7.729652404785156,0
151.39,237.8586883544922,-7.754072189331055,0
151.4,237.75961303710938,-7.77634859085083,0
151.41,237.662353515625,-7.796520709991455,0
151.42,237.5721893310547,-7.809139251708984,0
151.43,237.48374938964844,-7.8198442459106445,0
151.44,237.39170837402344,-7.834160804748535,0
151.45,237.2996826171875,-7.848315238952637,0
151.46,237.21115112304688,-7.858725547790527,0
151.47,237.12258911132812,-7.869048595428467,0
151.48,237.03573608398438,-7.877492427825928,0
151.49,236.94705200195312,-7.887734413146973,0
151.5,236.84776306152344,-7.9088616371154785,0
151.51,236.7467803955078,-7.931520462036133,0
151.52,236.6441192626953,-7.955673694610596,0
151.53,236.54505920410156,-7.975854396820068,0
151.54,236.44610595703125,-7.995723247528076,0
151.55,236.34898376464844,-8.013490676879883,0
151.56,236.253662109375,-8.029195785522461,0
151.57,236.15835571289062,-8.04472541809082,0
151.58,236.06484985351562,-8.058232307434082,0
151.59,235.96961975097656,-8.073394775390625,0
151.6,235.87619018554688,-8.086536407470703,0
151.61,235.78453063964844,-8.097695350646973,0
151.62,235.69464111328125,-8.10690975189209,0
151.63,235.60650634765625,-8.114216804504395,0
151.64,235.52011108398438,-8.119654655456543,0
151.65,235.43544006347656,-8.123260498046875,0
151.66,235.35244750976562,-8.125070571899414,0
151.67,235.27114868164062,-8.1251220703125,0
151.68,235.19151306152344,-8.12345027923584,0
151.69,235.10821533203125,-8.125577926635742,0
151.7,235.02308654785156,-8.1295804977417,0
151.71,234.93614196777344,-8.135417938232422,0
151.72,234.84567260742188,-8.144843101501465,0
151.73,234.75697326660156,-8.152349472045898,0
151.74,234.66822814941406,-8.159821510314941,0
151.75,234.57769775390625,-8.169052124023438,0
151.76,234.48721313476562,-8.178153991699219,0
151.77,234.39317321777344,-8.190824508666992,0
151.78,234.3009490966797,-8.201498985290527,0
151.79,234.20169067382812,-8.219344139099121,0
151.8,234.10427856445312,-8.235081672668457,0
151.81,234.0087127685547,-8.248751640319824,0
151.82,233.91497802734375,-8.260394096374512,0
151.83,233.8230438232422,-8.270047187805176,0
151.84,233.73289489746094,-8.277750015258789,0
151.85,233.64451599121094,-8.283540725708008,0
151.86,233.56320190429688,-8.28196907043457,0
151.87,233.47825622558594,-8.284162521362305,0
151.88,233.4003448486328,-8.279067993164062,0
151.89,233.31703186035156,-8.27960205078125,0
151.9,233.2283935546875,-8.285650253295898,0
151.91,233.1397247314453,-8.291666984558105,0
151.92,233.0528106689453,-8.29580307006836,0
151.93,232.96763610839844,-8.298096656799316,0
151.94,232.88418579101562,-8.298584938049316,0
151.95,232.79891967773438,-8.300943374633789,0
151.96,232.71890258789062,-8.297855377197266,0
151.97,232.63702392578125,-8.296710968017578,0
151.98,232.55332946777344,-8.297472953796387,0
151.99,232.46429443359375,-8.303740501403809,0
152,232.3770294189453,-8.308119773864746,0
152.01,232.29150390625,-8.310648918151855,0
152.02,232.20944213867188,-8.309572219848633,0
152.03,232.12905883789062,-8.306756019592285,0
152.04,232.05035400390625,-8.302237510681152,0
152.05,231.97157287597656,-8.297844886779785,0
152.06,231.8944549560547,-8.291783332824707,0
152.07,231.82070922851562,-8.282296180725098,0
152.08,231.74856567382812,-8.271247863769531,0
152.09,231.6815185546875,-8.255034446716309,0
152.1,231.60194396972656,-8.251962661743164,0
152.11,231.5222930908203,-8.24899673461914,0
152.12,231.44252014160156,-8.246191024780273,0
152.13,231.36441040039062,-8.241695404052734,0
152.14,231.28973388671875,-8.233697891235352,0
152.15,231.21665954589844,-8.224119186401367,0
152.16,231.1433868408203,-8.214841842651367,0
152.17,231.0717010498047,-8.20401382446289,0
152.18,231.0015869140625,-8.191668510437012,0
152.19,230.9207000732422,-8.190608024597168,0
152.2,230.8414764404297,-8.187832832336426,0
152.21,230.76390075683594,-8.183380126953125,0
152.22,230.68795776367188,-8.177284240722656,0
152.23,230.6048583984375,-8.178650856018066,0
152.24,230.52345275878906,-8.178256034851074,0
152.25,230.45248413085938,-8.167065620422363,0
152.26,230.38308715820312,-8.154373168945312,0
152.27,230.30645751953125,-8.149284362792969,0
152.28,230.2314453125,-8.142572402954102,0
152.29,230.14923095703125,-8.143399238586426,0
152.3,230.07749938964844,-8.133357048034668,0
152.31,230.01968383789062,-8.109029769897461,0
152.32,229.96328735351562,-8.083481788635254,0
152.33,229.91180419921875,-8.053104400634766,0
152.34,229.858154296875,-8.02528190612793,0
152.35,229.80410766601562,-7.998177528381348,0
152.36,229.7514190673828,-7.969933032989502,0
152.37,229.70008850097656,-7.940577983856201,0
152.38,229.6501007080078,-7.910141468048096,0
152.39,229.6014404296875,-7.878652095794678,0
152.4,229.54525756835938,-7.8552656173706055,0
152.41,229.49044799804688,-7.830693244934082,0
152.42,229.4317626953125,-7.81039571762085,0
152.43,229.3744659423828,-7.788858890533447,0
152.44,229.31503295898438,-7.769752025604248,0
152.45,229.24295043945312,-7.763948440551758,0
152.46,229.17239379882812,-7.756618499755859,0
152.47,229.10336303710938,-7.747795104980469,0
152.48,229.0358123779297,-7.7375102043151855,0
152.49,228.96975708007812,-7.725796222686768,0
152.5,228.90516662597656,-7.712684631347656,0
152.51,228.84202575683594,-7.698206901550293,0
152.52,228.78033447265625,-7.682394504547119,0
152.53,228.7200469970703,-7.66527795791626,0
152.54,228.66641235351562,-7.641456127166748,0
152.55,228.61412048339844,-7.61650276184082,0
152.56,228.56312561035156,-7.590446472167969,0
152.57,228.51524353027344,-7.56146764755249,0
152.58,228.46861267089844,-7.531480312347412,0
152.59,228.40211486816406,-7.522348880767822,0
152.6,228.3370819091797,-7.511810302734375,0
152.61,228.29458618164062,-7.478057861328125,0
152.62,228.25328063964844,-7.443411827087402,0
152.63,228.21316528320312,-7.40789794921875,0
152.64,228.17422485351562,-7.371541500091553,0
152.65,228.13644409179688,-7.334367275238037,0
152.66,228.09097290039062,-7.305527687072754,0
152.67,228.0467071533203,-7.275730609893799,0
152.68,228.00364685058594,-7.245001792907715,0
152.69,227.9529571533203,-7.222494125366211,0
152.7,227.90005493164062,-7.202500820159912,0
152.71,227.8484344482422,-7.181390285491943,0
152.72,227.79808044433594,-7.159190654754639,0
152.73,227.74366760253906,-7.141416549682617,0
152.74,227.68702697753906,-7.126132011413574,0
152.75,227.63169860839844,-7.109650611877441,0
152.76,227.57766723632812,-7.0920000076293945,0
152.77,227.5231170654297,-7.075056552886963,0
152.78,227.464599609375,-7.062391757965088,0
152.79,227.40390014648438,-7.052130222320557,0
152.8,227.3445281982422,-7.040584087371826,0
152.81,227.2794647216797,-7.035061836242676,0
152.82,227.2122802734375,-7.031801223754883,0
152.83,227.14297485351562,-7.030757427215576,0
152.84,227.07508850097656,-7.028244972229004,0
152.85,227.01214599609375,-7.020654678344727,0
152.86,226.9505615234375,-7.01173210144043,0
152.87,226.8903350830078,-7.001506328582764,0
152.88,226.8314208984375,-6.990006446838379,0
152.89,226.77032470703125,-6.980900287628174,0
152.9,226.70704650878906,-6.9741411209106445,0
152.91,226.64512634277344,-6.9660420417785645,0
152.92,226.58456420898438,-6.9566330909729,0
152.93,226.52182006835938,-6.949582099914551,0
152.94,226.46043395996094,-6.9412031173706055,0
152.95,226.40037536621094,-6.931524753570557,0
152.96,226.33633422851562,-6.926063060760498,0
152.97,226.27896118164062,-6.913758277893066,0
152.98,226.21759033203125,-6.905727386474609,0
152.99,226.1575469970703,-6.896397590637207,0
153,226.09356689453125,-6.891229152679443,0
153.01,226.0362091064453,-6.879274368286133,0
153.02,225.9801483154297,-6.866106986999512,0
153.03,225.92010498046875,-6.8571858406066895,0
153.04,225.86138916015625,-6.846993923187256,0
153.05,225.80397033691406,-6.835560321807861,0
153.06,225.7460479736328,-6.8247599601745605,0
153.07,225.68238830566406,-6.820013523101807,0
153.08,225.61129760742188,-6.822990894317627,0
153.09,225.54164123535156,-6.824460983276367,0
153.1,225.47340393066406,-6.8244547843933105,0
153.11,225.4065704345703,-6.823002338409424,0
153.12,225.33932495117188,-6.821981430053711,0
153.13,225.27525329589844,-6.81768798828125,0
153.14,225.21075439453125,-6.813885688781738,0
153.15,225.14581298828125,-6.810564994812012,0
153.16,225.09107971191406,-6.796741485595703,0
153.17,225.03759765625,-6.781761169433594,0
153.18,224.9783172607422,-6.772930145263672,0
153.19,224.9009552001953,-6.782890319824219,0
153.2,224.82508850097656,-6.7912092208862305,0
153.21,224.7700653076172,-6.777872562408447,0
153.22,224.71629333496094,-6.763372898101807,0
153.23,224.6637725830078,-6.747736930847168,0
153.24,224.61248779296875,-6.730990886688232,0
153.25,224.5535888671875,-6.722289085388184,0
153.26,224.4959716796875,-6.712340354919434,0
153.27,224.42556762695312,-6.715732097625732,0
153.28,224.3654022216797,-6.7085041999816895,0
153.29,224.29771423339844,-6.709129810333252,0
153.3,224.22789001464844,-6.7119598388671875,0
153.31,224.1594696044922,-6.7133097648620605,0
153.32,224.09242248535156,-6.71320915222168,0
153.33,224.02674865722656,-6.7116875648498535,0
153.34,223.96243286132812,-6.708774566650391,0
153.35,223.89947509765625,-6.704499244689941,0
153.36,223.83963012695312,-6.697043418884277,0
153.37,223.7810821533203,-6.688320636749268,0
153.38,223.7238311767578,-6.678359031677246,0
153.39,223.6678466796875,-6.667186260223389,0
153.4,223.61134338378906,-6.65667724609375,0
153.41,223.55435180664062,-6.64676570892334,0
153.42,223.49862670898438,-6.635648727416992,0
153.43,223.44415283203125,-6.623353004455566,0
153.44,223.3909149169922,-6.609905242919922,0
153.45,223.33889770507812,-6.595332145690918,0
153.46,223.2757568359375,-6.592426300048828,0
153.47,223.2139434814453,-6.588183403015137,0
153.48,223.14817810058594,-6.588062763214111,0
153.49,223.08375549316406,-6.586548328399658,0
153.5,223.02066040039062,-6.583669185638428,0
153.51,222.95889282226562,-6.579453468322754,0
153.52,222.8984375,-6.573929786682129,0
153.53,222.83396911621094,-6.572613716125488,0
153.54,222.76910400390625,-6.571723937988281,0
153.55,222.70205688476562,-6.573099136352539,0
153.56,222.6310577392578,-6.578540802001953,0
153.57,222.5562286376953,-6.587907791137695,0
153.58,222.4828338623047,-6.595687389373779,0
153.59,222.41085815429688,-6.601909637451172,0
153.6,222.33851623535156,-6.608453273773193,0
153.61,222.26759338378906,-6.613462924957275,0
153.62,222.19985961914062,-6.615119934082031,0
153.63,222.13522338867188,-6.613550186157227,0
153.64,222.07192993164062,-6.6106109619140625,0
153.65,222.01174926757812,-6.604483127593994,0
153.66,221.96693420410156,-6.582522392272949,0
153.67,221.92324829101562,-6.559616565704346,0
153.68,221.8648223876953,-6.552196502685547,0
153.69,221.8076629638672,-6.543540000915527,0
153.7,221.75177001953125,-6.5336737632751465,0
153.71,221.68833923339844,-6.531696319580078,0
153.72,221.6244354248047,-6.530222415924072,0
153.73,221.56185913085938,-6.527394771575928,0
153.74,221.49356079101562,-6.530520915985107,0
153.75,221.4266357421875,-6.532199382781982,0
153.76,221.36106872558594,-6.532459259033203,0
153.77,221.30213928222656,-6.525842666625977,0
153.78,221.24447631835938,-6.517978668212891,0
153.79,221.1880645751953,-6.508894443511963,0
153.8,221.13290405273438,-6.498616695404053,0
153.81,221.0789794921875,-6.4871721267700195,0
153.82,221.01573181152344,-6.485506057739258,0
153.83,220.95199584960938,-6.484347343444824,0
153.84,220.8895721435547,-6.481838226318359,0
153.85,220.82846069335938,-6.478006839752197,0
153.86,220.76339721679688,-6.478312969207764,0
153.87,220.69964599609375,-6.477240085601807,0
153.88,220.6248779296875,-6.487582683563232,0
153.89,220.55331420898438,-6.494491100311279,0
153.9,220.48841857910156,-6.49445104598999,0
153.91,220.4248504638672,-6.493035793304443,0
153.92,220.3573455810547,-6.495704174041748,0
153.93,220.29119873046875,-6.496941566467285,0
153.94,220.22113037109375,-6.502209186553955,0
153.95,220.15245056152344,-6.505990982055664,0
153.96,220.08335876464844,-6.510163307189941,0
153.97,220.0103759765625,-6.518302917480469,0
153.98,219.935302734375,-6.528533458709717,0
153.99,219.86166381835938,-6.537170886993408,0
154,219.78945922851562,-6.544246196746826,0
154.01,219.71865844726562,-6.5497894287109375,0
154.02,219.64926147460938,-6.553831577301025,0
154.03,219.58123779296875,-6.55640172958374,0
154.04,219.51458740234375,-6.557529926300049,0
154.05,219.44927978515625,-6.557245254516602,0
154.06,219.3853302001953,-6.555577278137207,0
154.07,219.31739807128906,-6.558041572570801,0
154.08,219.25082397460938,-6.559065818786621,0
154.09,219.18560791015625,-6.55867862701416,0
154.1,219.1147003173828,-6.564189910888672,0
154.11,219.04518127441406,-6.568197250366211,0
154.12,218.97705078125,-6.570730209350586,0
154.13,218.91029357910156,-6.571819305419922,0
154.14,218.8448944091797,-6.571493148803711,0
154.15,218.78082275390625,-6.569781303405762,0
154.16,218.70932006835938,-6.575782775878906,0
154.17,218.63743591308594,-6.582115650177002,0
154.18,218.56695556640625,-6.586923599243164,0
154.19,218.4978790283203,-6.590237140655518,0
154.2,218.43019104003906,-6.592086315155029,0
154.21,218.36387634277344,-6.592500686645508,0
154.22,218.29891967773438,-6.591509819030762,0
154.23,218.23529052734375,-6.589142322540283,0
154.24,218.1694793701172,-6.589066028594971,0
154.25,218.10328674316406,-6.589387893676758,0
154.26,218.0454864501953,-6.581027507781982,0
154.27,217.98190307617188,-6.578723430633545,0
154.28,217.91964721679688,-6.575072288513184,0
154.29,217.85870361328125,-6.570102691650391,0
154.3,217.79905700683594,-6.563842296600342,0
154.31,217.74420166015625,-6.552679061889648,0
154.32,217.6905975341797,-6.540355682373047,0
154.33,217.6399383544922,-6.5251078605651855,0
154.34,217.59046936035156,-6.508789539337158,0
154.35,217.54042053222656,-6.493217468261719,0
154.36,217.49330139160156,-6.474797248840332,0
154.37,217.44558715820312,-6.457173824310303,0
154.38,217.38845825195312,-6.449461936950684,0
154.39,217.33079528808594,-6.442389011383057,0
154.4,217.27438354492188,-6.434095859527588,0
154.41,217.21920776367188,-6.4246087074279785,0
154.42,217.16526794433594,-6.413954734802246,0
154.43,217.11253356933594,-6.402160167694092,0
154.44,217.05221557617188,-6.398321151733398,0
154.45,216.99317932128906,-6.393204689025879,0
154.46,216.93539428710938,-6.386837959289551,0
154.47,216.8788604736328,-6.379248142242432,0
154.48,216.81651306152344,-6.37774133682251,0
154.49,216.75546264648438,-6.374913692474365,0
154.5,216.69569396972656,-6.370792865753174,0
154.51,216.63893127441406,-6.363614559173584,0
154.52,216.5816650390625,-6.35702657699585,0
154.53,216.525634765625,-6.349226474761963,0
154.54,216.4708251953125,-6.340240478515625,0
154.55,216.41896057128906,-6.32830286026001,0
154.56,216.36654663085938,-6.317060947418213,0
154.57,216.3082733154297,-6.311990261077881,0
154.58,216.24598693847656,-6.311116695404053,0
154.59,216.18499755859375,-6.308923244476318,0
154.6,216.1234893798828,-6.307285308837891,0
154.61,216.06503295898438,-6.302496910095215,0
154.62,216.0060577392578,-6.298318386077881,0
154.63,215.9483184814453,-6.292891025543213,0
154.64,215.8900909423828,-6.288033962249756,0
154.65,215.83309936523438,-6.2819437980651855,0
154.66,215.77732849121094,-6.274647235870361,0
154.67,215.72450256347656,-6.264377593994141,0
154.68,215.671142578125,-6.254783630371094,0
154.69,215.62069702148438,-6.242268085479736,0
154.7,215.57139587402344,-6.228686332702637,0
154.71,215.52151489257812,-6.215855121612549,0
154.72,215.4727783203125,-6.201969623565674,0
154.73,215.4374542236328,-6.174343109130859,0
154.74,215.40313720703125,-6.145974159240723,0
154.75,215.3697967529297,-6.116883754730225,0
154.76,215.31982421875,-6.10529088973999,0
154.77,215.27099609375,-6.092641353607178,0
154.78,215.21099853515625,-6.091670989990234,0
154.79,215.15225219726562,-6.0894293785095215,0
154.8,215.08595275878906,-6.095014572143555,0
154.81,215.02096557617188,-6.099194049835205,0
154.82,214.957275390625,-6.101995468139648,0
154.83,214.88430786132812,-6.1143646240234375,0
154.84,214.81271362304688,-6.125185012817383,0
154.85,214.73895263671875,-6.138126373291016,0
154.86,214.65602111816406,-6.1604204177856445,0
154.87,214.57278442382812,-6.182799816131592,0
154.88,214.48052978515625,-6.214273452758789,0
154.89,214.38986206054688,-6.243785381317139,0
154.9,214.30601501464844,-6.265938758850098,0
154.91,214.22015380859375,-6.289950370788574,0
154.92,214.1358184814453,-6.312137126922607,0
154.93,214.052978515625,-6.332531929016113,0
154.94,213.97164916992188,-6.35116720199585,0
154.95,213.8917999267578,-6.368074893951416,0
154.96,213.81341552734375,-6.383286952972412,0
154.97,213.7364959716797,-6.396834850311279,0
154.98,213.6610107421875,-6.408749580383301,0
154.99,213.58522033691406,-6.420853614807129,0
155,213.5003204345703,-6.442268371582031,0
155.01,213.4169464111328,-6.461879730224609,0
155.02,213.3350830078125,-6.479720115661621,0
155.03,213.26527404785156,-6.4849019050598145,0
155.04,213.18629455566406,-6.499523162841797,0
155.05,213.1193389892578,-6.501547813415527,0
155.06,213.04318237304688,-6.513072967529297,0
155.07,212.96144104003906,-6.5302605628967285,0
155.08,212.88119506835938,-6.545711994171143,0
155.09,212.8024444580078,-6.559459686279297,0
155.1,212.7251739501953,-6.571535587310791,0
155.11,212.6493682861328,-6.581971645355225,0
155.12,212.5714874267578,-6.594438552856445,0
155.13,212.4933624267578,-6.607044696807861,0
155.14,212.41140747070312,-6.623479843139648,0
155.15,212.32571411132812,-6.643605709075928,0
155.16,212.2292938232422,-6.674622535705566,0
155.17,212.13455200195312,-6.703589916229248,0
155.18,212.03443908691406,-6.737822532653809,0
155.19,211.93954467773438,-6.766286373138428,0
155.2,211.84632873535156,-6.792733669281006,0
155.21,211.75123596191406,-6.8208394050598145,0
155.22,211.6613311767578,-6.843284606933594,0
155.23,211.5730438232422,-6.863819599151611,0
155.24,211.4863739013672,-6.882479667663574,0
155.25,211.4012908935547,-6.899298667907715,0
155.26,211.31427001953125,-6.917950630187988,0
155.27,211.22706604003906,-6.936602592468262,0
155.28,211.1397247314453,-6.955194473266602,0
155.29,211.05047607421875,-6.975571155548096,0
155.3,210.95755004882812,-6.999539375305176,0
155.31,210.86630249023438,-7.021533489227295,0
155.32,210.77670288085938,-7.041589260101318,0
155.33,210.68873596191406,-7.059741973876953,0
155.34,210.60240173339844,-7.076026916503906,0
155.35,210.5159454345703,-7.092270374298096,0
155.36,210.42054748535156,-7.1175971031188965,0
155.37,210.32684326171875,-7.140896797180176,0
155.38,210.2331085205078,-7.163998126983643,0
155.39,210.13575744628906,-7.1905951499938965,0
155.4,210.04014587402344,-7.215124130249023,0
155.41,209.94976806640625,-7.233981609344482,0
155.42,209.86105346679688,-7.250919818878174,0
155.43,209.77577209472656,-7.264126777648926,0
155.44,209.69032287597656,-7.277371406555176,0
155.45,209.60650634765625,-7.288802623748779,0
155.46,209.5242919921875,-7.298455238342285,0
155.47,209.44015502929688,-7.310003280639648,0
155.48,209.3576202392578,-7.319765567779541,0
155.49,209.2749481201172,-7.329568862915039,0
155.5,209.19386291503906,-7.337618350982666,0
155.51,209.11085510253906,-7.347587585449219,0
155.52,209.02944946289062,-7.355795860290527,0
155.53,208.94961547851562,-7.362277030944824,0
155.54,208.87136840820312,-7.367064952850342,0
155.55,208.794677734375,-7.370193958282471,0
155.56,208.70550537109375,-7.386199474334717,0
155.57,208.6179962158203,-7.400311470031738,0
155.58,208.51455688476562,-7.430764675140381,0
155.59,208.41293334960938,-7.459019660949707,0
155.6,208.31312561035156,-7.485115051269531,0
155.61,208.22215270996094,-7.501810550689697,0
155.62,208.13287353515625,-7.516574859619141,0
155.63,208.04527282714844,-7.529443740844727,0
155.64,207.9523162841797,-7.547732830047607,0
155.65,207.861083984375,-7.5640482902526855,0
155.66,207.77154541015625,-7.578426837921143,0
155.67,207.68894958496094,-7.58547306060791,0
155.68,207.6027374267578,-7.5961995124816895,0
155.69,207.50941467285156,-7.614167213439941,0
155.7,207.414306640625,-7.633793354034424,0
155.71,207.3191680908203,-7.653247356414795,0
155.72,207.2257843017578,-7.670680999755859,0
155.73,207.13414001464844,-7.686132431030273,0
155.74,207.0442352294922,-7.699638366699219,0
155.75,206.9595489501953,-7.707596302032471,0
155.76,206.8730010986328,-7.717397689819336,0
155.77,206.77935791015625,-7.734434127807617,0
155.78,206.68572998046875,-7.751274585723877,0
155.79,206.59738159179688,-7.762487888336182,0
155.8,206.50721740722656,-7.775466442108154,0
155.81,206.41525268554688,-7.790171146392822,0
155.82,206.3250274658203,-7.802924156188965,0
155.83,206.2365264892578,-7.813762187957764,0
155.84,206.14442443847656,-7.82820987701416,0
155.85,206.0593719482422,-7.8352155685424805,0
155.86,205.97068786621094,-7.845904350280762,0
155.87,205.88902282714844,-7.849224090576172,0
155.88,205.80369567871094,-7.856299877166748,0
155.89,205.72003173828125,-7.861566066741943,0
155.9,205.63804626464844,-7.865058422088623,0
155.91,205.54542541503906,-7.879523277282715,0
155.92,205.46682739257812,-7.879311561584473,0
155.93,205.3775634765625,-7.8901448249816895,0
155.94,205.29002380371094,-7.899084091186523,0
155.95,205.2041778564453,-7.906166076660156,0
155.96,205.11651611328125,-7.915067195892334,0
155.97,205.0253143310547,-7.927539825439453,0
155.98,204.93234252929688,-7.941717147827148,0
155.99,204.8394012451172,-7.955712795257568,0
156,204.7482147216797,-7.96773624420166,0
156.01,204.65878295898438,-7.977824687957764,0
156.02,204.5710906982422,-7.986015796661377,0
156.03,204.485107421875,-7.99234676361084,0
156.04,204.40081787109375,-7.996854305267334,0
156.05,204.31643676757812,-8.001421928405762,0
156.06,204.2355194091797,-8.002352714538574,0
156.07,204.15274047851562,-8.005208969116211,0
156.08,204.0786590576172,-7.999031066894531,0
156.09,204.00967407226562,-7.987644672393799,0
156.1,203.93869018554688,-7.978438377380371,0
156.11,203.86221313476562,-7.975009441375732,0
156.12,203.78733825683594,-7.9699602127075195,0
156.13,203.7123260498047,-7.965117454528809,0
156.14,203.63888549804688,-7.958686351776123,0
156.15,203.55645751953125,-7.961618423461914,0
156.16,203.4616241455078,-7.977361679077148,0
156.17,203.3685760498047,-7.991092205047607,0
156.18,203.2772979736328,-8.002847671508789,0
156.19,203.18777465820312,-8.012666702270508,0
156.2,203.10702514648438,-8.013307571411133,0
156.21,203.0402069091797,-7.999526023864746,0
156.22,202.9626007080078,-7.997042179107666,0
156.23,202.88661193847656,-7.992914199829102,0
156.24,202.81222534179688,-7.987176895141602,0
156.25,202.7394256591797,-7.979864597320557,0
156.26,202.66818237304688,-7.971010684967041,0
156.27,202.59144592285156,-7.967928409576416,0
156.28,202.50933837890625,-7.970444202423096,0
156.29,202.41831970214844,-7.982138156890869,0
156.3,202.32733154296875,-7.993692874908447,0
156.31,202.23629760742188,-8.00516414642334,0
156.32,202.136474609375,-8.025623321533203,0
156.33,202.03848266601562,-8.043962478637695,0
156.34,201.9476318359375,-8.054734230041504,0
156.35,201.85853576660156,-8.063578605651855,0
156.36,201.7676544189453,-8.074172019958496,0
156.37,201.6785430908203,-8.08283805847168,0
156.38,201.59117126464844,-8.089613914489746,0
156.39,201.50550842285156,-8.094536781311035,0
156.4,201.4215545654297,-8.09764289855957,0
156.41,201.33929443359375,-8.098969459533691,0
156.42,201.2569122314453,-8.1003999710083,0
156.43,201.17446899414062,-8.101876258850098,0
156.44,201.0937042236328,-8.101605415344238,0
156.45,201.01461791992188,-8.099623680114746,0
156.46,200.9301300048828,-8.10324478149414,0
156.47,200.8297882080078,-8.12321662902832,0
156.48,200.7295684814453,-8.142849922180176,0
156.49,200.6312255859375,-8.160355567932129,0
156.5,200.5364532470703,-8.173981666564941,0
156.51,200.4434814453125,-8.185596466064453,0
156.52,200.352294921875,-8.19523811340332,0
156.53,200.2628936767578,-8.202945709228516,0
156.54,200.1752471923828,-8.208757400512695,0
156.55,200.0858154296875,-8.216349601745605,0
156.56,199.99462890625,-8.225685119628906,0
156.57,199.88946533203125,-8.249381065368652,0
156.58,199.78445434570312,-8.272689819335938,0
156.59,199.6813507080078,-8.293768882751465,0
156.6,199.58016967773438,-8.312658309936523,0
156.61,199.4668426513672,-8.343902587890625,0
156.62,199.35374450683594,-8.37458610534668,0
156.63,199.23915100097656,-8.406506538391113,0
156.64,199.13011169433594,-8.432352066040039,0
156.65,199.02305603027344,-8.455881118774414,0
156.66,198.91973876953125,-8.475289344787598,0
156.67,198.80958557128906,-8.501574516296387,0
156.68,198.701416015625,-8.525519371032715,0
156.69,198.59524536132812,-8.547167778015137,0
156.7,198.49276733398438,-8.564769744873047,0
156.71,198.40097045898438,-8.571125030517578,0
156.72,198.31100463867188,-8.575533866882324,0
156.73,198.22283935546875,-8.578035354614258,0
156.74,198.12767028808594,-8.587738990783691,0
156.75,198.03436279296875,-8.595423698425293,0
156.76,197.94290161132812,-8.601129531860352,0
156.77,197.84620666503906,-8.612174987792969,0
156.78,197.75669860839844,-8.615681648254395,0
156.79,197.66368103027344,-8.622777938842773,0
156.8,197.56373596191406,-8.63697338104248,0
156.81,197.4656982421875,-8.6490478515625,0
156.82,197.3695526123047,-8.659042358398438,0
156.83,197.2752685546875,-8.666996955871582,0
156.84,197.18284606933594,-8.672951698303223,0
156.85,197.09225463867188,-8.676946640014648,0
156.86,197.00173950195312,-8.68081283569336,0
156.87,196.91127014160156,-8.684608459472656,0
156.88,196.8138427734375,-8.695556640625,0
156.89,196.71829223632812,-8.704437255859375,0
156.9,196.62461853027344,-8.711291313171387,0
156.91,196.53280639648438,-8.716158866882324,0
156.92,196.4463348388672,-8.71544075012207,0
156.93,196.35812377929688,-8.716529846191406,0
156.94,196.27171325683594,-8.715749740600586,0
156.95,196.18707275390625,-8.71313762664795,0
156.96,196.1042022705078,-8.708732604980469,0
156.97,196.0230712890625,-8.7025728225708,0
156.98,195.94366455078125,-8.694694519042969,0
156.99,195.85545349121094,-8.695999145507812,0
157,195.76904296875,-8.695433616638184,0
157.01,195.6844024658203,-8.693037033081055,0
157.02,195.59275817871094,-8.697917938232422,0
157.03,195.49942016601562,-8.704495429992676,0
157.04,195.40792846679688,-8.709094047546387,0
157.05,195.32177734375,-8.708112716674805,0
157.06,195.2286376953125,-8.714377403259277,0
157.07,195.13734436035156,-8.718667030334473,0
157.08,195.0496063232422,-8.719229698181152,0
157.09,194.9601593017578,-8.721571922302246,0
157.1,194.8725128173828,-8.722018241882324,0
157.11,194.78665161132812,-8.72060775756836,0
157.12,194.70257568359375,-8.717377662658691,0
157.13,194.61851501464844,-8.71415901184082,0
157.14,194.5362091064453,-8.709158897399902,0
157.15,194.44859313964844,-8.709694862365723,0
157.16,194.36277770996094,-8.708374977111816,0
157.17,194.2787322998047,-8.705236434936523,0
157.18,194.19644165039062,-8.7003173828125,0
157.19,194.1141357421875,-8.695446968078613,0
157.2,194.0335693359375,-8.688833236694336,0
157.21,193.95472717285156,-8.680514335632324,0
157.22,193.87232971191406,-8.675957679748535,0
157.23,193.79165649414062,-8.669655799865723,0
157.24,193.7091827392578,-8.665285110473633,0
157.25,193.62843322753906,-8.659168243408203,0
157.26,193.54588317871094,-8.654980659484863,0
157.27,193.4615478515625,-8.652684211730957,0
157.28,193.37896728515625,-8.648601531982422,0
157.29,193.29286193847656,-8.648200988769531,0
157.3,193.21377563476562,-8.640543937683105,0
157.31,193.13638305664062,-8.631213188171387,0
157.32,193.055419921875,-8.625675201416016,0
157.33,192.97616577148438,-8.618422508239746,0
157.34,192.89862060546875,-8.609492301940918,0
157.35,192.81398010253906,-8.607992172241211,0
157.36,192.72406005859375,-8.611977577209473,0
157.37,192.63241577148438,-8.617695808410645,0
157.38,192.5408477783203,-8.623262405395508,0
157.39,192.44586181640625,-8.632319450378418,0
157.4,192.3527374267578,-8.639361381530762,0
157.41,192.26669311523438,-8.638997077941895,0
157.42,192.1824188232422,-8.636809349060059,0
157.43,192.10162353515625,-8.631044387817383,0
157.44,192.02081298828125,-8.625360488891602,0
157.45,191.9364471435547,-8.623396873474121,0
157.46,191.85211181640625,-8.621437072753906,0
157.47,191.76600646972656,-8.621330261230469,0
157.48,191.68165588378906,-8.619399070739746,0
157.49,191.59906005859375,-8.615680694580078,0
157.5,191.5128936767578,-8.615700721740723,0
157.51,191.42848205566406,-8.61389446258545,0
157.52,191.3458251953125,-8.610300064086914,0
157.53,191.264892578125,-8.604954719543457,0
157.54,191.1856689453125,-8.597895622253418,0
157.55,191.10812377929688,-8.58915901184082,0
157.56,191.01126098632812,-8.600506782531738,0
157.57,190.91627502441406,-8.6097993850708,0
157.58,190.82313537597656,-8.617076873779297,0
157.59,190.73709106445312,-8.616947174072266,0
157.6,190.65281677246094,-8.614994049072266,0
157.61,190.56503295898438,-8.616687774658203,0
157.62,190.47903442382812,-8.616520881652832,0
157.63,190.39479064941406,-8.614531517028809,0
157.64,190.31228637695312,-8.610756874084473,0
157.65,190.2315216064453,-8.60523509979248,0
157.66,190.1313934326172,-8.619784355163574,0
157.67,190.03318786621094,-8.632208824157715,0
157.68,189.93515014648438,-8.644341468811035,0
157.69,189.83547973632812,-8.65803337097168,0
157.7,189.73068237304688,-8.676889419555664,0
157.71,189.6278533935547,-8.693521499633789,0
157.72,189.52696228027344,-8.70797061920166,0
157.73,189.427978515625,-8.7202787399292,0
157.74,189.33090209960938,-8.730486869812012,0
157.75,189.2427520751953,-8.731355667114258,0
157.76,189.15640258789062,-8.73035717010498,0
157.77,189.08059692382812,-8.718457221984863,0
157.78,189.00645446777344,-8.70495319366455,0
157.79,188.93397521972656,-8.689881324768066,0
157.8,188.85435485839844,-8.682348251342773,0
157.81,188.78521728515625,-8.664057731628418,0
157.82,188.71766662597656,-8.644306182861328,0
157.83,188.64292907714844,-8.632198333740234,0
157.84,188.56983947753906,-8.618509292602539,0
157.85,188.49838256835938,-8.60327434539795,0
157.86,188.4267578125,-8.58837604522705,0
157.87,188.35328674316406,-8.575547218322754,0
157.88,188.27792358398438,-8.564803123474121,0
157.89,188.211181640625,-8.545241355895996,0
157.9,188.14427185058594,-8.526061058044434,0
157.91,188.0736541748047,-8.51089859008789,0
157.92,188.0098876953125,-8.488811492919922,0
157.93,187.94764709472656,-8.465377807617188,0
157.94,187.87986755371094,-8.447909355163574,0
157.95,187.81019592285156,-8.432591438293457,0
157.96,187.7421112060547,-8.415800094604492,0
157.97,187.66854858398438,-8.4048490524292,0
157.98,187.59486389160156,-8.394133567810059,0
157.99,187.52099609375,-8.383706092834473,0
158,187.44874572753906,-8.371715545654297,0
158.01,187.3728485107422,-8.363628387451172,0
158.02,187.298583984375,-8.353934288024902,0
158.03,187.22593688964844,-8.342668533325195,0
158.04,187.1531524658203,-8.331657409667969,0
158.05,187.08197021484375,-8.319106101989746,0
158.06,187.0105743408203,-8.306897163391113,0
158.07,186.93551635742188,-8.298609733581543,0
158.08,186.85330200195312,-8.29780387878418,0
158.09,186.77105712890625,-8.29704761505127,0
158.1,186.68698120117188,-8.298188209533691,0
158.11,186.60289001464844,-8.299338340759277,0
158.12,186.5205078125,-8.2987060546875,0
158.13,186.4398193359375,-8.2963285446167,0
158.14,186.36080932617188,-8.292242050170898,0
158.15,186.2781524658203,-8.291970252990723,0
158.16,186.1937255859375,-8.293529510498047,0
158.17,186.11102294921875,-8.293299674987793,0
158.18,186.0264892578125,-8.294957160949707,0
158.19,185.9436798095703,-8.294822692871094,0
158.2,185.85379028320312,-8.30200481414795,0
158.21,185.76393127441406,-8.30907154083252,0
158.22,185.6758575439453,-8.31423282623291,0
158.23,185.5895233154297,-8.317526817321777,0
158.24,185.5049285888672,-8.318990707397461,0
158.25,185.42205810546875,-8.3186616897583,0
158.26,185.33909606933594,-8.3184232711792,0
158.27,185.25782775878906,-8.316427230834961,0
158.28,185.17652893066406,-8.314501762390137,0
158.29,185.09864807128906,-8.309062004089355,0
158.3,185.0224151611328,-8.301973342895508,0
158.31,184.9390411376953,-8.30234146118164,0
158.32,184.8521270751953,-8.306374549865723,0
158.33,184.76168823242188,-8.313995361328125,0
158.34,184.67828369140625,-8.3142671585083,0
158.35,184.5878143310547,-8.321842193603516,0
158.36,184.49913024902344,-8.327498435974121,0
158.37,184.4087371826172,-8.334857940673828,0
158.38,184.31483459472656,-8.34578800201416,0
158.39,184.2192840576172,-8.358309745788574,0
158.4,184.12554931640625,-8.368803024291992,0
158.41,184.03363037109375,-8.377307891845703,0
158.42,183.9435272216797,-8.38386344909668,0
158.43,183.8516845703125,-8.3921480178833,0
158.44,183.76515197753906,-8.394845008850098,0
158.45,183.68035888671875,-8.395707130432129,0
158.46,183.5937957763672,-8.398412704467773,0
158.47,183.50718688964844,-8.401130676269531,0
158.48,183.4223175048828,-8.402012825012207,0
158.49,183.3339385986328,-8.406527519226074,0
158.5,183.23683166503906,-8.420031547546387,0
158.51,183.13632202148438,-8.436905860900879,0
158.52,183.04295349121094,-8.446215629577637,0
158.53,182.951416015625,-8.453544616699219,0
158.54,182.858154296875,-8.46257209777832,0
158.55,182.7667236328125,-8.469620704650879,0
158.56,182.6770782470703,-8.474730491638184,0
158.57,182.5892333984375,-8.47793960571289,0
158.58,182.50315856933594,-8.479287147521973,0
158.59,182.4188232421875,-8.47881031036377,0
158.6,182.34677124023438,-8.46562671661377,0
158.61,182.26577758789062,-8.461838722229004,0
158.62,182.1864776611328,-8.456335067749023,0
158.63,182.10885620117188,-8.449151992797852,0
158.64,182.0311737060547,-8.442116737365723,0
158.65,181.95513916015625,-8.433436393737793,0
158.66,181.87722778320312,-8.426786422729492,0
158.67,181.8009796142578,-8.418486595153809,0
158.68,181.72637939453125,-8.408573150634766,0
158.69,181.6533966064453,-8.39708137512207,0
158.7,181.5872802734375,-8.37861442565918,0
158.71,181.52268981933594,-8.358750343322754,0
158.72,181.45962524414062,-8.33752155303955,0
158.73,181.39805603027344,-8.314960479736328,0
158.74,181.3379669189453,-8.291099548339844,0
158.75,181.2793426513672,-8.265970230102539,0
158.76,181.22216796875,-8.239603996276855,0
158.77,181.16641235351562,-8.212032318115234,0
158.78,181.11207580566406,-8.183284759521484,0
158.79,181.04690551757812,-8.166046142578125,0
158.8,180.9832305908203,-8.147430419921875,0
158.81,180.9192657470703,-8.129317283630371,0
158.82,180.84979248046875,-8.117074966430664,0
158.83,180.7713623046875,-8.114226341247559,0
158.84,180.694580078125,-8.109716415405273,0
158.85,180.6158905029297,-8.107218742370605,0
158.86,180.53884887695312,-8.103055000305176,0
158.87,180.4634246826172,-8.097259521484375,0
158.88,180.38958740234375,-8.089866638183594,0
158.89,180.3173370361328,-8.080910682678223,0
158.9,180.24314880371094,-8.074065208435059,0
158.91,180.174072265625,-8.062009811401367,0
158.92,180.10299682617188,-8.052132606506348,0
158.93,180.0194549560547,-8.055253982543945,0
158.94,179.93759155273438,-8.056604385375977,0
158.95,179.85214233398438,-8.061650276184082,0
158.96,179.7596435546875,-8.073955535888672,0
158.97,179.66891479492188,-8.084298133850098,0
158.98,179.5834503173828,-8.089076042175293,0
158.99,179.49969482421875,-8.092041969299316,0
159,179.4141082763672,-8.096871376037598,0
159.01,179.3284912109375,-8.101678848266602,0
159.02,179.24456787109375,-8.104671478271484,0
159.03,179.1676025390625,-8.100452423095703,0
159.04,179.10101318359375,-8.085533142089844,0
159.05,179.0359344482422,-8.069205284118652,0
159.06,178.97235107421875,-8.051502227783203,0
159.07,178.9102325439453,-8.032455444335938,0
159.08,178.8478546142578,-8.013888359069824,0
159.09,178.7869415283203,-7.9940032958984375,0
159.1,178.7274627685547,-7.972831726074219,0
159.11,178.6588592529297,-7.96132230758667,0
159.12,178.58651733398438,-7.953793048858643,0
159.13,178.50701904296875,-7.953747272491455,0
159.14,178.4291534423828,-7.952016830444336,0
159.15,178.34413146972656,-7.957708358764648,0
159.16,178.26080322265625,-7.961596965789795,0
159.17,178.17913818359375,-7.963718891143799,0
159.18,178.0973358154297,-7.9659576416015625,0
159.19,178.01718139648438,-7.966462135314941,0
159.2,177.9386749267578,-7.965268135070801,0
159.21,177.8635711669922,-7.9605631828308105,0
159.22,177.78826904296875,-7.956115245819092,0
159.23,177.7145538330078,-7.950072288513184,0
159.24,177.6214141845703,-7.964193820953369,0
159.25,177.53004455566406,-7.976338863372803,0
159.26,177.4404296875,-7.986545085906982,0
159.27,177.3525390625,-7.994850158691406,0
159.28,177.266357421875,-8.001290321350098,0
159.29,177.181884765625,-8.005903244018555,0
159.3,177.09909057617188,-8.0087251663208,0
159.31,177.01795959472656,-8.00979232788086,0
159.32,176.93849182128906,-8.009140014648438,0
159.33,176.86065673828125,-8.006803512573242,0
159.34,176.7809295654297,-8.006458282470703,0
159.35,176.7010955810547,-8.00621509552002,0
159.36,176.62290954589844,-8.004280090332031,0
159.37,176.54632568359375,-8.000688552856445,0
159.38,176.4713592529297,-7.9954752922058105,0
159.39,176.39797973632812,-7.988674163818359,0
159.4,176.32266235351562,-7.983959197998047,0
159.41,176.24368286132812,-7.983080863952637,0
159.42,176.16632080078125,-7.980528831481934,0
159.43,176.09580993652344,-7.970906734466553,0
159.44,176.02684020996094,-7.959792137145996,0
159.45,175.95413208007812,-7.95265007019043,0
159.46,175.88299560546875,-7.943968772888184,0
159.47,175.81167602539062,-7.935573577880859,0
159.48,175.74713134765625,-7.9202375411987305,0
159.49,175.67881774902344,-7.908967971801758,0
159.5,175.6172637939453,-7.890822410583496,0
159.51,175.55191040039062,-7.87680721282959,0
159.52,175.48451232910156,-7.865049839019775,0
159.53,175.41860961914062,-7.851866722106934,0
159.54,175.35769653320312,-7.8336501121521,0
159.55,175.29820251464844,-7.814146518707275,0
159.56,175.23838806152344,-7.795178413391113,0
159.57,175.17999267578125,-7.774946689605713,0
159.58,175.1230010986328,-7.753481864929199,0
159.59,175.0673828125,-7.730813980102539,0
159.6,175.01312255859375,-7.706972122192383,0
159.61,174.960205078125,-7.681985378265381,0
159.62,174.9086151123047,-7.655882835388184,0
159.63,174.85655212402344,-7.630539894104004,0
159.64,174.80580139160156,-7.604099273681641,0
159.65,174.74765014648438,-7.585603713989258,0
159.66,174.68907165527344,-7.567728042602539,0
159.67,174.63365173339844,-7.54676628112793,0
159.68,174.57778930664062,-7.526483058929443,0
159.69,174.52325439453125,-7.5050201416015625,0
159.7,174.4683380126953,-7.484197616577148,0
159.71,174.40769958496094,-7.469494819641113,0
159.72,174.34498596191406,-7.457093715667725,0
159.73,174.28369140625,-7.443366527557373,0
159.74,174.22378540039062,-7.428343296051025,0
159.75,174.16525268554688,-7.41205358505249,0
159.76,174.10806274414062,-7.394526958465576,0
159.77,174.05223083496094,-7.375792026519775,0
159.78,173.99771118164062,-7.355877876281738,0
159.79,173.9445037841797,-7.334812641143799,0
159.8,173.90130615234375,-7.303609371185303,0
159.81,173.85931396484375,-7.27149772644043,0
159.82,173.81849670410156,-7.2385029792785645,0
159.83,173.77011108398438,-7.213665008544922,0
159.84,173.7194366455078,-7.191446304321289,0
159.85,173.67002868652344,-7.168159008026123,0
159.86,173.61660766601562,-7.149260997772217,0
159.87,173.5609588623047,-7.132874488830566,0
159.88,173.506591796875,-7.115312099456787,0
159.89,173.44654846191406,-7.103824615478516,0
159.9,173.3861083984375,-7.092858791351318,0
159.91,173.32350158691406,-7.084253787994385,0
159.92,173.26576232910156,-7.070684909820557,0
159.93,173.2093505859375,-7.0558953285217285,0
159.94,173.15423583984375,-7.039913654327393,0
159.95,173.10040283203125,-7.022767066955566,0
159.96,173.0478515625,-7.004483699798584,0
159.97,172.99130249023438,-6.990521430969238,0
159.98,172.93075561523438,-6.980851173400879,0
159.99,172.8715362548828,-6.969899654388428,0
160,172.81362915039062,-6.957695484161377,0
160.01,172.7570343017578,-6.9442667961120605,0
160.02,172.70172119140625,-6.9296417236328125,0
160.03,172.64768981933594,-6.913847923278809,0
160.04,172.6002197265625,-6.891425132751465,0
160.05,172.54864501953125,-6.873488426208496,0
160.06,172.498291015625,-6.854462146759033,0
160.07,172.4421844482422,-6.841596603393555,0
160.08,172.3856201171875,-6.829336166381836,0
160.09,172.330322265625,-6.815879821777344,0
160.1,172.2762908935547,-6.801254749298096,0
160.11,172.22174072265625,-6.7873358726501465,0
160.12,172.16844177246094,-6.772264003753662,0
160.13,172.10939025878906,-6.763288974761963,0
160.14,172.05165100097656,-6.7530646324157715,0
160.15,171.99517822265625,-6.741618633270264,0
160.16,171.92596435546875,-6.743480682373047,0
160.17,171.84765625,-6.754737854003906,0
160.18,171.7708282470703,-6.764333248138428,0
160.19,171.6954803466797,-6.772298336029053,0
160.2,171.62161254882812,-6.778665542602539,0
160.21,171.5491943359375,-6.78346586227417,0
160.22,171.47647094726562,-6.788522243499756,0
160.23,171.4033966064453,-6.79388427734375,0
160.24,171.331787109375,-6.797697067260742,0
160.25,171.2615966796875,-6.799991130828857,0
160.26,171.1928253173828,-6.800797462463379,0
160.27,171.1254425048828,-6.800146102905273,0
160.28,171.0594482421875,-6.798067092895508,0
160.29,170.9895782470703,-6.800021648406982,0
160.3,170.92112731933594,-6.800495147705078,0
160.31,170.84535217285156,-6.80853271484375,0
160.32,170.76927185058594,-6.816810607910156,0
160.33,170.6964569091797,-6.821627140045166,0
160.34,170.623291015625,-6.826746940612793,0
160.35,170.54637145996094,-6.835690498352051,0
160.36,170.4691619873047,-6.844850063323975,0
160.37,170.39344787597656,-6.8523712158203125,0
160.38,170.31919860839844,-6.858286380767822,0
160.39,170.2464141845703,-6.862627029418945,0
160.4,170.17335510253906,-6.86721658706665,0
160.41,170.09298706054688,-6.879327297210693,0
160.42,170.01068115234375,-6.893316745758057,0
160.43,169.92991638183594,-6.9055585861206055,0
160.44,169.84889221191406,-6.917933940887451,0
160.45,169.7694091796875,-6.928589820861816,0
160.46,169.68971252441406,-6.9393510818481445,0
160.47,169.61154174804688,-6.948421478271484,0
160.48,169.53662109375,-6.954041004180908,0
160.49,169.46319580078125,-6.958072185516357,0
160.5,169.39122009277344,-6.960546493530273,0
160.51,169.32069396972656,-6.9614949226379395,0
160.52,169.25161743164062,-6.960948944091797,0
160.53,169.18919372558594,-6.953507423400879,0
160.54,169.1281280517578,-6.94474458694458,0
160.55,169.0684051513672,-6.934689998626709,0
160.56,169.00999450683594,-6.9233717918396,0
160.57,168.94943237304688,-6.914402008056641,0
160.58,168.89019775390625,-6.90415096282959,0
160.59,168.832275390625,-6.892646789550781,0
160.6,168.77565002441406,-6.879917621612549,0
160.61,168.72030639648438,-6.865991115570068,0
160.62,168.6627197265625,-6.854534149169922,0
160.63,168.60464477539062,-6.843707084655762,0
160.64,168.54965209960938,-6.829804420471191,0
160.65,168.48887634277344,-6.822018146514893,0
160.66,168.42071533203125,-6.82196044921875,0
160.67,168.35043334960938,-6.824098110198975,0
160.68,168.2815704345703,-6.824746131896973,0
160.69,168.21409606933594,-6.823934555053711,0
160.7,168.14456176757812,-6.825276851654053,0
160.71,168.07643127441406,-6.825145244598389,0
160.72,168.00445556640625,-6.829001426696777,0
160.73,167.9268798828125,-6.838611125946045,0
160.74,167.85079956054688,-6.846574306488037,0
160.75,167.77273559570312,-6.85650634765625,0
160.76,167.69618225097656,-6.864782333374023,0
160.77,167.62110900878906,-6.871434211730957,0
160.78,167.55801391601562,-6.865632057189941,0
160.79,167.4962615966797,-6.858494281768799,0
160.8,167.4358367919922,-6.850049018859863,0
160.81,167.36099243164062,-6.856618881225586,0
160.82,167.30508422851562,-6.843514919281006,0
160.83,167.25045776367188,-6.829229354858398,0
160.84,167.19708251953125,-6.813788890838623,0
160.85,167.1432342529297,-6.799013614654541,0
160.86,167.08709716796875,-6.786739826202393,0
160.87,167.02000427246094,-6.785932540893555,0
160.88,166.9542999267578,-6.7837042808532715,0
160.89,166.88995361328125,-6.780083656311035,0
160.9,166.8374786376953,-6.764238357543945,0
160.91,166.77572631835938,-6.7581467628479,0
160.92,166.71530151367188,-6.7507476806640625,0
160.93,166.65618896484375,-6.742069721221924,0
160.94,166.59837341308594,-6.732141017913818,0
160.95,166.5418243408203,-6.720989227294922,0
160.96,166.46728515625,-6.728574752807617,0
160.97,166.397705078125,-6.730939865112305,0
160.98,166.32601928710938,-6.735469818115234,0
160.99,166.2522430419922,-6.742119312286377,0
161,166.17990112304688,-6.747203350067139,0
161.01,166.10899353027344,-6.750753879547119,0
161.02,166.0395050048828,-6.752800941467285,0
161.03,165.97142028808594,-6.753375053405762,0
161.04,165.90472412109375,-6.752506256103516,0
161.05,165.8236541748047,-6.766518592834473,0
161.06,165.74237060546875,-6.7806010246276855,0
161.07,165.66261291503906,-6.792957782745361,0
161.08,165.58438110351562,-6.803622245788574,0
161.09,165.5076446533203,-6.812626361846924,0
161.1,165.43238830566406,-6.820002555847168,0
161.11,165.3585968017578,-6.825782299041748,0
161.12,165.2845458984375,-6.831789493560791,0
161.13,165.20144653320312,-6.84708833694458,0
161.14,165.1181640625,-6.862415313720703,0
161.15,165.03643798828125,-6.875974178314209,0
161.16,164.9544677734375,-6.889646053314209,0
161.17,164.87057495117188,-6.905160903930664,0
161.18,164.7882537841797,-6.9188947677612305,0
161.19,164.70748901367188,-6.930881500244141,0
161.2,164.6282501220703,-6.9411540031433105,0
161.21,164.550537109375,-6.949745178222656,0
161.22,164.46556091308594,-6.965758800506592,0
161.23,164.3787078857422,-6.983551979064941,0
161.24,164.29345703125,-6.999500751495361,0
161.25,164.2097930908203,-7.013639450073242,0
161.26,164.1311798095703,-7.022419452667236,0
161.27,164.04185485839844,-7.0421857833862305,0
161.28,163.95416259765625,-7.060055255889893,0
161.29,163.87161254882812,-7.072422981262207,0
161.3,163.7923583984375,-7.081246852874756,0
161.31,163.7146453857422,-7.0883893966674805,0
161.32,163.63845825195312,-7.093883514404297,0
161.33,163.5637664794922,-7.097762107849121,0
161.34,163.49057006835938,-7.1000566482543945,0
161.35,163.4171142578125,-7.1025919914245605,0
161.36,163.3451385498047,-7.103569984436035,0
161.37,163.27285766601562,-7.104870319366455,0
161.38,163.20204162597656,-7.104638576507568,0
161.39,163.13267517089844,-7.102906227111816,0
161.4,163.0647430419922,-7.099704265594482,0
161.41,163.00347900390625,-7.089632034301758,0
161.42,162.94357299804688,-7.078263759613037,0
161.43,162.88499450683594,-7.065628528594971,0
161.44,162.82774353027344,-7.051754474639893,0
161.45,162.7718048095703,-7.036670684814453,0
161.46,162.71714782714844,-7.02040433883667,0
161.47,162.64456176757812,-7.022861003875732,0
161.48,162.5734405517578,-7.023778915405273,0
161.49,162.50376892089844,-7.023189544677734,0
161.5,162.4215087890625,-7.03562593460083,0
161.51,162.3355712890625,-7.051748275756836,0
161.52,162.25123596191406,-7.066046237945557,0
161.53,162.1632843017578,-7.083929061889648,0
161.54,162.08740234375,-7.089137554168701,0
161.55,162.00257873535156,-7.103543758392334,0
161.56,161.91937255859375,-7.116149425506592,0
161.57,161.8377227783203,-7.126989364624023,0
161.58,161.76809692382812,-7.1252899169921875,0
161.59,161.70343017578125,-7.118475914001465,0
161.6,161.64015197753906,-7.110292911529541,0
161.61,161.57473754882812,-7.104410171508789,0
161.62,161.5142364501953,-7.093502998352051,0
161.63,161.45155334472656,-7.08495569229126,0
161.64,161.39024353027344,-7.075082302093506,0
161.65,161.31805419921875,-7.076565265655518,0
161.66,161.24559020996094,-7.078310489654541,0
161.67,161.1746063232422,-7.078519821166992,0
161.68,161.10507202148438,-7.0772247314453125,0
161.69,161.03697204589844,-7.074456691741943,0
161.7,160.97203063964844,-7.068454265594482,0
161.71,160.90847778320312,-7.061076641082764,0
161.72,160.84629821777344,-7.052353858947754,0
161.73,160.7854766845703,-7.042315483093262,0
161.74,160.7259979248047,-7.0309906005859375,0
161.75,160.6678466796875,-7.018407344818115,0
161.76,160.6110076904297,-7.004594326019287,0
161.77,160.55374145507812,-6.9913716316223145,0
161.78,160.49252319335938,-6.982369899749756,0
161.79,160.41868591308594,-6.986518859863281,0
161.8,160.3445281982422,-6.990950107574463,0
161.81,160.26832580566406,-6.997448444366455,0
161.82,160.19363403320312,-7.002330780029297,0
161.83,160.12042236328125,-7.005629062652588,0
161.84,160.04867553710938,-7.007375240325928,0
161.85,159.9783935546875,-7.007600784301758,0
161.86,159.90255737304688,-7.013559818267822,0
161.87,159.8212432861328,-7.0251336097717285,0
161.88,159.74147033691406,-7.034981727600098,0
161.89,159.66151428222656,-7.044929504394531,0
161.9,159.5830841064453,-7.053180694580078,0
161.91,159.50619506835938,-7.0597686767578125,0
161.92,159.423828125,-7.071948051452637,0
161.93,159.32901000976562,-7.096881866455078,0
161.94,159.2358856201172,-7.119801044464111,0
161.95,159.1304931640625,-7.155188083648682,0
161.96,159.03561401367188,-7.179319381713867,0
161.97,158.93373107910156,-7.210449695587158,0
161.98,158.83363342285156,-7.239414691925049,0
161.99,158.7353057861328,-7.266252517700195,0
162,158.6387176513672,-7.291000843048096,0
162.01,158.5438690185547,-7.313697338104248,0
162.02,158.45074462890625,-7.334379196166992,0
162.03,158.35931396484375,-7.35308313369751,0
162.04,158.26785278320312,-7.371637344360352,0
162.05,158.17630004882812,-7.390097141265869,0
162.06,158.07772827148438,-7.415627956390381,0
162.07,157.9809112548828,-7.4390645027160645,0
162.08,157.8858642578125,-7.460444450378418,0
162.09,157.78903198242188,-7.483445644378662,0
162.1,157.68870544433594,-7.509820938110352,0
162.11,157.58145141601562,-7.543078899383545,0
162.12,157.47608947753906,-7.574057579040527,0
162.13,157.37083435058594,-7.604588985443115,0
162.14,157.26744079589844,-7.632883548736572,0
162.15,157.1658935546875,-7.6589813232421875,0
162.16,157.06439208984375,-7.6847686767578125,0
162.17,156.96470642089844,-7.708399772644043,0
162.18,156.8686065673828,-7.7280659675598145,0
162.19,156.7725067138672,-7.747539043426514,0
162.2,156.67819213867188,-7.764971733093262,0
162.21,156.58389282226562,-7.782193660736084,0
162.22,156.49136352539062,-7.7974138259887695,0
162.23,156.40231323242188,-7.808878421783447,0
162.24,156.31497192382812,-7.818453311920166,0
162.25,156.2293243408203,-7.826175212860107,0
162.26,156.13311767578125,-7.844735145568848,0
162.27,156.03871154785156,-7.861252307891846,0
162.28,155.94607543945312,-7.875765323638916,0
162.29,155.85519409179688,-7.888312816619873,0
162.3,155.7660369873047,-7.898931503295898,0
162.31,155.68385314941406,-7.902227401733398,0
162.32,155.60159301757812,-7.905572891235352,0
162.33,155.52099609375,-7.907174587249756,0
162.34,155.44203186035156,-7.907067775726318,0
162.35,155.36468505859375,-7.905287742614746,0
162.36,155.29066467285156,-7.9000773429870605,0
162.37,155.21649169921875,-7.895091533660889,0
162.38,155.1438751220703,-7.888535022735596,0
162.39,155.07281494140625,-7.880440711975098,0
162.4,154.9962921142578,-7.878065586090088,0
162.41,154.91786193847656,-7.877708911895752,0
162.42,154.84103393554688,-7.875690460205078,0
162.43,154.76234436035156,-7.875627517700195,0
162.44,154.68527221679688,-7.873897075653076,0
162.45,154.6097869873047,-7.8705339431762695,0
162.46,154.53236389160156,-7.869211673736572,0
162.47,154.45480346679688,-7.868041038513184,0
162.48,154.37884521484375,-7.865227222442627,0
162.49,154.30445861816406,-7.860804080963135,0
162.5,154.2316436767578,-7.8548054695129395,0
162.51,154.15859985351562,-7.849112510681152,0
162.52,154.08364868164062,-7.845456600189209,0
162.53,154.00674438476562,-7.843852996826172,0
162.54,153.92796325683594,-7.844203472137451,0
162.55,153.84901428222656,-7.844732284545898,0
162.56,153.77166748046875,-7.843587875366211,0
162.57,153.6924591064453,-7.844388484954834,0
162.58,153.6183319091797,-7.839926719665527,0
162.59,153.54229736328125,-7.8374786376953125,0
162.6,153.4573516845703,-7.844282627105713,0
162.61,153.3688201904297,-7.8547163009643555,0
162.62,153.2802734375,-7.865062713623047,0
162.63,153.18646240234375,-7.880753993988037,0
162.64,153.08743286132812,-7.901677131652832,0
162.65,152.98849487304688,-7.9222893714904785,0
162.66,152.89137268066406,-7.940800189971924,0
162.67,152.7925567626953,-7.960888862609863,0
162.68,152.695556640625,-7.978879451751709,0
162.69,152.60037231445312,-7.994810581207275,0
162.7,152.510498046875,-8.005082130432129,0
162.71,152.42236328125,-8.013446807861328,0
162.72,152.33595275878906,-8.019941329956055,0
162.73,152.2477264404297,-8.028243064880371,0
162.74,152.1595001220703,-8.036465644836426,0
162.75,152.06947326660156,-8.046456336975098,0
162.76,151.981201171875,-8.054537773132324,0
162.77,151.8842010498047,-8.071553230285645,0
162.78,151.78378295898438,-8.091940879821777,0
162.79,151.6799774169922,-8.11562728881836,0
162.8,151.5780487060547,-8.13710880279541,0
162.81,151.47799682617188,-8.156425476074219,0
162.82,151.37982177734375,-8.17361831665039,0
162.83,151.2869415283203,-8.18514347076416,0
162.84,151.19937133789062,-8.191059112548828,0
162.85,151.11354064941406,-8.195116996765137,0
162.86,151.0294189453125,-8.197355270385742,0
162.87,150.94700622558594,-8.197811126708984,0
162.88,150.86978149414062,-8.192880630493164,0
162.89,150.79592895507812,-8.184523582458496,0
162.9,150.72193908691406,-8.17639446258545,0
162.91,150.64251708984375,-8.173978805541992,0
162.92,150.561279296875,-8.173463821411133,0
162.93,150.45896911621094,-8.194744110107422,0
162.94,150.35855102539062,-8.213851928710938,0
162.95,150.260009765625,-8.230827331542969,0
162.96,150.17208862304688,-8.236639976501465,0
162.97,150.08590698242188,-8.240588188171387,0
162.98,150.00144958496094,-8.242709159851074,0
162.99,149.92042541503906,-8.241249084472656,0
163,149.8428192138672,-8.236281394958496,0
163.01,149.7720947265625,-8.224238395690918,0
163.02,149.70294189453125,-8.210699081420898,0
163.03,149.6353302001953,-8.195697784423828,0
163.04,149.5692596435547,-8.179266929626465,0
163.05,149.50469970703125,-8.161438941955566,0
163.06,149.4346466064453,-8.149469375610352,0
163.07,149.3644256591797,-8.137809753417969,0
163.08,149.26605224609375,-8.155405044555664,0
163.09,149.1695098876953,-8.17091178894043,0
163.1,149.06781005859375,-8.1915922164917,0
163.11,148.96800231933594,-8.210113525390625,0
163.12,148.8700408935547,-8.226515769958496,0
163.13,148.77047729492188,-8.24442195892334,0
163.14,148.67098999023438,-8.262062072753906,0
163.15,148.57334899902344,-8.27759075164795,0
163.16,148.47756958007812,-8.291047096252441,0
163.17,148.38360595703125,-8.302471160888672,0
163.18,148.29147338867188,-8.311901092529297,0
163.19,148.2011260986328,-8.319376945495605,0
163.2,148.11256408691406,-8.324936866760254,0
163.21,148.0222930908203,-8.332201957702637,0
163.22,147.937255859375,-8.333969116210938,0
163.23,147.85047912597656,-8.337517738342285,0
163.24,147.76193237304688,-8.342865943908691,0
163.25,147.6734161376953,-8.348128318786621,0
163.26,147.5779571533203,-8.360528945922852,0
163.27,147.4825439453125,-8.372751235961914,0
163.28,147.38723754882812,-8.38474178314209,0
163.29,147.29376220703125,-8.394709587097168,0
163.3,147.1951141357422,-8.409916877746582,0
163.31,147.09832763671875,-8.423030853271484,0
163.32,147.00340270996094,-8.434091567993164,0
163.33,146.90679931640625,-8.446778297424316,0
163.34,146.80332946777344,-8.466429710388184,0
163.35,146.6930694580078,-8.492898941040039,0
163.36,146.58482360839844,-8.5170259475708,0
163.37,146.47854614257812,-8.538853645324707,0
163.38,146.37423706054688,-8.558424949645996,0
163.39,146.27188110351562,-8.57578182220459,0
163.4,146.17144775390625,-8.59096622467041,0
163.41,146.0729217529297,-8.604019165039062,0
163.42,145.97103881835938,-8.620412826538086,0
163.43,145.86935424804688,-8.636435508728027,0
163.44,145.76959228515625,-8.650300025939941,0
163.45,145.67173767089844,-8.66204833984375,0
163.46,145.57403564453125,-8.673511505126953,0
163.47,145.47471618652344,-8.686541557312012,0
163.48,145.37728881835938,-8.697463989257812,0
163.49,145.2852783203125,-8.702680587768555,0
163.5,145.19509887695312,-8.70594596862793,0
163.51,145.10845947265625,-8.7055082321167,0
163.52,145.0236053466797,-8.703234672546387,0
163.53,144.9405059814453,-8.699163436889648,0
163.54,144.857421875,-8.695123672485352,0
163.55,144.7742919921875,-8.69117259979248,0
163.56,144.69290161132812,-8.685460090637207,0
163.57,144.5975341796875,-8.694262504577637,0
163.58,144.50404357910156,-8.701042175292969,0
163.59,144.4123992919922,-8.705839157104492,0
163.6,144.3225860595703,-8.708693504333496,0
163.61,144.23284912109375,-8.711435317993164,0
163.62,144.14492797851562,-8.712274551391602,0
163.63,144.06051635742188,-8.70945930480957,0
163.64,143.97959899902344,-8.70306396484375,0
163.65,143.90040588378906,-8.694954872131348,0
163.66,143.8229217529297,-8.685169219970703,0
163.67,143.74012756347656,-8.680967330932617,0
163.68,143.65036010742188,-8.684026718139648,0
163.69,143.56240844726562,-8.685182571411133,0
163.7,143.4762420654297,-8.68447494506836,0
163.71,143.3883819580078,-8.685524940490723,0
163.72,143.30230712890625,-8.684713363647461,0
163.73,143.209228515625,-8.691147804260254,0
163.74,143.1179962158203,-8.695609092712402,0
163.75,143.0233917236328,-8.703511238098145,0
163.76,142.9306640625,-8.709406852722168,0
163.77,142.8397674560547,-8.713335990905762,0
163.78,142.75070190429688,-8.715338706970215,0
163.79,142.66343688964844,-8.715453147888184,0
163.8,142.59364318847656,-8.697481155395508,0
163.81,142.5254669189453,-8.678033828735352,0
163.82,142.45887756347656,-8.657146453857422,0
163.83,142.3903350830078,-8.6384916305542,0
163.84,142.32337951660156,-8.618388175964355,0
163.85,142.25799560546875,-8.596870422363281,0
163.86,142.18544006347656,-8.582985877990723,0
163.87,142.11105346679688,-8.571150779724121,0
163.88,142.03829956054688,-8.55774211883545,0
163.89,141.96717834472656,-8.542794227600098,0
163.9,141.89764404296875,-8.526342391967773,0
163.91,141.82618713378906,-8.512060165405273,0
163.92,141.75633239746094,-8.496267318725586,0
163.93,141.6880645751953,-8.478997230529785,0
163.94,141.6039276123047,-8.478313446044922,0
163.95,141.51974487304688,-8.477694511413574,0
163.96,141.43556213378906,-8.477083206176758,0
163.97,141.3531036376953,-8.474688529968262,0
163.98,141.26889038085938,-8.474130630493164,0
163.99,141.1898651123047,-8.468204498291016,0
164,141.1090545654297,-8.464188575744629,0
164.01,141.0299530029297,-8.458460807800293,0
164.02,140.95599365234375,-8.44747543334961,0
164.03,140.87840270996094,-8.440356254577637,0
164.04,140.80075073242188,-8.433385848999023,0
164.05,140.72474670410156,-8.424771308898926,0
164.06,140.65211486816406,-8.412755966186523,0
164.07,140.58108520507812,-8.39920425415039,0
164.08,140.5116424560547,-8.384150505065918,0
164.09,140.44203186035156,-8.369420051574707,0
164.1,140.37399291992188,-8.353218078613281,0
164.11,140.30751037597656,-8.335577964782715,0
164.12,140.2425537109375,-8.316532135009766,0
164.13,140.1791229248047,-8.296113967895508,0
164.14,140.1171875,-8.2743558883667,0
164.15,140.05673217773438,-8.251290321350098,0
164.16,139.9994659423828,-8.225156784057617,0
164.17,139.9436492919922,-8.19781494140625,0
164.18,139.89620971679688,-8.162073135375977,0
164.19,139.84312438964844,-8.132556915283203,0
164.2,139.7896728515625,-8.103713989257812,0
164.21,139.7375946044922,-8.07374382019043,0
164.22,139.68515014648438,-8.044468879699707,0
164.23,139.6375274658203,-8.010504722595215,0
164.24,139.58775329589844,-7.979122161865234,0
164.25,139.539306640625,-7.946691989898682,0
164.26,139.49217224121094,-7.913241863250732,0
164.27,139.44281005859375,-7.882439613342285,0
164.28,139.39476013183594,-7.850597858428955,0
164.29,139.33230590820312,-7.833982467651367,0
164.3,139.27130126953125,-7.816047191619873,0
164.31,139.20999145507812,-7.798614501953125,0
164.32,139.1501007080078,-7.779886245727539,0
164.33,139.09161376953125,-7.75989294052124,0
164.34,139.02407836914062,-7.749471187591553,0
164.35,138.9510498046875,-7.744843006134033,0
164.36,138.8795623779297,-7.738668441772461,0
164.37,138.80960083007812,-7.730980396270752,0
164.38,138.7481231689453,-7.714588642120361,0
164.39,138.68807983398438,-7.696897506713867,0
164.4,138.6294403076172,-7.677937984466553,0
164.41,138.56520080566406,-7.6649627685546875,0
164.42,138.50759887695312,-7.645254135131836,0
164.43,138.44618225097656,-7.629703998565674,0
164.44,138.38438415527344,-7.61470365524292,0
164.45,138.31182861328125,-7.610994815826416,0
164.46,138.24078369140625,-7.605749130249023,0
164.47,138.17124938964844,-7.5989990234375,0
164.48,138.09796142578125,-7.596208095550537,0
164.49,138.0261993408203,-7.591865062713623,0
164.5,137.9542236328125,-7.587793827056885,0
164.51,137.87503051757812,-7.591212749481201,0
164.52,137.7921905517578,-7.598384380340576,0
164.53,137.71096801757812,-7.603798866271973,0
164.54,137.63136291503906,-7.607491493225098,0
164.55,137.54981994628906,-7.613135814666748,0
164.56,137.4647216796875,-7.622426509857178,0
164.57,137.38645935058594,-7.624536514282227,0
164.58,137.30105590820312,-7.634002208709717,0
164.59,137.21731567382812,-7.641656398773193,0
164.6,137.13522338867188,-7.647534370422363,0
164.61,137.05474853515625,-7.651671409606934,0
164.62,136.9758758544922,-7.654102325439453,0
164.63,136.89161682128906,-7.662084102630615,0
164.64,136.80555725097656,-7.671862602233887,0
164.65,136.7211456298828,-7.679815292358398,0
164.66,136.63839721679688,-7.685977458953857,0
164.67,136.5555419921875,-7.692176342010498,0
164.68,136.47433471679688,-7.69661808013916,0
164.69,136.39474487304688,-7.699337959289551,0
164.7,136.31497192382812,-7.702219009399414,0
164.71,136.23680114746094,-7.703408718109131,0
164.72,136.15847778320312,-7.704732894897461,0
164.73,136.0800323486328,-7.7061896324157715,0
164.74,136.00491333007812,-7.7041916847229,0
164.75,135.92787170410156,-7.704185962677002,0
164.76,135.8524169921875,-7.702547550201416,0
164.77,135.77500915527344,-7.7029500007629395,0
164.78,135.69744873046875,-7.7035040855407715,0
164.79,135.6162109375,-7.707845687866211,0
164.8,135.53660583496094,-7.710464954376221,0
164.81,135.44642639160156,-7.723995208740234,0
164.82,135.37013244628906,-7.723013401031494,0
164.83,135.2832489013672,-7.733013153076172,0
164.84,135.19802856445312,-7.741169452667236,0
164.85,135.10923767089844,-7.7529497146606445,0
164.86,135.0221405029297,-7.762845993041992,0
164.87,134.93148803710938,-7.776325702667236,0
164.88,134.84083557128906,-7.789673328399658,0
164.89,134.74842834472656,-7.804680347442627,0
164.9,134.65777587890625,-7.817726135253906,0
164.91,134.56884765625,-7.828848361968994,0
164.92,134.48509216308594,-7.834500312805176,0
164.93,134.4029998779297,-7.838376522064209,0
164.94,134.3225555419922,-7.840512275695801,0
164.95,134.2402801513672,-7.844526290893555,0
164.96,134.15963745117188,-7.846796035766602,0
164.97,134.08761596679688,-7.8401336669921875,0
164.98,134.0171356201172,-7.83194637298584,0
164.99,133.93069458007812,-7.840352535247803,0
165,133.845947265625,-7.846925258636475,0
165.01,133.75765991210938,-7.8570756912231445,0
165.02,133.6710968017578,-7.865353107452393,0
165.03,133.59140014648438,-7.866419315338135,0
165.04,133.51333618164062,-7.86579704284668,0
165.05,133.43687438964844,-7.863520622253418,0
165.06,133.35508728027344,-7.866790771484375,0
165.07,133.2731475830078,-7.870174884796143,0
165.08,133.19285583496094,-7.871821880340576,0
165.09,133.1107177734375,-7.8753509521484375,0
165.1,133.03024291992188,-7.877138614654541,0
165.11,132.9496612548828,-7.879012584686279,0
165.12,132.87071228027344,-7.879178047180176,0
165.13,132.79336547851562,-7.877670764923096,0
165.14,132.71762084960938,-7.8745245933532715,0
165.15,132.6451873779297,-7.867982387542725,0
165.16,132.5725860595703,-7.861698627471924,0
165.17,132.50152587890625,-7.853877544403076,0
165.18,132.4320068359375,-7.844552516937256,0
165.19,132.35003662109375,-7.848202228546143,0
165.2,132.26971435546875,-7.850114345550537,0
165.21,132.19100952148438,-7.850323677062988,0
165.22,132.11390686035156,-7.848865032196045,0
165.23,132.0384063720703,-7.845772743225098,0
165.24,131.9644775390625,-7.841081619262695,0
165.25,131.88864135742188,-7.838408470153809,0
165.26,131.81439208984375,-7.8341288566589355,0
165.27,131.74171447753906,-7.828276634216309,0
165.28,131.6705780029297,-7.82088565826416,0
165.29,131.60098266601562,-7.811988830566406,0
165.3,131.5328826904297,-7.801619052886963,0
165.31,131.46627807617188,-7.78980827331543,0
165.32,131.40115356445312,-7.7765889167785645,0
165.33,131.3305206298828,-7.7692155838012695,0
165.34,131.25961303710938,-7.7621941566467285,0
165.35,131.1902313232422,-7.753672122955322,0
165.36,131.1223602294922,-7.74368143081665,0
165.37,131.05596923828125,-7.732254505157471,0
165.38,130.99105834960938,-7.719423294067383,0
165.39,130.92413330078125,-7.708803176879883,0
165.4,130.85520935058594,-7.700350284576416,0
165.41,130.78253173828125,-7.695869445800781,0
165.42,130.7113800048828,-7.689849376678467,0
165.43,130.64175415039062,-7.682322978973389,0
165.44,130.57015991210938,-7.676906585693359,0
165.45,130.49484252929688,-7.675405502319336,0
165.46,130.42108154296875,-7.672308444976807,0
165.47,130.34535217285156,-7.67128849029541,0
165.48,130.26771545410156,-7.672247886657715,0
165.49,130.18646240234375,-7.676937103271484,0
165.5,130.10682678222656,-7.679903507232666,0
165.51,130.02700805664062,-7.683029651641846,0
165.52,129.94879150390625,-7.6844635009765625,0
165.53,129.87216186523438,-7.684239864349365,0
165.54,129.79710388183594,-7.682392120361328,0
165.55,129.72360229492188,-7.678954601287842,0
165.56,129.64991760253906,-7.67575216293335,0
165.57,129.57777404785156,-7.6709885597229,0
165.58,129.50714111328125,-7.664697170257568,0
165.59,129.43801879882812,-7.656910419464111,0
165.6,129.36692810058594,-7.651244163513184,0
165.61,129.29734802246094,-7.644073009490967,0
165.62,129.22401428222656,-7.640859603881836,0
165.63,129.15220642089844,-7.6360931396484375,0
165.64,129.0802001953125,-7.631597995758057,0
165.65,129.00970458984375,-7.625577926635742,0
165.66,128.9407196044922,-7.618065357208252,0
165.67,128.87319946289062,-7.6090922355651855,0
165.68,128.805419921875,-7.600481986999512,0
165.69,128.73912048339844,-7.590437412261963,0
165.7,128.67428588867188,-7.578990459442139,0
165.71,128.6108856201172,-7.566171646118164,0
165.72,128.5489044189453,-7.552011966705322,0
165.73,128.48834228515625,-7.5365424156188965,0
165.74,128.41867065429688,-7.5306549072265625,0
165.75,128.3383026123047,-7.535890102386475,0
165.76,128.259521484375,-7.539421081542969,0
165.77,128.1823272705078,-7.541281700134277,0
165.78,128.10670471191406,-7.541506290435791,0
165.79,128.0447998046875,-7.527531147003174,0
165.8,127.99999237060547,-7.496009349822998,0
165.81,127.94071960449219,-7.479782581329346,0
165.82,127.893310546875,-7.451440334320068,0
165.83,127.84715270996094,-7.422099590301514,0
165.84,127.80223083496094,-7.391787052154541,0
165.85,127.74282836914062,-7.376766204833984,0
165.86,127.6795425415039,-7.3659210205078125,0
165.87,127.61766052246094,-7.353736877441406,0
165.88,127.55196380615234,-7.345619201660156,0
165.89,127.4876937866211,-7.336111545562744,0
165.9,127.41087341308594,-7.3396897315979,0
165.91,127.3355941772461,-7.341639518737793,0
165.92,127.26183319091797,-7.341993808746338,0
165.93,127.18958282470703,-7.340785026550293,0
165.94,127.12055206298828,-7.3362531661987305,0
165.95,127.04951477050781,-7.333843231201172,0
165.96,126.9799575805664,-7.329928398132324,0
165.97,126.91187286376953,-7.324540615081787,0
165.98,126.84523010253906,-7.317711353302002,0
165.99,126.78348541259766,-7.305887699127197,0
166,126.72311401367188,-7.292757987976074,0
166.01,126.65193176269531,-7.290949821472168,0
166.02,126.5804443359375,-7.2894816398620605,0
166.03,126.50524139404297,-7.291874408721924,0
166.04,126.43154907226562,-7.292673110961914,0
166.05,126.35935974121094,-7.291909694671631,0
166.06,126.28865051269531,-7.28961706161499,0
166.07,126.21595001220703,-7.28941011428833,0
166.08,126.14474487304688,-7.287662506103516,0
166.09,126.07322692871094,-7.286253929138184,0
166.1,126.00318908691406,-7.283329963684082,0
166.11,125.9364013671875,-7.277075290679932,0
166.12,125.86925506591797,-7.271254062652588,0
166.13,125.80532836914062,-7.2621636390686035,0
166.14,125.74101257324219,-7.253567695617676,0
166.15,125.6763687133789,-7.245402812957764,0
166.16,125.61312866210938,-7.235869407653809,0
166.17,125.54602813720703,-7.230429649353027,0
166.18,125.48035430908203,-7.223568916320801,0
166.19,125.41609191894531,-7.215318202972412,0
166.2,125.33932495117188,-7.220097064971924,0
166.21,125.26407623291016,-7.223248481750488,0
166.22,125.19033813476562,-7.224804401397705,0
166.23,125.11809539794922,-7.22479772567749,0
166.24,125.04035186767578,-7.230483055114746,0
166.25,124.96414947509766,-7.234519958496094,0
166.26,124.89119720458984,-7.235149383544922,0
166.27,124.81800079345703,-7.236024856567383,0
166.28,124.74629974365234,-7.235348701477051,0
166.29,124.67606353759766,-7.233153343200684,0
166.3,124.60729217529297,-7.229470252990723,0
166.31,124.53996276855469,-7.224330902099609,0
166.32,124.463623046875,-7.228571891784668,0
166.33,124.38706970214844,-7.2329864501953125,0
166.34,124.31204223632812,-7.235777854919434,0
166.35,124.238525390625,-7.236978530883789,0
166.36,124.16822814941406,-7.234829425811768,0
166.37,124.09766387939453,-7.232983112335205,0
166.38,124.0302963256836,-7.227849960327148,0
166.39,123.9626235961914,-7.223082065582275,0
166.4,123.89639282226562,-7.216881275177002,0
166.41,123.82632446289062,-7.214709758758545,0
166.42,123.7559814453125,-7.2128448486328125,0
166.43,123.68709564208984,-7.209489822387695,0
166.44,123.6161880493164,-7.208259582519531,0
166.45,123.54496002197266,-7.207374572753906,0
166.46,123.46826934814453,-7.212147235870361,0
166.47,123.39310455322266,-7.215293884277344,0
166.48,123.32637786865234,-7.209680080413818,0
166.49,123.25587463378906,-7.208028793334961,0
166.5,123.18682861328125,-7.204884052276611,0
166.51,123.11923217773438,-7.200276851654053,0
166.52,123.05825805664062,-7.1888628005981445,0
166.53,122.99344635009766,-7.181534767150879,0
166.54,122.93003845214844,-7.172834873199463,0
166.55,122.86801147460938,-7.162793159484863,0
166.56,122.80389404296875,-7.155022621154785,0
166.57,122.74116516113281,-7.145895004272461,0
166.58,122.674560546875,-7.140871524810791,0
166.59,122.60590362548828,-7.138020992279053,0
166.6,122.53868103027344,-7.133716106414795,0
166.61,122.47288513183594,-7.127987861633301,0
166.62,122.40670013427734,-7.122714042663574,0
166.63,122.33846282958984,-7.119622707366943,0
166.64,122.27165222167969,-7.115085601806641,0
166.65,122.20625305175781,-7.109134197235107,0
166.66,122.13007354736328,-7.114396095275879,0
166.67,122.05540466308594,-7.118042469024658,0
166.68,121.98223114013672,-7.120106220245361,0
166.69,121.91053771972656,-7.12061882019043,0
166.7,121.82461547851562,-7.1358489990234375,0
166.71,121.75599670410156,-7.133018493652344,0
166.72,121.68009948730469,-7.137748718261719,0
166.73,121.60218811035156,-7.1445088386535645,0
166.74,121.51016998291016,-7.165798187255859,0
166.75,121.43546295166016,-7.168951988220215,0
166.76,121.34661865234375,-7.186703205108643,0
166.77,121.27505493164062,-7.186386585235596,0
166.78,121.20848083496094,-7.180914402008057,0
166.79,121.14332580566406,-7.174032688140869,0
166.8,121.07957458496094,-7.165771484375,0
166.81,121.01368713378906,-7.159801006317139,0
166.82,120.94747924804688,-7.154227256774902,0
166.83,120.88268280029297,-7.147251605987549,0
166.84,120.8123550415039,-7.146071434020996,0
166.85,120.74347686767578,-7.143401145935059,0
166.86,120.67603302001953,-7.1392717361450195,0
166.87,120.59431457519531,-7.149951457977295,0
166.88,120.51416778564453,-7.158897399902344,0
166.89,120.43557739257812,-7.16614294052124,0
166.9,120.3585205078125,-7.171721458435059,0
166.91,120.28298950195312,-7.175666332244873,0
166.92,120.20896911621094,-7.178009510040283,0
166.93,120.12773132324219,-7.187798500061035,0
166.94,120.04286193847656,-7.201239585876465,0
166.95,119.9595947265625,-7.212879180908203,0
166.96,119.87792205810547,-7.222752094268799,0
166.97,119.7978286743164,-7.230892181396484,0
166.98,119.71231079101562,-7.244555473327637,0
166.99,119.62841033935547,-7.256403923034668,0
167,119.55309295654297,-7.259249687194824,0
167.01,119.47929382324219,-7.260498523712158,0
167.02,119.40521240234375,-7.262030601501465,0
167.03,119.33263397216797,-7.261992931365967,0
167.04,119.25981140136719,-7.262209415435791,0
167.05,119.18846893310547,-7.260882377624512,0
167.06,119.11860656738281,-7.258044242858887,0
167.07,119.05020141601562,-7.253726482391357,0
167.08,118.96932983398438,-7.2623491287231445,0
167.09,118.89002990722656,-7.269256591796875,0
167.1,118.81228637695312,-7.274481773376465,0
167.11,118.736083984375,-7.2780585289001465,0
167.12,118.66141510009766,-7.280020236968994,0
167.13,118.58824920654297,-7.280398845672607,0
167.14,118.51483917236328,-7.2810187339782715,0
167.15,118.43769073486328,-7.285513877868652,0
167.16,118.36207580566406,-7.2883734703063965,0
167.17,118.28797912597656,-7.289629936218262,0
167.18,118.21538543701172,-7.289316177368164,0
167.19,118.13909149169922,-7.292839527130127,0
167.2,118.06432342529297,-7.294745445251465,0
167.21,117.97710418701172,-7.309512615203857,0
167.22,117.8897933959961,-7.324219703674316,0
167.23,117.80413055419922,-7.33707332611084,0
167.24,117.7200927734375,-7.348109245300293,0
167.25,117.6376724243164,-7.357361793518066,0
167.26,117.55684661865234,-7.364866256713867,0
167.27,117.47760772705078,-7.3706560134887695,0
167.28,117.398193359375,-7.37655782699585,0
167.29,117.31336975097656,-7.387998104095459,0
167.3,117.23017120361328,-7.397638320922852,0
167.31,117.15556335449219,-7.398291110992432,0
167.32,117.08248138427734,-7.397363185882568,0
167.33,117.00392150878906,-7.402109146118164,0
167.34,116.91474914550781,-7.417787551879883,0
167.35,116.8272476196289,-7.431572914123535,0
167.36,116.74140167236328,-7.443500995635986,0
167.37,116.67111206054688,-7.439218044281006,0
167.38,116.602294921875,-7.433446407318115,0
167.39,116.53495025634766,-7.426217555999756,0
167.4,116.45513916015625,-7.431952953338623,0
167.41,116.37691497802734,-7.435996055603027,0
167.42,116.29851531982422,-7.4401726722717285,0
167.43,116.2216796875,-7.442687034606934,0
167.44,116.14466857910156,-7.445364475250244,0
167.45,116.06920623779297,-7.446409225463867,0
167.46,115.99349212646484,-7.447702884674072,0
167.47,115.92110443115234,-7.4455437660217285,0
167.48,115.8502197265625,-7.4418511390686035,0
167.49,115.78082275390625,-7.436657428741455,0
167.5,115.71111297607422,-7.43184232711792,0
167.51,115.64287567138672,-7.425550937652588,0
167.52,115.57609558105469,-7.4178147315979,0
167.53,115.51075744628906,-7.408665180206299,0
167.54,115.44684600830078,-7.398132801055908,0
167.55,115.38435363769531,-7.386248588562012,0
167.56,115.32325744628906,-7.373042583465576,0
167.57,115.25834655761719,-7.363920211791992,0
167.58,115.19312286376953,-7.355215549468994,0
167.59,115.12060546875,-7.354145526885986,0
167.6,115.0495834350586,-7.351539134979248,0
167.61,114.98702239990234,-7.340205669403076,0
167.62,114.92584991455078,-7.327548503875732,0
167.63,114.85907745361328,-7.3208208084106445,0
167.64,114.78328704833984,-7.323485374450684,0
167.65,114.70903015136719,-7.324543476104736,0
167.66,114.646728515625,-7.3132219314575195,0
167.67,114.59278869628906,-7.293359756469727,0
167.68,114.54014587402344,-7.2723588943481445,0
167.69,114.4818115234375,-7.257469654083252,0
167.7,114.42308044433594,-7.243139266967773,0
167.71,114.3656997680664,-7.227567672729492,0
167.72,114.30964660644531,-7.2107834815979,0
167.73,114.2549057006836,-7.192814826965332,0
167.74,114.19621276855469,-7.179121017456055,0
167.75,114.13885498046875,-7.164186000823975,0
167.76,114.07762908935547,-7.153414249420166,0
167.77,114.02295684814453,-7.135972023010254,0
167.78,113.96957397460938,-7.117374897003174,0
167.79,113.92790985107422,-7.0868449211120605,0
167.8,113.876953125,-7.066244125366211,0
167.81,113.82723999023438,-7.044568061828613,0
167.82,113.7857437133789,-7.014620780944824,0
167.83,113.7453842163086,-6.983800411224365,0
167.84,113.69744110107422,-6.961145401000977,0
167.85,113.65070343017578,-6.937479496002197,0
167.86,113.60515594482422,-6.912827968597412,0
167.87,113.55731964111328,-6.8907999992370605,0
167.88,113.50715637207031,-6.871402740478516,0
167.89,113.4495620727539,-6.859905242919922,0
167.9,113.3897933959961,-6.850773334503174,0
167.91,113.33133697509766,-6.840376853942871,0
167.92,113.27239227294922,-6.830591201782227,0
167.93,113.21475219726562,-6.819558620452881,0
167.94,113.1514663696289,-6.814474105834961,0
167.95,113.08953094482422,-6.80804967880249,0
167.96,113.0289306640625,-6.800314426422119,0
167.97,112.96785736083984,-6.793144226074219,0
167.98,112.9081039428711,-6.78468132019043,0
167.99,112.8444595336914,-6.78032922744751,0
168,112.78216552734375,-6.774629592895508,0
168.01,112.72293090820312,-6.765819072723389,0
168.02,112.66500091552734,-6.755755424499512,0
168.03,112.60835266113281,-6.744466304779053,0
168.04,112.552978515625,-6.7319793701171875,0
168.05,112.49365997314453,-6.723696231842041,0
168.06,112.44083404541016,-6.708783149719238,0
168.07,112.38924407958984,-6.692753791809082,0
168.08,112.3441162109375,-6.670203685760498,0
168.09,112.3018569946289,-6.6449103355407715,0
168.1,112.25897979736328,-6.620518684387207,0
168.11,112.21722412109375,-6.595223426818848,0
168.12,112.17830657958984,-6.567257404327393,0
168.13,112.13872528076172,-6.540264129638672,0
168.14,112.1002197265625,-6.51243782043457,0
168.15,112.03663635253906,-6.510844707489014,0
168.16,112.00743103027344,-6.473694324493408,0
168.17,111.94612884521484,-6.4701433181762695,0
168.18,111.88091278076172,-6.470669269561768,0
168.19,111.82222747802734,-6.464437961578369,0
168.2,111.75961303710938,-6.462339401245117,0
168.21,111.69657135009766,-6.46070671081543,0
168.22,111.63310241699219,-6.459529876708984,0
168.23,111.57093811035156,-6.457008361816406,0
168.24,111.51007843017578,-6.453170299530029,0
168.25,111.43827056884766,-6.460697174072266,0
168.26,111.36785888671875,-6.466701030731201,0
168.27,111.31106567382812,-6.458557605743408,0
168.28,111.2555160522461,-6.449212551116943,0
168.29,111.2011947631836,-6.438692092895508,0
168.3,111.14456939697266,-6.430662631988525,0
168.31,111.08917999267578,-6.4214348793029785,0
168.32,111.02982330322266,-6.416410446166992,0
168.33,110.97173309326172,-6.410129070281982,0
168.34,110.9148941040039,-6.402618408203125,0
168.35,110.85929107666016,-6.393904685974121,0
168.36,110.8049087524414,-6.38401460647583,0
168.37,110.75173950195312,-6.372974395751953,0
168.38,110.68932342529297,-6.371616363525391,0
168.39,110.61256408691406,-6.385117053985596,0
168.4,110.53723907470703,-6.3969879150390625,0
168.41,110.46334075927734,-6.407260417938232,0
168.42,110.39085388183594,-6.415964603424072,0
168.43,110.31976318359375,-6.423130989074707,0
168.44,110.25006103515625,-6.4287896156311035,0
168.45,110.17994689941406,-6.434817790985107,0
168.46,110.10601806640625,-6.4447340965271,0
168.47,110.0386962890625,-6.447706699371338,0
168.48,109.9745101928711,-6.447404384613037,0
168.49,109.9116439819336,-6.445741653442383,0
168.5,109.8500747680664,-6.442747116088867,0
168.51,109.78980255126953,-6.438448905944824,0
168.52,109.72382354736328,-6.440097332000732,0
168.53,109.6574478149414,-6.442138671875,0
168.54,109.59241485595703,-6.442773342132568,0
168.55,109.53914642333984,-6.431223392486572,0
168.56,109.4870834350586,-6.4185471534729,0
168.57,109.42576599121094,-6.415576457977295,0
168.58,109.36573791503906,-6.411307334899902,0
168.59,109.3069839477539,-6.40576696395874,0
168.6,109.2373046875,-6.411581039428711,0
168.61,109.15682220458984,-6.4285149574279785,0
168.62,109.08999633789062,-6.431142330169678,0
168.63,109.01234436035156,-6.444950580596924,0
168.64,108.92915344238281,-6.464333534240723,0
168.65,108.84748077392578,-6.481949329376221,0
168.66,108.7742919921875,-6.490608215332031,0
168.67,108.69554138183594,-6.504937171936035,0
168.68,108.6182632446289,-6.517594337463379,0
168.69,108.54070281982422,-6.530402660369873,0
168.7,108.478515625,-6.527175426483154,0
168.71,108.40373229980469,-6.537020683288574,0
168.72,108.32518768310547,-6.550654411315918,0
168.73,108.24633026123047,-6.564468860626221,0
168.74,108.16895294189453,-6.576609134674072,0
168.75,108.08784484863281,-6.592482566833496,0
168.76,108.00823974609375,-6.60663366317749,0
168.77,107.93013000488281,-6.6190948486328125,0
168.78,107.84829711914062,-6.635273456573486,0
168.79,107.76799011230469,-6.649714469909668,0
168.8,107.69610595703125,-6.655284404754639,0
168.81,107.62564849853516,-6.659329891204834,0
168.82,107.5478744506836,-6.670896053314209,0
168.83,107.4715805053711,-6.680811405181885,0
168.84,107.3967514038086,-6.689107894897461,0
168.85,107.31298065185547,-6.706567287445068,0
168.86,107.23076629638672,-6.72224760055542,0
168.87,107.16046142578125,-6.725432872772217,0
168.88,107.0811767578125,-6.737877368927002,0
168.89,107.00340270996094,-6.748639106750488,0
168.9,106.92710876464844,-6.757750511169434,0
168.91,106.85055541992188,-6.767035484313965,0
168.92,106.7563247680664,-6.7945170402526855,0
168.93,106.66374969482422,-6.819995880126953,0
168.94,106.57282257080078,-6.843507766723633,0
168.95,106.48006439208984,-6.868671417236328,0
168.96,106.3872299194336,-6.893655776977539,0
168.97,106.29605102539062,-6.916667461395264,0
168.98,106.20651245117188,-6.937742233276367,0
168.99,106.11860656738281,-6.956915378570557,0
169,106.01142120361328,-6.995833873748779,0
169.01,105.90604400634766,-7.032472610473633,0
169.02,105.80073547363281,-7.068662643432617,0
169.03,105.69723510742188,-7.102613925933838,0
169.04,105.59725189208984,-7.132572650909424,0
169.05,105.51293182373047,-7.146017074584961,0
169.06,105.43020629882812,-7.157671928405762,0
169.07,105.34906005859375,-7.167571544647217,0
169.08,105.26947784423828,-7.1757493019104,0
169.09,105.19145202636719,-7.182239055633545,0
169.1,105.11495208740234,-7.187074184417725,0
169.11,105.03997802734375,-7.190287113189697,0
169.12,104.94215393066406,-7.217106819152832,0
169.13,104.84260559082031,-7.245430946350098,0
169.14,104.74481964111328,-7.271639823913574,0
169.15,104.64531707763672,-7.299354076385498,0
169.16,104.5475845336914,-7.324954032897949,0
169.17,104.45159912109375,-7.348477840423584,0
169.18,104.35734558105469,-7.369962692260742,0
169.19,104.26828002929688,-7.385862350463867,0
169.2,104.17741394042969,-7.403454780578613,0
169.21,104.08824157714844,-7.4191179275512695,0
169.22,104.00074005126953,-7.432888507843018,0
169.23,103.91490173339844,-7.4448018074035645,0
169.24,103.83070373535156,-7.454893589019775,0
169.25,103.74813079833984,-7.463199138641357,0
169.26,103.66543579101562,-7.471545219421387,0
169.27,103.5843505859375,-7.478137016296387,0
169.28,103.49441528320312,-7.4938154220581055,0
169.29,103.40617370605469,-7.507585048675537,0
169.3,103.31787109375,-7.521273612976074,0
169.31,103.23297119140625,-7.531296253204346,0
169.32,103.14797973632812,-7.541309833526611,0
169.33,103.06462860107422,-7.549520015716553,0
169.34,102.97944641113281,-7.559545040130615,0
169.35,102.88893127441406,-7.574985980987549,0
169.36,102.80010986328125,-7.588505744934082,0
169.37,102.7043228149414,-7.6090989112854,0
169.38,102.61029815673828,-7.627658367156982,0
169.39,102.51801300048828,-7.644221305847168,0
169.4,102.42567443847656,-7.660673141479492,0
169.41,102.32640075683594,-7.684123516082764,0
169.42,102.22021484375,-7.714479446411133,0
169.43,102.11590576171875,-7.742578983306885,0
169.44,102.01173400878906,-7.770254135131836,0
169.45,101.90941619873047,-7.795715808868408,0
169.46,101.81068420410156,-7.8172125816345215,0
169.47,101.71376037597656,-7.836612701416016,0
169.48,101.6186294555664,-7.853954792022705,0
169.49,101.52528381347656,-7.869277477264404,0
169.5,101.43370056152344,-7.8826189041137695,0
169.51,101.34385681152344,-7.894016742706299,0
169.52,101.25401306152344,-7.905300140380859,0
169.53,101.1658935546875,-7.914677143096924,0
169.54,101.0794906616211,-7.922184944152832,0
169.55,100.99478149414062,-7.927860260009766,0
169.56,100.90131378173828,-7.942545413970947,0
169.57,100.80615234375,-7.9588303565979,0
169.58,100.70584869384766,-7.980262279510498,0
169.59,100.60739135742188,-7.999564170837402,0
169.6,100.5037841796875,-8.023998260498047,0
169.61,100.40205383300781,-8.046232223510742,0
169.62,100.30219268798828,-8.066306114196777,0
169.63,100.20417785644531,-8.084259033203125,0
169.64,100.10626220703125,-8.101922988891602,0
169.65,100.01018524169922,-8.117507934570312,0
169.66,99.91764831542969,-8.129262924194336,0
169.67,99.82516479492188,-8.140846252441406,0
169.68,99.73272705078125,-8.15225887298584,0
169.69,99.64034271240234,-8.163501739501953,0
169.7,99.54627227783203,-8.176368713378906,0
169.71,99.4540023803711,-8.187238693237305,0
169.72,99.36351776123047,-8.196151733398438,0
169.73,99.2591552734375,-8.21932601928711,0
169.74,99.15497589111328,-8.24207592010498,0
169.75,99.05091857910156,-8.264461517333984,0
169.76,98.94877624511719,-8.284637451171875,0
169.77,98.85204315185547,-8.299004554748535,0
169.78,98.76234436035156,-8.305944442749023,0
169.79,98.66921997070312,-8.316356658935547,0
169.8,98.5779037475586,-8.324793815612793,0
169.81,98.49356842041016,-8.325919151306152,0
169.82,98.41094970703125,-8.325257301330566,0
169.83,98.33349609375,-8.31926155090332,0
169.84,98.25768280029297,-8.311625480651855,0
169.85,98.18003845214844,-8.305968284606934,0
169.86,98.10749816894531,-8.295083045959473,0
169.87,98.02436828613281,-8.29526138305664,0
169.88,97.94294738769531,-8.293678283691406,0
169.89,97.8597412109375,-8.293952941894531,0
169.9,97.7747802734375,-8.296048164367676,0
169.91,97.69153594970703,-8.296342849731445,0
169.92,97.60999298095703,-8.294873237609863,0
169.93,97.52840423583984,-8.29346752166748,0
169.94,97.44850158691406,-8.29033374786377,0
169.95,97.3702621459961,-8.285507202148438,0
169.96,97.29367065429688,-8.279024124145508,0
169.97,97.21698760986328,-8.272710800170898,0
169.98,97.14192962646484,-8.264774322509766,0
169.99,97.06675720214844,-8.257040977478027,0
170,96.98794555664062,-8.25314712524414,0
170.01,96.9107894897461,-8.247584342956543,0
170.02,96.82661437988281,-8.249345779418945,0
170.03,96.744140625,-8.249322891235352,0
170.04,96.6633529663086,-8.247552871704102,0
170.05,96.58424377441406,-8.244071006774902,0
170.06,96.50678253173828,-8.238913536071777,0
170.07,96.43096160888672,-8.232115745544434,0
170.08,96.35676574707031,-8.223712921142578,0
170.09,96.27897644042969,-8.219114303588867,0
170.1,96.20103454589844,-8.214716911315918,0
170.11,96.12300109863281,-8.21045970916748,0
170.12,96.03621673583984,-8.215300559997559,0
170.13,95.94937896728516,-8.220149040222168,0
170.14,95.86605834960938,-8.221308708190918,0
170.15,95.78443145751953,-8.220703125,0
170.16,95.70621490478516,-8.216575622558594,0
170.17,95.629638671875,-8.21079158782959,0
170.18,95.5511703491211,-8.207025527954102,0
170.19,95.47434997558594,-8.201598167419434,0
170.2,95.39569091796875,-8.198126792907715,0
170.21,95.31867980957031,-8.19299030303955,0
170.22,95.23982238769531,-8.18980598449707,0
170.23,95.16261291503906,-8.184951782226562,0
170.24,95.0853042602539,-8.180253982543945,0
170.25,95.00962829589844,-8.173918724060059,0
170.26,94.93729400634766,-8.164189338684082,0
170.27,94.86479949951172,-8.1547212600708,0
170.28,94.79388427734375,-8.143718719482422,0
170.29,94.72626495361328,-8.129425048828125,0
170.3,94.66017150878906,-8.113700866699219,0
170.31,94.5955810546875,-8.096579551696777,0
170.32,94.53248596191406,-8.078093528747559,0
170.33,94.47086334228516,-8.058274269104004,0
170.34,94.40896606445312,-8.038945198059082,0
170.35,94.34851837158203,-8.018308639526367,0
170.36,94.28951263427734,-7.996395587921143,0
170.37,94.23193359375,-7.973236560821533,0
170.38,94.1757583618164,-7.948862552642822,0
170.39,94.11225891113281,-7.932317733764648,0
170.4,94.05022430419922,-7.914431095123291,0
170.41,93.98795318603516,-7.896969318389893,0
170.42,93.92713165283203,-7.878191947937012,0
170.43,93.86774444580078,-7.858129978179932,0
170.44,93.80797576904297,-7.838661193847656,0
170.45,93.74962615966797,-7.817930221557617,0
170.46,93.69267272949219,-7.795967102050781,0
170.47,93.63018035888672,-7.77996826171875,0
170.48,93.56912231445312,-7.762648582458496,0
170.49,93.50082397460938,-7.752997398376465,0
170.5,93.43402099609375,-7.74190092086792,0
170.51,93.3617172241211,-7.736613750457764,0
170.52,93.29093933105469,-7.729795455932617,0
170.53,93.2216796875,-7.7214789390563965,0
170.54,93.15218353271484,-7.713488578796387,0
170.55,93.08073425292969,-7.707611083984375,0
170.56,93.00733184814453,-7.703803539276123,0
170.57,92.93547058105469,-7.698441505432129,0
170.58,92.8651351928711,-7.691557884216309,0
170.59,92.79458618164062,-7.6849775314331055,0
170.6,92.7272720336914,-7.675111770629883,0
170.61,92.66143035888672,-7.663821697235107,0
170.62,92.59180450439453,-7.656569957733154,0
170.63,92.52193450927734,-7.6496357917785645,0
170.64,92.4552993774414,-7.639430999755859,0
170.65,92.39012908935547,-7.627816677093506,0
170.66,92.33338928222656,-7.607601165771484,0
170.67,92.27801513671875,-7.586187362670898,0
170.68,92.22398376464844,-7.563604831695557,0
170.69,92.16255950927734,-7.548896312713623,0
170.7,92.10254669189453,-7.5328898429870605,0
170.71,92.05089569091797,-7.508391857147217,0
170.72,92.00054931640625,-7.482804775238037,0
170.73,91.94103240966797,-7.4669623374938965,0
170.74,91.88288879394531,-7.449862003326416,0
170.75,91.81739044189453,-7.440547466278076,0
170.76,91.75333404541016,-7.429847240447998,0
170.77,91.69068908691406,-7.417791843414307,0
170.78,91.62944030761719,-7.404411792755127,0
170.79,91.56265258789062,-7.3969035148620605,0
170.8,91.4903793334961,-7.395148277282715,0
170.81,91.41960144042969,-7.391861915588379,0
170.82,91.35030364990234,-7.387076377868652,0
170.83,91.28247833251953,-7.380823612213135,0
170.84,91.21610260009766,-7.373135089874268,0
170.85,91.15116119384766,-7.364041805267334,0
170.86,91.08763885498047,-7.353574275970459,0
170.87,91.02552032470703,-7.341763019561768,0
170.88,90.96479034423828,-7.328637599945068,0
170.89,90.90888977050781,-7.310644626617432,0
170.9,90.85431671142578,-7.291471004486084,0
170.91,90.7975845336914,-7.274728775024414,0
170.92,90.73871612548828,-7.260371208190918,0
170.93,90.68119812011719,-7.24476957321167,0
170.94,90.62327575683594,-7.229743957519531,0
170.95,90.56668853759766,-7.213493824005127,0
170.96,90.51141357421875,-7.196048259735107,0
170.97,90.45744323730469,-7.177434921264648,0
170.98,90.40296936035156,-7.159529685974121,0
170.99,90.3342056274414,-7.156599044799805,0
171,90.26515197753906,-7.154003620147705,0
171.01,90.19574737548828,-7.151793003082275,0
171.02,90.1277847290039,-7.1481122970581055,0
171.03,90.0612564086914,-7.1429924964904785,0
171.04,89.99613952636719,-7.1364641189575195,0
171.05,89.93241882324219,-7.128557205200195,0
171.06,89.87359619140625,-7.115662097930908,0
171.07,89.81610107421875,-7.101523399353027,0
171.08,89.76685333251953,-7.079002857208252,0
171.09,89.71883392333984,-7.055443286895752,0
171.1,89.67202758789062,-7.030871391296387,0
171.11,89.62295532226562,-7.008896350860596,0
171.12,89.57510375976562,-6.985886096954346,0
171.13,89.52845764160156,-6.961866855621338,0
171.14,89.45697784423828,-6.9637956619262695,0
171.15,89.3851547241211,-6.966056823730469,0
171.16,89.31477355957031,-6.966795444488525,0
171.17,89.24236297607422,-6.969626426696777,0
171.18,89.17141723632812,-6.970922470092773,0
171.19,89.1019058227539,-6.970714569091797,0
171.2,89.01471710205078,-6.988798141479492,0
171.21,88.92914581298828,-7.005030632019043,0
171.22,88.8416976928711,-7.023029804229736,0
171.23,88.75586700439453,-7.039172172546387,0
171.24,88.67510223388672,-7.049908638000488,0
171.25,88.59588623046875,-7.058931827545166,0
171.26,88.51820373535156,-7.066274166107178,0
171.27,88.4385757446289,-7.075552463531494,0
171.28,88.36395263671875,-7.0795578956604,0
171.29,88.287353515625,-7.085565090179443,0
171.3,88.20360565185547,-7.09890604019165,0
171.31,88.11970520019531,-7.1122612953186035,0
171.32,88.0356674194336,-7.1256279945373535,0
171.33,87.95321655273438,-7.137210845947266,0
171.34,87.87060546875,-7.148835182189941,0
171.35,87.7895736694336,-7.1587066650390625,0
171.36,87.7101058959961,-7.166859149932861,0
171.37,87.63045501708984,-7.1751179695129395,0
171.38,87.55408477783203,-7.179895401000977,0
171.39,87.47750091552734,-7.184845447540283,0
171.4,87.4024429321289,-7.18817138671875,0
171.41,87.3288803100586,-7.189906120300293,0
171.42,87.2568130493164,-7.19008207321167,0
171.43,87.18621826171875,-7.188730716705322,0
171.44,87.11530303955078,-7.1877312660217285,0
171.45,87.04584503173828,-7.185229301452637,0
171.46,86.97782897949219,-7.181256294250488,0
171.47,86.91124725341797,-7.175842761993408,0
171.48,86.84607696533203,-7.1690192222595215,0
171.49,86.77538299560547,-7.167983055114746,0
171.5,86.71308135986328,-7.15828275680542,0
171.51,86.64521789550781,-7.154430866241455,0
171.52,86.57012939453125,-7.158100605010986,0
171.53,86.49654388427734,-7.160178184509277,0
171.54,86.41924285888672,-7.16607141494751,0
171.55,86.34346771240234,-7.17032527923584,0
171.56,86.26921081542969,-7.172972679138184,0
171.57,86.19644165039062,-7.174046039581299,0
171.58,86.1303482055664,-7.168201923370361,0
171.59,86.06393432617188,-7.162750244140625,0
171.6,85.99893951416016,-7.155892372131348,0
171.61,85.93534088134766,-7.147658824920654,0
171.62,85.87312316894531,-7.1380791664123535,0
171.63,85.81227111816406,-7.127183437347412,0
171.64,85.74578857421875,-7.122223377227783,0
171.65,85.68072509765625,-7.115855693817139,0
171.66,85.60839080810547,-7.117068767547607,0
171.67,85.53580474853516,-7.118540287017822,0
171.68,85.46468353271484,-7.118473529815674,0
171.69,85.38462829589844,-7.127650260925293,0
171.7,85.31305694580078,-7.1279616355896,0
171.71,85.2394790649414,-7.130339622497559,0
171.72,85.1639175415039,-7.13474178314209,0
171.73,85.09332275390625,-7.133958339691162,0
171.74,85.02418518066406,-7.131679058074951,0
171.75,84.95994567871094,-7.124351978302002,0
171.76,84.90575408935547,-7.1067070960998535,0
171.77,84.84419250488281,-7.0968756675720215,0
171.78,84.78398132324219,-7.085741996765137,0
171.79,84.723388671875,-7.075126647949219,0
171.8,84.66413116455078,-7.063229560852051,0
171.81,84.60967254638672,-7.0464959144592285,0
171.82,84.55303192138672,-7.032195091247559,0
171.83,84.49595642089844,-7.018488883972168,0
171.84,84.4384536743164,-7.005367755889893,0
171.85,84.38052368164062,-6.992822647094727,0
171.86,84.32389831542969,-6.979052543640137,0
171.87,84.26505279541016,-6.9677252769470215,0
171.88,84.19886779785156,-6.964111804962158,0
171.89,84.10631561279297,-6.987819194793701,0
171.9,84.01542663574219,-7.009560585021973,0
171.91,83.92617797851562,-7.02937126159668,0
171.92,83.83856201171875,-7.047286510467529,0
171.93,83.75257110595703,-7.0633416175842285,0
171.94,83.66471862792969,-7.081154823303223,0
171.95,83.57849884033203,-7.097102642059326,0
171.96,83.49215698242188,-7.113011360168457,0
171.97,83.40742492675781,-7.127087116241455,0
171.98,83.32601928710938,-7.137572765350342,0
171.99,83.24444580078125,-7.148123264312744,0
172,83.16444396972656,-7.156942844390869,0
172.01,83.08079528808594,-7.169440746307373,0
172.02,82.99874114990234,-7.180163383483887,0
172.03,82.9165267944336,-7.19093656539917,0
172.04,82.83589172363281,-7.199965476989746,0
172.05,82.75682067871094,-7.207283973693848,0
172.06,82.67929077148438,-7.212925434112549,0
172.07,82.59978485107422,-7.220561981201172,0
172.08,82.52534484863281,-7.222872734069824,0
172.09,82.44196319580078,-7.234411716461182,0
172.1,82.36017608642578,-7.244181156158447,0
172.11,82.2678451538086,-7.2647576332092285,0
172.12,82.17201232910156,-7.288748264312744,0
172.13,82.0779037475586,-7.310702800750732,0
172.14,81.98551177978516,-7.330658912658691,0
172.15,81.88263702392578,-7.361250877380371,0
172.16,81.78156280517578,-7.389656066894531,0
172.17,81.68228912353516,-7.4159135818481445,0
172.18,81.58306121826172,-7.441854000091553,0
172.19,81.48734283447266,-7.463894367218018,0
172.2,81.39163208007812,-7.48569393157959,0
172.21,81.2820816040039,-7.521585464477539,0
172.22,81.17442321777344,-7.555147647857666,0
172.23,81.07037353515625,-7.584630012512207,0
172.24,80.96817016601562,-7.611901760101318,0
172.25,80.86779022216797,-7.637001991271973,0
172.26,80.76229095458984,-7.667136192321777,0
172.27,80.65866088867188,-7.695028781890869,0
172.28,80.55687713623047,-7.720719337463379,0
172.29,80.46385192871094,-7.737081050872803,0
172.3,80.37257385253906,-7.751468181610107,0
172.31,80.2743148803711,-7.772932529449463,0
172.32,80.17266082763672,-7.797685146331787,0
172.33,80.07284545898438,-7.820278644561768,0
172.34,79.974853515625,-7.840752601623535,0
172.35,79.88386535644531,-7.853770732879639,0
172.36,79.79460906982422,-7.864858150482178,0
172.37,79.70187377929688,-7.8794264793396,0
172.38,79.61090087890625,-7.892026901245117,0
172.39,79.52166748046875,-7.9026970863342285,0
172.4,79.43415832519531,-7.911474227905273,0
172.41,79.34835052490234,-7.918395042419434,0
172.42,79.26423645019531,-7.923496246337891,0
172.43,79.18180084228516,-7.926814079284668,0
172.44,79.09928131103516,-7.930176258087158,0
172.45,79.0114974975586,-7.938955783843994,0
172.46,78.9323501586914,-7.938706874847412,0
172.47,78.847900390625,-7.9439473152160645,0
172.48,78.76512908935547,-7.947397232055664,0
172.49,78.68054962158203,-7.9526753425598145,0
172.5,78.60111236572266,-7.952577114105225,0
172.51,78.5163803100586,-7.957962512969971,0
172.52,78.4333267211914,-7.961551189422607,0
172.53,78.35194396972656,-7.963379383087158,0
172.54,78.27913665771484,-7.956315994262695,0
172.55,78.2078857421875,-7.94771146774292,0
172.56,78.13818359375,-7.937598705291748,0
172.57,78.06134796142578,-7.934969425201416,0
172.58,77.9861068725586,-7.930712699890137,0
172.59,77.91072082519531,-7.92665433883667,0
172.6,77.8386459350586,-7.919207572937012,0
172.61,77.75773620605469,-7.920985221862793,0
172.62,77.678466796875,-7.921048164367676,0
172.63,77.60082244873047,-7.919431686401367,0
172.64,77.51260375976562,-7.928767681121826,0
172.65,77.42610168457031,-7.936232566833496,0
172.66,77.34130096435547,-7.9418625831604,0
172.67,77.2581787109375,-7.945694446563721,0
172.68,77.17671966552734,-7.9477643966674805,0
172.69,77.09172058105469,-7.9534831047058105,0
172.7,76.99108123779297,-7.975316047668457,0
172.71,76.89229583740234,-7.995011806488037,0
172.72,76.79534149169922,-8.01261043548584,0
172.73,76.7001953125,-8.02815055847168,0
172.74,76.62416076660156,-8.023755073547363,0
172.75,76.54280090332031,-8.02491569519043,0
172.76,76.45271301269531,-8.035101890563965,0
172.77,76.374755859375,-8.03262710571289,0
172.78,76.29841613769531,-8.0285005569458,0
172.79,76.23753356933594,-8.008424758911133,0
172.8,76.17809295654297,-7.987062454223633,0
172.81,76.1062240600586,-7.97877836227417,0
172.82,76.0359115600586,-7.968973159790039,0
172.83,75.96540832519531,-7.959472179412842,0
172.84,75.89297485351562,-7.952062129974365,0
172.85,75.82209777832031,-7.943119049072266,0
172.86,75.74583435058594,-7.939842700958252,0
172.87,75.65206146240234,-7.954715251922607,0
172.88,75.56006622314453,-7.967597961425781,0
172.89,75.4698257446289,-7.9785284996032715,0
172.9,75.37786102294922,-7.991127967834473,0
172.91,75.28765869140625,-8.001775741577148,0
172.92,75.19746398925781,-8.01230239868164,0
172.93,75.10901641845703,-8.020915031433105,0
172.94,75.02230072021484,-8.0276517868042,0
172.95,74.93729400634766,-8.032549858093262,0
172.96,74.85917663574219,-8.03027057647705,0
172.97,74.78440856933594,-8.024544715881348,0
172.98,74.7094955444336,-8.019026756286621,0
172.99,74.63790130615234,-8.0101318359375,0
173,74.56786346435547,-7.999721527099609,0
173.01,74.4993667602539,-7.987829208374023,0
173.02,74.43238067626953,-7.974487781524658,0
173.03,74.36690521240234,-7.95973014831543,0
173.04,74.30290985107422,-7.943587779998779,0
173.05,74.2386474609375,-7.927884578704834,0
173.06,74.17585754394531,-7.910822868347168,0
173.07,74.1145248413086,-7.892434597015381,0
173.08,74.05462646484375,-7.872750282287598,0
173.09,73.99614715576172,-7.851800918579102,0
173.1,73.9390640258789,-7.829617023468018,0
173.11,73.87818145751953,-7.811603546142578,0
173.12,73.80486297607422,-7.806637287139893,0
173.13,73.7296371459961,-7.803701877593994,0
173.14,73.6559829711914,-7.799173355102539,0
173.15,73.57169342041016,-7.80568265914917,0
173.16,73.48907470703125,-7.810404300689697,0
173.17,73.4081039428711,-7.8133745193481445,0
173.18,73.3287582397461,-7.814628601074219,0
173.19,73.25275421142578,-7.812408447265625,0
173.2,73.17832946777344,-7.8085784912109375,0
173.21,73.10027313232422,-7.808547496795654,0
173.22,73.02035522460938,-7.810445785522461,0
173.23,72.94032287597656,-7.812442302703857,0
173.24,72.86710357666016,-7.807366847991943,0
173.25,72.7954330444336,-7.800741195678711,0
173.26,72.72010040283203,-7.7979736328125,0
173.27,72.64460754394531,-7.7954020500183105,0
173.28,72.55683135986328,-7.8055644035339355,0
173.29,72.47074890136719,-7.813864707946777,0
173.3,72.3863525390625,-7.820339202880859,0
173.31,72.30361938476562,-7.825024127960205,0
173.32,72.21215057373047,-7.838705062866211,0
173.33,72.12242126464844,-7.850444793701172,0
173.34,72.03440856933594,-7.860280513763428,0
173.35,71.95329284667969,-7.8628740310668945,0
173.36,71.86862182617188,-7.869123458862305,0
173.37,71.79082489013672,-7.868202209472656,0
173.38,71.70943450927734,-7.871007919311523,0
173.39,71.62967681884766,-7.872088432312012,0
173.4,71.55154418945312,-7.871479034423828,0
173.41,71.47502136230469,-7.869214057922363,0
173.42,71.40008544921875,-7.865327835083008,0
173.43,71.32672119140625,-7.859854698181152,0
173.44,71.25144958496094,-7.856411457061768,0
173.45,71.17601776123047,-7.853165626525879,0
173.46,71.09870910644531,-7.851905822753906,0
173.47,71.02471923828125,-7.8472161293029785,0
173.48,70.9522933959961,-7.840959548950195,0
173.49,70.88141632080078,-7.833169460296631,0
173.5,70.81206512451172,-7.823879241943359,0
173.51,70.74249267578125,-7.814913272857666,0
173.52,70.6640396118164,-7.815225124359131,0
173.53,70.58367156982422,-7.817513942718506,0
173.54,70.50146484375,-7.821682453155518,0
173.55,70.41917419433594,-7.825900077819824,0
173.56,70.3385238647461,-7.828372955322266,0
173.57,70.25776672363281,-7.83092737197876,0
173.58,70.17864227294922,-7.831770420074463,0
173.59,70.09767150878906,-7.834519863128662,0
173.6,70.02178955078125,-7.831969738006592,0
173.61,69.9474868774414,-7.827812194824219,0
173.62,69.8660888671875,-7.8310394287109375,0
173.63,69.78633117675781,-7.832541465759277,0
173.64,69.71685028076172,-7.823394775390625,0
173.65,69.64022064208984,-7.821735858917236,0
173.66,69.56344604492188,-7.820245265960693,0
173.67,69.47786712646484,-7.827878475189209,0
173.68,69.39396667480469,-7.833696365356445,0
173.69,69.31172180175781,-7.837735176086426,0
173.7,69.23978424072266,-7.8310723304748535,0
173.71,69.15899658203125,-7.83363676071167,0
173.72,69.079833984375,-7.834488868713379,0
173.73,69.00228881835938,-7.833663463592529,0
173.74,68.921142578125,-7.836569786071777,0
173.75,68.84162902832031,-7.837756156921387,0
173.76,68.76373291015625,-7.837257385253906,0
173.77,68.68743896484375,-7.835108280181885,0
173.78,68.61272430419922,-7.831342697143555,0
173.79,68.53784942626953,-7.827786445617676,0
173.8,68.46453857421875,-7.822644233703613,0
173.81,68.38239288330078,-7.826699733734131,0
173.82,68.30188751220703,-7.829013824462891,0
173.83,68.22300720214844,-7.829621315002441,0
173.84,68.14574432373047,-7.82855749130249,0
173.85,68.070068359375,-7.825856685638428,0
173.86,67.99596405029297,-7.821552753448486,0
173.87,67.91822814941406,-7.821054458618164,0
173.88,67.84209442138672,-7.818909168243408,0
173.89,67.76580810546875,-7.8169426918029785,0
173.9,67.69283294677734,-7.811568737030029,0
173.91,67.6179428100586,-7.80823278427124,0
173.92,67.53596496582031,-7.81226921081543,0
173.93,67.45561981201172,-7.814567565917969,0
173.94,67.37689971923828,-7.8151631355285645,0
173.95,67.29978942871094,-7.814090728759766,0
173.96,67.2242660522461,-7.811384677886963,0
173.97,67.14338684082031,-7.814244747161865,0
173.98,67.0710678100586,-7.808224201202393,0
173.99,66.99336242675781,-7.8078389167785645,0
174,66.91724395751953,-7.805807113647461,0
174.01,66.84271240234375,-7.802163124084473,0
174.02,66.7610855102539,-7.805898666381836,0
174.03,66.68109130859375,-7.80790376663208,0
174.04,66.59925079345703,-7.811797142028809,0
174.05,66.51905059814453,-7.813955307006836,0
174.06,66.44046783447266,-7.814413547515869,0
174.07,66.36175537109375,-7.814998149871826,0
174.08,66.27247619628906,-7.826512813568115,0
174.09,66.1849136352539,-7.836133003234863,0
174.1,66.09905242919922,-7.84389591217041,0
174.11,66.01313781738281,-7.851629734039307,0
174.12,65.92890930175781,-7.857541084289551,0
174.13,65.84114837646484,-7.86704158782959,0
174.14,65.75509643554688,-7.874680519104004,0
174.15,65.66899871826172,-7.8822855949401855,0
174.16,65.5845947265625,-7.888064861297607,0
174.17,65.50186157226562,-7.892054080963135,0
174.18,65.42251586914062,-7.89249849319458,0
174.19,65.34305572509766,-7.893052577972412,0
174.2,65.26521301269531,-7.891922950744629,0
174.21,65.18898010253906,-7.889143943786621,0
174.22,65.11260986328125,-7.886542320251465,0
174.23,65.03609466552734,-7.8841142654418945,0
174.24,64.96289825439453,-7.878273963928223,0
174.25,64.8895263671875,-7.87267541885376,0
174.26,64.81597900390625,-7.86731481552124,0
174.27,64.74398803710938,-7.860396862030029,0
174.28,64.67180633544922,-7.8537468910217285,0
174.29,64.6011734008789,-7.845568656921387,0
174.3,64.53379821777344,-7.834104061126709,0
174.31,64.4661865234375,-7.823005676269531,0
174.32,64.40006256103516,-7.810477256774902,0
174.33,64.33368682861328,-7.798341751098633,0
174.34,64.2601318359375,-7.793760776519775,0
174.35,64.1881332397461,-7.787622451782227,0
174.36,64.11766815185547,-7.779959678649902,0
174.37,64.06084442138672,-7.75826358795166,0
174.38,64.0053939819336,-7.735367774963379,0
174.39,63.933982849121094,-7.72921895980835,0
174.4,63.86063003540039,-7.725141525268555,0
174.41,63.79574966430664,-7.712344169616699,0
174.42,63.732322692871094,-7.698174953460693,0
174.43,63.67033386230469,-7.682664394378662,0
174.44,63.595909118652344,-7.680177211761475,0
174.45,63.52303695678711,-7.676113605499268,0
174.46,63.44823455810547,-7.674089431762695,0
174.47,63.37498092651367,-7.670480728149414,0
174.48,63.29806900024414,-7.670695781707764,0
174.49,63.21753692626953,-7.674655914306641,0
174.5,63.136878967285156,-7.6787004470825195,0
174.51,63.057838439941406,-7.681035041809082,0
174.52,62.98212432861328,-7.67990255355835,0
174.53,62.9079704284668,-7.677165985107422,0
174.54,62.83536148071289,-7.672858715057373,0
174.55,62.762550354003906,-7.6688055992126465,0
174.56,62.68434524536133,-7.670377254486084,0
174.57,62.59040832519531,-7.688207626342773,0
174.58,62.49822235107422,-7.704043865203857,0
174.59,62.40776443481445,-7.717923641204834,0
174.6,62.319026947021484,-7.729883670806885,0
174.61,62.23025894165039,-7.7417521476745605,0
174.62,62.1431884765625,-7.751737117767334,0
174.63,62.05087661743164,-7.76704216003418,0
174.64,61.956844329833984,-7.783971309661865,0
174.65,61.86803436279297,-7.795320987701416,0
174.66,61.79478454589844,-7.79045295715332,0
174.67,61.72308349609375,-7.78403377532959,0
174.68,61.652915954589844,-7.776096820831299,0
174.69,61.584259033203125,-7.766674518585205,0
174.7,61.5171012878418,-7.755799293518066,0
174.71,61.43757629394531,-7.757836818695068,0
174.72,61.36138916015625,-7.756397247314453,0
174.73,61.28677749633789,-7.75334358215332,0
174.74,61.21199035644531,-7.7505011558532715,0
174.75,61.13876724243164,-7.746074676513672,0
174.76,61.067081451416016,-7.740097522735596,0
174.77,60.996925354003906,-7.732602596282959,0
174.78,60.92481231689453,-7.727206230163574,0
174.79,60.85423278808594,-7.720283031463623,0
174.8,60.7851676940918,-7.7118659019470215,0
174.81,60.710670471191406,-7.709153652191162,0
174.82,60.6446533203125,-7.697696685791016,0
174.83,60.580101013183594,-7.684843063354492,0
174.84,60.51007080078125,-7.677791118621826,0
174.85,60.4398078918457,-7.671048641204834,0
174.86,60.37105178833008,-7.662818908691406,0
174.87,60.30378341674805,-7.653133869171143,0
174.88,60.234527587890625,-7.645608901977539,0
174.89,60.1667594909668,-7.636618137359619,0
174.9,60.097007751464844,-7.6297760009765625,0
174.91,60.014896392822266,-7.635790824890137,0
174.92,59.93440628051758,-7.640064716339111,0
174.93,59.86937713623047,-7.628298282623291,0
174.94,59.809261322021484,-7.611573696136475,0
174.95,59.74707794189453,-7.597161769866943,0
174.96,59.68630599975586,-7.581435203552246,0
174.97,59.62693405151367,-7.56442403793335,0
174.98,59.56374740600586,-7.5515336990356445,0
174.99,59.50025177001953,-7.539098739624023,0
175,59.43817901611328,-7.525321006774902,0
175.01,59.374046325683594,-7.513814449310303,0
175.02,59.31134033203125,-7.500951290130615,0
175.03,59.24138641357422,-7.495720386505127,0
175.04,59.17464828491211,-7.487216472625732,0
175.05,59.107627868652344,-7.479092121124268,0
175.06,59.043792724609375,-7.467757701873779,0
175.07,58.979644775390625,-7.456864833831787,0
175.08,58.91864776611328,-7.4428229331970215,0
175.09,58.857303619384766,-7.429283618927002,0
175.1,58.79042434692383,-7.421613693237305,0
175.11,58.72325897216797,-7.414320468902588,0
175.12,58.65753936767578,-7.405605316162109,0
175.13,58.577667236328125,-7.411624431610107,0
175.14,58.492496490478516,-7.423060417175293,0
175.15,58.408958435058594,-7.432689189910889,0
175.16,58.3270378112793,-7.440546035766602,0
175.17,58.24152374267578,-7.452040195465088,0
175.18,58.15764617919922,-7.461719989776611,0
175.19,58.07539367675781,-7.469620227813721,0
175.2,57.98955154418945,-7.481151103973389,0
175.21,57.905357360839844,-7.490860462188721,0
175.22,57.81586456298828,-7.505949974060059,0
175.23,57.728057861328125,-7.519140243530273,0
175.24,57.64191818237305,-7.5304670333862305,0
175.25,57.557430267333984,-7.539966106414795,0
175.26,57.474578857421875,-7.547672748565674,0
175.27,57.39335250854492,-7.553622245788574,0
175.28,57.3137321472168,-7.557849407196045,0
175.29,57.23570251464844,-7.560388565063477,0
175.3,57.159244537353516,-7.56127405166626,0
175.31,57.08087921142578,-7.564122676849365,0
175.32,57.00408935546875,-7.565310001373291,0
175.33,56.923667907714844,-7.570244789123535,0
175.34,56.850040435791016,-7.568099498748779,0
175.35,56.7779426574707,-7.564394474029541,0
175.36,56.70389175415039,-7.562745571136475,0
175.37,56.629642486572266,-7.561319828033447,0
175.38,56.55692672729492,-7.558320999145508,0
175.39,56.48746109008789,-7.551990509033203,0
175.4,56.41948318481445,-7.544189453125,0
175.41,56.35123825073242,-7.536741256713867,0
175.42,56.27407455444336,-7.538598537445068,0
175.43,56.19674301147461,-7.54061222076416,0
175.44,56.1123161315918,-7.549944877624512,0
175.45,56.02952575683594,-7.557486534118652,0
175.46,55.948360443115234,-7.563272476196289,0
175.47,55.865333557128906,-7.570920944213867,0
175.48,55.78046798706055,-7.580391883850098,0
175.49,55.695518493652344,-7.589853763580322,0
175.5,55.6087532043457,-7.601097106933594,0
175.51,55.52365493774414,-7.610499382019043,0
175.52,55.445404052734375,-7.612721920013428,0
175.53,55.36873245239258,-7.613286018371582,0
175.54,55.29535675048828,-7.610433101654053,0
175.55,55.22178268432617,-7.607818126678467,0
175.56,55.15147018432617,-7.601852893829346,0
175.57,55.08265686035156,-7.5943989753723145,0
175.58,55.01532745361328,-7.585488319396973,0
175.59,54.949462890625,-7.57515287399292,0
175.6,54.885047912597656,-7.563424110412598,0
175.61,54.820335388183594,-7.552124977111816,0
175.62,54.744937896728516,-7.551998138427734,0
175.63,54.665889739990234,-7.5556488037109375,0
175.64,54.58842468261719,-7.557623863220215,0
175.65,54.50559997558594,-7.565123558044434,0
175.66,54.42439651489258,-7.570866584777832,0
175.67,54.34479904174805,-7.574887752532959,0
175.68,54.261653900146484,-7.582540512084961,0
175.69,54.176673889160156,-7.592012882232666,0
175.7,54.09334182739258,-7.599682807922363,0
175.71,54.009910583496094,-7.607377052307129,0
175.72,53.93330764770508,-7.607926845550537,0
175.73,53.8582649230957,-7.606853008270264,0
175.74,53.78477096557617,-7.604189395904541,0
175.75,53.712806701660156,-7.599968910217285,0
175.76,53.642356872558594,-7.594224452972412,0
175.77,53.57340621948242,-7.58698844909668,0
175.78,53.50593948364258,-7.578293323516846,0
175.79,53.43994140625,-7.568170070648193,0
175.8,53.380531311035156,-7.551331520080566,0
175.81,53.322505950927734,-7.533237934112549,0
175.82,53.257240295410156,-7.522820949554443,0
175.83,53.19341278076172,-7.511023044586182,0
175.84,53.13100814819336,-7.497875213623047,0
175.85,53.07001495361328,-7.483407974243164,0
175.86,53.01041030883789,-7.4676513671875,0
175.87,52.952178955078125,-7.4506354331970215,0
175.88,52.89530944824219,-7.432389259338379,0
175.89,52.83978271484375,-7.4129414558410645,0
175.9,52.78558349609375,-7.392321586608887,0
175.91,52.73269271850586,-7.3705573081970215,0
175.92,52.68110275268555,-7.347677230834961,0
175.93,52.630794525146484,-7.323708534240723,0
175.94,52.58348083496094,-7.296887397766113,0
175.95,52.52701187133789,-7.279819488525391,0
175.96,52.48225402832031,-7.2508087158203125,0
175.97,52.43003845214844,-7.229813575744629,0
175.98,52.37909698486328,-7.207716464996338,0
175.99,52.325950622558594,-7.1881279945373535,0
176,52.25503921508789,-7.187126159667969,0
176.01,52.18039321899414,-7.189996719360352,0
176.02,52.11244201660156,-7.185910224914551,0
176.03,52.04592514038086,-7.180384635925293,0
176.04,51.9808235168457,-7.173450469970703,0
176.05,51.91192626953125,-7.17051362991333,0
176.06,51.841007232666016,-7.169700622558594,0
176.07,51.766353607177734,-7.172760009765625,0
176.08,51.693199157714844,-7.17423677444458,0
176.09,51.62152862548828,-7.174163341522217,0
176.1,51.549591064453125,-7.174362659454346,0
176.11,51.47739791870117,-7.174829483032227,0
176.12,51.404945373535156,-7.175557613372803,0
176.13,51.33396911621094,-7.174750804901123,0
176.14,51.26618576049805,-7.170648574829102,0
176.15,51.20156478881836,-7.163319110870361,0
176.16,51.140071868896484,-7.152830600738525,0
176.17,51.07993698120117,-7.141041278839111,0
176.18,51.01768493652344,-7.131563186645508,0
176.19,50.95680236816406,-7.120768070220947,0
176.2,50.89900207519531,-7.106893539428711,0
176.21,50.842525482177734,-7.091797351837158,0
176.22,50.78561782836914,-7.077299118041992,0
176.23,50.69717025756836,-7.095583438873291,0
176.24,50.610355377197266,-7.111989498138428,0
176.25,50.519962310791016,-7.131927967071533,0
176.26,50.43122482299805,-7.149946689605713,0
176.27,50.34413146972656,-7.166081428527832,0
176.28,50.258663177490234,-7.180367469787598,0
176.29,50.17134094238281,-7.196422576904297,0
176.3,50.08565139770508,-7.210623741149902,0
176.31,50.00157928466797,-7.223006248474121,0
176.32,49.919105529785156,-7.233604907989502,0
176.33,49.829559326171875,-7.2514119148254395,0
176.34,49.74167251586914,-7.267317771911621,0
176.35,49.65201950073242,-7.284885406494141,0
176.36,49.572635650634766,-7.291647434234619,0
176.37,49.4862060546875,-7.305628299713135,0
176.38,49.40140914916992,-7.317774772644043,0
176.39,49.316497802734375,-7.329913139343262,0
176.4,49.23320770263672,-7.340250015258789,0
176.41,49.13593673706055,-7.3649444580078125,0
176.42,49.04214859008789,-7.3857808113098145,0
176.43,48.963932037353516,-7.390292644500732,0
176.44,48.887271881103516,-7.39314603805542,0
176.45,48.81215286254883,-7.394374370574951,0
176.46,48.73855972290039,-7.394010543823242,0
176.47,48.652626037597656,-7.406420707702637,0
176.48,48.570064544677734,-7.415215492248535,0
176.49,48.487369537353516,-7.424050807952881,0
176.5,48.40628433227539,-7.4311323165893555,0
176.51,48.32678985595703,-7.436493873596191,0
176.52,48.24887466430664,-7.4401702880859375,0
176.53,48.172515869140625,-7.44219446182251,0
176.54,48.09077453613281,-7.449767112731934,0
176.55,48.01063537597656,-7.455605983734131,0
176.56,47.93207931518555,-7.459745407104492,0
176.57,47.8550910949707,-7.46221923828125,0
176.58,47.77965545654297,-7.463061332702637,0
176.59,47.70402526855469,-7.464096546173096,0
176.6,47.62473678588867,-7.4689040184021,0
176.61,47.547027587890625,-7.4720306396484375,0
176.62,47.469146728515625,-7.475301265716553,0
176.63,47.394561767578125,-7.4751296043396,0
176.64,47.31977081298828,-7.4751691818237305,0
176.65,47.24304962158203,-7.477207183837891,0
176.66,47.16788101196289,-7.477619171142578,0
176.67,47.09424591064453,-7.476438522338867,0
176.68,47.02559280395508,-7.470114231109619,0
176.69,46.95494842529297,-7.4659199714660645,0
176.7,46.8789176940918,-7.467340469360352,0
176.71,46.80442810058594,-7.467149257659912,0
176.72,46.729732513427734,-7.4671711921691895,0
176.73,46.65483474731445,-7.467402458190918,0
176.74,46.58147430419922,-7.4660468101501465,0
176.75,46.506160736083984,-7.466719627380371,0
176.76,46.4323844909668,-7.46579647064209,0
176.77,46.34973907470703,-7.47406005859375,0
176.78,46.26870346069336,-7.4805707931518555,0
176.79,46.18753433227539,-7.487154960632324,0
176.8,46.10796356201172,-7.49201774597168,0
176.81,46.02824020385742,-7.496984958648682,0
176.82,45.950103759765625,-7.5002617835998535,0
176.83,45.87353515625,-7.501882553100586,0
176.84,45.80024719238281,-7.500088691711426,0
176.85,45.7302131652832,-7.494950771331787,0
176.86,45.66166305541992,-7.488329887390137,0
176.87,45.594581604003906,-7.480257987976074,0
176.88,45.528953552246094,-7.470766067504883,0
176.89,45.461299896240234,-7.4634690284729,0
176.9,45.39337158203125,-7.456531524658203,0
176.91,45.32343673706055,-7.45173978805542,0
176.92,45.254981994628906,-7.445466995239258,0
176.93,45.187992095947266,-7.437745094299316,0
176.94,45.117305755615234,-7.433924198150635,0
176.95,45.042911529541016,-7.433981418609619,0
176.96,44.963111877441406,-7.439628601074219,0
176.97,44.884891510009766,-7.443583965301514,0
176.98,44.804771423339844,-7.449464321136475,0
176.99,44.722774505615234,-7.457229137420654,0
177,44.63718032836914,-7.468629360198975,0
177.01,44.55323028564453,-7.478213310241699,0
177.02,44.47090530395508,-7.486016750335693,0
177.03,44.39019012451172,-7.492074012756348,0
177.04,44.31106948852539,-7.496419429779053,0
177.05,44.23352813720703,-7.499087810516357,0
177.06,44.15754699707031,-7.500112533569336,0
177.07,44.072776794433594,-7.510221004486084,0
177.08,43.999977111816406,-7.507836818695068,0
177.09,43.932159423828125,-7.5003275871276855,0
177.1,43.855464935302734,-7.502077102661133,0
177.11,43.778594970703125,-7.503992557525635,0
177.12,43.703277587890625,-7.504278659820557,0
177.13,43.63123321533203,-7.5011773109436035,0
177.14,43.574493408203125,-7.482272624969482,0
177.15,43.50530242919922,-7.476447105407715,0
177.16,43.451385498046875,-7.454879283905029,0
177.17,43.38498306274414,-7.446451187133789,0
177.18,43.318294525146484,-7.438409328460693,0
177.19,43.24958419799805,-7.432539463043213,0
177.2,43.180606842041016,-7.427006244659424,0
177.21,43.11309814453125,-7.420012950897217,0
177.22,43.034915924072266,-7.424132347106934,0
177.23,42.95656204223633,-7.4283857345581055,0
177.24,42.88150405883789,-7.4291863441467285,0
177.25,42.806243896484375,-7.430187702178955,0
177.26,42.732513427734375,-7.429594039916992,0
177.27,42.660301208496094,-7.427438259124756,0
177.28,42.5895881652832,-7.423752784729004,0
177.29,42.51862716674805,-7.420361518859863,0
177.3,42.449153900146484,-7.415467262268066,0
177.31,42.38115310668945,-7.409101963043213,0
177.32,42.314605712890625,-7.401297092437744,0
177.33,42.24949645996094,-7.392083644866943,0
177.34,42.18754196166992,-7.379701137542725,0
177.35,42.125247955322266,-7.367800235748291,0
177.36,42.06434631347656,-7.354581832885742,0
177.37,42.00654983520508,-7.338284015655518,0
177.38,41.95009994506836,-7.320765018463135,0
177.39,41.89497756958008,-7.302053451538086,0
177.4,41.82563400268555,-7.29824686050415,0
177.41,41.750823974609375,-7.300137996673584,0
177.42,41.677528381347656,-7.300443649291992,0
177.43,41.60572814941406,-7.299196243286133,0
177.44,41.5354118347168,-7.2964277267456055,0
177.45,41.4665641784668,-7.29217004776001,0
177.46,41.399166107177734,-7.286454200744629,0
177.47,41.33320617675781,-7.279311656951904,0
177.48,41.26866912841797,-7.270772933959961,0
177.49,41.205535888671875,-7.260868549346924,0
177.5,41.14379119873047,-7.24962854385376,0
177.51,41.07303237915039,-7.247832298278809,0
177.52,41.000328063964844,-7.2480645179748535,0
177.53,40.92911148071289,-7.246756076812744,0
177.54,40.85936737060547,-7.24393892288208,0
177.55,40.789344787597656,-7.241436004638672,0
177.56,40.72078323364258,-7.237450122833252,0
177.57,40.653663635253906,-7.2320122718811035,0
177.58,40.587974548339844,-7.22515344619751,0
177.59,40.525428771972656,-7.215112686157227,0
177.6,40.462528228759766,-7.205540180206299,0
177.61,40.4010124206543,-7.194636821746826,0
177.62,40.34086227416992,-7.182432174682617,0
177.63,40.282066345214844,-7.1689558029174805,0
177.64,40.224605560302734,-7.154236316680908,0
177.65,40.16846466064453,-7.138302326202393,0
177.66,40.11362838745117,-7.121181964874268,0
177.67,40.060081481933594,-7.102903366088867,0
177.68,39.99742126464844,-7.094244003295898,0
177.69,39.9465217590332,-7.0735087394714355,0
177.7,39.898597717285156,-7.04990816116333,0
177.71,39.85188674926758,-7.025297164916992,0
177.72,39.79252243041992,-7.014034748077393,0
177.73,39.74140930175781,-6.994349956512451,0
177.74,39.69153594970703,-6.973586082458496,0
177.75,39.642887115478516,-6.951769828796387,0
177.76,39.5954475402832,-6.928927421569824,0
177.77,39.54920196533203,-6.905084609985352,0
177.78,39.5041389465332,-6.880267143249512,0
177.79,39.45677947998047,-6.858083248138428,0
177.8,39.41407012939453,-6.83131742477417,0
177.81,39.37249755859375,-6.803652286529541,0
177.82,39.328582763671875,-6.778695583343506,0
177.83,39.28581237792969,-6.752813339233398,0
177.84,39.244171142578125,-6.726030349731445,0
177.85,39.203643798828125,-6.698370933532715,0
177.86,39.16421890258789,-6.669858455657959,0
177.87,39.125877380371094,-6.640516757965088,0
177.88,39.0886116027832,-6.610368728637695,0
177.89,39.03167724609375,-6.600881099700928,0
177.9,38.97426986694336,-6.591980934143066,0
177.91,38.91639709472656,-6.583657741546631,0
177.92,38.85978698730469,-6.57411003112793,0
177.93,38.8044319152832,-6.563364505767822,0
177.94,38.74685287475586,-6.555031776428223,0
177.95,38.69053268432617,-6.545480728149414,0
177.96,38.635459899902344,-6.534738540649414,0
177.97,38.58162307739258,-6.522831439971924,0
177.98,38.523807525634766,-6.515161037445068,0
177.99,38.449989318847656,-6.524127960205078,0
178,38.377593994140625,-6.531528949737549,0
178.01,38.306610107421875,-6.537394046783447,0
178.02,38.237022399902344,-6.541753768920898,0
178.03,38.16881561279297,-6.544638156890869,0
178.04,38.10197830200195,-6.546076774597168,0
178.05,38.036495208740234,-6.546098709106445,0
178.06,37.972354888916016,-6.544733047485352,0
178.07,37.90953826904297,-6.542008876800537,0
178.08,37.85150146484375,-6.5343708992004395,0
178.09,37.779197692871094,-6.541573524475098,0
178.1,37.70484161376953,-6.550825595855713,0
178.11,37.63191223144531,-6.558499813079834,0
178.12,37.560401916503906,-6.564627170562744,0
178.13,37.500633239746094,-6.558544635772705,0
178.14,37.4421501159668,-6.551197052001953,0
178.15,37.38666534423828,-6.540820121765137,0
178.16,37.330692291259766,-6.531061172485352,0
178.17,37.27595901489258,-6.520118236541748,0
178.18,37.22245407104492,-6.5080180168151855,0
178.19,37.17189407348633,-6.492995262145996,0
178.2,37.12251663208008,-6.476904392242432,0
178.21,37.07430648803711,-6.459770679473877,0
178.22,37.02898406982422,-6.439826965332031,0
178.23,36.98478317260742,-6.418927192687988,0
178.24,36.9486198425293,-6.389928817749023,0
178.25,36.913482666015625,-6.360170364379883,0
178.26,36.87762451171875,-6.331465244293213,0
178.27,36.84278106689453,-6.302006244659424,0
178.28,36.80894470214844,-6.271815299987793,0
178.29,36.77609634399414,-6.2409138679504395,0
178.3,36.73210144042969,-6.221864223480225,0
178.31,36.684051513671875,-6.207205772399902,0
178.32,36.62500762939453,-6.204073429107666,0
178.33,36.56719970703125,-6.199690818786621,0
178.34,36.510623931884766,-6.194084167480469,0
178.35,36.45526123046875,-6.18727970123291,0
178.36,36.402828216552734,-6.177511692047119,0
178.37,36.351566314697266,-6.166635036468506,0
178.38,36.29453659057617,-6.16184139251709,0
178.39,36.23871994018555,-6.155839920043945,0
178.4,36.184104919433594,-6.148657321929932,0
178.41,36.130680084228516,-6.140318870544434,0
178.42,36.076751708984375,-6.132585525512695,0
178.43,36.02054214477539,-6.127294540405273,0
178.44,35.96553421020508,-6.120813846588135,0
178.45,35.90825271606445,-6.1167521476745605,0
178.46,35.846988677978516,-6.116852760314941,0
178.47,35.785247802734375,-6.117446422576904,0
178.48,35.724761962890625,-6.116731643676758,0
178.49,35.665523529052734,-6.1147356033325195,0
178.5,35.607521057128906,-6.111485004425049,0
178.51,35.55073547363281,-6.107005596160889,0
178.52,35.49515914916992,-6.101324081420898,0
178.53,35.44077682495117,-6.094466209411621,0
178.54,35.3875732421875,-6.086457252502441,0
178.55,35.333805084228516,-6.0791144371032715,0
178.56,35.281211853027344,-6.070633888244629,0
178.57,35.22977828979492,-6.061040878295898,0
178.58,35.17948913574219,-6.050359725952148,0
178.59,35.13033676147461,-6.0386152267456055,0
178.6,35.07196807861328,-6.036525726318359,0
178.61,35.01482009887695,-6.033199787139893,0
178.62,34.95886993408203,-6.028663635253906,0
178.63,34.91444778442383,-6.012248992919922,0
178.64,34.871097564697266,-5.99489688873291,0
178.65,34.81673812866211,-5.989115238189697,0
178.66,34.763545989990234,-5.98218297958374,0
178.67,34.709781646728516,-5.975916862487793,0
178.68,34.65717697143555,-5.968512535095215,0
178.69,34.59360122680664,-5.972536563873291,0
178.7,34.531288146972656,-5.975212574005127,0
178.71,34.48234558105469,-5.96402645111084,0
178.72,34.42239761352539,-5.964346885681152,0
178.73,34.37579345703125,-5.950855731964111,0
178.74,34.33027648925781,-5.936379909515381,0
178.75,34.285831451416016,-5.920942783355713,0
178.76,34.232059478759766,-5.915317058563232,0
178.77,34.177711486816406,-5.91034460067749,0
178.78,34.121116638183594,-5.907749176025391,0
178.79,34.05704879760742,-5.9129133224487305,0
178.8,33.99424362182617,-5.91671895980835,0
178.81,33.93614959716797,-5.915609359741211,0
178.82,33.87579345703125,-5.9168524742126465,0
178.83,33.82012176513672,-5.913232803344727,0
178.84,33.76216506958008,-5.912017822265625,0
178.85,33.696800231933594,-5.9184770584106445,0
178.86,33.64131546020508,-5.914648056030273,0
178.87,33.578399658203125,-5.918546199798584,0
178.88,33.5167350769043,-5.921110153198242,0
178.89,33.4563102722168,-5.922367095947266,0
178.9,33.39710998535156,-5.9223432540893555,0
178.91,33.3391227722168,-5.921064853668213,0
178.92,33.280601501464844,-5.920349597930908,0
178.93,33.22501754760742,-5.916603088378906,0
178.94,33.15675735473633,-5.926012992858887,0
178.95,33.088069915771484,-5.935765743255615,0
178.96,33.020694732666016,-5.944061279296875,0
178.97,32.95461654663086,-5.950927257537842,0
178.98,32.886417388916016,-5.959918975830078,0
178.99,32.81605911254883,-5.9710469245910645,0
179,32.74703598022461,-5.980681896209717,0
179.01,32.6793327331543,-5.988852024078369,0
179.02,32.60774230957031,-6.000960826873779,0
179.03,32.537498474121094,-6.011549949645996,0
179.04,32.47378158569336,-6.015273571014404,0
179.05,32.41133499145508,-6.017646312713623,0
179.06,32.344947814941406,-6.0240702629089355,0
179.07,32.27812576293945,-6.030877590179443,0
179.08,32.200538635253906,-6.048753261566162,0
179.09,32.124366760253906,-6.064980983734131,0
179.1,32.04959487915039,-6.079591274261475,0
179.11,31.976211547851562,-6.09261417388916,0
179.12,31.904203414916992,-6.104079246520996,0
179.13,31.83355712890625,-6.114016056060791,0
179.14,31.76426124572754,-6.1224541664123535,0
179.15,31.69630241394043,-6.129422187805176,0
179.16,31.629667282104492,-6.13494873046875,0
179.17,31.564342498779297,-6.13906192779541,0
179.18,31.500314712524414,-6.14178991317749,0
179.19,31.437570571899414,-6.143160820007324,0
179.2,31.3760986328125,-6.14320182800293,0
179.21,31.315885543823242,-6.141940593719482,0
179.22,31.253456115722656,-6.14298677444458,0
179.23,31.176761627197266,-6.158778667449951,0
179.24,31.117013931274414,-6.15687370300293,0
179.25,31.058509826660156,-6.153702735900879,0
179.26,30.997772216796875,-6.152876377105713,0
179.27,30.926218032836914,-6.163248538970947,0
179.28,30.83876609802246,-6.189962863922119,0
179.29,30.75284194946289,-6.214818477630615,0
179.3,30.668434143066406,-6.237847805023193,0
179.31,30.604524612426758,-6.239431858062744,0
179.32,30.545316696166992,-6.2361345291137695,0
179.33,30.48567771911621,-6.23331880569458,0
179.34,30.42728614807129,-6.2292399406433105,0
179.35,30.370132446289062,-6.22392463684082,0
179.36,30.31587791442871,-6.215663909912109,0
179.37,30.262815475463867,-6.2062554359436035,0
179.38,30.2109317779541,-6.1957244873046875,0
179.39,30.158536911010742,-6.185831546783447,0
179.4,30.10898780822754,-6.173095226287842,0
179.41,30.058900833129883,-6.161046981811523,0
179.42,30.006494522094727,-6.151523590087891,0
179.43,29.96039581298828,-6.135572910308838,0
179.44,29.91539764404297,-6.118649005889893,0
179.45,29.86634635925293,-6.106093883514404,0
179.46,29.818422317504883,-6.092502117156982,0
179.47,29.77161407470703,-6.077897548675537,0
179.48,29.731046676635742,-6.056985378265381,0
179.49,29.688106536865234,-6.038745403289795,0
179.5,29.646224975585938,-6.019599437713623,0
179.51,29.605388641357422,-5.999569892883301,0
179.52,29.560388565063477,-5.9840545654296875,0
179.53,29.516462326049805,-5.967588901519775,0
179.54,29.471866607666016,-5.9519877433776855,0
179.55,29.428335189819336,-5.9354448318481445,0
179.56,29.378931045532227,-5.925149440765381,0
179.57,29.33064079284668,-5.913809299468994,0
179.58,29.283451080322266,-5.901448726654053,0
179.59,29.237346649169922,-5.88809061050415,0
179.6,29.178518295288086,-5.888035297393799,0
179.61,29.119165420532227,-5.888525485992432,0
179.62,29.06102180480957,-5.887757778167725,0
179.63,29.00407600402832,-5.885758399963379,0
179.64,28.950048446655273,-5.88076114654541,0
179.65,28.89717674255371,-5.874619960784912,0
179.66,28.852375030517578,-5.860193252563477,0
179.67,28.808631896972656,-5.844820499420166,0
179.68,28.765933990478516,-5.828524112701416,0
179.69,28.724271774291992,-5.811326503753662,0
179.7,28.683629989624023,-5.793249607086182,0
179.71,28.643999099731445,-5.774315357208252,0
179.72,28.605363845825195,-5.754545211791992,0
179.73,28.552183151245117,-5.750029563903809,0
179.74,28.50013542175293,-5.744388103485107,0
179.75,28.449209213256836,-5.737644672393799,0
179.76,28.399391174316406,-5.729823589324951,0
179.77,28.350669860839844,-5.720948696136475,0
179.78,28.303035736083984,-5.711043357849121,0
179.79,28.256473541259766,-5.700130939483643,0
179.8,28.21097183227539,-5.688233852386475,0
179.81,28.16651725769043,-5.675375461578369,0
179.82,28.12310028076172,-5.6615777015686035,0
179.83,28.080707550048828,-5.646862983703613,0
179.84,28.039325714111328,-5.631253242492676,0
179.85,27.998945236206055,-5.61476993560791,0
179.86,27.944021224975586,-5.6135029792785645,0
179.87,27.890235900878906,-5.611072540283203,0
179.88,27.8341121673584,-5.611085891723633,0
179.89,27.779138565063477,-5.609910011291504,0
179.9,27.72530174255371,-5.607569694519043,0
179.91,27.672590255737305,-5.604089260101318,0
179.92,27.620990753173828,-5.59949254989624,0
179.93,27.57049560546875,-5.593803405761719,0
179.94,27.519357681274414,-5.588837146759033,0
179.95,27.469314575195312,-5.582788467407227,0
179.96,27.41002082824707,-5.586374282836914,0
179.97,27.351905822753906,-5.588703155517578,0
179.98,27.305294036865234,-5.579106330871582,0
179.99,27.24593162536621,-5.58280086517334,0
180,27.1877498626709,-5.5852370262146,0
180.01,27.125539779663086,-5.5918145179748535,0
180.02,27.06113052368164,-5.600599765777588,0
180.03,26.987564086914062,-5.618768215179443,0
180.04,26.92912483215332,-5.621097087860107,0
180.05,26.87186050415039,-5.62218713760376,0
180.06,26.801959991455078,-5.636340618133545,0
180.07,26.729887008666992,-5.65259313583374,0
180.08,26.65913200378418,-5.6673150062561035,0
180.09,26.58968162536621,-5.680534362792969,0
180.1,26.52152442932129,-5.69227933883667,0
180.11,26.449506759643555,-5.707896709442139,0
180.12,26.37881088256836,-5.72198486328125,0
180.13,26.30596160888672,-5.738155364990234,0
180.14,26.234447479248047,-5.752779006958008,0
180.15,26.16771697998047,-5.762300491333008,0
180.16,26.098796844482422,-5.773989677429199,0
180.17,26.031173706054688,-5.784215927124023,0
180.18,25.954498291015625,-5.803700923919678,0
180.19,25.879201889038086,-5.82155704498291,0
180.2,25.805273056030273,-5.837813854217529,0
180.21,25.732698440551758,-5.8525004386901855,0
180.22,25.65973472595215,-5.867437839508057,0
180.23,25.588119506835938,-5.880825996398926,0
180.24,25.51437759399414,-5.89627742767334,0
180.25,25.445457458496094,-5.906579494476318,0
180.26,25.374385833740234,-5.919002532958984,0
180.27,25.308109283447266,-5.926333904266357,0
180.28,25.24658203125,-5.928675651550293,0
180.29,25.182828903198242,-5.9332966804504395,0
180.3,25.12033462524414,-5.93656587600708,0
180.31,25.05908966064453,-5.938510417938232,0
180.32,24.999080657958984,-5.939156532287598,0
180.33,24.94029426574707,-5.938530921936035,0
180.34,24.88271713256836,-5.936659812927246,0
180.35,24.826337814331055,-5.933569431304932,0
180.36,24.771142959594727,-5.929285049438477,0
180.37,24.717119216918945,-5.923831939697266,0
180.38,24.66079330444336,-5.920818328857422,0
180.39,24.602188110351562,-5.92019510269165,0
180.4,24.544788360595703,-5.918330192565918,0
180.41,24.488582611083984,-5.915249347686768,0
180.42,24.419757843017578,-5.925255298614502,0
180.43,24.35224723815918,-5.93380069732666,0
180.44,24.286033630371094,-5.940914154052734,0
180.45,24.217641830444336,-5.950206279754639,0
180.46,24.154024124145508,-5.954463958740234,0
180.47,24.084794998168945,-5.964483261108398,0
180.48,24.015153884887695,-5.974824905395508,0
180.49,23.945106506347656,-5.985480308532715,0
180.5,23.874658584594727,-5.996440887451172,0
180.51,23.807275772094727,-6.004115104675293,0
180.52,23.741199493408203,-6.010359764099121,0
180.53,23.678146362304688,-6.013411521911621,0
180.54,23.62149429321289,-6.009807586669922,0
180.55,23.559165954589844,-6.012114524841309,0
180.56,23.498090744018555,-6.0131001472473145,0
180.57,23.438257217407227,-6.012791633605957,0
180.58,23.370994567871094,-6.0201735496521,0
180.59,23.305036544799805,-6.026128768920898,0
180.6,23.23869514465332,-6.032420635223389,0
180.61,23.171918869018555,-6.039097309112549,0
180.62,23.09778594970703,-6.05331563949585,0
180.63,23.011232376098633,-6.080236911773682,0
180.64,22.92618751525879,-6.105318546295166,0
180.65,22.842639923095703,-6.1285929679870605,0
180.66,22.760574340820312,-6.150092124938965,0
180.67,22.67997932434082,-6.1698479652404785,0
180.68,22.600839614868164,-6.187891960144043,0
180.69,22.52314567565918,-6.204255104064941,0
180.7,22.446882247924805,-6.218968391418457,0
180.71,22.389299392700195,-6.214202404022217,0
180.72,22.332942962646484,-6.208217144012451,0
180.73,22.260536193847656,-6.218899250030518,0
180.74,22.18950653076172,-6.2280449867248535,0
180.75,22.119842529296875,-6.235683917999268,0
180.76,22.051530838012695,-6.24184513092041,0
180.77,21.98455810546875,-6.246557712554932,0
180.78,21.91891098022461,-6.249849796295166,0
180.79,21.851167678833008,-6.255277633666992,0
180.8,21.781293869018555,-6.262852191925049,0
180.81,21.71624183654785,-6.265361309051514,0
180.82,21.65590476989746,-6.262964248657227,0
180.83,21.59341812133789,-6.262816429138184,0
180.84,21.53221321105957,-6.2613444328308105,0
180.85,21.47227668762207,-6.258575916290283,0
180.86,21.41012954711914,-6.258121490478516,0
180.87,21.349260330200195,-6.256350040435791,0
180.88,21.286191940307617,-6.256872653961182,0
180.89,21.208879470825195,-6.272127151489258,0
180.9,21.12953758239746,-6.289323806762695,0
180.91,21.051651000976562,-6.304835319519043,0
180.92,20.975208282470703,-6.3186936378479,0
180.93,20.896785736083984,-6.334456443786621,0
180.94,20.819814682006836,-6.3485541343688965,0
180.95,20.747690200805664,-6.357490539550781,0
180.96,20.676956176757812,-6.364896774291992,0
180.97,20.61106300354004,-6.3672194480896,0
180.98,20.55169105529785,-6.3627705574035645,0
180.99,20.493579864501953,-6.357064723968506,0
181,20.42118263244629,-6.366197109222412,0
181.01,20.350177764892578,-6.373793601989746,0
181.02,20.27362632751465,-6.387050628662109,0
181.03,20.196834564208984,-6.400418281555176,0
181.04,20.121484756469727,-6.412156105041504,0
181.05,20.052705764770508,-6.416975975036621,0
181.06,19.980146408081055,-6.425656318664551,0
181.07,19.908987045288086,-6.432797431945801,0
181.08,19.84089469909668,-6.4366936683654785,0
181.09,19.77415657043457,-6.439146041870117,0
181.1,19.70876121520996,-6.440183639526367,0
181.11,19.644695281982422,-6.439835548400879,0
181.12,19.581945419311523,-6.438129901885986,0
181.13,19.520498275756836,-6.435095310211182,0
181.14,19.460338592529297,-6.430758953094482,0
181.15,19.401453018188477,-6.425148963928223,0
181.16,19.343830108642578,-6.41829252243042,0
181.17,19.28745460510254,-6.410216331481934,0
181.18,19.230632781982422,-6.402683258056641,0
181.19,19.16985511779785,-6.399322509765625,0
181.2,19.110353469848633,-6.394674777984619,0
181.21,19.05211639404297,-6.388767242431641,0
181.22,18.991666793823242,-6.385210037231445,0
181.23,18.929080963134766,-6.383899688720703,0
181.24,18.86779022216797,-6.381263732910156,0
181.25,18.811189651489258,-6.373802661895752,0
181.26,18.752412796020508,-6.36867094039917,0
181.27,18.694889068603516,-6.362294673919678,0
181.28,18.63860511779785,-6.354701042175293,0
181.29,18.58008575439453,-6.349499702453613,0
181.3,18.52108383178711,-6.344851016998291,0
181.31,18.463336944580078,-6.338953018188477,0
181.32,18.396493911743164,-6.342526435852051,0
181.33,18.330984115600586,-6.344682693481445,0
181.34,18.266796112060547,-6.345450401306152,0
181.35,18.203914642333984,-6.344858169555664,0
181.36,18.13713264465332,-6.348308563232422,0
181.37,18.071683883666992,-6.350343227386475,0
181.38,18.00241470336914,-6.356309413909912,0
181.39,17.93277359008789,-6.362597942352295,0
181.4,17.864498138427734,-6.367409706115723,0
181.41,17.797571182250977,-6.370773792266846,0
181.42,17.728519439697266,-6.376302242279053,0
181.43,17.66082763671875,-6.380366325378418,0
181.44,17.59794807434082,-6.3794121742248535,0
181.45,17.536365509033203,-6.3771257400512695,0
181.46,17.47260093688965,-6.377118110656738,0
181.47,17.40841293334961,-6.377551078796387,0
181.48,17.3403377532959,-6.3819990158081055,0
181.49,17.271936416625977,-6.3867387771606445,0
181.5,17.20488929748535,-6.39002799987793,0
181.51,17.14086151123047,-6.39016056060791,0
181.52,17.076465606689453,-6.390671730041504,0
181.53,17.01165008544922,-6.391610145568848,0
181.54,16.942960739135742,-6.396550178527832,0
181.55,16.875629425048828,-6.400033473968506,0
181.56,16.809640884399414,-6.402089595794678,0
181.57,16.73638153076172,-6.411648750305176,0
181.58,16.673131942749023,-6.410751819610596,0
181.59,16.602582931518555,-6.417416572570801,0
181.6,16.53341293334961,-6.4225850105285645,0
181.61,16.465608596801758,-6.426286697387695,0
181.62,16.395694732666016,-6.432134628295898,0
181.63,16.3271541595459,-6.43649959564209,0
181.64,16.259973526000977,-6.439411640167236,0
181.65,16.189001083374023,-6.446218013763428,0
181.66,16.119415283203125,-6.451519012451172,0
181.67,16.03740119934082,-6.469621658325195,0
181.68,15.956891059875488,-6.485982894897461,0
181.69,15.877869606018066,-6.500634670257568,0
181.7,15.805463790893555,-6.508289813995361,0
181.71,15.734466552734375,-6.514409065246582,0
181.72,15.659721374511719,-6.524342060089111,0
181.73,15.591550827026367,-6.527369976043701,0
181.74,15.526479721069336,-6.527161121368408,0
181.75,15.469669342041016,-6.518406867980957,0
181.76,15.414108276367188,-6.508450984954834,0
181.77,15.359782218933105,-6.49731969833374,0
181.78,15.299751281738281,-6.49220609664917,0
181.79,15.246194839477539,-6.480446815490723,0
181.8,15.193851470947266,-6.467555522918701,0
181.81,15.142705917358398,-6.45355749130249,0
181.82,15.092744827270508,-6.438478946685791,0
181.83,15.037028312683105,-6.429511547088623,0
181.84,14.982540130615234,-6.419365406036377,0
181.85,14.929266929626465,-6.408066749572754,0
181.86,14.877196311950684,-6.395641803741455,0
181.87,14.826313018798828,-6.382116317749023,0
181.88,14.774927139282227,-6.369251251220703,0
181.89,14.721256256103516,-6.358883380889893,0
181.9,14.668785095214844,-6.3473801612854,0
181.91,14.61577033996582,-6.336559295654297,0
181.92,14.563946723937988,-6.324617385864258,0
181.93,14.50810718536377,-6.316954612731934,0
181.94,14.453486442565918,-6.308110237121582,0
181.95,14.389735221862793,-6.308804035186768,0
181.96,14.325604438781738,-6.309882640838623,0
181.97,14.25758171081543,-6.314976692199707,0
181.98,14.190902709960938,-6.318628311157227,0
181.99,14.13074779510498,-6.315491676330566,0
182,14.06666088104248,-6.316455841064453,0
182.01,14.003876686096191,-6.316061973571777,0
182.02,13.942381858825684,-6.314337730407715,0
182.03,13.88043212890625,-6.313102722167969,0
182.04,13.81976318359375,-6.3105549812316895,0
182.05,13.760361671447754,-6.306722640991211,0
182.06,13.702214241027832,-6.301632404327393,0
182.07,13.640167236328125,-6.30063009262085,0
182.08,13.57420539855957,-6.303688049316406,0
182.09,13.49576473236084,-6.319624900817871,0
182.1,13.41704273223877,-6.335687637329102,0
182.11,13.339775085449219,-6.35007905960083,0
182.12,13.26395034790039,-6.36283016204834,0
182.13,13.191285133361816,-6.372180461883545,0
182.14,13.118284225463867,-6.381780624389648,0
182.15,13.048416137695312,-6.388040065765381,0
182.16,12.985113143920898,-6.3874430656433105,0
182.17,12.917917251586914,-6.3908796310424805,0
182.18,12.850332260131836,-6.394683361053467,0
182.19,12.784093856811523,-6.397054195404053,0
182.2,12.726115226745605,-6.390854358673096,0
182.21,12.669384956359863,-6.383427619934082,0
182.22,12.613889694213867,-6.374800205230713,0
182.23,12.559615135192871,-6.364998817443848,0
182.24,12.506547927856445,-6.3540496826171875,0
182.25,12.447748184204102,-6.349144458770752,0
182.26,12.3902006149292,-6.342994689941406,0
182.27,12.323555946350098,-6.346320629119873,0
182.28,12.253103256225586,-6.353552341461182,0
182.29,12.184021949768066,-6.359289646148682,0
182.3,12.112835884094238,-6.36714506149292,0
182.31,12.043031692504883,-6.373490810394287,0
182.32,11.974594116210938,-6.378355979919434,0
182.33,11.907510757446289,-6.381770133972168,0
182.34,11.841767311096191,-6.383761882781982,0
182.35,11.779082298278809,-6.382568836212158,0
182.36,11.724566459655762,-6.372937202453613,0
182.37,11.671260833740234,-6.362152576446533,0
182.38,11.612279891967773,-6.357351303100586,0
182.39,11.554553985595703,-6.351301193237305,0
182.4,11.496337890625,-6.345820903778076,0
182.41,11.439367294311523,-6.339107990264893,0
182.42,11.38362979888916,-6.3311896324157715,0
182.43,11.32911205291748,-6.322091579437256,0
182.44,11.274067878723145,-6.313632011413574,0
182.45,11.218502044677734,-6.30579948425293,0
182.46,11.16588306427002,-6.294999599456787,0
182.47,11.112714767456055,-6.284878730773926,0
182.48,11.060734748840332,-6.2736334800720215,0
182.49,11.009929656982422,-6.261289119720459,0
182.5,10.939614295959473,-6.269258499145508,0
182.51,10.870660781860352,-6.275736331939697,0
182.52,10.803055763244629,-6.280751705169678,0
182.53,10.722987174987793,-6.298610687255859,0
182.54,10.64438247680664,-6.314769268035889,0
182.55,10.567230224609375,-6.329258918762207,0
182.56,10.49151611328125,-6.342110633850098,0
182.57,10.425885200500488,-6.344397068023682,0
182.58,10.361576080322266,-6.345292568206787,0
182.59,10.300252914428711,-6.343089580535889,0
182.6,10.238529205322266,-6.341323375701904,0
182.61,10.178086280822754,-6.338249683380127,0
182.62,10.118912696838379,-6.333895683288574,0
182.63,10.059261322021484,-6.330080032348633,0
182.64,10.000868797302246,-6.325001239776611,0
182.65,9.941990852355957,-6.3204779624938965,0
182.66,9.87402629852295,-6.32540225982666,0
182.67,9.797069549560547,-6.339578628540039,0
182.68,9.721550941467285,-6.352121353149414,0
182.69,9.647455215454102,-6.363061428070068,0
182.7,9.574769973754883,-6.372429370880127,0
182.71,9.501749992370605,-6.382046699523926,0
182.72,9.423258781433105,-6.397225379943848,0
182.73,9.34622573852539,-6.41073751449585,0
182.74,9.270639419555664,-6.422614574432373,0
182.75,9.196483612060547,-6.432887554168701,0
182.76,9.120282173156738,-6.4451704025268555,0
182.77,9.045520782470703,-6.455835819244385,0
182.78,8.972187042236328,-6.464914798736572,0
182.79,8.90026569366455,-6.472438335418701,0
182.8,8.829744338989258,-6.47843599319458,0
182.81,8.760608673095703,-6.482938289642334,0
182.82,8.69284439086914,-6.4859747886657715,0
182.83,8.628170013427734,-6.485783100128174,0
182.84,8.56482219696045,-6.4842209815979,0
182.85,8.504518508911133,-6.479525566101074,0
182.86,8.44549560546875,-6.47355318069458,0
182.87,8.38427734375,-6.46991491317749,0
182.88,8.324347496032715,-6.464980125427246,0
182.89,8.260553359985352,-6.464095115661621,0
182.9,8.191146850585938,-6.469025135040283,0
182.91,8.117972373962402,-6.477802276611328,0
182.92,8.046211242675781,-6.485027313232422,0
182.93,7.97584867477417,-6.490730285644531,0
182.94,7.906871795654297,-6.494941234588623,0
182.95,7.839265823364258,-6.497689723968506,0
182.96,7.773017883300781,-6.49900484085083,0
182.97,7.708113670349121,-6.498916149139404,0
182.98,7.644539833068848,-6.497452259063721,0
182.99,7.5788187980651855,-6.49822473526001,0
183,7.514435768127441,-6.4976043701171875,0
183.01,7.454841136932373,-6.492036819458008,0
183.02,7.39652156829834,-6.485207557678223,0
183.03,7.339463233947754,-6.477144241333008,0
183.04,7.280189037322998,-6.471456527709961,0
183.05,7.223916530609131,-6.4627227783203125,0
183.06,7.168881893157959,-6.452798366546631,0
183.07,7.115071773529053,-6.441709995269775,0
183.08,7.062472343444824,-6.429483890533447,0
183.09,7.0110697746276855,-6.4161458015441895,0
183.1,6.953978061676025,-6.408831596374512,0
183.11,6.89812707901001,-6.400309085845947,0
183.12,6.83316707611084,-6.401298999786377,0
183.13,6.769527912139893,-6.400912284851074,0
183.14,6.70719575881958,-6.399177074432373,0
183.15,6.639230728149414,-6.403287887573242,0
183.16,6.572617053985596,-6.4059576988220215,0
183.17,6.484992027282715,-6.430338382720947,0
183.18,6.398922920227051,-6.452857494354248,0
183.19,6.316073417663574,-6.471812725067139,0
183.2,6.234734535217285,-6.48900842666626,0
183.21,6.154893398284912,-6.504477024078369,0
183.22,6.076535701751709,-6.518250465393066,0
183.23,5.999648094177246,-6.530360698699951,0
183.24,5.932820796966553,-6.531937122344971,0
183.25,5.8587422370910645,-6.540999412536621,0
183.26,5.786092281341553,-6.548490047454834,0
183.27,5.7148566246032715,-6.554439544677734,0
183.28,5.645021438598633,-6.558878421783447,0
183.29,5.576573371887207,-6.5618367195129395,0
183.3,5.509498119354248,-6.5633440017700195,0
183.31,5.443781852722168,-6.563429832458496,0
183.32,5.37773323059082,-6.563858509063721,0
183.33,5.313033103942871,-6.562887668609619,0
183.34,5.247935771942139,-6.562337875366211,0
183.35,5.184177398681641,-6.560408592224121,0
183.36,5.121743202209473,-6.55712890625,0
183.37,5.057156562805176,-6.556110382080078,0
183.38,4.981834888458252,-6.566208362579346,0
183.39,4.9010844230651855,-6.5818190574646,0
183.4,4.821834564208984,-6.595715045928955,0
183.41,4.7509446144104,-6.600818634033203,0
183.42,4.681456565856934,-6.604419231414795,0
183.43,4.613356113433838,-6.606546401977539,0
183.44,4.546629905700684,-6.607230186462402,0
183.45,4.474390506744385,-6.61361026763916,0
183.46,4.400104999542236,-6.622041702270508,0
183.47,4.327258110046387,-6.628897666931152,0
183.48,4.255836009979248,-6.6342082023620605,0
183.49,4.172079563140869,-6.652225494384766,0
183.5,4.088129997253418,-6.670255661010742,0
183.51,4.002260208129883,-6.690086364746094,0
183.52,3.912813425064087,-6.713412284851074,0
183.53,3.830111026763916,-6.729519367218018,0
183.54,3.7489447593688965,-6.743870735168457,0
183.55,3.6727635860443115,-6.752915859222412,0
183.56,3.5980536937713623,-6.760344982147217,0
183.57,3.524801254272461,-6.7661895751953125,0
183.58,3.444387435913086,-6.779382705688477,0
183.59,3.3706324100494385,-6.785550117492676,0
183.6,3.301790714263916,-6.7865705490112305,0
183.61,3.234349012374878,-6.786131858825684,0
183.62,3.1648294925689697,-6.787847518920898,0
183.63,3.0829718112945557,-6.802310466766357,0
183.64,3.0026488304138184,-6.815035820007324,0
183.65,2.9152419567108154,-6.834959030151367,0
183.66,2.829429864883423,-6.853025913238525,0
183.67,2.7451982498168945,-6.8692708015441895,0
183.68,2.6625325679779053,-6.883727073669434,0
183.69,2.581418514251709,-6.896429061889648,0
183.7,2.5052504539489746,-6.903882026672363,0
183.71,2.4305691719055176,-6.909719467163086,0
183.72,2.3573601245880127,-6.913973331451416,0
183.73,2.2873406410217285,-6.914883613586426,0
183.74,2.2187461853027344,-6.914309978485107,0
183.75,2.1498305797576904,-6.914074897766113,0
183.76,2.0823285579681396,-6.912379264831543,0
183.77,2.016225576400757,-6.90925407409668,0
183.78,1.9498295783996582,-6.906464099884033,0
183.79,1.8830889463424683,-6.904059886932373,0
183.8,1.8074026107788086,-6.910935401916504,0
183.81,1.733199119567871,-6.916205883026123,0
183.82,1.6570004224777222,-6.923486232757568,0
183.83,1.5822908878326416,-6.929150581359863,0
183.84,1.5125192403793335,-6.929647445678711,0
183.85,1.444171667098999,-6.928665637969971,0
183.86,1.3772333860397339,-6.926235675811768,0
183.87,1.3048173189163208,-6.929498672485352,0
183.88,1.233852505683899,-6.9312262535095215,0
183.89,1.1643240451812744,-6.931449890136719,0
183.9,1.096217393875122,-6.930200099945068,0
183.91,1.0295177698135376,-6.9275078773498535,0
183.92,0.964210569858551,-6.923402786254883,0
183.93,0.8899449110031128,-6.928608417510986,0
183.94,0.8274853825569153,-6.921545505523682,0
183.95,0.7629109025001526,-6.916743755340576,0
183.96,0.699705958366394,-6.910574913024902,0
183.97,0.6327147483825684,-6.908387184143066,0
183.98,0.5722581148147583,-6.899461269378662,0
183.99,0.5131270289421082,-6.889256477355957,0
184,0.4553069472312927,-6.877800941467285,0
184.01,0.39878323674201965,-6.8651227951049805,0
184.02,0.3452729284763336,-6.849457740783691,0
184.03,0.2912803590297699,-6.83445405960083,0
184.04,0.2402721345424652,-6.8165178298950195,0
184.05,0.1938936412334442,-6.7939772605896,0
184.06,0.15214894711971283,-6.766875743865967,0
184.07,0.11152465641498566,-6.738895416259766,0
184.08,0.07200643420219421,-6.710060119628906,0
184.09,0.021512389183044434,-6.692878723144531,0
184.1,-0.027779236435890198,-6.674631118774414,0
184.11,-0.08448691666126251,-6.664245128631592,0
184.12,-0.13993147015571594,-6.652659893035889,0
184.13,-0.19412703812122345,-6.639902114868164,0
184.14,-0.2504969537258148,-6.629526138305664,0
184.15,-0.3073424994945526,-6.619749546051025,0
184.16,-0.3629280626773834,-6.608770370483398,0
184.17,-0.41726768016815186,-6.596615791320801,0
184.18,-0.4686436355113983,-6.5815205574035645,0
184.19,-0.5205512642860413,-6.567131519317627,0
184.2,-0.5712549090385437,-6.551645755767822,0
184.21,-0.6207684278488159,-6.535089015960693,0
184.22,-0.6691057085990906,-6.517486572265625,0
184.23,-0.7248849272727966,-6.507765769958496,0
184.24,-0.7862991094589233,-6.5039753913879395,0
184.25,-0.8430092930793762,-6.495357513427734,0
184.26,-0.913950502872467,-6.501552104949951,0
184.27,-0.9886404275894165,-6.511561393737793,0
184.28,-1.0618987083435059,-6.519985675811768,0
184.29,-1.1337392330169678,-6.526855945587158,0
184.3,-1.2041757106781006,-6.53220272064209,0
184.31,-1.281826376914978,-6.544958114624023,0
184.32,-1.3580117225646973,-6.556065082550049,0
184.33,-1.4327455759048462,-6.565555572509766,0
184.34,-1.5060417652130127,-6.573460578918457,0
184.35,-1.5727733373641968,-6.57449197769165,0
184.36,-1.6432892084121704,-6.579428195953369,0
184.37,-1.712409257888794,-6.582869052886963,0
184.38,-1.7836108207702637,-6.588428020477295,0
184.39,-1.8465358018875122,-6.585366249084473,0
184.4,-1.9081422090530396,-6.580971717834473,0
184.41,-1.968443751335144,-6.575273036956787,0
184.42,-2.0257227420806885,-6.566506385803223,0
184.43,-2.0834743976593018,-6.558319091796875,0
184.44,-2.145104169845581,-6.554228782653809,0
184.45,-2.2002906799316406,-6.543514728546143,0
184.46,-2.259383201599121,-6.536952495574951,0
184.47,-2.3120601177215576,-6.523820877075195,0
184.48,-2.3686704635620117,-6.514894485473633,0
184.49,-2.4309608936309814,-6.511937141418457,0
184.5,-2.4953558444976807,-6.511187553405762,0
184.51,-2.563565731048584,-6.514392852783203,0
184.52,-2.6304099559783936,-6.5161519050598145,0
184.53,-2.6959023475646973,-6.516494274139404,0
184.54,-2.772124767303467,-6.5279340744018555,0
184.55,-2.846898078918457,-6.537756443023682,0
184.56,-2.920236110687256,-6.545992374420166,0
184.57,-2.993884801864624,-6.554464340209961,0
184.58,-3.0833163261413574,-6.5791778564453125,0
184.59,-3.1711585521698,-6.601991176605225,0
184.6,-3.257425308227539,-6.622938632965088,0
184.61,-3.3438620567321777,-6.643845081329346,0
184.62,-3.4287333488464355,-6.6629157066345215,0
184.63,-3.510321617126465,-6.67839241027832,0
184.64,-3.59039044380188,-6.692137241363525,0
184.65,-3.6689541339874268,-6.704182147979736,0
184.66,-3.747758626937866,-6.716351509094238,0
184.67,-3.8370816707611084,-6.7392778396606445,0
184.68,-3.9282636642456055,-6.763890266418457,0
184.69,-4.017818927764893,-6.78656530380249,0
184.7,-4.105762481689453,-6.807337760925293,0
184.71,-4.192108154296875,-6.826242446899414,0
184.72,-4.280280113220215,-6.846840858459473,0
184.73,-4.366847991943359,-6.865566730499268,0
184.74,-4.453557968139648,-6.884245872497559,0
184.75,-4.536943435668945,-6.8992919921875,0
184.76,-4.615359306335449,-6.909040927886963,0
184.77,-4.695673942565918,-6.920653343200684,0
184.78,-4.7744574546813965,-6.930561542510986,0
184.79,-4.851724147796631,-6.938798427581787,0
184.8,-4.927489280700684,-6.945396423339844,0
184.81,-5.001767635345459,-6.950387477874756,0
184.82,-5.074573516845703,-6.953803539276123,0
184.83,-5.14592170715332,-6.955676555633545,0
184.84,-5.215826988220215,-6.9560370445251465,0
184.85,-5.284304141998291,-6.954916477203369,0
184.86,-5.351367950439453,-6.95234489440918,0
184.87,-5.405019283294678,-6.9359235763549805,0
184.88,-5.457411289215088,-6.918369293212891,0
184.89,-5.50855827331543,-6.899708271026611,0
184.9,-5.580824375152588,-6.903090476989746,0
184.91,-5.651643753051758,-6.904941082000732,0
184.92,-5.722762584686279,-6.9070820808410645,0
184.93,-5.7958550453186035,-6.911242961883545,0
184.94,-5.867491245269775,-6.913854122161865,0
184.95,-5.941149711608887,-6.918530464172363,0
184.96,-6.013345241546631,-6.921644687652588,0
184.97,-6.084092617034912,-6.923228740692139,0
184.98,-6.1499433517456055,-6.919730186462402,0
184.99,-6.214410781860352,-6.914836883544922,0
185,-6.277510643005371,-6.908578872680664,0
185.01,-6.339256286621094,-6.900984764099121,0
185.02,-6.397985458374023,-6.890348434448242,0
185.03,-6.455407619476318,-6.878469944000244,0
185.04,-6.511537551879883,-6.865377426147461,0
185.05,-6.566389560699463,-6.851098537445068,0
185.06,-6.619978427886963,-6.835660457611084,0
185.07,-6.672318458557129,-6.819089889526367,0
185.08,-6.72169303894043,-6.799622058868408,0
185.09,-6.769865036010742,-6.779112339019775,0
185.1,-6.811708927154541,-6.752267360687256,0
185.11,-6.852433204650879,-6.724541664123535,0
185.12,-6.892051696777344,-6.695959091186523,0
185.13,-6.930578708648682,-6.666543006896973,0
185.14,-6.966297149658203,-6.634525299072266,0
185.15,-7.000970363616943,-6.601757526397705,0
185.16,-7.024276256561279,-6.557568073272705,0
185.17,-7.057008266448975,-6.523587703704834,0
185.18,-7.0887370109558105,-6.488921165466309,0
185.19,-7.122885704040527,-6.457117080688477,0
185.2,-7.1560235023498535,-6.424595832824707,0
185.21,-7.188164234161377,-6.391379356384277,0
185.22,-7.226193904876709,-6.364599227905273,0
185.23,-7.263182163238525,-6.337018966674805,0
185.24,-7.299142837524414,-6.308660984039307,0
185.25,-7.334089279174805,-6.279547214508057,0
185.26,-7.366357326507568,-6.2479634284973145,0
185.27,-7.397655010223389,-6.215702533721924,0
185.28,-7.4228010177612305,-6.17741060256958,0
185.29,-7.447056770324707,-6.138594150543213,0
185.3,-7.475630760192871,-6.104646682739258,0
185.31,-7.503286838531494,-6.070100784301758,0
185.32,-7.524842739105225,-6.029601573944092,0
185.33,-7.550755977630615,-5.9940290451049805,0
185.34,-7.575789928436279,-5.95791482925415,0
185.35,-7.599957466125488,-5.92127799987793,0
185.36,-7.6232709884643555,-5.88413667678833,0
185.37,-7.645743370056152,-5.8465094566345215,0
185.38,-7.667387008666992,-5.808413982391357,0
185.39,-7.68821382522583,-5.769867897033691,0
185.4,-7.7082366943359375,-5.730888843536377,0
185.41,-7.7274675369262695,-5.691493511199951,0
185.42,-7.737314701080322,-5.642796993255615,0
185.43,-7.746483325958252,-5.593902111053467,0
185.44,-7.754985332489014,-5.54482364654541,0
185.45,-7.762832164764404,-5.495575428009033,0
185.46,-7.770036220550537,-5.446171283721924,0
185.47,-7.776608467102051,-5.39662504196167,0
185.48,-7.7825608253479,-5.346950054168701,0
185.49,-7.787904739379883,-5.297159194946289,0
185.5,-7.792651176452637,-5.247265815734863,0
185.51,-7.796812057495117,-5.197282314300537,0
185.52,-7.800398349761963,-5.147221565246582,0
185.53,-7.813702583312988,-5.107732772827148,0
185.54,-7.826347351074219,-5.067970275878906,0
185.55,-7.838343620300293,-5.027948379516602,0
185.56,-7.84970235824585,-4.987680912017822,0
185.57,-7.850152015686035,-4.9365434646606445,0
185.58,-7.860373497009277,-4.896045207977295,0
185.59,-7.869988918304443,-4.855339050292969,0
185.6,-7.887613296508789,-4.823339462280273,0
185.61,-7.904562950134277,-4.79097318649292,0
185.62,-7.920848369598389,-4.7582550048828125,0
185.63,-7.938211917877197,-4.726990222930908,0
185.64,-7.953181266784668,-4.693572521209717,0
185.65,-7.967517375946045,-4.659844398498535,0
185.66,-7.981229782104492,-4.625819683074951,0
185.67,-7.990918159484863,-4.587984561920166,0
185.68,-7.991433620452881,-4.541049957275391,0
185.69,-7.991478443145752,-4.494114398956299,0
185.7,-7.991063117980957,-4.447187900543213,0
185.71,-7.995337009429932,-4.405599117279053,0
185.72,-7.99911642074585,-4.36392879486084,0
185.73,-8.005873680114746,-4.325770378112793,0
185.74,-8.008655548095703,-4.283893585205078,0
185.75,-8.010970115661621,-4.241966724395752,0
185.76,-8.009416580200195,-4.196472644805908,0
185.77,-8.010858535766602,-4.154548168182373,0
185.78,-8.011860847473145,-4.1126017570495605,0
185.79,-8.012432098388672,-4.070643424987793,0
185.8,-8.016043663024902,-4.0322651863098145,0
185.81,-8.019205093383789,-3.9938182830810547,0
185.82,-8.015052795410156,-3.948202133178711,0
185.83,-8.010539054870605,-3.9026834964752197,0
185.84,-8.005671501159668,-3.8572702407836914,0
185.85,-8.007330894470215,-3.819080352783203,0
185.86,-8.001709938049316,-3.7737529277801514,0
185.87,-7.995760440826416,-3.7285540103912354,0
185.88,-7.991167068481445,-3.6852264404296875,0
185.89,-7.98624324798584,-3.642005205154419,0
185.9,-7.970715522766113,-3.5882599353790283,0
185.91,-7.965261459350586,-3.545492649078369,0
185.92,-7.959499835968018,-3.50285005569458,0
185.93,-7.956902027130127,-3.4639217853546143,0
185.94,-7.950512886047363,-3.421473503112793,0
185.95,-7.943839073181152,-3.3791697025299072,0
185.96,-7.933477878570557,-3.333489179611206,0
185.97,-7.922881126403809,-3.2880377769470215,0
185.98,-7.9120564460754395,-3.2428205013275146,0
185.99,-7.901010513305664,-3.1978421211242676,0
186,-7.8897504806518555,-3.1531074047088623,0
186.01,-7.87828254699707,-3.1086208820343018,0
186.02,-7.866613864898682,-3.0643866062164307,0
186.03,-7.854751110076904,-3.020409107208252,0
186.04,-7.844432353973389,-2.9784839153289795,0
186.05,-7.833913803100586,-2.93678617477417,0
186.06,-7.830075263977051,-2.902430534362793,0
186.07,-7.819105625152588,-2.861053228378296,0
186.08,-7.807955741882324,-2.8199169635772705,0
186.09,-7.805235862731934,-2.7879278659820557,0
186.1,-7.802258014678955,-2.7560031414031982,0
186.11,-7.7938337326049805,-2.718773365020752,0
186.12,-7.781807899475098,-2.6782028675079346,0
186.13,-7.766167163848877,-2.634312391281128,0
186.14,-7.750417232513428,-2.5907626152038574,0
186.15,-7.734562873840332,-2.547555923461914,0
186.16,-7.725482940673828,-2.5118048191070557,0
186.17,-7.704225063323975,-2.463824510574341,0
186.18,-7.682932376861572,-2.416304588317871,0
186.19,-7.668483257293701,-2.376356363296509,0
186.2,-7.647066116333008,-2.3296124935150146,0
186.21,-7.62736177444458,-2.285123825073242,0
186.22,-7.612765789031982,-2.2463808059692383,0
186.23,-7.598089218139648,-2.2079553604125977,0
186.24,-7.58333683013916,-2.169848918914795,0
186.25,-7.563372611999512,-2.126744508743286,0
186.26,-7.543395042419434,-2.0840723514556885,0
186.27,-7.52340841293335,-2.041832447052002,0
186.28,-7.503417015075684,-2.0000250339508057,0
186.29,-7.490298748016357,-1.965760350227356,0
186.3,-7.489126682281494,-1.9442100524902344,0
186.31,-7.487767696380615,-1.9226891994476318,0
186.32,-7.48795747756958,-1.9029933214187622,0
186.33,-7.487950325012207,-1.8832975625991821,0
186.34,-7.489482402801514,-1.8653978109359741,0
186.35,-7.49080753326416,-1.8474693298339844,0
186.36,-7.491929531097412,-1.8295166492462158,0
186.37,-7.492853164672852,-1.8115439414978027,0
186.38,-7.484977722167969,-1.7846535444259644,0
186.39,-7.466663837432861,-1.7472419738769531,0
186.4,-7.448358535766602,-1.71022629737854,0
186.41,-7.430065631866455,-1.6736063957214355,0
186.42,-7.411788463592529,-1.6373817920684814,0
186.43,-7.39353084564209,-1.6015522480010986,0
186.44,-7.375296115875244,-1.5661170482635498,0
186.45,-7.357088088989258,-1.5310757160186768,0
186.46,-7.349245548248291,-1.5071214437484741,0
186.47,-7.330993175506592,-1.4726446866989136,0
186.48,-7.319649696350098,-1.4456723928451538,0
186.49,-7.301401138305664,-1.4118356704711914,0
186.5,-7.290067672729492,-1.3855032920837402,0
186.51,-7.278708457946777,-1.3594166040420532,0
186.52,-7.27419900894165,-1.3406864404678345,0
186.53,-7.269598007202148,-1.3220558166503906,0
186.54,-7.264909267425537,-1.3035266399383545,0
186.55,-7.253262042999268,-1.277990460395813,0
186.56,-7.241603374481201,-1.2527064085006714,0
186.57,-7.229935646057129,-1.2276748418807983,0
186.58,-7.223456859588623,-1.2082706689834595,0
186.59,-7.21172571182251,-1.1836329698562622,0
186.6,-7.1982622146606445,-1.1574573516845703,0
186.61,-7.183140277862549,-1.1298370361328125,0
186.62,-7.168056964874268,-1.1025429964065552,0
186.63,-7.1512837409973145,-1.0737826824188232,0
186.64,-7.134572505950928,-1.0453839302062988,0
186.65,-7.114461898803711,-1.01376211643219,0
186.66,-7.09445333480835,-0.9825731515884399,0
186.67,-7.074549198150635,-0.9518147706985474,0
186.68,-7.054751396179199,-0.9214845895767212,0
186.69,-7.033384323120117,-0.8898447751998901,0
186.7,-7.012145042419434,-0.8586644530296326,0
186.71,-6.991034984588623,-0.8279407620429993,0
186.72,-6.9751973152160645,-0.8029895424842834,0
186.73,-6.961171627044678,-0.7801707983016968,0
186.74,-6.955813884735107,-0.7665562033653259,0
186.75,-6.950432777404785,-0.7530580163002014,0
186.76,-6.951902389526367,-0.7467870116233826,0
186.77,-6.953279972076416,-0.740486204624176,0
186.78,-6.954567909240723,-0.7341575026512146,0
186.79,-6.933417797088623,-0.7046801447868347,0
186.8,-6.917552947998047,-0.6809758543968201,0
186.81,-6.896639823913574,-0.6522940993309021,0
186.82,-6.8758745193481445,-0.6240615248680115,0
186.83,-6.8535261154174805,-0.5944832563400269,0
186.84,-6.82961368560791,-0.5635931491851807,0
186.85,-6.802424907684326,-0.5296329855918884,0
186.86,-6.775460243225098,-0.49625614285469055,0
186.87,-6.7521843910217285,-0.4670409858226776,0
186.88,-6.729099273681641,-0.4383251965045929,0
186.89,-6.706205368041992,-0.4101046323776245,0
186.9,-6.683504581451416,-0.38237515091896057,0
186.91,-6.660996913909912,-0.3551325500011444,0
186.92,-6.640415191650391,-0.33016425371170044,0
186.93,-6.623419284820557,-0.30916452407836914,0
186.94,-6.606565952301025,-0.2885293662548065,0
186.95,-6.593318939208984,-0.27183881402015686,0
186.96,-6.581911563873291,-0.25722411274909973,0
186.97,-6.575735092163086,-0.2481730580329895,0
186.98,-6.569596767425537,-0.23925477266311646,0
186.99,-6.563497066497803,-0.23046843707561493,0
187,-6.552294731140137,-0.2164943963289261,0
187.01,-6.541184902191162,-0.20276068150997162,0
187.02,-6.530168056488037,-0.18926528096199036,0
187.03,-6.524385929107666,-0.18132498860359192,0
187.04,-6.5186448097229,-0.1735088974237442,0