ts,q0_estimated,q1_estimated,q2_estimated,q3_estimated
-0.75,-5.157,7.835,-3.413,-0.594
-0.74,-5.156,7.835,-3.413,-0.594
-0.73,-5.156,7.835,-3.413,-0.594
-0.72,-5.156,7.836,-3.413,-0.594
-0.71,-5.155,7.836,-3.413,-0.594
-0.7,-5.155,7.836,-3.414,-0.594
-0.69,-5.155,7.836,-3.414,-0.594
-0.68,-5.154,7.836,-3.414,-0.594
-0.67,-5.154,7.836,-3.414,-0.594
-0.66,-5.154,7.837,-3.414,-0.594
-0.65,-5.154,7.837,-3.414,-0.594
-0.64,-5.153,7.837,-3.414,-0.594
-0.63,-5.153,7.837,-3.414,-0.594
-0.62,-5.153,7.837,-3.414,-0.594
-0.61,-5.152,7.837,-3.414,-0.594
-0.6,-5.152,7.837,-3.415,-0.594
-0.59,-5.152,7.838,-3.415,-0.594
-0.58,-5.152,7.838,-3.415,-0.594
-0.57,-5.151,7.838,-3.415,-0.594
-0.56,-5.151,7.838,-3.415,-0.594
-0.55,-5.151,7.838,-3.416,-0.594
-0.54,-5.15,7.838,-3.416,-0.594
-0.53,-5.15,7.838,-3.416,-0.594
-0.52,-5.15,7.839,-3.416,-0.594
-0.51,-5.149,7.839,-3.416,-0.594
-0.5,-5.149,7.839,-3.416,-0.594
-0.49,-5.149,7.839,-3.416,-0.594
-0.48,-5.148,7.839,-3.416,-0.594
-0.47,-5.148,7.84,-3.416,-0.594
-0.46,-5.148,7.84,-3.416,-0.594
-0.45,-5.147,7.84,-3.416,-0.594
-0.44,-5.147,7.84,-3.416,-0.594
-0.43,-5.147,7.84,-3.417,-0.594
-0.42,-5.146,7.84,-3.417,-0.594
-0.41,-5.146,7.841,-3.417,-0.594
-0.4,-5.146,7.841,-3.417,-0.594
-0.39,-5.145,7.841,-3.417,-0.594
-0.38,-5.145,7.841,-3.417,-0.594
-0.37,-5.145,7.841,-3.417,-0.594
-0.36,-5.145,7.841,-3.417,-0.595
-0.35,-5.144,7.842,-3.417,-0.595
-0.34,-5.144,7.842,-3.417,-0.594
-0.33,-5.143,7.842,-3.417,-0.594
-0.32,-5.143,7.842,-3.418,-0.594
-0.31,-5.143,7.842,-3.418,-0.594
-0.3,-5.142,7.843,-3.418,-0.594
-0.29,-5.142,7.843,-3.418,-0.594
-0.28,-5.141,7.843,-3.418,-0.594
-0.27,-5.141,7.843,-3.418,-0.594
-0.26,-5.141,7.843,-3.418,-0.594
-0.25,-5.14,7.844,-3.418,-0.594
-0.24,-5.14,7.844,-3.418,-0.594
-0.23,-5.14,7.844,-3.418,-0.594
-0.22,-5.139,7.844,-3.419,-0.594
-0.21,-5.139,7.845,-3.419,-0.594
-0.2,-5.138,7.845,-3.419,-0.593
-0.19,-5.137,7.845,-3.42,-0.593
-0.18,-5.137,7.845,-3.42,-0.592
-0.17,-5.137,7.845,-3.42,-0.592
-0.16,-5.137,7.845,-3.419,-0.593
-0.15,-5.137,7.845,-3.419,-0.594
-0.14,-5.138,7.846,-3.417,-0.595
-0.13,-5.138,7.846,-3.415,-0.598
-0.12,-5.141,7.845,-3.414,-0.598
-0.11,-5.139,7.845,-3.416,-0.594
-0.1,-5.14,7.844,-3.418,-0.59
-0.09,-5.138,7.844,-3.42,-0.589
-0.08,-5.136,7.844,-3.424,-0.589
-0.07,-5.133,7.845,-3.427,-0.585
-0.06,-5.131,7.845,-3.43,-0.58
-0.05,-5.127,7.846,-3.436,-0.572
-0.04,-5.123,7.847,-3.443,-0.562
-0.03,-5.119,7.848,-3.447,-0.553
-0.02,-5.113,7.848,-3.456,-0.546
-0.01,-5.109,7.849,-3.463,-0.534
0,-5.104,7.85,-3.471,-0.524
0.01,9.999,0,0.017,0
0.02,9.999,-0.002,0.037,0
0.03,9.999,-0.002,0.058,0.002
0.04,9.999,-0.004,0.081,0.002
0.05,9.999,-0.005,0.106,0.003
0.06,9.999,-0.007,0.134,0.003
0.07,9.998,-0.007,0.162,0.004
0.08,9.998,-0.007,0.19,0.005
0.09,9.997,-0.008,0.216,0.005
0.1,9.996,-0.009,0.246,0.006
0.11,9.996,-0.01,0.273,0.006
0.12,9.995,-0.011,0.295,0.009
0.13,9.994,-0.013,0.321,0.01
0.14,9.993,-0.015,0.349,0.011
0.15,9.992,-0.017,0.377,0.013
0.16,9.991,-0.019,0.407,0.015
0.17,9.99,-0.022,0.44,0.018
0.18,9.988,-0.024,0.469,0.02
0.19,9.987,-0.026,0.501,0.023
0.2,9.985,-0.028,0.535,0.024
0.21,9.983,-0.03,0.566,0.027
0.22,9.982,-0.033,0.597,0.029
0.23,9.98,-0.035,0.626,0.031
0.24,9.978,-0.038,0.656,0.033
0.25,9.976,-0.042,0.688,0.036
0.26,9.974,-0.045,0.711,0.038
0.27,9.973,-0.047,0.72,0.038
0.28,9.973,-0.049,0.728,0.039
0.29,9.973,-0.05,0.731,0.039
0.3,9.972,-0.052,0.735,0.04
0.31,9.973,-0.054,0.728,0.043
0.32,9.974,-0.056,0.715,0.049
0.33,9.974,-0.059,0.709,0.053
0.34,9.974,-0.061,0.705,0.058
0.35,9.974,-0.062,0.701,0.065
0.36,9.975,-0.066,0.693,0.07
0.37,9.976,-0.067,0.674,0.074
0.38,9.978,-0.067,0.65,0.079
0.39,9.979,-0.071,0.627,0.085
0.4,9.981,-0.073,0.594,0.085
0.41,9.983,-0.075,0.566,0.084
0.42,9.985,-0.076,0.534,0.087
0.43,9.987,-0.08,0.495,0.089
0.44,9.989,-0.085,0.44,0.088
0.45,9.992,-0.087,0.376,0.086
0.46,9.994,-0.089,0.31,0.083
0.47,9.996,-0.091,0.244,0.078
0.48,9.997,-0.094,0.185,0.074
0.49,9.998,-0.094,0.123,0.076
0.5,9.999,-0.094,0.042,0.074
0.51,9.999,-0.095,-0.055,0.073
0.52,9.997,-0.094,-0.162,0.074
0.53,9.995,-0.095,-0.263,0.078
0.54,9.992,-0.097,-0.353,0.08
0.55,9.989,-0.095,-0.431,0.068
0.56,9.986,-0.092,-0.508,0.065
0.57,9.981,-0.091,-0.59,0.063
0.58,9.976,-0.091,-0.676,0.056
0.59,9.97,-0.093,-0.761,0.052
0.6,9.963,-0.092,-0.846,0.047
0.61,9.955,-0.091,-0.932,0.038
0.62,9.947,-0.091,-1.016,0.031
0.63,9.938,-0.093,-1.1,0.024
0.64,9.929,-0.094,-1.183,0.015
0.65,9.918,-0.092,-1.267,0.007
0.66,9.908,-0.094,-1.349,0
0.67,9.896,-0.096,-1.431,-0.01
0.68,9.884,-0.097,-1.512,-0.018
0.69,9.871,-0.099,-1.594,-0.027
0.7,9.858,-0.101,-1.674,-0.037
0.71,9.844,-0.103,-1.754,-0.046
0.72,9.829,-0.106,-1.834,-0.056
0.73,9.814,-0.109,-1.913,-0.067
0.74,9.798,-0.112,-1.992,-0.077
0.75,9.781,-0.116,-2.071,-0.088
0.76,9.765,-0.12,-2.149,-0.098
0.77,9.747,-0.124,-2.227,-0.108
0.78,9.729,-0.128,-2.304,-0.12
0.79,9.71,-0.133,-2.381,-0.13
0.8,9.69,-0.137,-2.459,-0.141
0.81,9.67,-0.142,-2.536,-0.152
0.82,9.65,-0.147,-2.613,-0.163
0.83,9.628,-0.152,-2.689,-0.174
0.84,9.606,-0.157,-2.766,-0.184
0.85,9.583,-0.163,-2.842,-0.195
0.86,9.56,-0.168,-2.919,-0.206
0.87,9.536,-0.174,-2.995,-0.217
0.88,9.511,-0.18,-3.072,-0.227
0.89,9.486,-0.187,-3.147,-0.238
0.9,9.46,-0.193,-3.223,-0.248
0.91,9.434,-0.2,-3.299,-0.259
0.92,9.407,-0.207,-3.374,-0.27
0.93,9.379,-0.214,-3.449,-0.28
0.94,9.35,-0.221,-3.525,-0.29
0.95,9.321,-0.228,-3.601,-0.3
0.96,9.291,-0.235,-3.676,-0.31
0.97,9.26,-0.243,-3.752,-0.319
0.98,9.228,-0.25,-3.828,-0.329
0.99,9.196,-0.257,-3.904,-0.338
1,9.163,-0.265,-3.979,-0.346
1.01,9.129,-0.272,-4.054,-0.355
1.02,9.095,-0.279,-4.13,-0.362
1.03,9.06,-0.287,-4.205,-0.37
1.04,9.024,-0.294,-4.28,-0.377
1.05,8.988,-0.301,-4.355,-0.383
1.06,8.95,-0.308,-4.431,-0.389
1.07,8.912,-0.316,-4.506,-0.395
1.08,8.873,-0.323,-4.582,-0.4
1.09,8.833,-0.33,-4.657,-0.405
1.1,8.792,-0.336,-4.734,-0.408
1.11,8.75,-0.342,-4.809,-0.416
1.12,8.708,-0.349,-4.884,-0.418
1.13,8.664,-0.355,-4.961,-0.42
1.14,8.619,-0.359,-5.039,-0.422
1.15,8.574,-0.363,-5.114,-0.423
1.16,8.528,-0.368,-5.19,-0.423
1.17,8.481,-0.373,-5.266,-0.424
1.18,8.433,-0.376,-5.343,-0.423
1.19,8.384,-0.38,-5.419,-0.421
1.2,8.334,-0.384,-5.496,-0.42
1.21,8.282,-0.387,-5.573,-0.418
1.22,8.23,-0.389,-5.651,-0.415
1.23,8.176,-0.392,-5.729,-0.412
1.24,8.121,-0.393,-5.807,-0.408
1.25,8.064,-0.394,-5.886,-0.404
1.26,8.006,-0.395,-5.964,-0.4
1.27,7.947,-0.395,-6.043,-0.395
1.28,7.887,-0.394,-6.122,-0.39
1.29,7.825,-0.392,-6.201,-0.384
1.3,7.762,-0.39,-6.281,-0.378
1.31,7.698,-0.388,-6.359,-0.373
1.32,7.632,-0.385,-6.438,-0.368
1.33,7.565,-0.381,-6.518,-0.362
1.34,7.496,-0.378,-6.597,-0.357
1.35,7.427,-0.374,-6.676,-0.352
1.36,7.355,-0.37,-6.755,-0.347
1.37,7.282,-0.366,-6.834,-0.342
1.38,7.208,-0.362,-6.912,-0.338
1.39,7.132,-0.357,-6.992,-0.333
1.4,7.054,-0.351,-7.071,-0.329
1.41,6.976,-0.345,-7.149,-0.326
1.42,6.895,-0.339,-7.226,-0.322
1.43,6.813,-0.332,-7.304,-0.319
1.44,6.73,-0.325,-7.382,-0.317
1.45,6.645,-0.317,-7.459,-0.314
1.46,6.558,-0.309,-7.536,-0.312
1.47,6.469,-0.3,-7.613,-0.31
1.48,6.379,-0.291,-7.689,-0.308
1.49,6.287,-0.282,-7.765,-0.306
1.5,6.192,-0.272,-7.841,-0.304
1.51,6.096,-0.262,-7.916,-0.301
1.52,5.999,-0.252,-7.991,-0.298
1.53,5.899,-0.241,-8.065,-0.294
1.54,5.798,-0.23,-8.138,-0.291
1.55,5.696,-0.219,-8.21,-0.288
1.56,5.592,-0.208,-8.282,-0.284
1.57,5.486,-0.197,-8.353,-0.281
1.58,5.378,-0.187,-8.423,-0.277
1.59,5.269,-0.176,-8.492,-0.274
1.6,5.159,-0.165,-8.56,-0.27
1.61,5.046,-0.155,-8.627,-0.267
1.62,4.931,-0.145,-8.694,-0.263
1.63,4.814,-0.135,-8.759,-0.258
1.64,4.697,-0.126,-8.823,-0.254
1.65,4.576,-0.117,-8.887,-0.25
1.66,4.453,-0.109,-8.949,-0.244
1.67,4.329,-0.101,-9.01,-0.24
1.68,4.204,-0.094,-9.069,-0.234
1.69,4.077,-0.087,-9.127,-0.228
1.7,3.95,-0.081,-9.183,-0.222
1.71,3.821,-0.074,-9.238,-0.215
1.72,3.689,-0.069,-9.291,-0.207
1.73,3.556,-0.063,-9.343,-0.2
1.74,3.422,-0.058,-9.394,-0.191
1.75,3.286,-0.054,-9.442,-0.182
1.76,3.148,-0.049,-9.489,-0.173
1.77,3.009,-0.046,-9.534,-0.164
1.78,2.868,-0.043,-9.578,-0.153
1.79,2.726,-0.04,-9.62,-0.143
1.8,2.582,-0.038,-9.659,-0.131
1.81,2.438,-0.037,-9.697,-0.119
1.82,2.292,-0.036,-9.733,-0.107
1.83,2.145,-0.036,-9.766,-0.095
1.84,1.997,-0.035,-9.798,-0.082
1.85,1.848,-0.036,-9.827,-0.068
1.86,1.698,-0.036,-9.854,-0.055
1.87,1.548,-0.037,-9.879,-0.042
1.88,1.396,-0.038,-9.901,-0.029
1.89,1.244,-0.04,-9.922,-0.016
1.9,1.091,-0.041,-9.94,-0.003
1.91,0.938,-0.043,-9.955,0.009
1.92,0.784,-0.044,-9.969,0.021
1.93,0.63,-0.046,-9.979,0.033
1.94,0.474,-0.049,-9.988,0.044
1.95,0.319,-0.051,-9.994,0.054
1.96,0.162,-0.054,-9.998,0.064
1.97,0.005,-0.056,-9.999,0.074
1.98,-0.152,-0.059,-9.998,0.082
1.99,-0.311,-0.061,-9.994,0.09
2,-0.47,-0.063,-9.988,0.098
2.01,-0.628,-0.065,-9.979,0.106
2.02,-0.787,-0.066,-9.968,0.112
2.03,-0.947,-0.068,-9.954,0.119
2.04,-1.106,-0.069,-9.937,0.125
2.05,-1.265,-0.07,-9.918,0.131
2.06,-1.426,-0.07,-9.896,0.135
2.07,-1.585,-0.07,-9.872,0.14
2.08,-1.746,-0.07,-9.845,0.145
2.09,-1.906,-0.07,-9.815,0.149
2.1,-2.066,-0.069,-9.782,0.152
2.11,-2.227,-0.067,-9.747,0.154
2.12,-2.387,-0.066,-9.709,0.157
2.13,-2.547,-0.064,-9.668,0.159
2.14,-2.705,-0.062,-9.625,0.16
2.15,-2.864,-0.06,-9.579,0.161
2.16,-3.022,-0.057,-9.53,0.161
2.17,-3.179,-0.055,-9.479,0.161
2.18,-3.336,-0.053,-9.425,0.16
2.19,-3.494,-0.051,-9.368,0.159
2.2,-3.65,-0.049,-9.308,0.158
2.21,-3.806,-0.047,-9.245,0.156
2.22,-3.961,-0.045,-9.18,0.154
2.23,-4.117,-0.043,-9.111,0.152
2.24,-4.271,-0.042,-9.04,0.151
2.25,-4.425,-0.041,-8.965,0.15
2.26,-4.58,-0.04,-8.887,0.15
2.27,-4.736,-0.038,-8.805,0.153
2.28,-4.893,-0.036,-8.719,0.156
2.29,-5.05,-0.033,-8.629,0.16
2.3,-5.207,-0.03,-8.535,0.166
2.31,-5.363,-0.026,-8.437,0.172
2.32,-5.52,-0.022,-8.336,0.18
2.33,-5.675,-0.017,-8.231,0.188
2.34,-5.83,-0.013,-8.122,0.198
2.35,-5.983,-0.008,-8.009,0.208
2.36,-6.136,-0.003,-7.892,0.219
2.37,-6.288,0.003,-7.771,0.231
2.38,-6.438,0.011,-7.647,0.242
2.39,-6.587,0.019,-7.519,0.254
2.4,-6.734,0.027,-7.387,0.267
2.41,-6.88,0.035,-7.251,0.28
2.42,-7.023,0.044,-7.112,0.293
2.43,-7.162,0.053,-6.972,0.304
2.44,-7.3,0.062,-6.826,0.317
2.45,-7.435,0.072,-6.678,0.328
2.46,-7.567,0.082,-6.528,0.338
2.47,-7.696,0.089,-6.374,0.348
2.48,-7.822,0.097,-6.218,0.357
2.49,-7.945,0.105,-6.059,0.365
2.5,-8.064,0.111,-5.899,0.371
2.51,-8.181,0.117,-5.736,0.376
2.52,-8.294,0.123,-5.571,0.38
2.53,-8.402,0.128,-5.406,0.382
2.54,-8.509,0.132,-5.237,0.385
2.55,-8.612,0.135,-5.065,0.387
2.56,-8.711,0.136,-4.892,0.388
2.57,-8.808,0.139,-4.716,0.388
2.58,-8.9,0.14,-4.54,0.388
2.59,-8.989,0.142,-4.361,0.386
2.6,-9.075,0.142,-4.179,0.385
2.61,-9.157,0.142,-3.995,0.384
2.62,-9.236,0.143,-3.809,0.382
2.63,-9.311,0.142,-3.622,0.38
2.64,-9.383,0.144,-3.432,0.378
2.65,-9.452,0.142,-3.238,0.376
2.66,-9.517,0.144,-3.042,0.373
2.67,-9.578,0.146,-2.845,0.371
2.68,-9.635,0.149,-2.645,0.368
2.69,-9.688,0.153,-2.443,0.366
2.7,-9.738,0.157,-2.238,0.363
2.71,-9.783,0.16,-2.032,0.361
2.72,-9.824,0.164,-1.822,0.36
2.73,-9.861,0.168,-1.612,0.358
2.74,-9.893,0.173,-1.399,0.357
2.75,-9.921,0.178,-1.184,0.357
2.76,-9.944,0.185,-0.967,0.357
2.77,-9.963,0.19,-0.748,0.357
2.78,-9.977,0.197,-0.528,0.356
2.79,-9.986,0.203,-0.308,0.356
2.8,-9.991,0.212,-0.086,0.355
2.81,-9.99,0.22,0.135,0.354
2.82,-9.984,0.226,0.36,0.353
2.83,-9.973,0.232,0.585,0.351
2.84,-9.958,0.236,0.811,0.348
2.85,-9.937,0.24,1.036,0.346
2.86,-9.91,0.243,1.264,0.342
2.87,-9.879,0.244,1.492,0.339
2.88,-9.841,0.247,1.721,0.336
2.89,-9.798,0.25,1.951,0.332
2.9,-9.75,0.251,2.18,0.328
2.91,-9.696,0.251,2.409,0.323
2.92,-9.637,0.25,2.637,0.319
2.93,-9.571,0.251,2.866,0.316
2.94,-9.5,0.252,3.095,0.311
2.95,-9.423,0.254,3.321,0.307
2.96,-9.341,0.254,3.545,0.304
2.97,-9.254,0.253,3.769,0.299
2.98,-9.16,0.254,3.991,0.294
2.99,-9.061,0.255,4.211,0.29
3,-8.957,0.257,4.429,0.284
3.01,-8.847,0.259,4.645,0.28
3.02,-8.732,0.261,4.858,0.274
3.03,-8.611,0.264,5.07,0.269
3.04,-8.484,0.265,5.279,0.262
3.05,-8.353,0.264,5.485,0.254
3.06,-8.217,0.266,5.686,0.248
3.07,-8.075,0.268,5.886,0.241
3.08,-7.928,0.267,6.083,0.232
3.09,-7.775,0.267,6.278,0.224
3.1,-7.615,0.267,6.471,0.216
3.11,-7.451,0.267,6.66,0.209
3.12,-7.28,0.268,6.846,0.202
3.13,-7.104,0.269,7.029,0.197
3.14,-6.924,0.269,7.207,0.191
3.15,-6.737,0.269,7.382,0.184
3.16,-6.543,0.267,7.554,0.176
3.17,-6.345,0.265,7.722,0.17
3.18,-6.141,0.262,7.886,0.163
3.19,-5.931,0.257,8.045,0.155
3.2,-5.717,0.252,8.198,0.146
3.21,-5.499,0.25,8.347,0.141
3.22,-5.277,0.248,8.489,0.137
3.23,-5.05,0.246,8.626,0.13
3.24,-4.821,0.245,8.756,0.124
3.25,-4.588,0.243,8.88,0.116
3.26,-4.351,0.241,8.999,0.107
3.27,-4.113,0.241,9.111,0.097
3.28,-3.87,0.24,9.217,0.087
3.29,-3.622,0.238,9.317,0.076
3.3,-3.374,0.239,9.409,0.069
3.31,-3.122,0.237,9.496,0.057
3.32,-2.867,0.235,9.577,0.047
3.33,-2.608,0.233,9.65,0.04
3.34,-2.345,0.23,9.718,0.029
3.35,-2.078,0.225,9.778,0.014
3.36,-1.808,0.221,9.832,-0.001
3.37,-1.535,0.216,9.878,-0.013
3.38,-1.264,0.213,9.917,-0.026
3.39,-0.988,0.209,9.948,-0.042
3.4,-0.713,0.204,9.972,-0.055
3.41,-0.437,0.199,9.988,-0.069
3.42,-0.157,0.193,9.996,-0.088
3.43,0.122,0.186,9.997,-0.096
3.44,0.398,0.18,9.989,-0.111
3.45,0.674,0.173,9.975,-0.119
3.46,0.944,0.166,9.953,-0.129
3.47,1.216,0.161,9.923,-0.139
3.48,1.489,0.154,9.886,-0.146
3.49,1.76,0.146,9.841,-0.15
3.5,2.034,0.139,9.788,-0.158
3.51,2.307,0.131,9.727,-0.166
3.52,2.578,0.123,9.659,-0.174
3.53,2.847,0.114,9.583,-0.177
3.54,3.116,0.106,9.499,-0.184
3.55,3.383,0.098,9.407,-0.191
3.56,3.647,0.091,9.308,-0.201
3.57,3.907,0.083,9.202,-0.206
3.58,4.167,0.076,9.087,-0.215
3.59,4.426,0.067,8.964,-0.219
3.6,4.681,0.056,8.833,-0.223
3.61,4.936,0.048,8.693,-0.231
3.62,5.188,0.039,8.545,-0.238
3.63,5.437,0.027,8.389,-0.245
3.64,5.683,0.017,8.223,-0.255
3.65,5.924,0.007,8.051,-0.266
3.66,6.161,-0.001,7.871,-0.278
3.67,6.392,-0.011,7.684,-0.292
3.68,6.616,-0.019,7.491,-0.299
3.69,6.833,-0.031,7.294,-0.307
3.7,7.041,-0.038,7.093,-0.314
3.71,7.242,-0.045,6.888,-0.319
3.72,7.436,-0.053,6.677,-0.323
3.73,7.624,-0.063,6.461,-0.325
3.74,7.806,-0.068,6.24,-0.329
3.75,7.982,-0.079,6.013,-0.33
3.76,8.151,-0.085,5.782,-0.333
3.77,8.313,-0.091,5.546,-0.336
3.78,8.469,-0.098,5.305,-0.337
3.79,8.619,-0.104,5.056,-0.341
3.8,8.767,-0.116,4.796,-0.34
3.81,8.907,-0.124,4.529,-0.343
3.82,9.041,-0.133,4.256,-0.346
3.83,9.166,-0.136,3.979,-0.35
3.84,9.282,-0.139,3.701,-0.355
3.85,9.388,-0.147,3.422,-0.356
3.86,9.485,-0.156,3.141,-0.358
3.87,9.573,-0.167,2.862,-0.357
3.88,9.653,-0.175,2.579,-0.357
3.89,9.724,-0.183,2.296,-0.357
3.9,9.787,-0.186,2.01,-0.357
3.91,9.841,-0.199,1.724,-0.354
3.92,9.888,-0.21,1.432,-0.351
3.93,9.926,-0.218,1.134,-0.349
3.94,9.956,-0.228,0.83,-0.347
3.95,9.977,-0.236,0.523,-0.343
3.96,9.988,-0.243,0.215,-0.342
3.97,9.99,-0.253,-0.092,-0.34
3.98,9.982,-0.26,-0.403,-0.338
3.99,9.964,-0.268,-0.716,-0.335
4,9.937,-0.272,-1.027,-0.331
4.01,9.9,-0.276,-1.337,-0.329
4.02,9.853,-0.282,-1.648,-0.325
4.03,9.796,-0.287,-1.958,-0.32
4.04,9.73,-0.293,-2.265,-0.317
4.05,9.655,-0.3,-2.567,-0.312
4.06,9.57,-0.306,-2.867,-0.306
4.07,9.475,-0.307,-3.166,-0.3
4.08,9.372,-0.306,-3.46,-0.292
4.09,9.259,-0.308,-3.753,-0.282
4.1,9.137,-0.31,-4.041,-0.274
4.11,9.006,-0.309,-4.326,-0.264
4.12,8.867,-0.31,-4.605,-0.252
4.13,8.719,-0.308,-4.879,-0.24
4.14,8.563,-0.311,-5.15,-0.231
4.15,8.397,-0.308,-5.416,-0.22
4.16,8.224,-0.301,-5.677,-0.207
4.17,8.044,-0.3,-5.928,-0.198
4.18,7.854,-0.295,-6.179,-0.188
4.19,7.662,-0.294,-6.415,-0.182
4.2,7.466,-0.293,-6.643,-0.175
4.21,7.264,-0.298,-6.863,-0.172
4.22,7.054,-0.301,-7.079,-0.168
4.23,6.839,-0.301,-7.287,-0.159
4.24,6.62,-0.303,-7.486,-0.152
4.25,6.391,-0.306,-7.683,-0.143
4.26,6.156,-0.309,-7.872,-0.136
4.27,5.908,-0.309,-8.061,-0.128
4.28,5.653,-0.305,-8.241,-0.115
4.29,5.393,-0.301,-8.415,-0.105
4.3,5.125,-0.294,-8.58,-0.093
4.31,4.849,-0.288,-8.74,-0.083
4.32,4.571,-0.281,-8.889,-0.07
4.33,4.286,-0.276,-9.03,-0.057
4.34,3.998,-0.272,-9.161,-0.051
4.35,3.704,-0.266,-9.284,-0.043
4.36,3.407,-0.259,-9.397,-0.029
4.37,3.106,-0.252,-9.501,-0.018
4.38,2.803,-0.245,-9.595,-0.008
4.39,2.5,-0.239,-9.679,0.008
4.4,2.194,-0.233,-9.753,0.026
4.41,1.887,-0.229,-9.817,0.036
4.42,1.586,-0.227,-9.87,0.044
4.43,1.284,-0.226,-9.914,0.049
4.44,0.98,-0.223,-9.949,0.061
4.45,0.677,-0.219,-9.974,0.075
4.46,0.379,-0.213,-9.99,0.083
4.47,0.076,-0.203,-9.997,0.094
4.48,-0.222,-0.196,-9.995,0.104
4.49,-0.522,-0.19,-9.983,0.115
4.5,-0.819,-0.184,-9.963,0.123
4.51,-1.116,-0.178,-9.934,0.137
4.52,-1.416,-0.172,-9.896,0.145
4.53,-1.713,-0.167,-9.849,0.155
4.54,-2.007,-0.159,-9.793,0.159
4.55,-2.3,-0.154,-9.729,0.161
4.56,-2.596,-0.146,-9.654,0.164
4.57,-2.888,-0.133,-9.571,0.181
4.58,-3.172,-0.123,-9.48,0.189
4.59,-3.451,-0.114,-9.382,0.198
4.6,-3.723,-0.11,-9.278,0.2
4.61,-3.993,-0.1,-9.165,0.204
4.62,-4.259,-0.092,-9.044,0.212
4.63,-4.525,-0.084,-8.914,0.217
4.64,-4.79,-0.077,-8.774,0.224
4.65,-5.051,-0.072,-8.626,0.239
4.66,-5.305,-0.069,-8.472,0.25
4.67,-5.551,-0.068,-8.312,0.262
4.68,-5.789,-0.064,-8.149,0.265
4.69,-6.023,-0.063,-7.976,0.276
4.7,-6.248,-0.058,-7.801,0.286
4.71,-6.464,-0.048,-7.623,0.293
4.72,-6.675,-0.034,-7.439,0.296
4.73,-6.881,-0.022,-7.249,0.3
4.74,-7.079,-0.013,-7.056,0.305
4.75,-7.275,-0.004,-6.853,0.309
4.76,-7.462,0.005,-6.649,0.311
4.77,-7.642,0.015,-6.441,0.314
4.78,-7.818,0.026,-6.226,0.318
4.79,-7.989,0.034,-6.004,0.322
4.8,-8.153,0.039,-5.779,0.327
4.81,-8.314,0.043,-5.545,0.333
4.82,-8.469,0.046,-5.305,0.338
4.83,-8.617,0.055,-5.062,0.34
4.84,-8.758,0.065,-4.812,0.34
4.85,-8.893,0.076,-4.559,0.34
4.86,-9.019,0.082,-4.303,0.342
4.87,-9.139,0.087,-4.043,0.344
4.88,-9.251,0.092,-3.779,0.345
4.89,-9.355,0.096,-3.512,0.348
4.9,-9.45,0.105,-3.249,0.348
4.91,-9.537,0.111,-2.985,0.349
4.92,-9.616,0.119,-2.716,0.351
4.93,-9.689,0.125,-2.445,0.353
4.94,-9.753,0.136,-2.175,0.353
4.95,-9.809,0.144,-1.904,0.353
4.96,-9.858,0.147,-1.63,0.354
4.97,-9.9,0.155,-1.354,0.353
4.98,-9.933,0.16,-1.08,0.352
4.99,-9.96,0.163,-0.804,0.351
5,-9.978,0.167,-0.525,0.349
5.01,-9.989,0.167,-0.245,0.346
5.02,-9.992,0.169,0.034,0.344
5.03,-9.987,0.174,0.31,0.343
5.04,-9.975,0.183,0.585,0.342
5.05,-9.955,0.191,0.862,0.34
5.06,-9.926,0.197,1.14,0.339
5.07,-9.891,0.205,1.416,0.338
5.08,-9.848,0.212,1.688,0.338
5.09,-9.798,0.215,1.958,0.337
5.1,-9.74,0.223,2.227,0.336
5.11,-9.675,0.232,2.492,0.335
5.12,-9.604,0.234,2.754,0.332
5.13,-9.525,0.237,3.016,0.329
5.14,-9.439,0.247,3.274,0.328
5.15,-9.348,0.247,3.527,0.321
5.16,-9.249,0.254,3.778,0.317
5.17,-9.144,0.254,4.027,0.31
5.18,-9.031,0.258,4.275,0.303
5.19,-8.912,0.264,4.517,0.297
5.2,-8.786,0.269,4.757,0.29
5.21,-8.654,0.271,4.995,0.282
5.22,-8.516,0.271,5.227,0.272
5.23,-8.37,0.268,5.459,0.261
5.24,-8.218,0.267,5.685,0.252
5.25,-8.061,0.265,5.905,0.242
5.26,-7.898,0.268,6.123,0.235
5.27,-7.729,0.269,6.334,0.228
5.28,-7.559,0.272,6.537,0.223
5.29,-7.382,0.272,6.736,0.217
5.3,-7.202,0.275,6.928,0.214
5.31,-7.018,0.277,7.114,0.209
5.32,-6.833,0.278,7.292,0.204
5.33,-6.642,0.281,7.467,0.2
5.34,-6.444,0.283,7.638,0.195
5.35,-6.244,0.286,7.802,0.19
5.36,-6.039,0.289,7.963,0.185
5.37,-5.828,0.291,8.118,0.179
5.38,-5.616,0.293,8.267,0.175
5.39,-5.4,0.295,8.409,0.169
5.4,-5.179,0.299,8.547,0.164
5.41,-4.952,0.299,8.68,0.153
5.42,-4.719,0.299,8.809,0.144
5.43,-4.477,0.299,8.935,0.134
5.44,-4.233,0.294,9.054,0.117
5.45,-3.982,0.291,9.167,0.108
5.46,-3.725,0.287,9.275,0.099
5.47,-3.468,0.28,9.374,0.085
5.48,-3.207,0.274,9.467,0.071
5.49,-2.943,0.265,9.553,0.054
5.5,-2.676,0.258,9.631,0.041
5.51,-2.415,0.252,9.7,0.031
5.52,-2.156,0.247,9.761,0.025
5.53,-1.891,0.239,9.816,0.006
5.54,-1.625,0.231,9.864,-0.011
5.55,-1.36,0.224,9.904,-0.023
5.56,-1.101,0.218,9.936,-0.035
5.57,-0.845,0.213,9.961,-0.045
5.58,-0.593,0.208,9.98,-0.052
5.59,-0.343,0.204,9.991,-0.061
5.6,-0.089,0.2,9.997,-0.069
5.61,0.162,0.195,9.996,-0.078
5.62,0.414,0.191,9.989,-0.093
5.63,0.667,0.187,9.975,-0.106
5.64,0.92,0.184,9.955,-0.123
5.65,1.171,0.18,9.928,-0.141
5.66,1.422,0.173,9.895,-0.151
5.67,1.673,0.166,9.856,-0.164
5.68,1.924,0.159,9.81,-0.177
5.69,2.175,0.153,9.757,-0.191
5.7,2.424,0.147,9.698,-0.202
5.71,2.669,0.139,9.633,-0.207
5.72,2.914,0.13,9.562,-0.219
5.73,3.154,0.119,9.485,-0.226
5.74,3.393,0.109,9.402,-0.235
5.75,3.627,0.099,9.315,-0.24
5.76,3.856,0.088,9.222,-0.241
5.77,4.085,0.079,9.123,-0.246
5.78,4.309,0.071,9.02,-0.25
5.79,4.527,0.064,8.912,-0.252
5.8,4.741,0.057,8.8,-0.252
5.81,4.951,0.052,8.684,-0.253
5.82,5.157,0.05,8.563,-0.255
5.83,5.362,0.049,8.436,-0.263
5.84,5.565,0.044,8.303,-0.269
5.85,5.766,0.042,8.165,-0.277
5.86,5.963,0.038,8.022,-0.282
5.87,6.158,0.034,7.873,-0.288
5.88,6.351,0.029,7.718,-0.292
5.89,6.54,0.025,7.558,-0.297
5.9,6.725,0.019,7.394,-0.303
5.91,6.904,0.012,7.226,-0.309
5.92,7.081,0.003,7.053,-0.314
5.93,7.255,-0.003,6.874,-0.324
5.94,7.424,-0.009,6.69,-0.334
5.95,7.588,-0.021,6.503,-0.34
5.96,7.748,-0.034,6.312,-0.345
5.97,7.903,-0.045,6.116,-0.352
5.98,8.053,-0.055,5.916,-0.36
5.99,8.197,-0.065,5.714,-0.367
6,8.336,-0.075,5.51,-0.373
6.01,8.469,-0.085,5.302,-0.378
6.02,8.597,-0.096,5.091,-0.381
6.03,8.72,-0.107,4.876,-0.385
6.04,8.839,-0.117,4.657,-0.39
6.05,8.951,-0.128,4.437,-0.394
6.06,9.058,-0.136,4.214,-0.399
6.07,9.159,-0.148,3.99,-0.402
6.08,9.254,-0.154,3.763,-0.406
6.09,9.345,-0.162,3.531,-0.408
6.1,9.429,-0.173,3.299,-0.408
6.11,9.507,-0.181,3.066,-0.408
6.12,9.58,-0.183,2.83,-0.408
6.13,9.647,-0.189,2.594,-0.407
6.14,9.707,-0.198,2.356,-0.407
6.15,9.762,-0.204,2.117,-0.407
6.16,9.811,-0.207,1.876,-0.406
6.17,9.855,-0.211,1.631,-0.405
6.18,9.892,-0.219,1.387,-0.403
6.19,9.923,-0.225,1.143,-0.401
6.2,9.948,-0.225,0.899,-0.399
6.21,9.967,-0.225,0.656,-0.396
6.22,9.98,-0.23,0.415,-0.394
6.23,9.988,-0.236,0.175,-0.39
6.24,9.989,-0.236,-0.067,-0.387
6.25,9.985,-0.236,-0.31,-0.383
6.26,9.974,-0.236,-0.549,-0.38
6.27,9.958,-0.237,-0.787,-0.377
6.28,9.937,-0.239,-1.024,-0.374
6.29,9.91,-0.243,-1.259,-0.372
6.3,9.877,-0.249,-1.494,-0.37
6.31,9.839,-0.254,-1.725,-0.368
6.32,9.797,-0.259,-1.95,-0.366
6.33,9.75,-0.268,-2.173,-0.365
6.34,9.698,-0.278,-2.393,-0.363
6.35,9.642,-0.29,-2.609,-0.362
6.36,9.581,-0.303,-2.824,-0.36
6.37,9.515,-0.313,-3.037,-0.358
6.38,9.443,-0.322,-3.253,-0.355
6.39,9.367,-0.329,-3.465,-0.352
6.4,9.286,-0.337,-3.677,-0.348
6.41,9.2,-0.346,-3.887,-0.343
6.42,9.109,-0.35,-4.096,-0.338
6.43,9.013,-0.358,-4.303,-0.333
6.44,8.911,-0.363,-4.51,-0.328
6.45,8.803,-0.368,-4.718,-0.322
6.46,8.689,-0.372,-4.924,-0.314
6.47,8.571,-0.377,-5.127,-0.307
6.48,8.445,-0.38,-5.332,-0.3
6.49,8.315,-0.383,-5.533,-0.292
6.5,8.18,-0.385,-5.732,-0.284
6.51,8.036,-0.387,-5.931,-0.276
6.52,7.889,-0.387,-6.127,-0.266
6.53,7.736,-0.387,-6.319,-0.257
6.54,7.579,-0.389,-6.506,-0.247
6.55,7.417,-0.39,-6.69,-0.239
6.56,7.251,-0.389,-6.871,-0.23
6.57,7.078,-0.39,-7.048,-0.222
6.58,6.903,-0.39,-7.22,-0.214
6.59,6.722,-0.387,-7.39,-0.203
6.6,6.539,-0.384,-7.553,-0.193
6.61,6.353,-0.383,-7.71,-0.185
6.62,6.165,-0.38,-7.861,-0.174
6.63,5.975,-0.38,-8.007,-0.162
6.64,5.783,-0.38,-8.147,-0.152
6.65,5.588,-0.38,-8.282,-0.144
6.66,5.389,-0.376,-8.413,-0.133
6.67,5.186,-0.374,-8.54,-0.123
6.68,4.98,-0.369,-8.662,-0.109
6.69,4.775,-0.366,-8.778,-0.097
6.7,4.567,-0.365,-8.887,-0.089
6.71,4.359,-0.364,-8.992,-0.081
6.72,4.148,-0.362,-9.091,-0.069
6.73,3.936,-0.359,-9.185,-0.057
6.74,3.722,-0.356,-9.274,-0.045
6.75,3.509,-0.353,-9.357,-0.032
6.76,3.294,-0.349,-9.435,-0.021
6.77,3.08,-0.347,-9.507,-0.013
6.78,2.864,-0.344,-9.574,-0.004
6.79,2.647,-0.342,-9.637,0.003
6.8,2.426,-0.339,-9.695,0.013
6.81,2.205,-0.336,-9.747,0.024
6.82,1.983,-0.331,-9.795,0.037
6.83,1.763,-0.327,-9.837,0.047
6.84,1.542,-0.323,-9.874,0.056
6.85,1.32,-0.318,-9.907,0.064
6.86,1.097,-0.312,-9.934,0.074
6.87,0.873,-0.306,-9.956,0.085
6.88,0.651,-0.301,-9.973,0.094
6.89,0.428,-0.295,-9.985,0.105
6.9,0.204,-0.289,-9.993,0.114
6.91,-0.022,-0.282,-9.995,0.125
6.92,-0.248,-0.275,-9.992,0.137
6.93,-0.475,-0.269,-9.983,0.149
6.94,-0.703,-0.261,-9.97,0.159
6.95,-0.936,-0.255,-9.951,0.17
6.96,-1.165,-0.248,-9.927,0.182
6.97,-1.396,-0.242,-9.897,0.194
6.98,-1.622,-0.235,-9.862,0.205
6.99,-1.847,-0.228,-9.822,0.214
7,-2.069,-0.221,-9.778,0.224
7.01,-2.292,-0.215,-9.728,0.236
7.02,-2.516,-0.208,-9.672,0.247
7.03,-2.739,-0.202,-9.611,0.257
7.04,-2.963,-0.195,-9.544,0.266
7.05,-3.183,-0.187,-9.473,0.276
7.06,-3.4,-0.18,-9.398,0.285
7.07,-3.614,-0.173,-9.317,0.293
7.08,-3.825,-0.166,-9.232,0.301
7.09,-4.038,-0.159,-9.141,0.308
7.1,-4.248,-0.151,-9.045,0.315
7.11,-4.457,-0.145,-8.944,0.323
7.12,-4.665,-0.138,-8.837,0.331
7.13,-4.868,-0.131,-8.727,0.34
7.14,-5.07,-0.123,-8.611,0.348
7.15,-5.272,-0.115,-8.488,0.355
7.16,-5.471,-0.107,-8.361,0.362
7.17,-5.667,-0.098,-8.23,0.369
7.18,-5.859,-0.089,-8.094,0.377
7.19,-6.048,-0.078,-7.953,0.384
7.2,-6.233,-0.069,-7.809,0.392
7.21,-6.415,-0.058,-7.66,0.399
7.22,-6.593,-0.047,-7.506,0.407
7.23,-6.766,-0.037,-7.351,0.414
7.24,-6.934,-0.025,-7.192,0.42
7.25,-7.097,-0.015,-7.031,0.428
7.26,-7.257,-0.006,-6.865,0.436
7.27,-7.414,0.005,-6.695,0.442
7.28,-7.565,0.015,-6.523,0.449
7.29,-7.714,0.026,-6.346,0.456
7.3,-7.857,0.036,-6.167,0.463
7.31,-7.996,0.045,-5.986,0.47
7.32,-8.129,0.055,-5.803,0.476
7.33,-8.257,0.065,-5.619,0.481
7.34,-8.382,0.074,-5.43,0.486
7.35,-8.502,0.083,-5.239,0.49
7.36,-8.618,0.094,-5.046,0.493
7.37,-8.73,0.104,-4.85,0.495
7.38,-8.837,0.115,-4.651,0.498
7.39,-8.939,0.125,-4.45,0.501
7.4,-9.037,0.135,-4.249,0.503
7.41,-9.13,0.142,-4.044,0.505
7.42,-9.219,0.149,-3.836,0.508
7.43,-9.304,0.155,-3.625,0.51
7.44,-9.384,0.162,-3.413,0.511
7.45,-9.458,0.168,-3.2,0.511
7.46,-9.528,0.175,-2.986,0.51
7.47,-9.593,0.181,-2.77,0.51
7.48,-9.652,0.187,-2.556,0.509
7.49,-9.706,0.196,-2.343,0.508
7.5,-9.755,0.203,-2.13,0.507
7.51,-9.799,0.208,-1.917,0.504
7.52,-9.838,0.216,-1.705,0.501
7.53,-9.873,0.223,-1.489,0.498
7.54,-9.903,0.229,-1.27,0.496
7.55,-9.929,0.237,-1.048,0.493
7.56,-9.95,0.245,-0.827,0.491
7.57,-9.966,0.252,-0.608,0.489
7.58,-9.977,0.261,-0.388,0.487
7.59,-9.983,0.27,-0.168,0.484
7.6,-9.984,0.277,0.052,0.483
7.61,-9.98,0.284,0.27,0.48
7.62,-9.972,0.291,0.49,0.478
7.63,-9.958,0.3,0.712,0.476
7.64,-9.94,0.309,0.934,0.474
7.65,-9.916,0.317,1.154,0.472
7.66,-9.888,0.327,1.375,0.469
7.67,-9.855,0.337,1.594,0.466
7.68,-9.817,0.345,1.812,0.462
7.69,-9.774,0.352,2.03,0.457
7.7,-9.726,0.359,2.248,0.453
7.71,-9.673,0.367,2.465,0.448
7.72,-9.616,0.375,2.679,0.443
7.73,-9.555,0.382,2.889,0.437
7.74,-9.49,0.387,3.098,0.43
7.75,-9.419,0.393,3.308,0.423
7.76,-9.343,0.4,3.516,0.415
7.77,-9.262,0.407,3.724,0.409
7.78,-9.176,0.413,3.931,0.402
7.79,-9.086,0.416,4.135,0.394
7.8,-8.99,0.419,4.34,0.385
7.81,-8.891,0.423,4.54,0.377
7.82,-8.788,0.426,4.738,0.368
7.83,-8.68,0.429,4.932,0.359
7.84,-8.569,0.43,5.124,0.35
7.85,-8.452,0.432,5.315,0.341
7.86,-8.331,0.432,5.502,0.332
7.87,-8.207,0.432,5.687,0.324
7.88,-8.08,0.432,5.867,0.316
7.89,-7.949,0.435,6.043,0.309
7.9,-7.813,0.435,6.218,0.3
7.91,-7.674,0.434,6.389,0.291
7.92,-7.528,0.433,6.561,0.282
7.93,-7.379,0.431,6.728,0.273
7.94,-7.228,0.431,6.891,0.263
7.95,-7.073,0.432,7.05,0.257
7.96,-6.917,0.433,7.204,0.249
7.97,-6.757,0.433,7.354,0.24
7.98,-6.595,0.431,7.5,0.23
7.99,-6.431,0.43,7.641,0.221
8,-6.266,0.43,7.778,0.212
8.01,-6.098,0.43,7.911,0.202
8.02,-5.929,0.43,8.038,0.193
8.03,-5.757,0.431,8.162,0.184
8.04,-5.584,0.431,8.282,0.174
8.05,-5.408,0.431,8.398,0.164
8.06,-5.233,0.43,8.508,0.152
8.07,-5.055,0.43,8.616,0.143
8.08,-4.873,0.429,8.72,0.132
8.09,-4.688,0.427,8.821,0.121
8.1,-4.501,0.425,8.918,0.11
8.11,-4.311,0.423,9.012,0.098
8.12,-4.118,0.421,9.102,0.087
8.13,-3.924,0.419,9.188,0.076
8.14,-3.727,0.417,9.269,0.066
8.15,-3.531,0.415,9.346,0.057
8.16,-3.335,0.412,9.418,0.047
8.17,-3.135,0.408,9.486,0.034
8.18,-2.933,0.405,9.551,0.022
8.19,-2.729,0.401,9.612,0.009
8.2,-2.526,0.397,9.667,-0.001
8.21,-2.323,0.393,9.718,-0.013
8.22,-2.118,0.388,9.765,-0.025
8.23,-1.912,0.383,9.807,-0.037
8.24,-1.706,0.378,9.845,-0.048
8.25,-1.499,0.372,9.879,-0.06
8.26,-1.292,0.367,9.909,-0.072
8.27,-1.084,0.361,9.934,-0.083
8.28,-0.877,0.356,9.954,-0.092
8.29,-0.671,0.35,9.97,-0.101
8.3,-0.463,0.345,9.982,-0.11
8.31,-0.255,0.34,9.99,-0.119
8.32,-0.045,0.334,9.993,-0.128
8.33,0.162,0.328,9.992,-0.137
8.34,0.372,0.324,9.986,-0.145
8.35,0.579,0.32,9.976,-0.153
8.36,0.787,0.315,9.962,-0.162
8.37,0.994,0.309,9.944,-0.172
8.38,1.2,0.304,9.921,-0.181
8.39,1.406,0.299,9.894,-0.19
8.4,1.611,0.294,9.862,-0.199
8.41,1.816,0.289,9.827,-0.208
8.42,2.021,0.283,9.786,-0.218
8.43,2.227,0.276,9.742,-0.225
8.44,2.432,0.269,9.693,-0.233
8.45,2.636,0.262,9.639,-0.242
8.46,2.84,0.255,9.581,-0.251
8.47,3.043,0.248,9.518,-0.26
8.48,3.243,0.241,9.452,-0.269
8.49,3.444,0.233,9.38,-0.279
8.5,3.643,0.225,9.305,-0.287
8.51,3.839,0.217,9.226,-0.298
8.52,4.034,0.209,9.142,-0.309
8.53,4.224,0.2,9.056,-0.319
8.54,4.411,0.191,8.966,-0.329
8.55,4.595,0.182,8.873,-0.338
8.56,4.777,0.173,8.776,-0.347
8.57,4.959,0.164,8.674,-0.358
8.58,5.137,0.155,8.57,-0.368
8.59,5.313,0.147,8.461,-0.378
8.6,5.487,0.138,8.349,-0.387
8.61,5.658,0.129,8.234,-0.396
8.62,5.826,0.12,8.115,-0.406
8.63,5.992,0.112,7.993,-0.415
8.64,6.157,0.104,7.867,-0.425
8.65,6.32,0.095,7.736,-0.434
8.66,6.48,0.086,7.602,-0.443
8.67,6.638,0.078,7.464,-0.452
8.68,6.793,0.068,7.323,-0.46
8.69,6.946,0.06,7.177,-0.468
8.7,7.096,0.052,7.028,-0.478
8.71,7.243,0.045,6.876,-0.487
8.72,7.386,0.038,6.722,-0.496
8.73,7.525,0.029,6.565,-0.502
8.74,7.661,0.022,6.405,-0.51
8.75,7.793,0.013,6.244,-0.516
8.76,7.92,0.004,6.082,-0.522
8.77,8.044,-0.002,5.916,-0.528
8.78,8.163,-0.011,5.75,-0.533
8.79,8.279,-0.018,5.582,-0.537
8.8,8.39,-0.026,5.413,-0.54
8.81,8.498,-0.034,5.241,-0.543
8.82,8.603,-0.042,5.067,-0.545
8.83,8.704,-0.05,4.891,-0.547
8.84,8.801,-0.058,4.714,-0.548
8.85,8.895,-0.066,4.534,-0.549
8.86,8.985,-0.074,4.353,-0.551
8.87,9.071,-0.081,4.171,-0.552
8.88,9.152,-0.089,3.99,-0.553
8.89,9.229,-0.097,3.807,-0.554
8.9,9.303,-0.105,3.623,-0.555
8.91,9.372,-0.113,3.438,-0.557
8.92,9.439,-0.121,3.251,-0.558
8.93,9.502,-0.129,3.063,-0.559
8.94,9.56,-0.138,2.874,-0.559
8.95,9.615,-0.146,2.684,-0.56
8.96,9.666,-0.155,2.493,-0.56
8.97,9.713,-0.164,2.301,-0.561
8.98,9.757,-0.173,2.107,-0.562
8.99,9.797,-0.181,1.913,-0.564
9,9.832,-0.191,1.719,-0.566
9.01,9.864,-0.199,1.524,-0.567
9.02,9.892,-0.208,1.327,-0.569
9.03,9.916,-0.218,1.131,-0.571
9.04,9.937,-0.227,0.932,-0.571
9.05,9.953,-0.237,0.734,-0.57
9.06,9.966,-0.246,0.535,-0.57
9.07,9.974,-0.255,0.335,-0.569
9.08,9.979,-0.263,0.134,-0.568
9.09,9.98,-0.271,-0.066,-0.566
9.1,9.976,-0.278,-0.266,-0.566
9.11,9.968,-0.287,-0.468,-0.565
9.12,9.957,-0.293,-0.669,-0.563
9.13,9.941,-0.3,-0.869,-0.561
9.14,9.922,-0.307,-1.069,-0.558
9.15,9.898,-0.313,-1.266,-0.555
9.16,9.871,-0.319,-1.463,-0.552
9.17,9.84,-0.323,-1.659,-0.548
9.18,9.806,-0.328,-1.853,-0.544
9.19,9.767,-0.334,-2.045,-0.539
9.2,9.725,-0.339,-2.238,-0.535
9.21,9.679,-0.345,-2.429,-0.529
9.22,9.63,-0.352,-2.619,-0.524
9.23,9.576,-0.357,-2.808,-0.517
9.24,9.52,-0.36,-2.996,-0.51
9.25,9.459,-0.364,-3.182,-0.503
9.26,9.395,-0.368,-3.367,-0.495
9.27,9.328,-0.371,-3.551,-0.487
9.28,9.256,-0.374,-3.734,-0.478
9.29,9.182,-0.376,-3.914,-0.468
9.3,9.104,-0.378,-4.093,-0.458
9.31,9.022,-0.38,-4.272,-0.448
9.32,8.937,-0.381,-4.448,-0.438
9.33,8.848,-0.383,-4.622,-0.428
9.34,8.756,-0.384,-4.795,-0.418
9.35,8.661,-0.385,-4.965,-0.408
9.36,8.562,-0.386,-5.135,-0.398
9.37,8.46,-0.386,-5.303,-0.388
9.38,8.354,-0.387,-5.468,-0.379
9.39,8.245,-0.388,-5.631,-0.37
9.4,8.133,-0.388,-5.793,-0.361
9.41,8.018,-0.388,-5.951,-0.352
9.42,7.902,-0.39,-6.106,-0.343
9.43,7.783,-0.392,-6.257,-0.334
9.44,7.661,-0.394,-6.406,-0.326
9.45,7.536,-0.396,-6.553,-0.317
9.46,7.409,-0.399,-6.696,-0.309
9.47,7.28,-0.401,-6.836,-0.301
9.48,7.149,-0.404,-6.973,-0.295
9.49,7.015,-0.406,-7.108,-0.288
9.5,6.879,-0.408,-7.24,-0.281
9.51,6.738,-0.41,-7.371,-0.273
9.52,6.598,-0.414,-7.498,-0.267
9.53,6.454,-0.416,-7.622,-0.26
9.54,6.308,-0.42,-7.743,-0.253
9.55,6.159,-0.423,-7.862,-0.245
9.56,6.007,-0.426,-7.979,-0.238
9.57,5.853,-0.429,-8.093,-0.231
9.58,5.696,-0.431,-8.204,-0.222
9.59,5.534,-0.434,-8.314,-0.214
9.6,5.371,-0.437,-8.421,-0.205
9.61,5.204,-0.439,-8.525,-0.196
9.62,5.035,-0.441,-8.626,-0.187
9.63,4.863,-0.442,-8.724,-0.178
9.64,4.69,-0.442,-8.819,-0.169
9.65,4.515,-0.442,-8.91,-0.159
9.66,4.338,-0.442,-8.997,-0.148
9.67,4.161,-0.442,-9.081,-0.136
9.68,3.983,-0.441,-9.16,-0.126
9.69,3.805,-0.439,-9.236,-0.115
9.7,3.624,-0.436,-9.309,-0.103
9.71,3.442,-0.433,-9.378,-0.092
9.72,3.259,-0.428,-9.443,-0.081
9.73,3.074,-0.423,-9.505,-0.069
9.74,2.888,-0.417,-9.564,-0.056
9.75,2.702,-0.411,-9.619,-0.044
9.76,2.514,-0.404,-9.67,-0.031
9.77,2.326,-0.397,-9.717,-0.02
9.78,2.137,-0.389,-9.761,-0.01
9.79,1.946,-0.38,-9.801,0.001
9.8,1.756,-0.372,-9.837,0.013
9.81,1.563,-0.363,-9.87,0.024
9.82,1.37,-0.354,-9.899,0.035
9.83,1.177,-0.345,-9.924,0.045
9.84,0.986,-0.335,-9.945,0.055
9.85,0.795,-0.327,-9.962,0.065
9.86,0.606,-0.318,-9.976,0.075
9.87,0.416,-0.31,-9.986,0.085
9.88,0.227,-0.302,-9.992,0.095
9.89,0.038,-0.296,-9.994,0.104
9.9,-0.148,-0.29,-9.994,0.112
9.91,-0.335,-0.284,-9.989,0.121
9.92,-0.522,-0.279,-9.981,0.13
9.93,-0.706,-0.274,-9.97,0.139
9.94,-0.89,-0.27,-9.955,0.149
9.95,-1.074,-0.267,-9.937,0.158
9.96,-1.256,-0.264,-9.915,0.166
9.97,-1.437,-0.263,-9.891,0.176
9.98,-1.619,-0.262,-9.862,0.185
9.99,-1.802,-0.261,-9.83,0.192
10,-1.983,-0.261,-9.795,0.2
10.01,-2.163,-0.261,-9.757,0.209
10.02,-2.343,-0.26,-9.715,0.217
10.03,-2.522,-0.259,-9.67,0.226
10.04,-2.701,-0.258,-9.621,0.236
10.05,-2.877,-0.257,-9.57,0.246
10.06,-3.052,-0.257,-9.515,0.257
10.07,-3.225,-0.256,-9.458,0.267
10.08,-3.398,-0.255,-9.397,0.278
10.09,-3.568,-0.253,-9.333,0.289
10.1,-3.739,-0.251,-9.266,0.299
10.11,-3.909,-0.249,-9.195,0.311
10.12,-4.077,-0.246,-9.121,0.321
10.13,-4.244,-0.243,-9.045,0.33
10.14,-4.409,-0.239,-8.965,0.34
10.15,-4.574,-0.235,-8.882,0.351
10.16,-4.738,-0.229,-8.795,0.362
10.17,-4.899,-0.223,-8.706,0.372
10.18,-5.06,-0.217,-8.613,0.383
10.19,-5.219,-0.21,-8.518,0.393
10.2,-5.377,-0.202,-8.418,0.403
10.21,-5.534,-0.193,-8.316,0.413
10.22,-5.688,-0.184,-8.211,0.421
10.23,-5.841,-0.175,-8.103,0.43
10.24,-5.991,-0.164,-7.992,0.438
10.25,-6.139,-0.153,-7.879,0.446
10.26,-6.285,-0.142,-7.762,0.453
10.27,-6.429,-0.131,-7.643,0.46
10.28,-6.571,-0.12,-7.522,0.467
10.29,-6.709,-0.108,-7.398,0.473
10.3,-6.846,-0.097,-7.272,0.479
10.31,-6.979,-0.085,-7.144,0.485
10.32,-7.11,-0.073,-7.013,0.49
10.33,-7.239,-0.062,-6.88,0.496
10.34,-7.366,-0.05,-6.744,0.502
10.35,-7.488,-0.039,-6.607,0.506
10.36,-7.608,-0.028,-6.468,0.51
10.37,-7.725,-0.017,-6.328,0.514
10.38,-7.839,-0.006,-6.186,0.519
10.39,-7.951,0.003,-6.041,0.523
10.4,-8.06,0.014,-5.895,0.526
10.41,-8.166,0.024,-5.746,0.53
10.42,-8.27,0.033,-5.595,0.535
10.43,-8.372,0.041,-5.441,0.539
10.44,-8.47,0.049,-5.287,0.544
10.45,-8.565,0.057,-5.13,0.548
10.46,-8.658,0.066,-4.972,0.551
10.47,-8.748,0.074,-4.81,0.555
10.48,-8.836,0.083,-4.646,0.558
10.49,-8.921,0.09,-4.48,0.561
10.5,-9.003,0.098,-4.313,0.565
10.51,-9.081,0.105,-4.146,0.569
10.52,-9.156,0.112,-3.978,0.573
10.53,-9.227,0.119,-3.809,0.577
10.54,-9.295,0.126,-3.637,0.58
10.55,-9.361,0.133,-3.465,0.584
10.56,-9.423,0.139,-3.292,0.587
10.57,-9.482,0.146,-3.117,0.591
10.58,-9.537,0.153,-2.941,0.594
10.59,-9.59,0.16,-2.764,0.596
10.6,-9.639,0.168,-2.587,0.599
10.61,-9.684,0.176,-2.412,0.6
10.62,-9.726,0.182,-2.235,0.602
10.63,-9.765,0.19,-2.059,0.604
10.64,-9.8,0.198,-1.882,0.605
10.65,-9.832,0.205,-1.705,0.606
10.66,-9.861,0.213,-1.527,0.607
10.67,-9.887,0.219,-1.35,0.607
10.68,-9.909,0.227,-1.173,0.608
10.69,-9.928,0.234,-0.997,0.607
10.7,-9.944,0.241,-0.821,0.607
10.71,-9.957,0.248,-0.645,0.606
10.72,-9.967,0.256,-0.469,0.603
10.73,-9.974,0.262,-0.294,0.601
10.74,-9.977,0.269,-0.119,0.598
10.75,-9.978,0.277,0.056,0.595
10.76,-9.975,0.285,0.232,0.591
10.77,-9.97,0.291,0.408,0.588
10.78,-9.961,0.298,0.583,0.584
10.79,-9.949,0.305,0.758,0.58
10.8,-9.934,0.312,0.931,0.576
10.81,-9.917,0.318,1.104,0.571
10.82,-9.896,0.324,1.277,0.566
10.83,-9.872,0.33,1.45,0.561
10.84,-9.846,0.336,1.621,0.556
10.85,-9.816,0.341,1.791,0.551
10.86,-9.784,0.346,1.961,0.546
10.87,-9.748,0.352,2.131,0.54
10.88,-9.71,0.357,2.302,0.535
10.89,-9.668,0.362,2.471,0.53
10.9,-9.623,0.367,2.64,0.524
10.91,-9.576,0.372,2.807,0.519
10.92,-9.526,0.376,2.973,0.513
10.93,-9.473,0.38,3.139,0.508
10.94,-9.417,0.384,3.303,0.502
10.95,-9.358,0.388,3.467,0.496
10.96,-9.296,0.391,3.63,0.491
10.97,-9.231,0.395,3.792,0.485
10.98,-9.163,0.398,3.953,0.479
10.99,-9.092,0.403,4.114,0.473
11,-9.018,0.406,4.275,0.467
11.01,-8.941,0.41,4.434,0.46
11.02,-8.861,0.415,4.592,0.454
11.03,-8.779,0.419,4.748,0.447
11.04,-8.694,0.423,4.902,0.439
11.05,-8.606,0.427,5.055,0.432
11.06,-8.516,0.431,5.206,0.425
11.07,-8.422,0.433,5.357,0.417
11.08,-8.326,0.437,5.505,0.41
11.09,-8.228,0.44,5.651,0.402
11.1,-8.126,0.442,5.796,0.394
11.11,-8.022,0.445,5.94,0.386
11.12,-7.916,0.448,6.081,0.378
11.13,-7.808,0.45,6.22,0.37
11.14,-7.697,0.452,6.357,0.362
11.15,-7.584,0.454,6.491,0.355
11.16,-7.469,0.456,6.623,0.347
11.17,-7.353,0.457,6.752,0.339
11.18,-7.235,0.459,6.879,0.332
11.19,-7.114,0.461,7.004,0.324
11.2,-6.991,0.462,7.127,0.316
11.21,-6.868,0.464,7.246,0.307
11.22,-6.744,0.466,7.362,0.299
11.23,-6.617,0.468,7.476,0.29
11.24,-6.489,0.469,7.588,0.281
11.25,-6.358,0.47,7.698,0.272
11.26,-6.226,0.471,7.806,0.262
11.27,-6.091,0.472,7.912,0.252
11.28,-5.955,0.474,8.015,0.242
11.29,-5.817,0.475,8.116,0.232
11.3,-5.677,0.476,8.215,0.222
11.31,-5.536,0.477,8.311,0.211
11.32,-5.393,0.477,8.404,0.201
11.33,-5.249,0.478,8.495,0.191
11.34,-5.103,0.478,8.584,0.181
11.35,-4.954,0.478,8.671,0.17
11.36,-4.805,0.477,8.755,0.158
11.37,-4.654,0.477,8.836,0.148
11.38,-4.501,0.477,8.915,0.137
11.39,-4.346,0.476,8.992,0.126
11.4,-4.191,0.476,9.066,0.114
11.41,-4.034,0.475,9.136,0.104
11.42,-3.877,0.474,9.205,0.093
11.43,-3.717,0.474,9.27,0.082
11.44,-3.558,0.472,9.333,0.072
11.45,-3.397,0.471,9.393,0.06
11.46,-3.236,0.47,9.45,0.05
11.47,-3.074,0.469,9.504,0.039
11.48,-2.91,0.468,9.555,0.028
11.49,-2.745,0.466,9.604,0.018
11.5,-2.578,0.464,9.65,0.006
11.51,-2.412,0.461,9.693,-0.004
11.52,-2.246,0.459,9.733,-0.014
11.53,-2.078,0.456,9.77,-0.024
11.54,-1.909,0.454,9.805,-0.035
11.55,-1.741,0.451,9.836,-0.044
11.56,-1.572,0.448,9.865,-0.055
11.57,-1.404,0.445,9.89,-0.065
11.58,-1.235,0.441,9.913,-0.076
11.59,-1.064,0.438,9.933,-0.087
11.6,-0.893,0.434,9.95,-0.098
11.61,-0.721,0.431,9.964,-0.109
11.62,-0.549,0.427,9.975,-0.119
11.63,-0.377,0.423,9.983,-0.13
11.64,-0.205,0.418,9.988,-0.141
11.65,-0.032,0.414,9.99,-0.151
11.66,0.139,0.409,9.989,-0.163
11.67,0.311,0.405,9.985,-0.174
11.68,0.482,0.4,9.978,-0.184
11.69,0.653,0.395,9.968,-0.195
11.7,0.823,0.391,9.956,-0.205
11.71,0.992,0.386,9.94,-0.216
11.72,1.162,0.381,9.922,-0.226
11.73,1.331,0.376,9.9,-0.236
11.74,1.501,0.37,9.876,-0.246
11.75,1.669,0.365,9.849,-0.257
11.76,1.837,0.359,9.819,-0.267
11.77,2.003,0.354,9.786,-0.278
11.78,2.168,0.348,9.751,-0.289
11.79,2.334,0.343,9.713,-0.299
11.8,2.499,0.337,9.671,-0.31
11.81,2.663,0.331,9.627,-0.32
11.82,2.827,0.326,9.58,-0.33
11.83,2.989,0.32,9.531,-0.341
11.84,3.149,0.314,9.479,-0.352
11.85,3.308,0.308,9.424,-0.362
11.86,3.465,0.302,9.368,-0.373
11.87,3.62,0.296,9.309,-0.383
11.88,3.774,0.29,9.247,-0.393
11.89,3.927,0.284,9.183,-0.403
11.9,4.079,0.278,9.116,-0.413
11.91,4.228,0.272,9.048,-0.423
11.92,4.376,0.265,8.977,-0.433
11.93,4.524,0.259,8.903,-0.442
11.94,4.67,0.252,8.827,-0.452
11.95,4.815,0.245,8.748,-0.462
11.96,4.958,0.238,8.667,-0.471
11.97,5.099,0.231,8.585,-0.48
11.98,5.239,0.224,8.5,-0.489
11.99,5.377,0.217,8.413,-0.498
12,5.514,0.21,8.324,-0.507
12.01,5.649,0.202,8.232,-0.515
12.02,5.782,0.194,8.139,-0.524
12.03,5.913,0.187,8.044,-0.532
12.04,6.043,0.179,7.946,-0.541
12.05,6.171,0.171,7.847,-0.549
12.06,6.297,0.163,7.746,-0.556
12.07,6.422,0.155,7.642,-0.564
12.08,6.545,0.147,7.536,-0.571
12.09,6.667,0.138,7.429,-0.579
12.1,6.786,0.13,7.32,-0.587
12.11,6.903,0.121,7.209,-0.593
12.12,7.018,0.112,7.097,-0.6
12.13,7.132,0.103,6.981,-0.606
12.14,7.244,0.093,6.865,-0.612
12.15,7.355,0.084,6.746,-0.618
12.16,7.463,0.074,6.626,-0.623
12.17,7.569,0.065,6.504,-0.628
12.18,7.673,0.056,6.38,-0.634
12.19,7.776,0.046,6.254,-0.639
12.2,7.876,0.037,6.127,-0.643
12.21,7.974,0.027,5.999,-0.647
12.22,8.07,0.018,5.869,-0.651
12.23,8.164,0.009,5.736,-0.655
12.24,8.256,0.001,5.603,-0.658
12.25,8.346,-0.007,5.467,-0.662
12.26,8.434,-0.016,5.331,-0.666
12.27,8.519,-0.025,5.193,-0.669
12.28,8.602,-0.034,5.053,-0.672
12.29,8.683,-0.043,4.913,-0.676
12.3,8.761,-0.051,4.772,-0.678
12.31,8.837,-0.06,4.629,-0.681
12.32,8.911,-0.068,4.485,-0.684
12.33,8.982,-0.076,4.339,-0.687
12.34,9.052,-0.084,4.192,-0.69
12.35,9.118,-0.093,4.044,-0.692
12.36,9.183,-0.101,3.896,-0.694
12.37,9.245,-0.109,3.745,-0.697
12.38,9.304,-0.117,3.593,-0.699
12.39,9.362,-0.125,3.441,-0.701
12.4,9.416,-0.133,3.288,-0.703
12.41,9.468,-0.141,3.133,-0.705
12.42,9.518,-0.149,2.979,-0.707
12.43,9.565,-0.157,2.822,-0.709
12.44,9.61,-0.165,2.665,-0.711
12.45,9.652,-0.173,2.507,-0.712
12.46,9.692,-0.18,2.348,-0.714
12.47,9.729,-0.187,2.189,-0.715
12.48,9.763,-0.194,2.029,-0.716
12.49,9.795,-0.202,1.868,-0.716
12.5,9.824,-0.21,1.707,-0.716
12.51,9.851,-0.217,1.546,-0.716
12.52,9.875,-0.224,1.385,-0.715
12.53,9.896,-0.231,1.224,-0.715
12.54,9.914,-0.238,1.064,-0.715
12.55,9.93,-0.245,0.903,-0.716
12.56,9.943,-0.252,0.743,-0.716
12.57,9.953,-0.259,0.582,-0.716
12.58,9.961,-0.265,0.421,-0.715
12.59,9.967,-0.272,0.26,-0.715
12.6,9.969,-0.279,0.1,-0.715
12.61,9.97,-0.286,-0.058,-0.714
12.62,9.967,-0.293,-0.217,-0.713
12.63,9.962,-0.3,-0.377,-0.712
12.64,9.955,-0.307,-0.536,-0.711
12.65,9.945,-0.315,-0.694,-0.709
12.66,9.933,-0.323,-0.851,-0.707
12.67,9.918,-0.331,-1.008,-0.705
12.68,9.901,-0.338,-1.164,-0.702
12.69,9.881,-0.346,-1.319,-0.699
12.7,9.859,-0.353,-1.474,-0.696
12.71,9.835,-0.361,-1.628,-0.693
12.72,9.808,-0.368,-1.782,-0.689
12.73,9.779,-0.375,-1.936,-0.685
12.74,9.748,-0.382,-2.088,-0.681
12.75,9.714,-0.39,-2.239,-0.677
12.76,9.678,-0.397,-2.39,-0.673
12.77,9.64,-0.404,-2.54,-0.668
12.78,9.599,-0.412,-2.689,-0.662
12.79,9.557,-0.419,-2.836,-0.657
12.8,9.512,-0.426,-2.983,-0.651
12.81,9.466,-0.433,-3.128,-0.644
12.82,9.417,-0.441,-3.273,-0.636
12.83,9.366,-0.448,-3.417,-0.629
12.84,9.312,-0.455,-3.56,-0.621
12.85,9.257,-0.462,-3.702,-0.613
12.86,9.2,-0.469,-3.843,-0.605
12.87,9.14,-0.474,-3.983,-0.597
12.88,9.078,-0.478,-4.123,-0.59
12.89,9.014,-0.483,-4.261,-0.582
12.9,8.948,-0.487,-4.399,-0.574
12.91,8.88,-0.492,-4.535,-0.565
12.92,8.81,-0.496,-4.67,-0.557
12.93,8.738,-0.5,-4.804,-0.549
12.94,8.664,-0.503,-4.937,-0.541
12.95,8.588,-0.506,-5.068,-0.532
12.96,8.51,-0.509,-5.199,-0.524
12.97,8.43,-0.512,-5.328,-0.516
12.98,8.348,-0.514,-5.457,-0.508
12.99,8.263,-0.516,-5.585,-0.5
13,8.177,-0.518,-5.711,-0.492
13.01,8.089,-0.52,-5.836,-0.484
13.02,7.999,-0.521,-5.959,-0.476
13.03,7.907,-0.523,-6.081,-0.468
13.04,7.813,-0.524,-6.201,-0.46
13.05,7.717,-0.525,-6.32,-0.452
13.06,7.62,-0.526,-6.438,-0.444
13.07,7.521,-0.527,-6.554,-0.436
13.08,7.42,-0.528,-6.668,-0.429
13.09,7.318,-0.529,-6.78,-0.421
13.1,7.214,-0.529,-6.891,-0.413
13.11,7.11,-0.529,-7,-0.406
13.12,7.003,-0.53,-7.107,-0.398
13.13,6.895,-0.53,-7.212,-0.39
13.14,6.786,-0.53,-7.315,-0.383
13.15,6.675,-0.531,-7.417,-0.375
13.16,6.563,-0.531,-7.516,-0.367
13.17,6.45,-0.532,-7.614,-0.359
13.18,6.335,-0.533,-7.71,-0.352
13.19,6.218,-0.534,-7.805,-0.344
13.2,6.101,-0.535,-7.897,-0.336
13.21,5.982,-0.536,-7.988,-0.328
13.22,5.863,-0.537,-8.076,-0.321
13.23,5.742,-0.538,-8.163,-0.313
13.24,5.621,-0.539,-8.247,-0.306
13.25,5.498,-0.541,-8.329,-0.299
13.26,5.376,-0.543,-8.409,-0.291
13.27,5.252,-0.545,-8.487,-0.284
13.28,5.127,-0.547,-8.563,-0.276
13.29,5.002,-0.549,-8.637,-0.268
13.3,4.875,-0.552,-8.709,-0.26
13.31,4.748,-0.555,-8.779,-0.251
13.32,4.619,-0.557,-8.848,-0.243
13.33,4.488,-0.559,-8.915,-0.233
13.34,4.357,-0.561,-8.98,-0.224
13.35,4.225,-0.563,-9.043,-0.215
13.36,4.092,-0.565,-9.104,-0.205
13.37,3.959,-0.566,-9.163,-0.195
13.38,3.825,-0.568,-9.219,-0.184
13.39,3.691,-0.57,-9.274,-0.174
13.4,3.555,-0.572,-9.327,-0.163
13.41,3.419,-0.573,-9.378,-0.152
13.42,3.282,-0.575,-9.427,-0.142
13.43,3.145,-0.577,-9.473,-0.131
13.44,3.007,-0.578,-9.518,-0.119
13.45,2.869,-0.579,-9.561,-0.107
13.46,2.73,-0.58,-9.601,-0.096
13.47,2.59,-0.581,-9.64,-0.084
13.48,2.45,-0.581,-9.677,-0.071
13.49,2.308,-0.581,-9.712,-0.059
13.5,2.167,-0.581,-9.744,-0.047
13.51,2.025,-0.581,-9.775,-0.035
13.52,1.882,-0.581,-9.803,-0.022
13.53,1.739,-0.58,-9.83,-0.01
13.54,1.595,-0.58,-9.854,0
13.55,1.452,-0.579,-9.877,0.012
13.56,1.308,-0.577,-9.897,0.024
13.57,1.164,-0.576,-9.915,0.036
13.58,1.019,-0.574,-9.931,0.047
13.59,0.875,-0.573,-9.944,0.058
13.6,0.73,-0.571,-9.956,0.07
13.61,0.586,-0.57,-9.966,0.08
13.62,0.442,-0.569,-9.973,0.091
13.63,0.298,-0.568,-9.978,0.101
13.64,0.154,-0.566,-9.982,0.112
13.65,0.009,-0.564,-9.983,0.122
13.66,-0.134,-0.561,-9.982,0.132
13.67,-0.279,-0.558,-9.979,0.142
13.68,-0.423,-0.555,-9.974,0.152
13.69,-0.566,-0.552,-9.967,0.162
13.7,-0.709,-0.548,-9.958,0.171
13.71,-0.853,-0.545,-9.946,0.181
13.72,-0.996,-0.541,-9.933,0.19
13.73,-1.138,-0.537,-9.918,0.2
13.74,-1.28,-0.533,-9.901,0.209
13.75,-1.421,-0.529,-9.881,0.218
13.76,-1.562,-0.524,-9.86,0.227
13.77,-1.702,-0.519,-9.837,0.236
13.78,-1.841,-0.515,-9.812,0.245
13.79,-1.98,-0.51,-9.785,0.253
13.8,-2.118,-0.505,-9.756,0.262
13.81,-2.256,-0.5,-9.725,0.271
13.82,-2.393,-0.495,-9.692,0.279
13.83,-2.53,-0.49,-9.657,0.288
13.84,-2.666,-0.484,-9.621,0.296
13.85,-2.802,-0.479,-9.582,0.305
13.86,-2.937,-0.473,-9.541,0.314
13.87,-3.072,-0.468,-9.499,0.322
13.88,-3.206,-0.462,-9.454,0.33
13.89,-3.34,-0.456,-9.408,0.339
13.9,-3.472,-0.449,-9.36,0.347
13.91,-3.604,-0.443,-9.31,0.356
13.92,-3.735,-0.437,-9.258,0.365
13.93,-3.865,-0.431,-9.204,0.374
13.94,-3.994,-0.425,-9.149,0.383
13.95,-4.122,-0.419,-9.092,0.392
13.96,-4.249,-0.413,-9.033,0.401
13.97,-4.375,-0.407,-8.973,0.41
13.98,-4.5,-0.4,-8.91,0.419
13.99,-4.624,-0.394,-8.847,0.428
14,-4.748,-0.388,-8.781,0.437
14.01,-4.87,-0.381,-8.713,0.446
14.02,-4.991,-0.374,-8.644,0.455
14.03,-5.112,-0.368,-8.574,0.465
14.04,-5.231,-0.361,-8.501,0.474
14.05,-5.349,-0.355,-8.427,0.483
14.06,-5.466,-0.349,-8.351,0.492
14.07,-5.582,-0.342,-8.274,0.502
14.08,-5.697,-0.336,-8.195,0.511
14.09,-5.81,-0.329,-8.115,0.52
14.1,-5.922,-0.323,-8.033,0.53
14.11,-6.032,-0.317,-7.95,0.539
14.12,-6.142,-0.311,-7.865,0.548
14.13,-6.251,-0.305,-7.779,0.558
14.14,-6.358,-0.298,-7.691,0.567
14.15,-6.463,-0.292,-7.602,0.576
14.16,-6.567,-0.286,-7.512,0.586
14.17,-6.671,-0.28,-7.42,0.595
14.18,-6.772,-0.274,-7.327,0.605
14.19,-6.872,-0.268,-7.233,0.614
14.2,-6.971,-0.262,-7.137,0.623
14.21,-7.069,-0.256,-7.039,0.633
14.22,-7.165,-0.25,-6.941,0.642
14.23,-7.26,-0.244,-6.841,0.651
14.24,-7.353,-0.237,-6.74,0.661
14.25,-7.444,-0.231,-6.638,0.67
14.26,-7.535,-0.225,-6.534,0.679
14.27,-7.624,-0.218,-6.429,0.688
14.28,-7.712,-0.212,-6.323,0.696
14.29,-7.797,-0.205,-6.217,0.705
14.3,-7.882,-0.199,-6.109,0.714
14.31,-7.964,-0.192,-6,0.722
14.32,-8.045,-0.185,-5.891,0.73
14.33,-8.124,-0.178,-5.78,0.738
14.34,-8.201,-0.171,-5.669,0.746
14.35,-8.277,-0.164,-5.556,0.753
14.36,-8.352,-0.157,-5.443,0.761
14.37,-8.425,-0.149,-5.329,0.767
14.38,-8.496,-0.142,-5.214,0.774
14.39,-8.565,-0.134,-5.098,0.781
14.4,-8.633,-0.127,-4.982,0.787
14.41,-8.699,-0.119,-4.865,0.793
14.42,-8.764,-0.112,-4.747,0.799
14.43,-8.827,-0.104,-4.628,0.804
14.44,-8.888,-0.096,-4.509,0.81
14.45,-8.947,-0.088,-4.39,0.816
14.46,-9.004,-0.08,-4.27,0.821
14.47,-9.06,-0.073,-4.149,0.826
14.48,-9.114,-0.065,-4.029,0.831
14.49,-9.166,-0.057,-3.907,0.836
14.5,-9.217,-0.049,-3.785,0.84
14.51,-9.266,-0.041,-3.661,0.844
14.52,-9.314,-0.032,-3.537,0.847
14.53,-9.361,-0.024,-3.412,0.851
14.54,-9.405,-0.015,-3.287,0.854
14.55,-9.447,-0.007,-3.162,0.857
14.56,-9.488,0,-3.038,0.86
14.57,-9.527,0.008,-2.912,0.862
14.58,-9.564,0.017,-2.787,0.865
14.59,-9.6,0.025,-2.661,0.867
14.6,-9.634,0.033,-2.534,0.869
14.61,-9.666,0.041,-2.407,0.871
14.62,-9.697,0.05,-2.28,0.873
14.63,-9.725,0.058,-2.153,0.875
14.64,-9.753,0.066,-2.026,0.876
14.65,-9.778,0.074,-1.898,0.878
14.66,-9.802,0.082,-1.771,0.879
14.67,-9.824,0.091,-1.643,0.881
14.68,-9.844,0.099,-1.516,0.882
14.69,-9.862,0.107,-1.39,0.883
14.7,-9.879,0.116,-1.262,0.883
14.71,-9.895,0.124,-1.135,0.883
14.72,-9.908,0.132,-1.009,0.883
14.73,-9.92,0.14,-0.882,0.883
14.74,-9.931,0.149,-0.756,0.883
14.75,-9.939,0.157,-0.629,0.883
14.76,-9.946,0.166,-0.502,0.883
14.77,-9.952,0.175,-0.376,0.882
14.78,-9.956,0.184,-0.248,0.882
14.79,-9.958,0.193,-0.121,0.882
14.8,-9.959,0.201,0.005,0.881
14.81,-9.957,0.21,0.132,0.881
14.82,-9.955,0.218,0.259,0.88
14.83,-9.951,0.227,0.387,0.879
14.84,-9.945,0.235,0.514,0.878
14.85,-9.937,0.244,0.641,0.877
14.86,-9.928,0.253,0.767,0.876
14.87,-9.917,0.262,0.894,0.874
14.88,-9.905,0.271,1.021,0.873
14.89,-9.891,0.28,1.147,0.872
14.9,-9.875,0.288,1.273,0.871
14.91,-9.858,0.297,1.398,0.87
14.92,-9.84,0.306,1.523,0.869
14.93,-9.82,0.314,1.646,0.868
14.94,-9.798,0.323,1.769,0.867
14.95,-9.775,0.332,1.892,0.866
14.96,-9.75,0.34,2.015,0.864
14.97,-9.724,0.349,2.136,0.863
14.98,-9.696,0.358,2.258,0.862
14.99,-9.667,0.367,2.379,0.861
15,-9.637,0.376,2.499,0.859
15.01,-9.605,0.385,2.618,0.857
15.02,-9.571,0.394,2.737,0.856
15.03,-9.536,0.402,2.856,0.854
15.04,-9.5,0.411,2.975,0.852
15.05,-9.462,0.419,3.093,0.851
15.06,-9.422,0.428,3.21,0.849
15.07,-9.382,0.436,3.326,0.847
15.08,-9.34,0.444,3.442,0.845
15.09,-9.296,0.453,3.557,0.843
15.1,-9.251,0.461,3.672,0.841
15.11,-9.204,0.469,3.787,0.839
15.12,-9.157,0.477,3.901,0.836
15.13,-9.108,0.485,4.013,0.834
15.14,-9.057,0.493,4.125,0.831
15.15,-9.006,0.501,4.236,0.829
15.16,-8.953,0.509,4.347,0.826
15.17,-8.898,0.516,4.457,0.823
15.18,-8.843,0.524,4.566,0.82
15.19,-8.786,0.532,4.674,0.817
15.2,-8.727,0.539,4.782,0.813
15.21,-8.668,0.546,4.889,0.81
15.22,-8.607,0.554,4.995,0.806
15.23,-8.545,0.561,5.1,0.802
15.24,-8.482,0.568,5.204,0.798
15.25,-8.418,0.576,5.307,0.794
15.26,-8.352,0.583,5.409,0.79
15.27,-8.286,0.591,5.511,0.786
15.28,-8.217,0.598,5.612,0.781
15.29,-8.148,0.606,5.712,0.777
15.3,-8.077,0.614,5.811,0.772
15.31,-8.006,0.622,5.909,0.767
15.32,-7.933,0.629,6.007,0.761
15.33,-7.859,0.637,6.103,0.756
15.34,-7.783,0.645,6.199,0.75
15.35,-7.707,0.653,6.293,0.744
15.36,-7.63,0.661,6.386,0.738
15.37,-7.552,0.668,6.479,0.732
15.38,-7.473,0.676,6.57,0.726
15.39,-7.393,0.683,6.659,0.719
15.4,-7.312,0.691,6.748,0.712
15.41,-7.23,0.698,6.836,0.706
15.42,-7.147,0.705,6.923,0.699
15.43,-7.062,0.712,7.009,0.691
15.44,-6.977,0.719,7.093,0.684
15.45,-6.891,0.727,7.177,0.675
15.46,-6.804,0.734,7.26,0.667
15.47,-6.716,0.741,7.341,0.659
15.48,-6.628,0.748,7.421,0.65
15.49,-6.538,0.755,7.5,0.641
15.5,-6.448,0.762,7.578,0.632
15.51,-6.357,0.769,7.655,0.623
15.52,-6.265,0.775,7.73,0.614
15.53,-6.173,0.782,7.804,0.604
15.54,-6.079,0.788,7.877,0.595
15.55,-5.985,0.795,7.949,0.585
15.56,-5.891,0.801,8.019,0.575
15.57,-5.795,0.807,8.089,0.564
15.58,-5.699,0.812,8.157,0.554
15.59,-5.603,0.818,8.223,0.543
15.6,-5.506,0.824,8.289,0.533
15.61,-5.408,0.83,8.353,0.522
15.62,-5.309,0.835,8.417,0.511
15.63,-5.21,0.841,8.479,0.5
15.64,-5.11,0.846,8.539,0.488
15.65,-5.009,0.852,8.599,0.477
15.66,-4.908,0.857,8.657,0.465
15.67,-4.806,0.862,8.714,0.454
15.68,-4.703,0.867,8.77,0.442
15.69,-4.6,0.871,8.825,0.43
15.7,-4.497,0.876,8.878,0.418
15.71,-4.393,0.881,8.93,0.406
15.72,-4.288,0.885,8.981,0.395
15.73,-4.183,0.89,9.03,0.383
15.74,-4.078,0.894,9.078,0.371
15.75,-3.973,0.898,9.125,0.358
15.76,-3.866,0.902,9.171,0.346
15.77,-3.76,0.906,9.215,0.334
15.78,-3.653,0.91,9.258,0.322
15.79,-3.546,0.914,9.3,0.31
15.8,-3.439,0.917,9.34,0.298
15.81,-3.331,0.92,9.379,0.286
15.82,-3.222,0.923,9.417,0.274
15.83,-3.114,0.927,9.453,0.261
15.84,-3.005,0.93,9.489,0.249
15.85,-2.895,0.933,9.522,0.236
15.86,-2.785,0.936,9.555,0.224
15.87,-2.675,0.939,9.587,0.211
15.88,-2.566,0.942,9.616,0.199
15.89,-2.456,0.945,9.645,0.187
15.9,-2.346,0.948,9.672,0.175
15.91,-2.235,0.95,9.698,0.163
15.92,-2.125,0.953,9.723,0.151
15.93,-2.015,0.955,9.747,0.139
15.94,-1.904,0.957,9.769,0.127
15.95,-1.793,0.959,9.79,0.115
15.96,-1.682,0.961,9.809,0.103
15.97,-1.571,0.964,9.828,0.091
15.98,-1.461,0.966,9.845,0.079
15.99,-1.35,0.968,9.86,0.067
16,-1.239,0.97,9.875,0.056
16.01,-1.128,0.972,9.888,0.044
16.02,-1.018,0.974,9.9,0.032
16.03,-0.907,0.976,9.91,0.02
16.04,-0.796,0.977,9.92,0.008
16.05,-0.684,0.979,9.928,-0.003
16.06,-0.572,0.98,9.935,-0.016
16.07,-0.461,0.981,9.94,-0.028
16.08,-0.349,0.982,9.945,-0.04
16.09,-0.237,0.983,9.948,-0.053
16.1,-0.126,0.984,9.95,-0.065
16.11,-0.014,0.985,9.95,-0.077
16.12,0.096,0.986,9.95,-0.09
16.13,0.207,0.987,9.948,-0.102
16.14,0.319,0.987,9.945,-0.115
16.15,0.43,0.987,9.94,-0.128
16.16,0.542,0.987,9.935,-0.14
16.17,0.654,0.987,9.928,-0.153
16.18,0.765,0.987,9.92,-0.166
16.19,0.876,0.986,9.91,-0.179
16.2,0.986,0.986,9.9,-0.191
16.21,1.097,0.985,9.888,-0.204
16.22,1.207,0.984,9.875,-0.216
16.23,1.316,0.982,9.861,-0.229
16.24,1.425,0.981,9.846,-0.242
16.25,1.534,0.979,9.829,-0.255
16.26,1.643,0.977,9.811,-0.268
16.27,1.751,0.975,9.792,-0.281
16.28,1.86,0.973,9.772,-0.295
16.29,1.968,0.97,9.751,-0.308
16.3,2.075,0.968,9.728,-0.321
16.31,2.182,0.965,9.705,-0.334
16.32,2.289,0.962,9.68,-0.347
16.33,2.396,0.959,9.654,-0.36
16.34,2.503,0.956,9.626,-0.373
16.35,2.609,0.953,9.598,-0.386
16.36,2.715,0.949,9.568,-0.398
16.37,2.82,0.945,9.538,-0.411
16.38,2.925,0.942,9.506,-0.424
16.39,3.03,0.937,9.473,-0.436
16.4,3.134,0.933,9.439,-0.449
16.41,3.237,0.929,9.404,-0.461
16.42,3.34,0.924,9.367,-0.474
16.43,3.443,0.919,9.33,-0.486
16.44,3.545,0.915,9.291,-0.499
16.45,3.646,0.91,9.252,-0.511
16.46,3.747,0.905,9.211,-0.523
16.47,3.848,0.901,9.17,-0.535
16.48,3.949,0.896,9.126,-0.547
16.49,4.049,0.891,9.082,-0.559
16.5,4.149,0.886,9.037,-0.572
16.51,4.248,0.88,8.99,-0.583
16.52,4.347,0.875,8.943,-0.595
16.53,4.445,0.869,8.894,-0.607
16.54,4.543,0.864,8.844,-0.619
16.55,4.64,0.859,8.793,-0.63
16.56,4.736,0.853,8.742,-0.642
16.57,4.831,0.848,8.689,-0.653
16.58,4.926,0.842,8.635,-0.665
16.59,5.019,0.837,8.581,-0.676
16.6,5.112,0.831,8.526,-0.686
16.61,5.203,0.825,8.47,-0.697
16.62,5.293,0.82,8.414,-0.708
16.63,5.384,0.814,8.356,-0.718
16.64,5.473,0.808,8.297,-0.729
16.65,5.562,0.802,8.238,-0.74
16.66,5.65,0.797,8.177,-0.751
16.67,5.737,0.791,8.116,-0.761
16.68,5.824,0.785,8.053,-0.772
16.69,5.91,0.779,7.99,-0.782
16.7,5.995,0.773,7.926,-0.793
16.71,6.079,0.768,7.861,-0.803
16.72,6.163,0.762,7.795,-0.814
16.73,6.246,0.756,7.728,-0.824
16.74,6.328,0.75,7.661,-0.834
16.75,6.409,0.744,7.592,-0.844
16.76,6.489,0.739,7.523,-0.854
16.77,6.568,0.733,7.454,-0.864
16.78,6.647,0.727,7.383,-0.874
16.79,6.725,0.721,7.312,-0.884
16.8,6.802,0.715,7.24,-0.894
16.81,6.877,0.71,7.167,-0.904
16.82,6.952,0.704,7.094,-0.914
16.83,7.026,0.698,7.02,-0.924
16.84,7.098,0.692,6.946,-0.934
16.85,7.17,0.686,6.871,-0.944
16.86,7.242,0.68,6.794,-0.954
16.87,7.313,0.674,6.717,-0.963
16.88,7.383,0.668,6.64,-0.973
16.89,7.452,0.661,6.561,-0.982
16.9,7.52,0.655,6.483,-0.992
16.91,7.587,0.648,6.403,-1.001
16.92,7.653,0.642,6.323,-1.011
16.93,7.718,0.636,6.243,-1.021
16.94,7.783,0.629,6.161,-1.03
16.95,7.846,0.623,6.079,-1.04
16.96,7.909,0.616,5.996,-1.049
16.97,7.97,0.609,5.914,-1.059
16.98,8.031,0.603,5.83,-1.068
16.99,8.09,0.596,5.746,-1.078
17,8.149,0.589,5.661,-1.087
17.01,8.207,0.582,5.576,-1.097
17.02,8.264,0.575,5.49,-1.106
17.03,8.32,0.568,5.403,-1.116
17.04,8.375,0.56,5.316,-1.125
17.05,8.429,0.553,5.229,-1.134
17.06,8.483,0.545,5.141,-1.143
17.07,8.535,0.537,5.052,-1.152
17.08,8.586,0.53,4.963,-1.162
17.09,8.637,0.522,4.873,-1.171
17.1,8.686,0.514,4.783,-1.18
17.11,8.734,0.506,4.693,-1.189
17.12,8.782,0.497,4.602,-1.198
17.13,8.828,0.489,4.511,-1.207
17.14,8.874,0.481,4.419,-1.216
17.15,8.918,0.472,4.327,-1.225
17.16,8.962,0.464,4.235,-1.233
17.17,9.004,0.455,4.143,-1.242
17.18,9.045,0.447,4.05,-1.25
17.19,9.086,0.437,3.957,-1.259
17.2,9.125,0.428,3.863,-1.267
17.21,9.164,0.419,3.77,-1.275
17.22,9.201,0.409,3.677,-1.283
17.23,9.237,0.399,3.583,-1.291
17.24,9.272,0.389,3.489,-1.298
17.25,9.307,0.379,3.395,-1.306
17.26,9.34,0.37,3.301,-1.314
17.27,9.372,0.36,3.206,-1.321
17.28,9.403,0.35,3.111,-1.329
17.29,9.433,0.339,3.016,-1.336
17.3,9.463,0.329,2.921,-1.343
17.31,9.491,0.318,2.825,-1.35
17.32,9.518,0.308,2.73,-1.357
17.33,9.545,0.297,2.633,-1.364
17.34,9.57,0.286,2.537,-1.371
17.35,9.595,0.275,2.439,-1.377
17.36,9.619,0.264,2.342,-1.384
17.37,9.641,0.252,2.245,-1.39
17.38,9.663,0.241,2.147,-1.397
17.39,9.683,0.23,2.049,-1.403
17.4,9.703,0.218,1.951,-1.409
17.41,9.722,0.207,1.853,-1.415
17.42,9.739,0.195,1.755,-1.421
17.43,9.756,0.184,1.656,-1.427
17.44,9.771,0.172,1.558,-1.432
17.45,9.786,0.16,1.46,-1.438
17.46,9.8,0.148,1.361,-1.443
17.47,9.812,0.137,1.263,-1.448
17.48,9.824,0.125,1.165,-1.453
17.49,9.834,0.113,1.066,-1.458
17.5,9.844,0.102,0.968,-1.463
17.51,9.852,0.09,0.87,-1.467
17.52,9.86,0.078,0.772,-1.472
17.53,9.867,0.066,0.674,-1.476
17.54,9.872,0.054,0.576,-1.481
17.55,9.877,0.042,0.479,-1.484
17.56,9.881,0.031,0.381,-1.488
17.57,9.883,0.019,0.284,-1.492
17.58,9.885,0.007,0.187,-1.495
17.59,9.886,-0.003,0.09,-1.498
17.6,9.886,-0.014,-0.006,-1.501
17.61,9.885,-0.026,-0.103,-1.504
17.62,9.883,-0.038,-0.2,-1.507
17.63,9.88,-0.049,-0.297,-1.509
17.64,9.876,-0.061,-0.394,-1.512
17.65,9.872,-0.072,-0.491,-1.514
17.66,9.866,-0.084,-0.587,-1.516
17.67,9.859,-0.095,-0.683,-1.518
17.68,9.852,-0.106,-0.779,-1.52
17.69,9.843,-0.118,-0.875,-1.521
17.7,9.834,-0.129,-0.97,-1.523
17.71,9.824,-0.14,-1.066,-1.524
17.72,9.813,-0.151,-1.162,-1.525
17.73,9.801,-0.162,-1.257,-1.526
17.74,9.787,-0.173,-1.353,-1.527
17.75,9.773,-0.184,-1.448,-1.528
17.76,9.758,-0.195,-1.544,-1.529
17.77,9.743,-0.206,-1.639,-1.53
17.78,9.726,-0.216,-1.733,-1.53
17.79,9.708,-0.227,-1.828,-1.531
17.8,9.69,-0.238,-1.922,-1.531
17.81,9.67,-0.248,-2.017,-1.531
17.82,9.65,-0.259,-2.111,-1.531
17.83,9.629,-0.269,-2.204,-1.531
17.84,9.607,-0.279,-2.297,-1.531
17.85,9.584,-0.29,-2.39,-1.531
17.86,9.56,-0.3,-2.482,-1.531
17.87,9.535,-0.311,-2.575,-1.53
17.88,9.51,-0.321,-2.667,-1.53
17.89,9.483,-0.331,-2.758,-1.529
17.9,9.456,-0.341,-2.849,-1.529
17.91,9.428,-0.351,-2.94,-1.528
17.92,9.399,-0.362,-3.031,-1.527
17.93,9.369,-0.372,-3.121,-1.526
17.94,9.338,-0.382,-3.211,-1.525
17.95,9.307,-0.392,-3.3,-1.523
17.96,9.275,-0.402,-3.389,-1.522
17.97,9.242,-0.412,-3.478,-1.521
17.98,9.208,-0.422,-3.566,-1.52
17.99,9.173,-0.432,-3.653,-1.518
18,9.138,-0.442,-3.74,-1.517
18.01,9.102,-0.452,-3.827,-1.515
18.02,9.065,-0.462,-3.913,-1.514
18.03,9.027,-0.472,-3.999,-1.512
18.04,8.989,-0.482,-4.084,-1.51
18.05,8.949,-0.493,-4.169,-1.508
18.06,8.909,-0.503,-4.253,-1.506
18.07,8.869,-0.513,-4.336,-1.504
18.08,8.828,-0.524,-4.419,-1.501
18.09,8.786,-0.534,-4.501,-1.499
18.1,8.743,-0.545,-4.583,-1.497
18.11,8.7,-0.556,-4.664,-1.495
18.12,8.656,-0.566,-4.744,-1.493
18.13,8.611,-0.577,-4.824,-1.49
18.14,8.566,-0.588,-4.904,-1.488
18.15,8.52,-0.599,-4.983,-1.485
18.16,8.474,-0.61,-5.061,-1.482
18.17,8.427,-0.622,-5.138,-1.479
18.18,8.379,-0.633,-5.215,-1.476
18.19,8.331,-0.644,-5.291,-1.473
18.2,8.282,-0.655,-5.367,-1.47
18.21,8.232,-0.667,-5.442,-1.467
18.22,8.182,-0.678,-5.517,-1.464
18.23,8.131,-0.69,-5.591,-1.461
18.24,8.08,-0.702,-5.664,-1.458
18.25,8.028,-0.713,-5.737,-1.454
18.26,7.976,-0.725,-5.809,-1.45
18.27,7.923,-0.737,-5.88,-1.447
18.28,7.869,-0.749,-5.951,-1.443
18.29,7.815,-0.761,-6.021,-1.439
18.3,7.761,-0.773,-6.091,-1.434
18.31,7.706,-0.785,-6.16,-1.43
18.32,7.65,-0.797,-6.229,-1.425
18.33,7.594,-0.809,-6.296,-1.421
18.34,7.537,-0.822,-6.363,-1.416
18.35,7.481,-0.834,-6.429,-1.411
18.36,7.424,-0.846,-6.495,-1.407
18.37,7.366,-0.858,-6.559,-1.401
18.38,7.308,-0.871,-6.623,-1.396
18.39,7.249,-0.883,-6.687,-1.391
18.4,7.191,-0.896,-6.75,-1.386
18.41,7.131,-0.908,-6.812,-1.38
18.42,7.071,-0.921,-6.873,-1.374
18.43,7.011,-0.934,-6.934,-1.368
18.44,6.951,-0.946,-6.994,-1.363
18.45,6.89,-0.959,-7.054,-1.356
18.46,6.828,-0.971,-7.113,-1.35
18.47,6.766,-0.984,-7.172,-1.344
18.48,6.703,-0.997,-7.23,-1.337
18.49,6.641,-1.01,-7.287,-1.33
18.5,6.577,-1.022,-7.343,-1.324
18.51,6.514,-1.035,-7.399,-1.316
18.52,6.45,-1.048,-7.455,-1.309
18.53,6.386,-1.061,-7.509,-1.302
18.54,6.321,-1.074,-7.563,-1.294
18.55,6.256,-1.086,-7.616,-1.286
18.56,6.191,-1.099,-7.669,-1.278
18.57,6.125,-1.112,-7.721,-1.27
18.58,6.06,-1.125,-7.772,-1.262
18.59,5.994,-1.137,-7.823,-1.254
18.6,5.927,-1.15,-7.873,-1.246
18.61,5.86,-1.163,-7.922,-1.238
18.62,5.793,-1.175,-7.971,-1.229
18.63,5.725,-1.188,-8.019,-1.22
18.64,5.658,-1.2,-8.067,-1.211
18.65,5.59,-1.213,-8.113,-1.202
18.66,5.521,-1.226,-8.159,-1.192
18.67,5.453,-1.239,-8.205,-1.183
18.68,5.384,-1.251,-8.25,-1.173
18.69,5.315,-1.264,-8.294,-1.163
18.7,5.245,-1.276,-8.337,-1.153
18.71,5.176,-1.289,-8.38,-1.143
18.72,5.106,-1.301,-8.422,-1.134
18.73,5.036,-1.313,-8.464,-1.124
18.74,4.965,-1.325,-8.505,-1.113
18.75,4.895,-1.337,-8.545,-1.103
18.76,4.824,-1.349,-8.585,-1.093
18.77,4.753,-1.36,-8.624,-1.082
18.78,4.682,-1.372,-8.662,-1.072
18.79,4.611,-1.383,-8.7,-1.061
18.8,4.539,-1.395,-8.737,-1.05
18.81,4.467,-1.406,-8.773,-1.039
18.82,4.395,-1.417,-8.809,-1.028
18.83,4.324,-1.428,-8.844,-1.017
18.84,4.251,-1.439,-8.878,-1.006
18.85,4.179,-1.45,-8.912,-0.995
18.86,4.107,-1.46,-8.945,-0.983
18.87,4.035,-1.471,-8.978,-0.972
18.88,3.962,-1.481,-9.009,-0.961
18.89,3.889,-1.492,-9.041,-0.95
18.9,3.816,-1.502,-9.071,-0.938
18.91,3.743,-1.512,-9.101,-0.927
18.92,3.669,-1.522,-9.131,-0.915
18.93,3.596,-1.532,-9.159,-0.904
18.94,3.522,-1.541,-9.187,-0.892
18.95,3.448,-1.551,-9.215,-0.88
18.96,3.374,-1.56,-9.242,-0.869
18.97,3.3,-1.569,-9.268,-0.857
18.98,3.225,-1.579,-9.294,-0.845
18.99,3.151,-1.588,-9.319,-0.833
19,3.076,-1.597,-9.344,-0.821
19.01,3.001,-1.605,-9.368,-0.809
19.02,2.925,-1.614,-9.391,-0.797
19.03,2.85,-1.622,-9.414,-0.785
19.04,2.774,-1.631,-9.436,-0.773
19.05,2.699,-1.639,-9.457,-0.761
19.06,2.623,-1.647,-9.478,-0.748
19.07,2.547,-1.655,-9.498,-0.736
19.08,2.472,-1.663,-9.518,-0.724
19.09,2.396,-1.671,-9.537,-0.712
19.1,2.32,-1.678,-9.555,-0.699
19.11,2.245,-1.686,-9.573,-0.687
19.12,2.169,-1.693,-9.59,-0.675
19.13,2.093,-1.7,-9.606,-0.663
19.14,2.017,-1.707,-9.622,-0.651
19.15,1.941,-1.714,-9.637,-0.638
19.16,1.865,-1.721,-9.652,-0.626
19.17,1.789,-1.728,-9.666,-0.614
19.18,1.713,-1.734,-9.679,-0.601
19.19,1.636,-1.741,-9.692,-0.589
19.2,1.56,-1.747,-9.704,-0.577
19.21,1.484,-1.753,-9.716,-0.564
19.22,1.408,-1.76,-9.727,-0.551
19.23,1.332,-1.765,-9.737,-0.539
19.24,1.255,-1.771,-9.747,-0.526
19.25,1.179,-1.777,-9.756,-0.514
19.26,1.102,-1.783,-9.764,-0.501
19.27,1.026,-1.788,-9.772,-0.489
19.28,0.949,-1.794,-9.78,-0.476
19.29,0.873,-1.799,-9.786,-0.463
19.3,0.796,-1.805,-9.792,-0.451
19.31,0.72,-1.81,-9.798,-0.438
19.32,0.643,-1.815,-9.803,-0.426
19.33,0.567,-1.82,-9.807,-0.413
19.34,0.491,-1.825,-9.811,-0.401
19.35,0.414,-1.829,-9.814,-0.388
19.36,0.338,-1.834,-9.817,-0.376
19.37,0.262,-1.839,-9.819,-0.363
19.38,0.186,-1.844,-9.82,-0.351
19.39,0.111,-1.848,-9.821,-0.338
19.4,0.035,-1.853,-9.821,-0.326
19.41,-0.039,-1.858,-9.82,-0.313
19.42,-0.114,-1.863,-9.819,-0.301
19.43,-0.189,-1.868,-9.817,-0.288
19.44,-0.263,-1.873,-9.815,-0.276
19.45,-0.338,-1.877,-9.812,-0.264
19.46,-0.412,-1.882,-9.809,-0.251
19.47,-0.486,-1.886,-9.805,-0.239
19.48,-0.559,-1.891,-9.8,-0.227
19.49,-0.633,-1.895,-9.795,-0.214
19.5,-0.706,-1.899,-9.79,-0.202
19.51,-0.78,-1.904,-9.784,-0.19
19.52,-0.854,-1.908,-9.777,-0.177
19.53,-0.927,-1.912,-9.77,-0.165
19.54,-0.999,-1.917,-9.762,-0.153
19.55,-1.072,-1.921,-9.753,-0.14
19.56,-1.144,-1.926,-9.744,-0.128
19.57,-1.216,-1.93,-9.735,-0.115
19.58,-1.287,-1.935,-9.725,-0.103
19.59,-1.359,-1.939,-9.715,-0.091
19.6,-1.43,-1.943,-9.704,-0.078
19.61,-1.501,-1.947,-9.692,-0.066
19.62,-1.572,-1.952,-9.68,-0.053
19.63,-1.643,-1.956,-9.667,-0.041
19.64,-1.714,-1.96,-9.654,-0.028
19.65,-1.785,-1.965,-9.641,-0.016
19.66,-1.855,-1.969,-9.626,-0.003
19.67,-1.925,-1.973,-9.612,0.009
19.68,-1.995,-1.977,-9.597,0.022
19.69,-2.065,-1.981,-9.581,0.034
19.7,-2.134,-1.986,-9.565,0.047
19.71,-2.204,-1.99,-9.548,0.06
19.72,-2.273,-1.994,-9.531,0.073
19.73,-2.342,-1.998,-9.513,0.086
19.74,-2.411,-2.002,-9.495,0.1
19.75,-2.48,-2.006,-9.476,0.113
19.76,-2.548,-2.01,-9.457,0.127
19.77,-2.616,-2.014,-9.437,0.14
19.78,-2.684,-2.018,-9.417,0.154
19.79,-2.752,-2.022,-9.397,0.167
19.8,-2.819,-2.026,-9.376,0.181
19.81,-2.886,-2.03,-9.354,0.194
19.82,-2.953,-2.034,-9.332,0.208
19.83,-3.019,-2.038,-9.31,0.222
19.84,-3.085,-2.042,-9.287,0.235
19.85,-3.151,-2.046,-9.263,0.249
19.86,-3.217,-2.05,-9.239,0.263
19.87,-3.282,-2.054,-9.215,0.277
19.88,-3.348,-2.058,-9.19,0.291
19.89,-3.413,-2.062,-9.165,0.306
19.9,-3.478,-2.066,-9.139,0.32
19.91,-3.542,-2.07,-9.113,0.334
19.92,-3.607,-2.074,-9.086,0.348
19.93,-3.671,-2.078,-9.059,0.363
19.94,-3.735,-2.081,-9.031,0.378
19.95,-3.798,-2.085,-9.003,0.393
19.96,-3.861,-2.088,-8.975,0.407
19.97,-3.924,-2.091,-8.946,0.422
19.98,-3.986,-2.095,-8.917,0.437
19.99,-4.048,-2.098,-8.888,0.452
20,-4.11,-2.101,-8.858,0.467
20.01,-4.172,-2.103,-8.828,0.483
20.02,-4.233,-2.106,-8.797,0.498
20.03,-4.294,-2.109,-8.766,0.514
20.04,-4.354,-2.112,-8.734,0.53
20.05,-4.415,-2.114,-8.702,0.546
20.06,-4.475,-2.116,-8.67,0.562
20.07,-4.535,-2.119,-8.637,0.578
20.08,-4.595,-2.121,-8.603,0.595
20.09,-4.654,-2.123,-8.57,0.611
20.1,-4.713,-2.125,-8.536,0.628
20.11,-4.773,-2.126,-8.501,0.645
20.12,-4.831,-2.128,-8.466,0.662
20.13,-4.89,-2.13,-8.431,0.679
20.14,-4.948,-2.131,-8.395,0.696
20.15,-5.006,-2.132,-8.359,0.713
20.16,-5.063,-2.133,-8.323,0.73
20.17,-5.12,-2.134,-8.286,0.748
20.18,-5.176,-2.135,-8.249,0.765
20.19,-5.232,-2.136,-8.212,0.783
20.2,-5.288,-2.137,-8.174,0.8
20.21,-5.344,-2.137,-8.136,0.818
20.22,-5.399,-2.138,-8.097,0.835
20.23,-5.454,-2.138,-8.059,0.853
20.24,-5.508,-2.138,-8.02,0.871
20.25,-5.562,-2.138,-7.98,0.889
20.26,-5.616,-2.138,-7.94,0.907
20.27,-5.669,-2.138,-7.9,0.925
20.28,-5.723,-2.138,-7.86,0.943
20.29,-5.775,-2.137,-7.819,0.961
20.3,-5.828,-2.137,-7.778,0.979
20.31,-5.88,-2.136,-7.737,0.996
20.32,-5.931,-2.135,-7.695,1.015
20.33,-5.983,-2.134,-7.653,1.033
20.34,-6.033,-2.133,-7.611,1.051
20.35,-6.084,-2.131,-7.569,1.069
20.36,-6.134,-2.13,-7.526,1.088
20.37,-6.184,-2.128,-7.483,1.106
20.38,-6.233,-2.126,-7.44,1.124
20.39,-6.282,-2.124,-7.396,1.142
20.4,-6.33,-2.122,-7.353,1.161
20.41,-6.379,-2.119,-7.308,1.179
20.42,-6.427,-2.117,-7.264,1.197
20.43,-6.474,-2.114,-7.219,1.216
20.44,-6.522,-2.112,-7.174,1.234
20.45,-6.569,-2.109,-7.129,1.252
20.46,-6.615,-2.106,-7.083,1.271
20.47,-6.661,-2.102,-7.038,1.289
20.48,-6.707,-2.099,-6.992,1.308
20.49,-6.752,-2.095,-6.946,1.326
20.5,-6.797,-2.092,-6.899,1.344
20.51,-6.842,-2.088,-6.852,1.363
20.52,-6.886,-2.084,-6.805,1.381
20.53,-6.93,-2.079,-6.758,1.399
20.54,-6.974,-2.075,-6.711,1.418
20.55,-7.017,-2.07,-6.663,1.436
20.56,-7.06,-2.066,-6.615,1.454
20.57,-7.102,-2.061,-6.567,1.473
20.58,-7.144,-2.056,-6.518,1.491
20.59,-7.186,-2.051,-6.47,1.509
20.6,-7.227,-2.046,-6.421,1.527
20.61,-7.268,-2.041,-6.372,1.545
20.62,-7.308,-2.035,-6.323,1.563
20.63,-7.348,-2.03,-6.274,1.581
20.64,-7.388,-2.024,-6.225,1.599
20.65,-7.427,-2.019,-6.175,1.617
20.66,-7.466,-2.013,-6.126,1.635
20.67,-7.504,-2.007,-6.076,1.653
20.68,-7.541,-2.001,-6.026,1.671
20.69,-7.579,-1.995,-5.976,1.688
20.7,-7.616,-1.988,-5.926,1.706
20.71,-7.653,-1.982,-5.875,1.724
20.72,-7.689,-1.975,-5.825,1.741
20.73,-7.725,-1.969,-5.774,1.759
20.74,-7.76,-1.962,-5.723,1.776
20.75,-7.796,-1.955,-5.672,1.794
20.76,-7.831,-1.948,-5.62,1.811
20.77,-7.865,-1.941,-5.569,1.829
20.78,-7.899,-1.934,-5.518,1.846
20.79,-7.932,-1.926,-5.466,1.863
20.8,-7.966,-1.919,-5.414,1.88
20.81,-7.999,-1.912,-5.362,1.897
20.82,-8.031,-1.904,-5.31,1.914
20.83,-8.063,-1.896,-5.258,1.931
20.84,-8.095,-1.889,-5.205,1.948
20.85,-8.126,-1.881,-5.153,1.965
20.86,-8.157,-1.873,-5.1,1.981
20.87,-8.188,-1.865,-5.047,1.998
20.88,-8.218,-1.857,-4.994,2.015
20.89,-8.248,-1.849,-4.941,2.031
20.9,-8.277,-1.841,-4.888,2.047
20.91,-8.306,-1.833,-4.834,2.064
20.92,-8.335,-1.824,-4.781,2.08
20.93,-8.363,-1.816,-4.727,2.096
20.94,-8.391,-1.808,-4.673,2.112
20.95,-8.419,-1.8,-4.619,2.128
20.96,-8.446,-1.791,-4.565,2.145
20.97,-8.473,-1.783,-4.511,2.161
20.98,-8.499,-1.775,-4.457,2.177
20.99,-8.525,-1.766,-4.403,2.193
21,-8.551,-1.758,-4.348,2.208
21.01,-8.576,-1.749,-4.293,2.224
21.02,-8.601,-1.74,-4.238,2.24
21.03,-8.625,-1.732,-4.183,2.255
21.04,-8.65,-1.723,-4.128,2.271
21.05,-8.673,-1.714,-4.073,2.286
21.06,-8.697,-1.706,-4.018,2.302
21.07,-8.72,-1.697,-3.962,2.317
21.08,-8.742,-1.688,-3.907,2.332
21.09,-8.765,-1.679,-3.852,2.347
21.1,-8.786,-1.67,-3.796,2.362
21.11,-8.808,-1.661,-3.741,2.378
21.12,-8.829,-1.652,-3.685,2.393
21.13,-8.85,-1.643,-3.629,2.408
21.14,-8.87,-1.634,-3.573,2.422
21.15,-8.89,-1.625,-3.517,2.437
21.16,-8.909,-1.616,-3.461,2.452
21.17,-8.929,-1.607,-3.405,2.467
21.18,-8.947,-1.598,-3.349,2.482
21.19,-8.966,-1.589,-3.293,2.497
21.2,-8.984,-1.579,-3.236,2.511
21.21,-9.001,-1.57,-3.18,2.526
21.22,-9.019,-1.561,-3.124,2.541
21.23,-9.036,-1.551,-3.067,2.555
21.24,-9.052,-1.542,-3.011,2.57
21.25,-9.068,-1.533,-2.954,2.584
21.26,-9.084,-1.523,-2.897,2.599
21.27,-9.099,-1.514,-2.84,2.613
21.28,-9.114,-1.504,-2.784,2.628
21.29,-9.129,-1.495,-2.727,2.642
21.3,-9.143,-1.485,-2.67,2.657
21.31,-9.157,-1.476,-2.613,2.671
21.32,-9.17,-1.466,-2.555,2.685
21.33,-9.183,-1.456,-2.498,2.7
21.34,-9.196,-1.447,-2.441,2.714
21.35,-9.208,-1.437,-2.384,2.728
21.36,-9.22,-1.427,-2.327,2.743
21.37,-9.232,-1.418,-2.269,2.757
21.38,-9.243,-1.408,-2.212,2.771
21.39,-9.253,-1.398,-2.155,2.786
21.4,-9.264,-1.388,-2.097,2.8
21.41,-9.274,-1.378,-2.04,2.815
21.42,-9.283,-1.368,-1.983,2.829
21.43,-9.292,-1.358,-1.925,2.843
21.44,-9.301,-1.348,-1.868,2.858
21.45,-9.31,-1.338,-1.81,2.872
21.46,-9.318,-1.328,-1.753,2.886
21.47,-9.325,-1.318,-1.696,2.901
21.48,-9.332,-1.307,-1.638,2.915
21.49,-9.339,-1.297,-1.581,2.93
21.5,-9.346,-1.287,-1.524,2.944
21.51,-9.352,-1.276,-1.467,2.958
21.52,-9.357,-1.266,-1.409,2.973
21.53,-9.363,-1.255,-1.352,2.987
21.54,-9.368,-1.245,-1.295,3.001
21.55,-9.372,-1.234,-1.238,3.016
21.56,-9.376,-1.224,-1.181,3.03
21.57,-9.38,-1.213,-1.123,3.044
21.58,-9.383,-1.202,-1.066,3.059
21.59,-9.386,-1.191,-1.009,3.073
21.6,-9.389,-1.18,-0.952,3.088
21.61,-9.391,-1.169,-0.895,3.102
21.62,-9.393,-1.158,-0.838,3.116
21.63,-9.395,-1.147,-0.781,3.131
21.64,-9.396,-1.136,-0.724,3.145
21.65,-9.396,-1.125,-0.667,3.159
21.66,-9.397,-1.113,-0.61,3.174
21.67,-9.397,-1.102,-0.553,3.188
21.68,-9.397,-1.09,-0.497,3.202
21.69,-9.396,-1.079,-0.44,3.217
21.7,-9.395,-1.067,-0.383,3.231
21.71,-9.393,-1.056,-0.327,3.245
21.72,-9.391,-1.044,-0.271,3.26
21.73,-9.389,-1.032,-0.215,3.274
21.74,-9.387,-1.02,-0.159,3.288
21.75,-9.384,-1.008,-0.103,3.303
21.76,-9.38,-0.996,-0.047,3.317
21.77,-9.377,-0.984,0.007,3.331
21.78,-9.373,-0.971,0.063,3.346
21.79,-9.368,-0.959,0.118,3.36
21.8,-9.363,-0.946,0.174,3.374
21.81,-9.358,-0.933,0.229,3.389
21.82,-9.353,-0.921,0.284,3.403
21.83,-9.347,-0.908,0.339,3.417
21.84,-9.341,-0.895,0.394,3.431
21.85,-9.335,-0.882,0.449,3.445
21.86,-9.328,-0.869,0.504,3.46
21.87,-9.321,-0.856,0.558,3.474
21.88,-9.313,-0.842,0.613,3.488
21.89,-9.305,-0.829,0.667,3.502
21.9,-9.297,-0.816,0.721,3.516
21.91,-9.289,-0.802,0.775,3.53
21.92,-9.28,-0.788,0.829,3.544
21.93,-9.271,-0.774,0.883,3.558
21.94,-9.261,-0.76,0.937,3.572
21.95,-9.251,-0.746,0.991,3.586
21.96,-9.241,-0.732,1.044,3.6
21.97,-9.23,-0.718,1.098,3.614
21.98,-9.22,-0.703,1.151,3.628
21.99,-9.208,-0.689,1.205,3.642
22,-9.197,-0.674,1.258,3.656
22.01,-9.185,-0.659,1.311,3.67
22.02,-9.173,-0.644,1.364,3.684
22.03,-9.16,-0.629,1.416,3.698
22.04,-9.148,-0.614,1.469,3.711
22.05,-9.134,-0.599,1.521,3.725
22.06,-9.121,-0.584,1.573,3.739
22.07,-9.107,-0.568,1.624,3.753
22.08,-9.093,-0.553,1.676,3.766
22.09,-9.079,-0.537,1.727,3.78
22.1,-9.064,-0.521,1.778,3.793
22.11,-9.049,-0.506,1.83,3.807
22.12,-9.034,-0.49,1.88,3.82
22.13,-9.019,-0.474,1.931,3.833
22.14,-9.003,-0.457,1.981,3.847
22.15,-8.987,-0.441,2.032,3.86
22.16,-8.97,-0.425,2.082,3.873
22.17,-8.954,-0.408,2.131,3.886
22.18,-8.937,-0.392,2.181,3.9
22.19,-8.92,-0.375,2.23,3.913
22.2,-8.902,-0.359,2.279,3.926
22.21,-8.885,-0.342,2.328,3.939
22.22,-8.867,-0.325,2.377,3.951
22.23,-8.848,-0.308,2.425,3.964
22.24,-8.83,-0.291,2.474,3.977
22.25,-8.811,-0.273,2.522,3.99
22.26,-8.792,-0.256,2.57,4.002
22.27,-8.773,-0.239,2.617,4.015
22.28,-8.753,-0.221,2.665,4.027
22.29,-8.733,-0.203,2.712,4.04
22.3,-8.713,-0.186,2.759,4.052
22.31,-8.693,-0.168,2.806,4.065
22.32,-8.672,-0.15,2.852,4.077
22.33,-8.651,-0.132,2.898,4.089
22.34,-8.63,-0.114,2.944,4.101
22.35,-8.609,-0.096,2.99,4.113
22.36,-8.588,-0.078,3.036,4.125
22.37,-8.566,-0.059,3.081,4.137
22.38,-8.544,-0.041,3.126,4.149
22.39,-8.522,-0.022,3.17,4.161
22.4,-8.499,-0.004,3.215,4.173
22.41,-8.476,0.014,3.259,4.185
22.42,-8.454,0.033,3.303,4.196
22.43,-8.43,0.052,3.347,4.208
22.44,-8.407,0.072,3.391,4.219
22.45,-8.383,0.091,3.435,4.231
22.46,-8.36,0.11,3.478,4.242
22.47,-8.336,0.13,3.521,4.253
22.48,-8.311,0.149,3.564,4.264
22.49,-8.287,0.169,3.606,4.275
22.5,-8.262,0.188,3.648,4.287
22.51,-8.237,0.208,3.691,4.298
22.52,-8.212,0.228,3.732,4.308
22.53,-8.187,0.248,3.774,4.319
22.54,-8.161,0.268,3.816,4.33
22.55,-8.135,0.289,3.857,4.34
22.56,-8.109,0.309,3.898,4.351
22.57,-8.083,0.329,3.938,4.362
22.58,-8.057,0.35,3.979,4.372
22.59,-8.03,0.37,4.019,4.382
22.6,-8.004,0.391,4.059,4.393
22.61,-7.977,0.412,4.099,4.403
22.62,-7.949,0.433,4.139,4.413
22.63,-7.922,0.454,4.179,4.423
22.64,-7.894,0.475,4.218,4.432
22.65,-7.866,0.497,4.257,4.442
22.66,-7.838,0.518,4.296,4.452
22.67,-7.81,0.54,4.335,4.461
22.68,-7.782,0.561,4.373,4.471
22.69,-7.753,0.583,4.411,4.48
22.7,-7.724,0.605,4.449,4.489
22.71,-7.695,0.627,4.487,4.499
22.72,-7.666,0.649,4.524,4.508
22.73,-7.637,0.671,4.561,4.517
22.74,-7.608,0.693,4.598,4.526
22.75,-7.578,0.716,4.635,4.535
22.76,-7.548,0.738,4.672,4.543
22.77,-7.518,0.761,4.708,4.552
22.78,-7.488,0.783,4.744,4.56
22.79,-7.458,0.806,4.779,4.569
22.8,-7.427,0.829,4.815,4.577
22.81,-7.397,0.852,4.85,4.585
22.82,-7.366,0.875,4.885,4.594
22.83,-7.335,0.898,4.919,4.602
22.84,-7.304,0.921,4.953,4.61
22.85,-7.273,0.944,4.987,4.618
22.86,-7.242,0.967,5.021,4.625
22.87,-7.21,0.99,5.055,4.633
22.88,-7.179,1.014,5.088,4.64
22.89,-7.147,1.037,5.121,4.648
22.9,-7.115,1.06,5.154,4.655
22.91,-7.083,1.084,5.186,4.662
22.92,-7.051,1.107,5.218,4.67
22.93,-7.019,1.131,5.25,4.677
22.94,-6.987,1.155,5.282,4.683
22.95,-6.955,1.178,5.313,4.69
22.96,-6.922,1.202,5.344,4.697
22.97,-6.889,1.226,5.375,4.704
22.98,-6.857,1.25,5.406,4.71
22.99,-6.824,1.274,5.436,4.716
23,-6.79,1.298,5.467,4.723
23.01,-6.757,1.322,5.497,4.729
23.02,-6.724,1.347,5.526,4.735
23.03,-6.69,1.371,5.556,4.741
23.04,-6.657,1.396,5.585,4.747
23.05,-6.623,1.42,5.614,4.752
23.06,-6.589,1.445,5.643,4.758
23.07,-6.555,1.47,5.671,4.764
23.08,-6.521,1.495,5.699,4.769
23.09,-6.487,1.519,5.727,4.774
23.1,-6.453,1.544,5.754,4.78
23.11,-6.419,1.569,5.782,4.785
23.12,-6.384,1.594,5.809,4.79
23.13,-6.35,1.619,5.835,4.795
23.14,-6.316,1.644,5.862,4.799
23.15,-6.281,1.669,5.888,4.804
23.16,-6.246,1.694,5.914,4.809
23.17,-6.211,1.719,5.94,4.813
23.18,-6.176,1.744,5.965,4.817
23.19,-6.141,1.77,5.99,4.822
23.2,-6.106,1.795,6.015,4.826
23.21,-6.071,1.82,6.04,4.83
23.22,-6.036,1.846,6.065,4.834
23.23,-6,1.871,6.089,4.837
23.24,-5.965,1.897,6.113,4.841
23.25,-5.929,1.923,6.137,4.845
23.26,-5.893,1.948,6.16,4.848
23.27,-5.858,1.974,6.183,4.852
23.28,-5.822,2,6.206,4.855
23.29,-5.786,2.025,6.229,4.858
23.3,-5.75,2.051,6.251,4.861
23.31,-5.714,2.077,6.274,4.864
23.32,-5.678,2.103,6.296,4.867
23.33,-5.642,2.129,6.317,4.869
23.34,-5.606,2.155,6.339,4.872
23.35,-5.569,2.181,6.36,4.875
23.36,-5.533,2.207,6.381,4.877
23.37,-5.497,2.233,6.401,4.879
23.38,-5.46,2.26,6.421,4.881
23.39,-5.424,2.286,6.441,4.883
23.4,-5.387,2.312,6.461,4.885
23.41,-5.351,2.339,6.481,4.887
23.42,-5.314,2.365,6.5,4.889
23.43,-5.277,2.392,6.519,4.891
23.44,-5.24,2.418,6.538,4.892
23.45,-5.203,2.445,6.556,4.893
23.46,-5.166,2.472,6.575,4.895
23.47,-5.129,2.499,6.593,4.896
23.48,-5.091,2.526,6.611,4.897
23.49,-5.054,2.552,6.628,4.898
23.5,-5.017,2.579,6.646,4.898
23.51,-4.979,2.606,6.663,4.899
23.52,-4.942,2.633,6.68,4.9
23.53,-4.905,2.66,6.696,4.9
23.54,-4.867,2.687,6.712,4.9
23.55,-4.83,2.714,6.728,4.9
23.56,-4.792,2.741,6.744,4.901
23.57,-4.755,2.769,6.76,4.901
23.58,-4.717,2.796,6.775,4.901
23.59,-4.68,2.823,6.79,4.9
23.6,-4.642,2.85,6.805,4.9
23.61,-4.604,2.878,6.819,4.899
23.62,-4.566,2.905,6.833,4.899
23.63,-4.529,2.932,6.847,4.898
23.64,-4.491,2.959,6.861,4.897
23.65,-4.453,2.987,6.874,4.896
23.66,-4.415,3.014,6.887,4.895
23.67,-4.378,3.042,6.9,4.894
23.68,-4.34,3.069,6.913,4.893
23.69,-4.302,3.097,6.925,4.891
23.7,-4.264,3.124,6.937,4.89
23.71,-4.227,3.152,6.949,4.888
23.72,-4.189,3.18,6.96,4.887
23.73,-4.151,3.207,6.971,4.885
23.74,-4.114,3.235,6.982,4.883
23.75,-4.076,3.263,6.993,4.881
23.76,-4.038,3.29,7.004,4.878
23.77,-4,3.318,7.014,4.876
23.78,-3.963,3.346,7.024,4.873
23.79,-3.925,3.374,7.033,4.871
23.8,-3.887,3.401,7.043,4.868
23.81,-3.85,3.429,7.052,4.865
23.82,-3.812,3.457,7.061,4.862
23.83,-3.774,3.485,7.07,4.859
23.84,-3.736,3.512,7.078,4.856
23.85,-3.699,3.54,7.086,4.853
23.86,-3.661,3.568,7.094,4.85
23.87,-3.623,3.596,7.102,4.846
23.88,-3.586,3.624,7.109,4.842
23.89,-3.548,3.651,7.116,4.839
23.9,-3.511,3.679,7.123,4.835
23.91,-3.473,3.707,7.13,4.831
23.92,-3.436,3.735,7.136,4.827
23.93,-3.399,3.762,7.142,4.823
23.94,-3.361,3.79,7.148,4.819
23.95,-3.324,3.818,7.154,4.814
23.96,-3.286,3.846,7.16,4.81
23.97,-3.247,3.874,7.165,4.806
23.98,-3.21,3.901,7.169,4.802
23.99,-3.177,3.931,7.17,4.799
24,-3.142,3.957,7.173,4.796
24.01,-3.109,3.981,7.175,4.794
24.02,-3.077,4.007,7.177,4.79
24.03,-3.045,4.031,7.18,4.786
24.04,-3.013,4.056,7.182,4.782
24.05,-2.979,4.08,7.184,4.779
24.06,-2.947,4.105,7.186,4.775
24.07,-2.913,4.131,7.188,4.771
24.08,-2.88,4.156,7.189,4.767
24.09,-2.847,4.182,7.19,4.762
24.1,-2.815,4.208,7.191,4.758
24.11,-2.782,4.232,7.192,4.754
24.12,-2.75,4.256,7.193,4.751
24.13,-2.715,4.28,7.193,4.749
24.14,-2.681,4.303,7.193,4.748
24.15,-2.648,4.325,7.193,4.746
24.16,-2.614,4.348,7.194,4.743
24.17,-2.578,4.37,7.194,4.742
24.18,-2.543,4.392,7.195,4.739
24.19,-2.508,4.413,7.195,4.737
24.2,-2.474,4.435,7.195,4.736
24.21,-2.44,4.457,7.194,4.733
24.22,-2.407,4.481,7.193,4.729
24.23,-2.374,4.503,7.192,4.726
24.24,-2.343,4.525,7.19,4.724
24.25,-2.31,4.547,7.188,4.723
24.26,-2.28,4.568,7.185,4.721
24.27,-2.254,4.588,7.182,4.72
24.28,-2.231,4.606,7.177,4.719
24.29,-2.21,4.624,7.172,4.72
24.3,-2.19,4.641,7.167,4.721
24.31,-2.172,4.657,7.16,4.723
24.32,-2.157,4.672,7.153,4.726
24.33,-2.145,4.685,7.146,4.729
24.34,-2.133,4.699,7.138,4.733
24.35,-2.122,4.712,7.13,4.737
24.36,-2.109,4.725,7.123,4.74
24.37,-2.096,4.739,7.116,4.743
24.38,-2.083,4.753,7.109,4.745
24.39,-2.069,4.767,7.102,4.747
24.4,-2.056,4.782,7.094,4.749
24.41,-2.043,4.796,7.087,4.751
24.42,-2.03,4.811,7.08,4.753
24.43,-2.018,4.825,7.072,4.756
24.44,-2.006,4.838,7.064,4.759
24.45,-1.995,4.851,7.056,4.762
24.46,-1.985,4.863,7.048,4.766
24.47,-1.977,4.874,7.04,4.771
24.48,-1.969,4.885,7.031,4.776
24.49,-1.962,4.895,7.022,4.782
24.5,-1.956,4.905,7.013,4.787
24.51,-1.95,4.915,7.004,4.793
24.52,-1.945,4.924,6.994,4.8
24.53,-1.939,4.933,6.985,4.806
24.54,-1.932,4.943,6.976,4.811
24.55,-1.926,4.952,6.968,4.817
24.56,-1.919,4.962,6.959,4.822
24.57,-1.913,4.972,6.95,4.828
24.58,-1.907,4.981,6.941,4.834
24.59,-1.901,4.99,6.932,4.839
24.6,-1.895,4.999,6.923,4.845
24.61,-1.89,5.008,6.914,4.851
24.62,-1.885,5.016,6.904,4.858
24.63,-1.881,5.024,6.895,4.865
24.64,-1.876,5.033,6.885,4.871
24.65,-1.871,5.041,6.876,4.878
24.66,-1.867,5.049,6.866,4.885
24.67,-1.863,5.056,6.857,4.892
24.68,-1.859,5.064,6.847,4.899
24.69,-1.856,5.071,6.837,4.907
24.7,-1.853,5.077,6.827,4.915
24.71,-1.85,5.085,6.817,4.922
24.72,-1.846,5.092,6.808,4.93
24.73,-1.841,5.1,6.798,4.937
24.74,-1.838,5.107,6.788,4.944
24.75,-1.834,5.114,6.779,4.952
24.76,-1.831,5.12,6.769,4.96
24.77,-1.827,5.127,6.759,4.968
24.78,-1.824,5.133,6.749,4.976
24.79,-1.822,5.139,6.739,4.984
24.8,-1.82,5.145,6.728,4.993
24.81,-1.818,5.15,6.718,5.002
24.82,-1.817,5.155,6.707,5.012
24.83,-1.815,5.16,6.697,5.021
24.84,-1.814,5.165,6.686,5.031
24.85,-1.812,5.17,6.676,5.04
24.86,-1.811,5.175,6.665,5.05
24.87,-1.809,5.18,6.654,5.06
24.88,-1.808,5.185,6.643,5.069
24.89,-1.806,5.19,6.633,5.079
24.9,-1.804,5.195,6.622,5.088
24.91,-1.803,5.199,6.611,5.098
24.92,-1.802,5.203,6.6,5.109
24.93,-1.801,5.207,6.589,5.12
24.94,-1.802,5.21,6.577,5.131
24.95,-1.803,5.212,6.566,5.144
24.96,-1.805,5.214,6.553,5.157
24.97,-1.807,5.216,6.541,5.17
24.98,-1.809,5.217,6.529,5.183
24.99,-1.812,5.218,6.516,5.197
25,-1.817,5.218,6.502,5.213
25.01,-1.821,5.217,6.489,5.228
25.02,-1.827,5.216,6.476,5.245
25.03,-1.832,5.214,6.462,5.261
25.04,-1.839,5.211,6.448,5.279
25.05,-1.846,5.208,6.433,5.297
25.06,-1.855,5.204,6.419,5.316
25.07,-1.863,5.2,6.404,5.335
25.08,-1.872,5.196,6.389,5.354
25.09,-1.88,5.191,6.374,5.373
25.1,-1.888,5.187,6.359,5.392
25.11,-1.897,5.182,6.344,5.412
25.12,-1.907,5.176,6.328,5.432
25.13,-1.916,5.17,6.313,5.453
25.14,-1.927,5.163,6.297,5.474
25.15,-1.937,5.156,6.281,5.496
25.16,-1.947,5.148,6.265,5.517
25.17,-1.958,5.141,6.248,5.539
25.18,-1.968,5.134,6.232,5.56
25.19,-1.979,5.126,6.215,5.582
25.2,-1.991,5.117,6.199,5.605
25.21,-2.003,5.108,6.181,5.628
25.22,-2.015,5.098,6.164,5.651
25.23,-2.027,5.088,6.147,5.674
25.24,-2.038,5.078,6.13,5.697
25.25,-2.05,5.068,6.113,5.721
25.26,-2.063,5.057,6.095,5.744
25.27,-2.076,5.045,6.078,5.769
25.28,-2.09,5.033,6.059,5.794
25.29,-2.105,5.02,6.041,5.819
25.3,-2.119,5.006,6.022,5.845
25.31,-2.133,4.993,6.004,5.87
25.32,-2.148,4.978,5.985,5.896
25.33,-2.163,4.962,5.966,5.923
25.34,-2.179,4.945,5.946,5.951
25.35,-2.196,4.928,5.926,5.98
25.36,-2.214,4.909,5.906,6.009
25.37,-2.232,4.89,5.885,6.038
25.38,-2.25,4.871,5.864,6.067
25.39,-2.267,4.851,5.844,6.096
25.4,-2.286,4.83,5.823,6.126
25.41,-2.305,4.807,5.801,6.157
25.42,-2.325,4.783,5.78,6.188
25.43,-2.346,4.758,5.758,6.22
25.44,-2.366,4.732,5.735,6.252
25.45,-2.387,4.707,5.713,6.284
25.46,-2.408,4.68,5.69,6.317
25.47,-2.431,4.652,5.667,6.349
25.48,-2.454,4.623,5.644,6.382
25.49,-2.477,4.593,5.62,6.416
25.5,-2.501,4.562,5.596,6.45
25.51,-2.525,4.529,5.573,6.483
25.52,-2.55,4.496,5.549,6.517
25.53,-2.575,4.463,5.525,6.551
25.54,-2.6,4.429,5.501,6.584
25.55,-2.625,4.395,5.476,6.617
25.56,-2.649,4.36,5.452,6.65
25.57,-2.674,4.325,5.428,6.683
25.58,-2.699,4.289,5.403,6.716
25.59,-2.723,4.252,5.378,6.75
25.6,-2.747,4.216,5.353,6.783
25.61,-2.771,4.179,5.327,6.816
25.62,-2.795,4.143,5.302,6.848
25.63,-2.818,4.106,5.277,6.88
25.64,-2.842,4.069,5.251,6.912
25.65,-2.864,4.032,5.226,6.943
25.66,-2.886,3.995,5.201,6.974
25.67,-2.907,3.959,5.176,7.005
25.68,-2.927,3.923,5.151,7.035
25.69,-2.947,3.887,5.126,7.064
25.7,-2.967,3.851,5.102,7.094
25.71,-2.987,3.814,5.076,7.124
25.72,-3.008,3.775,5.05,7.153
25.73,-3.029,3.736,5.024,7.183
25.74,-3.05,3.697,4.998,7.213
25.75,-3.069,3.657,4.973,7.243
25.76,-3.089,3.617,4.947,7.272
25.77,-3.109,3.577,4.92,7.302
25.78,-3.129,3.535,4.893,7.331
25.79,-3.15,3.492,4.866,7.361
25.8,-3.17,3.448,4.838,7.391
25.81,-3.191,3.403,4.81,7.422
25.82,-3.212,3.357,4.782,7.452
25.83,-3.233,3.31,4.754,7.482
25.84,-3.254,3.261,4.725,7.512
25.85,-3.276,3.212,4.696,7.542
25.86,-3.298,3.16,4.666,7.573
25.87,-3.323,3.104,4.636,7.604
25.88,-3.348,3.046,4.604,7.635
25.89,-3.374,2.988,4.574,7.665
25.9,-3.399,2.933,4.545,7.692
25.91,-3.427,2.873,4.519,7.717
25.92,-3.462,2.798,4.494,7.744
25.93,-3.509,2.711,4.463,7.772
25.94,-3.557,2.61,4.431,7.803
25.95,-3.612,2.504,4.397,7.831
25.96,-3.669,2.394,4.367,7.856
25.97,-3.726,2.285,4.342,7.875
25.98,-3.784,2.179,4.324,7.888
25.99,-3.839,2.083,4.313,7.893
26,-3.895,1.99,4.308,7.892
26.01,-3.951,1.898,4.311,7.886
26.02,-4.011,1.799,4.316,7.875
26.03,-4.081,1.689,4.318,7.863
26.04,-4.162,1.555,4.317,7.849
26.05,-4.257,1.397,4.31,7.832
26.06,-4.363,1.216,4.3,7.809
26.07,-4.487,1.005,4.283,7.778
26.08,-4.627,0.765,4.264,7.733
26.09,-4.773,0.52,4.251,7.672
26.1,-4.919,0.29,4.244,7.596
26.11,-5.063,0.081,4.241,7.507
26.12,-5.201,-0.125,4.249,7.407
26.13,-5.336,-0.329,4.257,7.3
26.14,-5.462,-0.506,4.26,7.194
26.15,-5.578,-0.663,4.27,7.085
26.16,-5.688,-0.8,4.292,6.969
26.17,-5.788,-0.921,4.326,6.85
26.18,-5.877,-1.026,4.375,6.727
26.19,-5.954,-1.113,4.436,6.605
26.2,-6.02,-1.189,4.508,6.482
26.21,-6.078,-1.255,4.59,6.356
26.22,-6.128,-1.31,4.684,6.227
26.23,-6.162,-1.35,4.793,6.1
26.24,-6.182,-1.373,4.917,5.976
26.25,-6.188,-1.385,5.052,5.852
26.26,-6.183,-1.391,5.203,5.723
26.27,-6.164,-1.392,5.366,5.591
26.28,-6.134,-1.388,5.535,5.459
26.29,-6.093,-1.373,5.71,5.326
26.3,-6.035,-1.359,5.892,5.196
26.31,-5.967,-1.348,6.081,5.057
26.32,-5.88,-1.345,6.28,4.916
26.33,-5.779,-1.339,6.481,4.774
26.34,-5.663,-1.333,6.688,4.627
26.35,-5.533,-1.333,6.897,4.475
26.36,-5.386,-1.337,7.108,4.321
26.37,-5.224,-1.344,7.318,4.162
26.38,-5.05,-1.355,7.526,4
26.39,-4.863,-1.372,7.729,3.835
26.4,-4.664,-1.392,7.926,3.669
26.41,-4.456,-1.423,8.115,3.499
26.42,-4.245,-1.464,8.293,3.324
26.43,-4.034,-1.517,8.457,3.146
26.44,-3.828,-1.58,8.605,2.965
26.45,-3.632,-1.653,8.737,2.779
26.46,-3.449,-1.739,8.853,2.587
26.47,-3.285,-1.838,8.95,2.39
26.48,-3.138,-1.945,9.031,2.189
26.49,-3.009,-2.057,9.097,1.985
26.5,-2.896,-2.175,9.15,1.774
26.51,-2.795,-2.296,9.191,1.559
26.52,-2.707,-2.42,9.22,1.341
26.53,-2.633,-2.544,9.238,1.118
26.54,-2.571,-2.667,9.245,0.891
26.55,-2.519,-2.789,9.243,0.66
26.56,-2.476,-2.908,9.231,0.426
26.57,-2.441,-3.023,9.211,0.19
26.58,-2.413,-3.134,9.184,-0.05
26.59,-2.388,-3.24,9.149,-0.293
26.6,-2.363,-3.339,9.108,-0.537
26.61,-2.336,-3.432,9.063,-0.779
26.62,-2.306,-3.52,9.013,-1.021
26.63,-2.273,-3.604,8.957,-1.263
26.64,-2.237,-3.684,8.897,-1.503
26.65,-2.198,-3.755,8.833,-1.739
26.66,-2.156,-3.822,8.767,-1.967
26.67,-2.11,-3.884,8.698,-2.19
26.68,-2.056,-3.947,8.625,-2.407
26.69,-1.99,-4.009,8.55,-2.617
26.7,-1.914,-4.071,8.474,-2.817
26.71,-1.825,-4.133,8.399,-3.003
26.72,-1.725,-4.198,8.324,-3.178
26.73,-1.612,-4.265,8.248,-3.342
26.74,-1.481,-4.338,8.172,-3.491
26.75,-1.328,-4.42,8.097,-3.623
26.76,-1.15,-4.511,8.022,-3.735
26.77,-0.947,-4.615,7.948,-3.824
26.78,-0.718,-4.732,7.871,-3.89
26.79,-0.465,-4.861,7.789,-3.933
26.8,-0.192,-5.003,7.702,-3.95
26.81,0.1,-5.159,7.605,-3.94
26.82,0.412,-5.328,7.497,-3.902
26.83,0.745,-5.511,7.374,-3.831
26.84,1.097,-5.705,7.235,-3.727
26.85,1.463,-5.908,7.076,-3.588
26.86,1.841,-6.118,6.893,-3.413
26.87,2.228,-6.333,6.684,-3.199
26.88,2.625,-6.549,6.446,-2.942
26.89,3.037,-6.765,6.17,-2.632
26.9,3.462,-6.973,5.852,-2.263
26.91,3.893,-7.165,5.488,-1.834
26.92,4.315,-7.333,5.075,-1.353
26.93,4.716,-7.464,4.618,-0.834
26.94,5.081,-7.554,4.125,-0.292
26.95,5.402,-7.599,3.604,0.262
26.96,5.675,-7.599,3.06,0.823
26.97,5.898,-7.553,2.497,1.386
26.98,6.066,-7.46,1.926,1.959
26.99,6.185,-7.316,1.348,2.528
27,6.254,-7.125,0.772,3.083
27.01,6.277,-6.889,0.204,3.616
27.02,6.254,-6.616,-0.343,4.121
27.03,6.192,-6.312,-0.867,4.588
27.04,6.095,-5.989,-1.356,5.012
27.05,5.972,-5.658,-1.808,5.387
27.06,5.831,-5.327,-2.221,5.715
27.07,5.679,-5.002,-2.594,5.998
27.08,5.523,-4.69,-2.926,6.238
27.09,5.369,-4.398,-3.219,6.438
27.1,5.222,-4.129,-3.478,6.6
27.11,5.084,-3.884,-3.705,6.732
27.12,4.957,-3.661,-3.904,6.838
27.13,4.843,-3.459,-4.082,6.921
27.14,4.743,-3.278,-4.237,6.984
27.15,4.657,-3.121,-4.374,7.03
27.16,4.586,-2.984,-4.492,7.062
27.17,4.533,-2.872,-4.592,7.078
27.18,4.499,-2.786,-4.674,7.08
27.19,4.489,-2.729,-4.735,7.068
27.2,4.5,-2.701,-4.78,7.042
27.21,4.533,-2.699,-4.807,7.003
27.22,4.589,-2.725,-4.816,6.95
27.23,4.666,-2.778,-4.808,6.883
27.24,4.764,-2.856,-4.782,6.801
27.25,4.884,-2.958,-4.736,6.704
27.26,5.021,-3.081,-4.672,6.591
27.27,5.175,-3.221,-4.589,6.463
27.28,5.341,-3.374,-4.486,6.32
27.29,5.519,-3.539,-4.364,6.161
27.3,5.705,-3.712,-4.221,5.986
27.31,5.911,-3.897,-4.04,5.791
27.32,6.119,-4.082,-3.836,5.581
27.33,6.327,-4.266,-3.609,5.359
27.34,6.533,-4.446,-3.36,5.123
27.35,6.734,-4.619,-3.086,4.876
27.36,6.928,-4.784,-2.791,4.616
27.37,7.112,-4.938,-2.475,4.346
27.38,7.285,-5.079,-2.136,4.068
27.39,7.444,-5.206,-1.776,3.782
27.4,7.588,-5.317,-1.397,3.49
27.41,7.714,-5.411,-0.999,3.193
27.42,7.822,-5.486,-0.584,2.892
27.43,7.907,-5.543,-0.154,2.589
27.44,7.969,-5.582,0.289,2.287
27.45,8.007,-5.601,0.741,1.987
27.46,8.02,-5.601,1.199,1.691
27.47,8.007,-5.582,1.659,1.403
27.48,7.968,-5.545,2.118,1.123
27.49,7.904,-5.492,2.572,0.853
27.5,7.816,-5.425,3.019,0.596
27.51,7.704,-5.344,3.455,0.354
27.52,7.573,-5.253,3.876,0.132
27.53,7.426,-5.152,4.276,-0.072
27.54,7.27,-5.042,4.653,-0.252
27.55,7.107,-4.926,5.004,-0.404
27.56,6.943,-4.809,5.327,-0.533
27.57,6.775,-4.69,5.628,-0.64
27.58,6.609,-4.572,5.906,-0.725
27.59,6.446,-4.454,6.162,-0.788
27.6,6.29,-4.337,6.397,-0.832
27.61,6.14,-4.222,6.612,-0.86
27.62,5.998,-4.111,6.808,-0.869
27.63,5.863,-4.002,6.989,-0.864
27.64,5.742,-3.899,7.149,-0.84
27.65,5.622,-3.797,7.301,-0.81
27.66,5.502,-3.697,7.446,-0.775
27.67,5.379,-3.599,7.586,-0.737
27.68,5.249,-3.503,7.725,-0.699
27.69,5.108,-3.41,7.863,-0.662
27.7,4.953,-3.316,8.004,-0.623
27.71,4.782,-3.225,8.147,-0.591
27.72,4.591,-3.137,8.292,-0.563
27.73,4.38,-3.054,8.437,-0.536
27.74,4.151,-2.972,8.582,-0.512
27.75,3.904,-2.896,8.724,-0.489
27.76,3.64,-2.824,8.863,-0.469
27.77,3.356,-2.756,8.996,-0.449
27.78,3.052,-2.691,9.124,-0.429
27.79,2.728,-2.631,9.244,-0.413
27.8,2.381,-2.576,9.355,-0.399
27.81,2.012,-2.523,9.456,-0.388
27.82,1.621,-2.475,9.544,-0.381
27.83,1.209,-2.431,9.616,-0.377
27.84,0.779,-2.391,9.671,-0.375
27.85,0.335,-2.354,9.705,-0.376
27.86,-0.124,-2.321,9.718,-0.381
27.87,-0.597,-2.291,9.707,-0.39
27.88,-1.083,-2.265,9.671,-0.403
27.89,-1.582,-2.243,9.606,-0.422
27.9,-2.091,-2.224,9.512,-0.446
27.91,-2.603,-2.208,9.387,-0.475
27.92,-3.115,-2.193,9.231,-0.511
27.93,-3.621,-2.179,9.045,-0.551
27.94,-4.115,-2.168,8.832,-0.595
27.95,-4.59,-2.159,8.593,-0.641
27.96,-5.04,-2.151,8.335,-0.69
27.97,-5.443,-2.148,8.074,-0.741
27.98,-5.807,-2.145,7.812,-0.793
27.99,-6.132,-2.143,7.555,-0.844
28,-6.418,-2.14,7.309,-0.892
28.01,-6.663,-2.137,7.081,-0.937
28.02,-6.87,-2.135,6.875,-0.98
28.03,-7.041,-2.136,6.694,-1.021
28.04,-7.179,-2.138,6.539,-1.058
28.05,-7.29,-2.142,6.407,-1.094
28.06,-7.379,-2.148,6.297,-1.126
28.07,-7.449,-2.156,6.206,-1.157
28.08,-7.502,-2.166,6.133,-1.185
28.09,-7.538,-2.178,6.079,-1.21
28.1,-7.558,-2.191,6.044,-1.231
28.11,-7.561,-2.206,6.032,-1.248
28.12,-7.544,-2.222,6.046,-1.258
28.13,-7.504,-2.242,6.087,-1.262
28.14,-7.439,-2.264,6.16,-1.259
28.15,-7.348,-2.288,6.261,-1.249
28.16,-7.233,-2.312,6.388,-1.232
28.17,-7.095,-2.338,6.536,-1.207
28.18,-6.933,-2.364,6.705,-1.176
28.19,-6.745,-2.391,6.89,-1.14
28.2,-6.53,-2.418,7.091,-1.099
28.21,-6.287,-2.446,7.305,-1.052
28.22,-6.014,-2.473,7.53,-1
28.23,-5.711,-2.5,7.76,-0.946
28.24,-5.384,-2.528,7.989,-0.889
28.25,-5.036,-2.553,8.211,-0.831
28.26,-4.671,-2.578,8.421,-0.773
28.27,-4.293,-2.603,8.618,-0.714
28.28,-3.902,-2.628,8.799,-0.656
28.29,-3.5,-2.652,8.964,-0.599
28.3,-3.081,-2.678,9.112,-0.541
28.31,-2.649,-2.704,9.243,-0.481
28.32,-2.205,-2.728,9.354,-0.422
28.33,-1.753,-2.752,9.445,-0.363
28.34,-1.296,-2.774,9.514,-0.306
28.35,-0.838,-2.794,9.561,-0.251
28.36,-0.383,-2.813,9.586,-0.197
28.37,0.062,-2.832,9.588,-0.148
28.38,0.495,-2.852,9.571,-0.104
28.39,0.913,-2.874,9.534,-0.064
28.4,1.316,-2.895,9.48,-0.027
28.41,1.705,-2.916,9.411,0.005
28.42,2.083,-2.938,9.328,0.037
28.43,2.449,-2.96,9.231,0.067
28.44,2.806,-2.985,9.121,0.097
28.45,3.153,-3.01,8.998,0.128
28.46,3.49,-3.036,8.863,0.16
28.47,3.817,-3.063,8.718,0.19
28.48,4.13,-3.09,8.563,0.219
28.49,4.428,-3.118,8.402,0.244
28.5,4.707,-3.147,8.237,0.268
28.51,4.968,-3.178,8.07,0.287
28.52,5.211,-3.21,7.902,0.302
28.53,5.437,-3.245,7.733,0.313
28.54,5.647,-3.282,7.564,0.322
28.55,5.843,-3.323,7.395,0.331
28.56,6.027,-3.366,7.226,0.341
28.57,6.201,-3.411,7.055,0.351
28.58,6.368,-3.459,6.88,0.359
28.59,6.529,-3.507,6.702,0.373
28.6,6.687,-3.556,6.517,0.391
28.61,6.846,-3.603,6.321,0.416
28.62,7.006,-3.649,6.114,0.447
28.63,7.168,-3.694,5.892,0.489
28.64,7.323,-3.737,5.666,0.538
28.65,7.468,-3.779,5.438,0.587
28.66,7.604,-3.819,5.214,0.634
28.67,7.728,-3.856,4.994,0.677
28.68,7.841,-3.891,4.78,0.717
28.69,7.944,-3.926,4.572,0.754
28.7,8.037,-3.961,4.368,0.788
28.71,8.122,-3.997,4.167,0.823
28.72,8.203,-4.031,3.962,0.859
28.73,8.282,-4.064,3.75,0.904
28.74,8.36,-4.097,3.521,0.955
28.75,8.438,-4.123,3.277,1.024
28.76,8.517,-4.143,3.011,1.103
28.77,8.593,-4.156,2.728,1.195
28.78,8.663,-4.162,2.432,1.299
28.79,8.726,-4.161,2.128,1.413
28.8,8.78,-4.151,1.825,1.528
28.81,8.823,-4.135,1.533,1.64
28.82,8.857,-4.114,1.257,1.74
28.83,8.881,-4.091,1.007,1.835
28.84,8.898,-4.068,0.779,1.914
28.85,8.909,-4.044,0.574,1.984
28.86,8.916,-4.022,0.39,2.04
28.87,8.919,-4.004,0.231,2.087
28.88,8.92,-3.991,0.092,2.119
28.89,8.919,-3.98,-0.03,2.146
28.9,8.916,-3.97,-0.148,2.168
28.91,8.912,-3.96,-0.264,2.193
28.92,8.906,-3.95,-0.381,2.219
28.93,8.897,-3.94,-0.501,2.247
28.94,8.887,-3.929,-0.625,2.277
28.95,8.873,-3.917,-0.753,2.31
28.96,8.859,-3.899,-0.884,2.35
28.97,8.843,-3.879,-1.012,2.391
28.98,8.826,-3.857,-1.138,2.431
28.99,8.809,-3.835,-1.257,2.469
29,8.794,-3.811,-1.361,2.505
29.01,8.781,-3.789,-1.449,2.535
29.02,8.772,-3.768,-1.517,2.556
29.03,8.769,-3.751,-1.561,2.567
29.04,8.772,-3.738,-1.578,2.564
29.05,8.782,-3.73,-1.564,2.548
29.06,8.799,-3.73,-1.521,2.517
29.07,8.822,-3.734,-1.449,2.471
29.08,8.85,-3.744,-1.351,2.414
29.09,8.881,-3.756,-1.229,2.345
29.1,8.913,-3.772,-1.087,2.266
29.11,8.945,-3.791,-0.928,2.177
29.12,8.976,-3.81,-0.754,2.082
29.13,9.004,-3.829,-0.569,1.98
29.14,9.029,-3.848,-0.377,1.875
29.15,9.05,-3.864,-0.179,1.768
29.16,9.066,-3.877,0.021,1.66
29.17,9.078,-3.888,0.222,1.553
29.18,9.085,-3.896,0.422,1.448
29.19,9.088,-3.9,0.618,1.345
29.2,9.087,-3.899,0.807,1.244
29.21,9.084,-3.896,0.986,1.151
29.22,9.077,-3.889,1.153,1.066
29.23,9.071,-3.876,1.305,0.987
29.24,9.065,-3.859,1.442,0.919
29.25,9.059,-3.838,1.562,0.862
29.26,9.056,-3.815,1.663,0.814
29.27,9.055,-3.787,1.746,0.779
29.28,9.062,-3.75,1.796,0.763
29.29,9.072,-3.709,1.834,0.753
29.3,9.084,-3.665,1.865,0.748
29.31,9.097,-3.619,1.891,0.747
29.32,9.111,-3.572,1.912,0.75
29.33,9.126,-3.522,1.932,0.753
29.34,9.142,-3.47,1.948,0.758
29.35,9.159,-3.416,1.959,0.766
29.36,9.177,-3.361,1.965,0.777
29.37,9.197,-3.306,1.963,0.792
29.38,9.217,-3.249,1.952,0.811
29.39,9.24,-3.191,1.931,0.835
29.4,9.265,-3.13,1.895,0.866
29.41,9.294,-3.067,1.839,0.905
29.42,9.326,-3.001,1.756,0.956
29.43,9.362,-2.932,1.647,1.018
29.44,9.399,-2.859,1.511,1.089
29.45,9.437,-2.782,1.354,1.167
29.46,9.473,-2.703,1.179,1.249
29.47,9.507,-2.619,0.983,1.336
29.48,9.537,-2.531,0.766,1.429
29.49,9.562,-2.439,0.533,1.523
29.5,9.581,-2.343,0.281,1.619
29.51,9.593,-2.242,0.011,1.716
29.52,9.595,-2.135,-0.273,1.815
29.53,9.587,-2.022,-0.571,1.913
29.54,9.568,-1.904,-0.88,2.01
29.55,9.536,-1.781,-1.2,2.105
29.56,9.492,-1.655,-1.527,2.193
29.57,9.436,-1.525,-1.853,2.277
29.58,9.368,-1.393,-2.176,2.354
29.59,9.29,-1.26,-2.493,2.422
29.6,9.202,-1.131,-2.804,2.482
29.61,9.102,-1.002,-3.116,2.534
29.62,8.99,-0.869,-3.43,2.578
29.63,8.863,-0.735,-3.746,2.618
29.64,8.722,-0.597,-4.066,2.651
29.65,8.564,-0.459,-4.388,2.678
29.66,8.389,-0.318,-4.713,2.7
29.67,8.196,-0.174,-5.04,2.715
29.68,7.985,-0.027,-5.367,2.723
29.69,7.753,0.123,-5.695,2.726
29.7,7.502,0.275,-6.019,2.721
29.71,7.23,0.429,-6.339,2.71
29.72,6.937,0.583,-6.655,2.689
29.73,6.624,0.739,-6.963,2.661
29.74,6.29,0.895,-7.262,2.624
29.75,5.933,1.051,-7.552,2.578
29.76,5.554,1.206,-7.83,2.524
29.77,5.151,1.361,-8.096,2.46
29.78,4.728,1.514,-8.345,2.386
29.79,4.286,1.665,-8.576,2.302
29.8,3.824,1.812,-8.786,2.209
29.81,3.344,1.955,-8.975,2.107
29.82,2.847,2.093,-9.139,1.996
29.83,2.334,2.226,-9.277,1.877
29.84,1.811,2.353,-9.386,1.75
29.85,1.281,2.473,-9.466,1.618
29.86,0.75,2.586,-9.515,1.483
29.87,0.225,2.689,-9.534,1.344
29.88,-0.289,2.782,-9.525,1.203
29.89,-0.793,2.87,-9.486,1.063
29.9,-1.28,2.948,-9.424,0.924
29.91,-1.752,3.017,-9.338,0.79
29.92,-2.204,3.08,-9.231,0.66
29.93,-2.638,3.136,-9.105,0.533
29.94,-3.044,3.188,-8.966,0.413
29.95,-3.436,3.232,-8.812,0.296
29.96,-3.813,3.271,-8.644,0.185
29.97,-4.175,3.305,-8.463,0.076
29.98,-4.523,3.333,-8.272,-0.029
29.99,-4.859,3.355,-8.069,-0.133
30,-5.185,3.37,-7.854,-0.233
30.01,-5.503,3.38,-7.627,-0.331
30.02,-5.814,3.383,-7.386,-0.431
30.03,-6.118,3.381,-7.131,-0.531
30.04,-6.414,3.372,-6.861,-0.63
30.05,-6.699,3.357,-6.58,-0.728
30.06,-6.972,3.338,-6.289,-0.825
30.07,-7.23,3.317,-5.988,-0.92
30.08,-7.472,3.292,-5.682,-1.012
30.09,-7.699,3.264,-5.371,-1.101
30.1,-7.909,3.233,-5.057,-1.187
30.11,-8.102,3.199,-4.743,-1.27
30.12,-8.279,3.162,-4.431,-1.346
30.13,-8.438,3.124,-4.125,-1.417
30.14,-8.58,3.085,-3.827,-1.482
30.15,-8.707,3.045,-3.538,-1.54
30.16,-8.82,3.004,-3.262,-1.589
30.17,-8.918,2.964,-3.002,-1.628
30.18,-9.001,2.928,-2.763,-1.658
30.19,-9.071,2.899,-2.549,-1.673
30.2,-9.128,2.873,-2.366,-1.676
30.21,-9.174,2.855,-2.212,-1.665
30.22,-9.213,2.841,-2.08,-1.644
30.23,-9.247,2.83,-1.961,-1.62
30.24,-9.278,2.819,-1.846,-1.595
30.25,-9.308,2.808,-1.732,-1.57
30.26,-9.336,2.796,-1.619,-1.542
30.27,-9.363,2.781,-1.517,-1.512
30.28,-9.387,2.766,-1.427,-1.479
30.29,-9.408,2.75,-1.349,-1.443
30.3,-9.427,2.737,-1.286,-1.401
30.31,-9.444,2.727,-1.237,-1.354
30.32,-9.459,2.718,-1.2,-1.302
30.33,-9.472,2.71,-1.17,-1.248
30.34,-9.483,2.707,-1.143,-1.195
30.35,-9.495,2.701,-1.11,-1.142
30.36,-9.506,2.697,-1.065,-1.098
30.37,-9.521,2.688,-1.005,-1.052
30.38,-9.534,2.678,-0.933,-1.019
30.39,-9.549,2.666,-0.852,-0.984
30.4,-9.562,2.656,-0.772,-0.956
30.41,-9.574,2.643,-0.699,-0.92
30.42,-9.585,2.632,-0.641,-0.881
30.43,-9.595,2.62,-0.599,-0.838
30.44,-9.604,2.609,-0.569,-0.791
30.45,-9.612,2.597,-0.541,-0.745
30.46,-9.621,2.586,-0.504,-0.699
30.47,-9.628,2.576,-0.457,-0.662
30.48,-9.637,2.562,-0.394,-0.623
30.49,-9.646,2.547,-0.322,-0.596
30.5,-9.654,2.529,-0.24,-0.569
30.51,-9.662,2.513,-0.156,-0.546
30.52,-9.669,2.495,-0.07,-0.527
30.53,-9.676,2.472,0.012,-0.505
30.54,-9.683,2.448,0.093,-0.486
30.55,-9.689,2.421,0.174,-0.466
30.56,-9.695,2.393,0.26,-0.448
30.57,-9.699,2.366,0.354,-0.435
30.58,-9.702,2.338,0.464,-0.425
30.59,-9.701,2.31,0.598,-0.425
30.6,-9.697,2.277,0.763,-0.437
30.61,-9.689,2.244,0.934,-0.451
30.62,-9.677,2.213,1.106,-0.466
30.63,-9.663,2.183,1.274,-0.479
30.64,-9.647,2.152,1.434,-0.488
30.65,-9.63,2.12,1.585,-0.496
30.66,-9.611,2.09,1.733,-0.504
30.67,-9.589,2.061,1.88,-0.51
30.68,-9.564,2.032,2.028,-0.518
30.69,-9.536,2.005,2.181,-0.523
30.7,-9.504,1.978,2.337,-0.529
30.71,-9.469,1.95,2.496,-0.538
30.72,-9.431,1.921,2.656,-0.546
30.73,-9.391,1.893,2.811,-0.555
30.74,-9.35,1.865,2.962,-0.562
30.75,-9.307,1.837,3.108,-0.57
30.76,-9.263,1.808,3.252,-0.579
30.77,-9.217,1.777,3.395,-0.589
30.78,-9.168,1.746,3.54,-0.599
30.79,-9.114,1.715,3.689,-0.612
30.8,-9.056,1.682,3.84,-0.627
30.81,-8.995,1.649,3.993,-0.644
30.82,-8.93,1.615,4.146,-0.662
30.83,-8.862,1.581,4.3,-0.681
30.84,-8.789,1.546,4.455,-0.701
30.85,-8.715,1.511,4.608,-0.72
30.86,-8.638,1.475,4.758,-0.739
30.87,-8.559,1.44,4.907,-0.76
30.88,-8.477,1.405,5.053,-0.78
30.89,-8.394,1.37,5.197,-0.8
30.9,-8.308,1.335,5.339,-0.82
30.91,-8.22,1.299,5.48,-0.84
30.92,-8.132,1.262,5.615,-0.861
30.93,-8.051,1.225,5.736,-0.878
30.94,-7.975,1.188,5.845,-0.894
30.95,-7.908,1.15,5.941,-0.908
30.96,-7.851,1.114,6.022,-0.92
30.97,-7.801,1.077,6.091,-0.929
30.98,-7.753,1.043,6.157,-0.939
30.99,-7.704,1.004,6.223,-0.948
31,-7.65,0.969,6.293,-0.961
31.01,-7.591,0.931,6.368,-0.974
31.02,-7.524,0.893,6.449,-0.992
31.03,-7.453,0.854,6.533,-1.012
31.04,-7.382,0.815,6.615,-1.034
31.05,-7.313,0.777,6.693,-1.056
31.06,-7.249,0.737,6.763,-1.076
31.07,-7.192,0.697,6.824,-1.096
31.08,-7.142,0.659,6.877,-1.116
31.09,-7.099,0.622,6.922,-1.135
31.1,-7.063,0.586,6.959,-1.151
31.11,-7.032,0.551,6.991,-1.165
31.12,-7.005,0.519,7.018,-1.179
31.13,-6.981,0.485,7.043,-1.19
31.14,-6.96,0.452,7.063,-1.202
31.15,-6.945,0.418,7.078,-1.213
31.16,-6.938,0.383,7.085,-1.225
31.17,-6.942,0.352,7.081,-1.236
31.18,-6.957,0.322,7.066,-1.245
31.19,-6.983,0.292,7.04,-1.251
31.2,-7.018,0.265,7.006,-1.26
31.21,-7.056,0.238,6.966,-1.267
31.22,-7.095,0.209,6.926,-1.274
31.23,-7.131,0.182,6.889,-1.282
31.24,-7.157,0.155,6.86,-1.292
31.25,-7.175,0.125,6.84,-1.304
31.26,-7.173,0.093,6.839,-1.32
31.27,-7.166,0.062,6.844,-1.336
31.28,-7.156,0.031,6.852,-1.351
31.29,-7.147,0.001,6.858,-1.368
31.3,-7.14,-0.029,6.863,-1.382
31.31,-7.131,-0.057,6.868,-1.399
31.32,-7.121,-0.086,6.875,-1.414
31.33,-7.108,-0.116,6.885,-1.43
31.34,-7.089,-0.147,6.901,-1.444
31.35,-7.063,-0.178,6.924,-1.459
31.36,-7.032,-0.208,6.951,-1.474
31.37,-7,-0.24,6.98,-1.487
31.38,-6.971,-0.274,7.005,-1.501
31.39,-6.947,-0.309,7.024,-1.514
31.4,-6.932,-0.335,7.034,-1.53
31.41,-6.931,-0.365,7.031,-1.542
31.42,-6.943,-0.391,7.016,-1.552
31.43,-6.964,-0.411,6.991,-1.561
31.44,-6.988,-0.439,6.964,-1.566
31.45,-7.011,-0.462,6.939,-1.571
31.46,-7.027,-0.487,6.92,-1.576
31.47,-7.033,-0.511,6.912,-1.579
31.48,-7.029,-0.536,6.912,-1.583
31.49,-7.022,-0.562,6.917,-1.586
31.5,-7.014,-0.587,6.923,-1.586
31.51,-7.008,-0.612,6.927,-1.584
31.52,-7.002,-0.637,6.931,-1.585
31.53,-6.998,-0.66,6.934,-1.582
31.54,-6.994,-0.682,6.937,-1.576
31.55,-6.986,-0.704,6.945,-1.566
31.56,-6.972,-0.724,6.959,-1.554
31.57,-6.951,-0.745,6.982,-1.536
31.58,-6.917,-0.764,7.018,-1.516
31.59,-6.839,-0.788,7.096,-1.495
31.6,-6.743,-0.812,7.189,-1.474
31.61,-6.634,-0.836,7.292,-1.451
31.62,-6.514,-0.858,7.401,-1.427
31.63,-6.389,-0.879,7.512,-1.4
31.64,-6.261,-0.9,7.622,-1.368
31.65,-6.128,-0.923,7.731,-1.344
31.66,-5.999,-0.946,7.835,-1.313
31.67,-5.869,-0.964,7.936,-1.279
31.68,-5.73,-0.982,8.04,-1.243
31.69,-5.578,-0.997,8.15,-1.21
31.7,-5.422,-1.019,8.256,-1.176
31.71,-5.263,-1.038,8.36,-1.148
31.72,-5.103,-1.054,8.46,-1.117
31.73,-4.95,-1.074,8.553,-1.088
31.74,-4.804,-1.088,8.637,-1.062
31.75,-4.668,-1.101,8.713,-1.033
31.76,-4.534,-1.118,8.784,-1.011
31.77,-4.404,-1.134,8.85,-0.988
31.78,-4.276,-1.153,8.913,-0.961
31.79,-4.147,-1.172,8.975,-0.934
31.8,-4.022,-1.189,9.032,-0.902
31.81,-3.899,-1.198,9.088,-0.87
31.82,-3.779,-1.206,9.14,-0.839
31.83,-3.662,-1.218,9.189,-0.81
31.84,-3.548,-1.224,9.235,-0.783
31.85,-3.436,-1.234,9.278,-0.753
31.86,-3.327,-1.236,9.32,-0.725
31.87,-3.221,-1.242,9.359,-0.696
31.88,-3.114,-1.241,9.397,-0.666
31.89,-3.008,-1.243,9.433,-0.636
31.9,-2.902,-1.244,9.468,-0.604
31.91,-2.8,-1.239,9.501,-0.577
31.92,-2.713,-1.224,9.53,-0.551
31.93,-2.631,-1.212,9.556,-0.52
31.94,-2.552,-1.191,9.582,-0.49
31.95,-2.479,-1.171,9.605,-0.466
31.96,-2.411,-1.15,9.625,-0.447
31.97,-2.35,-1.129,9.644,-0.437
31.98,-2.295,-1.106,9.66,-0.425
31.99,-2.245,-1.085,9.675,-0.41
32,-2.198,-1.062,9.689,-0.394
32.01,-2.154,-1.037,9.702,-0.384
32.02,-2.111,-1.014,9.714,-0.378
32.03,-2.073,-0.988,9.725,-0.373
32.04,-2.035,-0.967,9.735,-0.367
32.05,-2,-0.942,9.745,-0.358
32.06,-1.968,-0.922,9.754,-0.348
32.07,-1.939,-0.898,9.762,-0.339
32.08,-1.915,-0.872,9.77,-0.333
32.09,-1.894,-0.845,9.776,-0.327
32.1,-1.882,-0.822,9.781,-0.322
32.11,-1.881,-0.801,9.783,-0.315
32.12,-1.886,-0.781,9.784,-0.311
32.13,-1.899,-0.762,9.783,-0.307
32.14,-1.916,-0.742,9.781,-0.304
32.15,-1.94,-0.728,9.778,-0.303
32.16,-1.967,-0.709,9.774,-0.302
32.17,-1.998,-0.694,9.769,-0.298
32.18,-2.031,-0.676,9.763,-0.292
32.19,-2.065,-0.656,9.757,-0.288
32.2,-2.102,-0.635,9.751,-0.285
32.21,-2.141,-0.615,9.744,-0.284
32.22,-2.182,-0.592,9.736,-0.286
32.23,-2.226,-0.569,9.728,-0.284
32.24,-2.273,-0.544,9.718,-0.281
32.25,-2.324,-0.519,9.708,-0.283
32.26,-2.376,-0.493,9.696,-0.286
32.27,-2.429,-0.466,9.684,-0.287
32.28,-2.484,-0.435,9.672,-0.289
32.29,-2.545,-0.404,9.657,-0.293
32.3,-2.608,-0.371,9.641,-0.301
32.31,-2.678,-0.339,9.623,-0.306
32.32,-2.751,-0.3,9.604,-0.316
32.33,-2.83,-0.263,9.581,-0.328
32.34,-2.91,-0.218,9.558,-0.343
32.35,-2.992,-0.18,9.533,-0.354
32.36,-3.075,-0.138,9.507,-0.365
32.37,-3.161,-0.1,9.479,-0.376
32.38,-3.247,-0.063,9.449,-0.389
32.39,-3.334,-0.024,9.419,-0.4
32.4,-3.421,0.017,9.387,-0.41
32.41,-3.509,0.059,9.354,-0.42
32.42,-3.598,0.103,9.319,-0.437
32.43,-3.696,0.143,9.279,-0.455
32.44,-3.798,0.183,9.236,-0.471
32.45,-3.908,0.223,9.189,-0.484
32.46,-4.024,0.263,9.136,-0.504
32.47,-4.146,0.301,9.079,-0.528
32.48,-4.271,0.341,9.018,-0.554
32.49,-4.396,0.381,8.954,-0.574
32.5,-4.523,0.419,8.889,-0.591
32.51,-4.651,0.455,8.819,-0.609
32.52,-4.78,0.494,8.747,-0.628
32.53,-4.909,0.532,8.671,-0.646
32.54,-5.038,0.573,8.593,-0.665
32.55,-5.166,0.615,8.512,-0.681
32.56,-5.294,0.654,8.429,-0.694
32.57,-5.423,0.691,8.343,-0.705
32.58,-5.557,0.73,8.25,-0.716
32.59,-5.692,0.77,8.152,-0.727
32.6,-5.828,0.808,8.051,-0.736
32.61,-5.964,0.845,7.946,-0.742
32.62,-6.1,0.885,7.838,-0.746
32.63,-6.235,0.922,7.727,-0.75
32.64,-6.368,0.962,7.612,-0.754
32.65,-6.499,1.001,7.495,-0.755
32.66,-6.629,1.041,7.375,-0.754
32.67,-6.757,1.081,7.252,-0.75
32.68,-6.882,1.122,7.127,-0.747
32.69,-7.006,1.164,6.999,-0.743
32.7,-7.128,1.207,6.868,-0.74
32.71,-7.25,1.249,6.732,-0.736
32.72,-7.373,1.286,6.59,-0.731
32.73,-7.499,1.324,6.44,-0.724
32.74,-7.624,1.362,6.284,-0.714
32.75,-7.75,1.399,6.121,-0.703
32.76,-7.877,1.431,5.95,-0.692
32.77,-8.004,1.462,5.772,-0.683
32.78,-8.129,1.493,5.588,-0.673
32.79,-8.249,1.521,5.402,-0.661
32.8,-8.365,1.545,5.216,-0.648
32.81,-8.475,1.567,5.031,-0.635
32.82,-8.58,1.587,4.844,-0.627
32.83,-8.68,1.605,4.656,-0.625
32.84,-8.775,1.618,4.47,-0.622
32.85,-8.864,1.63,4.286,-0.623
32.86,-8.948,1.636,4.104,-0.625
32.87,-9.03,1.638,3.919,-0.633
32.88,-9.111,1.638,3.725,-0.641
32.89,-9.191,1.637,3.522,-0.647
32.9,-9.269,1.636,3.312,-0.653
32.91,-9.346,1.631,3.088,-0.659
32.92,-9.419,1.626,2.86,-0.663
32.93,-9.487,1.622,2.629,-0.67
32.94,-9.548,1.618,2.397,-0.675
32.95,-9.604,1.613,2.164,-0.68
32.96,-9.654,1.605,1.931,-0.687
32.97,-9.699,1.597,1.695,-0.695
32.98,-9.739,1.588,1.457,-0.702
32.99,-9.773,1.58,1.213,-0.711
33,-9.802,1.569,0.965,-0.719
33.01,-9.825,1.554,0.71,-0.732
33.02,-9.843,1.535,0.45,-0.742
33.03,-9.853,1.518,0.186,-0.752
33.04,-9.856,1.504,-0.079,-0.76
33.05,-9.852,1.49,-0.346,-0.769
33.06,-9.84,1.472,-0.614,-0.779
33.07,-9.822,1.457,-0.883,-0.788
33.08,-9.795,1.444,-1.151,-0.798
33.09,-9.761,1.434,-1.418,-0.808
33.1,-9.719,1.427,-1.683,-0.818
33.11,-9.669,1.422,-1.946,-0.83
33.12,-9.612,1.419,-2.208,-0.841
33.13,-9.547,1.417,-2.469,-0.853
33.14,-9.475,1.417,-2.728,-0.866
33.15,-9.396,1.418,-2.985,-0.879
33.16,-9.31,1.423,-3.238,-0.89
33.17,-9.217,1.431,-3.489,-0.903
33.18,-9.116,1.442,-3.738,-0.918
33.19,-9.007,1.457,-3.983,-0.934
33.2,-8.892,1.474,-4.224,-0.951
33.21,-8.772,1.491,-4.46,-0.963
33.22,-8.644,1.51,-4.693,-0.982
33.23,-8.511,1.532,-4.92,-0.995
33.24,-8.371,1.56,-5.143,-1.012
33.25,-8.225,1.59,-5.361,-1.03
33.26,-8.072,1.621,-5.576,-1.051
33.27,-7.913,1.653,-5.786,-1.072
33.28,-7.749,1.685,-5.992,-1.089
33.29,-7.578,1.719,-6.196,-1.102
33.3,-7.398,1.755,-6.398,-1.111
33.31,-7.209,1.794,-6.598,-1.12
33.32,-7.012,1.839,-6.794,-1.123
33.33,-6.814,1.877,-6.984,-1.125
33.34,-6.616,1.912,-7.164,-1.114
33.35,-6.418,1.944,-7.334,-1.104
33.36,-6.224,1.976,-7.493,-1.093
33.37,-6.034,2.003,-7.641,-1.083
33.38,-5.849,2.024,-7.78,-1.067
33.39,-5.669,2.038,-7.912,-1.045
33.4,-5.495,2.046,-8.035,-1.021
33.41,-5.33,2.049,-8.148,-0.997
33.42,-5.168,2.049,-8.254,-0.974
33.43,-5.008,2.043,-8.356,-0.947
33.44,-4.847,2.033,-8.457,-0.917
33.45,-4.685,2.022,-8.554,-0.884
33.46,-4.519,2.011,-8.649,-0.848
33.47,-4.348,2,-8.742,-0.811
33.48,-4.17,1.989,-8.834,-0.772
33.49,-3.988,1.976,-8.924,-0.731
33.5,-3.805,1.957,-9.011,-0.69
33.51,-3.626,1.937,-9.092,-0.647
33.52,-3.452,1.918,-9.167,-0.603
33.53,-3.282,1.894,-9.236,-0.561
33.54,-3.115,1.868,-9.302,-0.519
33.55,-2.95,1.837,-9.364,-0.476
33.56,-2.781,1.804,-9.424,-0.431
33.57,-2.611,1.77,-9.481,-0.387
33.58,-2.443,1.733,-9.534,-0.346
33.59,-2.276,1.695,-9.583,-0.305
33.6,-2.108,1.655,-9.63,-0.263
33.61,-1.94,1.614,-9.673,-0.223
33.62,-1.77,1.57,-9.714,-0.186
33.63,-1.601,1.523,-9.751,-0.152
33.64,-1.433,1.473,-9.785,-0.121
33.65,-1.266,1.42,-9.816,-0.09
33.66,-1.097,1.363,-9.845,-0.058
33.67,-0.925,1.303,-9.871,-0.028
33.68,-0.748,1.238,-9.894,-0.001
33.69,-0.565,1.169,-9.915,0.023
33.7,-0.377,1.097,-9.932,0.051
33.71,-0.187,1.023,-9.945,0.078
33.72,0.006,0.948,-9.954,0.106
33.73,0.204,0.87,-9.959,0.132
33.74,0.405,0.792,-9.959,0.155
33.75,0.606,0.713,-9.954,0.174
33.76,0.808,0.633,-9.945,0.193
33.77,1.01,0.551,-9.931,0.21
33.78,1.211,0.468,-9.912,0.226
33.79,1.412,0.383,-9.889,0.239
33.8,1.613,0.3,-9.861,0.251
33.81,1.816,0.215,-9.827,0.259
33.82,2.02,0.131,-9.789,0.265
33.83,2.225,0.046,-9.745,0.268
33.84,2.432,-0.039,-9.695,0.272
33.85,2.64,-0.127,-9.64,0.275
33.86,2.849,-0.215,-9.578,0.276
33.87,3.059,-0.301,-9.511,0.274
33.88,3.271,-0.385,-9.438,0.27
33.89,3.488,-0.47,-9.356,0.261
33.9,3.706,-0.55,-9.267,0.247
33.91,3.924,-0.632,-9.172,0.231
33.92,4.14,-0.711,-9.072,0.211
33.93,4.353,-0.787,-8.966,0.189
33.94,4.56,-0.862,-8.856,0.163
33.95,4.763,-0.937,-8.741,0.133
33.96,4.963,-1.01,-8.621,0.102
33.97,5.164,-1.08,-8.494,0.067
33.98,5.363,-1.148,-8.361,0.028
33.99,5.559,-1.213,-8.222,-0.012
34,5.752,-1.275,-8.079,-0.054
34.01,5.94,-1.335,-7.932,-0.095
34.02,6.123,-1.393,-7.78,-0.14
34.03,6.301,-1.449,-7.625,-0.189
34.04,6.473,-1.5,-7.469,-0.24
34.05,6.638,-1.548,-7.31,-0.291
34.06,6.797,-1.595,-7.15,-0.34
34.07,6.95,-1.64,-6.988,-0.39
34.08,7.096,-1.684,-6.826,-0.44
34.09,7.235,-1.724,-6.665,-0.491
34.1,7.367,-1.761,-6.505,-0.54
34.11,7.493,-1.794,-6.346,-0.587
34.12,7.612,-1.824,-6.19,-0.629
34.13,7.725,-1.852,-6.036,-0.67
34.14,7.834,-1.876,-5.882,-0.71
34.15,7.941,-1.895,-5.725,-0.747
34.16,8.048,-1.911,-5.563,-0.783
34.17,8.155,-1.923,-5.396,-0.816
34.18,8.26,-1.931,-5.226,-0.851
34.19,8.361,-1.937,-5.054,-0.886
34.2,8.458,-1.939,-4.882,-0.92
34.21,8.551,-1.941,-4.71,-0.953
34.22,8.637,-1.94,-4.545,-0.983
34.23,8.715,-1.938,-4.387,-1.01
34.24,8.787,-1.939,-4.237,-1.034
34.25,8.852,-1.939,-4.094,-1.053
34.26,8.913,-1.936,-3.957,-1.069
34.27,8.97,-1.934,-3.823,-1.081
34.28,9.024,-1.931,-3.692,-1.09
34.29,9.076,-1.927,-3.563,-1.096
34.3,9.127,-1.921,-3.431,-1.101
34.31,9.178,-1.914,-3.298,-1.103
34.32,9.226,-1.907,-3.164,-1.104
34.33,9.272,-1.9,-3.033,-1.102
34.34,9.315,-1.893,-2.903,-1.099
34.35,9.357,-1.884,-2.772,-1.094
34.36,9.397,-1.876,-2.641,-1.085
34.37,9.435,-1.872,-2.513,-1.074
34.38,9.47,-1.868,-2.387,-1.057
34.39,9.504,-1.861,-2.261,-1.036
34.4,9.538,-1.855,-2.134,-1.011
34.41,9.57,-1.85,-2.006,-0.982
34.42,9.6,-1.846,-1.873,-0.949
34.43,9.631,-1.839,-1.734,-0.916
34.44,9.662,-1.829,-1.585,-0.881
34.45,9.692,-1.818,-1.427,-0.847
34.46,9.72,-1.808,-1.259,-0.812
34.47,9.746,-1.796,-1.081,-0.777
34.48,9.77,-1.784,-0.893,-0.743
34.49,9.791,-1.772,-0.699,-0.709
34.5,9.807,-1.76,-0.5,-0.674
34.51,9.82,-1.749,-0.298,-0.638
34.52,9.829,-1.737,-0.095,-0.602
34.53,9.833,-1.725,0.108,-0.563
34.54,9.833,-1.715,0.31,-0.521
34.55,9.828,-1.705,0.512,-0.473
34.56,9.82,-1.693,0.718,-0.424
34.57,9.806,-1.68,0.932,-0.375
34.58,9.786,-1.668,1.154,-0.325
34.59,9.76,-1.657,1.384,-0.275
34.6,9.726,-1.647,1.622,-0.227
34.61,9.683,-1.637,1.873,-0.187
34.62,9.631,-1.63,2.133,-0.145
34.63,9.571,-1.623,2.395,-0.103
34.64,9.503,-1.617,2.658,-0.058
34.65,9.427,-1.615,2.918,-0.019
34.66,9.342,-1.617,3.178,0.019
34.67,9.25,-1.621,3.434,0.058
34.68,9.151,-1.627,3.687,0.097
34.69,9.045,-1.635,3.935,0.136
34.7,8.932,-1.643,4.18,0.176
34.71,8.811,-1.651,4.425,0.214
34.72,8.683,-1.661,4.666,0.254
34.73,8.548,-1.672,4.903,0.297
34.74,8.405,-1.683,5.137,0.34
34.75,8.254,-1.692,5.371,0.38
34.76,8.096,-1.703,5.601,0.419
34.77,7.93,-1.718,5.826,0.459
34.78,7.756,-1.736,6.048,0.498
34.79,7.574,-1.755,6.266,0.536
34.8,7.384,-1.775,6.479,0.573
34.81,7.188,-1.798,6.686,0.61
34.82,6.986,-1.825,6.888,0.645
34.83,6.777,-1.854,7.083,0.675
34.84,6.564,-1.882,7.27,0.705
34.85,6.349,-1.913,7.448,0.732
34.86,6.132,-1.944,7.617,0.759
34.87,5.915,-1.974,7.777,0.783
34.88,5.7,-2.003,7.927,0.802
34.89,5.48,-2.031,8.072,0.818
34.9,5.254,-2.062,8.212,0.831
34.91,5.021,-2.094,8.348,0.84
34.92,4.782,-2.125,8.479,0.848
34.93,4.54,-2.152,8.603,0.853
34.94,4.302,-2.181,8.717,0.853
34.95,4.069,-2.209,8.821,0.862
34.96,3.842,-2.234,8.915,0.869
34.97,3.622,-2.256,9.001,0.872
34.98,3.402,-2.276,9.081,0.875
34.99,3.183,-2.297,9.155,0.877
35,2.96,-2.318,9.224,0.877
35.01,2.727,-2.34,9.29,0.875
35.02,2.484,-2.366,9.353,0.866
35.03,2.232,-2.388,9.411,0.854
35.04,1.977,-2.407,9.465,0.84
35.05,1.723,-2.433,9.509,0.822
35.06,1.467,-2.456,9.547,0.809
35.07,1.211,-2.478,9.579,0.791
35.08,0.958,-2.498,9.604,0.769
35.09,0.705,-2.515,9.623,0.748
35.1,0.454,-2.527,9.637,0.726
35.11,0.199,-2.533,9.646,0.697
35.12,-0.064,-2.536,9.649,0.663
35.13,-0.337,-2.536,9.646,0.626
35.14,-0.618,-2.534,9.635,0.584
35.15,-0.906,-2.531,9.616,0.536
35.16,-1.196,-2.524,9.589,0.484
35.17,-1.485,-2.515,9.554,0.432
35.18,-1.77,-2.502,9.51,0.381
35.19,-2.051,-2.485,9.46,0.33
35.2,-2.323,-2.465,9.404,0.28
35.21,-2.58,-2.438,9.345,0.23
35.22,-2.829,-2.404,9.283,0.182
35.23,-3.071,-2.364,9.217,0.133
35.24,-3.304,-2.318,9.148,0.085
35.25,-3.527,-2.266,9.078,0.037
35.26,-3.742,-2.209,9.006,-0.01
35.27,-3.952,-2.147,8.93,-0.059
35.28,-4.157,-2.082,8.852,-0.107
35.29,-4.358,-2.015,8.77,-0.152
35.3,-4.553,-1.944,8.685,-0.196
35.31,-4.742,-1.873,8.599,-0.239
35.32,-4.923,-1.799,8.511,-0.28
35.33,-5.1,-1.723,8.42,-0.323
35.34,-5.273,-1.646,8.327,-0.364
35.35,-5.442,-1.565,8.232,-0.403
35.36,-5.606,-1.482,8.134,-0.441
35.37,-5.767,-1.399,8.034,-0.479
35.38,-5.926,-1.314,7.929,-0.521
35.39,-6.082,-1.228,7.821,-0.562
35.4,-6.235,-1.138,7.71,-0.602
35.41,-6.385,-1.047,7.597,-0.64
35.42,-6.532,-0.954,7.48,-0.676
35.43,-6.675,-0.863,7.36,-0.712
35.44,-6.818,-0.77,7.235,-0.745
35.45,-6.959,-0.676,7.107,-0.772
35.46,-7.097,-0.581,6.975,-0.795
35.47,-7.232,-0.483,6.84,-0.816
35.48,-7.365,-0.386,6.7,-0.835
35.49,-7.497,-0.286,6.556,-0.851
35.5,-7.626,-0.186,6.407,-0.863
35.51,-7.753,-0.084,6.253,-0.87
35.52,-7.878,0.016,6.096,-0.871
35.53,-8,0.117,5.935,-0.868
35.54,-8.12,0.22,5.767,-0.86
35.55,-8.238,0.323,5.594,-0.847
35.56,-8.352,0.426,5.418,-0.832
35.57,-8.462,0.527,5.238,-0.81
35.58,-8.568,0.627,5.056,-0.782
35.59,-8.67,0.726,4.871,-0.748
35.6,-8.767,0.826,4.684,-0.712
35.61,-8.859,0.925,4.494,-0.674
35.62,-8.946,1.023,4.302,-0.634
35.63,-9.028,1.119,4.108,-0.591
35.64,-9.107,1.209,3.911,-0.541
35.65,-9.183,1.299,3.707,-0.489
35.66,-9.254,1.386,3.499,-0.432
35.67,-9.322,1.472,3.284,-0.37
35.68,-9.387,1.552,3.061,-0.302
35.69,-9.448,1.627,2.833,-0.234
35.7,-9.504,1.698,2.6,-0.159
35.71,-9.553,1.766,2.365,-0.083
35.72,-9.597,1.829,2.13,-0.005
35.73,-9.634,1.89,1.897,0.076
35.74,-9.664,1.947,1.665,0.158
35.75,-9.69,1.995,1.434,0.24
35.76,-9.71,2.037,1.206,0.321
35.77,-9.724,2.076,0.983,0.401
35.78,-9.732,2.113,0.763,0.48
35.79,-9.736,2.143,0.547,0.557
35.8,-9.735,2.169,0.336,0.633
35.81,-9.729,2.193,0.124,0.71
35.82,-9.719,2.214,-0.088,0.788
35.83,-9.704,2.232,-0.304,0.868
35.84,-9.683,2.247,-0.524,0.947
35.85,-9.657,2.259,-0.749,1.027
35.86,-9.626,2.266,-0.98,1.109
35.87,-9.589,2.26,-1.229,1.194
35.88,-9.544,2.248,-1.486,1.278
35.89,-9.492,2.229,-1.751,1.362
35.9,-9.432,2.204,-2.022,1.443
35.91,-9.364,2.171,-2.294,1.525
35.92,-9.289,2.133,-2.563,1.605
35.93,-9.208,2.09,-2.827,1.682
35.94,-9.121,2.043,-3.087,1.755
35.95,-9.029,1.992,-3.341,1.825
35.96,-8.932,1.938,-3.588,1.89
35.97,-8.831,1.881,-3.828,1.952
35.98,-8.726,1.823,-4.06,2.008
35.99,-8.62,1.764,-4.282,2.059
36,-8.515,1.706,-4.489,2.1
36.01,-8.412,1.646,-4.685,2.134
36.02,-8.309,1.585,-4.874,2.161
36.03,-8.205,1.523,-5.058,2.183
36.04,-8.099,1.461,-5.236,2.2
36.05,-7.992,1.398,-5.409,2.214
36.06,-7.882,1.335,-5.578,2.226
36.07,-7.771,1.27,-5.744,2.235
36.08,-7.658,1.206,-5.905,2.241
36.09,-7.544,1.14,-6.061,2.244
36.1,-7.429,1.074,-6.212,2.246
36.11,-7.313,1.008,-6.36,2.245
36.12,-7.196,0.942,-6.504,2.24
36.13,-7.077,0.876,-6.644,2.233
36.14,-6.957,0.81,-6.781,2.222
36.15,-6.838,0.743,-6.914,2.207
36.16,-6.716,0.677,-7.045,2.187
36.17,-6.593,0.61,-7.174,2.163
36.18,-6.464,0.54,-7.304,2.136
36.19,-6.326,0.467,-7.437,2.106
36.2,-6.177,0.393,-7.575,2.071
36.21,-6.022,0.317,-7.713,2.032
36.22,-5.862,0.241,-7.849,1.99
36.23,-5.696,0.165,-7.982,1.948
36.24,-5.525,0.089,-8.113,1.905
36.25,-5.348,0.014,-8.242,1.86
36.26,-5.166,-0.058,-8.367,1.812
36.27,-4.979,-0.131,-8.49,1.761
36.28,-4.786,-0.202,-8.609,1.709
36.29,-4.589,-0.271,-8.724,1.656
36.3,-4.388,-0.335,-8.835,1.602
36.31,-4.183,-0.397,-8.941,1.546
36.32,-3.974,-0.454,-9.043,1.487
36.33,-3.76,-0.507,-9.141,1.424
36.34,-3.542,-0.556,-9.235,1.36
36.35,-3.32,-0.602,-9.323,1.295
36.36,-3.092,-0.645,-9.408,1.228
36.37,-2.857,-0.683,-9.488,1.157
36.38,-2.616,-0.718,-9.563,1.084
36.39,-2.369,-0.751,-9.633,1.009
36.4,-2.117,-0.781,-9.697,0.932
36.41,-1.859,-0.807,-9.755,0.852
36.42,-1.597,-0.831,-9.806,0.772
36.43,-1.329,-0.852,-9.85,0.69
36.44,-1.057,-0.872,-9.887,0.606
36.45,-0.781,-0.889,-9.915,0.522
36.46,-0.502,-0.904,-9.936,0.438
36.47,-0.221,-0.916,-9.949,0.355
36.48,0.062,-0.923,-9.953,0.273
36.49,0.346,-0.927,-9.948,0.195
36.5,0.633,-0.93,-9.935,0.121
36.51,0.921,-0.926,-9.914,0.051
36.52,1.204,-0.915,-9.884,-0.011
36.53,1.507,-0.897,-9.844,-0.065
36.54,1.826,-0.871,-9.792,-0.113
36.55,2.16,-0.844,-9.725,-0.158
36.56,2.503,-0.811,-9.645,-0.2
36.57,2.853,-0.772,-9.55,-0.238
36.58,3.207,-0.729,-9.439,-0.274
36.59,3.563,-0.684,-9.313,-0.304
36.6,3.92,-0.635,-9.171,-0.329
36.61,4.276,-0.583,-9.013,-0.347
36.62,4.63,-0.528,-8.839,-0.362
36.63,4.98,-0.47,-8.65,-0.372
36.64,5.323,-0.411,-8.446,-0.377
36.65,5.656,-0.35,-8.23,-0.375
36.66,5.977,-0.287,-8.003,-0.364
36.67,6.287,-0.226,-7.764,-0.347
36.68,6.585,-0.165,-7.516,-0.324
36.69,6.868,-0.103,-7.261,-0.294
36.7,7.137,-0.043,-6.998,-0.256
36.71,7.394,0.015,-6.728,-0.212
36.72,7.637,0.071,-6.453,-0.16
36.73,7.863,0.124,-6.175,-0.102
36.74,8.077,0.173,-5.892,-0.038
36.75,8.278,0.219,-5.605,0.031
36.76,8.465,0.261,-5.315,0.107
36.77,8.64,0.299,-5.022,0.189
36.78,8.802,0.332,-4.725,0.276
36.79,8.952,0.361,-4.425,0.367
36.8,9.09,0.385,-4.123,0.464
36.81,9.215,0.404,-3.82,0.566
36.82,9.327,0.417,-3.516,0.671
36.83,9.428,0.424,-3.212,0.78
36.84,9.516,0.427,-2.908,0.894
36.85,9.592,0.424,-2.604,1.011
36.86,9.655,0.408,-2.304,1.134
36.87,9.708,0.383,-2.005,1.259
36.88,9.748,0.353,-1.707,1.386
36.89,9.778,0.317,-1.41,1.515
36.9,9.796,0.273,-1.114,1.645
36.91,9.804,0.221,-0.819,1.776
36.92,9.801,0.161,-0.525,1.906
36.93,9.787,0.094,-0.232,2.034
36.94,9.763,0.02,0.06,2.16
36.95,9.728,-0.06,0.351,2.285
36.96,9.683,-0.148,0.64,2.405
36.97,9.628,-0.243,0.925,2.524
36.98,9.563,-0.348,1.205,2.639
36.99,9.489,-0.456,1.481,2.747
37,9.407,-0.566,1.751,2.848
37.01,9.317,-0.681,2.016,2.942
37.02,9.219,-0.8,2.274,3.031
37.03,9.114,-0.922,2.527,3.112
37.04,9.003,-1.045,2.773,3.186
37.05,8.884,-1.17,3.015,3.256
37.06,8.758,-1.299,3.251,3.321
37.07,8.626,-1.429,3.481,3.378
37.08,8.487,-1.562,3.707,3.431
37.09,8.342,-1.698,3.928,3.476
37.1,8.19,-1.836,4.146,3.514
37.11,8.032,-1.976,4.359,3.545
37.12,7.868,-2.117,4.567,3.569
37.13,7.699,-2.259,4.769,3.587
37.14,7.525,-2.4,4.965,3.597
37.15,7.348,-2.54,5.155,3.601
37.16,7.168,-2.68,5.336,3.599
37.17,6.985,-2.817,5.509,3.592
37.18,6.799,-2.953,5.677,3.579
37.19,6.612,-3.086,5.839,3.556
37.2,6.421,-3.215,5.998,3.527
37.21,6.229,-3.344,6.15,3.49
37.22,6.035,-3.466,6.298,3.447
37.23,5.839,-3.584,6.443,3.397
37.24,5.64,-3.698,6.583,3.341
37.25,5.438,-3.808,6.719,3.28
37.26,5.233,-3.913,6.853,3.212
37.27,5.024,-4.014,6.984,3.138
37.28,4.813,-4.11,7.111,3.059
37.29,4.601,-4.199,7.233,2.977
37.3,4.394,-4.282,7.346,2.895
37.31,4.194,-4.354,7.451,2.814
37.32,4.004,-4.418,7.547,2.735
37.33,3.824,-4.472,7.634,2.66
37.34,3.658,-4.517,7.713,2.59
37.35,3.506,-4.552,7.783,2.527
37.36,3.371,-4.579,7.845,2.471
37.37,3.252,-4.596,7.9,2.424
37.38,3.151,-4.606,7.948,2.381
37.39,3.065,-4.61,7.991,2.343
37.4,2.991,-4.605,8.029,2.315
37.41,2.932,-4.593,8.063,2.295
37.42,2.891,-4.573,8.093,2.282
37.43,2.866,-4.547,8.12,2.273
37.44,2.856,-4.515,8.142,2.271
37.45,2.856,-4.477,8.161,2.276
37.46,2.865,-4.435,8.178,2.285
37.47,2.885,-4.389,8.193,2.295
37.48,2.913,-4.339,8.207,2.306
37.49,2.949,-4.283,8.219,2.32
37.5,2.992,-4.224,8.23,2.338
37.51,3.042,-4.159,8.238,2.358
37.52,3.106,-4.086,8.245,2.379
37.53,3.174,-4.008,8.251,2.401
37.54,3.245,-3.928,8.256,2.42
37.55,3.318,-3.844,8.262,2.437
37.56,3.391,-3.756,8.268,2.452
37.57,3.463,-3.667,8.274,2.465
37.58,3.535,-3.575,8.281,2.475
37.59,3.606,-3.481,8.289,2.482
37.6,3.673,-3.385,8.298,2.485
37.61,3.736,-3.288,8.31,2.483
37.62,3.794,-3.19,8.323,2.477
37.63,3.845,-3.091,8.34,2.467
37.64,3.888,-2.993,8.36,2.453
37.65,3.925,-2.895,8.382,2.436
37.66,3.956,-2.794,8.408,2.416
37.67,3.983,-2.694,8.435,2.392
37.68,4.004,-2.593,8.463,2.367
37.69,4.02,-2.492,8.493,2.342
37.7,4.031,-2.389,8.524,2.315
37.71,4.039,-2.285,8.557,2.288
37.72,4.043,-2.18,8.589,2.259
37.73,4.044,-2.073,8.623,2.231
37.74,4.042,-1.965,8.656,2.204
37.75,4.037,-1.855,8.689,2.176
37.76,4.03,-1.744,8.723,2.15
37.77,4.02,-1.632,8.755,2.124
37.78,4.008,-1.519,8.787,2.098
37.79,3.995,-1.403,8.818,2.073
37.8,3.98,-1.287,8.848,2.049
37.81,3.964,-1.169,8.877,2.026
37.82,3.946,-1.05,8.905,2.003
37.83,3.927,-0.929,8.932,1.981
37.84,3.907,-0.805,8.957,1.961
37.85,3.885,-0.68,8.981,1.942
37.86,3.863,-0.555,9.003,1.923
37.87,3.84,-0.427,9.024,1.905
37.88,3.816,-0.298,9.043,1.888
37.89,3.791,-0.168,9.06,1.871
37.9,3.766,-0.037,9.075,1.855
37.91,3.739,0.093,9.089,1.84
37.92,3.711,0.225,9.101,1.825
37.93,3.683,0.357,9.111,1.811
37.94,3.653,0.489,9.12,1.797
37.95,3.622,0.622,9.127,1.783
37.96,3.588,0.756,9.133,1.77
37.97,3.552,0.888,9.137,1.758
37.98,3.512,1.019,9.141,1.746
37.99,3.471,1.149,9.144,1.734
38,3.425,1.277,9.147,1.722
38.01,3.374,1.402,9.149,1.71
38.02,3.319,1.522,9.153,1.698
38.03,3.26,1.642,9.155,1.686
38.04,3.197,1.758,9.158,1.675
38.05,3.131,1.872,9.16,1.664
38.06,3.061,1.983,9.162,1.652
38.07,2.99,2.094,9.164,1.641
38.08,2.915,2.201,9.165,1.629
38.09,2.836,2.305,9.166,1.618
38.1,2.755,2.406,9.167,1.605
38.11,2.671,2.505,9.168,1.591
38.12,2.582,2.601,9.169,1.576
38.13,2.49,2.693,9.17,1.56
38.14,2.393,2.782,9.172,1.544
38.15,2.291,2.866,9.175,1.527
38.16,2.183,2.946,9.179,1.511
38.17,2.066,3.019,9.186,1.492
38.18,1.947,3.087,9.192,1.472
38.19,1.825,3.153,9.198,1.451
38.2,1.704,3.216,9.203,1.427
38.21,1.584,3.276,9.208,1.401
38.22,1.464,3.333,9.211,1.372
38.23,1.344,3.388,9.214,1.34
38.24,1.225,3.44,9.216,1.307
38.25,1.105,3.49,9.218,1.272
38.26,0.985,3.536,9.219,1.234
38.27,0.867,3.58,9.219,1.193
38.28,0.75,3.622,9.218,1.15
38.29,0.634,3.661,9.218,1.103
38.3,0.52,3.696,9.217,1.052
38.31,0.407,3.728,9.215,1
38.32,0.296,3.757,9.214,0.943
38.33,0.187,3.782,9.213,0.88
38.34,0.082,3.803,9.212,0.811
38.35,-0.018,3.821,9.211,0.738
38.36,-0.117,3.834,9.211,0.66
38.37,-0.214,3.843,9.211,0.578
38.38,-0.311,3.849,9.211,0.49
38.39,-0.408,3.849,9.211,0.4
38.4,-0.507,3.844,9.212,0.31
38.41,-0.61,3.835,9.212,0.22
38.42,-0.719,3.823,9.211,0.13
38.43,-0.833,3.807,9.209,0.04
38.44,-0.951,3.788,9.205,-0.049
38.45,-1.07,3.767,9.2,-0.139
38.46,-1.19,3.742,9.193,-0.23
38.47,-1.308,3.716,9.185,-0.324
38.48,-1.425,3.687,9.175,-0.419
38.49,-1.538,3.654,9.165,-0.52
38.5,-1.646,3.617,9.155,-0.625
38.51,-1.75,3.576,9.143,-0.733
38.52,-1.853,3.532,9.13,-0.846
38.53,-1.954,3.486,9.115,-0.961
38.54,-2.054,3.436,9.099,-1.079
38.55,-2.152,3.382,9.081,-1.2
38.56,-2.25,3.325,9.062,-1.321
38.57,-2.348,3.265,9.04,-1.445
38.58,-2.451,3.202,9.014,-1.57
38.59,-2.559,3.136,8.985,-1.696
38.6,-2.676,3.067,8.95,-1.82
38.61,-2.801,2.997,8.91,-1.942
38.62,-2.937,2.926,8.863,-2.062
38.63,-3.084,2.856,8.807,-2.181
38.64,-3.243,2.787,8.743,-2.295
38.65,-3.414,2.717,8.669,-2.407
38.66,-3.596,2.649,8.585,-2.516
38.67,-3.785,2.583,8.491,-2.623
38.68,-3.982,2.517,8.387,-2.728
38.69,-4.186,2.452,8.273,-2.83
38.7,-4.396,2.39,8.146,-2.93
38.71,-4.61,2.328,8.009,-3.028
38.72,-4.829,2.269,7.859,-3.123
38.73,-5.052,2.213,7.696,-3.215
38.74,-5.278,2.16,7.519,-3.304
38.75,-5.508,2.111,7.328,-3.389
38.76,-5.741,2.066,7.121,-3.471
38.77,-5.974,2.026,6.899,-3.549
38.78,-6.207,1.99,6.66,-3.624
38.79,-6.439,1.959,6.405,-3.696
38.8,-6.668,1.934,6.133,-3.764
38.81,-6.893,1.914,5.844,-3.829
38.82,-7.112,1.899,5.537,-3.891
38.83,-7.326,1.9,5.205,-3.95
38.84,-7.53,1.905,4.858,-4.006
38.85,-7.722,1.915,4.496,-4.058
38.86,-7.901,1.929,4.12,-4.106
38.87,-8.065,1.947,3.733,-4.149
38.88,-8.213,1.967,3.336,-4.188
38.89,-8.342,1.988,2.931,-4.225
38.9,-8.454,2.009,2.522,-4.257
38.91,-8.546,2.031,2.111,-4.286
38.92,-8.62,2.05,1.699,-4.312
38.93,-8.674,2.066,1.292,-4.336
38.94,-8.711,2.079,0.892,-4.358
38.95,-8.73,2.084,0.501,-4.379
38.96,-8.733,2.083,0.12,-4.4
38.97,-8.722,2.079,-0.254,-4.418
38.98,-8.696,2.074,-0.623,-4.435
38.99,-8.657,2.063,-0.985,-4.451
39,-8.607,2.045,-1.339,-4.465
39.01,-8.545,2.024,-1.683,-4.475
39.02,-8.473,1.998,-2.015,-4.487
39.03,-8.393,1.964,-2.334,-4.498
39.04,-8.306,1.921,-2.642,-4.508
39.05,-8.213,1.872,-2.936,-4.517
39.06,-8.116,1.816,-3.214,-4.526
39.07,-8.016,1.749,-3.476,-4.536
39.08,-7.917,1.671,-3.723,-4.544
39.09,-7.819,1.583,-3.954,-4.55
39.1,-7.723,1.485,-4.169,-4.556
39.11,-7.631,1.376,-4.367,-4.559
39.12,-7.543,1.258,-4.551,-4.56
39.13,-7.46,1.128,-4.722,-4.557
39.14,-7.383,0.99,-4.878,-4.55
39.15,-7.311,0.844,-5.022,-4.538
39.16,-7.254,0.683,-5.147,-4.517
39.17,-7.202,0.514,-5.263,-4.489
39.18,-7.155,0.339,-5.37,-4.455
39.19,-7.113,0.159,-5.468,-4.411
39.2,-7.077,-0.024,-5.558,-4.361
39.21,-7.044,-0.211,-5.641,-4.301
39.22,-7.014,-0.402,-5.72,-4.232
39.23,-6.987,-0.594,-5.793,-4.154
39.24,-6.96,-0.786,-5.864,-4.066
39.25,-6.933,-0.974,-5.933,-3.97
39.26,-6.905,-1.159,-6.002,-3.866
39.27,-6.872,-1.341,-6.072,-3.754
39.28,-6.834,-1.518,-6.145,-3.635
39.29,-6.788,-1.686,-6.224,-3.511
39.3,-6.733,-1.846,-6.309,-3.381
39.31,-6.668,-1.998,-6.402,-3.248
39.32,-6.591,-2.14,-6.502,-3.112
39.33,-6.5,-2.275,-6.611,-2.975
39.34,-6.397,-2.402,-6.727,-2.835
39.35,-6.279,-2.521,-6.851,-2.696
39.36,-6.147,-2.634,-6.98,-2.557
39.37,-6.001,-2.742,-7.114,-2.419
39.38,-5.841,-2.845,-7.25,-2.28
39.39,-5.67,-2.944,-7.387,-2.144
39.4,-5.486,-3.041,-7.524,-2.007
39.41,-5.292,-3.136,-7.658,-1.87
39.42,-5.086,-3.228,-7.79,-1.734
39.43,-4.871,-3.319,-7.917,-1.6
39.44,-4.646,-3.408,-8.04,-1.464
39.45,-4.411,-3.497,-8.157,-1.329
39.46,-4.166,-3.586,-8.267,-1.193
39.47,-3.912,-3.672,-8.371,-1.059
39.48,-3.648,-3.757,-8.468,-0.926
39.49,-3.367,-3.845,-8.558,-0.795
39.5,-3.076,-3.93,-8.639,-0.666
39.51,-2.775,-4.014,-8.711,-0.54
39.52,-2.464,-4.097,-8.772,-0.416
39.53,-2.143,-4.178,-8.823,-0.296
39.54,-1.811,-4.259,-8.862,-0.181
39.55,-1.47,-4.337,-8.889,-0.07
39.56,-1.123,-4.414,-8.902,0.037
39.57,-0.77,-4.489,-8.901,0.141
39.58,-0.41,-4.564,-8.884,0.242
39.59,-0.046,-4.636,-8.853,0.338
39.6,0.319,-4.706,-8.806,0.429
39.61,0.689,-4.776,-8.743,0.516
39.62,1.06,-4.843,-8.663,0.6
39.63,1.43,-4.909,-8.566,0.68
39.64,1.796,-4.974,-8.452,0.758
39.65,2.158,-5.036,-8.323,0.833
39.66,2.514,-5.094,-8.179,0.905
39.67,2.86,-5.151,-8.02,0.977
39.68,3.195,-5.204,-7.848,1.05
39.69,3.519,-5.254,-7.663,1.124
39.7,3.828,-5.3,-7.47,1.2
39.71,4.12,-5.343,-7.268,1.28
39.72,4.395,-5.38,-7.061,1.364
39.73,4.655,-5.413,-6.848,1.453
39.74,4.898,-5.441,-6.632,1.548
39.75,5.126,-5.463,-6.414,1.648
39.76,5.337,-5.48,-6.195,1.755
39.77,5.534,-5.49,-5.977,1.868
39.78,5.716,-5.492,-5.761,1.988
39.79,5.885,-5.488,-5.545,2.115
39.8,6.042,-5.475,-5.334,2.247
39.81,6.188,-5.453,-5.125,2.386
39.82,6.316,-5.417,-4.931,2.537
39.83,6.434,-5.371,-4.74,2.696
39.84,6.545,-5.314,-4.554,2.858
39.85,6.646,-5.247,-4.374,3.025
39.86,6.74,-5.168,-4.201,3.194
39.87,6.827,-5.077,-4.034,3.366
39.88,6.908,-4.973,-3.872,3.54
39.89,6.984,-4.858,-3.715,3.715
39.9,7.056,-4.73,-3.565,3.888
39.91,7.123,-4.591,-3.419,4.059
39.92,7.187,-4.44,-3.279,4.227
39.93,7.247,-4.277,-3.143,4.391
39.94,7.305,-4.104,-3.01,4.551
39.95,7.362,-3.921,-2.879,4.703
39.96,7.417,-3.729,-2.749,4.848
39.97,7.471,-3.528,-2.621,4.985
39.98,7.523,-3.32,-2.493,5.113
39.99,7.575,-3.106,-2.363,5.232
40,7.627,-2.889,-2.228,5.338
40.01,7.68,-2.671,-2.088,5.433
40.02,7.731,-2.451,-1.942,5.516
40.03,7.782,-2.229,-1.794,5.59
40.04,7.831,-2.006,-1.64,5.652
40.05,7.878,-1.785,-1.481,5.704
40.06,7.924,-1.567,-1.314,5.745
40.07,7.969,-1.352,-1.139,5.775
40.08,8.011,-1.143,-0.956,5.796
40.09,8.05,-0.941,-0.761,5.806
40.1,8.086,-0.745,-0.554,5.808
40.11,8.118,-0.555,-0.337,5.802
40.12,8.144,-0.372,-0.106,5.789
40.13,8.163,-0.198,0.136,5.769
40.14,8.176,-0.03,0.391,5.743
40.15,8.179,0.12,0.67,5.712
40.16,8.17,0.262,0.961,5.678
40.17,8.15,0.396,1.263,5.64
40.18,8.116,0.521,1.575,5.6
40.19,8.068,0.639,1.898,5.557
40.2,8.004,0.749,2.231,5.512
40.21,7.923,0.85,2.573,5.466
40.22,7.823,0.946,2.921,5.418
40.23,7.706,1.036,3.274,5.368
40.24,7.568,1.122,3.629,5.318
40.25,7.411,1.202,3.985,5.267
40.26,7.234,1.281,4.338,5.215
40.27,7.041,1.358,4.683,5.161
40.28,6.832,1.437,5.018,5.106
40.29,6.61,1.52,5.338,5.048
40.3,6.378,1.606,5.643,4.989
40.31,6.138,1.697,5.93,4.926
40.32,5.894,1.795,6.197,4.86
40.33,5.648,1.9,6.445,4.789
40.34,5.401,2.011,6.674,4.714
40.35,5.155,2.128,6.884,4.635
40.36,4.912,2.252,7.077,4.549
40.37,4.672,2.379,7.253,4.459
40.38,4.435,2.51,7.414,4.363
40.39,4.203,2.646,7.561,4.26
40.4,3.975,2.785,7.693,4.151
40.41,3.754,2.926,7.813,4.035
40.42,3.54,3.07,7.92,3.91
40.43,3.333,3.214,8.016,3.779
40.44,3.135,3.359,8.101,3.64
40.45,2.944,3.503,8.176,3.491
40.46,2.761,3.648,8.242,3.335
40.47,2.586,3.789,8.3,3.17
40.48,2.428,3.929,8.349,2.992
40.49,2.277,4.063,8.392,2.804
40.5,2.134,4.194,8.428,2.609
40.51,1.997,4.319,8.459,2.404
40.52,1.868,4.438,8.485,2.193
40.53,1.745,4.549,8.506,1.973
40.54,1.628,4.653,8.523,1.746
40.55,1.516,4.749,8.535,1.511
40.56,1.408,4.836,8.544,1.272
40.57,1.302,4.912,8.55,1.028
40.58,1.198,4.977,8.554,0.781
40.59,1.095,5.032,8.555,0.531
40.6,0.993,5.075,8.553,0.279
40.61,0.892,5.109,8.549,0.026
40.62,0.789,5.131,8.543,-0.225
40.63,0.683,5.142,8.535,-0.474
40.64,0.572,5.143,8.526,-0.719
40.65,0.455,5.135,8.514,-0.962
40.66,0.331,5.117,8.5,-1.199
40.67,0.199,5.092,8.484,-1.429
40.68,0.058,5.059,8.466,-1.65
40.69,-0.094,5.019,8.444,-1.864
40.7,-0.259,4.975,8.419,-2.069
40.71,-0.435,4.927,8.39,-2.263
40.72,-0.624,4.877,8.356,-2.447
40.73,-0.824,4.824,8.317,-2.62
40.74,-1.038,4.77,8.27,-2.784
40.75,-1.263,4.716,8.217,-2.938
40.76,-1.498,4.663,8.155,-3.08
40.77,-1.745,4.611,8.084,-3.213
40.78,-2.003,4.561,8.002,-3.335
40.79,-2.273,4.515,7.909,-3.447
40.8,-2.551,4.473,7.803,-3.547
40.81,-2.851,4.445,7.676,-3.63
40.82,-3.156,4.421,7.533,-3.706
40.83,-3.464,4.402,7.374,-3.772
40.84,-3.775,4.387,7.199,-3.83
40.85,-4.087,4.377,7.005,-3.88
40.86,-4.398,4.37,6.794,-3.922
40.87,-4.708,4.367,6.564,-3.956
40.88,-5.012,4.369,6.317,-3.984
40.89,-5.309,4.372,6.053,-4.006
40.9,-5.596,4.378,5.773,-4.021
40.91,-5.872,4.384,5.478,-4.033
40.92,-6.134,4.39,5.172,-4.041
40.93,-6.379,4.394,4.858,-4.047
40.94,-6.607,4.395,4.537,-4.052
40.95,-6.817,4.393,4.213,-4.058
40.96,-7.008,4.386,3.888,-4.064
40.97,-7.181,4.375,3.563,-4.071
40.98,-7.338,4.359,3.24,-4.078
40.99,-7.478,4.339,2.92,-4.087
41,-7.603,4.314,2.603,-4.097
41.01,-7.714,4.283,2.291,-4.109
41.02,-7.811,4.247,1.983,-4.122
41.03,-7.896,4.205,1.681,-4.138
41.04,-7.969,4.16,1.385,-4.154
41.05,-8.031,4.109,1.094,-4.171
41.06,-8.084,4.052,0.81,-4.19
41.07,-8.127,3.99,0.531,-4.21
41.08,-8.162,3.923,0.259,-4.231
41.09,-8.189,3.851,-0.005,-4.253
41.1,-8.21,3.773,-0.263,-4.275
41.11,-8.224,3.69,-0.514,-4.298
41.12,-8.233,3.599,-0.757,-4.321
41.13,-8.237,3.504,-0.992,-4.344
41.14,-8.237,3.4,-1.213,-4.37
41.15,-8.234,3.29,-1.427,-4.395
41.16,-8.228,3.176,-1.634,-4.419
41.17,-8.218,3.058,-1.835,-4.441
41.18,-8.206,2.936,-2.031,-4.462
41.19,-8.19,2.81,-2.222,-4.479
41.2,-8.173,2.681,-2.408,-4.495
41.21,-8.153,2.549,-2.588,-4.508
41.22,-8.131,2.415,-2.764,-4.517
41.23,-8.107,2.276,-2.935,-4.523
41.24,-8.081,2.136,-3.102,-4.527
41.25,-8.054,1.993,-3.264,-4.527
41.26,-8.025,1.849,-3.422,-4.522
41.27,-7.995,1.702,-3.576,-4.514
41.28,-7.963,1.554,-3.727,-4.502
41.29,-7.93,1.404,-3.874,-4.486
41.3,-7.894,1.253,-4.018,-4.466
41.31,-7.858,1.101,-4.159,-4.442
41.32,-7.819,0.948,-4.297,-4.413
41.33,-7.779,0.796,-4.433,-4.38
41.34,-7.737,0.645,-4.566,-4.342
41.35,-7.692,0.494,-4.698,-4.301
41.36,-7.645,0.343,-4.828,-4.255
41.37,-7.596,0.195,-4.956,-4.205
41.38,-7.545,0.047,-5.082,-4.152
41.39,-7.491,-0.099,-5.206,-4.093
41.4,-7.435,-0.245,-5.329,-4.031
41.41,-7.377,-0.389,-5.45,-3.964
41.42,-7.316,-0.531,-5.569,-3.894
41.43,-7.252,-0.672,-5.687,-3.82
41.44,-7.185,-0.809,-5.804,-3.744
41.45,-7.116,-0.943,-5.919,-3.663
41.46,-7.044,-1.074,-6.033,-3.581
41.47,-6.968,-1.199,-6.148,-3.493
41.48,-6.887,-1.319,-6.262,-3.405
41.49,-6.803,-1.436,-6.376,-3.315
41.5,-6.714,-1.549,-6.49,-3.223
41.51,-6.621,-1.658,-6.603,-3.13
41.52,-6.524,-1.764,-6.716,-3.034
41.53,-6.422,-1.867,-6.828,-2.937
41.54,-6.316,-1.967,-6.94,-2.838
41.55,-6.207,-2.064,-7.05,-2.738
41.56,-6.093,-2.158,-7.159,-2.636
41.57,-5.977,-2.25,-7.265,-2.533
41.58,-5.855,-2.338,-7.371,-2.429
41.59,-5.729,-2.425,-7.475,-2.324
41.6,-5.599,-2.508,-7.578,-2.217
41.61,-5.464,-2.589,-7.679,-2.111
41.62,-5.325,-2.666,-7.778,-2.003
41.63,-5.181,-2.742,-7.876,-1.895
41.64,-5.032,-2.814,-7.971,-1.788
41.65,-4.878,-2.884,-8.065,-1.681
41.66,-4.717,-2.951,-8.158,-1.573
41.67,-4.551,-3.015,-8.248,-1.467
41.68,-4.379,-3.078,-8.336,-1.36
41.69,-4.202,-3.138,-8.421,-1.255
41.7,-4.019,-3.197,-8.502,-1.15
41.71,-3.833,-3.253,-8.58,-1.045
41.72,-3.644,-3.309,-8.653,-0.941
41.73,-3.451,-3.364,-8.721,-0.838
41.74,-3.254,-3.417,-8.785,-0.736
41.75,-3.055,-3.468,-8.844,-0.634
41.76,-2.854,-3.518,-8.898,-0.533
41.77,-2.65,-3.566,-8.947,-0.433
41.78,-2.444,-3.613,-8.991,-0.334
41.79,-2.238,-3.66,-9.029,-0.235
41.8,-2.029,-3.705,-9.062,-0.138
41.81,-1.82,-3.748,-9.09,-0.042
41.82,-1.61,-3.789,-9.112,0.053
41.83,-1.399,-3.829,-9.129,0.149
41.84,-1.189,-3.868,-9.141,0.245
41.85,-0.98,-3.905,-9.147,0.341
41.86,-0.772,-3.94,-9.147,0.437
41.87,-0.566,-3.974,-9.143,0.532
41.88,-0.36,-4.006,-9.133,0.628
41.89,-0.156,-4.036,-9.118,0.723
41.9,0.043,-4.065,-9.099,0.82
41.91,0.242,-4.091,-9.075,0.916
41.92,0.438,-4.115,-9.046,1.013
41.93,0.632,-4.137,-9.013,1.11
41.94,0.823,-4.156,-8.976,1.208
41.95,1.013,-4.173,-8.935,1.305
41.96,1.2,-4.189,-8.89,1.403
41.97,1.385,-4.2,-8.841,1.501
41.98,1.568,-4.21,-8.789,1.599
41.99,1.749,-4.215,-8.734,1.698
42,1.928,-4.219,-8.674,1.794
42.01,2.106,-4.22,-8.612,1.891
42.02,2.284,-4.217,-8.547,1.986
42.03,2.46,-4.212,-8.478,2.08
42.04,2.635,-4.203,-8.406,2.173
42.05,2.81,-4.192,-8.33,2.264
42.06,2.984,-4.179,-8.251,2.353
42.07,3.156,-4.162,-8.169,2.441
42.08,3.326,-4.144,-8.084,2.529
42.09,3.495,-4.123,-7.996,2.615
42.1,3.662,-4.099,-7.904,2.701
42.11,3.827,-4.073,-7.81,2.784
42.12,3.99,-4.044,-7.713,2.866
42.13,4.151,-4.012,-7.614,2.947
42.14,4.31,-3.979,-7.511,3.026
42.15,4.467,-3.942,-7.406,3.105
42.16,4.622,-3.905,-7.298,3.181
42.17,4.774,-3.863,-7.188,3.257
42.18,4.923,-3.82,-7.075,3.331
42.19,5.07,-3.774,-6.96,3.404
42.2,5.216,-3.725,-6.843,3.475
42.21,5.358,-3.674,-6.724,3.545
42.22,5.497,-3.619,-6.603,3.613
42.23,5.635,-3.561,-6.481,3.68
42.24,5.772,-3.5,-6.356,3.744
42.25,5.907,-3.437,-6.228,3.806
42.26,6.041,-3.37,-6.097,3.866
42.27,6.175,-3.302,-5.963,3.924
42.28,6.307,-3.231,-5.825,3.978
42.29,6.44,-3.157,-5.683,4.03
42.3,6.573,-3.081,-5.536,4.078
42.31,6.706,-3.004,-5.384,4.123
42.32,6.838,-2.925,-5.227,4.164
42.33,6.97,-2.845,-5.064,4.202
42.34,7.102,-2.764,-4.894,4.237
42.35,7.233,-2.679,-4.718,4.268
42.36,7.362,-2.595,-4.536,4.297
42.37,7.489,-2.509,-4.348,4.323
42.38,7.614,-2.423,-4.153,4.346
42.39,7.736,-2.337,-3.951,4.366
42.4,7.856,-2.25,-3.741,4.383
42.41,7.972,-2.164,-3.523,4.397
42.42,8.085,-2.079,-3.296,4.408
42.43,8.193,-1.995,-3.06,4.416
42.44,8.298,-1.913,-2.814,4.42
42.45,8.399,-1.836,-2.552,4.422
42.46,8.494,-1.76,-2.28,4.42
42.47,8.581,-1.686,-1.999,4.416
42.48,8.662,-1.613,-1.709,4.407
42.49,8.734,-1.54,-1.411,4.398
42.5,8.796,-1.468,-1.106,4.386
42.51,8.849,-1.396,-0.794,4.371
42.52,8.89,-1.326,-0.474,4.355
42.53,8.921,-1.257,-0.148,4.337
42.54,8.939,-1.188,0.183,4.316
42.55,8.945,-1.12,0.52,4.294
42.56,8.938,-1.053,0.86,4.271
42.57,8.918,-0.984,1.201,4.247
42.58,8.885,-0.915,1.542,4.222
42.59,8.839,-0.844,1.882,4.196
42.6,8.779,-0.771,2.219,4.17
42.61,8.708,-0.697,2.551,4.143
42.62,8.625,-0.62,2.874,4.116
42.63,8.533,-0.539,3.189,4.088
42.64,8.431,-0.455,3.494,4.061
42.65,8.321,-0.367,3.789,4.032
42.66,8.204,-0.276,4.072,4.002
42.67,8.082,-0.18,4.343,3.971
42.68,7.955,-0.08,4.603,3.938
42.69,7.825,0.024,4.85,3.903
42.7,7.691,0.131,5.085,3.867
42.71,7.555,0.241,5.31,3.828
42.72,7.415,0.354,5.525,3.788
42.73,7.273,0.469,5.731,3.744
42.74,7.13,0.586,5.927,3.697
42.75,6.987,0.703,6.113,3.647
42.76,6.843,0.821,6.29,3.594
42.77,6.7,0.941,6.457,3.537
42.78,6.562,1.064,6.613,3.473
42.79,6.426,1.187,6.76,3.403
42.8,6.291,1.31,6.9,3.328
42.81,6.157,1.433,7.033,3.249
42.82,6.023,1.556,7.16,3.166
42.83,5.888,1.678,7.282,3.076
42.84,5.754,1.797,7.399,2.982
42.85,5.62,1.915,7.511,2.883
42.86,5.483,2.03,7.62,2.782
42.87,5.342,2.143,7.726,2.676
42.88,5.199,2.25,7.83,2.566
42.89,5.052,2.353,7.931,2.454
42.9,4.899,2.452,8.031,2.34
42.91,4.741,2.547,8.129,2.222
42.92,4.577,2.638,8.225,2.104
42.93,4.406,2.723,8.319,1.985
42.94,4.229,2.802,8.412,1.864
42.95,4.044,2.878,8.503,1.745
42.96,3.851,2.949,8.592,1.625
42.97,3.648,3.015,8.679,1.506
42.98,3.434,3.077,8.763,1.389
42.99,3.21,3.133,8.846,1.272
43,2.977,3.187,8.923,1.158
43.01,2.734,3.238,8.996,1.047
43.02,2.482,3.285,9.064,0.939
43.03,2.22,3.329,9.126,0.832
43.04,1.948,3.371,9.181,0.729
43.05,1.668,3.411,9.229,0.629
43.06,1.38,3.449,9.268,0.533
43.07,1.086,3.485,9.299,0.438
43.08,0.786,3.521,9.319,0.347
43.09,0.481,3.554,9.331,0.257
43.1,0.174,3.586,9.331,0.169
43.11,-0.132,3.62,9.32,0.081
43.12,-0.437,3.654,9.298,-0.004
43.13,-0.738,3.684,9.266,-0.091
43.14,-1.036,3.714,9.224,-0.179
43.15,-1.33,3.743,9.173,-0.267
43.16,-1.62,3.769,9.112,-0.356
43.17,-1.904,3.795,9.042,-0.446
43.18,-2.183,3.818,8.964,-0.537
43.19,-2.455,3.839,8.879,-0.628
43.2,-2.721,3.857,8.785,-0.722
43.21,-2.98,3.873,8.685,-0.816
43.22,-3.234,3.887,8.578,-0.911
43.23,-3.481,3.898,8.465,-1.006
43.24,-3.723,3.907,8.345,-1.102
43.25,-3.96,3.913,8.219,-1.197
43.26,-4.193,3.917,8.087,-1.291
43.27,-4.422,3.916,7.948,-1.384
43.28,-4.647,3.915,7.802,-1.475
43.29,-4.869,3.911,7.65,-1.566
43.3,-5.085,3.905,7.492,-1.655
43.31,-5.297,3.897,7.329,-1.742
43.32,-5.504,3.884,7.16,-1.828
43.33,-5.706,3.87,6.984,-1.913
43.34,-5.905,3.854,6.803,-1.996
43.35,-6.099,3.836,6.616,-2.076
43.36,-6.289,3.816,6.422,-2.152
43.37,-6.475,3.795,6.221,-2.226
43.38,-6.657,3.773,6.013,-2.297
43.39,-6.836,3.749,5.798,-2.363
43.4,-7.011,3.724,5.575,-2.425
43.41,-7.181,3.699,5.345,-2.484
43.42,-7.346,3.672,5.108,-2.538
43.43,-7.505,3.645,4.864,-2.589
43.44,-7.661,3.62,4.609,-2.634
43.45,-7.81,3.595,4.348,-2.675
43.46,-7.952,3.568,4.081,-2.713
43.47,-8.087,3.541,3.807,-2.748
43.48,-8.214,3.512,3.529,-2.779
43.49,-8.332,3.483,3.246,-2.808
43.5,-8.442,3.452,2.96,-2.834
43.51,-8.543,3.42,2.672,-2.859
43.52,-8.634,3.386,2.381,-2.882
43.53,-8.716,3.351,2.089,-2.904
43.54,-8.788,3.313,1.797,-2.923
43.55,-8.851,3.273,1.507,-2.942
43.56,-8.906,3.23,1.219,-2.958
43.57,-8.951,3.185,0.933,-2.976
43.58,-8.987,3.136,0.651,-2.992
43.59,-9.016,3.084,0.375,-3.007
43.6,-9.037,3.029,0.104,-3.022
43.61,-9.051,2.97,-0.161,-3.036
43.62,-9.059,2.907,-0.421,-3.049
43.63,-9.06,2.842,-0.675,-3.062
43.64,-9.056,2.772,-0.922,-3.072
43.65,-9.047,2.699,-1.164,-3.081
43.66,-9.034,2.622,-1.399,-3.088
43.67,-9.016,2.543,-1.628,-3.094
43.68,-8.995,2.46,-1.852,-3.098
43.69,-8.97,2.375,-2.071,-3.099
43.7,-8.941,2.288,-2.284,-3.098
43.71,-8.909,2.198,-2.492,-3.094
43.72,-8.873,2.106,-2.696,-3.089
43.73,-8.835,2.013,-2.895,-3.08
43.74,-8.793,1.919,-3.09,-3.07
43.75,-8.749,1.823,-3.282,-3.056
43.76,-8.702,1.726,-3.471,-3.039
43.77,-8.651,1.629,-3.656,-3.019
43.78,-8.598,1.53,-3.841,-2.995
43.79,-8.54,1.432,-4.024,-2.968
43.8,-8.478,1.334,-4.205,-2.938
43.81,-8.413,1.236,-4.386,-2.905
43.82,-8.344,1.138,-4.566,-2.868
43.83,-8.27,1.04,-4.745,-2.829
43.84,-8.191,0.944,-4.922,-2.787
43.85,-8.107,0.847,-5.101,-2.742
43.86,-8.018,0.752,-5.278,-2.695
43.87,-7.924,0.658,-5.457,-2.643
43.88,-7.823,0.565,-5.635,-2.591
43.89,-7.715,0.474,-5.814,-2.536
43.9,-7.601,0.385,-5.994,-2.478
43.91,-7.479,0.297,-6.174,-2.419
43.92,-7.35,0.21,-6.353,-2.358
43.93,-7.213,0.126,-6.532,-2.296
43.94,-7.07,0.043,-6.71,-2.231
43.95,-6.918,-0.038,-6.887,-2.166
43.96,-6.76,-0.119,-7.062,-2.099
43.97,-6.593,-0.198,-7.235,-2.032
43.98,-6.42,-0.276,-7.405,-1.963
43.99,-6.239,-0.353,-7.573,-1.894
44,-6.05,-0.428,-7.738,-1.823
44.01,-5.853,-0.502,-7.899,-1.753
44.02,-5.649,-0.575,-8.057,-1.682
44.03,-5.438,-0.647,-8.21,-1.611
44.04,-5.219,-0.719,-8.358,-1.541
44.05,-4.994,-0.789,-8.5,-1.47
44.06,-4.763,-0.859,-8.637,-1.399
44.07,-4.526,-0.928,-8.768,-1.328
44.08,-4.284,-0.995,-8.892,-1.257
44.09,-4.038,-1.064,-9.008,-1.186
44.1,-3.788,-1.132,-9.116,-1.115
44.11,-3.536,-1.199,-9.217,-1.044
44.12,-3.282,-1.267,-9.309,-0.973
44.13,-3.025,-1.333,-9.394,-0.902
44.14,-2.767,-1.399,-9.47,-0.831
44.15,-2.506,-1.464,-9.539,-0.759
44.16,-2.244,-1.528,-9.599,-0.687
44.17,-1.981,-1.59,-9.652,-0.614
44.18,-1.717,-1.652,-9.696,-0.542
44.19,-1.453,-1.712,-9.733,-0.47
44.2,-1.187,-1.771,-9.761,-0.397
44.21,-0.919,-1.828,-9.782,-0.326
44.22,-0.651,-1.884,-9.795,-0.254
44.23,-0.381,-1.937,-9.801,-0.184
44.24,-0.108,-1.99,-9.798,-0.114
44.25,0.164,-2.04,-9.788,-0.045
44.26,0.439,-2.089,-9.769,0.021
44.27,0.715,-2.135,-9.742,0.088
44.28,0.993,-2.181,-9.707,0.153
44.29,1.272,-2.224,-9.663,0.216
44.3,1.552,-2.264,-9.611,0.278
44.31,1.832,-2.304,-9.55,0.338
44.32,2.112,-2.341,-9.481,0.396
44.33,2.393,-2.377,-9.402,0.452
44.34,2.675,-2.411,-9.315,0.506
44.35,2.955,-2.443,-9.218,0.558
44.36,3.235,-2.473,-9.112,0.607
44.37,3.513,-2.502,-8.997,0.654
44.38,3.79,-2.529,-8.873,0.699
44.39,4.066,-2.555,-8.739,0.741
44.4,4.339,-2.579,-8.596,0.78
44.41,4.609,-2.6,-8.444,0.817
44.42,4.876,-2.622,-8.283,0.851
44.43,5.14,-2.641,-8.112,0.881
44.44,5.399,-2.659,-7.933,0.909
44.45,5.653,-2.675,-7.746,0.934
44.46,5.901,-2.689,-7.551,0.958
44.47,6.144,-2.702,-7.347,0.978
44.48,6.381,-2.711,-7.136,0.996
44.49,6.612,-2.72,-6.917,1.012
44.5,6.836,-2.727,-6.69,1.024
44.51,7.054,-2.733,-6.456,1.035
44.52,7.264,-2.736,-6.216,1.043
44.53,7.466,-2.738,-5.971,1.049
44.54,7.658,-2.739,-5.72,1.054
44.55,7.842,-2.737,-5.466,1.056
44.56,8.018,-2.733,-5.207,1.057
44.57,8.184,-2.728,-4.945,1.056
44.58,8.341,-2.721,-4.68,1.054
44.59,8.489,-2.712,-4.412,1.05
44.6,8.627,-2.701,-4.143,1.045
44.61,8.757,-2.688,-3.873,1.038
44.62,8.877,-2.673,-3.602,1.03
44.63,8.989,-2.657,-3.329,1.02
44.64,9.092,-2.639,-3.056,1.009
44.65,9.187,-2.619,-2.781,0.996
44.66,9.273,-2.598,-2.505,0.982
44.67,9.352,-2.575,-2.229,0.966
44.68,9.422,-2.551,-1.951,0.949
44.69,9.484,-2.526,-1.673,0.93
44.7,9.538,-2.501,-1.393,0.909
44.71,9.583,-2.474,-1.112,0.887
44.72,9.621,-2.446,-0.83,0.863
44.73,9.651,-2.417,-0.55,0.837
44.74,9.672,-2.388,-0.269,0.81
44.75,9.686,-2.358,0.009,0.781
44.76,9.691,-2.329,0.288,0.75
44.77,9.688,-2.299,0.567,0.717
44.78,9.678,-2.268,0.847,0.683
44.79,9.659,-2.238,1.126,0.647
44.8,9.632,-2.207,1.406,0.61
44.81,9.596,-2.177,1.686,0.572
44.82,9.552,-2.146,1.965,0.531
44.83,9.499,-2.116,2.244,0.49
44.84,9.437,-2.086,2.524,0.447
44.85,9.367,-2.056,2.802,0.403
44.86,9.288,-2.027,3.079,0.358
44.87,9.2,-1.998,3.356,0.311
44.88,9.102,-1.969,3.632,0.264
44.89,8.996,-1.94,3.905,0.216
44.9,8.88,-1.911,4.177,0.166
44.91,8.755,-1.883,4.446,0.116
44.92,8.622,-1.855,4.712,0.066
44.93,8.48,-1.826,4.974,0.015
44.94,8.33,-1.798,5.23,-0.035
44.95,8.173,-1.77,5.482,-0.085
44.96,8.008,-1.742,5.728,-0.135
44.97,7.835,-1.714,5.968,-0.185
44.98,7.656,-1.687,6.202,-0.235
44.99,7.47,-1.659,6.431,-0.284
45,7.276,-1.632,6.653,-0.332
45.01,7.076,-1.606,6.869,-0.38
45.02,6.87,-1.579,7.079,-0.427
45.03,6.658,-1.553,7.282,-0.472
45.04,6.44,-1.527,7.478,-0.516
45.05,6.216,-1.5,7.667,-0.557
45.06,5.988,-1.474,7.848,-0.601
45.07,5.755,-1.448,8.022,-0.642
45.08,5.517,-1.423,8.189,-0.682
45.09,5.277,-1.401,8.346,-0.718
45.1,5.033,-1.377,8.496,-0.754
45.11,4.786,-1.355,8.638,-0.787
45.12,4.536,-1.333,8.773,-0.818
45.13,4.283,-1.311,8.9,-0.847
45.14,4.026,-1.289,9.019,-0.874
45.15,3.767,-1.268,9.131,-0.9
45.16,3.503,-1.247,9.236,-0.923
45.17,3.235,-1.226,9.334,-0.943
45.18,2.965,-1.206,9.425,-0.96
45.19,2.69,-1.185,9.508,-0.975
45.2,2.412,-1.165,9.583,-0.988
45.21,2.132,-1.144,9.651,-0.998
45.22,1.849,-1.125,9.711,-1.005
45.23,1.563,-1.105,9.762,-1.009
45.24,1.277,-1.086,9.806,-1.012
45.25,0.988,-1.067,9.841,-1.012
45.26,0.698,-1.048,9.868,-1.01
45.27,0.406,-1.03,9.887,-1.004
45.28,0.113,-1.013,9.897,-0.997
45.29,-0.181,-0.995,9.899,-0.987
45.3,-0.476,-0.977,9.892,-0.975
45.31,-0.773,-0.959,9.877,-0.96
45.32,-1.07,-0.942,9.852,-0.942
45.33,-1.367,-0.924,9.819,-0.923
45.34,-1.663,-0.906,9.777,-0.901
45.35,-1.959,-0.887,9.726,-0.877
45.36,-2.255,-0.868,9.666,-0.851
45.37,-2.551,-0.849,9.596,-0.823
45.38,-2.845,-0.828,9.517,-0.793
45.39,-3.138,-0.807,9.429,-0.76
45.4,-3.429,-0.786,9.332,-0.726
45.41,-3.72,-0.765,9.224,-0.69
45.42,-4.009,-0.744,9.107,-0.651
45.43,-4.293,-0.723,8.981,-0.611
45.44,-4.574,-0.702,8.846,-0.57
45.45,-4.849,-0.68,8.703,-0.526
45.46,-5.118,-0.659,8.551,-0.481
45.47,-5.382,-0.637,8.392,-0.435
45.48,-5.64,-0.615,8.225,-0.388
45.49,-5.894,-0.592,8.048,-0.34
45.5,-6.144,-0.569,7.863,-0.292
45.51,-6.39,-0.545,7.668,-0.243
45.52,-6.63,-0.521,7.464,-0.194
45.53,-6.865,-0.496,7.252,-0.144
45.54,-7.094,-0.471,7.031,-0.095
45.55,-7.315,-0.446,6.802,-0.045
45.56,-7.53,-0.421,6.566,0.003
45.57,-7.736,-0.395,6.323,0.053
45.58,-7.934,-0.369,6.074,0.102
45.59,-8.122,-0.343,5.82,0.152
45.6,-8.302,-0.317,5.561,0.202
45.61,-8.472,-0.291,5.297,0.252
45.62,-8.633,-0.264,5.03,0.302
45.63,-8.783,-0.238,4.762,0.352
45.64,-8.922,-0.21,4.492,0.401
45.65,-9.05,-0.183,4.224,0.452
45.66,-9.168,-0.155,3.957,0.501
45.67,-9.275,-0.126,3.692,0.551
45.68,-9.373,-0.096,3.429,0.601
45.69,-9.462,-0.065,3.168,0.65
45.7,-9.542,-0.034,2.906,0.698
45.71,-9.614,-0.002,2.645,0.745
45.72,-9.679,0.03,2.384,0.792
45.73,-9.735,0.064,2.123,0.837
45.74,-9.784,0.099,1.866,0.88
45.75,-9.825,0.137,1.611,0.921
45.76,-9.859,0.177,1.357,0.961
45.77,-9.886,0.217,1.104,0.998
45.78,-9.906,0.258,0.851,1.033
45.79,-9.92,0.3,0.598,1.068
45.8,-9.927,0.344,0.344,1.101
45.81,-9.927,0.388,0.087,1.131
45.82,-9.921,0.432,-0.171,1.16
45.83,-9.908,0.476,-0.43,1.187
45.84,-9.888,0.522,-0.691,1.212
45.85,-9.86,0.569,-0.955,1.236
45.86,-9.825,0.614,-1.221,1.257
45.87,-9.783,0.659,-1.49,1.277
45.88,-9.731,0.704,-1.764,1.295
45.89,-9.671,0.749,-2.043,1.311
45.9,-9.601,0.792,-2.326,1.327
45.91,-9.522,0.833,-2.613,1.341
45.92,-9.432,0.873,-2.902,1.354
45.93,-9.332,0.912,-3.194,1.366
45.94,-9.221,0.949,-3.487,1.376
45.95,-9.099,0.985,-3.782,1.385
45.96,-8.966,1.018,-4.076,1.393
45.97,-8.821,1.05,-4.372,1.4
45.98,-8.663,1.081,-4.668,1.406
45.99,-8.494,1.109,-4.961,1.411
46,-8.313,1.136,-5.253,1.415
46.01,-8.119,1.16,-5.542,1.418
46.02,-7.912,1.181,-5.829,1.42
46.03,-7.692,1.2,-6.113,1.421
46.04,-7.458,1.217,-6.392,1.422
46.05,-7.211,1.231,-6.667,1.421
46.06,-6.952,1.243,-6.935,1.42
46.07,-6.679,1.251,-7.197,1.42
46.08,-6.395,1.256,-7.449,1.419
46.09,-6.102,1.26,-7.691,1.418
46.1,-5.797,1.262,-7.923,1.415
46.11,-5.483,1.259,-8.145,1.413
46.12,-5.159,1.254,-8.355,1.41
46.13,-4.828,1.247,-8.552,1.407
46.14,-4.488,1.236,-8.738,1.403
46.15,-4.143,1.224,-8.909,1.397
46.16,-3.793,1.209,-9.067,1.39
46.17,-3.44,1.193,-9.21,1.383
46.18,-3.084,1.175,-9.338,1.374
46.19,-2.726,1.154,-9.453,1.364
46.2,-2.365,1.131,-9.554,1.353
46.21,-2.003,1.107,-9.641,1.34
46.22,-1.638,1.081,-9.715,1.327
46.23,-1.272,1.053,-9.774,1.313
46.24,-0.902,1.021,-9.821,1.299
46.25,-0.532,0.989,-9.853,1.283
46.26,-0.161,0.953,-9.872,1.267
46.27,0.209,0.916,-9.876,1.25
46.28,0.579,0.876,-9.868,1.231
46.29,0.946,0.835,-9.845,1.212
46.3,1.308,0.792,-9.81,1.191
46.31,1.667,0.747,-9.761,1.168
46.32,2.021,0.701,-9.7,1.145
46.33,2.369,0.654,-9.628,1.12
46.34,2.712,0.605,-9.543,1.094
46.35,3.049,0.554,-9.447,1.066
46.36,3.38,0.503,-9.34,1.038
46.37,3.706,0.45,-9.221,1.008
46.38,4.026,0.396,-9.092,0.978
46.39,4.342,0.34,-8.951,0.947
46.4,4.653,0.282,-8.799,0.916
46.41,4.959,0.224,-8.635,0.883
46.42,5.259,0.164,-8.46,0.85
46.43,5.553,0.104,-8.275,0.817
46.44,5.839,0.043,-8.08,0.782
46.45,6.118,-0.017,-7.874,0.747
46.46,6.389,-0.079,-7.659,0.712
46.47,6.651,-0.14,-7.434,0.676
46.48,6.905,-0.201,-7.201,0.639
46.49,7.15,-0.262,-6.959,0.603
46.5,7.386,-0.323,-6.708,0.565
46.51,7.613,-0.384,-6.45,0.528
46.52,7.83,-0.444,-6.184,0.49
46.53,8.037,-0.504,-5.911,0.453
46.54,8.235,-0.563,-5.629,0.415
46.55,8.423,-0.622,-5.34,0.378
46.56,8.601,-0.68,-5.044,0.34
46.57,8.768,-0.739,-4.74,0.302
46.58,8.925,-0.796,-4.429,0.265
46.59,9.072,-0.853,-4.113,0.228
46.6,9.207,-0.909,-3.79,0.192
46.61,9.33,-0.965,-3.461,0.156
46.62,9.442,-1.019,-3.128,0.12
46.63,9.542,-1.072,-2.788,0.085
46.64,9.63,-1.125,-2.445,0.051
46.65,9.706,-1.176,-2.097,0.017
46.66,9.769,-1.225,-1.745,-0.016
46.67,9.82,-1.272,-1.389,-0.048
46.68,9.858,-1.318,-1.029,-0.08
46.69,9.883,-1.362,-0.666,-0.11
46.7,9.895,-1.405,-0.301,-0.141
46.71,9.893,-1.445,0.067,-0.17
46.72,9.877,-1.482,0.436,-0.199
46.73,9.848,-1.519,0.807,-0.227
46.74,9.804,-1.552,1.178,-0.255
46.75,9.747,-1.584,1.548,-0.282
46.76,9.676,-1.614,1.915,-0.308
46.77,9.591,-1.642,2.279,-0.333
46.78,9.492,-1.668,2.64,-0.357
46.79,9.381,-1.692,2.996,-0.38
46.8,9.257,-1.714,3.346,-0.402
46.81,9.12,-1.734,3.691,-0.422
46.82,8.971,-1.752,4.03,-0.441
46.83,8.81,-1.767,4.363,-0.458
46.84,8.637,-1.78,4.689,-0.474
46.85,8.452,-1.79,5.01,-0.488
46.86,8.255,-1.798,5.325,-0.501
46.87,8.046,-1.803,5.633,-0.514
46.88,7.824,-1.805,5.936,-0.525
46.89,7.59,-1.805,6.232,-0.536
46.9,7.344,-1.801,6.52,-0.545
46.91,7.086,-1.796,6.8,-0.554
46.92,6.817,-1.787,7.071,-0.562
46.93,6.537,-1.776,7.333,-0.569
46.94,6.247,-1.763,7.584,-0.575
46.95,5.948,-1.747,7.824,-0.58
46.96,5.64,-1.729,8.053,-0.583
46.97,5.324,-1.708,8.269,-0.584
46.98,5.002,-1.685,8.472,-0.584
46.99,4.673,-1.66,8.663,-0.582
47,4.339,-1.634,8.84,-0.579
47.01,3.999,-1.605,9.005,-0.574
47.02,3.654,-1.574,9.156,-0.568
47.03,3.304,-1.541,9.294,-0.561
47.04,2.949,-1.506,9.419,-0.552
47.05,2.589,-1.469,9.53,-0.542
47.06,2.225,-1.43,9.628,-0.531
47.07,1.857,-1.389,9.713,-0.519
47.08,1.484,-1.346,9.783,-0.506
47.09,1.108,-1.302,9.84,-0.493
47.1,0.727,-1.256,9.882,-0.479
47.11,0.344,-1.207,9.909,-0.465
47.12,-0.041,-1.158,9.922,-0.45
47.13,-0.428,-1.107,9.919,-0.434
47.14,-0.816,-1.055,9.901,-0.417
47.15,-1.202,-1.002,9.868,-0.4
47.16,-1.586,-0.948,9.82,-0.381
47.17,-1.965,-0.893,9.757,-0.361
47.18,-2.338,-0.837,9.68,-0.34
47.19,-2.703,-0.78,9.59,-0.317
47.2,-3.057,-0.722,9.488,-0.293
47.21,-3.402,-0.663,9.376,-0.267
47.22,-3.736,-0.604,9.253,-0.241
47.23,-4.06,-0.543,9.12,-0.213
47.24,-4.374,-0.481,8.977,-0.184
47.25,-4.68,-0.419,8.825,-0.155
47.26,-4.977,-0.355,8.664,-0.126
47.27,-5.267,-0.291,8.494,-0.097
47.28,-5.549,-0.226,8.315,-0.068
47.29,-5.822,-0.161,8.128,-0.039
47.3,-6.086,-0.095,7.933,-0.009
47.31,-6.34,-0.028,7.732,0.019
47.32,-6.582,0.038,7.527,0.048
47.33,-6.813,0.106,7.318,0.078
47.34,-7.033,0.175,7.105,0.107
47.35,-7.241,0.245,6.89,0.136
47.36,-7.439,0.316,6.672,0.164
47.37,-7.627,0.387,6.452,0.192
47.38,-7.806,0.458,6.228,0.22
47.39,-7.976,0.531,6.002,0.247
47.4,-8.139,0.603,5.771,0.272
47.41,-8.295,0.676,5.535,0.298
47.42,-8.443,0.748,5.295,0.323
47.43,-8.585,0.82,5.049,0.347
47.44,-8.719,0.892,4.798,0.371
47.45,-8.847,0.963,4.543,0.394
47.46,-8.967,1.034,4.282,0.416
47.47,-9.08,1.104,4.015,0.438
47.48,-9.186,1.174,3.744,0.459
47.49,-9.283,1.243,3.468,0.479
47.5,-9.373,1.311,3.189,0.498
47.51,-9.454,1.379,2.905,0.516
47.52,-9.527,1.445,2.616,0.534
47.53,-9.592,1.51,2.322,0.551
47.54,-9.649,1.574,2.021,0.568
47.55,-9.697,1.636,1.712,0.585
47.56,-9.737,1.696,1.395,0.603
47.57,-9.766,1.754,1.069,0.621
47.58,-9.786,1.809,0.736,0.639
47.59,-9.794,1.862,0.393,0.659
47.6,-9.791,1.912,0.041,0.68
47.61,-9.775,1.958,-0.32,0.702
47.62,-9.746,2.002,-0.69,0.726
47.63,-9.701,2.042,-1.068,0.751
47.64,-9.641,2.078,-1.453,0.778
47.65,-9.565,2.11,-1.842,0.805
47.66,-9.472,2.139,-2.235,0.834
47.67,-9.362,2.165,-2.629,0.863
47.68,-9.234,2.186,-3.023,0.892
47.69,-9.089,2.204,-3.415,0.923
47.7,-8.926,2.218,-3.806,0.953
47.71,-8.745,2.229,-4.193,0.984
47.72,-8.545,2.236,-4.574,1.016
47.73,-8.33,2.239,-4.949,1.047
47.74,-8.099,2.239,-5.312,1.077
47.75,-7.853,2.235,-5.665,1.105
47.76,-7.595,2.228,-6.004,1.132
47.77,-7.324,2.217,-6.331,1.156
47.78,-7.044,2.203,-6.643,1.18
47.79,-6.752,2.186,-6.94,1.2
47.8,-6.452,2.166,-7.224,1.219
47.81,-6.143,2.142,-7.493,1.235
47.82,-5.826,2.116,-7.746,1.25
47.83,-5.503,2.087,-7.984,1.263
47.84,-5.176,2.055,-8.207,1.273
47.85,-4.844,2.021,-8.413,1.282
47.86,-4.51,1.986,-8.605,1.288
47.87,-4.173,1.949,-8.781,1.293
47.88,-3.835,1.91,-8.941,1.295
47.89,-3.497,1.869,-9.088,1.296
47.9,-3.159,1.827,-9.219,1.295
47.91,-2.822,1.784,-9.337,1.291
47.92,-2.486,1.739,-9.441,1.287
47.93,-2.153,1.692,-9.531,1.28
47.94,-1.822,1.644,-9.61,1.273
47.95,-1.492,1.594,-9.676,1.264
47.96,-1.163,1.544,-9.73,1.255
47.97,-0.835,1.492,-9.773,1.246
47.98,-0.509,1.438,-9.805,1.236
47.99,-0.184,1.383,-9.825,1.226
48,0.138,1.328,-9.835,1.216
48.01,0.46,1.271,-9.834,1.206
48.02,0.78,1.213,-9.822,1.197
48.03,1.1,1.154,-9.8,1.187
48.04,1.417,1.095,-9.767,1.178
48.05,1.732,1.035,-9.723,1.17
48.06,2.045,0.976,-9.67,1.162
48.07,2.354,0.916,-9.606,1.155
48.08,2.661,0.856,-9.532,1.149
48.09,2.964,0.797,-9.448,1.142
48.1,3.263,0.737,-9.354,1.136
48.11,3.558,0.678,-9.251,1.131
48.12,3.85,0.619,-9.139,1.126
48.13,4.136,0.561,-9.017,1.122
48.14,4.419,0.503,-8.886,1.118
48.15,4.695,0.446,-8.746,1.115
48.16,4.967,0.39,-8.598,1.111
48.17,5.232,0.335,-8.442,1.108
48.18,5.492,0.281,-8.278,1.106
48.19,5.746,0.228,-8.106,1.105
48.2,5.993,0.177,-7.926,1.103
48.21,6.233,0.127,-7.74,1.102
48.22,6.466,0.078,-7.547,1.101
48.23,6.692,0.031,-7.347,1.101
48.24,6.912,-0.013,-7.142,1.102
48.25,7.123,-0.057,-6.93,1.102
48.26,7.328,-0.098,-6.712,1.102
48.27,7.526,-0.137,-6.489,1.102
48.28,7.717,-0.175,-6.26,1.101
48.29,7.9,-0.21,-6.026,1.102
48.3,8.076,-0.244,-5.788,1.103
48.31,8.243,-0.276,-5.544,1.103
48.32,8.404,-0.306,-5.296,1.103
48.33,8.557,-0.333,-5.044,1.102
48.34,8.702,-0.358,-4.788,1.101
48.35,8.839,-0.381,-4.528,1.1
48.36,8.969,-0.402,-4.264,1.098
48.37,9.092,-0.42,-3.994,1.096
48.38,9.209,-0.434,-3.715,1.092
48.39,9.318,-0.446,-3.431,1.089
48.4,9.42,-0.455,-3.14,1.085
48.41,9.515,-0.462,-2.842,1.08
48.42,9.6,-0.467,-2.539,1.075
48.43,9.678,-0.47,-2.229,1.07
48.44,9.746,-0.471,-1.912,1.063
48.45,9.804,-0.469,-1.589,1.057
48.46,9.853,-0.465,-1.262,1.05
48.47,9.891,-0.46,-0.93,1.043
48.48,9.917,-0.452,-0.594,1.037
48.49,9.933,-0.441,-0.255,1.03
48.5,9.937,-0.428,0.086,1.024
48.51,9.93,-0.413,0.43,1.017
48.52,9.91,-0.396,0.778,1.011
48.53,9.877,-0.377,1.131,1.005
48.54,9.831,-0.356,1.488,0.998
48.55,9.771,-0.333,1.849,0.991
48.56,9.696,-0.309,2.213,0.985
48.57,9.607,-0.284,2.579,0.977
48.58,9.503,-0.258,2.946,0.969
48.59,9.383,-0.231,3.312,0.962
48.6,9.248,-0.203,3.676,0.953
48.61,9.098,-0.175,4.036,0.944
48.62,8.933,-0.145,4.392,0.935
48.63,8.755,-0.113,4.741,0.926
48.64,8.563,-0.08,5.081,0.916
48.65,8.358,-0.046,5.413,0.906
48.66,8.141,-0.01,5.736,0.896
48.67,7.914,0.026,6.047,0.887
48.68,7.676,0.064,6.347,0.877
48.69,7.431,0.105,6.634,0.867
48.7,7.178,0.147,6.907,0.857
48.71,6.923,0.192,7.162,0.847
48.72,6.664,0.238,7.404,0.837
48.73,6.402,0.285,7.631,0.827
48.74,6.136,0.333,7.846,0.816
48.75,5.867,0.382,8.048,0.804
48.76,5.595,0.432,8.238,0.791
48.77,5.323,0.483,8.415,0.775
48.78,5.051,0.534,8.58,0.759
48.79,4.779,0.586,8.732,0.74
48.8,4.509,0.638,8.873,0.719
48.81,4.239,0.692,9.003,0.695
48.82,3.971,0.748,9.122,0.67
48.83,3.705,0.803,9.23,0.643
48.84,3.442,0.859,9.328,0.614
48.85,3.182,0.917,9.417,0.583
48.86,2.926,0.974,9.496,0.549
48.87,2.673,1.032,9.566,0.513
48.88,2.422,1.089,9.629,0.474
48.89,2.175,1.147,9.682,0.433
48.9,1.933,1.205,9.729,0.389
48.91,1.696,1.263,9.767,0.341
48.92,1.465,1.321,9.799,0.291
48.93,1.239,1.377,9.823,0.237
48.94,1.019,1.435,9.842,0.181
48.95,0.803,1.49,9.854,0.122
48.96,0.589,1.544,9.862,0.06
48.97,0.377,1.598,9.864,-0.003
48.98,0.167,1.651,9.861,-0.069
48.99,-0.04,1.702,9.852,-0.137
49,-0.247,1.751,9.84,-0.208
49.01,-0.454,1.799,9.822,-0.28
49.02,-0.66,1.845,9.799,-0.355
49.03,-0.869,1.887,9.772,-0.433
49.04,-1.08,1.928,9.739,-0.512
49.05,-1.294,1.967,9.7,-0.591
49.06,-1.514,2.004,9.656,-0.671
49.07,-1.741,2.039,9.604,-0.749
49.08,-1.976,2.073,9.545,-0.826
49.09,-2.22,2.106,9.477,-0.901
49.1,-2.475,2.139,9.399,-0.973
49.11,-2.739,2.171,9.31,-1.042
49.12,-3.014,2.203,9.21,-1.108
49.13,-3.298,2.236,9.096,-1.169
49.14,-3.59,2.269,8.969,-1.227
49.15,-3.891,2.303,8.826,-1.279
49.16,-4.2,2.338,8.667,-1.328
49.17,-4.514,2.373,8.491,-1.371
49.18,-4.83,2.41,8.298,-1.411
49.19,-5.149,2.447,8.087,-1.445
49.2,-5.47,2.485,7.856,-1.474
49.21,-5.789,2.521,7.607,-1.499
49.22,-6.105,2.56,7.339,-1.519
49.23,-6.415,2.597,7.052,-1.535
49.24,-6.718,2.633,6.747,-1.547
49.25,-7.011,2.667,6.426,-1.554
49.26,-7.293,2.701,6.089,-1.556
49.27,-7.562,2.733,5.737,-1.556
49.28,-7.817,2.763,5.37,-1.553
49.29,-8.056,2.79,4.99,-1.546
49.3,-8.279,2.817,4.599,-1.535
49.31,-8.484,2.84,4.198,-1.52
49.32,-8.67,2.862,3.789,-1.504
49.33,-8.837,2.879,3.374,-1.487
49.34,-8.984,2.891,2.959,-1.466
49.35,-9.111,2.901,2.544,-1.446
49.36,-9.215,2.907,2.14,-1.428
49.37,-9.301,2.908,1.742,-1.411
49.38,-9.368,2.906,1.351,-1.395
49.39,-9.42,2.901,0.965,-1.378
49.4,-9.457,2.893,0.582,-1.36
49.41,-9.479,2.879,0.205,-1.342
49.42,-9.488,2.862,-0.168,-1.324
49.43,-9.482,2.843,-0.535,-1.304
49.44,-9.465,2.82,-0.896,-1.284
49.45,-9.435,2.794,-1.25,-1.263
49.46,-9.395,2.764,-1.596,-1.241
49.47,-9.343,2.731,-1.935,-1.22
49.48,-9.282,2.695,-2.264,-1.198
49.49,-9.212,2.656,-2.585,-1.176
49.5,-9.134,2.614,-2.898,-1.152
49.51,-9.047,2.57,-3.203,-1.129
49.52,-8.953,2.523,-3.499,-1.105
49.53,-8.853,2.472,-3.786,-1.079
49.54,-8.747,2.42,-4.063,-1.053
49.55,-8.635,2.365,-4.332,-1.027
49.56,-8.518,2.308,-4.594,-1.001
49.57,-8.395,2.25,-4.847,-0.972
49.58,-8.267,2.189,-5.095,-0.942
49.59,-8.134,2.128,-5.335,-0.912
49.6,-7.996,2.065,-5.569,-0.881
49.61,-7.851,2.003,-5.797,-0.847
49.62,-7.701,1.939,-6.022,-0.813
49.63,-7.544,1.875,-6.241,-0.776
49.64,-7.381,1.811,-6.456,-0.738
49.65,-7.211,1.747,-6.667,-0.697
49.66,-7.033,1.684,-6.874,-0.657
49.67,-6.847,1.621,-7.078,-0.613
49.68,-6.652,1.558,-7.279,-0.57
49.69,-6.443,1.498,-7.48,-0.524
49.7,-6.223,1.439,-7.679,-0.477
49.71,-5.993,1.381,-7.873,-0.43
49.72,-5.753,1.323,-8.062,-0.382
49.73,-5.504,1.267,-8.245,-0.335
49.74,-5.245,1.21,-8.422,-0.288
49.75,-4.977,1.155,-8.592,-0.241
49.76,-4.7,1.1,-8.755,-0.195
49.77,-4.414,1.046,-8.91,-0.15
49.78,-4.119,0.993,-9.056,-0.104
49.79,-3.817,0.942,-9.194,-0.059
49.8,-3.506,0.891,-9.322,-0.015
49.81,-3.188,0.842,-9.44,0.029
49.82,-2.863,0.793,-9.548,0.072
49.83,-2.531,0.746,-9.644,0.115
49.84,-2.193,0.7,-9.73,0.157
49.85,-1.849,0.655,-9.803,0.199
49.86,-1.499,0.61,-9.865,0.24
49.87,-1.145,0.567,-9.914,0.279
49.88,-0.788,0.524,-9.949,0.318
49.89,-0.428,0.482,-9.972,0.355
49.9,-0.067,0.441,-9.982,0.392
49.91,0.293,0.4,-9.978,0.427
49.92,0.654,0.361,-9.961,0.461
49.93,1.015,0.323,-9.93,0.495
49.94,1.374,0.286,-9.886,0.527
49.95,1.733,0.25,-9.829,0.559
49.96,2.09,0.216,-9.758,0.59
49.97,2.446,0.183,-9.674,0.62
49.98,2.799,0.151,-9.576,0.65
49.99,3.149,0.121,-9.465,0.679
50,3.496,0.092,-9.341,0.707
50.01,3.838,0.064,-9.204,0.734
50.02,4.177,0.038,-9.053,0.761
50.03,4.51,0.014,-8.89,0.787
50.04,4.838,-0.008,-8.713,0.813
50.05,5.161,-0.031,-8.524,0.838
50.06,5.477,-0.052,-8.321,0.863
50.07,5.786,-0.072,-8.107,0.886
50.08,6.089,-0.091,-7.879,0.908
50.09,6.383,-0.109,-7.64,0.929
50.1,6.669,-0.127,-7.389,0.949
50.11,6.945,-0.144,-7.127,0.968
50.12,7.212,-0.16,-6.854,0.986
50.13,7.469,-0.175,-6.57,1.001
50.14,7.716,-0.189,-6.275,1.016
50.15,7.952,-0.203,-5.971,1.029
50.16,8.176,-0.216,-5.658,1.04
50.17,8.387,-0.228,-5.337,1.05
50.18,8.587,-0.24,-5.007,1.059
50.19,8.773,-0.251,-4.67,1.066
50.2,8.947,-0.261,-4.328,1.072
50.21,9.106,-0.269,-3.98,1.076
50.22,9.251,-0.276,-3.627,1.079
50.23,9.382,-0.282,-3.272,1.081
50.24,9.5,-0.285,-2.914,1.082
50.25,9.603,-0.287,-2.555,1.081
50.26,9.692,-0.286,-2.193,1.079
50.27,9.767,-0.284,-1.83,1.075
50.28,9.829,-0.281,-1.464,1.07
50.29,9.878,-0.275,-1.097,1.064
50.3,9.913,-0.269,-0.728,1.056
50.31,9.935,-0.261,-0.356,1.046
50.32,9.943,-0.253,0.016,1.035
50.33,9.936,-0.243,0.39,1.022
50.34,9.916,-0.232,0.765,1.007
50.35,9.882,-0.219,1.141,0.99
50.36,9.834,-0.206,1.516,0.973
50.37,9.771,-0.19,1.889,0.953
50.38,9.695,-0.173,2.258,0.932
50.39,9.605,-0.154,2.624,0.91
50.4,9.502,-0.134,2.984,0.886
50.41,9.386,-0.111,3.338,0.861
50.42,9.258,-0.087,3.685,0.835
50.43,9.118,-0.061,4.024,0.808
50.44,8.967,-0.033,4.355,0.779
50.45,8.806,-0.003,4.678,0.75
50.46,8.635,0.027,4.991,0.719
50.47,8.454,0.06,5.296,0.687
50.48,8.264,0.095,5.59,0.653
50.49,8.067,0.131,5.875,0.618
50.5,7.86,0.169,6.151,0.581
50.51,7.646,0.207,6.417,0.544
50.52,7.424,0.246,6.675,0.506
50.53,7.193,0.285,6.924,0.467
50.54,6.954,0.325,7.165,0.427
50.55,6.706,0.365,7.398,0.386
50.56,6.45,0.404,7.622,0.345
50.57,6.185,0.444,7.838,0.303
50.58,5.912,0.483,8.045,0.261
50.59,5.632,0.522,8.243,0.218
50.6,5.345,0.561,8.431,0.175
50.61,5.051,0.6,8.608,0.131
50.62,4.751,0.638,8.775,0.087
50.63,4.447,0.677,8.93,0.043
50.64,4.139,0.716,9.074,-0.001
50.65,3.829,0.755,9.206,-0.046
50.66,3.516,0.794,9.327,-0.091
50.67,3.203,0.832,9.435,-0.137
50.68,2.892,0.87,9.531,-0.184
50.69,2.58,0.907,9.615,-0.231
50.7,2.266,0.942,9.69,-0.278
50.71,1.95,0.977,9.753,-0.324
50.72,1.631,1.01,9.807,-0.37
50.73,1.309,1.042,9.85,-0.414
50.74,0.983,1.072,9.882,-0.458
50.75,0.654,1.101,9.904,-0.5
50.76,0.322,1.129,9.916,-0.541
50.77,-0.01,1.155,9.916,-0.58
50.78,-0.346,1.181,9.904,-0.618
50.79,-0.683,1.204,9.882,-0.653
50.8,-1.02,1.227,9.847,-0.687
50.81,-1.359,1.25,9.801,-0.719
50.82,-1.698,1.271,9.743,-0.749
50.83,-2.038,1.292,9.673,-0.776
50.84,-2.38,1.312,9.59,-0.801
50.85,-2.721,1.33,9.494,-0.823
50.86,-3.063,1.35,9.385,-0.842
50.87,-3.405,1.368,9.262,-0.858
50.88,-3.745,1.385,9.126,-0.871
50.89,-4.084,1.403,8.975,-0.881
50.9,-4.422,1.421,8.81,-0.888
50.91,-4.756,1.438,8.631,-0.892
50.92,-5.088,1.455,8.437,-0.892
50.93,-5.414,1.472,8.229,-0.89
50.94,-5.734,1.488,8.007,-0.885
50.95,-6.047,1.504,7.771,-0.877
50.96,-6.352,1.52,7.522,-0.867
50.97,-6.648,1.534,7.26,-0.854
50.98,-6.935,1.549,6.985,-0.838
50.99,-7.21,1.562,6.699,-0.82
51,-7.476,1.575,6.401,-0.8
51.01,-7.729,1.59,6.092,-0.777
51.02,-7.971,1.604,5.772,-0.752
51.03,-8.199,1.619,5.442,-0.725
51.04,-8.414,1.632,5.103,-0.696
51.05,-8.615,1.646,4.756,-0.665
51.06,-8.801,1.658,4.402,-0.632
51.07,-8.972,1.669,4.042,-0.597
51.08,-9.128,1.68,3.678,-0.561
51.09,-9.269,1.688,3.309,-0.522
51.1,-9.394,1.697,2.937,-0.482
51.11,-9.504,1.704,2.56,-0.44
51.12,-9.599,1.71,2.181,-0.396
51.13,-9.679,1.716,1.8,-0.351
51.14,-9.743,1.721,1.417,-0.305
51.15,-9.792,1.725,1.032,-0.256
51.16,-9.826,1.728,0.647,-0.206
51.17,-9.844,1.73,0.261,-0.154
51.18,-9.847,1.731,-0.122,-0.101
51.19,-9.835,1.73,-0.506,-0.046
51.2,-9.809,1.729,-0.889,0.01
51.21,-9.767,1.726,-1.269,0.068
51.22,-9.711,1.722,-1.646,0.127
51.23,-9.64,1.716,-2.02,0.188
51.24,-9.555,1.71,-2.39,0.25
51.25,-9.455,1.702,-2.755,0.313
51.26,-9.342,1.693,-3.115,0.377
51.27,-9.216,1.683,-3.469,0.44
51.28,-9.076,1.671,-3.816,0.503
51.29,-8.924,1.659,-4.155,0.57
51.3,-8.761,1.645,-4.486,0.637
51.31,-8.586,1.63,-4.808,0.704
51.32,-8.4,1.614,-5.121,0.77
51.33,-8.204,1.596,-5.424,0.837
51.34,-8,1.578,-5.716,0.906
51.35,-7.787,1.559,-5.998,0.973
51.36,-7.564,1.54,-6.27,1.041
51.37,-7.334,1.519,-6.532,1.108
51.38,-7.095,1.497,-6.784,1.175
51.39,-6.849,1.474,-7.026,1.242
51.4,-6.596,1.45,-7.257,1.308
51.41,-6.336,1.424,-7.478,1.375
51.42,-6.07,1.398,-7.688,1.441
51.43,-5.798,1.373,-7.888,1.506
51.44,-5.521,1.347,-8.076,1.569
51.45,-5.239,1.321,-8.254,1.631
51.46,-4.951,1.294,-8.422,1.693
51.47,-4.657,1.267,-8.58,1.754
51.48,-4.358,1.241,-8.728,1.812
51.49,-4.052,1.214,-8.866,1.868
51.5,-3.741,1.186,-8.993,1.924
51.51,-3.423,1.157,-9.111,1.979
51.52,-3.1,1.128,-9.219,2.029
51.53,-2.771,1.098,-9.316,2.077
51.54,-2.436,1.067,-9.402,2.126
51.55,-2.094,1.034,-9.477,2.172
51.56,-1.746,1,-9.542,2.212
51.57,-1.393,0.966,-9.594,2.25
51.58,-1.036,0.93,-9.634,2.287
51.59,-0.672,0.892,-9.662,2.32
51.6,-0.304,0.853,-9.677,2.348
51.61,0.065,0.814,-9.679,2.373
51.62,0.436,0.774,-9.667,2.395
51.63,0.811,0.733,-9.642,2.413
51.64,1.187,0.691,-9.603,2.426
51.65,1.562,0.649,-9.55,2.435
51.66,1.937,0.606,-9.482,2.441
51.67,2.313,0.563,-9.4,2.442
51.68,2.685,0.519,-9.304,2.439
51.69,3.054,0.476,-9.193,2.432
51.7,3.418,0.434,-9.069,2.422
51.71,3.778,0.391,-8.931,2.408
51.72,4.132,0.348,-8.78,2.388
51.73,4.477,0.307,-8.617,2.366
51.74,4.815,0.267,-8.441,2.34
51.75,5.146,0.227,-8.253,2.31
51.76,5.464,0.189,-8.057,2.276
51.77,5.77,0.154,-7.852,2.239
51.78,6.065,0.123,-7.638,2.2
51.79,6.35,0.092,-7.416,2.157
51.8,6.621,0.065,-7.189,2.111
51.81,6.879,0.04,-6.957,2.063
51.82,7.126,0.018,-6.721,2.011
51.83,7.36,0,-6.479,1.958
51.84,7.583,-0.016,-6.234,1.903
51.85,7.793,-0.032,-5.987,1.845
51.86,7.993,-0.044,-5.737,1.785
51.87,8.183,-0.055,-5.482,1.724
51.88,8.362,-0.064,-5.225,1.661
51.89,8.531,-0.073,-4.966,1.596
51.9,8.69,-0.08,-4.703,1.529
51.91,8.841,-0.086,-4.437,1.461
51.92,8.982,-0.092,-4.166,1.392
51.93,9.115,-0.098,-3.892,1.322
51.94,9.239,-0.105,-3.613,1.251
51.95,9.355,-0.111,-3.327,1.179
51.96,9.462,-0.117,-3.035,1.107
51.97,9.561,-0.123,-2.737,1.035
51.98,9.65,-0.13,-2.433,0.963
51.99,9.73,-0.136,-2.124,0.891
52,9.8,-0.141,-1.805,0.82
52.01,9.859,-0.147,-1.483,0.75
52.02,9.908,-0.153,-1.157,0.68
52.03,9.945,-0.158,-0.827,0.611
52.04,9.971,-0.163,-0.492,0.542
52.05,9.986,-0.168,-0.154,0.474
52.06,9.988,-0.174,0.186,0.407
52.07,9.978,-0.18,0.529,0.34
52.08,9.956,-0.184,0.875,0.274
52.09,9.92,-0.189,1.222,0.21
52.1,9.872,-0.195,1.569,0.146
52.11,9.812,-0.2,1.916,0.084
52.12,9.738,-0.204,2.261,0.022
52.13,9.652,-0.209,2.603,-0.037
52.14,9.554,-0.215,2.942,-0.096
52.15,9.443,-0.221,3.277,-0.155
52.16,9.32,-0.227,3.61,-0.212
52.17,9.184,-0.234,3.939,-0.267
52.18,9.035,-0.242,4.265,-0.321
52.19,8.873,-0.249,4.588,-0.374
52.2,8.698,-0.256,4.907,-0.425
52.21,8.51,-0.264,5.222,-0.473
52.22,8.309,-0.272,5.532,-0.52
52.23,8.095,-0.279,5.835,-0.566
52.24,7.87,-0.285,6.131,-0.61
52.25,7.634,-0.293,6.418,-0.652
52.26,7.389,-0.301,6.695,-0.692
52.27,7.135,-0.309,6.961,-0.731
52.28,6.872,-0.317,7.216,-0.77
52.29,6.602,-0.327,7.459,-0.805
52.3,6.327,-0.338,7.69,-0.839
52.31,6.045,-0.348,7.91,-0.872
52.32,5.755,-0.359,8.119,-0.905
52.33,5.46,-0.372,8.316,-0.933
52.34,5.158,-0.384,8.503,-0.959
52.35,4.849,-0.396,8.68,-0.986
52.36,4.53,-0.407,8.847,-1.01
52.37,4.206,-0.418,9.003,-1.032
52.38,3.874,-0.431,9.148,-1.05
52.39,3.537,-0.441,9.281,-1.068
52.4,3.193,-0.45,9.402,-1.087
52.41,2.845,-0.458,9.512,-1.102
52.42,2.494,-0.465,9.608,-1.115
52.43,2.14,-0.474,9.691,-1.126
52.44,1.785,-0.48,9.761,-1.137
52.45,1.428,-0.484,9.818,-1.148
52.46,1.072,-0.486,9.862,-1.157
52.47,0.716,-0.487,9.894,-1.164
52.48,0.361,-0.488,9.912,-1.17
52.49,0.006,-0.486,9.918,-1.174
52.5,-0.347,-0.481,9.912,-1.177
52.51,-0.699,-0.475,9.894,-1.178
52.52,-1.053,-0.466,9.863,-1.179
52.53,-1.407,-0.455,9.819,-1.178
52.54,-1.761,-0.442,9.763,-1.175
52.55,-2.114,-0.426,9.693,-1.171
52.56,-2.466,-0.408,9.611,-1.166
52.57,-2.815,-0.387,9.517,-1.159
52.58,-3.161,-0.363,9.41,-1.151
52.59,-3.503,-0.337,9.29,-1.141
52.6,-3.842,-0.308,9.157,-1.13
52.61,-4.176,-0.277,9.012,-1.117
52.62,-4.507,-0.243,8.854,-1.102
52.63,-4.832,-0.207,8.684,-1.087
52.64,-5.152,-0.168,8.501,-1.069
52.65,-5.466,-0.125,8.306,-1.048
52.66,-5.772,-0.081,8.1,-1.026
52.67,-6.071,-0.034,7.882,-1.001
52.68,-6.36,0.014,7.654,-0.973
52.69,-6.64,0.063,7.416,-0.943
52.7,-6.912,0.113,7.167,-0.912
52.71,-7.173,0.165,6.909,-0.878
52.72,-7.424,0.218,6.642,-0.841
52.73,-7.664,0.271,6.366,-0.802
52.74,-7.894,0.324,6.081,-0.762
52.75,-8.113,0.378,5.788,-0.719
52.76,-8.321,0.433,5.487,-0.674
52.77,-8.517,0.487,5.178,-0.626
52.78,-8.703,0.541,4.86,-0.577
52.79,-8.876,0.596,4.536,-0.526
52.8,-9.037,0.65,4.203,-0.473
52.81,-9.187,0.703,3.863,-0.417
52.82,-9.323,0.755,3.516,-0.36
52.83,-9.447,0.807,3.164,-0.301
52.84,-9.556,0.858,2.806,-0.24
52.85,-9.652,0.908,2.444,-0.177
52.86,-9.733,0.957,2.079,-0.113
52.87,-9.8,1.005,1.712,-0.048
52.88,-9.853,1.051,1.343,0.019
52.89,-9.891,1.097,0.973,0.087
52.9,-9.915,1.141,0.602,0.157
52.91,-9.924,1.185,0.231,0.227
52.92,-9.918,1.226,-0.14,0.299
52.93,-9.899,1.266,-0.514,0.371
52.94,-9.864,1.304,-0.888,0.444
52.95,-9.815,1.341,-1.262,0.516
52.96,-9.75,1.375,-1.637,0.59
52.97,-9.671,1.408,-2.009,0.662
52.98,-9.576,1.439,-2.381,0.734
52.99,-9.467,1.467,-2.751,0.805
53,-9.341,1.492,-3.119,0.876
53.01,-9.201,1.515,-3.485,0.944
53.02,-9.044,1.536,-3.848,1.012
53.03,-8.872,1.553,-4.207,1.078
53.04,-8.684,1.567,-4.561,1.143
53.05,-8.483,1.579,-4.907,1.206
53.06,-8.267,1.589,-5.245,1.266
53.07,-8.037,1.597,-5.575,1.325
53.08,-7.795,1.601,-5.894,1.381
53.09,-7.541,1.603,-6.204,1.435
53.1,-7.275,1.604,-6.502,1.487
53.11,-6.998,1.602,-6.788,1.536
53.12,-6.712,1.597,-7.062,1.582
53.13,-6.417,1.59,-7.324,1.626
53.14,-6.113,1.582,-7.572,1.666
53.15,-5.802,1.573,-7.807,1.703
53.16,-5.484,1.56,-8.029,1.736
53.17,-5.16,1.547,-8.237,1.766
53.18,-4.832,1.531,-8.431,1.792
53.19,-4.499,1.514,-8.612,1.814
53.2,-4.163,1.496,-8.778,1.832
53.21,-3.824,1.475,-8.931,1.847
53.22,-3.483,1.455,-9.071,1.858
53.23,-3.14,1.433,-9.197,1.866
53.24,-2.797,1.411,-9.31,1.87
53.25,-2.454,1.388,-9.409,1.871
53.26,-2.112,1.365,-9.496,1.868
53.27,-1.773,1.343,-9.57,1.861
53.28,-1.439,1.321,-9.63,1.851
53.29,-1.111,1.3,-9.679,1.836
53.3,-0.788,1.28,-9.717,1.818
53.31,-0.483,1.264,-9.744,1.793
53.32,-0.186,1.249,-9.761,1.765
53.33,0.102,1.235,-9.77,1.733
53.34,0.382,1.223,-9.771,1.697
53.35,0.655,1.211,-9.764,1.657
53.36,0.921,1.2,-9.752,1.614
53.37,1.179,1.189,-9.733,1.567
53.38,1.429,1.178,-9.708,1.518
53.39,1.674,1.168,-9.678,1.465
53.4,1.913,1.157,-9.644,1.41
53.41,2.149,1.145,-9.604,1.352
53.42,2.381,1.131,-9.559,1.292
53.43,2.611,1.117,-9.508,1.23
53.44,2.84,1.101,-9.452,1.167
53.45,3.068,1.084,-9.391,1.101
53.46,3.295,1.065,-9.323,1.034
53.47,3.522,1.045,-9.249,0.967
53.48,3.748,1.023,-9.169,0.899
53.49,3.975,1,-9.083,0.829
53.5,4.203,0.975,-8.988,0.759
53.51,4.433,0.949,-8.886,0.688
53.52,4.665,0.921,-8.774,0.617
53.53,4.901,0.891,-8.653,0.547
53.54,5.139,0.858,-8.521,0.476
53.55,5.376,0.825,-8.381,0.405
53.56,5.611,0.791,-8.232,0.334
53.57,5.846,0.755,-8.072,0.265
53.58,6.08,0.718,-7.903,0.197
53.59,6.313,0.681,-7.724,0.129
53.6,6.542,0.642,-7.535,0.06
53.61,6.768,0.603,-7.336,-0.005
53.62,6.99,0.565,-7.127,-0.069
53.63,7.208,0.526,-6.909,-0.134
53.64,7.424,0.486,-6.678,-0.195
53.65,7.634,0.446,-6.437,-0.255
53.66,7.838,0.407,-6.187,-0.314
53.67,8.037,0.366,-5.926,-0.371
53.68,8.229,0.327,-5.655,-0.427
53.69,8.415,0.287,-5.373,-0.48
53.7,8.592,0.249,-5.082,-0.533
53.71,8.761,0.211,-4.781,-0.584
53.72,8.921,0.173,-4.469,-0.632
53.73,9.07,0.137,-4.152,-0.679
53.74,9.209,0.1,-3.827,-0.725
53.75,9.336,0.064,-3.497,-0.768
53.76,9.452,0.029,-3.162,-0.81
53.77,9.555,-0.005,-2.822,-0.849
53.78,9.646,-0.04,-2.48,-0.886
53.79,9.725,-0.074,-2.135,-0.921
53.8,9.792,-0.108,-1.786,-0.953
53.81,9.846,-0.142,-1.437,-0.984
53.82,9.887,-0.175,-1.084,-1.012
53.83,9.916,-0.208,-0.732,-1.038
53.84,9.933,-0.241,-0.38,-1.062
53.85,9.937,-0.274,-0.031,-1.084
53.86,9.929,-0.307,0.316,-1.103
53.87,9.909,-0.34,0.66,-1.121
53.88,9.877,-0.373,1,-1.137
53.89,9.834,-0.406,1.335,-1.15
53.9,9.781,-0.44,1.665,-1.162
53.91,9.718,-0.474,1.99,-1.171
53.92,9.644,-0.509,2.308,-1.179
53.93,9.561,-0.543,2.621,-1.184
53.94,9.47,-0.578,2.928,-1.187
53.95,9.369,-0.613,3.228,-1.187
53.96,9.261,-0.649,3.521,-1.187
53.97,9.145,-0.686,3.805,-1.182
53.98,9.022,-0.722,4.084,-1.176
53.99,8.891,-0.759,4.358,-1.167
54,8.753,-0.795,4.627,-1.157
54.01,8.606,-0.831,4.89,-1.145
54.02,8.451,-0.866,5.151,-1.132
54.03,8.288,-0.9,5.406,-1.118
54.04,8.117,-0.933,5.658,-1.102
54.05,7.937,-0.965,5.905,-1.086
54.06,7.749,-0.997,6.148,-1.069
54.07,7.553,-1.028,6.386,-1.051
54.08,7.348,-1.057,6.618,-1.033
54.09,7.135,-1.085,6.846,-1.014
54.1,6.914,-1.111,7.068,-0.995
54.11,6.685,-1.137,7.284,-0.976
54.12,6.447,-1.161,7.494,-0.956
54.13,6.201,-1.184,7.697,-0.935
54.14,5.947,-1.204,7.895,-0.915
54.15,5.685,-1.223,8.085,-0.894
54.16,5.416,-1.241,8.268,-0.873
54.17,5.138,-1.256,8.443,-0.852
54.18,4.852,-1.269,8.611,-0.83
54.19,4.559,-1.281,8.77,-0.808
54.2,4.258,-1.29,8.92,-0.787
54.21,3.95,-1.296,9.062,-0.765
54.22,3.632,-1.3,9.195,-0.744
54.23,3.306,-1.301,9.319,-0.724
54.24,2.973,-1.3,9.432,-0.703
54.25,2.632,-1.296,9.535,-0.682
54.26,2.285,-1.289,9.626,-0.663
54.27,1.932,-1.279,9.706,-0.644
54.28,1.574,-1.267,9.773,-0.625
54.29,1.211,-1.252,9.828,-0.606
54.3,0.84,-1.234,9.87,-0.589
54.31,0.465,-1.213,9.898,-0.573
54.32,0.088,-1.19,9.912,-0.556
54.33,-0.291,-1.164,9.912,-0.54
54.34,-0.673,-1.136,9.898,-0.524
54.35,-1.058,-1.104,9.869,-0.508
54.36,-1.443,-1.07,9.824,-0.493
54.37,-1.828,-1.034,9.765,-0.477
54.38,-2.213,-0.996,9.689,-0.462
54.39,-2.596,-0.955,9.599,-0.446
54.4,-2.976,-0.913,9.493,-0.431
54.41,-3.352,-0.867,9.371,-0.415
54.42,-3.724,-0.82,9.235,-0.4
54.43,-4.09,-0.772,9.084,-0.383
54.44,-4.452,-0.721,8.917,-0.367
54.45,-4.809,-0.669,8.734,-0.352
54.46,-5.16,-0.615,8.536,-0.336
54.47,-5.506,-0.56,8.322,-0.32
54.48,-5.844,-0.504,8.092,-0.305
54.49,-6.174,-0.447,7.848,-0.289
54.5,-6.494,-0.388,7.588,-0.273
54.51,-6.805,-0.33,7.315,-0.257
54.52,-7.105,-0.271,7.026,-0.24
54.53,-7.394,-0.213,6.724,-0.223
54.54,-7.671,-0.155,6.409,-0.205
54.55,-7.935,-0.097,6.081,-0.187
54.56,-8.183,-0.041,5.743,-0.168
54.57,-8.417,0.015,5.396,-0.149
54.58,-8.633,0.071,5.043,-0.129
54.59,-8.833,0.126,4.683,-0.109
54.6,-9.015,0.181,4.321,-0.088
54.61,-9.18,0.235,3.957,-0.068
54.62,-9.327,0.289,3.592,-0.048
54.63,-9.456,0.343,3.233,-0.029
54.64,-9.569,0.396,2.874,-0.01
54.65,-9.667,0.449,2.517,0.007
54.66,-9.75,0.501,2.161,0.025
54.67,-9.819,0.553,1.807,0.042
54.68,-9.874,0.604,1.457,0.058
54.69,-9.916,0.654,1.11,0.073
54.7,-9.945,0.704,0.767,0.087
54.71,-9.961,0.753,0.427,0.099
54.72,-9.966,0.802,0.09,0.111
54.73,-9.96,0.849,-0.243,0.121
54.74,-9.942,0.896,-0.575,0.13
54.75,-9.913,0.941,-0.905,0.139
54.76,-9.873,0.986,-1.234,0.147
54.77,-9.822,1.03,-1.561,0.153
54.78,-9.76,1.072,-1.888,0.16
54.79,-9.686,1.113,-2.213,0.165
54.8,-9.602,1.153,-2.536,0.169
54.81,-9.507,1.192,-2.856,0.173
54.82,-9.401,1.23,-3.172,0.175
54.83,-9.285,1.267,-3.484,0.177
54.84,-9.159,1.303,-3.791,0.177
54.85,-9.023,1.338,-4.093,0.176
54.86,-8.877,1.371,-4.39,0.174
54.87,-8.72,1.403,-4.684,0.172
54.88,-8.553,1.433,-4.975,0.169
54.89,-8.375,1.462,-5.262,0.165
54.9,-8.185,1.489,-5.545,0.161
54.91,-7.985,1.514,-5.823,0.157
54.92,-7.773,1.537,-6.098,0.153
54.93,-7.55,1.558,-6.367,0.148
54.94,-7.315,1.577,-6.63,0.143
54.95,-7.07,1.593,-6.888,0.137
54.96,-6.811,1.607,-7.141,0.133
54.97,-6.541,1.618,-7.387,0.128
54.98,-6.261,1.627,-7.624,0.123
54.99,-5.97,1.634,-7.853,0.118
55,-5.669,1.639,-8.072,0.114
55.01,-5.358,1.64,-8.281,0.11
55.02,-5.037,1.64,-8.48,0.105
55.03,-4.707,1.637,-8.668,0.101
55.04,-4.369,1.631,-8.845,0.096
55.05,-4.022,1.623,-9.009,0.092
55.06,-3.668,1.612,-9.161,0.087
55.07,-3.308,1.599,-9.299,0.082
55.08,-2.942,1.584,-9.424,0.076
55.09,-2.571,1.566,-9.535,0.069
55.1,-2.196,1.546,-9.632,0.062
55.11,-1.819,1.523,-9.714,0.055
55.12,-1.44,1.498,-9.781,0.046
55.13,-1.06,1.472,-9.834,0.036
55.14,-0.679,1.442,-9.871,0.025
55.15,-0.299,1.411,-9.895,0.014
55.16,0.079,1.378,-9.904,0.001
55.17,0.457,1.342,-9.898,-0.011
55.18,0.832,1.304,-9.879,-0.026
55.19,1.204,1.264,-9.846,-0.041
55.2,1.573,1.222,-9.799,-0.058
55.21,1.937,1.178,-9.739,-0.075
55.22,2.296,1.132,-9.665,-0.094
55.23,2.649,1.084,-9.58,-0.113
55.24,2.994,1.035,-9.483,-0.134
55.25,3.329,0.982,-9.376,-0.156
55.26,3.655,0.928,-9.259,-0.179
55.27,3.971,0.873,-9.133,-0.203
55.28,4.278,0.815,-8.998,-0.228
55.29,4.569,0.753,-8.859,-0.255
55.3,4.85,0.691,-8.712,-0.283
55.31,5.123,0.627,-8.559,-0.312
55.32,5.386,0.562,-8.399,-0.341
55.33,5.64,0.495,-8.233,-0.37
55.34,5.885,0.426,-8.063,-0.399
55.35,6.12,0.355,-7.888,-0.428
55.36,6.347,0.284,-7.708,-0.458
55.37,6.567,0.21,-7.522,-0.486
55.38,6.779,0.136,-7.331,-0.514
55.39,6.984,0.061,-7.135,-0.541
55.4,7.182,-0.015,-6.934,-0.567
55.41,7.375,-0.092,-6.726,-0.593
55.42,7.562,-0.17,-6.511,-0.617
55.43,7.745,-0.247,-6.287,-0.64
55.44,7.924,-0.325,-6.054,-0.662
55.45,8.099,-0.403,-5.811,-0.683
55.46,8.27,-0.479,-5.556,-0.703
55.47,8.437,-0.554,-5.29,-0.723
55.48,8.599,-0.628,-5.01,-0.742
55.49,8.755,-0.701,-4.718,-0.76
55.5,8.905,-0.772,-4.415,-0.78
55.51,9.047,-0.841,-4.098,-0.799
55.52,9.181,-0.907,-3.769,-0.818
55.53,9.305,-0.971,-3.428,-0.837
55.54,9.42,-1.033,-3.075,-0.857
55.55,9.522,-1.094,-2.712,-0.878
55.56,9.611,-1.152,-2.34,-0.898
55.57,9.687,-1.207,-1.96,-0.92
55.58,9.749,-1.26,-1.575,-0.94
55.59,9.795,-1.31,-1.185,-0.961
55.6,9.826,-1.358,-0.789,-0.981
55.61,9.842,-1.404,-0.389,-1.001
55.62,9.841,-1.445,0.016,-1.022
55.63,9.824,-1.484,0.425,-1.044
55.64,9.79,-1.52,0.836,-1.066
55.65,9.739,-1.552,1.247,-1.087
55.66,9.67,-1.582,1.655,-1.109
55.67,9.586,-1.608,2.06,-1.128
55.68,9.485,-1.632,2.457,-1.147
55.69,9.37,-1.654,2.846,-1.164
55.7,9.24,-1.674,3.226,-1.179
55.71,9.098,-1.691,3.596,-1.191
55.72,8.943,-1.706,3.955,-1.202
55.73,8.777,-1.718,4.305,-1.212
55.74,8.599,-1.729,4.644,-1.219
55.75,8.412,-1.738,4.971,-1.223
55.76,8.216,-1.744,5.286,-1.226
55.77,8.012,-1.749,5.588,-1.227
55.78,7.802,-1.751,5.878,-1.224
55.79,7.586,-1.753,6.154,-1.22
55.8,7.366,-1.752,6.418,-1.212
55.81,7.141,-1.75,6.669,-1.203
55.82,6.913,-1.745,6.909,-1.191
55.83,6.68,-1.739,7.138,-1.178
55.84,6.443,-1.73,7.357,-1.163
55.85,6.201,-1.72,7.567,-1.148
55.86,5.953,-1.707,7.768,-1.131
55.87,5.701,-1.692,7.961,-1.114
55.88,5.443,-1.674,8.146,-1.097
55.89,5.18,-1.654,8.322,-1.078
55.9,4.91,-1.632,8.49,-1.06
55.91,4.635,-1.606,8.651,-1.041
55.92,4.354,-1.579,8.803,-1.023
55.93,4.066,-1.549,8.947,-1.004
55.94,3.771,-1.518,9.082,-0.987
55.95,3.466,-1.484,9.21,-0.97
55.96,3.153,-1.447,9.329,-0.954
55.97,2.834,-1.409,9.438,-0.939
55.98,2.509,-1.368,9.538,-0.924
55.99,2.178,-1.325,9.626,-0.91
56,1.841,-1.281,9.703,-0.896
56.01,1.498,-1.234,9.769,-0.883
56.02,1.151,-1.186,9.823,-0.87
56.03,0.799,-1.136,9.865,-0.858
56.04,0.443,-1.084,9.894,-0.847
56.05,0.084,-1.031,9.911,-0.836
56.06,-0.278,-0.978,9.913,-0.826
56.07,-0.644,-0.922,9.902,-0.816
56.08,-1.011,-0.866,9.877,-0.807
56.09,-1.379,-0.809,9.838,-0.8
56.1,-1.749,-0.751,9.784,-0.793
56.11,-2.12,-0.692,9.716,-0.786
56.12,-2.492,-0.633,9.632,-0.779
56.13,-2.862,-0.572,9.532,-0.773
56.14,-3.232,-0.51,9.418,-0.769
56.15,-3.599,-0.449,9.287,-0.764
56.16,-3.963,-0.387,9.141,-0.759
56.17,-4.324,-0.324,8.979,-0.754
56.18,-4.679,-0.261,8.801,-0.75
56.19,-5.028,-0.198,8.609,-0.745
56.2,-5.371,-0.136,8.401,-0.741
56.21,-5.706,-0.074,8.178,-0.736
56.22,-6.032,-0.013,7.941,-0.732
56.23,-6.35,0.047,7.69,-0.726
56.24,-6.659,0.108,7.424,-0.721
56.25,-6.957,0.168,7.145,-0.716
56.26,-7.244,0.227,6.852,-0.711
56.27,-7.52,0.286,6.546,-0.707
56.28,-7.784,0.343,6.228,-0.703
56.29,-8.034,0.4,5.898,-0.699
56.3,-8.271,0.457,5.557,-0.695
56.31,-8.494,0.511,5.205,-0.691
56.32,-8.703,0.565,4.843,-0.687
56.33,-8.897,0.617,4.47,-0.682
56.34,-9.075,0.669,4.09,-0.676
56.35,-9.237,0.719,3.701,-0.671
56.36,-9.383,0.767,3.305,-0.666
56.37,-9.511,0.813,2.902,-0.66
56.38,-9.623,0.859,2.494,-0.653
56.39,-9.717,0.903,2.081,-0.646
56.4,-9.794,0.945,1.664,-0.639
56.41,-9.853,0.984,1.242,-0.632
56.42,-9.894,1.022,0.818,-0.625
56.43,-9.916,1.058,0.392,-0.617
56.44,-9.921,1.092,-0.036,-0.609
56.45,-9.907,1.124,-0.465,-0.6
56.46,-9.874,1.154,-0.896,-0.59
56.47,-9.823,1.181,-1.327,-0.579
56.48,-9.753,1.208,-1.758,-0.567
56.49,-9.663,1.231,-2.187,-0.554
56.5,-9.554,1.253,-2.615,-0.541
56.51,-9.426,1.271,-3.039,-0.527
56.52,-9.279,1.288,-3.46,-0.512
56.53,-9.112,1.302,-3.874,-0.495
56.54,-8.927,1.313,-4.284,-0.477
56.55,-8.721,1.321,-4.687,-0.459
56.56,-8.497,1.327,-5.083,-0.439
56.57,-8.254,1.33,-5.47,-0.419
56.58,-7.992,1.33,-5.847,-0.398
56.59,-7.711,1.327,-6.214,-0.376
56.6,-7.412,1.322,-6.571,-0.355
56.61,-7.095,1.312,-6.914,-0.333
56.62,-6.761,1.3,-7.244,-0.31
56.63,-6.412,1.285,-7.559,-0.288
56.64,-6.047,1.267,-7.858,-0.265
56.65,-5.668,1.245,-8.139,-0.243
56.66,-5.277,1.22,-8.403,-0.221
56.67,-4.875,1.192,-8.646,-0.198
56.68,-4.466,1.161,-8.869,-0.178
56.69,-4.049,1.126,-9.072,-0.157
56.7,-3.626,1.089,-9.254,-0.138
56.71,-3.198,1.048,-9.415,-0.119
56.72,-2.767,1.005,-9.556,-0.102
56.73,-2.333,0.959,-9.676,-0.086
56.74,-1.898,0.91,-9.775,-0.071
56.75,-1.464,0.859,-9.854,-0.057
56.76,-1.033,0.806,-9.913,-0.045
56.77,-0.61,0.75,-9.953,-0.036
56.78,-0.194,0.692,-9.974,-0.028
56.79,0.209,0.632,-9.977,-0.022
56.8,0.601,0.57,-9.965,-0.018
56.81,0.979,0.503,-9.939,-0.018
56.82,1.343,0.436,-9.899,-0.018
56.83,1.691,0.367,-9.849,-0.019
56.84,2.025,0.297,-9.788,-0.021
56.85,2.344,0.224,-9.718,-0.026
56.86,2.65,0.149,-9.641,-0.032
56.87,2.943,0.073,-9.556,-0.037
56.88,3.224,-0.003,-9.465,-0.042
56.89,3.493,-0.08,-9.369,-0.047
56.9,3.751,-0.16,-9.268,-0.051
56.91,4,-0.24,-9.161,-0.055
56.92,4.24,-0.321,-9.05,-0.059
56.93,4.468,-0.403,-8.936,-0.06
56.94,4.688,-0.486,-8.819,-0.06
56.95,4.902,-0.569,-8.696,-0.059
56.96,5.11,-0.653,-8.57,-0.057
56.97,5.314,-0.737,-8.438,-0.055
56.98,5.515,-0.821,-8.3,-0.051
56.99,5.713,-0.904,-8.156,-0.047
57,5.91,-0.987,-8.005,-0.042
57.01,6.105,-1.071,-7.847,-0.038
57.02,6.298,-1.152,-7.68,-0.033
57.03,6.492,-1.232,-7.505,-0.028
57.04,6.685,-1.311,-7.32,-0.023
57.05,6.878,-1.39,-7.124,-0.019
57.06,7.069,-1.467,-6.918,-0.016
57.07,7.26,-1.542,-6.701,-0.014
57.08,7.449,-1.615,-6.473,-0.012
57.09,7.635,-1.687,-6.232,-0.011
57.1,7.818,-1.757,-5.981,-0.012
57.11,7.998,-1.825,-5.717,-0.014
57.12,8.174,-1.89,-5.44,-0.018
57.13,8.345,-1.953,-5.15,-0.024
57.14,8.512,-2.014,-4.845,-0.033
57.15,8.673,-2.071,-4.524,-0.044
57.16,8.827,-2.126,-4.188,-0.059
57.17,8.973,-2.177,-3.837,-0.077
57.18,9.109,-2.225,-3.47,-0.098
57.19,9.234,-2.27,-3.09,-0.122
57.2,9.346,-2.311,-2.697,-0.15
57.21,9.444,-2.348,-2.293,-0.18
57.22,9.526,-2.381,-1.88,-0.212
57.23,9.591,-2.411,-1.459,-0.247
57.24,9.639,-2.436,-1.034,-0.282
57.25,9.669,-2.457,-0.605,-0.319
57.26,9.68,-2.475,-0.175,-0.357
57.27,9.673,-2.49,0.253,-0.394
57.28,9.649,-2.499,0.68,-0.431
57.29,9.607,-2.504,1.102,-0.467
57.3,9.548,-2.506,1.516,-0.501
57.31,9.472,-2.505,1.923,-0.532
57.32,9.383,-2.5,2.321,-0.562
57.33,9.279,-2.49,2.707,-0.591
57.34,9.163,-2.478,3.084,-0.615
57.35,9.034,-2.464,3.448,-0.636
57.36,8.895,-2.446,3.802,-0.655
57.37,8.746,-2.423,4.143,-0.673
57.38,8.588,-2.399,4.473,-0.687
57.39,8.421,-2.372,4.79,-0.699
57.4,8.246,-2.343,5.098,-0.708
57.41,8.063,-2.31,5.396,-0.717
57.42,7.872,-2.275,5.685,-0.725
57.43,7.672,-2.238,5.965,-0.732
57.44,7.465,-2.199,6.236,-0.737
57.45,7.249,-2.158,6.498,-0.742
57.46,7.027,-2.116,6.751,-0.746
57.47,6.798,-2.071,6.994,-0.749
57.48,6.563,-2.026,7.227,-0.751
57.49,6.323,-1.98,7.451,-0.752
57.5,6.078,-1.933,7.664,-0.753
57.51,5.826,-1.885,7.869,-0.754
57.52,5.569,-1.836,8.064,-0.754
57.53,5.307,-1.787,8.25,-0.755
57.54,5.038,-1.738,8.427,-0.755
57.55,4.763,-1.688,8.595,-0.757
57.56,4.479,-1.637,8.756,-0.759
57.57,4.187,-1.586,8.908,-0.763
57.58,3.887,-1.534,9.052,-0.768
57.59,3.577,-1.484,9.186,-0.775
57.6,3.262,-1.434,9.31,-0.783
57.61,2.942,-1.385,9.423,-0.793
57.62,2.617,-1.335,9.524,-0.803
57.63,2.288,-1.287,9.614,-0.814
57.64,1.956,-1.239,9.692,-0.825
57.65,1.621,-1.192,9.759,-0.838
57.66,1.282,-1.146,9.814,-0.85
57.67,0.943,-1.101,9.856,-0.863
57.68,0.603,-1.056,9.886,-0.877
57.69,0.262,-1.013,9.905,-0.891
57.7,-0.079,-0.971,9.911,-0.906
57.71,-0.42,-0.93,9.905,-0.92
57.72,-0.76,-0.891,9.886,-0.935
57.73,-1.1,-0.853,9.856,-0.951
57.74,-1.438,-0.816,9.814,-0.968
57.75,-1.775,-0.779,9.76,-0.985
57.76,-2.111,-0.745,9.694,-1.003
57.77,-2.446,-0.711,9.615,-1.021
57.78,-2.778,-0.678,9.525,-1.04
57.79,-3.107,-0.646,9.423,-1.059
57.8,-3.434,-0.616,9.309,-1.078
57.81,-3.756,-0.586,9.183,-1.098
57.82,-4.074,-0.558,9.046,-1.119
57.83,-4.387,-0.53,8.897,-1.14
57.84,-4.697,-0.505,8.736,-1.161
57.85,-5.001,-0.48,8.564,-1.183
57.86,-5.3,-0.456,8.381,-1.206
57.87,-5.593,-0.433,8.186,-1.229
57.88,-5.88,-0.411,7.979,-1.252
57.89,-6.16,-0.39,7.762,-1.276
57.9,-6.433,-0.371,7.535,-1.3
57.91,-6.699,-0.352,7.296,-1.324
57.92,-6.958,-0.334,7.046,-1.35
57.93,-7.208,-0.318,6.785,-1.376
57.94,-7.45,-0.302,6.513,-1.401
57.95,-7.683,-0.287,6.232,-1.426
57.96,-7.907,-0.272,5.94,-1.45
57.97,-8.121,-0.257,5.639,-1.474
57.98,-8.324,-0.243,5.329,-1.496
57.99,-8.517,-0.23,5.009,-1.518
58,-8.699,-0.217,4.68,-1.539
58.01,-8.869,-0.204,4.342,-1.559
58.02,-9.028,-0.192,3.995,-1.578
58.03,-9.174,-0.179,3.639,-1.596
58.04,-9.308,-0.166,3.274,-1.612
58.05,-9.429,-0.154,2.901,-1.627
58.06,-9.535,-0.141,2.52,-1.641
58.07,-9.628,-0.129,2.132,-1.653
58.08,-9.705,-0.117,1.737,-1.664
58.09,-9.767,-0.104,1.334,-1.674
58.1,-9.813,-0.092,0.925,-1.682
58.11,-9.842,-0.079,0.509,-1.689
58.12,-9.854,-0.066,0.088,-1.693
58.13,-9.849,-0.053,-0.336,-1.697
58.14,-9.825,-0.04,-0.764,-1.697
58.15,-9.782,-0.028,-1.192,-1.696
58.16,-9.721,-0.017,-1.618,-1.692
58.17,-9.643,-0.006,-2.04,-1.686
58.18,-9.546,0.002,-2.458,-1.678
58.19,-9.432,0.009,-2.87,-1.667
58.2,-9.302,0.015,-3.274,-1.653
58.21,-9.156,0.019,-3.671,-1.636
58.22,-8.995,0.02,-4.058,-1.617
58.23,-8.818,0.02,-4.435,-1.597
58.24,-8.629,0.018,-4.801,-1.574
58.25,-8.429,0.009,-5.151,-1.55
58.26,-8.218,0,-5.488,-1.525
58.27,-7.997,-0.013,-5.813,-1.498
58.28,-7.766,-0.028,-6.125,-1.469
58.29,-7.526,-0.047,-6.425,-1.438
58.3,-7.277,-0.069,-6.712,-1.405
58.31,-7.021,-0.093,-6.986,-1.369
58.32,-6.758,-0.118,-7.247,-1.332
58.33,-6.489,-0.146,-7.496,-1.293
58.34,-6.214,-0.177,-7.732,-1.251
58.35,-5.933,-0.211,-7.955,-1.208
58.36,-5.648,-0.246,-8.165,-1.163
58.37,-5.36,-0.283,-8.363,-1.116
58.38,-5.067,-0.321,-8.548,-1.069
58.39,-4.771,-0.361,-8.721,-1.019
58.4,-4.47,-0.403,-8.883,-0.969
58.41,-4.166,-0.447,-9.033,-0.914
58.42,-3.859,-0.492,-9.171,-0.859
58.43,-3.549,-0.536,-9.298,-0.803
58.44,-3.237,-0.582,-9.414,-0.745
58.45,-2.922,-0.629,-9.518,-0.685
58.46,-2.605,-0.678,-9.61,-0.624
58.47,-2.287,-0.727,-9.691,-0.56
58.48,-1.968,-0.777,-9.76,-0.498
58.49,-1.648,-0.827,-9.818,-0.434
58.5,-1.327,-0.879,-9.865,-0.369
58.51,-1.007,-0.929,-9.9,-0.303
58.52,-0.687,-0.98,-9.925,-0.235
58.53,-0.369,-1.031,-9.938,-0.168
58.54,-0.052,-1.081,-9.94,-0.099
58.55,0.262,-1.131,-9.932,-0.029
58.56,0.575,-1.18,-9.913,0.04
58.57,0.887,-1.23,-9.883,0.11
58.58,1.196,-1.28,-9.843,0.18
58.59,1.504,-1.329,-9.793,0.251
58.6,1.808,-1.377,-9.732,0.322
58.61,2.11,-1.426,-9.662,0.393
58.62,2.408,-1.472,-9.581,0.463
58.63,2.704,-1.519,-9.491,0.533
58.64,2.997,-1.566,-9.391,0.602
58.65,3.288,-1.611,-9.281,0.67
58.66,3.575,-1.655,-9.161,0.738
58.67,3.86,-1.699,-9.031,0.805
58.68,4.141,-1.741,-8.891,0.87
58.69,4.419,-1.783,-8.741,0.934
58.7,4.692,-1.824,-8.582,0.997
58.71,4.962,-1.864,-8.413,1.059
58.72,5.227,-1.902,-8.234,1.118
58.73,5.488,-1.939,-8.045,1.175
58.74,5.744,-1.976,-7.847,1.231
58.75,5.995,-2.011,-7.639,1.285
58.76,6.239,-2.044,-7.422,1.336
58.77,6.477,-2.076,-7.197,1.385
58.78,6.709,-2.108,-6.963,1.433
58.79,6.933,-2.137,-6.72,1.478
58.8,7.15,-2.164,-6.47,1.521
58.81,7.359,-2.192,-6.212,1.562
58.82,7.559,-2.216,-5.947,1.601
58.83,7.751,-2.24,-5.675,1.637
58.84,7.934,-2.262,-5.397,1.672
58.85,8.107,-2.282,-5.113,1.705
58.86,8.271,-2.299,-4.824,1.734
58.87,8.426,-2.315,-4.53,1.761
58.88,8.572,-2.329,-4.23,1.785
58.89,8.708,-2.34,-3.926,1.808
58.9,8.834,-2.348,-3.619,1.828
58.91,8.949,-2.356,-3.307,1.845
58.92,9.055,-2.361,-2.994,1.86
58.93,9.15,-2.362,-2.679,1.873
58.94,9.235,-2.361,-2.364,1.882
58.95,9.309,-2.358,-2.048,1.891
58.96,9.373,-2.352,-1.731,1.897
58.97,9.428,-2.343,-1.414,1.902
58.98,9.472,-2.331,-1.097,1.903
58.99,9.507,-2.318,-0.78,1.903
59,9.532,-2.303,-0.463,1.899
59.01,9.548,-2.285,-0.147,1.894
59.02,9.554,-2.264,0.167,1.886
59.03,9.551,-2.241,0.481,1.875
59.04,9.538,-2.217,0.791,1.864
59.05,9.517,-2.189,1.099,1.849
59.06,9.486,-2.158,1.404,1.834
59.07,9.448,-2.126,1.704,1.816
59.08,9.402,-2.09,2.001,1.794
59.09,9.347,-2.052,2.293,1.772
59.1,9.285,-2.012,2.581,1.748
59.11,9.216,-1.969,2.865,1.721
59.12,9.139,-1.924,3.145,1.693
59.13,9.056,-1.877,3.42,1.661
59.14,8.964,-1.829,3.692,1.628
59.15,8.865,-1.779,3.961,1.593
59.16,8.758,-1.727,4.228,1.555
59.17,8.643,-1.675,4.493,1.514
59.18,8.519,-1.622,4.756,1.471
59.19,8.386,-1.568,5.017,1.425
59.2,8.244,-1.513,5.276,1.377
59.21,8.091,-1.459,5.535,1.325
59.22,7.927,-1.404,5.793,1.271
59.23,7.752,-1.349,6.049,1.215
59.24,7.561,-1.295,6.309,1.156
59.25,7.357,-1.241,6.566,1.097
59.26,7.14,-1.187,6.821,1.036
59.27,6.908,-1.132,7.073,0.975
59.28,6.663,-1.078,7.321,0.912
59.29,6.404,-1.023,7.563,0.85
59.3,6.131,-0.968,7.8,0.789
59.31,5.845,-0.913,8.029,0.727
59.32,5.545,-0.858,8.25,0.665
59.33,5.232,-0.803,8.461,0.605
59.34,4.908,-0.748,8.663,0.545
59.35,4.571,-0.693,8.853,0.487
59.36,4.224,-0.638,9.031,0.429
59.37,3.866,-0.583,9.196,0.372
59.38,3.496,-0.529,9.348,0.317
59.39,3.117,-0.475,9.486,0.264
59.4,2.727,-0.421,9.609,0.211
59.41,2.327,-0.368,9.716,0.161
59.42,1.919,-0.315,9.808,0.112
59.43,1.503,-0.263,9.882,0.066
59.44,1.079,-0.211,9.939,0.022
59.45,0.648,-0.16,9.977,-0.018
59.46,0.213,-0.109,9.996,-0.058
59.47,-0.226,-0.059,9.996,-0.095
59.48,-0.669,-0.01,9.976,-0.129
59.49,-1.113,0.037,9.936,-0.161
59.5,-1.556,0.085,9.875,-0.19
59.51,-1.996,0.132,9.795,-0.217
59.52,-2.43,0.178,9.695,-0.242
59.53,-2.856,0.222,9.577,-0.265
59.54,-3.272,0.265,9.441,-0.287
59.55,-3.677,0.306,9.289,-0.307
59.56,-4.063,0.343,9.125,-0.326
59.57,-4.435,0.379,8.947,-0.345
59.58,-4.795,0.411,8.758,-0.364
59.59,-5.139,0.441,8.558,-0.382
59.6,-5.471,0.469,8.347,-0.399
59.61,-5.787,0.494,8.129,-0.416
59.62,-6.089,0.516,7.903,-0.434
59.63,-6.377,0.536,7.67,-0.451
59.64,-6.651,0.554,7.431,-0.468
59.65,-6.913,0.57,7.186,-0.484
59.66,-7.162,0.584,6.936,-0.5
59.67,-7.399,0.595,6.68,-0.516
59.68,-7.625,0.605,6.419,-0.531
59.69,-7.839,0.613,6.154,-0.546
59.7,-8.041,0.619,5.885,-0.56
59.71,-8.232,0.623,5.613,-0.574
59.72,-8.412,0.624,5.338,-0.587
59.73,-8.581,0.625,5.059,-0.6
59.74,-8.74,0.623,4.778,-0.612
59.75,-8.89,0.621,4.493,-0.624
59.76,-9.03,0.616,4.204,-0.635
59.77,-9.16,0.61,3.91,-0.644
59.78,-9.282,0.604,3.612,-0.654
59.79,-9.394,0.596,3.309,-0.662
59.8,-9.497,0.587,3.001,-0.67
59.81,-9.59,0.577,2.687,-0.676
59.82,-9.674,0.566,2.369,-0.682
59.83,-9.748,0.555,2.047,-0.687
59.84,-9.811,0.543,1.721,-0.69
59.85,-9.864,0.529,1.391,-0.693
59.86,-9.906,0.516,1.058,-0.694
59.87,-9.937,0.501,0.72,-0.694
59.88,-9.956,0.486,0.379,-0.693
59.89,-9.965,0.471,0.03,-0.689
59.9,-9.961,0.455,-0.321,-0.683
59.91,-9.944,0.439,-0.676,-0.675
59.92,-9.914,0.423,-1.034,-0.666
59.93,-9.872,0.407,-1.393,-0.655
59.94,-9.816,0.391,-1.754,-0.642
59.95,-9.746,0.374,-2.115,-0.628
59.96,-9.662,0.358,-2.476,-0.612
59.97,-9.564,0.34,-2.836,-0.595
59.98,-9.452,0.321,-3.195,-0.577
59.99,-9.326,0.302,-3.551,-0.556
60,-9.186,0.282,-3.903,-0.535
60.01,-9.032,0.261,-4.251,-0.512
60.02,-8.865,0.239,-4.595,-0.488
60.03,-8.683,0.216,-4.933,-0.462
60.04,-8.488,0.192,-5.264,-0.435
60.05,-8.28,0.168,-5.59,-0.405
60.06,-8.058,0.142,-5.908,-0.375
60.07,-7.822,0.117,-6.218,-0.343
60.08,-7.574,0.09,-6.52,-0.309
60.09,-7.313,0.063,-6.814,-0.273
60.1,-7.04,0.036,-7.097,-0.236
60.11,-6.754,0.008,-7.371,-0.198
60.12,-6.458,-0.02,-7.632,-0.158
60.13,-6.152,-0.05,-7.882,-0.117
60.14,-5.836,-0.081,-8.119,-0.075
60.15,-5.511,-0.113,-8.343,-0.032
60.16,-5.179,-0.145,-8.552,0.012
60.17,-4.839,-0.178,-8.748,0.058
60.18,-4.492,-0.212,-8.93,0.104
60.19,-4.14,-0.247,-9.097,0.151
60.2,-3.782,-0.282,-9.25,0.199
60.21,-3.418,-0.317,-9.388,0.247
60.22,-3.049,-0.354,-9.512,0.295
60.23,-2.675,-0.392,-9.621,0.344
60.24,-2.298,-0.429,-9.714,0.393
60.25,-1.916,-0.467,-9.793,0.441
60.26,-1.531,-0.506,-9.856,0.488
60.27,-1.144,-0.545,-9.904,0.535
60.28,-0.755,-0.585,-9.937,0.581
60.29,-0.364,-0.625,-9.954,0.626
60.3,0.026,-0.665,-9.955,0.669
60.31,0.417,-0.705,-9.94,0.712
60.32,0.807,-0.745,-9.91,0.753
60.33,1.196,-0.785,-9.865,0.793
60.34,1.581,-0.825,-9.804,0.832
60.35,1.963,-0.865,-9.728,0.869
60.36,2.34,-0.904,-9.637,0.905
60.37,2.712,-0.943,-9.532,0.939
60.38,3.078,-0.981,-9.413,0.972
60.39,3.437,-1.019,-9.28,1.004
60.4,3.79,-1.055,-9.135,1.034
60.41,4.136,-1.09,-8.976,1.062
60.42,4.476,-1.126,-8.804,1.087
60.43,4.808,-1.158,-8.619,1.111
60.44,5.133,-1.191,-8.422,1.132
60.45,5.451,-1.223,-8.213,1.15
60.46,5.759,-1.253,-7.993,1.166
60.47,6.059,-1.281,-7.761,1.18
60.48,6.35,-1.307,-7.519,1.191
60.49,6.631,-1.333,-7.267,1.2
60.5,6.901,-1.355,-7.004,1.206
60.51,7.163,-1.377,-6.732,1.21
60.52,7.414,-1.397,-6.449,1.211
60.53,7.655,-1.415,-6.158,1.21
60.54,7.884,-1.432,-5.858,1.207
60.55,8.1,-1.447,-5.552,1.202
60.56,8.303,-1.459,-5.243,1.195
60.57,8.492,-1.469,-4.93,1.186
60.58,8.668,-1.476,-4.614,1.176
60.59,8.831,-1.481,-4.296,1.163
60.6,8.981,-1.482,-3.976,1.149
60.61,9.12,-1.482,-3.652,1.133
60.62,9.246,-1.48,-3.326,1.114
60.63,9.361,-1.476,-2.996,1.093
60.64,9.465,-1.47,-2.664,1.07
60.65,9.557,-1.463,-2.328,1.045
60.66,9.637,-1.454,-1.99,1.017
60.67,9.706,-1.444,-1.649,0.987
60.68,9.763,-1.433,-1.306,0.956
60.69,9.808,-1.421,-0.959,0.923
60.7,9.841,-1.408,-0.611,0.887
60.71,9.862,-1.395,-0.259,0.851
60.72,9.87,-1.381,0.094,0.812
60.73,9.865,-1.366,0.451,0.772
60.74,9.848,-1.351,0.809,0.73
60.75,9.817,-1.335,1.169,0.686
60.76,9.772,-1.318,1.531,0.641
60.77,9.714,-1.301,1.893,0.595
60.78,9.641,-1.283,2.255,0.547
60.79,9.555,-1.265,2.616,0.497
60.8,9.454,-1.246,2.977,0.447
60.81,9.338,-1.225,3.337,0.395
60.82,9.207,-1.205,3.693,0.342
60.83,9.062,-1.184,4.047,0.288
60.84,8.902,-1.162,4.396,0.234
60.85,8.728,-1.14,4.741,0.178
60.86,8.538,-1.117,5.082,0.123
60.87,8.334,-1.094,5.416,0.066
60.88,8.113,-1.072,5.746,0.009
60.89,7.876,-1.049,6.071,-0.047
60.9,7.624,-1.026,6.387,-0.105
60.91,7.357,-1.002,6.695,-0.163
60.92,7.075,-0.978,6.995,-0.221
60.93,6.778,-0.952,7.284,-0.28
60.94,6.467,-0.925,7.563,-0.338
60.95,6.141,-0.898,7.83,-0.397
60.96,5.802,-0.869,8.085,-0.455
60.97,5.45,-0.839,8.326,-0.513
60.98,5.086,-0.809,8.552,-0.571
60.99,4.711,-0.777,8.763,-0.628
61,4.324,-0.745,8.959,-0.683
61.01,3.928,-0.712,9.138,-0.738
61.02,3.522,-0.678,9.3,-0.792
61.03,3.107,-0.643,9.445,-0.845
61.04,2.683,-0.608,9.571,-0.896
61.05,2.253,-0.572,9.679,-0.946
61.06,1.815,-0.535,9.768,-0.995
61.07,1.372,-0.498,9.837,-1.043
61.08,0.924,-0.459,9.886,-1.088
61.09,0.474,-0.42,9.915,-1.132
61.1,0.02,-0.38,9.923,-1.174
61.11,-0.432,-0.34,9.91,-1.215
61.12,-0.885,-0.299,9.876,-1.254
61.13,-1.336,-0.259,9.822,-1.292
61.14,-1.784,-0.218,9.747,-1.327
61.15,-2.228,-0.178,9.651,-1.361
61.16,-2.666,-0.138,9.535,-1.392
61.17,-3.099,-0.098,9.4,-1.422
61.18,-3.525,-0.059,9.244,-1.449
61.19,-3.942,-0.02,9.07,-1.475
61.2,-4.352,0.017,8.877,-1.499
61.21,-4.752,0.056,8.665,-1.521
61.22,-5.143,0.094,8.435,-1.541
61.23,-5.524,0.131,8.187,-1.559
61.24,-5.893,0.168,7.921,-1.575
61.25,-6.251,0.205,7.638,-1.588
61.26,-6.597,0.24,7.339,-1.598
61.27,-6.929,0.276,7.023,-1.606
61.28,-7.246,0.311,6.692,-1.611
61.29,-7.549,0.345,6.346,-1.613
61.3,-7.836,0.378,5.987,-1.613
61.31,-8.107,0.411,5.613,-1.609
61.32,-8.36,0.443,5.227,-1.604
61.33,-8.596,0.474,4.829,-1.596
61.34,-8.813,0.504,4.421,-1.585
61.35,-9.011,0.532,4.004,-1.572
61.36,-9.189,0.559,3.58,-1.556
61.37,-9.346,0.584,3.151,-1.538
61.38,-9.483,0.608,2.717,-1.517
61.39,-9.6,0.629,2.279,-1.494
61.4,-9.697,0.648,1.839,-1.467
61.41,-9.773,0.666,1.398,-1.44
61.42,-9.83,0.681,0.957,-1.409
61.43,-9.866,0.695,0.517,-1.377
61.44,-9.883,0.707,0.077,-1.343
61.45,-9.881,0.717,-0.36,-1.306
61.46,-9.86,0.725,-0.793,-1.267
61.47,-9.821,0.731,-1.222,-1.227
61.48,-9.764,0.735,-1.645,-1.185
61.49,-9.69,0.737,-2.06,-1.141
61.5,-9.6,0.737,-2.467,-1.095
61.51,-9.495,0.735,-2.864,-1.047
61.52,-9.375,0.73,-3.251,-0.998
61.53,-9.242,0.724,-3.627,-0.947
61.54,-9.099,0.715,-3.986,-0.895
61.55,-8.944,0.704,-4.334,-0.84
61.56,-8.78,0.692,-4.669,-0.785
61.57,-8.606,0.677,-4.994,-0.729
61.58,-8.423,0.662,-5.306,-0.672
61.59,-8.232,0.645,-5.606,-0.613
61.6,-8.034,0.627,-5.894,-0.553
61.61,-7.829,0.608,-6.171,-0.493
61.62,-7.618,0.588,-6.436,-0.43
61.63,-7.401,0.567,-6.689,-0.367
61.64,-7.179,0.546,-6.932,-0.303
61.65,-6.952,0.525,-7.164,-0.238
61.66,-6.72,0.504,-7.385,-0.171
61.67,-6.483,0.482,-7.597,-0.104
61.68,-6.241,0.459,-7.799,-0.037
61.69,-5.995,0.437,-7.991,0.03
61.7,-5.744,0.415,-8.174,0.099
61.71,-5.488,0.393,-8.348,0.168
61.72,-5.228,0.371,-8.512,0.237
61.73,-4.963,0.349,-8.668,0.307
61.74,-4.694,0.327,-8.815,0.377
61.75,-4.42,0.306,-8.953,0.448
61.76,-4.141,0.284,-9.082,0.518
61.77,-3.857,0.263,-9.203,0.588
61.78,-3.566,0.242,-9.316,0.657
61.79,-3.267,0.22,-9.42,0.726
61.8,-2.961,0.198,-9.516,0.794
61.81,-2.647,0.175,-9.603,0.86
61.82,-2.323,0.151,-9.68,0.926
61.83,-1.989,0.126,-9.749,0.99
61.84,-1.646,0.1,-9.806,1.051
61.85,-1.292,0.072,-9.853,1.111
61.86,-0.93,0.043,-9.887,1.169
61.87,-0.553,0.012,-9.909,1.224
61.88,-0.169,-0.02,-9.916,1.278
61.89,0.219,-0.055,-9.908,1.329
61.9,0.612,-0.09,-9.885,1.378
61.91,1.008,-0.127,-9.845,1.424
61.92,1.406,-0.166,-9.789,1.468
61.93,1.805,-0.205,-9.717,1.509
61.94,2.204,-0.246,-9.627,1.547
61.95,2.604,-0.288,-9.519,1.583
61.96,3.004,-0.331,-9.394,1.615
61.97,3.402,-0.375,-9.25,1.644
61.98,3.797,-0.421,-9.088,1.67
61.99,4.188,-0.467,-8.908,1.693
62,4.572,-0.512,-8.711,1.713
62.01,4.947,-0.558,-8.498,1.73
62.02,5.311,-0.603,-8.269,1.743
62.03,5.663,-0.647,-8.026,1.754
62.04,6.002,-0.689,-7.771,1.761
62.05,6.328,-0.729,-7.503,1.766
62.06,6.641,-0.767,-7.223,1.768
62.07,6.939,-0.803,-6.933,1.767
62.08,7.224,-0.838,-6.633,1.764
62.09,7.492,-0.87,-6.325,1.758
62.1,7.745,-0.899,-6.01,1.75
62.11,7.983,-0.926,-5.69,1.74
62.12,8.203,-0.95,-5.366,1.728
62.13,8.408,-0.971,-5.04,1.714
62.14,8.598,-0.989,-4.711,1.699
62.15,8.772,-1.003,-4.382,1.681
62.16,8.932,-1.014,-4.051,1.661
62.17,9.078,-1.024,-3.72,1.64
62.18,9.211,-1.03,-3.388,1.615
62.19,9.331,-1.035,-3.054,1.589
62.2,9.438,-1.037,-2.721,1.559
62.21,9.533,-1.039,-2.385,1.527
62.22,9.617,-1.039,-2.047,1.493
62.23,9.689,-1.039,-1.706,1.457
62.24,9.749,-1.038,-1.363,1.419
62.25,9.797,-1.036,-1.018,1.38
62.26,9.833,-1.032,-0.672,1.338
62.27,9.856,-1.029,-0.324,1.294
62.28,9.868,-1.024,0.022,1.249
62.29,9.868,-1.018,0.371,1.201
62.3,9.855,-1.013,0.72,1.151
62.31,9.829,-1.006,1.072,1.1
62.32,9.791,-1,1.425,1.047
62.33,9.739,-0.994,1.782,0.992
62.34,9.672,-0.988,2.141,0.935
62.35,9.591,-0.981,2.503,0.878
62.36,9.495,-0.974,2.866,0.82
62.37,9.383,-0.968,3.23,0.76
62.38,9.255,-0.96,3.595,0.7
62.39,9.11,-0.953,3.959,0.639
62.4,8.949,-0.945,4.321,0.578
62.41,8.771,-0.937,4.68,0.515
62.42,8.576,-0.928,5.037,0.451
62.43,8.364,-0.919,5.388,0.388
62.44,8.134,-0.909,5.735,0.323
62.45,7.888,-0.899,6.074,0.259
62.46,7.624,-0.887,6.406,0.194
62.47,7.344,-0.874,6.729,0.129
62.48,7.048,-0.861,7.04,0.063
62.49,6.738,-0.846,7.34,-0.001
62.5,6.412,-0.831,7.627,-0.067
62.51,6.074,-0.814,7.9,-0.132
62.52,5.721,-0.796,8.16,-0.197
62.53,5.354,-0.777,8.405,-0.262
62.54,4.974,-0.757,8.635,-0.326
62.55,4.583,-0.736,8.848,-0.39
62.56,4.181,-0.714,9.044,-0.453
62.57,3.772,-0.691,9.221,-0.516
62.58,3.354,-0.667,9.379,-0.577
62.59,2.928,-0.642,9.518,-0.638
62.6,2.496,-0.615,9.638,-0.697
62.61,2.058,-0.588,9.738,-0.755
62.62,1.614,-0.559,9.819,-0.812
62.63,1.166,-0.529,9.879,-0.867
62.64,0.714,-0.498,9.919,-0.92
62.65,0.26,-0.465,9.938,-0.972
62.66,-0.194,-0.432,9.936,-1.022
62.67,-0.65,-0.397,9.913,-1.071
62.68,-1.104,-0.36,9.869,-1.118
62.69,-1.555,-0.323,9.804,-1.163
62.7,-2.002,-0.285,9.718,-1.206
62.71,-2.444,-0.246,9.612,-1.247
62.72,-2.88,-0.207,9.487,-1.285
62.73,-3.308,-0.168,9.342,-1.321
62.74,-3.729,-0.127,9.177,-1.355
62.75,-4.142,-0.088,8.994,-1.387
62.76,-4.545,-0.047,8.793,-1.416
62.77,-4.939,-0.008,8.574,-1.443
62.78,-5.321,0.031,8.338,-1.467
62.79,-5.692,0.071,8.085,-1.488
62.8,-6.05,0.11,7.816,-1.507
62.81,-6.395,0.148,7.533,-1.523
62.82,-6.726,0.185,7.235,-1.537
62.83,-7.043,0.222,6.924,-1.548
62.84,-7.344,0.257,6.601,-1.556
62.85,-7.629,0.291,6.266,-1.561
62.86,-7.895,0.321,5.925,-1.564
62.87,-8.143,0.35,5.577,-1.565
62.88,-8.373,0.376,5.224,-1.564
62.89,-8.585,0.399,4.867,-1.561
62.9,-8.779,0.418,4.508,-1.556
62.91,-8.954,0.434,4.149,-1.549
62.92,-9.113,0.447,3.79,-1.542
62.93,-9.256,0.458,3.429,-1.532
62.94,-9.383,0.465,3.067,-1.521
62.95,-9.496,0.47,2.705,-1.508
62.96,-9.594,0.471,2.343,-1.493
62.97,-9.678,0.47,1.981,-1.477
62.98,-9.748,0.466,1.62,-1.459
62.99,-9.804,0.459,1.261,-1.439
63,-9.847,0.45,0.905,-1.417
63.01,-9.877,0.438,0.551,-1.394
63.02,-9.894,0.423,0.2,-1.369
63.03,-9.899,0.408,-0.149,-1.343
63.04,-9.893,0.389,-0.496,-1.314
63.05,-9.874,0.369,-0.839,-1.284
63.06,-9.844,0.347,-1.179,-1.252
63.07,-9.803,0.323,-1.516,-1.218
63.08,-9.751,0.298,-1.85,-1.184
63.09,-9.688,0.271,-2.178,-1.147
63.1,-9.614,0.241,-2.502,-1.108
63.11,-9.531,0.211,-2.822,-1.069
63.12,-9.437,0.179,-3.137,-1.028
63.13,-9.333,0.146,-3.447,-0.986
63.14,-9.219,0.112,-3.755,-0.943
63.15,-9.094,0.077,-4.058,-0.897
63.16,-8.959,0.043,-4.358,-0.851
63.17,-8.814,0.008,-4.654,-0.803
63.18,-8.655,-0.026,-4.95,-0.754
63.19,-8.485,-0.061,-5.243,-0.704
63.2,-8.303,-0.095,-5.533,-0.653
63.21,-8.108,-0.129,-5.819,-0.601
63.22,-7.901,-0.164,-6.102,-0.549
63.23,-7.681,-0.197,-6.38,-0.496
63.24,-7.448,-0.231,-6.653,-0.443
63.25,-7.203,-0.264,-6.92,-0.389
63.26,-6.945,-0.297,-7.18,-0.336
63.27,-6.675,-0.33,-7.433,-0.283
63.28,-6.392,-0.362,-7.678,-0.23
63.29,-6.097,-0.395,-7.914,-0.177
63.3,-5.79,-0.428,-8.14,-0.125
63.31,-5.472,-0.46,-8.356,-0.073
63.32,-5.144,-0.493,-8.56,-0.021
63.33,-4.808,-0.525,-8.752,0.029
63.34,-4.463,-0.557,-8.93,0.079
63.35,-4.112,-0.589,-9.095,0.129
63.36,-3.755,-0.62,-9.245,0.179
63.37,-3.395,-0.651,-9.38,0.229
63.38,-3.032,-0.681,-9.5,0.279
63.39,-2.669,-0.711,-9.605,0.328
63.4,-2.307,-0.741,-9.694,0.378
63.41,-1.947,-0.769,-9.768,0.428
63.42,-1.592,-0.797,-9.828,0.479
63.43,-1.242,-0.822,-9.874,0.53
63.44,-0.898,-0.848,-9.906,0.582
63.45,-0.559,-0.871,-9.926,0.633
63.46,-0.227,-0.892,-9.933,0.685
63.47,0.098,-0.913,-9.93,0.737
63.48,0.416,-0.93,-9.916,0.79
63.49,0.728,-0.947,-9.892,0.843
63.5,1.032,-0.962,-9.859,0.895
63.51,1.322,-0.972,-9.818,0.95
63.52,1.606,-0.98,-9.769,1.004
63.53,1.884,-0.987,-9.713,1.058
63.54,2.157,-0.991,-9.65,1.112
63.55,2.426,-0.994,-9.579,1.165
63.56,2.691,-0.996,-9.501,1.217
63.57,2.952,-0.994,-9.417,1.268
63.58,3.212,-0.992,-9.325,1.317
63.59,3.471,-0.989,-9.225,1.364
63.6,3.728,-0.984,-9.117,1.411
63.61,3.985,-0.979,-9.002,1.454
63.62,4.242,-0.973,-8.877,1.496
63.63,4.499,-0.967,-8.744,1.535
63.64,4.755,-0.962,-8.601,1.571
63.65,5.011,-0.956,-8.449,1.606
63.66,5.268,-0.951,-8.285,1.637
63.67,5.525,-0.947,-8.111,1.666
63.68,5.781,-0.944,-7.925,1.693
63.69,6.037,-0.942,-7.727,1.716
63.7,6.292,-0.941,-7.517,1.736
63.71,6.545,-0.941,-7.293,1.753
63.72,6.796,-0.943,-7.056,1.767
63.73,7.044,-0.946,-6.805,1.778
63.74,7.288,-0.951,-6.54,1.785
63.75,7.528,-0.956,-6.261,1.788
63.76,7.763,-0.963,-5.966,1.788
63.77,7.99,-0.971,-5.658,1.784
63.78,8.21,-0.981,-5.335,1.777
63.79,8.419,-0.991,-4.999,1.766
63.8,8.618,-1.003,-4.651,1.753
63.81,8.805,-1.015,-4.29,1.737
63.82,8.979,-1.027,-3.918,1.717
63.83,9.139,-1.04,-3.536,1.695
63.84,9.284,-1.053,-3.145,1.67
63.85,9.413,-1.065,-2.748,1.642
63.86,9.525,-1.075,-2.347,1.611
63.87,9.62,-1.084,-1.941,1.578
63.88,9.699,-1.093,-1.533,1.542
63.89,9.76,-1.099,-1.123,1.504
63.9,9.804,-1.103,-0.713,1.463
63.91,9.831,-1.105,-0.303,1.42
63.92,9.842,-1.106,0.103,1.375
63.93,9.836,-1.104,0.508,1.328
63.94,9.814,-1.1,0.909,1.279
63.95,9.776,-1.094,1.307,1.228
63.96,9.723,-1.086,1.7,1.176
63.97,9.655,-1.076,2.086,1.123
63.98,9.572,-1.064,2.466,1.068
63.99,9.477,-1.049,2.837,1.013
64,9.368,-1.032,3.2,0.956
64.01,9.248,-1.013,3.553,0.899
64.02,9.117,-0.992,3.896,0.841
64.03,8.976,-0.968,4.228,0.781
64.04,8.825,-0.942,4.549,0.721
64.05,8.666,-0.915,4.859,0.66
64.06,8.5,-0.886,5.157,0.598
64.07,8.326,-0.856,5.445,0.535
64.08,8.145,-0.824,5.722,0.471
64.09,7.957,-0.792,5.989,0.406
64.1,7.764,-0.758,6.246,0.34
64.11,7.564,-0.724,6.494,0.274
64.12,7.359,-0.689,6.732,0.207
64.13,7.147,-0.654,6.961,0.14
64.14,6.93,-0.618,7.182,0.072
64.15,6.707,-0.582,7.394,0.003
64.16,6.477,-0.546,7.598,-0.065
64.17,6.242,-0.511,7.794,-0.135
64.18,6.001,-0.475,7.982,-0.205
64.19,5.753,-0.439,8.162,-0.276
64.2,5.498,-0.404,8.335,-0.346
64.21,5.236,-0.368,8.5,-0.417
64.22,4.967,-0.333,8.658,-0.487
64.23,4.689,-0.298,8.809,-0.557
64.24,4.403,-0.263,8.952,-0.627
64.25,4.108,-0.227,9.087,-0.696
64.26,3.804,-0.191,9.214,-0.764
64.27,3.491,-0.155,9.332,-0.83
64.28,3.168,-0.119,9.441,-0.897
64.29,2.837,-0.081,9.54,-0.961
64.3,2.498,-0.043,9.628,-1.024
64.31,2.152,-0.003,9.704,-1.086
64.32,1.8,0.036,9.769,-1.146
64.33,1.443,0.076,9.821,-1.205
64.34,1.082,0.118,9.86,-1.262
64.35,0.718,0.159,9.885,-1.318
64.36,0.353,0.199,9.896,-1.373
64.37,-0.013,0.24,9.894,-1.426
64.38,-0.378,0.28,9.878,-1.477
64.39,-0.743,0.319,9.849,-1.528
64.4,-1.106,0.357,9.806,-1.577
64.41,-1.468,0.396,9.749,-1.624
64.42,-1.827,0.432,9.679,-1.669
64.43,-2.184,0.469,9.595,-1.713
64.44,-2.538,0.505,9.498,-1.755
64.45,-2.889,0.54,9.387,-1.796
64.46,-3.235,0.574,9.264,-1.834
64.47,-3.576,0.608,9.128,-1.872
64.48,-3.91,0.641,8.98,-1.907
64.49,-4.237,0.672,8.821,-1.941
64.5,-4.553,0.702,8.652,-1.975
64.51,-4.859,0.729,8.474,-2.008
64.52,-5.155,0.753,8.287,-2.039
64.53,-5.441,0.775,8.093,-2.069
64.54,-5.715,0.793,7.892,-2.099
64.55,-5.979,0.81,7.685,-2.127
64.56,-6.231,0.823,7.473,-2.154
64.57,-6.472,0.833,7.256,-2.18
64.58,-6.702,0.839,7.036,-2.205
64.59,-6.922,0.843,6.811,-2.229
64.6,-7.131,0.845,6.584,-2.253
64.61,-7.329,0.842,6.355,-2.276
64.62,-7.517,0.837,6.124,-2.297
64.63,-7.695,0.828,5.892,-2.317
64.64,-7.864,0.816,5.659,-2.336
64.65,-8.024,0.801,5.424,-2.354
64.66,-8.176,0.783,5.187,-2.37
64.67,-8.32,0.765,4.949,-2.384
64.68,-8.458,0.743,4.707,-2.395
64.69,-8.589,0.721,4.461,-2.405
64.7,-8.715,0.698,4.211,-2.412
64.71,-8.833,0.673,3.958,-2.416
64.72,-8.945,0.647,3.7,-2.419
64.73,-9.051,0.622,3.438,-2.42
64.74,-9.151,0.596,3.17,-2.417
64.75,-9.244,0.57,2.897,-2.412
64.76,-9.331,0.545,2.617,-2.404
64.77,-9.41,0.52,2.33,-2.394
64.78,-9.483,0.496,2.037,-2.381
64.79,-9.547,0.473,1.736,-2.365
64.8,-9.604,0.451,1.429,-2.347
64.81,-9.651,0.43,1.114,-2.326
64.82,-9.69,0.409,0.793,-2.302
64.83,-9.718,0.391,0.46,-2.275
64.84,-9.736,0.374,0.12,-2.245
64.85,-9.742,0.359,-0.226,-2.214
64.86,-9.736,0.344,-0.579,-2.179
64.87,-9.717,0.331,-0.937,-2.141
64.88,-9.684,0.319,-1.3,-2.101
64.89,-9.637,0.308,-1.667,-2.059
64.9,-9.575,0.297,-2.037,-2.014
64.91,-9.499,0.287,-2.409,-1.967
64.92,-9.408,0.276,-2.78,-1.918
64.93,-9.301,0.266,-3.15,-1.866
64.94,-9.18,0.254,-3.517,-1.812
64.95,-9.043,0.243,-3.881,-1.757
64.96,-8.892,0.231,-4.241,-1.699
64.97,-8.727,0.218,-4.593,-1.639
64.98,-8.548,0.203,-4.939,-1.577
64.99,-8.357,0.188,-5.274,-1.515
65,-8.155,0.17,-5.599,-1.449
65.01,-7.943,0.151,-5.913,-1.383
65.02,-7.722,0.131,-6.213,-1.315
65.03,-7.494,0.108,-6.5,-1.246
65.04,-7.26,0.085,-6.774,-1.176
65.05,-7.022,0.06,-7.033,-1.103
65.06,-6.778,0.034,-7.279,-1.03
65.07,-6.53,0.006,-7.512,-0.956
65.08,-6.279,-0.02,-7.732,-0.881
65.09,-6.025,-0.048,-7.94,-0.804
65.1,-5.768,-0.076,-8.135,-0.727
65.11,-5.508,-0.104,-8.319,-0.649
65.12,-5.247,-0.132,-8.492,-0.571
65.13,-4.983,-0.16,-8.654,-0.492
65.14,-4.718,-0.186,-8.805,-0.413
65.15,-4.449,-0.214,-8.946,-0.335
65.16,-4.18,-0.239,-9.077,-0.257
65.17,-3.909,-0.265,-9.198,-0.18
65.18,-3.635,-0.289,-9.31,-0.103
65.19,-3.358,-0.313,-9.413,-0.028
65.2,-3.077,-0.337,-9.508,0.046
65.21,-2.793,-0.359,-9.594,0.12
65.22,-2.505,-0.382,-9.671,0.192
65.23,-2.213,-0.403,-9.74,0.263
65.24,-1.917,-0.423,-9.799,0.332
65.25,-1.617,-0.442,-9.85,0.4
65.26,-1.314,-0.461,-9.891,0.467
65.27,-1.009,-0.479,-9.923,0.531
65.28,-0.702,-0.497,-9.945,0.595
65.29,-0.392,-0.514,-9.957,0.657
65.3,-0.081,-0.53,-9.959,0.718
65.31,0.231,-0.545,-9.952,0.776
65.32,0.545,-0.56,-9.934,0.833
65.33,0.861,-0.573,-9.906,0.888
65.34,1.178,-0.587,-9.868,0.94
65.35,1.497,-0.599,-9.819,0.991
65.36,1.817,-0.612,-9.759,1.039
65.37,2.137,-0.624,-9.688,1.085
65.38,2.457,-0.635,-9.606,1.129
65.39,2.777,-0.648,-9.512,1.171
65.4,3.095,-0.659,-9.408,1.211
65.41,3.411,-0.67,-9.292,1.249
65.42,3.725,-0.681,-9.165,1.284
65.43,4.036,-0.69,-9.027,1.317
65.44,4.345,-0.7,-8.877,1.348
65.45,4.651,-0.71,-8.715,1.376
65.46,4.954,-0.718,-8.542,1.402
65.47,5.254,-0.728,-8.356,1.424
65.48,5.548,-0.737,-8.16,1.445
65.49,5.838,-0.747,-7.95,1.462
65.5,6.122,-0.756,-7.73,1.477
65.51,6.401,-0.766,-7.498,1.489
65.52,6.673,-0.776,-7.253,1.499
65.53,6.94,-0.787,-6.995,1.505
65.54,7.2,-0.798,-6.725,1.51
65.55,7.454,-0.811,-6.441,1.511
65.56,7.699,-0.824,-6.145,1.509
65.57,7.935,-0.838,-5.836,1.504
65.58,8.161,-0.853,-5.515,1.497
65.59,8.376,-0.868,-5.184,1.487
65.6,8.579,-0.884,-4.841,1.474
65.61,8.77,-0.901,-4.488,1.459
65.62,8.947,-0.92,-4.124,1.441
65.63,9.112,-0.938,-3.75,1.42
65.64,9.262,-0.957,-3.366,1.396
65.65,9.398,-0.977,-2.972,1.37
65.66,9.518,-0.997,-2.57,1.341
65.67,9.621,-1.018,-2.161,1.309
65.68,9.707,-1.039,-1.745,1.276
65.69,9.776,-1.061,-1.324,1.239
65.7,9.827,-1.083,-0.898,1.201
65.71,9.859,-1.105,-0.469,1.159
65.72,9.873,-1.127,-0.037,1.116
65.73,9.868,-1.148,0.396,1.069
65.74,9.844,-1.168,0.829,1.02
65.75,9.8,-1.188,1.261,0.968
65.76,9.739,-1.207,1.689,0.914
65.77,9.658,-1.226,2.113,0.858
65.78,9.56,-1.243,2.53,0.799
65.79,9.445,-1.259,2.94,0.738
65.8,9.314,-1.273,3.341,0.674
65.81,9.167,-1.286,3.732,0.609
65.82,9.008,-1.298,4.107,0.539
65.83,8.836,-1.308,4.47,0.468
65.84,8.652,-1.316,4.821,0.395
65.85,8.456,-1.322,5.16,0.32
65.86,8.251,-1.326,5.486,0.243
65.87,8.036,-1.329,5.798,0.163
65.88,7.812,-1.329,6.098,0.083
65.89,7.58,-1.328,6.385,0.001
65.9,7.341,-1.325,6.658,-0.082
65.91,7.094,-1.32,6.92,-0.167
65.92,6.841,-1.314,7.169,-0.252
65.93,6.58,-1.306,7.407,-0.34
65.94,6.313,-1.296,7.633,-0.427
65.95,6.04,-1.285,7.848,-0.516
65.96,5.76,-1.272,8.051,-0.605
65.97,5.474,-1.257,8.243,-0.695
65.98,5.181,-1.241,8.425,-0.784
65.99,4.881,-1.222,8.597,-0.873
66,4.574,-1.202,8.758,-0.963
66.01,4.26,-1.179,8.907,-1.053
66.02,3.94,-1.154,9.046,-1.143
66.03,3.614,-1.126,9.172,-1.233
66.04,3.284,-1.096,9.287,-1.323
66.05,2.947,-1.064,9.39,-1.411
66.06,2.606,-1.029,9.481,-1.497
66.07,2.261,-0.991,9.56,-1.583
66.08,1.911,-0.952,9.625,-1.667
66.09,1.557,-0.91,9.678,-1.75
66.1,1.2,-0.866,9.718,-1.83
66.11,0.839,-0.819,9.745,-1.908
66.12,0.476,-0.771,9.759,-1.984
66.13,0.111,-0.721,9.758,-2.057
66.14,-0.255,-0.669,9.744,-2.128
66.15,-0.621,-0.616,9.716,-2.196
66.16,-0.986,-0.563,9.674,-2.261
66.17,-1.349,-0.509,9.618,-2.323
66.18,-1.708,-0.455,9.549,-2.381
66.19,-2.064,-0.4,9.467,-2.436
66.2,-2.415,-0.346,9.372,-2.488
66.21,-2.763,-0.292,9.265,-2.536
66.22,-3.105,-0.238,9.145,-2.58
66.23,-3.443,-0.184,9.013,-2.621
66.24,-3.775,-0.131,8.868,-2.659
66.25,-4.101,-0.079,8.713,-2.692
66.26,-4.421,-0.028,8.546,-2.721
66.27,-4.734,0.022,8.369,-2.746
66.28,-5.04,0.072,8.181,-2.767
66.29,-5.34,0.121,7.982,-2.783
66.3,-5.632,0.168,7.773,-2.795
66.31,-5.917,0.214,7.554,-2.803
66.32,-6.194,0.258,7.326,-2.808
66.33,-6.462,0.301,7.089,-2.807
66.34,-6.721,0.342,6.843,-2.803
66.35,-6.971,0.381,6.59,-2.795
66.36,-7.21,0.417,6.331,-2.784
66.37,-7.439,0.449,6.065,-2.768
66.38,-7.656,0.479,5.794,-2.75
66.39,-7.863,0.506,5.519,-2.728
66.4,-8.057,0.529,5.242,-2.703
66.41,-8.24,0.548,4.962,-2.675
66.42,-8.413,0.564,4.68,-2.643
66.43,-8.575,0.577,4.396,-2.608
66.44,-8.726,0.587,4.11,-2.571
66.45,-8.866,0.593,3.824,-2.529
66.46,-8.996,0.597,3.538,-2.485
66.47,-9.115,0.594,3.258,-2.438
66.48,-9.222,0.587,2.981,-2.387
66.49,-9.321,0.576,2.708,-2.333
66.5,-9.409,0.562,2.438,-2.277
66.51,-9.489,0.545,2.172,-2.219
66.52,-9.561,0.525,1.909,-2.158
66.53,-9.624,0.502,1.65,-2.094
66.54,-9.68,0.477,1.394,-2.028
66.55,-9.728,0.45,1.14,-1.96
66.56,-9.77,0.421,0.888,-1.89
66.57,-9.804,0.39,0.638,-1.817
66.58,-9.832,0.358,0.388,-1.743
66.59,-9.853,0.325,0.139,-1.667
66.6,-9.867,0.293,-0.11,-1.588
66.61,-9.875,0.26,-0.361,-1.508
66.62,-9.875,0.227,-0.614,-1.427
66.63,-9.868,0.196,-0.871,-1.343
66.64,-9.854,0.164,-1.132,-1.258
66.65,-9.831,0.134,-1.398,-1.172
66.66,-9.798,0.105,-1.671,-1.086
66.67,-9.756,0.076,-1.949,-0.999
66.68,-9.704,0.049,-2.233,-0.912
66.69,-9.64,0.022,-2.525,-0.824
66.7,-9.565,-0.004,-2.822,-0.736
66.71,-9.476,-0.03,-3.126,-0.648
66.72,-9.373,-0.055,-3.436,-0.561
66.73,-9.256,-0.081,-3.751,-0.475
66.74,-9.124,-0.106,-4.072,-0.391
66.75,-8.975,-0.132,-4.396,-0.307
66.76,-8.809,-0.158,-4.724,-0.225
66.77,-8.625,-0.185,-5.054,-0.145
66.78,-8.423,-0.214,-5.384,-0.066
66.79,-8.202,-0.243,-5.714,0.01
66.8,-7.958,-0.275,-6.048,0.081
66.81,-7.695,-0.307,-6.376,0.151
66.82,-7.414,-0.34,-6.697,0.219
66.83,-7.115,-0.375,-7.01,0.284
66.84,-6.799,-0.41,-7.313,0.346
66.85,-6.467,-0.446,-7.603,0.407
66.86,-6.12,-0.483,-7.879,0.465
66.87,-5.762,-0.52,-8.139,0.521
66.88,-5.395,-0.559,-8.381,0.576
66.89,-5.022,-0.597,-8.603,0.63
66.9,-4.646,-0.635,-8.805,0.682
66.91,-4.27,-0.672,-8.987,0.734
66.92,-3.894,-0.708,-9.149,0.785
66.93,-3.522,-0.743,-9.291,0.837
66.94,-3.154,-0.776,-9.415,0.888
66.95,-2.791,-0.808,-9.522,0.939
66.96,-2.433,-0.837,-9.612,0.99
66.97,-2.083,-0.864,-9.686,1.042
66.98,-1.74,-0.889,-9.746,1.092
66.99,-1.408,-0.91,-9.791,1.144
67,-1.085,-0.927,-9.824,1.196
67.01,-0.773,-0.942,-9.846,1.248
67.02,-0.472,-0.954,-9.857,1.3
67.03,-0.182,-0.961,-9.859,1.353
67.04,0.097,-0.965,-9.852,1.406
67.05,0.365,-0.965,-9.838,1.459
67.06,0.623,-0.961,-9.818,1.513
67.07,0.872,-0.953,-9.791,1.565
67.08,1.114,-0.942,-9.759,1.617
67.09,1.35,-0.928,-9.722,1.667
67.1,1.58,-0.911,-9.68,1.717
67.11,1.808,-0.891,-9.634,1.764
67.12,2.032,-0.869,-9.583,1.809
67.13,2.257,-0.844,-9.526,1.851
67.14,2.484,-0.819,-9.465,1.889
67.15,2.714,-0.793,-9.396,1.925
67.16,2.947,-0.768,-9.321,1.959
67.17,3.185,-0.743,-9.238,1.989
67.18,3.427,-0.72,-9.146,2.016
67.19,3.674,-0.698,-9.046,2.04
67.2,3.925,-0.677,-8.937,2.06
67.21,4.183,-0.66,-8.817,2.078
67.22,4.448,-0.645,-8.684,2.091
67.23,4.716,-0.631,-8.54,2.101
67.24,4.986,-0.619,-8.384,2.109
67.25,5.259,-0.612,-8.215,2.113
67.26,5.534,-0.607,-8.033,2.114
67.27,5.808,-0.603,-7.837,2.112
67.28,6.081,-0.603,-7.629,2.107
67.29,6.35,-0.606,-7.408,2.099
67.3,6.616,-0.611,-7.175,2.089
67.31,6.876,-0.619,-6.929,2.077
67.32,7.132,-0.629,-6.669,2.06
67.33,7.38,-0.642,-6.398,2.043
67.34,7.62,-0.656,-6.115,2.022
67.35,7.853,-0.673,-5.82,1.998
67.36,8.076,-0.691,-5.513,1.973
67.37,8.288,-0.711,-5.196,1.943
67.38,8.49,-0.733,-4.869,1.911
67.39,8.68,-0.756,-4.532,1.878
67.4,8.859,-0.781,-4.185,1.841
67.41,9.024,-0.806,-3.828,1.802
67.42,9.176,-0.833,-3.463,1.759
67.43,9.315,-0.862,-3.088,1.715
67.44,9.438,-0.891,-2.706,1.668
67.45,9.547,-0.92,-2.318,1.619
67.46,9.64,-0.952,-1.921,1.568
67.47,9.717,-0.983,-1.52,1.515
67.48,9.777,-1.014,-1.117,1.46
67.49,9.82,-1.044,-0.713,1.402
67.5,9.846,-1.072,-0.31,1.344
67.51,9.855,-1.1,0.09,1.283
67.52,9.849,-1.125,0.486,1.22
67.53,9.826,-1.15,0.877,1.156
67.54,9.789,-1.172,1.261,1.091
67.55,9.738,-1.194,1.636,1.024
67.56,9.674,-1.214,2.002,0.956
67.57,9.598,-1.233,2.356,0.887
67.58,9.511,-1.25,2.701,0.817
67.59,9.413,-1.267,3.036,0.746
67.6,9.305,-1.282,3.362,0.673
67.61,9.188,-1.296,3.677,0.599
67.62,9.062,-1.31,3.984,0.525
67.63,8.927,-1.324,4.282,0.45
67.64,8.785,-1.337,4.57,0.374
67.65,8.634,-1.35,4.85,0.298
67.66,8.476,-1.362,5.122,0.221
67.67,8.311,-1.373,5.385,0.143
67.68,8.139,-1.384,5.642,0.066
67.69,7.958,-1.394,5.891,-0.011
67.7,7.77,-1.403,6.134,-0.09
67.71,7.574,-1.41,6.371,-0.168
67.72,7.371,-1.418,6.601,-0.247
67.73,7.161,-1.424,6.824,-0.326
67.74,6.945,-1.43,7.039,-0.405
67.75,6.722,-1.435,7.247,-0.483
67.76,6.492,-1.439,7.446,-0.561
67.77,6.257,-1.441,7.638,-0.639
67.78,6.016,-1.444,7.823,-0.716
67.79,5.77,-1.445,7.998,-0.792
67.8,5.52,-1.445,8.165,-0.868
67.81,5.265,-1.443,8.325,-0.942
67.82,5.004,-1.441,8.476,-1.014
67.83,4.739,-1.437,8.619,-1.085
67.84,4.469,-1.433,8.754,-1.154
67.85,4.194,-1.425,8.881,-1.22
67.86,3.914,-1.417,9,-1.285
67.87,3.629,-1.407,9.112,-1.346
67.88,3.338,-1.396,9.215,-1.404
67.89,3.041,-1.383,9.311,-1.459
67.9,2.739,-1.368,9.398,-1.512
67.91,2.431,-1.35,9.477,-1.56
67.92,2.116,-1.331,9.548,-1.606
67.93,1.795,-1.309,9.609,-1.649
67.94,1.467,-1.284,9.661,-1.689
67.95,1.133,-1.257,9.703,-1.725
67.96,0.793,-1.228,9.734,-1.758
67.97,0.446,-1.196,9.755,-1.789
67.98,0.093,-1.162,9.764,-1.817
67.99,-0.266,-1.125,9.76,-1.84
68,-0.631,-1.086,9.744,-1.861
68.01,-1.002,-1.043,9.714,-1.878
68.02,-1.377,-0.998,9.67,-1.892
68.03,-1.759,-0.949,9.611,-1.901
68.04,-2.145,-0.898,9.536,-1.906
68.05,-2.536,-0.843,9.445,-1.908
68.06,-2.929,-0.785,9.336,-1.906
68.07,-3.324,-0.725,9.209,-1.899
68.08,-3.717,-0.663,9.065,-1.887
68.09,-4.109,-0.599,8.902,-1.871
68.1,-4.496,-0.533,8.721,-1.851
68.11,-4.877,-0.467,8.523,-1.827
68.12,-5.254,-0.401,8.306,-1.797
68.13,-5.622,-0.335,8.072,-1.764
68.14,-5.98,-0.269,7.821,-1.727
68.15,-6.327,-0.205,7.554,-1.687
68.16,-6.66,-0.142,7.274,-1.643
68.17,-6.979,-0.08,6.98,-1.595
68.18,-7.284,-0.021,6.674,-1.544
68.19,-7.572,0.035,6.358,-1.49
68.2,-7.844,0.09,6.033,-1.432
68.21,-8.1,0.143,5.699,-1.372
68.22,-8.339,0.193,5.357,-1.308
68.23,-8.563,0.241,5.006,-1.244
68.24,-8.771,0.288,4.647,-1.176
68.25,-8.962,0.333,4.282,-1.106
68.26,-9.138,0.375,3.909,-1.035
68.27,-9.296,0.415,3.53,-0.963
68.28,-9.439,0.453,3.146,-0.889
68.29,-9.564,0.49,2.758,-0.815
68.3,-9.673,0.525,2.366,-0.739
68.31,-9.765,0.556,1.971,-0.664
68.32,-9.84,0.586,1.572,-0.587
68.33,-9.898,0.615,1.171,-0.511
68.34,-9.94,0.642,0.769,-0.434
68.35,-9.964,0.666,0.363,-0.357
68.36,-9.972,0.688,-0.044,-0.281
68.37,-9.962,0.708,-0.454,-0.205
68.38,-9.934,0.727,-0.867,-0.129
68.39,-9.889,0.743,-1.281,-0.054
68.4,-9.826,0.757,-1.695,0.019
68.41,-9.744,0.769,-2.107,0.092
68.42,-9.644,0.778,-2.518,0.163
68.43,-9.526,0.785,-2.926,0.233
68.44,-9.39,0.79,-3.331,0.302
68.45,-9.235,0.793,-3.734,0.366
68.46,-9.061,0.794,-4.131,0.429
68.47,-8.87,0.792,-4.52,0.49
68.48,-8.664,0.79,-4.899,0.548
68.49,-8.442,0.786,-5.267,0.604
68.5,-8.206,0.782,-5.622,0.657
68.51,-7.957,0.777,-5.964,0.708
68.52,-7.696,0.771,-6.292,0.757
68.53,-7.423,0.764,-6.607,0.802
68.54,-7.138,0.757,-6.91,0.845
68.55,-6.841,0.75,-7.2,0.886
68.56,-6.533,0.741,-7.477,0.924
68.57,-6.215,0.732,-7.74,0.958
68.58,-5.886,0.722,-7.99,0.99
68.59,-5.548,0.712,-8.226,1.019
68.6,-5.201,0.701,-8.447,1.046
68.61,-4.846,0.69,-8.653,1.069
68.62,-4.484,0.678,-8.845,1.09
68.63,-4.115,0.666,-9.021,1.108
68.64,-3.74,0.655,-9.182,1.123
68.65,-3.361,0.642,-9.326,1.136
68.66,-2.979,0.63,-9.455,1.147
68.67,-2.593,0.619,-9.568,1.154
68.68,-2.206,0.608,-9.665,1.159
68.69,-1.819,0.597,-9.745,1.161
68.7,-1.432,0.587,-9.81,1.161
68.71,-1.047,0.578,-9.86,1.158
68.72,-0.663,0.57,-9.894,1.152
68.73,-0.281,0.563,-9.914,1.144
68.74,0.097,0.556,-9.919,1.133
68.75,0.473,0.55,-9.91,1.12
68.76,0.845,0.545,-9.887,1.103
68.77,1.214,0.541,-9.851,1.084
68.78,1.576,0.539,-9.802,1.062
68.79,1.934,0.538,-9.741,1.038
68.8,2.286,0.538,-9.667,1.011
68.81,2.634,0.539,-9.581,0.983
68.82,2.976,0.541,-9.483,0.952
68.83,3.312,0.544,-9.374,0.919
68.84,3.644,0.547,-9.253,0.884
68.85,3.972,0.551,-9.121,0.848
68.86,4.295,0.555,-8.976,0.81
68.87,4.614,0.558,-8.82,0.771
68.88,4.93,0.562,-8.651,0.73
68.89,5.243,0.565,-8.468,0.69
68.9,5.551,0.568,-8.272,0.648
68.91,5.853,0.571,-8.064,0.605
68.92,6.15,0.575,-7.843,0.561
68.93,6.44,0.579,-7.61,0.518
68.94,6.722,0.583,-7.365,0.473
68.95,6.994,0.587,-7.11,0.428
68.96,7.257,0.591,-6.843,0.382
68.97,7.511,0.596,-6.566,0.336
68.98,7.754,0.601,-6.278,0.289
68.99,7.988,0.605,-5.979,0.242
69,8.211,0.61,-5.67,0.195
69.01,8.423,0.614,-5.351,0.147
69.02,8.624,0.618,-5.022,0.1
69.03,8.813,0.622,-4.683,0.054
69.04,8.989,0.626,-4.335,0.007
69.05,9.152,0.629,-3.978,-0.039
69.06,9.302,0.632,-3.612,-0.085
69.07,9.438,0.635,-3.24,-0.13
69.08,9.558,0.636,-2.861,-0.175
69.09,9.664,0.637,-2.477,-0.22
69.1,9.755,0.638,-2.087,-0.263
69.11,9.83,0.637,-1.693,-0.306
69.12,9.888,0.636,-1.297,-0.348
69.13,9.931,0.634,-0.901,-0.39
69.14,9.958,0.63,-0.504,-0.431
69.15,9.968,0.625,-0.108,-0.471
69.16,9.963,0.62,0.286,-0.511
69.17,9.942,0.614,0.68,-0.549
69.18,9.906,0.606,1.072,-0.586
69.19,9.854,0.597,1.46,-0.622
69.2,9.788,0.588,1.845,-0.657
69.21,9.707,0.579,2.225,-0.691
69.22,9.612,0.567,2.597,-0.724
69.23,9.504,0.553,2.962,-0.756
69.24,9.384,0.54,3.32,-0.787
69.25,9.251,0.524,3.669,-0.817
69.26,9.107,0.507,4.009,-0.846
69.27,8.953,0.489,4.34,-0.873
69.28,8.787,0.471,4.662,-0.899
69.29,8.612,0.451,4.975,-0.924
69.3,8.428,0.431,5.279,-0.948
69.31,8.235,0.41,5.573,-0.971
69.32,8.034,0.388,5.857,-0.993
69.33,7.826,0.365,6.13,-1.013
69.34,7.612,0.342,6.392,-1.033
69.35,7.391,0.318,6.645,-1.051
69.36,7.163,0.294,6.888,-1.067
69.37,6.929,0.269,7.123,-1.082
69.38,6.687,0.244,7.349,-1.096
69.39,6.438,0.221,7.567,-1.109
69.4,6.18,0.197,7.778,-1.119
69.41,5.915,0.174,7.981,-1.128
69.42,5.642,0.152,8.175,-1.136
69.43,5.357,0.134,8.364,-1.142
69.44,5.062,0.118,8.546,-1.147
69.45,4.757,0.103,8.719,-1.151
69.46,4.444,0.091,8.883,-1.153
69.47,4.121,0.08,9.037,-1.154
69.48,3.791,0.071,9.18,-1.153
69.49,3.453,0.065,9.313,-1.151
69.5,3.107,0.06,9.435,-1.148
69.51,2.755,0.058,9.544,-1.142
69.52,2.395,0.057,9.641,-1.135
69.53,2.029,0.059,9.726,-1.126
69.54,1.657,0.063,9.798,-1.115
69.55,1.28,0.068,9.855,-1.102
69.56,0.901,0.075,9.899,-1.088
69.57,0.52,0.084,9.928,-1.073
69.58,0.138,0.095,9.942,-1.056
69.59,-0.243,0.107,9.942,-1.037
69.6,-0.625,0.121,9.927,-1.017
69.61,-1.008,0.137,9.898,-0.996
69.62,-1.39,0.155,9.853,-0.974
69.63,-1.771,0.174,9.794,-0.949
69.64,-2.151,0.196,9.719,-0.924
69.65,-2.531,0.218,9.63,-0.896
69.66,-2.909,0.243,9.524,-0.868
69.67,-3.284,0.269,9.404,-0.838
69.68,-3.654,0.296,9.268,-0.806
69.69,-4.019,0.324,9.117,-0.773
69.7,-4.377,0.353,8.953,-0.739
69.71,-4.728,0.383,8.774,-0.704
69.72,-5.07,0.415,8.583,-0.668
69.73,-5.404,0.446,8.378,-0.63
69.74,-5.729,0.478,8.16,-0.592
69.75,-6.045,0.511,7.93,-0.553
69.76,-6.349,0.547,7.688,-0.513
69.77,-6.644,0.582,7.435,-0.472
69.78,-6.928,0.619,7.171,-0.43
69.79,-7.201,0.656,6.896,-0.388
69.8,-7.462,0.693,6.611,-0.344
69.81,-7.712,0.731,6.315,-0.299
69.82,-7.95,0.769,6.011,-0.254
69.83,-8.175,0.807,5.697,-0.208
69.84,-8.387,0.845,5.376,-0.162
69.85,-8.586,0.883,5.048,-0.114
69.86,-8.77,0.921,4.713,-0.068
69.87,-8.941,0.959,4.372,-0.021
69.88,-9.099,0.997,4.026,0.025
69.89,-9.242,1.035,3.674,0.072
69.9,-9.371,1.072,3.317,0.119
69.91,-9.487,1.109,2.955,0.165
69.92,-9.588,1.145,2.589,0.212
69.93,-9.675,1.181,2.218,0.258
69.94,-9.747,1.217,1.844,0.304
69.95,-9.805,1.252,1.469,0.35
69.96,-9.848,1.287,1.092,0.396
69.97,-9.876,1.322,0.716,0.441
69.98,-9.889,1.356,0.342,0.485
69.99,-9.888,1.39,-0.03,0.528
70,-9.873,1.424,-0.399,0.572
70.01,-9.844,1.457,-0.766,0.614
70.02,-9.801,1.491,-1.131,0.655
70.03,-9.744,1.524,-1.492,0.696
70.04,-9.675,1.556,-1.851,0.736
70.05,-9.591,1.587,-2.207,0.774
70.06,-9.495,1.618,-2.561,0.812
70.07,-9.385,1.647,-2.911,0.849
70.08,-9.262,1.675,-3.259,0.884
70.09,-9.125,1.704,-3.602,0.919
70.1,-8.975,1.731,-3.941,0.952
70.11,-8.812,1.757,-4.274,0.984
70.12,-8.638,1.782,-4.601,1.015
70.13,-8.451,1.805,-4.921,1.044
70.14,-8.252,1.828,-5.235,1.072
70.15,-8.042,1.849,-5.54,1.098
70.16,-7.821,1.869,-5.837,1.123
70.17,-7.588,1.888,-6.126,1.146
70.18,-7.345,1.904,-6.406,1.169
70.19,-7.09,1.919,-6.679,1.19
70.2,-6.825,1.932,-6.943,1.21
70.21,-6.549,1.944,-7.197,1.228
70.22,-6.263,1.953,-7.442,1.245
70.23,-5.967,1.959,-7.678,1.261
70.24,-5.661,1.963,-7.903,1.276
70.25,-5.346,1.965,-8.117,1.289
70.26,-5.022,1.965,-8.319,1.3
70.27,-4.691,1.963,-8.509,1.31
70.28,-4.354,1.959,-8.686,1.318
70.29,-4.013,1.953,-8.85,1.324
70.3,-3.668,1.946,-8.999,1.326
70.31,-3.321,1.938,-9.135,1.326
70.32,-2.972,1.928,-9.257,1.324
70.33,-2.621,1.917,-9.365,1.319
70.34,-2.269,1.905,-9.46,1.312
70.35,-1.918,1.891,-9.541,1.301
70.36,-1.567,1.876,-9.61,1.289
70.37,-1.219,1.86,-9.665,1.274
70.38,-0.873,1.842,-9.708,1.256
70.39,-0.529,1.822,-9.739,1.236
70.4,-0.187,1.801,-9.759,1.214
70.41,0.151,1.778,-9.767,1.19
70.42,0.486,1.752,-9.764,1.164
70.43,0.817,1.726,-9.749,1.136
70.44,1.148,1.696,-9.725,1.107
70.45,1.477,1.665,-9.689,1.077
70.46,1.803,1.632,-9.643,1.045
70.47,2.128,1.596,-9.586,1.014
70.48,2.45,1.559,-9.518,0.981
70.49,2.768,1.521,-9.44,0.947
70.5,3.085,1.48,-9.351,0.913
70.51,3.398,1.438,-9.252,0.878
70.52,3.708,1.395,-9.142,0.843
70.53,4.015,1.349,-9.022,0.808
70.54,4.319,1.302,-8.89,0.773
70.55,4.619,1.252,-8.748,0.737
70.56,4.915,1.202,-8.596,0.702
70.57,5.208,1.15,-8.432,0.667
70.58,5.496,1.096,-8.257,0.632
70.59,5.781,1.04,-8.07,0.598
70.6,6.062,0.984,-7.871,0.564
70.61,6.339,0.925,-7.659,0.531
70.62,6.611,0.867,-7.435,0.498
70.63,6.878,0.807,-7.198,0.466
70.64,7.138,0.746,-6.949,0.434
70.65,7.39,0.686,-6.689,0.403
70.66,7.634,0.625,-6.417,0.373
70.67,7.869,0.564,-6.134,0.342
70.68,8.095,0.503,-5.84,0.313
70.69,8.311,0.443,-5.535,0.284
70.7,8.516,0.384,-5.22,0.255
70.71,8.71,0.325,-4.896,0.226
70.72,8.891,0.267,-4.563,0.198
70.73,9.06,0.211,-4.222,0.171
70.74,9.216,0.156,-3.874,0.143
70.75,9.358,0.104,-3.519,0.116
70.76,9.487,0.053,-3.158,0.09
70.77,9.601,0.005,-2.793,0.064
70.78,9.701,-0.042,-2.424,0.038
70.79,9.786,-0.087,-2.054,0.012
70.8,9.856,-0.13,-1.681,-0.012
70.81,9.912,-0.17,-1.307,-0.037
70.82,9.953,-0.21,-0.932,-0.062
70.83,9.98,-0.247,-0.558,-0.086
70.84,9.993,-0.282,-0.183,-0.11
70.85,9.992,-0.314,0.19,-0.133
70.86,9.976,-0.344,0.562,-0.156
70.87,9.947,-0.372,0.932,-0.177
70.88,9.905,-0.397,1.3,-0.199
70.89,9.848,-0.42,1.664,-0.219
70.9,9.779,-0.44,2.025,-0.239
70.91,9.697,-0.457,2.381,-0.258
70.92,9.603,-0.471,2.732,-0.277
70.93,9.497,-0.484,3.078,-0.295
70.94,9.379,-0.493,3.417,-0.313
70.95,9.25,-0.499,3.75,-0.329
70.96,9.11,-0.503,4.076,-0.346
70.97,8.96,-0.504,4.395,-0.363
70.98,8.8,-0.503,4.706,-0.38
70.99,8.631,-0.501,5.009,-0.397
71,8.452,-0.496,5.304,-0.415
71.01,8.264,-0.487,5.591,-0.431
71.02,8.069,-0.477,5.87,-0.448
71.03,7.865,-0.464,6.14,-0.464
71.04,7.654,-0.449,6.401,-0.48
71.05,7.435,-0.432,6.653,-0.497
71.06,7.211,-0.412,6.896,-0.514
71.07,6.98,-0.39,7.13,-0.531
71.08,6.744,-0.364,7.354,-0.547
71.09,6.502,-0.336,7.568,-0.564
71.1,6.255,-0.305,7.774,-0.581
71.11,6.002,-0.272,7.971,-0.598
71.12,5.744,-0.236,8.159,-0.615
71.13,5.479,-0.197,8.338,-0.632
71.14,5.209,-0.157,8.509,-0.65
71.15,4.933,-0.114,8.672,-0.668
71.16,4.651,-0.069,8.825,-0.688
71.17,4.365,-0.02,8.968,-0.709
71.18,4.073,0.03,9.103,-0.729
71.19,3.776,0.081,9.228,-0.751
71.2,3.472,0.137,9.344,-0.772
71.21,3.162,0.194,9.451,-0.793
71.22,2.843,0.254,9.549,-0.815
71.23,2.517,0.317,9.636,-0.836
71.24,2.184,0.382,9.713,-0.857
71.25,1.843,0.449,9.779,-0.877
71.26,1.496,0.518,9.832,-0.896
71.27,1.143,0.589,9.874,-0.915
71.28,0.785,0.661,9.903,-0.933
71.29,0.42,0.736,9.918,-0.95
71.3,0.051,0.812,9.919,-0.967
71.31,-0.321,0.89,9.906,-0.983
71.32,-0.698,0.969,9.878,-0.996
71.33,-1.079,1.05,9.834,-1.007
71.34,-1.464,1.132,9.774,-1.017
71.35,-1.852,1.215,9.697,-1.025
71.36,-2.243,1.299,9.602,-1.031
71.37,-2.636,1.383,9.49,-1.032
71.38,-3.031,1.468,9.359,-1.031
71.39,-3.426,1.551,9.208,-1.027
71.4,-3.821,1.635,9.037,-1.02
71.41,-4.218,1.721,8.844,-1.008
71.42,-4.611,1.805,8.63,-0.993
71.43,-4.998,1.888,8.396,-0.974
71.44,-5.379,1.969,8.14,-0.952
71.45,-5.751,2.048,7.865,-0.926
71.46,-6.111,2.125,7.57,-0.897
71.47,-6.459,2.199,7.258,-0.866
71.48,-6.791,2.27,6.93,-0.832
71.49,-7.105,2.337,6.588,-0.797
71.5,-7.4,2.402,6.235,-0.76
71.51,-7.677,2.46,5.871,-0.723
71.52,-7.934,2.516,5.499,-0.686
71.53,-8.171,2.566,5.121,-0.648
71.54,-8.387,2.611,4.738,-0.611
71.55,-8.583,2.651,4.355,-0.574
71.56,-8.758,2.684,3.972,-0.54
71.57,-8.914,2.714,3.591,-0.506
71.58,-9.052,2.738,3.213,-0.475
71.59,-9.172,2.756,2.838,-0.447
71.6,-9.276,2.77,2.468,-0.42
71.61,-9.364,2.78,2.1,-0.395
71.62,-9.438,2.785,1.735,-0.372
71.63,-9.498,2.785,1.375,-0.351
71.64,-9.545,2.782,1.02,-0.333
71.65,-9.578,2.774,0.672,-0.317
71.66,-9.599,2.764,0.331,-0.305
71.67,-9.609,2.75,-0.003,-0.296
71.68,-9.609,2.731,-0.331,-0.289
71.69,-9.599,2.709,-0.654,-0.285
71.7,-9.579,2.684,-0.969,-0.284
71.71,-9.551,2.657,-1.276,-0.286
71.72,-9.515,2.626,-1.574,-0.291
71.73,-9.472,2.591,-1.863,-0.299
71.74,-9.423,2.554,-2.137,-0.312
71.75,-9.369,2.514,-2.404,-0.328
71.76,-9.31,2.47,-2.662,-0.345
71.77,-9.246,2.423,-2.913,-0.364
71.78,-9.177,2.376,-3.158,-0.385
71.79,-9.104,2.324,-3.397,-0.407
71.8,-9.025,2.27,-3.632,-0.429
71.81,-8.941,2.214,-3.865,-0.451
71.82,-8.851,2.156,-4.096,-0.473
71.83,-8.754,2.096,-4.327,-0.493
71.84,-8.648,2.035,-4.559,-0.512
71.85,-8.534,1.973,-4.794,-0.529
71.86,-8.411,1.91,-5.03,-0.544
71.87,-8.277,1.846,-5.269,-0.557
71.88,-8.133,1.781,-5.509,-0.568
71.89,-7.976,1.715,-5.753,-0.576
71.9,-7.807,1.65,-5.998,-0.582
71.91,-7.624,1.585,-6.244,-0.587
71.92,-7.429,1.519,-6.491,-0.589
71.93,-7.22,1.453,-6.738,-0.59
71.94,-6.996,1.387,-6.984,-0.588
71.95,-6.757,1.323,-7.227,-0.586
71.96,-6.501,1.26,-7.469,-0.582
71.97,-6.227,1.197,-7.71,-0.576
71.98,-5.934,1.135,-7.948,-0.566
71.99,-5.619,1.075,-8.182,-0.555
72,-5.284,1.017,-8.41,-0.543
72.01,-4.928,0.962,-8.631,-0.529
72.02,-4.552,0.906,-8.842,-0.514
72.03,-4.155,0.852,-9.041,-0.496
72.04,-3.74,0.8,-9.226,-0.479
72.05,-3.31,0.751,-9.394,-0.462
72.06,-2.865,0.702,-9.544,-0.445
72.07,-2.403,0.657,-9.675,-0.427
72.08,-1.932,0.613,-9.783,-0.41
72.09,-1.452,0.57,-9.869,-0.392
72.1,-0.966,0.528,-9.932,-0.375
72.11,-0.477,0.487,-9.97,-0.356
72.12,0.013,0.446,-9.984,-0.338
72.13,0.503,0.407,-9.973,-0.318
72.14,0.991,0.368,-9.939,-0.3
72.15,1.473,0.33,-9.881,-0.28
72.16,1.949,0.292,-9.8,-0.261
72.17,2.414,0.256,-9.697,-0.242
72.18,2.868,0.219,-9.574,-0.223
72.19,3.31,0.183,-9.432,-0.204
72.2,3.738,0.147,-9.271,-0.184
72.21,4.153,0.112,-9.094,-0.165
72.22,4.554,0.078,-8.9,-0.147
72.23,4.943,0.045,-8.691,-0.128
72.24,5.318,0.013,-8.467,-0.108
72.25,5.678,-0.017,-8.231,-0.088
72.26,6.022,-0.048,-7.982,-0.068
72.27,6.351,-0.078,-7.723,-0.048
72.28,6.666,-0.108,-7.453,-0.026
72.29,6.965,-0.136,-7.173,-0.003
72.3,7.249,-0.163,-6.885,0.02
72.31,7.518,-0.189,-6.59,0.044
72.32,7.772,-0.215,-6.288,0.069
72.33,8.01,-0.24,-5.98,0.094
72.34,8.234,-0.264,-5.666,0.12
72.35,8.443,-0.286,-5.347,0.146
72.36,8.639,-0.307,-5.023,0.172
72.37,8.821,-0.327,-4.693,0.198
72.38,8.991,-0.346,-4.357,0.223
72.39,9.146,-0.364,-4.017,0.248
72.4,9.288,-0.381,-3.673,0.274
72.41,9.417,-0.397,-3.326,0.3
72.42,9.532,-0.412,-2.975,0.325
72.43,9.634,-0.426,-2.621,0.351
72.44,9.723,-0.439,-2.264,0.375
72.45,9.798,-0.452,-1.904,0.399
72.46,9.86,-0.463,-1.542,0.422
72.47,9.908,-0.474,-1.179,0.445
72.48,9.943,-0.485,-0.815,0.468
72.49,9.965,-0.494,-0.45,0.49
72.5,9.973,-0.503,-0.084,0.511
72.51,9.968,-0.511,0.282,0.532
72.52,9.95,-0.517,0.649,0.552
72.53,9.917,-0.523,1.017,0.571
72.54,9.872,-0.527,1.384,0.588
72.55,9.812,-0.53,1.752,0.605
72.56,9.738,-0.532,2.118,0.62
72.57,9.65,-0.533,2.484,0.635
72.58,9.548,-0.532,2.849,0.647
72.59,9.431,-0.531,3.212,0.659
72.6,9.3,-0.528,3.573,0.669
72.61,9.154,-0.524,3.931,0.677
72.62,8.993,-0.519,4.286,0.685
72.63,8.817,-0.512,4.638,0.69
72.64,8.626,-0.504,4.984,0.695
72.65,8.42,-0.495,5.325,0.698
72.66,8.201,-0.485,5.658,0.7
72.67,7.967,-0.473,5.982,0.701
72.68,7.722,-0.459,6.298,0.7
72.69,7.464,-0.442,6.603,0.698
72.7,7.194,-0.424,6.897,0.696
72.71,6.914,-0.404,7.179,0.692
72.72,6.626,-0.381,7.448,0.687
72.73,6.328,-0.355,7.704,0.68
72.74,6.021,-0.327,7.948,0.673
72.75,5.707,-0.298,8.179,0.665
72.76,5.385,-0.267,8.396,0.656
72.77,5.057,-0.233,8.599,0.646
72.78,4.724,-0.197,8.788,0.634
72.79,4.388,-0.159,8.962,0.621
72.8,4.05,-0.12,9.121,0.608
72.81,3.71,-0.079,9.266,0.595
72.82,3.369,-0.036,9.397,0.579
72.83,3.027,0.009,9.514,0.562
72.84,2.684,0.056,9.617,0.545
72.85,2.341,0.104,9.707,0.527
72.86,2,0.154,9.783,0.507
72.87,1.662,0.206,9.846,0.486
72.88,1.328,0.26,9.897,0.463
72.89,0.999,0.315,9.935,0.44
72.9,0.674,0.371,9.961,0.416
72.91,0.354,0.429,9.976,0.39
72.92,0.039,0.49,9.981,0.361
72.93,-0.27,0.551,9.975,0.332
72.94,-0.576,0.614,9.959,0.302
72.95,-0.877,0.678,9.934,0.272
72.96,-1.174,0.743,9.9,0.24
72.97,-1.468,0.809,9.856,0.206
72.98,-1.758,0.876,9.803,0.17
72.99,-2.044,0.942,9.742,0.134
73,-2.327,1.01,9.672,0.098
73.01,-2.606,1.077,9.593,0.061
73.02,-2.883,1.145,9.506,0.021
73.03,-3.157,1.212,9.41,-0.018
73.04,-3.428,1.279,9.306,-0.059
73.05,-3.699,1.346,9.191,-0.099
73.06,-3.97,1.413,9.067,-0.14
73.07,-4.241,1.479,8.932,-0.181
73.08,-4.51,1.545,8.787,-0.222
73.09,-4.778,1.61,8.631,-0.26
73.1,-5.045,1.676,8.464,-0.296
73.11,-5.31,1.74,8.285,-0.333
73.12,-5.575,1.803,8.095,-0.37
73.13,-5.837,1.865,7.892,-0.403
73.14,-6.095,1.927,7.677,-0.434
73.15,-6.348,1.987,7.451,-0.464
73.16,-6.598,2.046,7.213,-0.493
73.17,-6.842,2.103,6.963,-0.52
73.18,-7.079,2.16,6.701,-0.543
73.19,-7.31,2.215,6.429,-0.565
73.2,-7.532,2.268,6.145,-0.587
73.21,-7.746,2.319,5.851,-0.606
73.22,-7.951,2.368,5.548,-0.622
73.23,-8.145,2.415,5.235,-0.637
73.24,-8.329,2.459,4.914,-0.65
73.25,-8.502,2.501,4.584,-0.66
73.26,-8.664,2.541,4.245,-0.669
73.27,-8.815,2.577,3.898,-0.674
73.28,-8.953,2.611,3.543,-0.677
73.29,-9.079,2.642,3.181,-0.677
73.3,-9.192,2.67,2.813,-0.676
73.31,-9.29,2.694,2.442,-0.671
73.32,-9.375,2.716,2.068,-0.666
73.33,-9.445,2.733,1.693,-0.66
73.34,-9.501,2.747,1.318,-0.652
73.35,-9.543,2.759,0.944,-0.643
73.36,-9.571,2.767,0.574,-0.634
73.37,-9.586,2.768,0.208,-0.626
73.38,-9.587,2.768,-0.145,-0.619
73.39,-9.577,2.764,-0.491,-0.615
73.4,-9.557,2.754,-0.829,-0.612
73.41,-9.526,2.742,-1.159,-0.609
73.42,-9.487,2.726,-1.479,-0.608
73.43,-9.438,2.708,-1.791,-0.608
73.44,-9.383,2.683,-2.094,-0.608
73.45,-9.32,2.655,-2.388,-0.61
73.46,-9.251,2.624,-2.674,-0.612
73.47,-9.176,2.589,-2.95,-0.614
73.48,-9.096,2.551,-3.218,-0.617
73.49,-9.012,2.509,-3.476,-0.62
73.5,-8.924,2.464,-3.728,-0.623
73.51,-8.831,2.415,-3.972,-0.625
73.52,-8.734,2.364,-4.21,-0.627
73.53,-8.633,2.311,-4.44,-0.628
73.54,-8.529,2.255,-4.666,-0.628
73.55,-8.419,2.196,-4.888,-0.627
73.56,-8.304,2.135,-5.107,-0.623
73.57,-8.184,2.074,-5.321,-0.619
73.58,-8.059,2.01,-5.533,-0.613
73.59,-7.929,1.943,-5.742,-0.606
73.6,-7.792,1.876,-5.949,-0.596
73.61,-7.65,1.808,-6.153,-0.585
73.62,-7.502,1.738,-6.353,-0.573
73.63,-7.348,1.666,-6.55,-0.559
73.64,-7.188,1.593,-6.744,-0.544
73.65,-7.021,1.518,-6.936,-0.527
73.66,-6.847,1.443,-7.125,-0.509
73.67,-6.664,1.367,-7.312,-0.49
73.68,-6.474,1.289,-7.496,-0.469
73.69,-6.274,1.21,-7.679,-0.446
73.7,-6.062,1.131,-7.86,-0.422
73.71,-5.831,1.053,-8.044,-0.397
73.72,-5.589,0.974,-8.226,-0.369
73.73,-5.332,0.894,-8.405,-0.34
73.74,-5.06,0.813,-8.58,-0.31
73.75,-4.776,0.734,-8.75,-0.28
73.76,-4.478,0.654,-8.913,-0.251
73.77,-4.167,0.574,-9.069,-0.221
73.78,-3.844,0.493,-9.216,-0.192
73.79,-3.508,0.413,-9.353,-0.163
73.8,-3.161,0.333,-9.48,-0.136
73.81,-2.802,0.252,-9.595,-0.11
73.82,-2.432,0.172,-9.697,-0.085
73.83,-2.053,0.093,-9.786,-0.061
73.84,-1.664,0.014,-9.86,-0.04
73.85,-1.268,-0.063,-9.918,-0.02
73.86,-0.865,-0.142,-9.961,-0.001
73.87,-0.454,-0.219,-9.987,0.014
73.88,-0.039,-0.296,-9.995,0.028
73.89,0.38,-0.372,-9.985,0.04
73.9,0.804,-0.446,-9.957,0.051
73.91,1.232,-0.519,-9.909,0.058
73.92,1.663,-0.59,-9.842,0.063
73.93,2.095,-0.659,-9.755,0.066
73.94,2.529,-0.726,-9.647,0.067
73.95,2.964,-0.791,-9.517,0.065
73.96,3.397,-0.853,-9.366,0.061
73.97,3.827,-0.912,-9.193,0.053
73.98,4.253,-0.968,-8.998,0.044
73.99,4.673,-1.021,-8.781,0.032
74,5.082,-1.07,-8.544,0.018
74.01,5.481,-1.117,-8.288,0.002
74.02,5.866,-1.16,-8.015,-0.015
74.03,6.235,-1.2,-7.724,-0.033
74.04,6.583,-1.237,-7.424,-0.055
74.05,6.913,-1.271,-7.112,-0.076
74.06,7.224,-1.301,-6.79,-0.097
74.07,7.516,-1.328,-6.459,-0.119
74.08,7.791,-1.353,-6.119,-0.141
74.09,8.047,-1.373,-5.772,-0.162
74.1,8.286,-1.39,-5.419,-0.182
74.11,8.505,-1.402,-5.063,-0.202
74.12,8.707,-1.413,-4.704,-0.22
74.13,8.891,-1.419,-4.344,-0.238
74.14,9.058,-1.422,-3.982,-0.255
74.15,9.208,-1.42,-3.62,-0.27
74.16,9.343,-1.415,-3.258,-0.284
74.17,9.462,-1.408,-2.897,-0.298
74.18,9.566,-1.399,-2.536,-0.311
74.19,9.655,-1.386,-2.176,-0.323
74.2,9.731,-1.37,-1.817,-0.335
74.21,9.793,-1.352,-1.46,-0.346
74.22,9.842,-1.331,-1.104,-0.357
74.23,9.878,-1.308,-0.75,-0.367
74.24,9.901,-1.284,-0.399,-0.377
74.25,9.912,-1.258,-0.049,-0.387
74.26,9.911,-1.229,0.296,-0.397
74.27,9.898,-1.199,0.64,-0.406
74.28,9.874,-1.167,0.98,-0.416
74.29,9.838,-1.133,1.317,-0.424
74.3,9.791,-1.099,1.65,-0.432
74.31,9.734,-1.062,1.979,-0.44
74.32,9.666,-1.024,2.304,-0.449
74.33,9.587,-0.985,2.627,-0.457
74.34,9.498,-0.944,2.946,-0.464
74.35,9.398,-0.902,3.261,-0.472
74.36,9.287,-0.858,3.573,-0.479
74.37,9.167,-0.814,3.88,-0.487
74.38,9.036,-0.768,4.184,-0.495
74.39,8.895,-0.721,4.483,-0.503
74.4,8.743,-0.674,4.778,-0.512
74.41,8.582,-0.625,5.068,-0.52
74.42,8.41,-0.576,5.352,-0.529
74.43,8.228,-0.527,5.632,-0.538
74.44,8.035,-0.477,5.907,-0.548
74.45,7.833,-0.428,6.175,-0.558
74.46,7.62,-0.379,6.438,-0.569
74.47,7.397,-0.33,6.695,-0.58
74.48,7.165,-0.281,6.944,-0.591
74.49,6.922,-0.232,7.187,-0.603
74.5,6.67,-0.184,7.422,-0.616
74.51,6.407,-0.136,7.65,-0.628
74.52,6.134,-0.089,7.87,-0.641
74.53,5.85,-0.041,8.083,-0.655
74.54,5.555,0.005,8.287,-0.669
74.55,5.249,0.052,8.483,-0.683
74.56,4.933,0.099,8.669,-0.698
74.57,4.606,0.146,8.845,-0.713
74.58,4.27,0.193,9.01,-0.729
74.59,3.923,0.24,9.164,-0.744
74.6,3.567,0.286,9.306,-0.759
74.61,3.203,0.331,9.435,-0.775
74.62,2.83,0.376,9.55,-0.791
74.63,2.449,0.42,9.652,-0.808
74.64,2.061,0.463,9.739,-0.824
74.65,1.666,0.505,9.811,-0.842
74.66,1.265,0.546,9.867,-0.859
74.67,0.858,0.586,9.907,-0.877
74.68,0.446,0.626,9.93,-0.894
74.69,0.03,0.664,9.936,-0.911
74.7,-0.391,0.702,9.924,-0.93
74.71,-0.814,0.74,9.893,-0.948
74.72,-1.237,0.778,9.845,-0.966
74.73,-1.658,0.815,9.778,-0.983
74.74,-2.077,0.851,9.693,-1
74.75,-2.492,0.887,9.589,-1.018
74.76,-2.901,0.922,9.468,-1.035
74.77,-3.303,0.955,9.33,-1.053
74.78,-3.696,0.988,9.176,-1.071
74.79,-4.081,1.019,9.006,-1.089
74.8,-4.455,1.048,8.821,-1.107
74.81,-4.82,1.076,8.621,-1.125
74.82,-5.176,1.103,8.407,-1.143
74.83,-5.522,1.129,8.178,-1.161
74.84,-5.858,1.154,7.934,-1.177
74.85,-6.185,1.179,7.676,-1.193
74.86,-6.501,1.203,7.404,-1.207
74.87,-6.807,1.227,7.117,-1.221
74.88,-7.102,1.252,6.816,-1.232
74.89,-7.385,1.275,6.503,-1.242
74.9,-7.654,1.298,6.176,-1.251
74.91,-7.909,1.32,5.839,-1.258
74.92,-8.15,1.341,5.492,-1.264
74.93,-8.376,1.362,5.135,-1.268
74.94,-8.585,1.381,4.77,-1.271
74.95,-8.779,1.399,4.398,-1.272
74.96,-8.956,1.415,4.021,-1.271
74.97,-9.116,1.429,3.638,-1.269
74.98,-9.259,1.443,3.251,-1.265
74.99,-9.386,1.454,2.86,-1.259
75,-9.497,1.464,2.466,-1.252
75.01,-9.591,1.473,2.069,-1.243
75.02,-9.669,1.481,1.67,-1.233
75.03,-9.729,1.488,1.272,-1.222
75.04,-9.774,1.494,0.874,-1.209
75.05,-9.803,1.497,0.478,-1.194
75.06,-9.816,1.499,0.085,-1.177
75.07,-9.814,1.499,-0.304,-1.158
75.08,-9.797,1.497,-0.692,-1.136
75.09,-9.765,1.494,-1.077,-1.114
75.1,-9.719,1.488,-1.458,-1.087
75.11,-9.66,1.481,-1.833,-1.059
75.12,-9.587,1.471,-2.203,-1.029
75.13,-9.501,1.46,-2.566,-0.998
75.14,-9.404,1.446,-2.921,-0.965
75.15,-9.294,1.431,-3.27,-0.931
75.16,-9.173,1.413,-3.61,-0.896
75.17,-9.042,1.393,-3.943,-0.859
75.18,-8.9,1.37,-4.268,-0.82
75.19,-8.749,1.346,-4.584,-0.781
75.2,-8.589,1.32,-4.891,-0.739
75.21,-8.421,1.292,-5.189,-0.697
75.22,-8.243,1.262,-5.479,-0.653
75.23,-8.058,1.23,-5.76,-0.607
75.24,-7.864,1.197,-6.033,-0.561
75.25,-7.662,1.163,-6.297,-0.513
75.26,-7.454,1.128,-6.552,-0.464
75.27,-7.238,1.092,-6.799,-0.414
75.28,-7.016,1.054,-7.036,-0.362
75.29,-6.788,1.015,-7.265,-0.31
75.3,-6.552,0.976,-7.486,-0.256
75.31,-6.309,0.935,-7.699,-0.203
75.32,-6.056,0.895,-7.905,-0.147
75.33,-5.793,0.853,-8.105,-0.092
75.34,-5.522,0.811,-8.297,-0.036
75.35,-5.24,0.768,-8.482,0.019
75.36,-4.946,0.724,-8.66,0.075
75.37,-4.643,0.681,-8.829,0.131
75.38,-4.332,0.636,-8.988,0.187
75.39,-4.011,0.591,-9.137,0.242
75.4,-3.68,0.545,-9.277,0.297
75.41,-3.341,0.498,-9.405,0.352
75.42,-2.992,0.451,-9.522,0.406
75.43,-2.637,0.403,-9.626,0.459
75.44,-2.275,0.354,-9.717,0.511
75.45,-1.905,0.305,-9.795,0.562
75.46,-1.53,0.256,-9.859,0.611
75.47,-1.148,0.206,-9.909,0.658
75.48,-0.76,0.156,-9.944,0.703
75.49,-0.368,0.107,-9.964,0.747
75.5,0.029,0.057,-9.968,0.788
75.51,0.43,0.009,-9.956,0.827
75.52,0.836,-0.039,-9.927,0.864
75.53,1.245,-0.086,-9.88,0.898
75.54,1.657,-0.134,-9.816,0.931
75.55,2.07,-0.182,-9.734,0.96
75.56,2.484,-0.229,-9.633,0.987
75.57,2.896,-0.275,-9.513,1.012
75.58,3.307,-0.322,-9.374,1.034
75.59,3.713,-0.367,-9.217,1.053
75.6,4.113,-0.411,-9.042,1.07
75.61,4.505,-0.453,-8.849,1.084
75.62,4.888,-0.494,-8.64,1.096
75.63,5.262,-0.533,-8.413,1.106
75.64,5.626,-0.57,-8.171,1.114
75.65,5.977,-0.606,-7.915,1.12
75.66,6.315,-0.639,-7.644,1.124
75.67,6.638,-0.669,-7.362,1.127
75.68,6.943,-0.694,-7.072,1.13
75.69,7.232,-0.717,-6.774,1.131
75.7,7.505,-0.737,-6.468,1.132
75.71,7.762,-0.754,-6.155,1.132
75.72,8.004,-0.769,-5.835,1.131
75.73,8.23,-0.78,-5.51,1.13
75.74,8.441,-0.788,-5.181,1.128
75.75,8.636,-0.794,-4.849,1.126
75.76,8.816,-0.797,-4.513,1.124
75.77,8.981,-0.796,-4.175,1.121
75.78,9.132,-0.793,-3.835,1.118
75.79,9.269,-0.787,-3.494,1.114
75.8,9.392,-0.778,-3.152,1.11
75.81,9.502,-0.767,-2.809,1.106
75.82,9.599,-0.753,-2.465,1.101
75.83,9.683,-0.737,-2.119,1.095
75.84,9.754,-0.72,-1.772,1.089
75.85,9.813,-0.701,-1.423,1.082
75.86,9.86,-0.68,-1.072,1.074
75.87,9.895,-0.658,-0.719,1.065
75.88,9.917,-0.635,-0.363,1.055
75.89,9.926,-0.611,-0.005,1.044
75.9,9.922,-0.586,0.354,1.032
75.91,9.906,-0.56,0.716,1.02
75.92,9.875,-0.534,1.08,1.006
75.93,9.832,-0.506,1.444,0.991
75.94,9.774,-0.479,1.81,0.976
75.95,9.701,-0.451,2.178,0.961
75.96,9.614,-0.422,2.546,0.943
75.97,9.512,-0.394,2.916,0.926
75.98,9.393,-0.366,3.286,0.907
75.99,9.257,-0.338,3.658,0.888
76,9.104,-0.31,4.031,0.868
76.01,8.93,-0.284,4.409,0.848
76.02,8.737,-0.259,4.785,0.827
76.03,8.525,-0.235,5.157,0.806
76.04,8.295,-0.211,5.524,0.783
76.05,8.046,-0.187,5.885,0.761
76.06,7.78,-0.163,6.236,0.737
76.07,7.496,-0.14,6.578,0.713
76.08,7.195,-0.117,6.909,0.688
76.09,6.878,-0.094,7.227,0.663
76.1,6.546,-0.071,7.531,0.636
76.11,6.2,-0.049,7.821,0.61
76.12,5.84,-0.027,8.096,0.583
76.13,5.467,-0.005,8.354,0.556
76.14,5.082,0.016,8.595,0.528
76.15,4.687,0.037,8.818,0.5
76.16,4.283,0.058,9.023,0.472
76.17,3.873,0.079,9.208,0.442
76.18,3.456,0.099,9.373,0.413
76.19,3.036,0.119,9.519,0.382
76.2,2.613,0.14,9.644,0.351
76.21,2.192,0.159,9.75,0.319
76.22,1.772,0.179,9.835,0.287
76.23,1.355,0.197,9.902,0.252
76.24,0.939,0.216,9.95,0.218
76.25,0.526,0.235,9.981,0.183
76.26,0.113,0.252,9.995,0.146
76.27,-0.296,0.27,9.991,0.108
76.28,-0.701,0.287,9.97,0.07
76.29,-1.101,0.304,9.934,0.031
76.3,-1.496,0.32,9.882,-0.008
76.31,-1.885,0.337,9.814,-0.049
76.32,-2.267,0.353,9.732,-0.092
76.33,-2.642,0.369,9.636,-0.135
76.34,-3.006,0.385,9.527,-0.178
76.35,-3.362,0.4,9.406,-0.223
76.36,-3.709,0.414,9.273,-0.268
76.37,-4.049,0.428,9.127,-0.312
76.38,-4.38,0.442,8.971,-0.357
76.39,-4.704,0.456,8.803,-0.401
76.4,-5.019,0.469,8.624,-0.446
76.41,-5.326,0.482,8.435,-0.489
76.42,-5.625,0.495,8.235,-0.533
76.43,-5.916,0.508,8.025,-0.575
76.44,-6.2,0.522,7.804,-0.617
76.45,-6.475,0.535,7.572,-0.657
76.46,-6.742,0.55,7.33,-0.697
76.47,-7.002,0.564,7.078,-0.735
76.48,-7.253,0.58,6.815,-0.772
76.49,-7.497,0.595,6.541,-0.808
76.5,-7.731,0.611,6.255,-0.841
76.51,-7.958,0.628,5.959,-0.873
76.52,-8.175,0.645,5.65,-0.902
76.53,-8.382,0.662,5.331,-0.929
76.54,-8.579,0.68,5.001,-0.954
76.55,-8.765,0.698,4.66,-0.976
76.56,-8.939,0.717,4.311,-0.995
76.57,-9.1,0.736,3.951,-1.012
76.58,-9.248,0.756,3.583,-1.025
76.59,-9.383,0.777,3.205,-1.035
76.6,-9.504,0.798,2.819,-1.042
76.61,-9.61,0.821,2.424,-1.045
76.62,-9.7,0.843,2.023,-1.045
76.63,-9.775,0.865,1.615,-1.041
76.64,-9.833,0.887,1.202,-1.033
76.65,-9.874,0.909,0.784,-1.022
76.66,-9.898,0.93,0.363,-1.007
76.67,-9.905,0.952,-0.063,-0.987
76.68,-9.893,0.974,-0.492,-0.963
76.69,-9.863,0.994,-0.923,-0.936
76.7,-9.814,1.014,-1.352,-0.905
76.71,-9.746,1.032,-1.781,-0.87
76.72,-9.661,1.049,-2.205,-0.832
76.73,-9.557,1.063,-2.624,-0.791
76.74,-9.437,1.076,-3.036,-0.747
76.75,-9.299,1.087,-3.441,-0.7
76.76,-9.146,1.095,-3.837,-0.649
76.77,-8.977,1.101,-4.223,-0.598
76.78,-8.793,1.104,-4.6,-0.544
76.79,-8.594,1.105,-4.967,-0.488
76.8,-8.382,1.103,-5.322,-0.43
76.81,-8.157,1.099,-5.667,-0.369
76.82,-7.918,1.093,-6,-0.308
76.83,-7.669,1.084,-6.32,-0.245
76.84,-7.407,1.073,-6.628,-0.181
76.85,-7.135,1.059,-6.924,-0.116
76.86,-6.853,1.043,-7.207,-0.05
76.87,-6.56,1.025,-7.477,0.017
76.88,-6.257,1.004,-7.734,0.084
76.89,-5.946,0.981,-7.978,0.153
76.9,-5.625,0.955,-8.209,0.221
76.91,-5.296,0.928,-8.425,0.29
76.92,-4.96,0.898,-8.628,0.359
76.93,-4.616,0.866,-8.817,0.428
76.94,-4.264,0.832,-8.992,0.498
76.95,-3.905,0.796,-9.154,0.566
76.96,-3.539,0.757,-9.3,0.634
76.97,-3.167,0.717,-9.431,0.702
76.98,-2.789,0.674,-9.548,0.768
76.99,-2.405,0.63,-9.649,0.834
77,-2.015,0.583,-9.736,0.899
77.01,-1.619,0.534,-9.806,0.962
77.02,-1.218,0.484,-9.86,1.024
77.03,-0.813,0.432,-9.898,1.084
77.04,-0.404,0.379,-9.919,1.142
77.05,0.007,0.325,-9.922,1.198
77.06,0.421,0.268,-9.908,1.252
77.07,0.837,0.211,-9.876,1.304
77.08,1.255,0.153,-9.826,1.354
77.09,1.673,0.094,-9.758,1.401
77.1,2.091,0.034,-9.671,1.445
77.11,2.507,-0.026,-9.565,1.486
77.12,2.922,-0.088,-9.44,1.525
77.13,3.334,-0.149,-9.296,1.56
77.14,3.743,-0.212,-9.132,1.592
77.15,4.146,-0.274,-8.95,1.621
77.16,4.542,-0.337,-8.748,1.646
77.17,4.929,-0.399,-8.529,1.668
77.18,5.307,-0.459,-8.292,1.687
77.19,5.673,-0.518,-8.04,1.702
77.2,6.025,-0.575,-7.772,1.715
77.21,6.363,-0.63,-7.491,1.726
77.22,6.685,-0.683,-7.199,1.734
77.23,6.991,-0.732,-6.896,1.74
77.24,7.28,-0.778,-6.583,1.743
77.25,7.553,-0.821,-6.262,1.745
77.26,7.809,-0.859,-5.934,1.745
77.27,8.048,-0.895,-5.601,1.743
77.28,8.271,-0.927,-5.262,1.74
77.29,8.477,-0.955,-4.92,1.735
77.3,8.666,-0.979,-4.576,1.729
77.31,8.839,-0.998,-4.23,1.723
77.32,8.997,-1.014,-3.883,1.715
77.33,9.137,-1.023,-3.54,1.707
77.34,9.264,-1.03,-3.198,1.698
77.35,9.376,-1.032,-2.857,1.689
77.36,9.475,-1.031,-2.517,1.678
77.37,9.561,-1.026,-2.179,1.666
77.38,9.634,-1.018,-1.844,1.653
77.39,9.696,-1.006,-1.512,1.638
77.4,9.745,-0.992,-1.182,1.624
77.41,9.784,-0.974,-0.856,1.607
77.42,9.812,-0.953,-0.533,1.589
77.43,9.829,-0.93,-0.211,1.571
77.44,9.836,-0.905,0.108,1.552
77.45,9.833,-0.879,0.426,1.531
77.46,9.82,-0.85,0.743,1.509
77.47,9.797,-0.821,1.06,1.485
77.48,9.764,-0.79,1.376,1.46
77.49,9.721,-0.759,1.693,1.433
77.5,9.666,-0.727,2.012,1.405
77.51,9.601,-0.696,2.331,1.376
77.52,9.524,-0.664,2.652,1.345
77.53,9.435,-0.632,2.975,1.313
77.54,9.333,-0.601,3.298,1.279
77.55,9.22,-0.57,3.621,1.243
77.56,9.093,-0.539,3.944,1.207
77.57,8.954,-0.508,4.265,1.169
77.58,8.802,-0.478,4.584,1.13
77.59,8.636,-0.447,4.901,1.091
77.6,8.457,-0.417,5.214,1.05
77.61,8.265,-0.387,5.524,1.009
77.62,8.059,-0.357,5.828,0.966
77.63,7.841,-0.327,6.127,0.924
77.64,7.609,-0.298,6.42,0.88
77.65,7.364,-0.268,6.707,0.837
77.66,7.105,-0.24,6.987,0.793
77.67,6.833,-0.213,7.259,0.748
77.68,6.549,-0.185,7.521,0.704
77.69,6.254,-0.158,7.772,0.658
77.7,5.949,-0.13,8.013,0.612
77.71,5.635,-0.102,8.241,0.565
77.72,5.312,-0.074,8.455,0.518
77.73,4.984,-0.046,8.656,0.47
77.74,4.651,-0.018,8.842,0.421
77.75,4.316,0.01,9.012,0.372
77.76,3.979,0.039,9.168,0.321
77.77,3.641,0.069,9.309,0.27
77.78,3.305,0.098,9.434,0.218
77.79,2.971,0.127,9.545,0.165
77.8,2.639,0.156,9.643,0.112
77.81,2.312,0.185,9.727,0.057
77.82,1.988,0.213,9.798,0.002
77.83,1.668,0.239,9.856,-0.053
77.84,1.354,0.266,9.903,-0.109
77.85,1.044,0.29,9.939,-0.167
77.86,0.739,0.314,9.965,-0.225
77.87,0.437,0.336,9.98,-0.283
77.88,0.138,0.357,9.986,-0.342
77.89,-0.158,0.377,9.983,-0.401
77.9,-0.453,0.397,9.971,-0.459
77.91,-0.746,0.415,9.949,-0.517
77.92,-1.038,0.432,9.919,-0.575
77.93,-1.328,0.448,9.881,-0.631
77.94,-1.616,0.463,9.833,-0.688
77.95,-1.903,0.477,9.777,-0.743
77.96,-2.189,0.49,9.712,-0.798
77.97,-2.475,0.503,9.638,-0.851
77.98,-2.762,0.514,9.554,-0.903
77.99,-3.056,0.526,9.458,-0.952
78,-3.353,0.539,9.351,-1
78.01,-3.653,0.551,9.233,-1.045
78.02,-3.954,0.563,9.102,-1.088
78.03,-4.255,0.576,8.96,-1.129
78.04,-4.556,0.589,8.805,-1.168
78.05,-4.855,0.603,8.637,-1.204
78.06,-5.154,0.617,8.456,-1.237
78.07,-5.45,0.631,8.263,-1.268
78.08,-5.743,0.646,8.056,-1.297
78.09,-6.032,0.662,7.837,-1.322
78.1,-6.317,0.678,7.604,-1.344
78.11,-6.597,0.695,7.357,-1.364
78.12,-6.872,0.712,7.096,-1.38
78.13,-7.14,0.73,6.821,-1.392
78.14,-7.402,0.748,6.533,-1.402
78.15,-7.654,0.766,6.231,-1.408
78.16,-7.897,0.784,5.918,-1.411
78.17,-8.128,0.801,5.593,-1.412
78.18,-8.347,0.817,5.259,-1.409
78.19,-8.553,0.832,4.916,-1.404
78.2,-8.745,0.846,4.565,-1.396
78.21,-8.924,0.858,4.207,-1.385
78.22,-9.087,0.869,3.844,-1.372
78.23,-9.235,0.877,3.478,-1.356
78.24,-9.367,0.882,3.111,-1.337
78.25,-9.484,0.885,2.744,-1.316
78.26,-9.585,0.884,2.378,-1.293
78.27,-9.672,0.882,2.014,-1.268
78.28,-9.744,0.876,1.652,-1.241
78.29,-9.803,0.869,1.292,-1.212
78.3,-9.848,0.858,0.935,-1.181
78.31,-9.88,0.845,0.58,-1.148
78.32,-9.9,0.829,0.234,-1.113
78.33,-9.907,0.81,-0.109,-1.078
78.34,-9.904,0.789,-0.447,-1.04
78.35,-9.889,0.766,-0.781,-1.001
78.36,-9.863,0.74,-1.11,-0.96
78.37,-9.828,0.713,-1.434,-0.918
78.38,-9.782,0.683,-1.753,-0.874
78.39,-9.726,0.652,-2.068,-0.83
78.4,-9.661,0.619,-2.378,-0.785
78.41,-9.586,0.585,-2.684,-0.738
78.42,-9.502,0.549,-2.987,-0.691
78.43,-9.409,0.511,-3.285,-0.642
78.44,-9.306,0.473,-3.579,-0.593
78.45,-9.193,0.434,-3.871,-0.543
78.46,-9.071,0.394,-4.16,-0.492
78.47,-8.937,0.354,-4.449,-0.441
78.48,-8.792,0.314,-4.736,-0.39
78.49,-8.635,0.274,-5.024,-0.338
78.5,-8.464,0.234,-5.311,-0.285
78.51,-8.28,0.193,-5.597,-0.233
78.52,-8.083,0.153,-5.881,-0.181
78.53,-7.873,0.113,-6.162,-0.13
78.54,-7.649,0.073,-6.44,-0.079
78.55,-7.411,0.033,-6.713,-0.028
78.56,-7.158,-0.006,-6.982,0.02
78.57,-6.891,-0.045,-7.245,0.068
78.58,-6.61,-0.085,-7.502,0.116
78.59,-6.314,-0.124,-7.751,0.162
78.6,-6.004,-0.163,-7.992,0.207
78.61,-5.681,-0.202,-8.222,0.251
78.62,-5.346,-0.241,-8.442,0.294
78.63,-5,-0.279,-8.649,0.336
78.64,-4.64,-0.317,-8.844,0.376
78.65,-4.27,-0.354,-9.025,0.415
78.66,-3.891,-0.39,-9.192,0.453
78.67,-3.502,-0.426,-9.344,0.49
78.68,-3.105,-0.46,-9.479,0.525
78.69,-2.703,-0.494,-9.598,0.56
78.7,-2.296,-0.527,-9.7,0.593
78.71,-1.887,-0.558,-9.784,0.625
78.72,-1.476,-0.588,-9.85,0.657
78.73,-1.066,-0.616,-9.899,0.687
78.74,-0.657,-0.643,-9.931,0.717
78.75,-0.252,-0.669,-9.946,0.746
78.76,0.147,-0.692,-9.944,0.774
78.77,0.542,-0.714,-9.927,0.802
78.78,0.93,-0.734,-9.894,0.83
78.79,1.311,-0.752,-9.847,0.857
78.8,1.683,-0.768,-9.787,0.884
78.81,2.047,-0.782,-9.714,0.911
78.82,2.401,-0.793,-9.629,0.937
78.83,2.746,-0.802,-9.533,0.964
78.84,3.082,-0.81,-9.426,0.989
78.85,3.411,-0.816,-9.309,1.014
78.86,3.73,-0.819,-9.182,1.039
78.87,4.043,-0.822,-9.046,1.063
78.88,4.347,-0.823,-8.901,1.086
78.89,4.644,-0.822,-8.747,1.108
78.9,4.933,-0.82,-8.585,1.129
78.91,5.216,-0.816,-8.414,1.149
78.92,5.492,-0.813,-8.234,1.168
78.93,5.763,-0.808,-8.045,1.185
78.94,6.029,-0.803,-7.846,1.2
78.95,6.29,-0.798,-7.636,1.214
78.96,6.546,-0.794,-7.416,1.225
78.97,6.8,-0.793,-7.183,1.234
78.98,7.048,-0.792,-6.938,1.241
78.99,7.29,-0.792,-6.683,1.246
79,7.524,-0.794,-6.417,1.249
79.01,7.75,-0.796,-6.142,1.25
79.02,7.967,-0.801,-5.857,1.25
79.03,8.175,-0.807,-5.563,1.247
79.04,8.373,-0.814,-5.261,1.243
79.05,8.56,-0.823,-4.95,1.237
79.06,8.737,-0.833,-4.63,1.229
79.07,8.903,-0.845,-4.304,1.219
79.08,9.058,-0.858,-3.969,1.207
79.09,9.201,-0.872,-3.627,1.192
79.1,9.331,-0.889,-3.278,1.176
79.11,9.449,-0.907,-2.923,1.157
79.12,9.554,-0.926,-2.561,1.135
79.13,9.646,-0.947,-2.195,1.11
79.14,9.724,-0.969,-1.824,1.082
79.15,9.788,-0.992,-1.449,1.052
79.16,9.837,-1.017,-1.069,1.019
79.17,9.873,-1.042,-0.685,0.982
79.18,9.893,-1.069,-0.298,0.942
79.19,9.898,-1.096,0.093,0.9
79.2,9.887,-1.124,0.488,0.854
79.21,9.86,-1.153,0.885,0.806
79.22,9.817,-1.181,1.281,0.754
79.23,9.758,-1.21,1.675,0.701
79.24,9.684,-1.238,2.065,0.644
79.25,9.594,-1.265,2.451,0.586
79.26,9.489,-1.292,2.83,0.525
79.27,9.37,-1.317,3.201,0.461
79.28,9.238,-1.342,3.563,0.395
79.29,9.093,-1.365,3.916,0.326
79.3,8.938,-1.388,4.256,0.255
79.31,8.77,-1.411,4.587,0.182
79.32,8.591,-1.432,4.91,0.108
79.33,8.401,-1.451,5.225,0.032
79.34,8.199,-1.468,5.532,-0.043
79.35,7.987,-1.483,5.83,-0.122
79.36,7.764,-1.496,6.118,-0.203
79.37,7.532,-1.506,6.396,-0.285
79.38,7.29,-1.515,6.664,-0.368
79.39,7.039,-1.522,6.922,-0.452
79.4,6.779,-1.527,7.17,-0.535
79.41,6.511,-1.53,7.407,-0.619
79.42,6.235,-1.531,7.634,-0.701
79.43,5.952,-1.53,7.849,-0.784
79.44,5.662,-1.527,8.053,-0.867
79.45,5.365,-1.522,8.246,-0.948
79.46,5.062,-1.515,8.427,-1.027
79.47,4.752,-1.505,8.597,-1.106
79.48,4.437,-1.494,8.756,-1.183
79.49,4.116,-1.48,8.904,-1.257
79.5,3.789,-1.464,9.04,-1.33
79.51,3.457,-1.446,9.164,-1.4
79.52,3.119,-1.425,9.277,-1.468
79.53,2.777,-1.401,9.379,-1.533
79.54,2.429,-1.376,9.469,-1.594
79.55,2.076,-1.347,9.546,-1.652
79.56,1.717,-1.315,9.612,-1.708
79.57,1.354,-1.281,9.665,-1.759
79.58,0.986,-1.244,9.706,-1.806
79.59,0.614,-1.205,9.733,-1.85
79.6,0.241,-1.163,9.747,-1.89
79.61,-0.133,-1.121,9.747,-1.926
79.62,-0.507,-1.077,9.733,-1.957
79.63,-0.877,-1.034,9.707,-1.982
79.64,-1.243,-0.992,9.667,-2.003
79.65,-1.602,-0.951,9.615,-2.018
79.66,-1.955,-0.911,9.551,-2.03
79.67,-2.298,-0.873,9.476,-2.037
79.68,-2.632,-0.838,9.392,-2.039
79.69,-2.955,-0.805,9.298,-2.036
79.7,-3.267,-0.775,9.198,-2.028
79.71,-3.565,-0.749,9.091,-2.015
79.72,-3.851,-0.728,8.98,-1.998
79.73,-4.124,-0.709,8.864,-1.976
79.74,-4.384,-0.695,8.745,-1.95
79.75,-4.631,-0.684,8.625,-1.919
79.76,-4.866,-0.677,8.503,-1.885
79.77,-5.09,-0.674,8.38,-1.846
79.78,-5.302,-0.674,8.256,-1.802
79.79,-5.505,-0.677,8.133,-1.755
79.8,-5.7,-0.682,8.008,-1.705
79.81,-5.886,-0.69,7.883,-1.651
79.82,-6.064,-0.699,7.758,-1.593
79.83,-6.237,-0.709,7.631,-1.531
79.84,-6.405,-0.72,7.502,-1.467
79.85,-6.57,-0.73,7.371,-1.4
79.86,-6.732,-0.741,7.235,-1.33
79.87,-6.893,-0.75,7.094,-1.258
79.88,-7.054,-0.758,6.946,-1.183
79.89,-7.216,-0.764,6.79,-1.108
79.9,-7.378,-0.77,6.625,-1.031
79.91,-7.54,-0.774,6.452,-0.953
79.92,-7.701,-0.777,6.27,-0.875
79.93,-7.859,-0.78,6.081,-0.795
79.94,-8.015,-0.782,5.884,-0.715
79.95,-8.169,-0.783,5.678,-0.635
79.96,-8.322,-0.783,5.459,-0.555
79.97,-8.473,-0.783,5.23,-0.476
79.98,-8.62,-0.783,4.991,-0.398
79.99,-8.762,-0.781,4.743,-0.32
80,-8.901,-0.778,4.483,-0.244
80.01,-9.034,-0.774,4.211,-0.169
80.02,-9.163,-0.769,3.928,-0.097
80.03,-9.284,-0.763,3.636,-0.026
80.04,-9.397,-0.756,3.332,0.042
80.05,-9.502,-0.749,3.019,0.108
80.06,-9.599,-0.742,2.696,0.171
80.07,-9.686,-0.734,2.363,0.232
80.08,-9.762,-0.725,2.021,0.29
80.09,-9.827,-0.716,1.671,0.345
80.1,-9.879,-0.708,1.314,0.396
80.11,-9.919,-0.698,0.956,0.445
80.12,-9.946,-0.688,0.597,0.493
80.13,-9.959,-0.677,0.236,0.539
80.14,-9.959,-0.665,-0.123,0.583
80.15,-9.947,-0.653,-0.481,0.625
80.16,-9.922,-0.64,-0.837,0.664
80.17,-9.884,-0.627,-1.19,0.703
80.18,-9.833,-0.611,-1.54,0.74
80.19,-9.771,-0.595,-1.885,0.774
80.2,-9.698,-0.577,-2.224,0.807
80.21,-9.615,-0.558,-2.555,0.837
80.22,-9.521,-0.537,-2.879,0.867
80.23,-9.419,-0.514,-3.196,0.894
80.24,-9.308,-0.488,-3.502,0.92
80.25,-9.19,-0.461,-3.798,0.943
80.26,-9.066,-0.431,-4.084,0.965
80.27,-8.937,-0.398,-4.358,0.984
80.28,-8.803,-0.363,-4.621,1.002
80.29,-8.669,-0.323,-4.868,1.018
80.3,-8.531,-0.282,-5.105,1.03
80.31,-8.391,-0.238,-5.333,1.042
80.32,-8.247,-0.193,-5.553,1.051
80.33,-8.101,-0.146,-5.763,1.059
80.34,-7.952,-0.098,-5.967,1.065
80.35,-7.801,-0.049,-6.164,1.068
80.36,-7.646,0,-6.355,1.07
80.37,-7.487,0.049,-6.541,1.071
80.38,-7.325,0.099,-6.722,1.07
80.39,-7.158,0.148,-6.899,1.067
80.4,-6.985,0.197,-7.073,1.063
80.41,-6.807,0.245,-7.244,1.058
80.42,-6.623,0.292,-7.411,1.052
80.43,-6.434,0.338,-7.575,1.045
80.44,-6.24,0.383,-7.735,1.037
80.45,-6.04,0.426,-7.891,1.028
80.46,-5.835,0.468,-8.043,1.019
80.47,-5.624,0.508,-8.19,1.01
80.48,-5.408,0.546,-8.333,1
80.49,-5.187,0.582,-8.471,0.99
80.5,-4.962,0.616,-8.603,0.98
80.51,-4.734,0.647,-8.73,0.969
80.52,-4.501,0.677,-8.851,0.959
80.53,-4.266,0.704,-8.966,0.948
80.54,-4.029,0.729,-9.074,0.938
80.55,-3.789,0.752,-9.176,0.929
80.56,-3.547,0.772,-9.272,0.92
80.57,-3.302,0.79,-9.361,0.911
80.58,-3.055,0.805,-9.444,0.903
80.59,-2.805,0.817,-9.521,0.897
80.6,-2.55,0.826,-9.592,0.891
80.61,-2.292,0.832,-9.657,0.886
80.62,-2.027,0.831,-9.716,0.883
80.63,-1.759,0.827,-9.769,0.881
80.64,-1.487,0.82,-9.815,0.881
80.65,-1.211,0.809,-9.853,0.881
80.66,-0.932,0.795,-9.885,0.882
80.67,-0.649,0.778,-9.909,0.884
80.68,-0.366,0.757,-9.925,0.886
80.69,-0.08,0.734,-9.932,0.89
80.7,0.205,0.708,-9.932,0.895
80.71,0.492,0.68,-9.923,0.901
80.72,0.779,0.649,-9.906,0.907
80.73,1.067,0.615,-9.881,0.915
80.74,1.354,0.579,-9.847,0.924
80.75,1.639,0.541,-9.805,0.934
80.76,1.924,0.502,-9.754,0.944
80.77,2.207,0.46,-9.695,0.956
80.78,2.488,0.416,-9.627,0.968
80.79,2.769,0.371,-9.551,0.981
80.8,3.048,0.325,-9.466,0.995
80.81,3.326,0.276,-9.372,1.01
80.82,3.602,0.226,-9.269,1.024
80.83,3.877,0.174,-9.157,1.04
80.84,4.15,0.12,-9.035,1.056
80.85,4.422,0.065,-8.904,1.072
80.86,4.691,0.008,-8.763,1.089
80.87,4.957,-0.05,-8.614,1.106
80.88,5.219,-0.11,-8.454,1.123
80.89,5.477,-0.172,-8.286,1.141
80.9,5.731,-0.234,-8.108,1.158
80.91,5.98,-0.298,-7.921,1.176
80.92,6.225,-0.363,-7.725,1.193
80.93,6.463,-0.429,-7.521,1.21
80.94,6.697,-0.495,-7.306,1.228
80.95,6.93,-0.564,-7.078,1.244
80.96,7.159,-0.633,-6.837,1.259
80.97,7.383,-0.703,-6.584,1.273
80.98,7.603,-0.774,-6.318,1.287
80.99,7.815,-0.845,-6.042,1.302
81,8.018,-0.917,-5.755,1.315
81.01,8.213,-0.987,-5.459,1.326
81.02,8.398,-1.056,-5.154,1.333
81.03,8.573,-1.124,-4.84,1.34
81.04,8.738,-1.193,-4.516,1.347
81.05,8.892,-1.261,-4.183,1.352
81.06,9.035,-1.327,-3.841,1.354
81.07,9.167,-1.393,-3.489,1.354
81.08,9.287,-1.457,-3.128,1.352
81.09,9.395,-1.52,-2.756,1.347
81.1,9.489,-1.582,-2.375,1.339
81.11,9.57,-1.642,-1.986,1.328
81.12,9.636,-1.7,-1.587,1.315
81.13,9.686,-1.756,-1.18,1.3
81.14,9.72,-1.812,-0.767,1.282
81.15,9.737,-1.864,-0.35,1.261
81.16,9.736,-1.913,0.072,1.239
81.17,9.717,-1.959,0.498,1.214
81.18,9.68,-2.003,0.927,1.187
81.19,9.624,-2.044,1.357,1.157
81.2,9.549,-2.081,1.787,1.126
81.21,9.456,-2.113,2.217,1.092
81.22,9.343,-2.142,2.645,1.057
81.23,9.211,-2.168,3.066,1.021
81.24,9.062,-2.189,3.481,0.983
81.25,8.896,-2.203,3.887,0.944
81.26,8.713,-2.212,4.283,0.905
81.27,8.516,-2.218,4.667,0.867
81.28,8.309,-2.217,5.033,0.831
81.29,8.09,-2.211,5.386,0.795
81.3,7.861,-2.201,5.724,0.762
81.31,7.623,-2.187,6.046,0.73
81.32,7.376,-2.168,6.355,0.699
81.33,7.122,-2.145,6.649,0.67
81.34,6.862,-2.117,6.928,0.641
81.35,6.599,-2.086,7.191,0.614
81.36,6.332,-2.051,7.439,0.59
81.37,6.063,-2.012,7.672,0.567
81.38,5.792,-1.969,7.89,0.545
81.39,5.522,-1.923,8.095,0.524
81.4,5.25,-1.874,8.286,0.506
81.41,4.98,-1.821,8.464,0.489
81.42,4.709,-1.766,8.629,0.473
81.43,4.439,-1.708,8.784,0.456
81.44,4.169,-1.647,8.927,0.442
81.45,3.9,-1.584,9.06,0.427
81.46,3.632,-1.519,9.182,0.414
81.47,3.365,-1.452,9.295,0.4
81.48,3.099,-1.383,9.398,0.387
81.49,2.834,-1.312,9.492,0.373
81.5,2.57,-1.24,9.577,0.36
81.51,2.306,-1.167,9.653,0.347
81.52,2.042,-1.092,9.722,0.334
81.53,1.776,-1.016,9.783,0.319
81.54,1.509,-0.939,9.836,0.304
81.55,1.238,-0.863,9.881,0.289
81.56,0.965,-0.787,9.918,0.274
81.57,0.687,-0.709,9.947,0.257
81.58,0.405,-0.631,9.968,0.239
81.59,0.12,-0.553,9.981,0.221
81.6,-0.172,-0.476,9.985,0.204
81.61,-0.468,-0.399,9.979,0.186
81.62,-0.767,-0.322,9.963,0.166
81.63,-1.07,-0.245,9.938,0.148
81.64,-1.377,-0.168,9.902,0.13
81.65,-1.687,-0.091,9.855,0.112
81.66,-1.998,-0.015,9.797,0.093
81.67,-2.313,0.059,9.728,0.074
81.68,-2.629,0.135,9.646,0.057
81.69,-2.946,0.21,9.553,0.039
81.7,-3.262,0.285,9.448,0.021
81.71,-3.576,0.358,9.331,0.003
81.72,-3.888,0.431,9.202,-0.014
81.73,-4.198,0.503,9.062,-0.03
81.74,-4.504,0.575,8.909,-0.047
81.75,-4.805,0.644,8.745,-0.065
81.76,-5.102,0.713,8.57,-0.083
81.77,-5.393,0.78,8.383,-0.101
81.78,-5.678,0.847,8.186,-0.118
81.79,-5.956,0.911,7.979,-0.135
81.8,-6.228,0.974,7.761,-0.152
81.81,-6.492,1.034,7.533,-0.17
81.82,-6.747,1.094,7.296,-0.187
81.83,-6.994,1.152,7.05,-0.204
81.84,-7.232,1.208,6.796,-0.22
81.85,-7.461,1.262,6.532,-0.237
81.86,-7.682,1.314,6.259,-0.253
81.87,-7.893,1.365,5.979,-0.268
81.88,-8.095,1.414,5.69,-0.283
81.89,-8.287,1.46,5.393,-0.298
81.9,-8.469,1.506,5.09,-0.313
81.91,-8.638,1.549,4.781,-0.327
81.92,-8.796,1.589,4.468,-0.341
81.93,-8.944,1.627,4.149,-0.355
81.94,-9.08,1.664,3.825,-0.368
81.95,-9.206,1.698,3.493,-0.381
81.96,-9.322,1.729,3.153,-0.392
81.97,-9.427,1.759,2.804,-0.402
81.98,-9.52,1.788,2.449,-0.41
81.99,-9.6,1.813,2.089,-0.417
82,-9.668,1.836,1.723,-0.423
82.01,-9.723,1.857,1.352,-0.427
82.02,-9.764,1.877,0.976,-0.43
82.03,-9.791,1.894,0.596,-0.43
82.04,-9.804,1.909,0.21,-0.429
82.05,-9.802,1.922,-0.18,-0.427
82.06,-9.785,1.933,-0.574,-0.421
82.07,-9.752,1.944,-0.971,-0.414
82.08,-9.703,1.951,-1.37,-0.404
82.09,-9.637,1.955,-1.772,-0.393
82.1,-9.554,1.958,-2.173,-0.379
82.11,-9.455,1.959,-2.573,-0.364
82.12,-9.339,1.957,-2.971,-0.346
82.13,-9.205,1.952,-3.366,-0.327
82.14,-9.055,1.946,-3.757,-0.306
82.15,-8.888,1.937,-4.142,-0.284
82.16,-8.704,1.925,-4.522,-0.26
82.17,-8.504,1.911,-4.895,-0.234
82.18,-8.287,1.895,-5.26,-0.207
82.19,-8.055,1.877,-5.616,-0.18
82.2,-7.808,1.856,-5.963,-0.15
82.21,-7.546,1.832,-6.299,-0.12
82.22,-7.269,1.807,-6.624,-0.088
82.23,-6.978,1.78,-6.937,-0.057
82.24,-6.675,1.75,-7.237,-0.024
82.25,-6.359,1.717,-7.523,0.01
82.26,-6.033,1.683,-7.794,0.044
82.27,-5.699,1.646,-8.05,0.078
82.28,-5.356,1.606,-8.289,0.114
82.29,-5.007,1.565,-8.511,0.151
82.3,-4.652,1.521,-8.718,0.187
82.31,-4.291,1.476,-8.908,0.223
82.32,-3.925,1.429,-9.082,0.259
82.33,-3.555,1.379,-9.239,0.295
82.34,-3.181,1.327,-9.381,0.331
82.35,-2.805,1.274,-9.506,0.366
82.36,-2.427,1.22,-9.615,0.401
82.37,-2.046,1.165,-9.708,0.436
82.38,-1.664,1.109,-9.786,0.472
82.39,-1.281,1.051,-9.848,0.506
82.4,-0.897,0.992,-9.895,0.54
82.41,-0.514,0.932,-9.926,0.573
82.42,-0.131,0.872,-9.942,0.607
82.43,0.249,0.811,-9.943,0.639
82.44,0.631,0.75,-9.929,0.669
82.45,1.011,0.689,-9.9,0.699
82.46,1.39,0.627,-9.856,0.728
82.47,1.766,0.565,-9.797,0.756
82.48,2.14,0.503,-9.723,0.782
82.49,2.511,0.441,-9.635,0.807
82.5,2.878,0.379,-9.533,0.83
82.51,3.241,0.317,-9.416,0.852
82.52,3.6,0.256,-9.284,0.873
82.53,3.953,0.196,-9.139,0.892
82.54,4.301,0.136,-8.98,0.909
82.55,4.643,0.077,-8.807,0.925
82.56,4.978,0.02,-8.621,0.938
82.57,5.307,-0.035,-8.421,0.95
82.58,5.628,-0.091,-8.208,0.96
82.59,5.944,-0.144,-7.981,0.968
82.6,6.251,-0.195,-7.741,0.973
82.61,6.55,-0.244,-7.488,0.976
82.62,6.84,-0.292,-7.222,0.977
82.63,7.121,-0.337,-6.943,0.975
82.64,7.392,-0.38,-6.652,0.971
82.65,7.653,-0.421,-6.349,0.964
82.66,7.902,-0.46,-6.034,0.955
82.67,8.141,-0.496,-5.708,0.944
82.68,8.367,-0.53,-5.37,0.931
82.69,8.58,-0.561,-5.021,0.915
82.7,8.781,-0.59,-4.662,0.897
82.71,8.967,-0.617,-4.292,0.877
82.72,9.14,-0.642,-3.913,0.854
82.73,9.297,-0.664,-3.524,0.829
82.74,9.439,-0.684,-3.126,0.802
82.75,9.565,-0.701,-2.721,0.772
82.76,9.675,-0.715,-2.308,0.741
82.77,9.767,-0.726,-1.888,0.707
82.78,9.842,-0.734,-1.462,0.671
82.79,9.898,-0.739,-1.032,0.634
82.8,9.936,-0.74,-0.599,0.596
82.81,9.955,-0.737,-0.163,0.557
82.82,9.955,-0.732,0.272,0.517
82.83,9.937,-0.723,0.709,0.477
82.84,9.899,-0.71,1.146,0.436
82.85,9.841,-0.695,1.581,0.394
82.86,9.765,-0.676,2.014,0.351
82.87,9.669,-0.654,2.444,0.309
82.88,9.554,-0.63,2.87,0.266
82.89,9.42,-0.602,3.292,0.223
82.9,9.267,-0.572,3.709,0.179
82.91,9.094,-0.538,4.12,0.136
82.92,8.901,-0.501,4.527,0.093
82.93,8.688,-0.461,4.928,0.05
82.94,8.455,-0.418,5.321,0.008
82.95,8.203,-0.374,5.705,-0.032
82.96,7.932,-0.328,6.08,-0.072
82.97,7.641,-0.279,6.443,-0.111
82.98,7.331,-0.229,6.794,-0.148
82.99,7.003,-0.178,7.133,-0.184
83,6.657,-0.125,7.457,-0.218
83.01,6.294,-0.07,7.766,-0.251
83.02,5.914,-0.015,8.058,-0.282
83.03,5.519,0.04,8.333,-0.312
83.04,5.111,0.097,8.587,-0.34
83.05,4.691,0.156,8.822,-0.366
83.06,4.263,0.214,9.034,-0.392
83.07,3.828,0.273,9.224,-0.418
83.08,3.387,0.332,9.392,-0.441
83.09,2.944,0.392,9.537,-0.464
83.1,2.5,0.45,9.659,-0.487
83.11,2.057,0.509,9.759,-0.508
83.12,1.617,0.567,9.837,-0.529
83.13,1.181,0.625,9.894,-0.55
83.14,0.75,0.681,9.932,-0.571
83.15,0.326,0.736,9.949,-0.592
83.16,-0.089,0.79,9.949,-0.613
83.17,-0.498,0.842,9.931,-0.634
83.18,-0.897,0.893,9.897,-0.656
83.19,-1.289,0.942,9.848,-0.678
83.2,-1.673,0.989,9.784,-0.7
83.21,-2.048,1.034,9.706,-0.724
83.22,-2.413,1.078,9.615,-0.748
83.23,-2.77,1.12,9.511,-0.772
83.24,-3.116,1.16,9.396,-0.797
83.25,-3.449,1.198,9.272,-0.824
83.26,-3.773,1.235,9.138,-0.852
83.27,-4.087,1.269,8.994,-0.881
83.28,-4.392,1.303,8.841,-0.91
83.29,-4.688,1.333,8.68,-0.94
83.3,-4.975,1.362,8.511,-0.971
83.31,-5.252,1.389,8.334,-1.002
83.32,-5.521,1.415,8.15,-1.034
83.33,-5.781,1.437,7.96,-1.066
83.34,-6.032,1.459,7.763,-1.099
83.35,-6.273,1.476,7.561,-1.133
83.36,-6.506,1.492,7.353,-1.167
83.37,-6.729,1.505,7.141,-1.201
83.38,-6.944,1.517,6.923,-1.236
83.39,-7.151,1.527,6.701,-1.27
83.4,-7.351,1.534,6.472,-1.305
83.41,-7.543,1.538,6.239,-1.34
83.42,-7.728,1.542,6,-1.375
83.43,-7.905,1.543,5.756,-1.408
83.44,-8.075,1.542,5.507,-1.442
83.45,-8.237,1.539,5.253,-1.475
83.46,-8.392,1.535,4.993,-1.507
83.47,-8.54,1.53,4.727,-1.537
83.48,-8.682,1.523,4.454,-1.567
83.49,-8.816,1.516,4.173,-1.595
83.5,-8.944,1.507,3.886,-1.621
83.51,-9.063,1.498,3.591,-1.646
83.52,-9.174,1.487,3.29,-1.669
83.53,-9.276,1.476,2.984,-1.691
83.54,-9.369,1.464,2.671,-1.711
83.55,-9.453,1.45,2.353,-1.73
83.56,-9.526,1.436,2.031,-1.747
83.57,-9.59,1.421,1.703,-1.762
83.58,-9.643,1.407,1.365,-1.776
83.59,-9.686,1.391,1.022,-1.787
83.6,-9.717,1.376,0.672,-1.795
83.61,-9.736,1.361,0.318,-1.802
83.62,-9.742,1.345,-0.041,-1.807
83.63,-9.735,1.33,-0.405,-1.81
83.64,-9.715,1.314,-0.773,-1.81
83.65,-9.681,1.298,-1.145,-1.808
83.66,-9.632,1.283,-1.519,-1.804
83.67,-9.569,1.266,-1.894,-1.797
83.68,-9.491,1.249,-2.271,-1.788
83.69,-9.397,1.232,-2.648,-1.776
83.7,-9.288,1.215,-3.024,-1.762
83.71,-9.162,1.198,-3.399,-1.746
83.72,-9.021,1.18,-3.771,-1.728
83.73,-8.865,1.16,-4.139,-1.707
83.74,-8.694,1.14,-4.5,-1.685
83.75,-8.511,1.118,-4.852,-1.66
83.76,-8.314,1.095,-5.195,-1.634
83.77,-8.107,1.069,-5.526,-1.607
83.78,-7.889,1.041,-5.845,-1.577
83.79,-7.663,1.012,-6.152,-1.545
83.8,-7.427,0.982,-6.447,-1.513
83.81,-7.184,0.949,-6.73,-1.478
83.82,-6.933,0.915,-7,-1.443
83.83,-6.676,0.879,-7.258,-1.404
83.84,-6.414,0.841,-7.502,-1.364
83.85,-6.148,0.803,-7.733,-1.323
83.86,-5.878,0.763,-7.951,-1.28
83.87,-5.604,0.72,-8.157,-1.235
83.88,-5.328,0.676,-8.35,-1.187
83.89,-5.05,0.631,-8.531,-1.139
83.9,-4.771,0.586,-8.7,-1.089
83.91,-4.497,0.538,-8.854,-1.036
83.92,-4.222,0.489,-8.998,-0.982
83.93,-3.947,0.439,-9.13,-0.926
83.94,-3.673,0.388,-9.251,-0.87
83.95,-3.401,0.337,-9.362,-0.811
83.96,-3.128,0.284,-9.463,-0.753
83.97,-2.856,0.233,-9.555,-0.691
83.98,-2.584,0.18,-9.637,-0.63
83.99,-2.312,0.128,-9.711,-0.567
84,-2.039,0.076,-9.776,-0.503
84.01,-1.764,0.025,-9.833,-0.439
84.02,-1.487,-0.024,-9.881,-0.374
84.03,-1.208,-0.075,-9.921,-0.308
84.04,-0.927,-0.125,-9.953,-0.242
84.05,-0.642,-0.174,-9.976,-0.176
84.06,-0.355,-0.223,-9.99,-0.11
84.07,-0.066,-0.271,-9.995,-0.045
84.08,0.224,-0.32,-9.992,0.019
84.09,0.517,-0.367,-9.979,0.084
84.1,0.812,-0.414,-9.957,0.148
84.11,1.11,-0.461,-9.925,0.211
84.12,1.412,-0.507,-9.882,0.273
84.13,1.718,-0.552,-9.829,0.333
84.14,2.029,-0.598,-9.765,0.392
84.15,2.344,-0.643,-9.689,0.449
84.16,2.663,-0.688,-9.6,0.504
84.17,2.986,-0.733,-9.499,0.556
84.18,3.313,-0.777,-9.383,0.605
84.19,3.645,-0.822,-9.252,0.651
84.2,3.978,-0.867,-9.107,0.694
84.21,4.313,-0.913,-8.945,0.733
84.22,4.649,-0.958,-8.767,0.768
84.23,4.984,-1.004,-8.573,0.799
84.24,5.324,-1.05,-8.358,0.824
84.25,5.661,-1.098,-8.126,0.844
84.26,5.992,-1.143,-7.876,0.861
84.27,6.316,-1.19,-7.61,0.873
84.28,6.633,-1.234,-7.327,0.882
84.29,6.94,-1.279,-7.029,0.887
84.3,7.236,-1.322,-6.715,0.887
84.31,7.521,-1.363,-6.386,0.884
84.32,7.792,-1.403,-6.044,0.877
84.33,8.05,-1.44,-5.689,0.867
84.34,8.292,-1.477,-5.322,0.853
84.35,8.518,-1.51,-4.944,0.836
84.36,8.728,-1.543,-4.557,0.816
84.37,8.92,-1.572,-4.162,0.792
84.38,9.094,-1.598,-3.76,0.766
84.39,9.25,-1.621,-3.355,0.737
84.4,9.387,-1.641,-2.947,0.706
84.41,9.505,-1.657,-2.538,0.672
84.42,9.605,-1.67,-2.129,0.637
84.43,9.688,-1.679,-1.719,0.6
84.44,9.753,-1.685,-1.311,0.56
84.45,9.801,-1.688,-0.904,0.52
84.46,9.832,-1.688,-0.5,0.478
84.47,9.846,-1.685,-0.098,0.435
84.48,9.845,-1.679,0.298,0.392
84.49,9.829,-1.67,0.691,0.347
84.5,9.797,-1.658,1.078,0.302
84.51,9.751,-1.644,1.461,0.255
84.52,9.691,-1.627,1.839,0.208
84.53,9.617,-1.608,2.212,0.16
84.54,9.529,-1.587,2.58,0.112
84.55,9.427,-1.564,2.943,0.062
84.56,9.313,-1.539,3.299,0.013
84.57,9.186,-1.512,3.65,-0.036
84.58,9.045,-1.484,3.995,-0.086
84.59,8.892,-1.454,4.334,-0.137
84.6,8.726,-1.423,4.666,-0.187
84.61,8.549,-1.389,4.992,-0.236
84.62,8.359,-1.355,5.31,-0.286
84.63,8.157,-1.319,5.621,-0.336
84.64,7.944,-1.282,5.924,-0.385
84.65,7.719,-1.245,6.218,-0.434
84.66,7.483,-1.206,6.504,-0.482
84.67,7.236,-1.167,6.781,-0.531
84.68,6.978,-1.128,7.049,-0.578
84.69,6.709,-1.088,7.308,-0.626
84.7,6.43,-1.048,7.556,-0.674
84.71,6.139,-1.007,7.795,-0.721
84.72,5.839,-0.967,8.023,-0.768
84.73,5.527,-0.926,8.241,-0.816
84.74,5.204,-0.885,8.449,-0.863
84.75,4.87,-0.843,8.645,-0.91
84.76,4.526,-0.8,8.829,-0.957
84.77,4.172,-0.757,9,-1.003
84.78,3.809,-0.713,9.158,-1.049
84.79,3.438,-0.669,9.302,-1.093
84.8,3.059,-0.624,9.431,-1.136
84.81,2.673,-0.58,9.546,-1.179
84.82,2.281,-0.535,9.644,-1.221
84.83,1.884,-0.49,9.726,-1.263
84.84,1.483,-0.446,9.792,-1.304
84.85,1.081,-0.402,9.841,-1.344
84.86,0.679,-0.358,9.874,-1.383
84.87,0.275,-0.315,9.889,-1.421
84.88,-0.127,-0.272,9.888,-1.459
84.89,-0.53,-0.229,9.87,-1.497
84.9,-0.933,-0.187,9.835,-1.534
84.91,-1.335,-0.145,9.784,-1.569
84.92,-1.736,-0.102,9.715,-1.604
84.93,-2.135,-0.06,9.631,-1.637
84.94,-2.531,-0.018,9.529,-1.668
84.95,-2.924,0.023,9.41,-1.699
84.96,-3.314,0.066,9.275,-1.727
84.97,-3.7,0.108,9.122,-1.754
84.98,-4.081,0.15,8.952,-1.779
84.99,-4.457,0.192,8.765,-1.802
85,-4.827,0.233,8.562,-1.824
85.01,-5.189,0.275,8.342,-1.843
85.02,-5.543,0.316,8.105,-1.861
85.03,-5.888,0.358,7.853,-1.876
85.04,-6.223,0.398,7.585,-1.889
85.05,-6.548,0.439,7.301,-1.9
85.06,-6.863,0.479,7.001,-1.908
85.07,-7.167,0.52,6.684,-1.914
85.08,-7.46,0.561,6.352,-1.917
85.09,-7.74,0.602,6.003,-1.916
85.1,-8.007,0.643,5.639,-1.913
85.11,-8.26,0.684,5.259,-1.906
85.12,-8.497,0.725,4.864,-1.896
85.13,-8.718,0.766,4.456,-1.882
85.14,-8.921,0.806,4.034,-1.865
85.15,-9.105,0.845,3.601,-1.844
85.16,-9.269,0.883,3.159,-1.819
85.17,-9.412,0.919,2.709,-1.791
85.18,-9.534,0.952,2.253,-1.761
85.19,-9.634,0.984,1.795,-1.727
85.2,-9.712,1.012,1.336,-1.692
85.21,-9.767,1.038,0.879,-1.654
85.22,-9.802,1.06,0.428,-1.615
85.23,-9.816,1.078,-0.017,-1.574
85.24,-9.81,1.094,-0.458,-1.532
85.25,-9.786,1.105,-0.89,-1.487
85.26,-9.744,1.112,-1.313,-1.44
85.27,-9.686,1.117,-1.728,-1.392
85.28,-9.612,1.118,-2.133,-1.342
85.29,-9.524,1.115,-2.525,-1.29
85.3,-9.422,1.11,-2.907,-1.237
85.31,-9.307,1.101,-3.279,-1.182
85.32,-9.18,1.089,-3.641,-1.126
85.33,-9.042,1.075,-3.992,-1.068
85.34,-8.893,1.057,-4.332,-1.009
85.35,-8.733,1.038,-4.662,-0.949
85.36,-8.565,1.015,-4.981,-0.888
85.37,-8.387,0.99,-5.29,-0.825
85.38,-8.201,0.963,-5.587,-0.762
85.39,-8.008,0.933,-5.874,-0.697
85.4,-7.807,0.902,-6.15,-0.632
85.41,-7.599,0.87,-6.416,-0.566
85.42,-7.383,0.836,-6.672,-0.499
85.43,-7.16,0.801,-6.92,-0.432
85.44,-6.931,0.765,-7.158,-0.364
85.45,-6.694,0.727,-7.386,-0.296
85.46,-6.451,0.689,-7.606,-0.228
85.47,-6.201,0.65,-7.816,-0.16
85.48,-5.944,0.61,-8.017,-0.092
85.49,-5.681,0.569,-8.209,-0.023
85.5,-5.411,0.528,-8.392,0.044
85.51,-5.134,0.485,-8.566,0.112
85.52,-4.85,0.443,-8.731,0.18
85.53,-4.559,0.399,-8.887,0.247
85.54,-4.261,0.355,-9.034,0.314
85.55,-3.951,0.311,-9.172,0.38
85.56,-3.633,0.265,-9.301,0.443
85.57,-3.307,0.219,-9.421,0.506
85.58,-2.972,0.173,-9.529,0.567
85.59,-2.628,0.126,-9.626,0.627
85.6,-2.276,0.078,-9.712,0.685
85.61,-1.916,0.03,-9.786,0.742
85.62,-1.547,-0.018,-9.847,0.795
85.63,-1.17,-0.066,-9.894,0.847
85.64,-0.787,-0.115,-9.927,0.897
85.65,-0.396,-0.166,-9.946,0.943
85.66,0,-0.215,-9.948,0.987
85.67,0.401,-0.266,-9.935,1.028
85.68,0.807,-0.316,-9.905,1.067
85.69,1.216,-0.367,-9.857,1.102
85.7,1.627,-0.418,-9.792,1.134
85.71,2.038,-0.468,-9.709,1.164
85.72,2.449,-0.518,-9.607,1.19
85.73,2.858,-0.568,-9.488,1.213
85.74,3.263,-0.617,-9.351,1.234
85.75,3.662,-0.665,-9.196,1.251
85.76,4.056,-0.711,-9.024,1.265
85.77,4.441,-0.756,-8.835,1.276
85.78,4.818,-0.799,-8.63,1.285
85.79,5.184,-0.839,-8.411,1.291
85.8,5.539,-0.878,-8.176,1.295
85.81,5.883,-0.914,-7.928,1.296
85.82,6.214,-0.948,-7.667,1.295
85.83,6.532,-0.979,-7.395,1.292
85.84,6.835,-1.007,-7.113,1.288
85.85,7.124,-1.033,-6.821,1.281
85.86,7.397,-1.055,-6.522,1.273
85.87,7.654,-1.074,-6.217,1.265
85.88,7.892,-1.087,-5.911,1.256
85.89,8.114,-1.097,-5.603,1.247
85.9,8.321,-1.104,-5.291,1.237
85.91,8.514,-1.108,-4.977,1.226
85.92,8.692,-1.108,-4.662,1.215
85.93,8.856,-1.104,-4.345,1.203
85.94,9.007,-1.097,-4.029,1.19
85.95,9.145,-1.087,-3.712,1.177
85.96,9.271,-1.074,-3.395,1.164
85.97,9.384,-1.058,-3.08,1.15
85.98,9.486,-1.04,-2.764,1.135
85.99,9.576,-1.019,-2.448,1.12
86,9.656,-0.996,-2.132,1.104
86.01,9.725,-0.971,-1.814,1.087
86.02,9.784,-0.945,-1.494,1.069
86.03,9.832,-0.917,-1.172,1.049
86.04,9.87,-0.888,-0.847,1.029
86.05,9.898,-0.858,-0.519,1.007
86.06,9.915,-0.828,-0.188,0.984
86.07,9.92,-0.795,0.146,0.959
86.08,9.915,-0.763,0.484,0.934
86.09,9.897,-0.73,0.824,0.907
86.1,9.867,-0.696,1.168,0.88
86.11,9.825,-0.663,1.516,0.852
86.12,9.769,-0.629,1.866,0.823
86.13,9.7,-0.595,2.218,0.793
86.14,9.617,-0.561,2.571,0.763
86.15,9.519,-0.528,2.925,0.733
86.16,9.407,-0.495,3.279,0.703
86.17,9.28,-0.463,3.634,0.672
86.18,9.137,-0.432,3.989,0.641
86.19,8.977,-0.402,4.343,0.61
86.2,8.801,-0.373,4.696,0.578
86.21,8.606,-0.347,5.051,0.547
86.22,8.393,-0.322,5.402,0.515
86.23,8.163,-0.298,5.748,0.483
86.24,7.916,-0.275,6.086,0.451
86.25,7.653,-0.252,6.417,0.418
86.26,7.376,-0.23,6.737,0.386
86.27,7.083,-0.208,7.046,0.353
86.28,6.778,-0.187,7.342,0.32
86.29,6.459,-0.166,7.626,0.286
86.3,6.129,-0.145,7.896,0.253
86.31,5.789,-0.126,8.149,0.218
86.32,5.441,-0.106,8.387,0.183
86.33,5.086,-0.088,8.607,0.149
86.34,4.727,-0.071,8.81,0.113
86.35,4.364,-0.054,8.996,0.076
86.36,3.998,-0.038,9.165,0.038
86.37,3.63,-0.023,9.317,0
86.38,3.262,-0.009,9.452,-0.038
86.39,2.896,0.003,9.571,-0.078
86.4,2.531,0.015,9.673,-0.119
86.41,2.169,0.026,9.76,-0.161
86.42,1.81,0.036,9.832,-0.204
86.43,1.454,0.046,9.89,-0.246
86.44,1.102,0.054,9.934,-0.29
86.45,0.752,0.063,9.965,-0.333
86.46,0.407,0.07,9.984,-0.377
86.47,0.065,0.077,9.99,-0.42
86.48,-0.271,0.083,9.985,-0.464
86.49,-0.604,0.088,9.968,-0.509
86.5,-0.934,0.093,9.94,-0.552
86.51,-1.259,0.096,9.901,-0.596
86.52,-1.582,0.1,9.852,-0.64
86.53,-1.902,0.103,9.792,-0.683
86.54,-2.221,0.106,9.722,-0.725
86.55,-2.538,0.111,9.641,-0.767
86.56,-2.855,0.115,9.548,-0.807
86.57,-3.171,0.121,9.445,-0.846
86.58,-3.486,0.127,9.329,-0.884
86.59,-3.799,0.134,9.203,-0.92
86.6,-4.11,0.142,9.064,-0.954
86.61,-4.419,0.15,8.914,-0.987
86.62,-4.725,0.16,8.752,-1.017
86.63,-5.027,0.17,8.578,-1.046
86.64,-5.326,0.182,8.393,-1.072
86.65,-5.621,0.194,8.194,-1.096
86.66,-5.912,0.206,7.984,-1.118
86.67,-6.199,0.219,7.76,-1.138
86.68,-6.48,0.232,7.524,-1.154
86.69,-6.755,0.247,7.275,-1.169
86.7,-7.024,0.262,7.013,-1.18
86.71,-7.286,0.279,6.739,-1.189
86.72,-7.539,0.297,6.452,-1.195
86.73,-7.784,0.315,6.153,-1.199
86.74,-8.019,0.334,5.842,-1.199
86.75,-8.244,0.354,5.52,-1.197
86.76,-8.458,0.376,5.186,-1.191
86.77,-8.66,0.398,4.84,-1.182
86.78,-8.85,0.421,4.484,-1.169
86.79,-9.028,0.444,4.118,-1.153
86.8,-9.19,0.467,3.744,-1.134
86.81,-9.338,0.49,3.362,-1.112
86.82,-9.471,0.512,2.973,-1.086
86.83,-9.588,0.534,2.58,-1.059
86.84,-9.688,0.555,2.183,-1.027
86.85,-9.772,0.575,1.785,-0.993
86.86,-9.839,0.592,1.386,-0.956
86.87,-9.889,0.607,0.993,-0.914
86.88,-9.924,0.621,0.603,-0.869
86.89,-9.943,0.633,0.216,-0.822
86.9,-9.947,0.643,-0.166,-0.772
86.91,-9.937,0.65,-0.545,-0.72
86.92,-9.913,0.656,-0.918,-0.664
86.93,-9.876,0.658,-1.285,-0.607
86.94,-9.825,0.66,-1.647,-0.547
86.95,-9.762,0.66,-2.004,-0.485
86.96,-9.686,0.658,-2.355,-0.422
86.97,-9.598,0.655,-2.703,-0.357
86.98,-9.498,0.649,-3.045,-0.29
86.99,-9.385,0.642,-3.383,-0.222
87,-9.261,0.633,-3.716,-0.151
87.01,-9.124,0.622,-4.042,-0.08
87.02,-8.977,0.61,-4.363,-0.008
87.03,-8.818,0.596,-4.677,0.064
87.04,-8.647,0.58,-4.986,0.137
87.05,-8.465,0.562,-5.289,0.211
87.06,-8.271,0.543,-5.586,0.286
87.07,-8.065,0.521,-5.877,0.36
87.08,-7.847,0.498,-6.162,0.434
87.09,-7.617,0.473,-6.441,0.508
87.1,-7.374,0.446,-6.713,0.582
87.11,-7.119,0.417,-6.979,0.655
87.12,-6.85,0.386,-7.238,0.726
87.13,-6.567,0.354,-7.49,0.797
87.14,-6.27,0.319,-7.734,0.867
87.15,-5.96,0.282,-7.969,0.935
87.16,-5.638,0.244,-8.194,1.002
87.17,-5.303,0.204,-8.407,1.066
87.18,-4.957,0.163,-8.609,1.127
87.19,-4.596,0.118,-8.8,1.186
87.2,-4.225,0.073,-8.977,1.242
87.21,-3.845,0.027,-9.139,1.295
87.22,-3.455,-0.019,-9.287,1.345
87.23,-3.058,-0.067,-9.418,1.393
87.24,-2.654,-0.115,-9.532,1.437
87.25,-2.245,-0.163,-9.63,1.478
87.26,-1.831,-0.211,-9.71,1.516
87.27,-1.415,-0.259,-9.773,1.551
87.28,-0.997,-0.306,-9.818,1.583
87.29,-0.58,-0.352,-9.845,1.613
87.3,-0.165,-0.396,-9.855,1.64
87.31,0.245,-0.439,-9.847,1.665
87.32,0.65,-0.478,-9.823,1.688
87.33,1.047,-0.515,-9.783,1.708
87.34,1.436,-0.549,-9.729,1.726
87.35,1.817,-0.58,-9.66,1.742
87.36,2.189,-0.608,-9.578,1.756
87.37,2.552,-0.632,-9.484,1.768
87.38,2.905,-0.653,-9.378,1.779
87.39,3.248,-0.67,-9.262,1.789
87.4,3.579,-0.683,-9.137,1.796
87.41,3.901,-0.693,-9.002,1.803
87.42,4.212,-0.7,-8.86,1.807
87.43,4.512,-0.703,-8.709,1.811
87.44,4.802,-0.701,-8.552,1.814
87.45,5.083,-0.698,-8.389,1.815
87.46,5.353,-0.691,-8.219,1.815
87.47,5.615,-0.68,-8.044,1.814
87.48,5.867,-0.668,-7.863,1.811
87.49,6.111,-0.652,-7.678,1.807
87.5,6.345,-0.634,-7.488,1.803
87.51,6.571,-0.613,-7.294,1.796
87.52,6.788,-0.588,-7.097,1.788
87.53,6.997,-0.561,-6.896,1.779
87.54,7.199,-0.534,-6.689,1.768
87.55,7.396,-0.505,-6.476,1.756
87.56,7.588,-0.476,-6.257,1.742
87.57,7.774,-0.447,-6.03,1.727
87.58,7.956,-0.417,-5.796,1.71
87.59,8.133,-0.388,-5.553,1.691
87.6,8.305,-0.36,-5.3,1.671
87.61,8.472,-0.332,-5.038,1.649
87.62,8.633,-0.306,-4.766,1.625
87.63,8.789,-0.282,-4.483,1.601
87.64,8.938,-0.258,-4.19,1.574
87.65,9.08,-0.236,-3.885,1.546
87.66,9.214,-0.216,-3.569,1.517
87.67,9.339,-0.196,-3.243,1.487
87.68,9.454,-0.178,-2.908,1.456
87.69,9.558,-0.162,-2.563,1.424
87.7,9.651,-0.148,-2.21,1.392
87.71,9.732,-0.135,-1.848,1.359
87.72,9.8,-0.122,-1.477,1.324
87.73,9.854,-0.111,-1.099,1.289
87.74,9.894,-0.101,-0.714,1.252
87.75,9.92,-0.092,-0.323,1.215
87.76,9.929,-0.085,0.072,1.176
87.77,9.923,-0.079,0.473,1.137
87.78,9.9,-0.074,0.876,1.098
87.79,9.86,-0.069,1.281,1.057
87.8,9.803,-0.065,1.687,1.015
87.81,9.729,-0.061,2.093,0.972
87.82,9.638,-0.058,2.497,0.929
87.83,9.529,-0.055,2.899,0.885
87.84,9.403,-0.053,3.295,0.841
87.85,9.261,-0.051,3.687,0.797
87.86,9.102,-0.05,4.071,0.751
87.87,8.928,-0.049,4.447,0.705
87.88,8.741,-0.049,4.812,0.658
87.89,8.54,-0.049,5.165,0.61
87.9,8.327,-0.049,5.507,0.561
87.91,8.104,-0.048,5.835,0.512
87.92,7.87,-0.047,6.151,0.462
87.93,7.627,-0.047,6.453,0.412
87.94,7.377,-0.046,6.741,0.361
87.95,7.119,-0.046,7.015,0.309
87.96,6.856,-0.046,7.274,0.257
87.97,6.588,-0.047,7.519,0.204
87.98,6.314,-0.047,7.752,0.152
87.99,6.036,-0.049,7.971,0.099
88,5.753,-0.05,8.178,0.047
88.01,5.467,-0.052,8.372,-0.004
88.02,5.177,-0.054,8.555,-0.056
88.03,4.883,-0.057,8.725,-0.108
88.04,4.587,-0.06,8.883,-0.16
88.05,4.288,-0.063,9.03,-0.21
88.06,3.986,-0.066,9.167,-0.26
88.07,3.68,-0.07,9.292,-0.308
88.08,3.369,-0.074,9.408,-0.356
88.09,3.055,-0.078,9.513,-0.403
88.1,2.735,-0.081,9.607,-0.448
88.11,2.411,-0.084,9.692,-0.492
88.12,2.082,-0.087,9.765,-0.534
88.13,1.749,-0.089,9.828,-0.576
88.14,1.412,-0.09,9.88,-0.615
88.15,1.071,-0.09,9.92,-0.653
88.16,0.726,-0.09,9.949,-0.689
88.17,0.377,-0.089,9.966,-0.722
88.18,0.022,-0.088,9.971,-0.753
88.19,-0.335,-0.087,9.963,-0.782
88.2,-0.696,-0.085,9.942,-0.808
88.21,-1.058,-0.082,9.908,-0.833
88.22,-1.422,-0.08,9.86,-0.855
88.23,-1.786,-0.076,9.799,-0.876
88.24,-2.151,-0.072,9.724,-0.894
88.25,-2.515,-0.068,9.635,-0.91
88.26,-2.878,-0.063,9.531,-0.923
88.27,-3.239,-0.058,9.414,-0.935
88.28,-3.598,-0.052,9.281,-0.944
88.29,-3.954,-0.045,9.135,-0.952
88.3,-4.306,-0.038,8.974,-0.956
88.31,-4.655,-0.029,8.798,-0.958
88.32,-4.999,-0.02,8.607,-0.958
88.33,-5.338,-0.012,8.401,-0.956
88.34,-5.669,-0.002,8.182,-0.952
88.35,-5.994,0.007,7.948,-0.945
88.36,-6.311,0.018,7.699,-0.936
88.37,-6.62,0.029,7.437,-0.925
88.38,-6.918,0.039,7.162,-0.912
88.39,-7.206,0.05,6.874,-0.898
88.4,-7.482,0.061,6.575,-0.881
88.41,-7.746,0.073,6.264,-0.863
88.42,-7.998,0.084,5.941,-0.844
88.43,-8.237,0.095,5.608,-0.822
88.44,-8.464,0.106,5.263,-0.798
88.45,-8.676,0.117,4.91,-0.772
88.46,-8.874,0.129,4.547,-0.744
88.47,-9.056,0.139,4.176,-0.714
88.48,-9.224,0.15,3.798,-0.681
88.49,-9.376,0.16,3.411,-0.647
88.5,-9.512,0.17,3.017,-0.611
88.51,-9.633,0.181,2.614,-0.572
88.52,-9.737,0.192,2.204,-0.53
88.53,-9.824,0.202,1.788,-0.488
88.54,-9.893,0.212,1.368,-0.443
88.55,-9.944,0.222,0.944,-0.398
88.56,-9.977,0.231,0.516,-0.35
88.57,-9.992,0.24,0.085,-0.302
88.58,-9.987,0.248,-0.346,-0.252
88.59,-9.964,0.255,-0.777,-0.201
88.6,-9.922,0.261,-1.209,-0.15
88.61,-9.86,0.267,-1.638,-0.097
88.62,-9.78,0.271,-2.064,-0.044
88.63,-9.681,0.274,-2.487,0.009
88.64,-9.564,0.277,-2.904,0.064
88.65,-9.429,0.279,-3.315,0.119
88.66,-9.277,0.279,-3.717,0.175
88.67,-9.108,0.279,-4.111,0.231
88.68,-8.923,0.278,-4.495,0.288
88.69,-8.723,0.277,-4.869,0.345
88.7,-8.507,0.274,-5.232,0.402
88.71,-8.278,0.271,-5.584,0.459
88.72,-8.034,0.267,-5.925,0.517
88.73,-7.777,0.263,-6.254,0.573
88.74,-7.507,0.258,-6.57,0.63
88.75,-7.227,0.253,-6.872,0.687
88.76,-6.937,0.247,-7.159,0.743
88.77,-6.637,0.24,-7.432,0.799
88.78,-6.329,0.234,-7.69,0.854
88.79,-6.015,0.228,-7.933,0.909
88.8,-5.696,0.222,-8.159,0.962
88.81,-5.371,0.216,-8.37,1.016
88.82,-5.041,0.211,-8.566,1.069
88.83,-4.708,0.206,-8.748,1.121
88.84,-4.376,0.202,-8.912,1.172
88.85,-4.041,0.199,-9.062,1.223
88.86,-3.703,0.195,-9.199,1.273
88.87,-3.364,0.193,-9.321,1.321
88.88,-3.024,0.191,-9.43,1.368
88.89,-2.683,0.19,-9.526,1.413
88.9,-2.34,0.188,-9.61,1.458
88.91,-1.995,0.187,-9.681,1.501
88.92,-1.648,0.185,-9.74,1.541
88.93,-1.3,0.184,-9.786,1.581
88.94,-0.949,0.182,-9.82,1.619
88.95,-0.595,0.179,-9.842,1.654
88.96,-0.24,0.175,-9.852,1.687
88.97,0.115,0.171,-9.848,1.719
88.98,0.473,0.167,-9.833,1.748
88.99,0.831,0.161,-9.804,1.775
89,1.191,0.153,-9.762,1.8
89.01,1.554,0.144,-9.707,1.822
89.02,1.918,0.133,-9.638,1.842
89.03,2.282,0.121,-9.555,1.861
89.04,2.646,0.107,-9.458,1.876
89.05,3.007,0.09,-9.347,1.889
89.06,3.367,0.072,-9.221,1.899
89.07,3.725,0.053,-9.081,1.908
89.08,4.079,0.031,-8.926,1.914
89.09,4.429,0.007,-8.757,1.917
89.1,4.776,-0.018,-8.574,1.916
89.11,5.117,-0.046,-8.375,1.914
89.12,5.454,-0.075,-8.161,1.908
89.13,5.783,-0.106,-7.932,1.9
89.14,6.105,-0.139,-7.689,1.888
89.15,6.418,-0.174,-7.433,1.874
89.16,6.722,-0.209,-7.163,1.856
89.17,7.015,-0.246,-6.88,1.836
89.18,7.297,-0.284,-6.586,1.813
89.19,7.566,-0.323,-6.28,1.786
89.2,7.822,-0.362,-5.965,1.757
89.21,8.064,-0.4,-5.641,1.723
89.22,8.292,-0.437,-5.31,1.688
89.23,8.504,-0.475,-4.972,1.648
89.24,8.7,-0.512,-4.631,1.606
89.25,8.881,-0.547,-4.288,1.561
89.26,9.045,-0.582,-3.942,1.512
89.27,9.195,-0.615,-3.595,1.46
89.28,9.33,-0.647,-3.246,1.406
89.29,9.45,-0.678,-2.897,1.35
89.3,9.556,-0.708,-2.55,1.292
89.31,9.647,-0.737,-2.203,1.231
89.32,9.725,-0.764,-1.859,1.168
89.33,9.79,-0.79,-1.517,1.103
89.34,9.842,-0.814,-1.178,1.036
89.35,9.881,-0.837,-0.843,0.968
89.36,9.909,-0.86,-0.512,0.898
89.37,9.924,-0.881,-0.184,0.827
89.38,9.929,-0.902,0.139,0.754
89.39,9.923,-0.921,0.46,0.68
89.4,9.906,-0.94,0.778,0.605
89.41,9.879,-0.957,1.093,0.528
89.42,9.841,-0.975,1.407,0.451
89.43,9.793,-0.991,1.719,0.373
89.44,9.735,-1.007,2.03,0.294
89.45,9.666,-1.022,2.34,0.214
89.46,9.586,-1.036,2.647,0.134
89.47,9.496,-1.049,2.953,0.053
89.48,9.394,-1.062,3.256,-0.027
89.49,9.282,-1.073,3.559,-0.108
89.5,9.158,-1.083,3.86,-0.189
89.51,9.024,-1.093,4.158,-0.27
89.52,8.878,-1.101,4.453,-0.351
89.53,8.721,-1.107,4.745,-0.431
89.54,8.554,-1.113,5.032,-0.511
89.55,8.375,-1.117,5.316,-0.589
89.56,8.185,-1.119,5.594,-0.666
89.57,7.984,-1.12,5.868,-0.74
89.58,7.772,-1.12,6.137,-0.814
89.59,7.549,-1.118,6.4,-0.885
89.6,7.316,-1.115,6.656,-0.954
89.61,7.072,-1.109,6.906,-1.022
89.62,6.818,-1.102,7.149,-1.087
89.63,6.553,-1.094,7.384,-1.149
89.64,6.278,-1.083,7.612,-1.209
89.65,5.992,-1.071,7.831,-1.268
89.66,5.696,-1.057,8.042,-1.322
89.67,5.391,-1.041,8.243,-1.375
89.68,5.077,-1.025,8.434,-1.424
89.69,4.755,-1.007,8.614,-1.471
89.7,4.428,-0.988,8.781,-1.515
89.71,4.095,-0.969,8.936,-1.555
89.72,3.758,-0.95,9.079,-1.592
89.73,3.419,-0.931,9.208,-1.626
89.74,3.079,-0.913,9.323,-1.657
89.75,2.74,-0.896,9.425,-1.685
89.76,2.4,-0.879,9.515,-1.708
89.77,2.062,-0.864,9.592,-1.729
89.78,1.725,-0.849,9.656,-1.746
89.79,1.389,-0.835,9.709,-1.76
89.8,1.053,-0.821,9.75,-1.771
89.81,0.718,-0.808,9.781,-1.778
89.82,0.383,-0.795,9.8,-1.782
89.83,0.049,-0.783,9.808,-1.782
89.84,-0.282,-0.772,9.805,-1.779
89.85,-0.613,-0.761,9.792,-1.773
89.86,-0.943,-0.751,9.769,-1.764
89.87,-1.272,-0.74,9.734,-1.752
89.88,-1.599,-0.729,9.689,-1.738
89.89,-1.926,-0.718,9.633,-1.722
89.9,-2.252,-0.706,9.566,-1.703
89.91,-2.577,-0.694,9.488,-1.682
89.92,-2.902,-0.682,9.399,-1.659
89.93,-3.223,-0.669,9.299,-1.634
89.94,-3.543,-0.655,9.188,-1.607
89.95,-3.861,-0.641,9.065,-1.577
89.96,-4.176,-0.627,8.931,-1.546
89.97,-4.489,-0.611,8.785,-1.514
89.98,-4.797,-0.595,8.627,-1.479
89.99,-5.102,-0.578,8.458,-1.443
90,-5.402,-0.56,8.277,-1.407
90.01,-5.697,-0.541,8.085,-1.369
90.02,-5.987,-0.521,7.881,-1.33
90.03,-6.272,-0.5,7.663,-1.291
90.04,-6.553,-0.477,7.433,-1.25
90.05,-6.826,-0.453,7.192,-1.209
90.06,-7.092,-0.427,6.938,-1.167
90.07,-7.35,-0.401,6.673,-1.125
90.08,-7.599,-0.374,6.397,-1.083
90.09,-7.839,-0.346,6.11,-1.04
90.1,-8.069,-0.316,5.812,-0.997
90.11,-8.288,-0.286,5.504,-0.953
90.12,-8.498,-0.256,5.185,-0.911
90.13,-8.695,-0.224,4.856,-0.868
90.14,-8.88,-0.192,4.518,-0.826
90.15,-9.054,-0.16,4.168,-0.785
90.16,-9.214,-0.128,3.809,-0.745
90.17,-9.361,-0.095,3.443,-0.705
90.18,-9.493,-0.061,3.07,-0.665
90.19,-9.611,-0.028,2.689,-0.626
90.2,-9.713,0.005,2.303,-0.588
90.21,-9.799,0.039,1.913,-0.55
90.22,-9.87,0.073,1.519,-0.512
90.23,-9.924,0.107,1.121,-0.475
90.24,-9.963,0.141,0.72,-0.44
90.25,-9.985,0.176,0.318,-0.404
90.26,-9.99,0.209,-0.084,-0.37
90.27,-9.979,0.243,-0.487,-0.336
90.28,-9.951,0.276,-0.89,-0.304
90.29,-9.907,0.308,-1.291,-0.272
90.3,-9.847,0.34,-1.689,-0.241
90.31,-9.77,0.371,-2.085,-0.211
90.32,-9.677,0.401,-2.478,-0.183
90.33,-9.569,0.431,-2.865,-0.155
90.34,-9.445,0.461,-3.247,-0.128
90.35,-9.307,0.49,-3.623,-0.103
90.36,-9.154,0.519,-3.99,-0.078
90.37,-8.987,0.547,-4.35,-0.055
90.38,-8.806,0.575,-4.701,-0.033
90.39,-8.612,0.602,-5.045,-0.012
90.4,-8.405,0.629,-5.38,0.007
90.41,-8.185,0.655,-5.706,0.026
90.42,-7.953,0.68,-6.022,0.044
90.43,-7.709,0.704,-6.33,0.061
90.44,-7.453,0.727,-6.626,0.077
90.45,-7.186,0.75,-6.912,0.092
90.46,-6.908,0.771,-7.187,0.107
90.47,-6.62,0.79,-7.451,0.121
90.48,-6.323,0.808,-7.703,0.133
90.49,-6.016,0.825,-7.943,0.144
90.5,-5.7,0.839,-8.171,0.154
90.51,-5.375,0.853,-8.387,0.164
90.52,-5.04,0.865,-8.591,0.172
90.53,-4.697,0.876,-8.782,0.179
90.54,-4.347,0.887,-8.959,0.185
90.55,-3.989,0.896,-9.123,0.19
90.56,-3.624,0.904,-9.273,0.194
90.57,-3.254,0.911,-9.409,0.197
90.58,-2.878,0.917,-9.53,0.199
90.59,-2.499,0.921,-9.636,0.199
90.6,-2.115,0.925,-9.727,0.198
90.61,-1.729,0.928,-9.803,0.196
90.62,-1.341,0.929,-9.864,0.191
90.63,-0.95,0.93,-9.909,0.186
90.64,-0.558,0.93,-9.939,0.179
90.65,-0.166,0.928,-9.953,0.171
90.66,0.225,0.925,-9.953,0.161
90.67,0.618,0.922,-9.937,0.149
90.68,1.009,0.917,-9.905,0.137
90.69,1.399,0.912,-9.858,0.123
90.7,1.788,0.905,-9.796,0.108
90.71,2.175,0.898,-9.718,0.092
90.72,2.56,0.889,-9.625,0.075
90.73,2.941,0.88,-9.516,0.057
90.74,3.32,0.869,-9.392,0.038
90.75,3.695,0.857,-9.252,0.019
90.76,4.066,0.845,-9.096,0
90.77,4.432,0.831,-8.925,-0.02
90.78,4.793,0.817,-8.738,-0.041
90.79,5.147,0.801,-8.535,-0.063
90.8,5.494,0.784,-8.317,-0.085
90.81,5.833,0.766,-8.085,-0.108
90.82,6.162,0.748,-7.838,-0.133
90.83,6.481,0.728,-7.578,-0.157
90.84,6.789,0.707,-7.305,-0.183
90.85,7.085,0.685,-7.019,-0.209
90.86,7.37,0.661,-6.721,-0.235
90.87,7.642,0.638,-6.412,-0.261
90.88,7.9,0.612,-6.093,-0.288
90.89,8.144,0.585,-5.763,-0.316
90.9,8.374,0.557,-5.425,-0.343
90.91,8.588,0.527,-5.081,-0.371
90.92,8.787,0.497,-4.73,-0.398
90.93,8.97,0.465,-4.374,-0.427
90.94,9.136,0.431,-4.015,-0.456
90.95,9.287,0.398,-3.652,-0.485
90.96,9.422,0.362,-3.288,-0.513
90.97,9.541,0.326,-2.924,-0.543
90.98,9.645,0.288,-2.559,-0.571
90.99,9.734,0.249,-2.196,-0.6
91,9.807,0.209,-1.835,-0.629
91.01,9.867,0.168,-1.475,-0.657
91.02,9.912,0.125,-1.116,-0.686
91.03,9.945,0.083,-0.758,-0.713
91.04,9.964,0.039,-0.401,-0.741
91.05,9.97,-0.004,-0.045,-0.768
91.06,9.963,-0.049,0.308,-0.795
91.07,9.944,-0.094,0.658,-0.82
91.08,9.912,-0.14,1.004,-0.845
91.09,9.869,-0.186,1.345,-0.869
91.1,9.814,-0.232,1.682,-0.892
91.11,9.748,-0.281,2.013,-0.914
91.12,9.672,-0.329,2.338,-0.936
91.13,9.585,-0.376,2.658,-0.955
91.14,9.488,-0.425,2.972,-0.974
91.15,9.381,-0.474,3.283,-0.993
91.16,9.263,-0.522,3.59,-1.01
91.17,9.136,-0.569,3.892,-1.027
91.18,8.998,-0.617,4.189,-1.043
91.19,8.852,-0.664,4.48,-1.057
91.2,8.696,-0.711,4.765,-1.071
91.21,8.532,-0.756,5.044,-1.083
91.22,8.359,-0.802,5.317,-1.094
91.23,8.178,-0.846,5.583,-1.105
91.24,7.987,-0.89,5.844,-1.114
91.25,7.789,-0.932,6.098,-1.122
91.26,7.583,-0.974,6.345,-1.129
91.27,7.369,-1.015,6.586,-1.135
91.28,7.147,-1.054,6.818,-1.14
91.29,6.919,-1.092,7.044,-1.143
91.3,6.683,-1.13,7.262,-1.146
91.31,6.438,-1.165,7.474,-1.148
91.32,6.185,-1.198,7.679,-1.149
91.33,5.924,-1.23,7.878,-1.15
91.34,5.653,-1.258,8.07,-1.151
91.35,5.374,-1.285,8.254,-1.151
91.36,5.085,-1.309,8.431,-1.151
91.37,4.789,-1.33,8.6,-1.151
91.38,4.486,-1.349,8.759,-1.151
91.39,4.174,-1.364,8.909,-1.15
91.4,3.856,-1.378,9.05,-1.15
91.41,3.53,-1.388,9.18,-1.149
91.42,3.196,-1.395,9.301,-1.148
91.43,2.856,-1.401,9.41,-1.146
91.44,2.51,-1.402,9.508,-1.144
91.45,2.159,-1.401,9.595,-1.143
91.46,1.802,-1.397,9.669,-1.14
91.47,1.439,-1.388,9.731,-1.138
91.48,1.072,-1.377,9.78,-1.136
91.49,0.702,-1.363,9.816,-1.134
91.5,0.331,-1.347,9.838,-1.13
91.51,-0.043,-1.326,9.847,-1.126
91.52,-0.418,-1.304,9.842,-1.121
91.53,-0.794,-1.278,9.822,-1.115
91.54,-1.17,-1.249,9.789,-1.109
91.55,-1.546,-1.218,9.742,-1.101
91.56,-1.921,-1.182,9.68,-1.093
91.57,-2.293,-1.145,9.604,-1.083
91.58,-2.663,-1.105,9.514,-1.073
91.59,-3.031,-1.062,9.41,-1.061
91.6,-3.393,-1.017,9.292,-1.049
91.61,-3.751,-0.97,9.16,-1.035
91.62,-4.102,-0.921,9.015,-1.02
91.63,-4.446,-0.87,8.857,-1.004
91.64,-4.782,-0.816,8.688,-0.987
91.65,-5.109,-0.763,8.507,-0.967
91.66,-5.428,-0.706,8.314,-0.947
91.67,-5.738,-0.649,8.111,-0.925
91.68,-6.038,-0.59,7.897,-0.901
91.69,-6.328,-0.53,7.674,-0.876
91.7,-6.608,-0.469,7.442,-0.85
91.71,-6.877,-0.408,7.201,-0.822
91.72,-7.135,-0.345,6.951,-0.793
91.73,-7.383,-0.282,6.694,-0.763
91.74,-7.62,-0.217,6.429,-0.732
91.75,-7.846,-0.152,6.157,-0.7
91.76,-8.062,-0.087,5.877,-0.666
91.77,-8.267,-0.021,5.59,-0.632
91.78,-8.461,0.045,5.296,-0.597
91.79,-8.644,0.111,4.994,-0.561
91.8,-8.816,0.178,4.686,-0.524
91.81,-8.977,0.244,4.371,-0.487
91.82,-9.126,0.311,4.05,-0.448
91.83,-9.264,0.377,3.722,-0.41
91.84,-9.39,0.442,3.388,-0.371
91.85,-9.504,0.507,3.049,-0.331
91.86,-9.605,0.572,2.704,-0.291
91.87,-9.694,0.635,2.354,-0.25
91.88,-9.77,0.698,2,-0.21
91.89,-9.833,0.76,1.642,-0.169
91.9,-9.882,0.821,1.28,-0.127
91.91,-9.918,0.88,0.915,-0.087
91.92,-9.94,0.937,0.548,-0.045
91.93,-9.948,0.994,0.179,-0.003
91.94,-9.942,1.049,-0.192,0.036
91.95,-9.922,1.101,-0.565,0.078
91.96,-9.888,1.151,-0.939,0.119
91.97,-9.839,1.199,-1.314,0.16
91.98,-9.775,1.244,-1.689,0.2
91.99,-9.696,1.288,-2.064,0.241
92,-9.602,1.328,-2.437,0.281
92.01,-9.494,1.365,-2.808,0.321
92.02,-9.37,1.4,-3.177,0.361
92.03,-9.232,1.431,-3.543,0.4
92.04,-9.079,1.46,-3.904,0.439
92.05,-8.91,1.485,-4.261,0.478
92.06,-8.727,1.506,-4.613,0.516
92.07,-8.529,1.524,-4.961,0.554
92.08,-8.315,1.538,-5.304,0.593
92.09,-8.085,1.548,-5.641,0.63
92.1,-7.84,1.555,-5.971,0.668
92.11,-7.58,1.557,-6.293,0.705
92.12,-7.305,1.555,-6.607,0.742
92.13,-7.017,1.548,-6.91,0.777
92.14,-6.717,1.538,-7.2,0.811
92.15,-6.407,1.524,-7.477,0.842
92.16,-6.087,1.507,-7.74,0.872
92.17,-5.757,1.485,-7.989,0.899
92.18,-5.419,1.46,-8.224,0.925
92.19,-5.071,1.432,-8.445,0.949
92.2,-4.714,1.4,-8.652,0.971
92.21,-4.348,1.364,-8.845,0.991
92.22,-3.976,1.326,-9.022,1.009
92.23,-3.596,1.284,-9.184,1.025
92.24,-3.211,1.239,-9.331,1.039
92.25,-2.82,1.191,-9.461,1.051
92.26,-2.423,1.14,-9.575,1.061
92.27,-2.022,1.086,-9.673,1.069
92.28,-1.615,1.03,-9.755,1.076
92.29,-1.205,0.971,-9.82,1.08
92.3,-0.792,0.91,-9.867,1.083
92.31,-0.378,0.847,-9.897,1.083
92.32,0.036,0.782,-9.91,1.081
92.33,0.45,0.716,-9.905,1.077
92.34,0.863,0.648,-9.883,1.072
92.35,1.274,0.58,-9.844,1.064
92.36,1.682,0.511,-9.787,1.054
92.37,2.088,0.441,-9.713,1.043
92.38,2.489,0.37,-9.623,1.029
92.39,2.887,0.299,-9.515,1.014
92.4,3.279,0.227,-9.391,0.997
92.41,3.667,0.156,-9.25,0.979
92.42,4.049,0.084,-9.092,0.96
92.43,4.424,0.011,-8.918,0.939
92.44,4.794,-0.06,-8.727,0.916
92.45,5.157,-0.132,-8.519,0.893
92.46,5.513,-0.204,-8.294,0.869
92.47,5.862,-0.276,-8.052,0.844
92.48,6.201,-0.346,-7.794,0.818
92.49,6.531,-0.416,-7.519,0.792
92.5,6.851,-0.486,-7.227,0.764
92.51,7.16,-0.554,-6.919,0.736
92.52,7.458,-0.622,-6.594,0.706
92.53,7.743,-0.69,-6.253,0.676
92.54,8.013,-0.756,-5.898,0.644
92.55,8.268,-0.821,-5.53,0.613
92.56,8.506,-0.885,-5.148,0.581
92.57,8.728,-0.947,-4.755,0.547
92.58,8.932,-1.007,-4.351,0.513
92.59,9.117,-1.067,-3.936,0.479
92.6,9.284,-1.125,-3.512,0.444
92.61,9.431,-1.18,-3.08,0.408
92.62,9.558,-1.234,-2.641,0.372
92.63,9.664,-1.286,-2.196,0.336
92.64,9.75,-1.336,-1.746,0.3
92.65,9.815,-1.383,-1.293,0.264
92.66,9.858,-1.429,-0.839,0.228
92.67,9.881,-1.472,-0.386,0.194
92.68,9.883,-1.513,0.065,0.159
92.69,9.864,-1.552,0.513,0.125
92.7,9.825,-1.589,0.958,0.092
92.71,9.767,-1.624,1.399,0.06
92.72,9.689,-1.656,1.836,0.028
92.73,9.592,-1.686,2.267,-0.001
92.74,9.476,-1.714,2.692,-0.032
92.75,9.343,-1.739,3.11,-0.06
92.76,9.191,-1.763,3.52,-0.088
92.77,9.024,-1.784,3.919,-0.114
92.78,8.843,-1.803,4.304,-0.137
92.79,8.646,-1.82,4.679,-0.159
92.8,8.434,-1.836,5.045,-0.18
92.81,8.207,-1.848,5.401,-0.199
92.82,7.966,-1.859,5.747,-0.218
92.83,7.711,-1.867,6.082,-0.235
92.84,7.443,-1.872,6.404,-0.252
92.85,7.164,-1.875,6.714,-0.267
92.86,6.873,-1.876,7.011,-0.281
92.87,6.571,-1.874,7.295,-0.294
92.88,6.258,-1.87,7.565,-0.306
92.89,5.936,-1.862,7.822,-0.316
92.9,5.604,-1.853,8.065,-0.326
92.91,5.264,-1.841,8.293,-0.334
92.92,4.915,-1.827,8.507,-0.342
92.93,4.558,-1.81,8.707,-0.348
92.94,4.194,-1.79,8.892,-0.354
92.95,3.824,-1.769,9.061,-0.359
92.96,3.448,-1.745,9.215,-0.362
92.97,3.068,-1.718,9.354,-0.365
92.98,2.683,-1.69,9.476,-0.367
92.99,2.294,-1.659,9.583,-0.369
93,1.9,-1.626,9.674,-0.37
93.01,1.502,-1.592,9.75,-0.371
93.02,1.099,-1.554,9.809,-0.373
93.03,0.691,-1.515,9.853,-0.375
93.04,0.277,-1.474,9.879,-0.377
93.05,-0.14,-1.43,9.888,-0.381
93.06,-0.562,-1.385,9.88,-0.385
93.07,-0.988,-1.338,9.852,-0.39
93.08,-1.416,-1.29,9.806,-0.396
93.09,-1.845,-1.241,9.741,-0.402
93.1,-2.275,-1.19,9.655,-0.409
93.11,-2.709,-1.139,9.549,-0.418
93.12,-3.14,-1.087,9.421,-0.427
93.13,-3.566,-1.035,9.274,-0.436
93.14,-3.987,-0.981,9.106,-0.446
93.15,-4.402,-0.926,8.919,-0.456
93.16,-4.807,-0.87,8.712,-0.466
93.17,-5.204,-0.813,8.486,-0.477
93.18,-5.588,-0.756,8.243,-0.487
93.19,-5.961,-0.697,7.982,-0.497
93.2,-6.32,-0.639,7.706,-0.507
93.21,-6.664,-0.579,7.414,-0.517
93.22,-6.993,-0.52,7.109,-0.526
93.23,-7.305,-0.461,6.791,-0.536
93.24,-7.601,-0.401,6.462,-0.546
93.25,-7.88,-0.341,6.121,-0.555
93.26,-8.142,-0.282,5.77,-0.564
93.27,-8.387,-0.223,5.41,-0.573
93.28,-8.614,-0.165,5.041,-0.582
93.29,-8.824,-0.107,4.664,-0.591
93.3,-9.017,-0.049,4.281,-0.6
93.31,-9.191,0.007,3.892,-0.608
93.32,-9.347,0.064,3.499,-0.617
93.33,-9.485,0.119,3.102,-0.625
93.34,-9.605,0.174,2.702,-0.634
93.35,-9.707,0.229,2.3,-0.641
93.36,-9.792,0.282,1.897,-0.648
93.37,-9.86,0.334,1.493,-0.655
93.38,-9.91,0.386,1.089,-0.661
93.39,-9.944,0.437,0.686,-0.667
93.4,-9.961,0.486,0.283,-0.671
93.41,-9.962,0.535,-0.118,-0.675
93.42,-9.946,0.582,-0.518,-0.679
93.43,-9.914,0.629,-0.916,-0.682
93.44,-9.867,0.674,-1.309,-0.685
93.45,-9.804,0.718,-1.7,-0.687
93.46,-9.725,0.76,-2.088,-0.688
93.47,-9.631,0.802,-2.472,-0.689
93.48,-9.522,0.842,-2.852,-0.688
93.49,-9.398,0.88,-3.229,-0.687
93.5,-9.258,0.916,-3.601,-0.685
93.51,-9.103,0.95,-3.969,-0.681
93.52,-8.933,0.981,-4.333,-0.676
93.53,-8.746,1.011,-4.692,-0.669
93.54,-8.544,1.039,-5.047,-0.66
93.55,-8.325,1.064,-5.396,-0.649
93.56,-8.092,1.087,-5.738,-0.636
93.57,-7.842,1.106,-6.073,-0.622
93.58,-7.575,1.122,-6.402,-0.605
93.59,-7.291,1.136,-6.722,-0.587
93.6,-6.99,1.148,-7.035,-0.566
93.61,-6.671,1.157,-7.338,-0.543
93.62,-6.335,1.162,-7.631,-0.518
93.63,-5.984,1.164,-7.911,-0.492
93.64,-5.617,1.163,-8.177,-0.465
93.65,-5.237,1.157,-8.428,-0.436
93.66,-4.844,1.148,-8.662,-0.407
93.67,-4.442,1.136,-8.878,-0.377
93.68,-4.031,1.119,-9.075,-0.347
93.69,-3.613,1.098,-9.253,-0.317
93.7,-3.189,1.073,-9.412,-0.287
93.71,-2.761,1.044,-9.55,-0.257
93.72,-2.33,1.011,-9.669,-0.228
93.73,-1.898,0.973,-9.767,-0.199
93.74,-1.466,0.933,-9.846,-0.171
93.75,-1.038,0.888,-9.905,-0.145
93.76,-0.612,0.84,-9.945,-0.12
93.77,-0.197,0.787,-9.966,-0.097
93.78,0.211,0.73,-9.97,-0.075
93.79,0.612,0.671,-9.958,-0.056
93.8,1.007,0.608,-9.93,-0.037
93.81,1.396,0.543,-9.887,-0.019
93.82,1.776,0.476,-9.829,-0.002
93.83,2.149,0.406,-9.757,0.013
93.84,2.515,0.334,-9.672,0.027
93.85,2.874,0.26,-9.574,0.04
93.86,3.226,0.185,-9.463,0.052
93.87,3.57,0.109,-9.34,0.063
93.88,3.905,0.031,-9.205,0.072
93.89,4.233,-0.047,-9.059,0.081
93.9,4.553,-0.126,-8.901,0.089
93.91,4.865,-0.207,-8.733,0.095
93.92,5.168,-0.287,-8.555,0.1
93.93,5.463,-0.369,-8.366,0.105
93.94,5.748,-0.45,-8.169,0.108
93.95,6.024,-0.532,-7.962,0.111
93.96,6.291,-0.614,-7.747,0.114
93.97,6.55,-0.696,-7.523,0.115
93.98,6.799,-0.777,-7.29,0.115
93.99,7.04,-0.856,-7.049,0.116
94,7.271,-0.936,-6.8,0.116
94.01,7.492,-1.015,-6.543,0.115
94.02,7.704,-1.093,-6.279,0.113
94.03,7.907,-1.169,-6.007,0.112
94.04,8.099,-1.244,-5.73,0.111
94.05,8.28,-1.318,-5.448,0.109
94.06,8.45,-1.392,-5.161,0.107
94.07,8.61,-1.463,-4.868,0.106
94.08,8.759,-1.532,-4.572,0.105
94.09,8.899,-1.599,-4.27,0.103
94.1,9.028,-1.665,-3.962,0.101
94.11,9.148,-1.729,-3.647,0.099
94.12,9.259,-1.789,-3.325,0.095
94.13,9.358,-1.849,-2.998,0.091
94.14,9.447,-1.906,-2.666,0.086
94.15,9.524,-1.96,-2.331,0.081
94.16,9.589,-2.011,-1.994,0.077
94.17,9.643,-2.061,-1.658,0.072
94.18,9.685,-2.108,-1.321,0.069
94.19,9.715,-2.151,-0.984,0.066
94.2,9.735,-2.191,-0.649,0.063
94.21,9.742,-2.23,-0.314,0.062
94.22,9.739,-2.266,0.019,0.061
94.23,9.725,-2.299,0.353,0.06
94.24,9.7,-2.328,0.685,0.059
94.25,9.665,-2.354,1.013,0.059
94.26,9.62,-2.378,1.338,0.06
94.27,9.564,-2.399,1.661,0.062
94.28,9.498,-2.416,1.982,0.064
94.29,9.422,-2.43,2.303,0.065
94.3,9.335,-2.44,2.623,0.066
94.31,9.238,-2.448,2.942,0.067
94.32,9.128,-2.453,3.261,0.067
94.33,9.008,-2.455,3.58,0.066
94.34,8.875,-2.453,3.897,0.064
94.35,8.733,-2.448,4.211,0.062
94.36,8.579,-2.441,4.519,0.06
94.37,8.415,-2.43,4.824,0.058
94.38,8.239,-2.416,5.124,0.056
94.39,8.054,-2.4,5.418,0.053
94.4,7.858,-2.38,5.707,0.051
94.41,7.651,-2.358,5.991,0.047
94.42,7.432,-2.334,6.269,0.043
94.43,7.2,-2.308,6.543,0.037
94.44,6.956,-2.279,6.812,0.031
94.45,6.7,-2.248,7.074,0.023
94.46,6.433,-2.216,7.328,0.014
94.47,6.154,-2.18,7.574,0.004
94.48,5.863,-2.142,7.811,-0.006
94.49,5.561,-2.103,8.039,-0.018
94.5,5.248,-2.061,8.258,-0.031
94.51,4.922,-2.018,8.467,-0.045
94.52,4.584,-1.972,8.665,-0.061
94.53,4.236,-1.925,8.85,-0.078
94.54,3.877,-1.876,9.023,-0.096
94.55,3.509,-1.827,9.183,-0.114
94.56,3.132,-1.775,9.328,-0.133
94.57,2.748,-1.722,9.458,-0.153
94.58,2.357,-1.668,9.572,-0.172
94.59,1.96,-1.612,9.67,-0.192
94.6,1.558,-1.556,9.752,-0.213
94.61,1.152,-1.498,9.816,-0.234
94.62,0.744,-1.439,9.864,-0.255
94.63,0.332,-1.379,9.894,-0.277
94.64,-0.08,-1.318,9.907,-0.299
94.65,-0.494,-1.257,9.903,-0.321
94.66,-0.909,-1.195,9.88,-0.343
94.67,-1.323,-1.132,9.84,-0.365
94.68,-1.735,-1.069,9.782,-0.386
94.69,-2.145,-1.006,9.706,-0.408
94.7,-2.55,-0.943,9.613,-0.43
94.71,-2.951,-0.88,9.502,-0.451
94.72,-3.347,-0.817,9.375,-0.472
94.73,-3.738,-0.753,9.231,-0.492
94.74,-4.121,-0.69,9.07,-0.512
94.75,-4.496,-0.628,8.894,-0.532
94.76,-4.861,-0.567,8.702,-0.551
94.77,-5.217,-0.507,8.496,-0.569
94.78,-5.563,-0.447,8.276,-0.587
94.79,-5.898,-0.388,8.042,-0.604
94.8,-6.222,-0.33,7.796,-0.621
94.81,-6.533,-0.273,7.538,-0.636
94.82,-6.833,-0.217,7.268,-0.65
94.83,-7.121,-0.161,6.986,-0.664
94.84,-7.398,-0.107,6.693,-0.677
94.85,-7.662,-0.053,6.388,-0.688
94.86,-7.913,-0.001,6.073,-0.699
94.87,-8.151,0.049,5.748,-0.709
94.88,-8.377,0.098,5.411,-0.718
94.89,-8.59,0.146,5.064,-0.725
94.9,-8.79,0.193,4.707,-0.731
94.91,-8.976,0.238,4.338,-0.735
94.92,-9.148,0.282,3.96,-0.738
94.93,-9.303,0.325,3.575,-0.74
94.94,-9.443,0.366,3.184,-0.742
94.95,-9.565,0.406,2.788,-0.744
94.96,-9.671,0.443,2.388,-0.744
94.97,-9.761,0.477,1.984,-0.742
94.98,-9.834,0.51,1.575,-0.738
94.99,-9.89,0.54,1.162,-0.733
95,-9.929,0.569,0.744,-0.726
95.01,-9.951,0.595,0.322,-0.719
95.02,-9.955,0.618,-0.103,-0.71
95.03,-9.94,0.638,-0.531,-0.7
95.04,-9.908,0.656,-0.961,-0.688
95.05,-9.856,0.671,-1.39,-0.675
95.06,-9.786,0.684,-1.82,-0.661
95.07,-9.697,0.694,-2.249,-0.647
95.08,-9.588,0.702,-2.677,-0.631
95.09,-9.459,0.706,-3.105,-0.615
95.1,-9.309,0.707,-3.53,-0.598
95.11,-9.14,0.705,-3.952,-0.58
95.12,-8.95,0.701,-4.368,-0.562
95.13,-8.739,0.694,-4.779,-0.543
95.14,-8.507,0.684,-5.183,-0.524
95.15,-8.255,0.672,-5.58,-0.503
95.16,-7.982,0.657,-5.968,-0.483
95.17,-7.688,0.64,-6.345,-0.461
95.18,-7.374,0.62,-6.71,-0.44
95.19,-7.042,0.597,-7.062,-0.418
95.2,-6.691,0.57,-7.398,-0.396
95.21,-6.324,0.541,-7.717,-0.374
95.22,-5.942,0.509,-8.018,-0.353
95.23,-5.547,0.474,-8.3,-0.332
95.24,-5.139,0.436,-8.561,-0.312
95.25,-4.719,0.395,-8.802,-0.293
95.26,-4.29,0.351,-9.021,-0.274
95.27,-3.853,0.304,-9.219,-0.257
95.28,-3.41,0.255,-9.394,-0.24
95.29,-2.961,0.203,-9.546,-0.224
95.3,-2.51,0.149,-9.676,-0.21
95.31,-2.057,0.093,-9.783,-0.197
95.32,-1.605,0.035,-9.868,-0.184
95.33,-1.154,-0.024,-9.931,-0.171
95.34,-0.706,-0.086,-9.973,-0.159
95.35,-0.261,-0.149,-9.994,-0.149
95.36,0.177,-0.213,-9.995,-0.14
95.37,0.613,-0.279,-9.976,-0.13
95.38,1.041,-0.345,-9.938,-0.12
95.39,1.461,-0.413,-9.883,-0.113
95.4,1.87,-0.481,-9.811,-0.106
95.41,2.26,-0.552,-9.724,-0.098
95.42,2.639,-0.623,-9.624,-0.092
95.43,3.004,-0.694,-9.512,-0.086
95.44,3.356,-0.766,-9.388,-0.079
95.45,3.693,-0.838,-9.254,-0.071
95.46,4.015,-0.91,-9.112,-0.062
95.47,4.32,-0.982,-8.964,-0.052
95.48,4.61,-1.054,-8.81,-0.042
95.49,4.884,-1.125,-8.652,-0.03
95.5,5.143,-1.195,-8.491,-0.014
95.51,5.387,-1.265,-8.328,0.002
95.52,5.616,-1.334,-8.165,0.021
95.53,5.831,-1.402,-8.001,0.042
95.54,6.034,-1.468,-7.837,0.065
95.55,6.228,-1.534,-7.671,0.092
95.56,6.411,-1.596,-7.505,0.121
95.57,6.584,-1.658,-7.339,0.152
95.58,6.749,-1.718,-7.173,0.184
95.59,6.907,-1.776,-7.006,0.218
95.6,7.058,-1.831,-6.837,0.255
95.61,7.204,-1.883,-6.668,0.295
95.62,7.343,-1.933,-6.497,0.335
95.63,7.477,-1.982,-6.325,0.377
95.64,7.605,-2.027,-6.153,0.42
95.65,7.73,-2.07,-5.978,0.464
95.66,7.85,-2.11,-5.8,0.511
95.67,7.968,-2.147,-5.62,0.558
95.68,8.082,-2.182,-5.435,0.604
95.69,8.194,-2.216,-5.245,0.649
95.7,8.304,-2.247,-5.049,0.694
95.71,8.414,-2.276,-4.845,0.739
95.72,8.522,-2.302,-4.631,0.782
95.73,8.629,-2.327,-4.408,0.822
95.74,8.735,-2.351,-4.173,0.858
95.75,8.839,-2.373,-3.928,0.894
95.76,8.939,-2.391,-3.673,0.927
95.77,9.036,-2.41,-3.408,0.957
95.78,9.128,-2.427,-3.133,0.983
95.79,9.214,-2.443,-2.848,1.007
95.8,9.295,-2.456,-2.551,1.028
95.81,9.369,-2.468,-2.242,1.046
95.82,9.436,-2.478,-1.921,1.059
95.83,9.493,-2.489,-1.589,1.068
95.84,9.541,-2.499,-1.247,1.073
95.85,9.578,-2.507,-0.893,1.076
95.86,9.604,-2.513,-0.528,1.075
95.87,9.617,-2.518,-0.153,1.068
95.88,9.615,-2.522,0.228,1.059
95.89,9.599,-2.525,0.618,1.045
95.9,9.567,-2.525,1.015,1.029
95.91,9.518,-2.522,1.418,1.008
95.92,9.452,-2.517,1.825,0.985
95.93,9.369,-2.511,2.232,0.958
95.94,9.268,-2.502,2.639,0.929
95.95,9.149,-2.49,3.045,0.898
95.96,9.012,-2.476,3.447,0.864
95.97,8.858,-2.458,3.846,0.829
95.98,8.687,-2.439,4.237,0.792
95.99,8.499,-2.417,4.62,0.755
96,8.296,-2.392,4.993,0.717
96.01,8.078,-2.364,5.356,0.678
96.02,7.846,-2.333,5.707,0.638
96.03,7.603,-2.3,6.044,0.599
96.04,7.348,-2.264,6.368,0.559
96.05,7.083,-2.225,6.678,0.52
96.06,6.809,-2.184,6.973,0.48
96.07,6.531,-2.14,7.249,0.442
96.08,6.248,-2.094,7.51,0.404
96.09,5.959,-2.046,7.756,0.367
96.1,5.667,-1.996,7.986,0.33
96.11,5.371,-1.944,8.202,0.294
96.12,5.073,-1.889,8.403,0.257
96.13,4.773,-1.832,8.591,0.221
96.14,4.471,-1.775,8.764,0.186
96.15,4.169,-1.716,8.924,0.152
96.16,3.866,-1.656,9.071,0.116
96.17,3.562,-1.593,9.206,0.081
96.18,3.258,-1.53,9.329,0.045
96.19,2.952,-1.467,9.44,0.01
96.2,2.648,-1.403,9.54,-0.023
96.21,2.342,-1.338,9.628,-0.058
96.22,2.036,-1.273,9.706,-0.093
96.23,1.729,-1.208,9.774,-0.128
96.24,1.421,-1.142,9.83,-0.162
96.25,1.112,-1.077,9.877,-0.197
96.26,0.802,-1.012,9.913,-0.231
96.27,0.489,-0.947,9.939,-0.264
96.28,0.174,-0.882,9.954,-0.297
96.29,-0.142,-0.818,9.959,-0.33
96.3,-0.461,-0.753,9.954,-0.363
96.31,-0.784,-0.69,9.937,-0.395
96.32,-1.109,-0.627,9.909,-0.425
96.33,-1.437,-0.564,9.869,-0.454
96.34,-1.767,-0.502,9.817,-0.484
96.35,-2.1,-0.441,9.753,-0.513
96.36,-2.435,-0.381,9.676,-0.54
96.37,-2.771,-0.321,9.586,-0.566
96.38,-3.108,-0.263,9.482,-0.59
96.39,-3.445,-0.205,9.365,-0.613
96.4,-3.784,-0.149,9.233,-0.633
96.41,-4.122,-0.094,9.086,-0.652
96.42,-4.457,-0.041,8.926,-0.669
96.43,-4.788,0.01,8.751,-0.685
96.44,-5.117,0.06,8.562,-0.698
96.45,-5.441,0.109,8.359,-0.708
96.46,-5.76,0.156,8.14,-0.717
96.47,-6.073,0.201,7.908,-0.723
96.48,-6.38,0.244,7.661,-0.726
96.49,-6.679,0.286,7.4,-0.728
96.5,-6.97,0.326,7.126,-0.726
96.51,-7.252,0.364,6.837,-0.723
96.52,-7.524,0.401,6.534,-0.717
96.53,-7.786,0.435,6.218,-0.709
96.54,-8.037,0.467,5.89,-0.698
96.55,-8.275,0.498,5.549,-0.685
96.56,-8.5,0.526,5.196,-0.67
96.57,-8.712,0.552,4.833,-0.653
96.58,-8.909,0.576,4.458,-0.634
96.59,-9.092,0.598,4.074,-0.613
96.6,-9.259,0.616,3.679,-0.589
96.61,-9.409,0.633,3.276,-0.565
96.62,-9.543,0.647,2.865,-0.539
96.63,-9.66,0.658,2.446,-0.511
96.64,-9.758,0.667,2.021,-0.481
96.65,-9.839,0.674,1.59,-0.45
96.66,-9.901,0.678,1.154,-0.418
96.67,-9.943,0.679,0.714,-0.385
96.68,-9.967,0.677,0.27,-0.351
96.69,-9.97,0.673,-0.176,-0.315
96.7,-9.954,0.667,-0.625,-0.278
96.71,-9.916,0.659,-1.077,-0.24
96.72,-9.858,0.649,-1.529,-0.201
96.73,-9.778,0.637,-1.985,-0.161
96.74,-9.677,0.622,-2.439,-0.121
96.75,-9.553,0.605,-2.891,-0.079
96.76,-9.407,0.586,-3.338,-0.038
96.77,-9.24,0.565,-3.781,0.003
96.78,-9.05,0.542,-4.217,0.044
96.79,-8.84,0.516,-4.645,0.086
96.8,-8.607,0.489,-5.064,0.128
96.81,-8.354,0.46,-5.473,0.169
96.82,-8.079,0.429,-5.872,0.21
96.83,-7.785,0.397,-6.258,0.25
96.84,-7.471,0.362,-6.629,0.291
96.85,-7.14,0.327,-6.985,0.331
96.86,-6.794,0.29,-7.322,0.37
96.87,-6.432,0.25,-7.641,0.409
96.88,-6.059,0.21,-7.939,0.448
96.89,-5.674,0.168,-8.217,0.487
96.9,-5.28,0.124,-8.474,0.526
96.91,-4.878,0.079,-8.71,0.564
96.92,-4.471,0.034,-8.924,0.603
96.93,-4.06,-0.012,-9.116,0.642
96.94,-3.645,-0.059,-9.286,0.68
96.95,-3.229,-0.107,-9.436,0.719
96.96,-2.814,-0.155,-9.564,0.757
96.97,-2.399,-0.203,-9.672,0.796
96.98,-1.987,-0.252,-9.761,0.834
96.99,-1.578,-0.3,-9.831,0.873
97,-1.173,-0.347,-9.882,0.912
97.01,-0.774,-0.395,-9.916,0.951
97.02,-0.379,-0.442,-9.933,0.991
97.03,0.008,-0.489,-9.934,1.031
97.04,0.39,-0.535,-9.92,1.072
97.05,0.765,-0.581,-9.891,1.113
97.06,1.125,-0.627,-9.848,1.156
97.07,1.477,-0.672,-9.794,1.2
97.08,1.819,-0.716,-9.727,1.244
97.09,2.153,-0.759,-9.65,1.29
97.1,2.477,-0.8,-9.562,1.335
97.11,2.792,-0.839,-9.465,1.382
97.12,3.098,-0.878,-9.358,1.428
97.13,3.396,-0.914,-9.243,1.475
97.14,3.686,-0.948,-9.12,1.522
97.15,3.969,-0.98,-8.99,1.57
97.16,4.244,-1.012,-8.851,1.616
97.17,4.514,-1.04,-8.704,1.662
97.18,4.779,-1.069,-8.549,1.708
97.19,5.04,-1.096,-8.385,1.752
97.2,5.296,-1.122,-8.213,1.795
97.21,5.547,-1.147,-8.033,1.837
97.22,5.792,-1.171,-7.844,1.877
97.23,6.033,-1.194,-7.648,1.917
97.24,6.268,-1.215,-7.443,1.954
97.25,6.497,-1.236,-7.231,1.991
97.26,6.719,-1.256,-7.011,2.026
97.27,6.934,-1.274,-6.785,2.059
97.28,7.142,-1.291,-6.552,2.091
97.29,7.343,-1.307,-6.313,2.122
97.3,7.535,-1.32,-6.069,2.152
97.31,7.719,-1.332,-5.819,2.18
97.32,7.895,-1.342,-5.566,2.208
97.33,8.062,-1.35,-5.309,2.234
97.34,8.22,-1.356,-5.047,2.259
97.35,8.37,-1.361,-4.782,2.282
97.36,8.513,-1.363,-4.512,2.302
97.37,8.647,-1.365,-4.238,2.321
97.38,8.774,-1.364,-3.959,2.337
97.39,8.894,-1.362,-3.675,2.35
97.4,9.006,-1.359,-3.386,2.361
97.41,9.11,-1.356,-3.09,2.368
97.42,9.207,-1.352,-2.788,2.372
97.43,9.295,-1.347,-2.478,2.372
97.44,9.375,-1.343,-2.163,2.369
97.45,9.445,-1.338,-1.842,2.364
97.46,9.506,-1.333,-1.516,2.355
97.47,9.557,-1.327,-1.186,2.343
97.48,9.597,-1.32,-0.852,2.328
97.49,9.626,-1.312,-0.515,2.311
97.5,9.644,-1.303,-0.177,2.29
97.51,9.651,-1.292,0.159,2.268
97.52,9.648,-1.278,0.494,2.243
97.53,9.633,-1.263,0.826,2.217
97.54,9.608,-1.245,1.155,2.187
97.55,9.573,-1.226,1.482,2.156
97.56,9.527,-1.205,1.807,2.122
97.57,9.471,-1.182,2.129,2.086
97.58,9.405,-1.158,2.449,2.047
97.59,9.329,-1.133,2.766,2.004
97.6,9.243,-1.106,3.08,1.96
97.61,9.147,-1.078,3.391,1.912
97.62,9.041,-1.049,3.699,1.863
97.63,8.924,-1.019,4.004,1.812
97.64,8.797,-0.987,4.306,1.757
97.65,8.659,-0.955,4.604,1.7
97.66,8.511,-0.921,4.899,1.642
97.67,8.352,-0.887,5.191,1.582
97.68,8.182,-0.852,5.477,1.521
97.69,8.002,-0.815,5.759,1.457
97.7,7.811,-0.778,6.036,1.391
97.71,7.61,-0.74,6.307,1.324
97.72,7.396,-0.701,6.573,1.258
97.73,7.173,-0.661,6.832,1.19
97.74,6.939,-0.621,7.085,1.12
97.75,6.695,-0.58,7.33,1.051
97.76,6.44,-0.538,7.567,0.981
97.77,6.175,-0.495,7.796,0.911
97.78,5.9,-0.452,8.016,0.842
97.79,5.616,-0.408,8.227,0.773
97.8,5.323,-0.363,8.427,0.705
97.81,5.021,-0.317,8.618,0.637
97.82,4.711,-0.271,8.797,0.57
97.83,4.393,-0.225,8.965,0.505
97.84,4.068,-0.179,9.122,0.439
97.85,3.735,-0.133,9.267,0.375
97.86,3.394,-0.086,9.4,0.312
97.87,3.046,-0.039,9.521,0.25
97.88,2.69,0.007,9.629,0.191
97.89,2.329,0.054,9.723,0.133
97.9,1.962,0.102,9.804,0.078
97.91,1.589,0.15,9.871,0.025
97.92,1.211,0.197,9.924,-0.024
97.93,0.829,0.244,9.962,-0.073
97.94,0.442,0.291,9.985,-0.118
97.95,0.053,0.337,9.992,-0.161
97.96,-0.339,0.383,9.984,-0.201
97.97,-0.734,0.427,9.96,-0.239
97.98,-1.13,0.472,9.92,-0.273
97.99,-1.524,0.514,9.864,-0.306
98,-1.916,0.555,9.793,-0.335
98.01,-2.304,0.596,9.705,-0.362
98.02,-2.687,0.635,9.603,-0.386
98.03,-3.061,0.673,9.487,-0.408
98.04,-3.426,0.709,9.358,-0.427
98.05,-3.782,0.744,9.216,-0.443
98.06,-4.128,0.776,9.063,-0.457
98.07,-4.463,0.806,8.899,-0.47
98.08,-4.79,0.835,8.725,-0.48
98.09,-5.105,0.86,8.541,-0.488
98.1,-5.412,0.885,8.347,-0.495
98.11,-5.709,0.907,8.144,-0.499
98.12,-5.996,0.927,7.933,-0.502
98.13,-6.273,0.944,7.713,-0.503
98.14,-6.54,0.96,7.486,-0.502
98.15,-6.797,0.973,7.252,-0.499
98.16,-7.045,0.986,7.01,-0.495
98.17,-7.283,0.997,6.761,-0.489
98.18,-7.511,1.006,6.506,-0.481
98.19,-7.73,1.015,6.243,-0.472
98.2,-7.94,1.022,5.974,-0.461
98.21,-8.14,1.029,5.698,-0.448
98.22,-8.331,1.034,5.415,-0.434
98.23,-8.512,1.038,5.126,-0.417
98.24,-8.683,1.042,4.832,-0.4
98.25,-8.844,1.044,4.531,-0.38
98.26,-8.995,1.046,4.226,-0.359
98.27,-9.135,1.047,3.915,-0.337
98.28,-9.265,1.047,3.6,-0.314
98.29,-9.383,1.047,3.281,-0.29
98.3,-9.491,1.046,2.958,-0.264
98.31,-9.587,1.045,2.633,-0.237
98.32,-9.672,1.043,2.304,-0.209
98.33,-9.746,1.042,1.973,-0.18
98.34,-9.808,1.041,1.639,-0.149
98.35,-9.859,1.04,1.302,-0.117
98.36,-9.899,1.037,0.962,-0.084
98.37,-9.926,1.036,0.615,-0.046
98.38,-9.942,1.036,0.265,-0.007
98.39,-9.945,1.036,-0.087,0.033
98.4,-9.936,1.035,-0.443,0.077
98.41,-9.913,1.035,-0.8,0.12
98.42,-9.876,1.036,-1.159,0.165
98.43,-9.827,1.036,-1.519,0.211
98.44,-9.763,1.036,-1.879,0.258
98.45,-9.685,1.035,-2.239,0.307
98.46,-9.594,1.035,-2.598,0.355
98.47,-9.487,1.035,-2.957,0.404
98.48,-9.366,1.035,-3.313,0.454
98.49,-9.231,1.035,-3.668,0.504
98.5,-9.081,1.034,-4.018,0.554
98.51,-8.916,1.033,-4.365,0.604
98.52,-8.737,1.031,-4.708,0.655
98.53,-8.542,1.029,-5.045,0.706
98.54,-8.333,1.025,-5.377,0.758
98.55,-8.11,1.021,-5.702,0.81
98.56,-7.872,1.017,-6.02,0.863
98.57,-7.62,1.012,-6.329,0.915
98.58,-7.356,1.006,-6.628,0.968
98.59,-7.08,1,-6.915,1.022
98.6,-6.794,0.993,-7.189,1.075
98.61,-6.498,0.987,-7.451,1.128
98.62,-6.193,0.981,-7.699,1.18
98.63,-5.88,0.974,-7.934,1.233
98.64,-5.558,0.967,-8.155,1.286
98.65,-5.227,0.959,-8.363,1.339
98.66,-4.89,0.952,-8.558,1.39
98.67,-4.545,0.943,-8.738,1.442
98.68,-4.195,0.935,-8.904,1.494
98.69,-3.839,0.925,-9.056,1.545
98.7,-3.482,0.917,-9.191,1.597
98.71,-3.122,0.91,-9.311,1.648
98.72,-2.76,0.902,-9.416,1.699
98.73,-2.397,0.894,-9.507,1.749
98.74,-2.033,0.886,-9.583,1.798
98.75,-1.67,0.878,-9.645,1.845
98.76,-1.308,0.87,-9.692,1.892
98.77,-0.949,0.864,-9.725,1.938
98.78,-0.594,0.858,-9.745,1.982
98.79,-0.242,0.853,-9.752,2.025
98.8,0.102,0.849,-9.746,2.067
98.81,0.442,0.847,-9.728,2.107
98.82,0.776,0.846,-9.699,2.146
98.83,1.106,0.846,-9.658,2.183
98.84,1.428,0.847,-9.608,2.218
98.85,1.744,0.85,-9.547,2.252
98.86,2.054,0.854,-9.477,2.284
98.87,2.358,0.858,-9.398,2.314
98.88,2.656,0.864,-9.311,2.343
98.89,2.948,0.871,-9.215,2.369
98.9,3.233,0.878,-9.112,2.394
98.91,3.511,0.887,-9.002,2.416
98.92,3.782,0.896,-8.885,2.437
98.93,4.044,0.907,-8.762,2.455
98.94,4.299,0.919,-8.635,2.47
98.95,4.546,0.933,-8.502,2.483
98.96,4.785,0.947,-8.365,2.493
98.97,5.018,0.963,-8.224,2.5
98.98,5.243,0.979,-8.079,2.504
98.99,5.462,0.996,-7.93,2.505
99,5.675,1.014,-7.778,2.502
99.01,5.882,1.032,-7.622,2.497
99.02,6.085,1.049,-7.461,2.489
99.03,6.284,1.064,-7.296,2.477
99.04,6.48,1.077,-7.125,2.462
99.05,6.675,1.089,-6.948,2.444
99.06,6.867,1.097,-6.764,2.424
99.07,7.056,1.103,-6.574,2.4
99.08,7.242,1.108,-6.378,2.375
99.09,7.427,1.108,-6.172,2.346
99.1,7.608,1.106,-5.959,2.315
99.11,7.787,1.1,-5.739,2.281
99.12,7.962,1.092,-5.51,2.246
99.13,8.134,1.08,-5.271,2.208
99.14,8.301,1.067,-5.022,2.169
99.15,8.465,1.05,-4.765,2.128
99.16,8.622,1.03,-4.498,2.085
99.17,8.773,1.008,-4.222,2.041
99.18,8.919,0.984,-3.936,1.996
99.19,9.057,0.956,-3.64,1.948
99.2,9.186,0.927,-3.337,1.9
99.21,9.307,0.896,-3.023,1.849
99.22,9.419,0.864,-2.701,1.797
99.23,9.52,0.829,-2.371,1.744
99.24,9.611,0.793,-2.033,1.689
99.25,9.691,0.756,-1.687,1.632
99.26,9.758,0.718,-1.332,1.574
99.27,9.813,0.678,-0.973,1.514
99.28,9.854,0.638,-0.609,1.453
99.29,9.881,0.598,-0.242,1.39
99.3,9.895,0.558,0.128,1.326
99.31,9.893,0.517,0.501,1.26
99.32,9.878,0.477,0.874,1.194
99.33,9.848,0.437,1.247,1.126
99.34,9.803,0.397,1.618,1.057
99.35,9.743,0.358,1.988,0.987
99.36,9.67,0.321,2.353,0.916
99.37,9.582,0.284,2.715,0.844
99.38,9.482,0.248,3.07,0.772
99.39,9.368,0.212,3.42,0.698
99.4,9.241,0.179,3.764,0.623
99.41,9.101,0.146,4.104,0.548
99.42,8.948,0.114,4.436,0.474
99.43,8.784,0.083,4.76,0.399
99.44,8.608,0.054,5.077,0.323
99.45,8.42,0.025,5.387,0.248
99.46,8.221,0,5.69,0.173
99.47,8.01,-0.026,5.985,0.099
99.48,7.788,-0.05,6.271,0.026
99.49,7.555,-0.073,6.55,-0.046
99.5,7.312,-0.093,6.819,-0.118
99.51,7.058,-0.111,7.08,-0.188
99.52,6.795,-0.128,7.33,-0.257
99.53,6.523,-0.144,7.57,-0.325
99.54,6.242,-0.157,7.8,-0.391
99.55,5.954,-0.169,8.019,-0.456
99.56,5.658,-0.179,8.226,-0.519
99.57,5.356,-0.187,8.422,-0.579
99.58,5.046,-0.193,8.607,-0.638
99.59,4.73,-0.198,8.78,-0.694
99.6,4.407,-0.201,8.942,-0.748
99.61,4.079,-0.202,9.092,-0.8
99.62,3.745,-0.202,9.231,-0.849
99.63,3.405,-0.2,9.357,-0.895
99.64,3.06,-0.196,9.471,-0.939
99.65,2.709,-0.19,9.573,-0.981
99.66,2.353,-0.182,9.663,-1.019
99.67,1.993,-0.172,9.74,-1.054
99.68,1.627,-0.159,9.805,-1.087
99.69,1.257,-0.143,9.856,-1.116
99.7,0.882,-0.124,9.894,-1.141
99.71,0.505,-0.104,9.918,-1.164
99.72,0.125,-0.081,9.928,-1.185
99.73,-0.255,-0.057,9.923,-1.203
99.74,-0.637,-0.03,9.905,-1.217
99.75,-1.019,-0.002,9.871,-1.229
99.76,-1.401,0.027,9.823,-1.237
99.77,-1.782,0.059,9.76,-1.243
99.78,-2.16,0.092,9.683,-1.246
99.79,-2.536,0.126,9.591,-1.246
99.8,-2.908,0.162,9.485,-1.242
99.81,-3.276,0.198,9.364,-1.234
99.82,-3.639,0.236,9.23,-1.224
99.83,-3.997,0.274,9.081,-1.211
99.84,-4.35,0.313,8.918,-1.195
99.85,-4.697,0.354,8.742,-1.175
99.86,-5.037,0.395,8.552,-1.152
99.87,-5.37,0.436,8.348,-1.127
99.88,-5.696,0.478,8.13,-1.099
99.89,-6.013,0.52,7.9,-1.068
99.9,-6.321,0.563,7.657,-1.034
99.91,-6.621,0.607,7.402,-0.998
99.92,-6.91,0.65,7.134,-0.959
99.93,-7.19,0.694,6.853,-0.918
99.94,-7.459,0.738,6.56,-0.873
99.95,-7.717,0.782,6.256,-0.826
99.96,-7.963,0.825,5.941,-0.776
99.97,-8.197,0.868,5.614,-0.724
99.98,-8.417,0.91,5.279,-0.67
99.99,-8.624,0.951,4.933,-0.613
100,-8.816,0.99,4.58,-0.554
100.01,-8.994,1.029,4.218,-0.493
100.02,-9.157,1.067,3.849,-0.429
100.03,-9.305,1.103,3.471,-0.364
100.04,-9.438,1.138,3.087,-0.297
100.05,-9.555,1.171,2.696,-0.228
100.06,-9.656,1.203,2.298,-0.158
100.07,-9.74,1.234,1.895,-0.086
100.08,-9.807,1.263,1.487,-0.014
100.09,-9.857,1.29,1.074,0.059
100.1,-9.89,1.316,0.658,0.133
100.11,-9.904,1.34,0.238,0.208
100.12,-9.901,1.361,-0.183,0.285
100.13,-9.878,1.38,-0.607,0.361
100.14,-9.838,1.397,-1.033,0.438
100.15,-9.778,1.41,-1.458,0.515
100.16,-9.699,1.421,-1.884,0.591
100.17,-9.6,1.43,-2.309,0.667
100.18,-9.482,1.437,-2.731,0.743
100.19,-9.344,1.44,-3.151,0.818
100.2,-9.187,1.441,-3.564,0.892
100.21,-9.012,1.441,-3.971,0.966
100.22,-8.818,1.438,-4.368,1.038
100.23,-8.607,1.433,-4.756,1.108
100.24,-8.38,1.426,-5.132,1.178
100.25,-8.138,1.418,-5.495,1.245
100.26,-7.882,1.409,-5.844,1.311
100.27,-7.613,1.398,-6.179,1.375
100.28,-7.333,1.387,-6.498,1.437
100.29,-7.042,1.374,-6.802,1.496
100.3,-6.743,1.362,-7.089,1.552
100.31,-6.436,1.349,-7.36,1.606
100.32,-6.122,1.337,-7.614,1.656
100.33,-5.803,1.323,-7.852,1.704
100.34,-5.48,1.311,-8.073,1.749
100.35,-5.158,1.302,-8.275,1.79
100.36,-4.832,1.292,-8.463,1.827
100.37,-4.505,1.283,-8.636,1.862
100.38,-4.178,1.274,-8.793,1.893
100.39,-3.85,1.267,-8.937,1.921
100.4,-3.522,1.259,-9.067,1.945
100.41,-3.194,1.253,-9.184,1.967
100.42,-2.868,1.248,-9.288,1.985
100.43,-2.545,1.243,-9.379,2.001
100.44,-2.223,1.24,-9.458,2.012
100.45,-1.905,1.238,-9.526,2.021
100.46,-1.591,1.237,-9.582,2.027
100.47,-1.281,1.236,-9.628,2.029
100.48,-0.975,1.238,-9.664,2.028
100.49,-0.673,1.241,-9.69,2.024
100.5,-0.376,1.244,-9.707,2.018
100.51,-0.085,1.248,-9.715,2.008
100.52,0.202,1.253,-9.716,1.996
100.53,0.487,1.259,-9.708,1.98
100.54,0.769,1.264,-9.693,1.962
100.55,1.051,1.268,-9.67,1.941
100.56,1.33,1.271,-9.639,1.919
100.57,1.608,1.273,-9.602,1.894
100.58,1.886,1.274,-9.556,1.867
100.59,2.165,1.274,-9.503,1.838
100.6,2.442,1.272,-9.441,1.807
100.61,2.718,1.269,-9.372,1.774
100.62,2.993,1.264,-9.295,1.74
100.63,3.267,1.258,-9.21,1.704
100.64,3.542,1.249,-9.116,1.667
100.65,3.818,1.238,-9.012,1.629
100.66,4.095,1.226,-8.898,1.59
100.67,4.379,1.209,-8.771,1.552
100.68,4.663,1.191,-8.633,1.513
100.69,4.946,1.171,-8.484,1.473
100.7,5.228,1.148,-8.324,1.433
100.71,5.508,1.124,-8.151,1.393
100.72,5.788,1.096,-7.966,1.353
100.73,6.066,1.068,-7.767,1.312
100.74,6.342,1.036,-7.555,1.271
100.75,6.614,1.004,-7.329,1.229
100.76,6.883,0.968,-7.09,1.188
100.77,7.147,0.932,-6.835,1.146
100.78,7.407,0.893,-6.565,1.105
100.79,7.66,0.853,-6.281,1.064
100.8,7.905,0.81,-5.983,1.022
100.81,8.142,0.767,-5.67,0.979
100.82,8.369,0.721,-5.342,0.938
100.83,8.585,0.676,-5.003,0.895
100.84,8.787,0.629,-4.652,0.853
100.85,8.977,0.581,-4.291,0.809
100.86,9.152,0.533,-3.92,0.765
100.87,9.311,0.485,-3.541,0.721
100.88,9.454,0.437,-3.156,0.676
100.89,9.58,0.388,-2.767,0.631
100.9,9.69,0.341,-2.373,0.584
100.91,9.783,0.293,-1.975,0.537
100.92,9.859,0.246,-1.577,0.489
100.93,9.918,0.2,-1.18,0.441
100.94,9.96,0.155,-0.784,0.393
100.95,9.985,0.11,-0.389,0.344
100.96,9.995,0.066,0,0.295
100.97,9.989,0.022,0.387,0.246
100.98,9.968,-0.02,0.769,0.197
100.99,9.932,-0.062,1.145,0.148
101,9.883,-0.102,1.512,0.1
101.01,9.822,-0.143,1.872,0.052
101.02,9.747,-0.182,2.225,0.004
101.03,9.661,-0.22,2.571,-0.042
101.04,9.563,-0.258,2.91,-0.089
101.05,9.453,-0.294,3.243,-0.135
101.06,9.333,-0.329,3.57,-0.18
101.07,9.202,-0.364,3.89,-0.224
101.08,9.06,-0.398,4.204,-0.267
101.09,8.908,-0.43,4.511,-0.31
101.1,8.747,-0.462,4.81,-0.35
101.11,8.576,-0.492,5.103,-0.39
101.12,8.396,-0.522,5.388,-0.427
101.13,8.208,-0.55,5.665,-0.464
101.14,8.011,-0.578,5.935,-0.499
101.15,7.807,-0.605,6.196,-0.532
101.16,7.593,-0.631,6.451,-0.564
101.17,7.372,-0.655,6.698,-0.595
101.18,7.142,-0.678,6.938,-0.624
101.19,6.903,-0.699,7.171,-0.652
101.2,6.654,-0.718,7.398,-0.678
101.21,6.397,-0.735,7.617,-0.704
101.22,6.131,-0.751,7.829,-0.727
101.23,5.857,-0.764,8.033,-0.749
101.24,5.574,-0.775,8.23,-0.769
101.25,5.282,-0.784,8.417,-0.788
101.26,4.981,-0.791,8.596,-0.806
101.27,4.673,-0.795,8.766,-0.822
101.28,4.356,-0.798,8.926,-0.837
101.29,4.032,-0.797,9.076,-0.851
101.3,3.701,-0.794,9.215,-0.863
101.31,3.363,-0.789,9.343,-0.875
101.32,3.017,-0.781,9.46,-0.886
101.33,2.661,-0.77,9.566,-0.895
101.34,2.298,-0.755,9.66,-0.903
101.35,1.93,-0.737,9.741,-0.911
101.36,1.554,-0.716,9.809,-0.917
101.37,1.174,-0.693,9.863,-0.922
101.38,0.788,-0.668,9.903,-0.926
101.39,0.398,-0.64,9.928,-0.928
101.4,0.004,-0.609,9.937,-0.93
101.41,-0.392,-0.576,9.932,-0.931
101.42,-0.792,-0.541,9.91,-0.929
101.43,-1.194,-0.503,9.872,-0.927
101.44,-1.596,-0.463,9.817,-0.924
101.45,-2,-0.421,9.745,-0.919
101.46,-2.404,-0.376,9.656,-0.913
101.47,-2.807,-0.329,9.549,-0.907
101.48,-3.208,-0.28,9.424,-0.899
101.49,-3.607,-0.228,9.281,-0.889
101.5,-4.002,-0.175,9.12,-0.878
101.51,-4.393,-0.12,8.94,-0.867
101.52,-4.778,-0.063,8.742,-0.854
101.53,-5.157,-0.005,8.525,-0.84
101.54,-5.529,0.053,8.291,-0.825
101.55,-5.892,0.113,8.038,-0.807
101.56,-6.245,0.174,7.767,-0.789
101.57,-6.588,0.236,7.479,-0.769
101.58,-6.919,0.298,7.174,-0.748
101.59,-7.236,0.361,6.853,-0.725
101.6,-7.541,0.424,6.516,-0.7
101.61,-7.83,0.488,6.163,-0.674
101.62,-8.103,0.552,5.797,-0.646
101.63,-8.36,0.616,5.416,-0.616
101.64,-8.6,0.679,5.023,-0.585
101.65,-8.821,0.742,4.617,-0.553
101.66,-9.024,0.807,4.2,-0.518
101.67,-9.207,0.871,3.772,-0.482
101.68,-9.37,0.934,3.335,-0.445
101.69,-9.512,0.997,2.89,-0.405
101.7,-9.632,1.058,2.44,-0.365
101.71,-9.731,1.119,1.984,-0.323
101.72,-9.808,1.179,1.523,-0.28
101.73,-9.863,1.237,1.059,-0.236
101.74,-9.896,1.293,0.592,-0.19
101.75,-9.906,1.348,0.123,-0.143
101.76,-9.894,1.401,-0.346,-0.096
101.77,-9.86,1.452,-0.815,-0.047
101.78,-9.803,1.501,-1.283,0.001
101.79,-9.723,1.547,-1.749,0.052
101.8,-9.621,1.591,-2.211,0.103
101.81,-9.496,1.632,-2.668,0.155
101.82,-9.35,1.67,-3.12,0.207
101.83,-9.181,1.705,-3.566,0.261
101.84,-8.991,1.736,-4.005,0.314
101.85,-8.779,1.765,-4.435,0.368
101.86,-8.546,1.789,-4.855,0.422
101.87,-8.292,1.811,-5.265,0.476
101.88,-8.019,1.827,-5.662,0.529
101.89,-7.727,1.841,-6.046,0.583
101.9,-7.416,1.851,-6.415,0.636
101.91,-7.089,1.857,-6.769,0.688
101.92,-6.745,1.86,-7.105,0.739
101.93,-6.388,1.859,-7.423,0.787
101.94,-6.018,1.855,-7.722,0.834
101.95,-5.64,1.848,-8,0.878
101.96,-5.254,1.838,-8.256,0.919
101.97,-4.863,1.826,-8.49,0.957
101.98,-4.468,1.811,-8.704,0.991
101.99,-4.078,1.796,-8.893,1.021
102,-3.687,1.779,-9.063,1.047
102.01,-3.296,1.76,-9.213,1.069
102.02,-2.906,1.739,-9.345,1.088
102.03,-2.519,1.716,-9.459,1.104
102.04,-2.135,1.692,-9.556,1.116
102.05,-1.756,1.666,-9.636,1.125
102.06,-1.381,1.639,-9.701,1.131
102.07,-1.013,1.61,-9.751,1.132
102.08,-0.651,1.58,-9.787,1.131
102.09,-0.296,1.548,-9.81,1.127
102.1,0.05,1.516,-9.82,1.12
102.11,0.391,1.482,-9.819,1.109
102.12,0.724,1.446,-9.807,1.096
102.13,1.048,1.41,-9.784,1.079
102.14,1.365,1.372,-9.753,1.061
102.15,1.675,1.334,-9.712,1.041
102.16,1.977,1.294,-9.663,1.018
102.17,2.273,1.254,-9.605,0.992
102.18,2.563,1.212,-9.54,0.966
102.19,2.847,1.17,-9.467,0.938
102.2,3.127,1.125,-9.387,0.91
102.21,3.402,1.081,-9.299,0.88
102.22,3.675,1.033,-9.203,0.849
102.23,3.944,0.985,-9.099,0.819
102.24,4.211,0.935,-8.987,0.788
102.25,4.475,0.884,-8.866,0.756
102.26,4.738,0.832,-8.736,0.726
102.27,4.999,0.778,-8.597,0.695
102.28,5.258,0.723,-8.448,0.664
102.29,5.515,0.667,-8.29,0.633
102.3,5.768,0.611,-8.123,0.603
102.31,6.019,0.553,-7.945,0.573
102.32,6.269,0.493,-7.755,0.545
102.33,6.516,0.435,-7.555,0.516
102.34,6.758,0.374,-7.344,0.489
102.35,6.997,0.314,-7.121,0.462
102.36,7.232,0.253,-6.887,0.435
102.37,7.46,0.192,-6.643,0.408
102.38,7.684,0.13,-6.386,0.382
102.39,7.9,0.069,-6.119,0.356
102.4,8.109,0.007,-5.841,0.331
102.41,8.31,-0.053,-5.552,0.306
102.42,8.502,-0.114,-5.254,0.281
102.43,8.685,-0.174,-4.946,0.256
102.44,8.857,-0.234,-4.629,0.232
102.45,9.018,-0.294,-4.305,0.207
102.46,9.166,-0.353,-3.977,0.183
102.47,9.3,-0.413,-3.646,0.159
102.48,9.421,-0.472,-3.314,0.136
102.49,9.529,-0.531,-2.983,0.113
102.5,9.623,-0.59,-2.652,0.091
102.51,9.704,-0.649,-2.321,0.069
102.52,9.773,-0.708,-1.991,0.048
102.53,9.831,-0.767,-1.661,0.028
102.54,9.876,-0.826,-1.333,0.007
102.55,9.909,-0.884,-1.006,-0.012
102.56,9.932,-0.943,-0.681,-0.031
102.57,9.943,-1,-0.36,-0.049
102.58,9.943,-1.057,-0.041,-0.066
102.59,9.933,-1.114,0.275,-0.082
102.6,9.913,-1.171,0.59,-0.097
102.61,9.882,-1.227,0.902,-0.111
102.62,9.842,-1.283,1.213,-0.124
102.63,9.791,-1.338,1.52,-0.136
102.64,9.731,-1.392,1.824,-0.147
102.65,9.663,-1.447,2.122,-0.156
102.66,9.585,-1.502,2.417,-0.164
102.67,9.498,-1.557,2.707,-0.172
102.68,9.402,-1.61,2.995,-0.18
102.69,9.297,-1.663,3.28,-0.187
102.7,9.182,-1.716,3.562,-0.193
102.71,9.059,-1.767,3.843,-0.2
102.72,8.925,-1.817,4.121,-0.207
102.73,8.782,-1.866,4.398,-0.214
102.74,8.627,-1.914,4.673,-0.221
102.75,8.463,-1.96,4.947,-0.228
102.76,8.286,-2.005,5.22,-0.236
102.77,8.099,-2.047,5.491,-0.244
102.78,7.898,-2.087,5.76,-0.254
102.79,7.685,-2.125,6.028,-0.264
102.8,7.458,-2.16,6.294,-0.276
102.81,7.218,-2.192,6.557,-0.288
102.82,6.965,-2.222,6.815,-0.301
102.83,6.7,-2.249,7.066,-0.316
102.84,6.423,-2.273,7.311,-0.332
102.85,6.132,-2.293,7.55,-0.35
102.86,5.828,-2.311,7.781,-0.369
102.87,5.51,-2.326,8.004,-0.389
102.88,5.18,-2.336,8.217,-0.41
102.89,4.839,-2.344,8.419,-0.433
102.9,4.487,-2.347,8.61,-0.456
102.91,4.127,-2.348,8.787,-0.48
102.92,3.759,-2.344,8.95,-0.503
102.93,3.386,-2.337,9.099,-0.525
102.94,3.009,-2.326,9.232,-0.546
102.95,2.63,-2.312,9.349,-0.565
102.96,2.251,-2.293,9.451,-0.582
102.97,1.875,-2.272,9.537,-0.595
102.98,1.5,-2.247,9.608,-0.607
102.99,1.129,-2.22,9.665,-0.616
103,0.761,-2.189,9.707,-0.623
103.01,0.397,-2.155,9.736,-0.628
103.02,0.039,-2.119,9.752,-0.63
103.03,-0.313,-2.08,9.755,-0.63
103.04,-0.66,-2.037,9.747,-0.628
103.05,-0.999,-1.993,9.728,-0.623
103.06,-1.332,-1.944,9.698,-0.616
103.07,-1.656,-1.896,9.658,-0.607
103.08,-1.975,-1.842,9.609,-0.596
103.09,-2.284,-1.789,9.551,-0.582
103.1,-2.585,-1.73,9.486,-0.567
103.11,-2.877,-1.672,9.413,-0.549
103.12,-3.161,-1.611,9.334,-0.53
103.13,-3.436,-1.549,9.248,-0.509
103.14,-3.703,-1.485,9.156,-0.486
103.15,-3.962,-1.42,9.059,-0.461
103.16,-4.216,-1.351,8.955,-0.437
103.17,-4.464,-1.283,8.845,-0.411
103.18,-4.71,-1.212,8.728,-0.385
103.19,-4.951,-1.14,8.605,-0.359
103.2,-5.19,-1.067,8.473,-0.334
103.21,-5.425,-0.993,8.335,-0.308
103.22,-5.656,-0.918,8.19,-0.282
103.23,-5.885,-0.842,8.036,-0.256
103.24,-6.111,-0.765,7.874,-0.23
103.25,-6.334,-0.687,7.704,-0.205
103.26,-6.554,-0.609,7.525,-0.18
103.27,-6.772,-0.53,7.336,-0.155
103.28,-6.988,-0.452,7.137,-0.13
103.29,-7.2,-0.373,6.928,-0.106
103.3,-7.412,-0.295,6.705,-0.082
103.31,-7.619,-0.218,6.472,-0.058
103.32,-7.821,-0.142,6.229,-0.035
103.33,-8.018,-0.067,5.974,-0.011
103.34,-8.211,0.006,5.707,0.011
103.35,-8.397,0.078,5.429,0.034
103.36,-8.576,0.15,5.14,0.057
103.37,-8.746,0.219,4.841,0.08
103.38,-8.909,0.286,4.531,0.103
103.39,-9.062,0.351,4.211,0.125
103.4,-9.204,0.415,3.883,0.148
103.41,-9.336,0.476,3.546,0.172
103.42,-9.456,0.534,3.201,0.195
103.43,-9.565,0.59,2.847,0.219
103.44,-9.661,0.642,2.486,0.243
103.45,-9.745,0.692,2.116,0.267
103.46,-9.815,0.739,1.74,0.291
103.47,-9.871,0.782,1.359,0.316
103.48,-9.912,0.822,0.972,0.34
103.49,-9.939,0.858,0.582,0.365
103.5,-9.95,0.891,0.189,0.39
103.51,-9.946,0.921,-0.206,0.415
103.52,-9.926,0.947,-0.604,0.441
103.53,-9.891,0.97,-1.003,0.467
103.54,-9.839,0.988,-1.4,0.492
103.55,-9.772,1.004,-1.796,0.518
103.56,-9.689,1.016,-2.187,0.544
103.57,-9.591,1.025,-2.574,0.569
103.58,-9.478,1.03,-2.956,0.595
103.59,-9.351,1.033,-3.331,0.62
103.6,-9.21,1.032,-3.7,0.645
103.61,-9.054,1.027,-4.063,0.671
103.62,-8.885,1.02,-4.418,0.696
103.63,-8.702,1.007,-4.766,0.721
103.64,-8.507,0.992,-5.106,0.747
103.65,-8.299,0.974,-5.437,0.772
103.66,-8.079,0.953,-5.759,0.797
103.67,-7.847,0.929,-6.072,0.822
103.68,-7.604,0.902,-6.375,0.846
103.69,-7.349,0.873,-6.667,0.87
103.7,-7.084,0.842,-6.949,0.893
103.71,-6.809,0.808,-7.22,0.917
103.72,-6.524,0.772,-7.479,0.94
103.73,-6.23,0.733,-7.727,0.962
103.74,-5.925,0.692,-7.964,0.984
103.75,-5.612,0.648,-8.189,1.006
103.76,-5.29,0.602,-8.401,1.028
103.77,-4.959,0.554,-8.602,1.05
103.78,-4.618,0.505,-8.789,1.073
103.79,-4.268,0.454,-8.965,1.095
103.8,-3.909,0.399,-9.127,1.115
103.81,-3.541,0.343,-9.276,1.135
103.82,-3.165,0.285,-9.41,1.155
103.83,-2.78,0.225,-9.53,1.175
103.84,-2.387,0.162,-9.635,1.194
103.85,-1.986,0.098,-9.724,1.213
103.86,-1.577,0.031,-9.797,1.23
103.87,-1.161,-0.036,-9.853,1.247
103.88,-0.736,-0.107,-9.891,1.263
103.89,-0.305,-0.179,-9.911,1.277
103.9,0.131,-0.254,-9.912,1.29
103.91,0.575,-0.33,-9.892,1.301
103.92,1.025,-0.408,-9.852,1.311
103.93,1.479,-0.488,-9.789,1.318
103.94,1.938,-0.569,-9.703,1.324
103.95,2.4,-0.651,-9.594,1.327
103.96,2.874,-0.736,-9.456,1.327
103.97,3.348,-0.822,-9.292,1.324
103.98,3.821,-0.909,-9.101,1.318
103.99,4.29,-0.995,-8.881,1.308
104,4.753,-1.081,-8.634,1.295
104.01,5.207,-1.167,-8.359,1.278
104.02,5.652,-1.252,-8.055,1.259
104.03,6.083,-1.336,-7.724,1.235
104.04,6.5,-1.419,-7.366,1.209
104.05,6.899,-1.5,-6.982,1.179
104.06,7.278,-1.579,-6.574,1.147
104.07,7.635,-1.657,-6.141,1.111
104.08,7.97,-1.732,-5.684,1.072
104.09,8.28,-1.805,-5.207,1.031
104.1,8.562,-1.875,-4.711,0.987
104.11,8.815,-1.942,-4.197,0.942
104.12,9.04,-2.006,-3.667,0.894
104.13,9.233,-2.067,-3.123,0.844
104.14,9.395,-2.125,-2.565,0.792
104.15,9.524,-2.179,-1.998,0.739
104.16,9.619,-2.229,-1.423,0.687
104.17,9.68,-2.273,-0.846,0.633
104.18,9.707,-2.314,-0.271,0.58
104.19,9.7,-2.351,0.302,0.527
104.2,9.66,-2.385,0.871,0.476
104.21,9.588,-2.412,1.433,0.425
104.22,9.486,-2.436,1.983,0.375
104.23,9.354,-2.457,2.519,0.327
104.24,9.195,-2.474,3.039,0.283
104.25,9.011,-2.488,3.542,0.24
104.26,8.803,-2.498,4.027,0.199
104.27,8.573,-2.504,4.494,0.16
104.28,8.324,-2.51,4.938,0.127
104.29,8.066,-2.514,5.347,0.102
104.3,7.796,-2.515,5.733,0.078
104.31,7.516,-2.515,6.096,0.06
104.32,7.229,-2.511,6.435,0.046
104.33,6.934,-2.505,6.755,0.036
104.34,6.634,-2.496,7.053,0.028
104.35,6.33,-2.485,7.331,0.023
104.36,6.022,-2.471,7.59,0.019
104.37,5.71,-2.455,7.833,0.018
104.38,5.393,-2.438,8.059,0.02
104.39,5.074,-2.418,8.27,0.024
104.4,4.752,-2.397,8.465,0.029
104.41,4.43,-2.372,8.644,0.035
104.42,4.109,-2.346,8.809,0.043
104.43,3.789,-2.316,8.959,0.054
104.44,3.47,-2.284,9.095,0.067
104.45,3.151,-2.25,9.219,0.081
104.46,2.832,-2.213,9.33,0.094
104.47,2.516,-2.174,9.429,0.109
104.48,2.203,-2.133,9.517,0.124
104.49,1.891,-2.089,9.593,0.14
104.5,1.582,-2.043,9.658,0.156
104.51,1.273,-1.995,9.714,0.172
104.52,0.967,-1.945,9.759,0.186
104.53,0.661,-1.892,9.794,0.2
104.54,0.357,-1.838,9.82,0.213
104.55,0.05,-1.782,9.837,0.225
104.56,-0.258,-1.725,9.843,0.236
104.57,-0.568,-1.666,9.84,0.245
104.58,-0.876,-1.606,9.827,0.253
104.59,-1.184,-1.545,9.805,0.259
104.6,-1.492,-1.482,9.772,0.265
104.61,-1.798,-1.419,9.73,0.269
104.62,-2.105,-1.356,9.677,0.272
104.63,-2.411,-1.292,9.614,0.273
104.64,-2.716,-1.227,9.541,0.274
104.65,-3.02,-1.162,9.457,0.273
104.66,-3.323,-1.096,9.363,0.272
104.67,-3.622,-1.03,9.259,0.27
104.68,-3.917,-0.963,9.146,0.267
104.69,-4.207,-0.896,9.023,0.263
104.7,-4.491,-0.828,8.892,0.258
104.71,-4.771,-0.76,8.751,0.253
104.72,-5.047,-0.691,8.601,0.247
104.73,-5.317,-0.622,8.442,0.239
104.74,-5.583,-0.554,8.273,0.231
104.75,-5.845,-0.485,8.095,0.222
104.76,-6.102,-0.417,7.908,0.212
104.77,-6.354,-0.349,7.711,0.202
104.78,-6.6,-0.282,7.504,0.192
104.79,-6.841,-0.216,7.288,0.181
104.8,-7.075,-0.15,7.063,0.171
104.81,-7.302,-0.085,6.829,0.16
104.82,-7.522,-0.021,6.586,0.149
104.83,-7.735,0.041,6.335,0.139
104.84,-7.939,0.102,6.077,0.128
104.85,-8.135,0.163,5.81,0.118
104.86,-8.323,0.223,5.537,0.108
104.87,-8.501,0.281,5.256,0.098
104.88,-8.67,0.338,4.97,0.088
104.89,-8.828,0.394,4.678,0.079
104.9,-8.978,0.449,4.379,0.071
104.91,-9.118,0.502,4.074,0.063
104.92,-9.247,0.553,3.764,0.055
104.93,-9.367,0.602,3.447,0.049
104.94,-9.477,0.65,3.124,0.043
104.95,-9.576,0.696,2.792,0.04
104.96,-9.665,0.738,2.453,0.038
104.97,-9.743,0.779,2.109,0.038
104.98,-9.809,0.817,1.759,0.039
104.99,-9.864,0.854,1.402,0.042
105,-9.905,0.888,1.041,0.046
105.01,-9.934,0.919,0.675,0.052
105.02,-9.95,0.947,0.305,0.059
105.03,-9.951,0.974,-0.065,0.067
105.04,-9.94,0.998,-0.438,0.078
105.05,-9.914,1.019,-0.813,0.09
105.06,-9.874,1.037,-1.189,0.103
105.07,-9.819,1.052,-1.567,0.119
105.08,-9.749,1.065,-1.946,0.136
105.09,-9.664,1.076,-2.326,0.156
105.1,-9.563,1.084,-2.707,0.178
105.11,-9.446,1.087,-3.087,0.202
105.12,-9.313,1.088,-3.466,0.226
105.13,-9.165,1.086,-3.841,0.252
105.14,-9,1.08,-4.212,0.28
105.15,-8.819,1.071,-4.579,0.308
105.16,-8.622,1.058,-4.94,0.338
105.17,-8.41,1.042,-5.295,0.369
105.18,-8.182,1.023,-5.642,0.4
105.19,-7.939,0.999,-5.98,0.432
105.2,-7.681,0.973,-6.311,0.464
105.21,-7.408,0.943,-6.631,0.496
105.22,-7.12,0.909,-6.942,0.529
105.23,-6.818,0.872,-7.241,0.561
105.24,-6.502,0.831,-7.528,0.594
105.25,-6.173,0.787,-7.801,0.625
105.26,-5.832,0.74,-8.062,0.657
105.27,-5.477,0.69,-8.309,0.688
105.28,-5.109,0.635,-8.542,0.718
105.29,-4.729,0.576,-8.76,0.747
105.3,-4.337,0.514,-8.962,0.775
105.31,-3.934,0.449,-9.147,0.801
105.32,-3.521,0.381,-9.314,0.826
105.33,-3.1,0.311,-9.464,0.849
105.34,-2.67,0.238,-9.594,0.871
105.35,-2.234,0.162,-9.705,0.89
105.36,-1.791,0.085,-9.795,0.907
105.37,-1.343,0.005,-9.866,0.921
105.38,-0.891,-0.077,-9.916,0.933
105.39,-0.436,-0.161,-9.944,0.942
105.4,0.021,-0.247,-9.951,0.949
105.41,0.48,-0.334,-9.937,0.953
105.42,0.94,-0.423,-9.9,0.954
105.43,1.4,-0.513,-9.842,0.952
105.44,1.858,-0.604,-9.761,0.947
105.45,2.314,-0.696,-9.657,0.94
105.46,2.767,-0.788,-9.531,0.929
105.47,3.214,-0.88,-9.383,0.916
105.48,3.654,-0.972,-9.213,0.899
105.49,4.086,-1.064,-9.021,0.879
105.5,4.508,-1.155,-8.809,0.857
105.51,4.919,-1.245,-8.576,0.832
105.52,5.317,-1.334,-8.324,0.804
105.53,5.701,-1.422,-8.053,0.774
105.54,6.07,-1.508,-7.766,0.741
105.55,6.424,-1.592,-7.462,0.706
105.56,6.761,-1.674,-7.143,0.67
105.57,7.081,-1.754,-6.809,0.631
105.58,7.385,-1.832,-6.461,0.59
105.59,7.67,-1.907,-6.101,0.546
105.6,7.936,-1.98,-5.73,0.502
105.61,8.182,-2.051,-5.351,0.457
105.62,8.407,-2.118,-4.966,0.411
105.63,8.612,-2.181,-4.575,0.365
105.64,8.796,-2.24,-4.182,0.32
105.65,8.961,-2.295,-3.787,0.276
105.66,9.106,-2.348,-3.392,0.232
105.67,9.231,-2.398,-2.998,0.191
105.68,9.338,-2.445,-2.606,0.151
105.69,9.427,-2.487,-2.219,0.114
105.7,9.499,-2.527,-1.836,0.078
105.71,9.554,-2.564,-1.46,0.046
105.72,9.594,-2.599,-1.09,0.016
105.73,9.619,-2.631,-0.73,-0.009
105.74,9.631,-2.66,-0.382,-0.031
105.75,9.631,-2.689,-0.046,-0.046
105.76,9.62,-2.713,0.277,-0.058
105.77,9.6,-2.734,0.589,-0.065
105.78,9.571,-2.754,0.891,-0.066
105.79,9.534,-2.772,1.183,-0.065
105.8,9.49,-2.787,1.468,-0.059
105.81,9.44,-2.799,1.742,-0.049
105.82,9.385,-2.807,2.005,-0.036
105.83,9.325,-2.813,2.26,-0.017
105.84,9.261,-2.817,2.508,0.003
105.85,9.191,-2.818,2.752,0.027
105.86,9.117,-2.815,2.991,0.052
105.87,9.038,-2.81,3.224,0.081
105.88,8.955,-2.802,3.454,0.111
105.89,8.866,-2.792,3.682,0.143
105.9,8.773,-2.778,3.909,0.175
105.91,8.673,-2.762,4.134,0.207
105.92,8.567,-2.743,4.359,0.24
105.93,8.453,-2.721,4.588,0.273
105.94,8.331,-2.697,4.818,0.305
105.95,8.2,-2.671,5.049,0.335
105.96,8.061,-2.642,5.281,0.365
105.97,7.913,-2.61,5.514,0.392
105.98,7.755,-2.577,5.747,0.419
105.99,7.586,-2.542,5.981,0.443
106,7.406,-2.506,6.216,0.466
106.01,7.213,-2.466,6.453,0.486
106.02,7.007,-2.426,6.689,0.503
106.03,6.787,-2.384,6.925,0.519
106.04,6.552,-2.341,7.161,0.532
106.05,6.302,-2.297,7.396,0.542
106.06,6.035,-2.251,7.629,0.551
106.07,5.752,-2.204,7.857,0.556
106.08,5.454,-2.157,8.079,0.56
106.09,5.139,-2.108,8.295,0.563
106.1,4.808,-2.059,8.503,0.564
106.11,4.462,-2.009,8.702,0.562
106.12,4.101,-1.958,8.889,0.56
106.13,3.727,-1.907,9.064,0.556
106.14,3.341,-1.854,9.224,0.553
106.15,2.945,-1.801,9.368,0.548
106.16,2.541,-1.746,9.497,0.543
106.17,2.129,-1.69,9.608,0.537
106.18,1.711,-1.634,9.701,0.532
106.19,1.287,-1.576,9.776,0.526
106.2,0.859,-1.517,9.832,0.52
106.21,0.429,-1.458,9.87,0.513
106.22,0.001,-1.397,9.888,0.507
106.23,-0.425,-1.336,9.888,0.501
106.24,-0.848,-1.274,9.869,0.496
106.25,-1.265,-1.211,9.833,0.489
106.26,-1.668,-1.148,9.78,0.486
106.27,-2.06,-1.083,9.713,0.483
106.28,-2.443,-1.02,9.631,0.478
106.29,-2.816,-0.955,9.535,0.474
106.3,-3.176,-0.888,9.428,0.472
106.31,-3.525,-0.821,9.31,0.469
106.32,-3.863,-0.753,9.181,0.466
106.33,-4.188,-0.687,9.042,0.462
106.34,-4.499,-0.618,8.897,0.459
106.35,-4.797,-0.55,8.745,0.456
106.36,-5.082,-0.481,8.586,0.452
106.37,-5.354,-0.413,8.423,0.446
106.38,-5.613,-0.345,8.256,0.44
106.39,-5.859,-0.277,8.086,0.434
106.4,-6.096,-0.209,7.912,0.426
106.41,-6.321,-0.142,7.735,0.417
106.42,-6.537,-0.075,7.555,0.407
106.43,-6.742,-0.009,7.374,0.397
106.44,-6.937,0.056,7.191,0.385
106.45,-7.124,0.12,7.006,0.373
106.46,-7.304,0.184,6.818,0.359
106.47,-7.476,0.246,6.627,0.345
106.48,-7.641,0.307,6.434,0.329
106.49,-7.802,0.367,6.236,0.314
106.5,-7.957,0.426,6.033,0.298
106.51,-8.108,0.482,5.825,0.282
106.52,-8.254,0.537,5.613,0.265
106.53,-8.395,0.589,5.394,0.247
106.54,-8.532,0.641,5.17,0.231
106.55,-8.664,0.691,4.939,0.214
106.56,-8.792,0.738,4.701,0.197
106.57,-8.917,0.781,4.454,0.181
106.58,-9.036,0.824,4.199,0.165
106.59,-9.152,0.863,3.931,0.151
106.6,-9.263,0.9,3.655,0.138
106.61,-9.367,0.934,3.369,0.125
106.62,-9.465,0.967,3.075,0.114
106.63,-9.554,0.998,2.774,0.105
106.64,-9.636,1.026,2.465,0.097
106.65,-9.709,1.051,2.147,0.089
106.66,-9.773,1.074,1.823,0.083
106.67,-9.826,1.096,1.491,0.079
106.68,-9.87,1.115,1.152,0.079
106.69,-9.902,1.132,0.808,0.079
106.7,-9.923,1.146,0.46,0.079
106.71,-9.931,1.158,0.108,0.08
106.72,-9.928,1.168,-0.245,0.084
106.73,-9.911,1.176,-0.602,0.09
106.74,-9.882,1.181,-0.962,0.099
106.75,-9.84,1.185,-1.325,0.11
106.76,-9.783,1.186,-1.688,0.121
106.77,-9.714,1.183,-2.052,0.133
106.78,-9.63,1.179,-2.416,0.146
106.79,-9.533,1.172,-2.778,0.161
106.8,-9.421,1.164,-3.138,0.178
106.81,-9.295,1.153,-3.495,0.196
106.82,-9.156,1.139,-3.849,0.216
106.83,-9.002,1.124,-4.199,0.236
106.84,-8.834,1.106,-4.546,0.257
106.85,-8.651,1.086,-4.888,0.279
106.86,-8.453,1.062,-5.226,0.303
106.87,-8.24,1.036,-5.559,0.328
106.88,-8.013,1.007,-5.886,0.353
106.89,-7.769,0.977,-6.207,0.38
106.9,-7.511,0.943,-6.52,0.408
106.91,-7.239,0.906,-6.824,0.436
106.92,-6.949,0.866,-7.122,0.466
106.93,-6.644,0.823,-7.41,0.496
106.94,-6.325,0.777,-7.688,0.526
106.95,-5.99,0.729,-7.954,0.556
106.96,-5.642,0.678,-8.207,0.587
106.97,-5.279,0.625,-8.447,0.616
106.98,-4.902,0.57,-8.672,0.645
106.99,-4.512,0.513,-8.883,0.674
107,-4.109,0.454,-9.078,0.701
107.01,-3.693,0.394,-9.256,0.728
107.02,-3.265,0.332,-9.415,0.754
107.03,-2.826,0.268,-9.556,0.778
107.04,-2.375,0.204,-9.678,0.8
107.05,-1.915,0.138,-9.779,0.821
107.06,-1.445,0.072,-9.858,0.841
107.07,-0.966,0.004,-9.916,0.858
107.08,-0.481,-0.063,-9.949,0.873
107.09,0.01,-0.131,-9.959,0.887
107.1,0.506,-0.2,-9.944,0.897
107.11,1.004,-0.269,-9.904,0.906
107.12,1.505,-0.339,-9.838,0.912
107.13,2.005,-0.408,-9.745,0.916
107.14,2.503,-0.476,-9.626,0.917
107.15,2.995,-0.545,-9.48,0.917
107.16,3.481,-0.612,-9.309,0.915
107.17,3.959,-0.678,-9.112,0.91
107.18,4.426,-0.743,-8.89,0.904
107.19,4.882,-0.807,-8.643,0.895
107.2,5.324,-0.868,-8.372,0.885
107.21,5.753,-0.928,-8.079,0.873
107.22,6.166,-0.986,-7.763,0.86
107.23,6.561,-1.041,-7.425,0.845
107.24,6.938,-1.094,-7.069,0.828
107.25,7.295,-1.144,-6.694,0.81
107.26,7.63,-1.191,-6.302,0.792
107.27,7.944,-1.236,-5.895,0.771
107.28,8.236,-1.277,-5.474,0.75
107.29,8.504,-1.315,-5.041,0.728
107.3,8.749,-1.35,-4.596,0.706
107.31,8.969,-1.381,-4.144,0.682
107.32,9.164,-1.41,-3.685,0.659
107.33,9.335,-1.435,-3.222,0.636
107.34,9.481,-1.456,-2.757,0.613
107.35,9.603,-1.474,-2.291,0.591
107.36,9.701,-1.49,-1.825,0.568
107.37,9.776,-1.503,-1.362,0.546
107.38,9.829,-1.512,-0.901,0.526
107.39,9.861,-1.517,-0.443,0.506
107.4,9.871,-1.521,0.008,0.487
107.41,9.861,-1.521,0.456,0.469
107.42,9.832,-1.519,0.897,0.451
107.43,9.784,-1.514,1.332,0.434
107.44,9.718,-1.506,1.76,0.418
107.45,9.635,-1.495,2.18,0.403
107.46,9.535,-1.483,2.591,0.389
107.47,9.42,-1.469,2.992,0.375
107.48,9.289,-1.451,3.385,0.362
107.49,9.143,-1.432,3.77,0.349
107.5,8.983,-1.411,4.147,0.336
107.51,8.807,-1.389,4.516,0.323
107.52,8.616,-1.365,4.878,0.309
107.53,8.409,-1.34,5.233,0.294
107.54,8.187,-1.313,5.581,0.279
107.55,7.951,-1.285,5.92,0.264
107.56,7.702,-1.256,6.248,0.248
107.57,7.439,-1.226,6.564,0.232
107.58,7.168,-1.194,6.865,0.216
107.59,6.886,-1.162,7.154,0.2
107.6,6.595,-1.128,7.428,0.185
107.61,6.295,-1.092,7.69,0.168
107.62,5.987,-1.054,7.938,0.152
107.63,5.67,-1.016,8.172,0.135
107.64,5.345,-0.977,8.393,0.118
107.65,5.014,-0.936,8.6,0.1
107.66,4.677,-0.893,8.792,0.082
107.67,4.335,-0.849,8.97,0.063
107.68,3.988,-0.804,9.134,0.043
107.69,3.636,-0.759,9.284,0.023
107.7,3.281,-0.712,9.419,0.002
107.71,2.921,-0.664,9.54,-0.019
107.72,2.557,-0.614,9.647,-0.042
107.73,2.19,-0.564,9.74,-0.065
107.74,1.819,-0.513,9.819,-0.089
107.75,1.447,-0.462,9.883,-0.114
107.76,1.072,-0.41,9.932,-0.139
107.77,0.695,-0.357,9.967,-0.164
107.78,0.317,-0.304,9.988,-0.19
107.79,-0.06,-0.251,9.994,-0.216
107.8,-0.44,-0.197,9.985,-0.242
107.81,-0.82,-0.143,9.961,-0.268
107.82,-1.199,-0.088,9.923,-0.294
107.83,-1.577,-0.034,9.869,-0.32
107.84,-1.954,0.021,9.801,-0.345
107.85,-2.327,0.075,9.717,-0.371
107.86,-2.698,0.131,9.62,-0.396
107.87,-3.064,0.185,9.507,-0.421
107.88,-3.425,0.24,9.381,-0.446
107.89,-3.782,0.294,9.24,-0.471
107.9,-4.134,0.348,9.085,-0.496
107.91,-4.481,0.403,8.915,-0.521
107.92,-4.823,0.456,8.731,-0.545
107.93,-5.159,0.51,8.532,-0.568
107.94,-5.489,0.562,8.318,-0.59
107.95,-5.812,0.614,8.09,-0.612
107.96,-6.129,0.666,7.847,-0.633
107.97,-6.438,0.717,7.589,-0.651
107.98,-6.739,0.767,7.317,-0.669
107.99,-7.032,0.816,7.029,-0.685
108,-7.315,0.864,6.726,-0.7
108.01,-7.587,0.911,6.409,-0.713
108.02,-7.849,0.956,6.078,-0.725
108.03,-8.098,1,5.733,-0.734
108.04,-8.333,1.042,5.376,-0.743
108.05,-8.555,1.082,5.007,-0.751
108.06,-8.76,1.122,4.627,-0.756
108.07,-8.95,1.159,4.238,-0.761
108.08,-9.123,1.195,3.841,-0.765
108.09,-9.278,1.227,3.436,-0.768
108.1,-9.416,1.259,3.023,-0.77
108.11,-9.537,1.289,2.605,-0.77
108.12,-9.638,1.317,2.182,-0.77
108.13,-9.722,1.342,1.756,-0.77
108.14,-9.786,1.365,1.327,-0.769
108.15,-9.832,1.385,0.897,-0.767
108.16,-9.86,1.403,0.469,-0.765
108.17,-9.869,1.418,0.043,-0.762
108.18,-9.86,1.431,-0.379,-0.76
108.19,-9.834,1.44,-0.796,-0.758
108.2,-9.791,1.446,-1.207,-0.757
108.21,-9.732,1.45,-1.612,-0.756
108.22,-9.658,1.451,-2.011,-0.755
108.23,-9.569,1.449,-2.399,-0.755
108.24,-9.466,1.444,-2.78,-0.756
108.25,-9.349,1.437,-3.153,-0.757
108.26,-9.219,1.428,-3.519,-0.757
108.27,-9.076,1.416,-3.878,-0.758
108.28,-8.919,1.402,-4.23,-0.758
108.29,-8.751,1.386,-4.573,-0.757
108.3,-8.57,1.369,-4.908,-0.757
108.31,-8.377,1.35,-5.236,-0.755
108.32,-8.173,1.328,-5.554,-0.753
108.33,-7.958,1.304,-5.864,-0.75
108.34,-7.733,1.28,-6.163,-0.748
108.35,-7.5,1.253,-6.45,-0.745
108.36,-7.258,1.223,-6.727,-0.742
108.37,-7.01,1.191,-6.992,-0.738
108.38,-6.756,1.158,-7.243,-0.735
108.39,-6.497,1.123,-7.482,-0.732
108.4,-6.234,1.085,-7.708,-0.73
108.41,-5.966,1.045,-7.923,-0.727
108.42,-5.695,1.003,-8.125,-0.724
108.43,-5.422,0.96,-8.316,-0.721
108.44,-5.145,0.916,-8.495,-0.719
108.45,-4.865,0.869,-8.663,-0.715
108.46,-4.581,0.821,-8.821,-0.711
108.47,-4.294,0.773,-8.969,-0.706
108.48,-4.004,0.724,-9.107,-0.7
108.49,-3.712,0.674,-9.234,-0.693
108.5,-3.415,0.623,-9.352,-0.686
108.51,-3.115,0.571,-9.46,-0.676
108.52,-2.812,0.519,-9.558,-0.666
108.53,-2.508,0.466,-9.646,-0.655
108.54,-2.202,0.413,-9.724,-0.643
108.55,-1.894,0.36,-9.792,-0.629
108.56,-1.583,0.306,-9.849,-0.614
108.57,-1.272,0.252,-9.897,-0.599
108.58,-0.96,0.197,-9.934,-0.581
108.59,-0.647,0.142,-9.962,-0.563
108.6,-0.334,0.088,-9.979,-0.544
108.61,-0.022,0.033,-9.986,-0.523
108.62,0.289,-0.02,-9.983,-0.502
108.63,0.6,-0.074,-9.97,-0.48
108.64,0.911,-0.128,-9.947,-0.456
108.65,1.221,-0.182,-9.914,-0.431
108.66,1.529,-0.235,-9.871,-0.405
108.67,1.836,-0.288,-9.818,-0.379
108.68,2.143,-0.34,-9.755,-0.352
108.69,2.449,-0.39,-9.681,-0.323
108.7,2.756,-0.441,-9.597,-0.295
108.71,3.062,-0.49,-9.503,-0.266
108.72,3.368,-0.538,-9.397,-0.237
108.73,3.675,-0.585,-9.279,-0.208
108.74,3.982,-0.63,-9.149,-0.179
108.75,4.289,-0.674,-9.006,-0.15
108.76,4.595,-0.718,-8.851,-0.123
108.77,4.901,-0.76,-8.682,-0.097
108.78,5.205,-0.801,-8.5,-0.071
108.79,5.507,-0.84,-8.304,-0.047
108.8,5.805,-0.879,-8.094,-0.025
108.81,6.098,-0.917,-7.871,-0.004
108.82,6.386,-0.954,-7.635,0.014
108.83,6.668,-0.991,-7.386,0.031
108.84,6.942,-1.025,-7.123,0.047
108.85,7.21,-1.059,-6.847,0.062
108.86,7.468,-1.091,-6.558,0.074
108.87,7.717,-1.122,-6.258,0.084
108.88,7.955,-1.151,-5.948,0.093
108.89,8.183,-1.178,-5.624,0.099
108.9,8.4,-1.204,-5.288,0.103
108.91,8.605,-1.229,-4.942,0.105
108.92,8.797,-1.252,-4.585,0.104
108.93,8.976,-1.273,-4.217,0.102
108.94,9.142,-1.292,-3.839,0.098
108.95,9.292,-1.309,-3.452,0.092
108.96,9.428,-1.325,-3.057,0.083
108.97,9.547,-1.339,-2.654,0.072
108.98,9.65,-1.351,-2.244,0.058
108.99,9.736,-1.36,-1.829,0.043
109,9.804,-1.367,-1.411,0.026
109.01,9.855,-1.371,-0.99,0.008
109.02,9.888,-1.373,-0.568,-0.01
109.03,9.904,-1.373,-0.144,-0.032
109.04,9.901,-1.371,0.278,-0.055
109.05,9.88,-1.366,0.703,-0.079
109.06,9.842,-1.359,1.126,-0.105
109.07,9.785,-1.349,1.548,-0.131
109.08,9.711,-1.337,1.967,-0.159
109.09,9.619,-1.323,2.383,-0.188
109.1,9.509,-1.307,2.796,-0.218
109.11,9.381,-1.288,3.204,-0.249
109.12,9.235,-1.267,3.607,-0.282
109.13,9.073,-1.244,4.003,-0.314
109.14,8.893,-1.219,4.393,-0.348
109.15,8.696,-1.192,4.774,-0.381
109.16,8.484,-1.163,5.147,-0.416
109.17,8.255,-1.132,5.51,-0.45
109.18,8.011,-1.099,5.863,-0.486
109.19,7.751,-1.065,6.205,-0.521
109.2,7.475,-1.03,6.538,-0.556
109.21,7.184,-0.992,6.859,-0.592
109.22,6.874,-0.954,7.171,-0.63
109.23,6.549,-0.915,7.471,-0.668
109.24,6.206,-0.875,7.759,-0.705
109.25,5.848,-0.833,8.034,-0.743
109.26,5.474,-0.79,8.294,-0.78
109.27,5.085,-0.747,8.539,-0.815
109.28,4.681,-0.702,8.767,-0.851
109.29,4.262,-0.656,8.978,-0.886
109.3,3.829,-0.61,9.171,-0.921
109.31,3.383,-0.563,9.344,-0.955
109.32,2.924,-0.516,9.497,-0.988
109.33,2.454,-0.468,9.628,-1.02
109.34,1.973,-0.419,9.737,-1.05
109.35,1.483,-0.369,9.823,-1.08
109.36,0.986,-0.319,9.884,-1.109
109.37,0.481,-0.268,9.919,-1.137
109.38,-0.027,-0.216,9.929,-1.164
109.39,-0.54,-0.164,9.912,-1.189
109.4,-1.056,-0.111,9.869,-1.212
109.41,-1.572,-0.058,9.797,-1.235
109.42,-2.088,-0.004,9.698,-1.256
109.43,-2.602,0.048,9.57,-1.276
109.44,-3.111,0.101,9.414,-1.294
109.45,-3.613,0.155,9.23,-1.311
109.46,-4.108,0.208,9.017,-1.326
109.47,-4.591,0.261,8.778,-1.34
109.48,-5.061,0.313,8.511,-1.354
109.49,-5.515,0.364,8.22,-1.366
109.5,-5.953,0.413,7.905,-1.377
109.51,-6.37,0.462,7.567,-1.387
109.52,-6.767,0.509,7.21,-1.397
109.53,-7.142,0.554,6.833,-1.406
109.54,-7.495,0.598,6.439,-1.415
109.55,-7.821,0.641,6.031,-1.425
109.56,-8.123,0.681,5.61,-1.435
109.57,-8.401,0.72,5.177,-1.444
109.58,-8.654,0.756,4.733,-1.452
109.59,-8.882,0.791,4.281,-1.46
109.6,-9.085,0.823,3.823,-1.466
109.61,-9.263,0.854,3.359,-1.472
109.62,-9.416,0.882,2.892,-1.477
109.63,-9.545,0.909,2.422,-1.48
109.64,-9.649,0.933,1.952,-1.483
109.65,-9.73,0.955,1.482,-1.485
109.66,-9.788,0.976,1.013,-1.486
109.67,-9.823,0.994,0.548,-1.486
109.68,-9.836,1.011,0.087,-1.485
109.69,-9.829,1.024,-0.366,-1.483
109.7,-9.801,1.036,-0.813,-1.481
109.71,-9.754,1.046,-1.252,-1.477
109.72,-9.689,1.053,-1.682,-1.474
109.73,-9.607,1.058,-2.102,-1.468
109.74,-9.508,1.06,-2.513,-1.464
109.75,-9.394,1.061,-2.913,-1.457
109.76,-9.266,1.059,-3.303,-1.45
109.77,-9.123,1.055,-3.682,-1.441
109.78,-8.968,1.049,-4.051,-1.432
109.79,-8.8,1.041,-4.408,-1.421
109.8,-8.621,1.031,-4.755,-1.41
109.81,-8.432,1.018,-5.09,-1.396
109.82,-8.232,1.004,-5.413,-1.381
109.83,-8.023,0.988,-5.725,-1.365
109.84,-7.806,0.97,-6.025,-1.348
109.85,-7.58,0.949,-6.313,-1.328
109.86,-7.348,0.927,-6.59,-1.307
109.87,-7.109,0.902,-6.854,-1.284
109.88,-6.869,0.876,-7.102,-1.26
109.89,-6.625,0.846,-7.338,-1.235
109.9,-6.378,0.814,-7.562,-1.208
109.91,-6.128,0.781,-7.774,-1.181
109.92,-5.874,0.747,-7.974,-1.152
109.93,-5.619,0.71,-8.164,-1.122
109.94,-5.361,0.672,-8.343,-1.09
109.95,-5.101,0.633,-8.512,-1.057
109.96,-4.838,0.592,-8.671,-1.022
109.97,-4.574,0.55,-8.82,-0.986
109.98,-4.307,0.507,-8.96,-0.947
109.99,-4.039,0.463,-9.09,-0.907
110,-3.77,0.418,-9.211,-0.865
110.01,-3.501,0.373,-9.323,-0.822
110.02,-3.23,0.327,-9.426,-0.778
110.03,-2.955,0.28,-9.52,-0.731
110.04,-2.678,0.234,-9.607,-0.683
110.05,-2.396,0.187,-9.686,-0.633
110.06,-2.11,0.141,-9.756,-0.583
110.07,-1.82,0.096,-9.817,-0.533
110.08,-1.525,0.05,-9.871,-0.482
110.09,-1.224,0.004,-9.915,-0.429
110.1,-0.918,-0.04,-9.95,-0.376
110.11,-0.607,-0.086,-9.975,-0.324
110.12,-0.291,-0.13,-9.991,-0.272
110.13,0.029,-0.175,-9.995,-0.22
110.14,0.355,-0.219,-9.989,-0.169
110.15,0.684,-0.264,-9.972,-0.117
110.16,1.016,-0.307,-9.943,-0.066
110.17,1.352,-0.352,-9.901,-0.017
110.18,1.691,-0.395,-9.847,0.03
110.19,2.033,-0.439,-9.78,0.076
110.2,2.385,-0.483,-9.698,0.12
110.21,2.739,-0.525,-9.601,0.16
110.22,3.096,-0.568,-9.489,0.199
110.23,3.456,-0.61,-9.36,0.235
110.24,3.817,-0.653,-9.215,0.269
110.25,4.177,-0.694,-9.053,0.3
110.26,4.537,-0.736,-8.874,0.328
110.27,4.893,-0.777,-8.678,0.354
110.28,5.245,-0.818,-8.466,0.376
110.29,5.591,-0.858,-8.236,0.396
110.3,5.93,-0.897,-7.99,0.412
110.31,6.261,-0.936,-7.728,0.426
110.32,6.583,-0.973,-7.451,0.437
110.33,6.895,-1.01,-7.157,0.445
110.34,7.195,-1.045,-6.85,0.45
110.35,7.484,-1.079,-6.527,0.451
110.36,7.76,-1.111,-6.191,0.45
110.37,8.022,-1.142,-5.842,0.446
110.38,8.27,-1.17,-5.48,0.439
110.39,8.502,-1.197,-5.108,0.429
110.4,8.717,-1.222,-4.725,0.416
110.41,8.916,-1.245,-4.335,0.401
110.42,9.096,-1.265,-3.936,0.384
110.43,9.259,-1.281,-3.532,0.364
110.44,9.404,-1.296,-3.123,0.342
110.45,9.53,-1.308,-2.71,0.318
110.46,9.638,-1.318,-2.297,0.293
110.47,9.727,-1.325,-1.881,0.267
110.48,9.799,-1.329,-1.465,0.239
110.49,9.853,-1.33,-1.049,0.21
110.5,9.889,-1.329,-0.634,0.18
110.51,9.908,-1.325,-0.221,0.148
110.52,9.91,-1.319,0.188,0.116
110.53,9.895,-1.31,0.595,0.082
110.54,9.864,-1.299,0.999,0.047
110.55,9.817,-1.286,1.401,0.011
110.56,9.754,-1.27,1.8,-0.025
110.57,9.674,-1.253,2.196,-0.063
110.58,9.579,-1.233,2.589,-0.101
110.59,9.468,-1.212,2.977,-0.139
110.6,9.34,-1.188,3.361,-0.178
110.61,9.198,-1.163,3.74,-0.217
110.62,9.039,-1.136,4.113,-0.255
110.63,8.866,-1.107,4.479,-0.294
110.64,8.678,-1.077,4.838,-0.333
110.65,8.475,-1.045,5.189,-0.372
110.66,8.258,-1.014,5.532,-0.411
110.67,8.024,-0.98,5.868,-0.449
110.68,7.775,-0.947,6.197,-0.486
110.69,7.509,-0.914,6.519,-0.521
110.7,7.225,-0.88,6.833,-0.558
110.71,6.926,-0.845,7.137,-0.596
110.72,6.611,-0.81,7.431,-0.634
110.73,6.281,-0.774,7.713,-0.67
110.74,5.935,-0.738,7.982,-0.706
110.75,5.574,-0.702,8.238,-0.741
110.76,5.199,-0.665,8.48,-0.774
110.77,4.809,-0.628,8.707,-0.807
110.78,4.406,-0.591,8.918,-0.838
110.79,3.989,-0.553,9.111,-0.868
110.8,3.56,-0.516,9.286,-0.898
110.81,3.12,-0.478,9.443,-0.926
110.82,2.669,-0.44,9.579,-0.953
110.83,2.207,-0.403,9.695,-0.98
110.84,1.736,-0.365,9.789,-1.006
110.85,1.257,-0.328,9.861,-1.03
110.86,0.768,-0.291,9.91,-1.054
110.87,0.273,-0.254,9.934,-1.078
110.88,-0.225,-0.218,9.934,-1.1
110.89,-0.726,-0.182,9.908,-1.121
110.9,-1.228,-0.147,9.857,-1.142
110.91,-1.729,-0.112,9.779,-1.162
110.92,-2.227,-0.077,9.676,-1.18
110.93,-2.722,-0.042,9.547,-1.197
110.94,-3.211,-0.008,9.392,-1.213
110.95,-3.694,0.025,9.21,-1.228
110.96,-4.168,0.057,9.004,-1.242
110.97,-4.631,0.089,8.772,-1.255
110.98,-5.083,0.121,8.516,-1.267
110.99,-5.521,0.151,8.237,-1.277
111,-5.943,0.181,7.936,-1.287
111.01,-6.35,0.21,7.612,-1.295
111.02,-6.739,0.238,7.268,-1.302
111.03,-7.111,0.266,6.902,-1.308
111.04,-7.463,0.293,6.518,-1.312
111.05,-7.796,0.32,6.114,-1.315
111.06,-8.108,0.347,5.692,-1.316
111.07,-8.398,0.373,5.253,-1.316
111.08,-8.664,0.398,4.799,-1.315
111.09,-8.907,0.422,4.33,-1.312
111.1,-9.125,0.445,3.85,-1.307
111.11,-9.316,0.469,3.359,-1.301
111.12,-9.482,0.49,2.859,-1.292
111.13,-9.62,0.511,2.353,-1.283
111.14,-9.731,0.529,1.843,-1.271
111.15,-9.815,0.546,1.331,-1.259
111.16,-9.872,0.561,0.819,-1.245
111.17,-9.902,0.574,0.309,-1.229
111.18,-9.907,0.584,-0.195,-1.212
111.19,-9.886,0.589,-0.688,-1.195
111.2,-9.843,0.592,-1.173,-1.177
111.21,-9.777,0.592,-1.648,-1.158
111.22,-9.69,0.589,-2.112,-1.137
111.23,-9.582,0.583,-2.565,-1.117
111.24,-9.457,0.574,-3.005,-1.094
111.25,-9.313,0.563,-3.433,-1.071
111.26,-9.153,0.549,-3.848,-1.048
111.27,-8.978,0.532,-4.249,-1.023
111.28,-8.788,0.513,-4.636,-0.998
111.29,-8.585,0.491,-5.009,-0.972
111.3,-8.37,0.466,-5.368,-0.945
111.31,-8.144,0.439,-5.712,-0.917
111.32,-7.908,0.409,-6.041,-0.889
111.33,-7.663,0.377,-6.355,-0.861
111.34,-7.41,0.343,-6.654,-0.83
111.35,-7.149,0.306,-6.939,-0.8
111.36,-6.881,0.266,-7.209,-0.768
111.37,-6.607,0.223,-7.466,-0.734
111.38,-6.328,0.179,-7.708,-0.701
111.39,-6.043,0.134,-7.937,-0.666
111.4,-5.754,0.086,-8.153,-0.63
111.41,-5.459,0.036,-8.356,-0.594
111.42,-5.16,-0.013,-8.547,-0.556
111.43,-4.857,-0.065,-8.725,-0.518
111.44,-4.551,-0.118,-8.89,-0.479
111.45,-4.242,-0.172,-9.043,-0.439
111.46,-3.931,-0.227,-9.183,-0.398
111.47,-3.618,-0.283,-9.311,-0.358
111.48,-3.304,-0.339,-9.426,-0.315
111.49,-2.988,-0.397,-9.53,-0.273
111.5,-2.671,-0.454,-9.623,-0.229
111.51,-2.352,-0.512,-9.704,-0.186
111.52,-2.034,-0.571,-9.773,-0.141
111.53,-1.714,-0.629,-9.831,-0.097
111.54,-1.391,-0.688,-9.878,-0.053
111.55,-1.066,-0.746,-9.914,-0.008
111.56,-0.738,-0.803,-9.94,0.034
111.57,-0.408,-0.86,-9.954,0.078
111.58,-0.073,-0.916,-9.956,0.12
111.59,0.264,-0.971,-9.947,0.162
111.6,0.604,-1.025,-9.926,0.203
111.61,0.947,-1.078,-9.893,0.242
111.62,1.291,-1.13,-9.847,0.281
111.63,1.635,-1.181,-9.789,0.319
111.64,1.979,-1.232,-9.717,0.356
111.65,2.32,-1.281,-9.634,0.391
111.66,2.658,-1.329,-9.538,0.426
111.67,2.993,-1.377,-9.43,0.459
111.68,3.323,-1.421,-9.31,0.492
111.69,3.65,-1.466,-9.178,0.523
111.7,3.972,-1.508,-9.035,0.553
111.71,4.289,-1.551,-8.879,0.582
111.72,4.601,-1.59,-8.713,0.609
111.73,4.908,-1.628,-8.535,0.634
111.74,5.207,-1.664,-8.347,0.659
111.75,5.499,-1.699,-8.148,0.682
111.76,5.784,-1.731,-7.94,0.704
111.77,6.06,-1.763,-7.722,0.724
111.78,6.329,-1.79,-7.495,0.743
111.79,6.588,-1.818,-7.259,0.762
111.8,6.838,-1.841,-7.016,0.778
111.81,7.079,-1.863,-6.765,0.794
111.82,7.31,-1.882,-6.508,0.809
111.83,7.531,-1.899,-6.244,0.822
111.84,7.741,-1.913,-5.975,0.835
111.85,7.939,-1.924,-5.704,0.847
111.86,8.128,-1.934,-5.427,0.857
111.87,8.306,-1.94,-5.146,0.867
111.88,8.474,-1.944,-4.861,0.875
111.89,8.631,-1.946,-4.573,0.883
111.9,8.778,-1.945,-4.284,0.889
111.91,8.915,-1.942,-3.992,0.894
111.92,9.041,-1.937,-3.698,0.899
111.93,9.158,-1.928,-3.403,0.903
111.94,9.265,-1.917,-3.107,0.905
111.95,9.362,-1.904,-2.809,0.906
111.96,9.45,-1.889,-2.51,0.905
111.97,9.527,-1.872,-2.211,0.904
111.98,9.596,-1.852,-1.911,0.902
111.99,9.656,-1.83,-1.611,0.898
112,9.706,-1.807,-1.31,0.892
112.01,9.747,-1.783,-1.008,0.886
112.02,9.779,-1.757,-0.705,0.877
112.03,9.802,-1.73,-0.4,0.867
112.04,9.816,-1.701,-0.092,0.855
112.05,9.82,-1.672,0.218,0.841
112.06,9.815,-1.642,0.531,0.824
112.07,9.799,-1.613,0.848,0.807
112.08,9.772,-1.583,1.167,0.786
112.09,9.735,-1.552,1.49,0.765
112.1,9.687,-1.521,1.815,0.741
112.11,9.626,-1.49,2.144,0.715
112.12,9.553,-1.459,2.474,0.688
112.13,9.468,-1.427,2.805,0.659
112.14,9.37,-1.395,3.138,0.629
112.15,9.258,-1.363,3.472,0.597
112.16,9.133,-1.331,3.807,0.563
112.17,8.992,-1.299,4.142,0.529
112.18,8.834,-1.268,4.483,0.494
112.19,8.66,-1.238,4.822,0.457
112.2,8.47,-1.208,5.159,0.419
112.21,8.263,-1.178,5.494,0.38
112.22,8.039,-1.148,5.824,0.34
112.23,7.798,-1.118,6.151,0.299
112.24,7.54,-1.088,6.472,0.257
112.25,7.265,-1.058,6.785,0.215
112.26,6.974,-1.028,7.089,0.172
112.27,6.667,-0.997,7.384,0.129
112.28,6.344,-0.967,7.668,0.086
112.29,6.005,-0.936,7.94,0.044
112.3,5.651,-0.905,8.2,0.001
112.31,5.282,-0.874,8.445,-0.04
112.32,4.898,-0.843,8.676,-0.082
112.33,4.501,-0.812,8.891,-0.123
112.34,4.091,-0.78,9.089,-0.162
112.35,3.671,-0.748,9.269,-0.201
112.36,3.241,-0.715,9.43,-0.239
112.37,2.802,-0.682,9.57,-0.275
112.38,2.357,-0.649,9.691,-0.309
112.39,1.904,-0.616,9.791,-0.343
112.4,1.445,-0.583,9.87,-0.375
112.41,0.981,-0.549,9.928,-0.405
112.42,0.512,-0.516,9.964,-0.434
112.43,0.04,-0.483,9.977,-0.462
112.44,-0.432,-0.45,9.968,-0.487
112.45,-0.907,-0.418,9.936,-0.511
112.46,-1.38,-0.385,9.882,-0.534
112.47,-1.852,-0.353,9.804,-0.554
112.48,-2.322,-0.322,9.704,-0.573
112.49,-2.789,-0.292,9.58,-0.59
112.5,-3.25,-0.262,9.433,-0.606
112.51,-3.706,-0.235,9.264,-0.619
112.52,-4.154,-0.208,9.071,-0.631
112.53,-4.593,-0.182,8.857,-0.641
112.54,-5.022,-0.158,8.621,-0.65
112.55,-5.44,-0.133,8.363,-0.656
112.56,-5.846,-0.109,8.085,-0.66
112.57,-6.239,-0.085,7.785,-0.662
112.58,-6.619,-0.061,7.465,-0.662
112.59,-6.984,-0.04,7.126,-0.662
112.6,-7.332,-0.021,6.767,-0.659
112.61,-7.663,-0.002,6.39,-0.654
112.62,-7.977,0.015,5.995,-0.648
112.63,-8.271,0.032,5.582,-0.64
112.64,-8.546,0.049,5.153,-0.63
112.65,-8.799,0.065,4.709,-0.619
112.66,-9.03,0.08,4.251,-0.607
112.67,-9.238,0.093,3.78,-0.594
112.68,-9.422,0.106,3.297,-0.579
112.69,-9.581,0.117,2.804,-0.563
112.7,-9.714,0.127,2.303,-0.546
112.71,-9.822,0.136,1.793,-0.528
112.72,-9.903,0.144,1.277,-0.508
112.73,-9.958,0.151,0.754,-0.488
112.74,-9.985,0.156,0.228,-0.466
112.75,-9.984,0.16,-0.301,-0.444
112.76,-9.955,0.163,-0.833,-0.42
112.77,-9.897,0.164,-1.364,-0.395
112.78,-9.81,0.165,-1.893,-0.369
112.79,-9.695,0.164,-2.417,-0.342
112.8,-9.552,0.162,-2.936,-0.314
112.81,-9.38,0.159,-3.448,-0.285
112.82,-9.181,0.155,-3.95,-0.254
112.83,-8.955,0.149,-4.441,-0.222
112.84,-8.703,0.141,-4.919,-0.19
112.85,-8.425,0.131,-5.382,-0.155
112.86,-8.123,0.12,-5.828,-0.121
112.87,-7.8,0.108,-6.255,-0.085
112.88,-7.457,0.095,-6.661,-0.049
112.89,-7.097,0.08,-7.044,-0.012
112.9,-6.721,0.064,-7.403,0.025
112.91,-6.333,0.046,-7.738,0.064
112.92,-5.934,0.026,-8.047,0.104
112.93,-5.528,0.006,-8.331,0.145
112.94,-5.116,-0.015,-8.59,0.186
112.95,-4.699,-0.039,-8.823,0.229
112.96,-4.28,-0.063,-9.033,0.271
112.97,-3.86,-0.089,-9.218,0.315
112.98,-3.441,-0.114,-9.381,0.359
112.99,-3.022,-0.141,-9.522,0.405
113,-2.606,-0.168,-9.642,0.45
113.01,-2.193,-0.196,-9.741,0.497
113.02,-1.784,-0.224,-9.821,0.543
113.03,-1.379,-0.251,-9.883,0.592
113.04,-0.978,-0.279,-9.927,0.64
113.05,-0.581,-0.307,-9.954,0.689
113.06,-0.188,-0.335,-9.965,0.738
113.07,0.199,-0.363,-9.96,0.788
113.08,0.581,-0.389,-9.94,0.838
113.09,0.959,-0.417,-9.905,0.887
113.1,1.332,-0.444,-9.856,0.936
113.11,1.699,-0.47,-9.793,0.985
113.12,2.062,-0.497,-9.717,1.032
113.13,2.419,-0.524,-9.628,1.08
113.14,2.772,-0.551,-9.525,1.126
113.15,3.12,-0.578,-9.41,1.17
113.16,3.461,-0.605,-9.282,1.215
113.17,3.797,-0.633,-9.143,1.257
113.18,4.127,-0.66,-8.991,1.298
113.19,4.45,-0.686,-8.827,1.338
113.2,4.767,-0.712,-8.652,1.376
113.21,5.078,-0.738,-8.465,1.411
113.22,5.383,-0.764,-8.266,1.445
113.23,5.683,-0.79,-8.055,1.476
113.24,5.976,-0.817,-7.832,1.505
113.25,6.263,-0.843,-7.596,1.53
113.26,6.544,-0.87,-7.348,1.553
113.27,6.817,-0.897,-7.088,1.573
113.28,7.082,-0.924,-6.815,1.589
113.29,7.339,-0.952,-6.53,1.602
113.3,7.587,-0.979,-6.234,1.611
113.31,7.826,-1.007,-5.926,1.617
113.32,8.054,-1.034,-5.606,1.62
113.33,8.27,-1.061,-5.277,1.619
113.34,8.474,-1.087,-4.939,1.614
113.35,8.664,-1.112,-4.593,1.606
113.36,8.841,-1.136,-4.24,1.596
113.37,9.004,-1.158,-3.882,1.582
113.38,9.152,-1.179,-3.519,1.565
113.39,9.286,-1.198,-3.153,1.544
113.4,9.405,-1.215,-2.782,1.521
113.41,9.51,-1.231,-2.409,1.495
113.42,9.6,-1.245,-2.033,1.465
113.43,9.675,-1.256,-1.656,1.433
113.44,9.736,-1.266,-1.278,1.398
113.45,9.783,-1.274,-0.899,1.359
113.46,9.815,-1.281,-0.519,1.319
113.47,9.833,-1.285,-0.14,1.276
113.48,9.837,-1.288,0.237,1.231
113.49,9.826,-1.289,0.611,1.183
113.5,9.802,-1.287,0.982,1.134
113.51,9.765,-1.283,1.349,1.082
113.52,9.714,-1.277,1.711,1.029
113.53,9.652,-1.268,2.068,0.975
113.54,9.576,-1.257,2.42,0.919
113.55,9.489,-1.245,2.767,0.862
113.56,9.39,-1.23,3.107,0.804
113.57,9.28,-1.213,3.442,0.745
113.58,9.157,-1.195,3.772,0.685
113.59,9.024,-1.175,4.096,0.625
113.6,8.88,-1.154,4.414,0.564
113.61,8.725,-1.131,4.726,0.502
113.62,8.559,-1.107,5.032,0.439
113.63,8.381,-1.082,5.332,0.376
113.64,8.192,-1.055,5.627,0.312
113.65,7.991,-1.028,5.917,0.248
113.66,7.778,-1,6.201,0.183
113.67,7.553,-0.971,6.48,0.119
113.68,7.315,-0.941,6.752,0.055
113.69,7.065,-0.91,7.017,-0.008
113.7,6.802,-0.878,7.276,-0.072
113.71,6.528,-0.845,7.526,-0.135
113.72,6.24,-0.811,7.769,-0.198
113.73,5.939,-0.776,8.002,-0.259
113.74,5.626,-0.74,8.227,-0.319
113.75,5.3,-0.703,8.442,-0.378
113.76,4.96,-0.665,8.646,-0.435
113.77,4.606,-0.625,8.839,-0.491
113.78,4.24,-0.584,9.02,-0.545
113.79,3.863,-0.543,9.188,-0.597
113.8,3.472,-0.501,9.341,-0.647
113.81,3.07,-0.458,9.48,-0.695
113.82,2.651,-0.414,9.604,-0.74
113.83,2.222,-0.37,9.711,-0.781
113.84,1.782,-0.325,9.8,-0.821
113.85,1.334,-0.28,9.869,-0.858
113.86,0.878,-0.235,9.918,-0.892
113.87,0.416,-0.189,9.946,-0.923
113.88,-0.049,-0.143,9.953,-0.951
113.89,-0.519,-0.098,9.938,-0.977
113.9,-0.991,-0.053,9.9,-1
113.91,-1.463,-0.008,9.839,-1.02
113.92,-1.935,0.035,9.755,-1.036
113.93,-2.405,0.079,9.649,-1.049
113.94,-2.871,0.122,9.519,-1.06
113.95,-3.331,0.163,9.366,-1.068
113.96,-3.783,0.203,9.191,-1.073
113.97,-4.227,0.242,8.995,-1.076
113.98,-4.659,0.279,8.778,-1.075
113.99,-5.078,0.313,8.541,-1.073
114,-5.483,0.345,8.286,-1.069
114.01,-5.874,0.375,8.013,-1.063
114.02,-6.25,0.402,7.723,-1.054
114.03,-6.61,0.427,7.417,-1.044
114.04,-6.955,0.451,7.095,-1.032
114.05,-7.283,0.472,6.759,-1.018
114.06,-7.594,0.491,6.408,-1.002
114.07,-7.888,0.508,6.044,-0.985
114.08,-8.164,0.523,5.668,-0.967
114.09,-8.421,0.535,5.281,-0.947
114.1,-8.659,0.546,4.883,-0.926
114.11,-8.879,0.555,4.475,-0.904
114.12,-9.08,0.562,4.056,-0.881
114.13,-9.261,0.568,3.628,-0.857
114.14,-9.423,0.572,3.189,-0.832
114.15,-9.566,0.576,2.739,-0.807
114.16,-9.687,0.578,2.28,-0.781
114.17,-9.788,0.579,1.813,-0.755
114.18,-9.866,0.579,1.34,-0.727
114.19,-9.921,0.578,0.861,-0.699
114.2,-9.953,0.575,0.378,-0.67
114.21,-9.962,0.572,-0.107,-0.641
114.22,-9.947,0.568,-0.596,-0.611
114.23,-9.907,0.562,-1.086,-0.581
114.24,-9.843,0.556,-1.575,-0.55
114.25,-9.755,0.549,-2.063,-0.519
114.26,-9.642,0.54,-2.549,-0.486
114.27,-9.504,0.53,-3.029,-0.453
114.28,-9.342,0.52,-3.502,-0.419
114.29,-9.157,0.509,-3.967,-0.385
114.3,-8.949,0.497,-4.42,-0.349
114.31,-8.719,0.483,-4.862,-0.313
114.32,-8.468,0.469,-5.29,-0.276
114.33,-8.197,0.453,-5.703,-0.237
114.34,-7.908,0.436,-6.101,-0.198
114.35,-7.602,0.418,-6.481,-0.158
114.36,-7.278,0.4,-6.844,-0.118
114.37,-6.94,0.38,-7.189,-0.076
114.38,-6.588,0.359,-7.514,-0.034
114.39,-6.224,0.338,-7.819,0.008
114.4,-5.85,0.315,-8.103,0.051
114.41,-5.468,0.292,-8.366,0.095
114.42,-5.078,0.268,-8.608,0.139
114.43,-4.685,0.244,-8.829,0.185
114.44,-4.288,0.219,-9.028,0.232
114.45,-3.89,0.193,-9.206,0.279
114.46,-3.491,0.167,-9.363,0.327
114.47,-3.093,0.141,-9.5,0.375
114.48,-2.707,0.114,-9.616,0.425
114.49,-2.324,0.087,-9.713,0.476
114.5,-1.945,0.06,-9.794,0.527
114.51,-1.571,0.033,-9.858,0.579
114.52,-1.202,0.006,-9.907,0.631
114.53,-0.838,-0.019,-9.941,0.683
114.54,-0.478,-0.045,-9.961,0.736
114.55,-0.122,-0.072,-9.967,0.787
114.56,0.23,-0.098,-9.961,0.839
114.57,0.578,-0.124,-9.942,0.89
114.58,0.922,-0.149,-9.911,0.941
114.59,1.262,-0.174,-9.868,0.99
114.6,1.6,-0.199,-9.814,1.039
114.61,1.935,-0.224,-9.747,1.087
114.62,2.266,-0.248,-9.67,1.134
114.63,2.596,-0.272,-9.58,1.179
114.64,2.924,-0.298,-9.479,1.223
114.65,3.251,-0.323,-9.366,1.265
114.66,3.577,-0.349,-9.24,1.304
114.67,3.902,-0.376,-9.101,1.341
114.68,4.226,-0.404,-8.948,1.376
114.69,4.548,-0.433,-8.782,1.408
114.7,4.87,-0.463,-8.602,1.437
114.71,5.189,-0.494,-8.407,1.464
114.72,5.505,-0.527,-8.197,1.487
114.73,5.819,-0.561,-7.971,1.506
114.74,6.129,-0.597,-7.73,1.522
114.75,6.434,-0.635,-7.472,1.535
114.76,6.734,-0.674,-7.198,1.543
114.77,7.028,-0.715,-6.906,1.547
114.78,7.314,-0.757,-6.597,1.547
114.79,7.592,-0.8,-6.271,1.542
114.8,7.859,-0.845,-5.929,1.533
114.81,8.117,-0.893,-5.567,1.517
114.82,8.362,-0.941,-5.19,1.497
114.83,8.592,-0.99,-4.798,1.472
114.84,8.805,-1.038,-4.393,1.443
114.85,9.001,-1.087,-3.975,1.409
114.86,9.178,-1.135,-3.547,1.37
114.87,9.336,-1.182,-3.109,1.327
114.88,9.474,-1.228,-2.662,1.28
114.89,9.591,-1.272,-2.208,1.229
114.9,9.686,-1.315,-1.749,1.174
114.91,9.76,-1.356,-1.284,1.115
114.92,9.812,-1.395,-0.817,1.052
114.93,9.841,-1.432,-0.347,0.985
114.94,9.848,-1.466,0.122,0.916
114.95,9.833,-1.497,0.59,0.843
114.96,9.796,-1.525,1.056,0.769
114.97,9.737,-1.55,1.517,0.691
114.98,9.656,-1.572,1.973,0.612
114.99,9.555,-1.591,2.423,0.532
115,9.433,-1.606,2.866,0.449
115.01,9.292,-1.617,3.301,0.365
115.02,9.131,-1.626,3.727,0.28
115.03,8.951,-1.631,4.143,0.194
115.04,8.753,-1.632,4.549,0.107
115.05,8.537,-1.63,4.944,0.019
115.06,8.303,-1.625,5.329,-0.069
115.07,8.052,-1.617,5.702,-0.157
115.08,7.784,-1.605,6.062,-0.244
115.09,7.501,-1.59,6.409,-0.331
115.1,7.203,-1.572,6.742,-0.418
115.11,6.889,-1.552,7.061,-0.506
115.12,6.562,-1.527,7.365,-0.593
115.13,6.219,-1.501,7.655,-0.678
115.14,5.862,-1.471,7.93,-0.763
115.15,5.491,-1.438,8.189,-0.846
115.16,5.106,-1.402,8.431,-0.928
115.17,4.708,-1.363,8.657,-1.006
115.18,4.298,-1.322,8.865,-1.082
115.19,3.877,-1.277,9.055,-1.157
115.2,3.445,-1.23,9.225,-1.228
115.21,3.003,-1.18,9.375,-1.296
115.22,2.552,-1.127,9.505,-1.361
115.23,2.091,-1.071,9.615,-1.423
115.24,1.622,-1.013,9.702,-1.481
115.25,1.147,-0.951,9.768,-1.536
115.26,0.665,-0.887,9.81,-1.587
115.27,0.179,-0.821,9.829,-1.635
115.28,-0.31,-0.753,9.824,-1.678
115.29,-0.799,-0.684,9.795,-1.717
115.3,-1.285,-0.615,9.741,-1.752
115.31,-1.766,-0.545,9.664,-1.782
115.32,-2.24,-0.477,9.564,-1.807
115.33,-2.705,-0.409,9.442,-1.828
115.34,-3.16,-0.343,9.3,-1.844
115.35,-3.603,-0.279,9.137,-1.856
115.36,-4.034,-0.218,8.955,-1.863
115.37,-4.45,-0.158,8.756,-1.867
115.38,-4.851,-0.102,8.542,-1.866
115.39,-5.237,-0.048,8.313,-1.861
115.4,-5.606,0.001,8.07,-1.853
115.41,-5.958,0.047,7.816,-1.84
115.42,-6.293,0.089,7.552,-1.825
115.43,-6.61,0.128,7.281,-1.807
115.44,-6.91,0.163,7.002,-1.785
115.45,-7.192,0.193,6.717,-1.761
115.46,-7.45,0.214,6.436,-1.735
115.47,-7.692,0.232,6.153,-1.707
115.48,-7.917,0.246,5.868,-1.677
115.49,-8.127,0.256,5.582,-1.645
115.5,-8.323,0.262,5.297,-1.611
115.51,-8.504,0.265,5.011,-1.575
115.52,-8.673,0.265,4.726,-1.537
115.53,-8.83,0.263,4.439,-1.498
115.54,-8.975,0.259,4.152,-1.457
115.55,-9.11,0.254,3.862,-1.415
115.56,-9.235,0.247,3.571,-1.371
115.57,-9.35,0.239,3.278,-1.326
115.58,-9.455,0.23,2.982,-1.28
115.59,-9.55,0.22,2.684,-1.234
115.6,-9.636,0.21,2.384,-1.186
115.61,-9.712,0.199,2.082,-1.136
115.62,-9.778,0.188,1.777,-1.087
115.63,-9.835,0.176,1.47,-1.036
115.64,-9.881,0.165,1.161,-0.985
115.65,-9.918,0.153,0.851,-0.932
115.66,-9.945,0.14,0.54,-0.879
115.67,-9.962,0.127,0.227,-0.825
115.68,-9.969,0.114,-0.085,-0.77
115.69,-9.965,0.101,-0.398,-0.715
115.7,-9.952,0.088,-0.711,-0.659
115.71,-9.928,0.075,-1.024,-0.602
115.72,-9.894,0.062,-1.337,-0.545
115.73,-9.85,0.049,-1.651,-0.486
115.74,-9.795,0.037,-1.965,-0.428
115.75,-9.729,0.025,-2.281,-0.37
115.76,-9.651,0.013,-2.597,-0.311
115.77,-9.562,0.003,-2.915,-0.253
115.78,-9.46,-0.007,-3.233,-0.196
115.79,-9.344,-0.015,-3.557,-0.139
115.8,-9.215,-0.024,-3.881,-0.083
115.81,-9.072,-0.032,-4.205,-0.027
115.82,-8.916,-0.039,-4.526,0.027
115.83,-8.746,-0.046,-4.846,0.081
115.84,-8.562,-0.053,-5.164,0.135
115.85,-8.363,-0.06,-5.477,0.188
115.86,-8.151,-0.066,-5.786,0.24
115.87,-7.926,-0.073,-6.089,0.291
115.88,-7.688,-0.079,-6.385,0.341
115.89,-7.436,-0.086,-6.673,0.39
115.9,-7.171,-0.093,-6.955,0.438
115.91,-6.893,-0.1,-7.227,0.485
115.92,-6.601,-0.108,-7.491,0.53
115.93,-6.297,-0.116,-7.745,0.573
115.94,-5.98,-0.125,-7.989,0.615
115.95,-5.651,-0.134,-8.222,0.655
115.96,-5.309,-0.144,-8.444,0.693
115.97,-4.955,-0.155,-8.653,0.729
115.98,-4.589,-0.166,-8.849,0.763
115.99,-4.215,-0.178,-9.031,0.795
116,-3.83,-0.191,-9.198,0.824
116.01,-3.437,-0.204,-9.349,0.852
116.02,-3.035,-0.219,-9.485,0.877
116.03,-2.625,-0.234,-9.604,0.899
116.04,-2.208,-0.25,-9.706,0.92
116.05,-1.784,-0.267,-9.79,0.938
116.06,-1.355,-0.286,-9.857,0.953
116.07,-0.922,-0.305,-9.905,0.966
116.08,-0.485,-0.326,-9.934,0.977
116.09,-0.046,-0.347,-9.945,0.985
116.1,0.393,-0.369,-9.936,0.99
116.11,0.834,-0.392,-9.907,0.993
116.12,1.273,-0.417,-9.859,0.992
116.13,1.709,-0.441,-9.793,0.988
116.14,2.142,-0.466,-9.707,0.982
116.15,2.569,-0.49,-9.602,0.972
116.16,2.991,-0.515,-9.479,0.96
116.17,3.407,-0.539,-9.338,0.946
116.18,3.815,-0.564,-9.179,0.929
116.19,4.215,-0.588,-9.003,0.91
116.2,4.606,-0.613,-8.81,0.888
116.21,4.987,-0.638,-8.6,0.864
116.22,5.358,-0.662,-8.375,0.838
116.23,5.717,-0.686,-8.135,0.811
116.24,6.065,-0.71,-7.88,0.782
116.25,6.4,-0.733,-7.611,0.751
116.26,6.723,-0.757,-7.328,0.719
116.27,7.032,-0.78,-7.032,0.685
116.28,7.329,-0.803,-6.723,0.65
116.29,7.612,-0.827,-6.402,0.614
116.3,7.88,-0.849,-6.069,0.576
116.31,8.135,-0.872,-5.724,0.536
116.32,8.374,-0.893,-5.369,0.494
116.33,8.598,-0.915,-5.002,0.451
116.34,8.805,-0.936,-4.627,0.407
116.35,8.997,-0.956,-4.243,0.362
116.36,9.171,-0.976,-3.851,0.314
116.37,9.328,-0.995,-3.451,0.266
116.38,9.468,-1.013,-3.045,0.216
116.39,9.59,-1.031,-2.632,0.165
116.4,9.694,-1.049,-2.213,0.113
116.41,9.78,-1.066,-1.787,0.059
116.42,9.848,-1.082,-1.357,0.003
116.43,9.896,-1.098,-0.921,-0.051
116.44,9.925,-1.113,-0.48,-0.108
116.45,9.934,-1.129,-0.033,-0.167
116.46,9.922,-1.143,0.416,-0.227
116.47,9.89,-1.157,0.868,-0.287
116.48,9.836,-1.168,1.321,-0.348
116.49,9.761,-1.178,1.774,-0.409
116.5,9.665,-1.187,2.225,-0.469
116.51,9.546,-1.194,2.674,-0.531
116.52,9.406,-1.198,3.119,-0.591
116.53,9.244,-1.201,3.56,-0.652
116.54,9.06,-1.202,3.994,-0.712
116.55,8.854,-1.2,4.421,-0.772
116.56,8.627,-1.196,4.841,-0.831
116.57,8.379,-1.19,5.25,-0.889
116.58,8.11,-1.182,5.65,-0.947
116.59,7.821,-1.172,6.036,-1.004
116.6,7.513,-1.161,6.408,-1.059
116.61,7.189,-1.148,6.764,-1.114
116.62,6.85,-1.133,7.101,-1.167
116.63,6.499,-1.118,7.417,-1.218
116.64,6.137,-1.103,7.714,-1.267
116.65,5.766,-1.087,7.989,-1.314
116.66,5.387,-1.072,8.244,-1.36
116.67,5,-1.056,8.479,-1.403
116.68,4.609,-1.04,8.693,-1.445
116.69,4.211,-1.024,8.888,-1.484
116.7,3.81,-1.008,9.063,-1.521
116.71,3.406,-0.993,9.218,-1.556
116.72,3.003,-0.977,9.353,-1.588
116.73,2.602,-0.963,9.469,-1.618
116.74,2.202,-0.949,9.567,-1.646
116.75,1.806,-0.936,9.647,-1.671
116.76,1.414,-0.925,9.709,-1.693
116.77,1.029,-0.915,9.755,-1.713
116.78,0.66,-0.909,9.784,-1.729
116.79,0.299,-0.905,9.8,-1.743
116.8,-0.053,-0.903,9.803,-1.755
116.81,-0.396,-0.903,9.793,-1.763
116.82,-0.73,-0.904,9.773,-1.77
116.83,-1.057,-0.907,9.742,-1.774
116.84,-1.376,-0.91,9.701,-1.775
116.85,-1.688,-0.915,9.652,-1.774
116.86,-1.994,-0.92,9.593,-1.771
116.87,-2.292,-0.925,9.527,-1.766
116.88,-2.584,-0.931,9.453,-1.758
116.89,-2.87,-0.937,9.371,-1.747
116.9,-3.15,-0.943,9.282,-1.735
116.91,-3.424,-0.949,9.187,-1.72
116.92,-3.69,-0.955,9.086,-1.703
116.93,-3.949,-0.961,8.98,-1.682
116.94,-4.203,-0.968,8.867,-1.66
116.95,-4.451,-0.974,8.749,-1.635
116.96,-4.693,-0.98,8.626,-1.608
116.97,-4.929,-0.986,8.499,-1.578
116.98,-5.159,-0.992,8.366,-1.547
116.99,-5.385,-0.996,8.228,-1.513
117,-5.606,-1.001,8.085,-1.477
117.01,-5.824,-1.004,7.936,-1.441
117.02,-6.04,-1.005,7.78,-1.402
117.03,-6.253,-1.005,7.617,-1.363
117.04,-6.463,-1.003,7.447,-1.323
117.05,-6.671,-0.999,7.269,-1.281
117.06,-6.876,-0.992,7.085,-1.238
117.07,-7.078,-0.984,6.891,-1.194
117.08,-7.277,-0.973,6.69,-1.149
117.09,-7.474,-0.96,6.479,-1.104
117.1,-7.668,-0.945,6.259,-1.058
117.11,-7.863,-0.926,6.022,-1.012
117.12,-8.056,-0.903,5.773,-0.966
117.13,-8.245,-0.879,5.512,-0.921
117.14,-8.428,-0.853,5.24,-0.876
117.15,-8.607,-0.825,4.953,-0.83
117.16,-8.779,-0.795,4.654,-0.784
117.17,-8.944,-0.763,4.343,-0.738
117.18,-9.099,-0.731,4.021,-0.694
117.19,-9.245,-0.698,3.69,-0.65
117.2,-9.379,-0.662,3.348,-0.605
117.21,-9.504,-0.627,2.994,-0.561
117.22,-9.616,-0.59,2.629,-0.517
117.23,-9.715,-0.553,2.254,-0.473
117.24,-9.8,-0.516,1.869,-0.431
117.25,-9.871,-0.478,1.476,-0.389
117.26,-9.926,-0.441,1.075,-0.346
117.27,-9.964,-0.405,0.668,-0.305
117.28,-9.986,-0.369,0.257,-0.264
117.29,-9.99,-0.334,-0.159,-0.224
117.3,-9.976,-0.3,-0.578,-0.185
117.31,-9.945,-0.267,-1,-0.146
117.32,-9.894,-0.235,-1.423,-0.108
117.33,-9.825,-0.205,-1.844,-0.07
117.34,-9.738,-0.177,-2.263,-0.034
117.35,-9.633,-0.15,-2.679,0.001
117.36,-9.509,-0.126,-3.091,0.036
117.37,-9.367,-0.103,-3.498,0.069
117.38,-9.207,-0.082,-3.899,0.101
117.39,-9.029,-0.063,-4.294,0.133
117.4,-8.834,-0.047,-4.681,0.162
117.41,-8.623,-0.032,-5.059,0.191
117.42,-8.396,-0.02,-5.427,0.218
117.43,-8.153,-0.012,-5.784,0.243
117.44,-7.895,-0.007,-6.13,0.267
117.45,-7.624,-0.004,-6.464,0.289
117.46,-7.339,-0.003,-6.785,0.309
117.47,-7.041,-0.005,-7.092,0.328
117.48,-6.732,-0.01,-7.386,0.347
117.49,-6.411,-0.016,-7.665,0.363
117.5,-6.08,-0.025,-7.93,0.378
117.51,-5.738,-0.037,-8.179,0.391
117.52,-5.388,-0.051,-8.414,0.402
117.53,-5.029,-0.067,-8.633,0.412
117.54,-4.662,-0.085,-8.836,0.419
117.55,-4.288,-0.105,-9.023,0.426
117.56,-3.907,-0.127,-9.194,0.431
117.57,-3.52,-0.151,-9.348,0.435
117.58,-3.129,-0.178,-9.485,0.44
117.59,-2.734,-0.206,-9.606,0.44
117.6,-2.337,-0.236,-9.71,0.44
117.61,-1.937,-0.266,-9.797,0.438
117.62,-1.536,-0.299,-9.867,0.434
117.63,-1.134,-0.333,-9.92,0.429
117.64,-0.732,-0.37,-9.957,0.424
117.65,-0.33,-0.409,-9.977,0.417
117.66,0.07,-0.449,-9.981,0.409
117.67,0.47,-0.49,-9.968,0.4
117.68,0.868,-0.532,-9.94,0.389
117.69,1.265,-0.576,-9.895,0.378
117.7,1.661,-0.62,-9.834,0.365
117.71,2.053,-0.666,-9.757,0.351
117.72,2.443,-0.713,-9.664,0.336
117.73,2.83,-0.761,-9.555,0.321
117.74,3.212,-0.809,-9.43,0.303
117.75,3.59,-0.857,-9.289,0.285
117.76,3.964,-0.908,-9.131,0.265
117.77,4.332,-0.96,-8.958,0.245
117.78,4.695,-1.011,-8.768,0.223
117.79,5.052,-1.063,-8.561,0.201
117.8,5.402,-1.114,-8.338,0.177
117.81,5.745,-1.165,-8.099,0.152
117.82,6.08,-1.216,-7.844,0.127
117.83,6.406,-1.265,-7.572,0.101
117.84,6.723,-1.315,-7.283,0.074
117.85,7.031,-1.363,-6.978,0.047
117.86,7.327,-1.41,-6.657,0.018
117.87,7.61,-1.455,-6.321,-0.01
117.88,7.881,-1.5,-5.969,-0.04
117.89,8.137,-1.542,-5.603,-0.07
117.9,8.377,-1.583,-5.224,-0.101
117.91,8.601,-1.623,-4.833,-0.131
117.92,8.807,-1.661,-4.432,-0.162
117.93,8.994,-1.697,-4.023,-0.192
117.94,9.162,-1.732,-3.606,-0.222
117.95,9.31,-1.764,-3.183,-0.251
117.96,9.439,-1.795,-2.756,-0.28
117.97,9.548,-1.824,-2.324,-0.307
117.98,9.637,-1.852,-1.889,-0.333
117.99,9.707,-1.877,-1.451,-0.359
118,9.758,-1.901,-1.009,-0.383
118.01,9.788,-1.921,-0.565,-0.407
118.02,9.799,-1.94,-0.119,-0.43
118.03,9.79,-1.957,0.325,-0.452
118.04,9.761,-1.972,0.77,-0.472
118.05,9.713,-1.983,1.212,-0.492
118.06,9.646,-1.993,1.649,-0.51
118.07,9.559,-2,2.08,-0.526
118.08,9.455,-2.006,2.504,-0.54
118.09,9.335,-2.01,2.915,-0.55
118.1,9.199,-2.014,3.317,-0.558
118.11,9.047,-2.016,3.709,-0.565
118.12,8.88,-2.016,4.092,-0.569
118.13,8.701,-2.014,4.46,-0.571
118.14,8.51,-2.011,4.816,-0.57
118.15,8.308,-2.007,5.158,-0.567
118.16,8.095,-2.001,5.489,-0.561
118.17,7.873,-1.995,5.806,-0.552
118.18,7.644,-1.988,6.107,-0.542
118.19,7.41,-1.98,6.393,-0.528
118.2,7.172,-1.97,6.664,-0.512
118.21,6.928,-1.959,6.921,-0.493
118.22,6.68,-1.948,7.165,-0.472
118.23,6.428,-1.935,7.397,-0.45
118.24,6.174,-1.92,7.616,-0.426
118.25,5.917,-1.903,7.822,-0.401
118.26,5.656,-1.885,8.019,-0.375
118.27,5.388,-1.865,8.207,-0.348
118.28,5.114,-1.844,8.386,-0.322
118.29,4.835,-1.822,8.556,-0.297
118.3,4.552,-1.798,8.716,-0.272
118.31,4.262,-1.772,8.867,-0.247
118.32,3.967,-1.745,9.008,-0.224
118.33,3.667,-1.717,9.14,-0.201
118.34,3.363,-1.688,9.263,-0.18
118.35,3.053,-1.658,9.375,-0.159
118.36,2.738,-1.627,9.477,-0.14
118.37,2.418,-1.596,9.57,-0.122
118.38,2.093,-1.563,9.651,-0.105
118.39,1.763,-1.53,9.723,-0.09
118.4,1.428,-1.497,9.783,-0.077
118.41,1.088,-1.462,9.832,-0.065
118.42,0.744,-1.427,9.869,-0.057
118.43,0.395,-1.392,9.894,-0.051
118.44,0.044,-1.355,9.907,-0.046
118.45,-0.31,-1.318,9.907,-0.043
118.46,-0.667,-1.281,9.894,-0.042
118.47,-1.024,-1.242,9.869,-0.043
118.48,-1.383,-1.204,9.83,-0.045
118.49,-1.741,-1.164,9.778,-0.049
118.5,-2.098,-1.124,9.712,-0.055
118.51,-2.454,-1.083,9.633,-0.064
118.52,-2.809,-1.042,9.54,-0.073
118.53,-3.163,-1,9.433,-0.084
118.54,-3.515,-0.957,9.312,-0.097
118.55,-3.863,-0.915,9.177,-0.111
118.56,-4.205,-0.872,9.029,-0.126
118.57,-4.541,-0.828,8.869,-0.143
118.58,-4.872,-0.785,8.696,-0.16
118.59,-5.194,-0.74,8.51,-0.178
118.6,-5.508,-0.695,8.314,-0.197
118.61,-5.813,-0.651,8.107,-0.216
118.62,-6.107,-0.606,7.891,-0.235
118.63,-6.391,-0.561,7.666,-0.255
118.64,-6.664,-0.515,7.432,-0.275
118.65,-6.927,-0.469,7.19,-0.296
118.66,-7.18,-0.424,6.939,-0.317
118.67,-7.423,-0.378,6.681,-0.338
118.68,-7.655,-0.333,6.414,-0.359
118.69,-7.878,-0.287,6.14,-0.381
118.7,-8.091,-0.243,5.857,-0.402
118.71,-8.294,-0.198,5.566,-0.424
118.72,-8.486,-0.154,5.268,-0.446
118.73,-8.667,-0.111,4.963,-0.467
118.74,-8.838,-0.067,4.651,-0.488
118.75,-8.998,-0.025,4.331,-0.509
118.76,-9.147,0.016,4.006,-0.53
118.77,-9.284,0.057,3.673,-0.549
118.78,-9.409,0.098,3.335,-0.568
118.79,-9.523,0.138,2.99,-0.584
118.8,-9.624,0.178,2.64,-0.599
118.81,-9.713,0.217,2.284,-0.612
118.82,-9.79,0.256,1.923,-0.625
118.83,-9.853,0.294,1.556,-0.636
118.84,-9.903,0.33,1.184,-0.645
118.85,-9.939,0.366,0.807,-0.653
118.86,-9.961,0.4,0.426,-0.658
118.87,-9.968,0.433,0.041,-0.661
118.88,-9.961,0.466,-0.345,-0.662
118.89,-9.938,0.497,-0.735,-0.66
118.9,-9.9,0.526,-1.128,-0.656
118.91,-9.846,0.554,-1.522,-0.649
118.92,-9.776,0.58,-1.918,-0.639
118.93,-9.689,0.604,-2.314,-0.626
118.94,-9.586,0.627,-2.708,-0.611
118.95,-9.466,0.647,-3.1,-0.593
118.96,-9.33,0.665,-3.489,-0.572
118.97,-9.177,0.681,-3.874,-0.548
118.98,-9.007,0.695,-4.255,-0.522
118.99,-8.821,0.706,-4.63,-0.494
119,-8.617,0.715,-5,-0.463
119.01,-8.397,0.72,-5.363,-0.429
119.02,-8.161,0.724,-5.719,-0.392
119.03,-7.908,0.725,-6.066,-0.353
119.04,-7.64,0.723,-6.403,-0.312
119.05,-7.357,0.719,-6.728,-0.269
119.06,-7.059,0.711,-7.043,-0.224
119.07,-6.747,0.701,-7.345,-0.177
119.08,-6.421,0.687,-7.634,-0.126
119.09,-6.082,0.671,-7.908,-0.075
119.1,-5.731,0.651,-8.168,-0.022
119.11,-5.369,0.628,-8.412,0.031
119.12,-4.997,0.603,-8.64,0.086
119.13,-4.615,0.575,-8.851,0.141
119.14,-4.224,0.544,-9.045,0.197
119.15,-3.823,0.51,-9.222,0.253
119.16,-3.414,0.474,-9.381,0.31
119.17,-2.998,0.436,-9.522,0.366
119.18,-2.575,0.395,-9.645,0.423
119.19,-2.147,0.351,-9.748,0.479
119.2,-1.713,0.306,-9.832,0.534
119.21,-1.276,0.259,-9.897,0.589
119.22,-0.837,0.21,-9.941,0.643
119.23,-0.397,0.159,-9.966,0.697
119.24,0.041,0.107,-9.971,0.75
119.25,0.479,0.053,-9.956,0.802
119.26,0.915,-0.001,-9.921,0.853
119.27,1.346,-0.057,-9.867,0.902
119.28,1.773,-0.115,-9.794,0.951
119.29,2.194,-0.173,-9.703,0.999
119.3,2.608,-0.232,-9.594,1.045
119.31,3.014,-0.291,-9.467,1.091
119.32,3.41,-0.35,-9.325,1.134
119.33,3.796,-0.408,-9.167,1.177
119.34,4.17,-0.465,-8.994,1.218
119.35,4.531,-0.522,-8.809,1.259
119.36,4.879,-0.576,-8.612,1.298
119.37,5.214,-0.63,-8.404,1.336
119.38,5.534,-0.681,-8.186,1.372
119.39,5.84,-0.731,-7.96,1.408
119.4,6.133,-0.779,-7.726,1.442
119.41,6.404,-0.823,-7.491,1.476
119.42,6.662,-0.866,-7.251,1.509
119.43,6.904,-0.904,-7.009,1.541
119.44,7.132,-0.941,-6.765,1.573
119.45,7.345,-0.973,-6.52,1.603
119.46,7.545,-1.002,-6.276,1.633
119.47,7.732,-1.027,-6.032,1.661
119.48,7.906,-1.049,-5.79,1.69
119.49,8.069,-1.068,-5.548,1.717
119.5,8.222,-1.084,-5.308,1.743
119.51,8.364,-1.097,-5.07,1.768
119.52,8.496,-1.106,-4.834,1.792
119.53,8.619,-1.112,-4.6,1.814
119.54,8.734,-1.116,-4.369,1.836
119.55,8.84,-1.115,-4.143,1.855
119.56,8.937,-1.111,-3.92,1.873
119.57,9.028,-1.103,-3.701,1.889
119.58,9.111,-1.093,-3.486,1.904
119.59,9.188,-1.08,-3.276,1.916
119.6,9.258,-1.064,-3.071,1.927
119.61,9.323,-1.045,-2.869,1.935
119.62,9.383,-1.024,-2.672,1.94
119.63,9.437,-1.001,-2.479,1.943
119.64,9.488,-0.975,-2.29,1.944
119.65,9.534,-0.948,-2.104,1.941
119.66,9.576,-0.919,-1.921,1.937
119.67,9.615,-0.888,-1.742,1.929
119.68,9.65,-0.857,-1.564,1.918
119.69,9.682,-0.825,-1.388,1.905
119.7,9.712,-0.792,-1.215,1.889
119.71,9.738,-0.759,-1.043,1.871
119.72,9.761,-0.727,-0.872,1.85
119.73,9.782,-0.698,-0.698,1.824
119.74,9.8,-0.67,-0.519,1.795
119.75,9.816,-0.644,-0.334,1.763
119.76,9.828,-0.621,-0.145,1.729
119.77,9.837,-0.599,0.047,1.692
119.78,9.842,-0.58,0.245,1.654
119.79,9.842,-0.563,0.447,1.614
119.8,9.838,-0.55,0.657,1.573
119.81,9.828,-0.539,0.874,1.531
119.82,9.813,-0.53,1.099,1.486
119.83,9.791,-0.524,1.33,1.44
119.84,9.763,-0.52,1.568,1.392
119.85,9.728,-0.519,1.811,1.343
119.86,9.685,-0.52,2.06,1.295
119.87,9.634,-0.524,2.314,1.246
119.88,9.574,-0.529,2.573,1.196
119.89,9.505,-0.536,2.837,1.145
119.9,9.426,-0.545,3.106,1.094
119.91,9.337,-0.556,3.378,1.043
119.92,9.237,-0.568,3.655,0.991
119.93,9.127,-0.581,3.933,0.94
119.94,9.005,-0.596,4.214,0.888
119.95,8.871,-0.611,4.495,0.837
119.96,8.727,-0.628,4.777,0.786
119.97,8.57,-0.644,5.058,0.735
119.98,8.402,-0.661,5.337,0.685
119.99,8.222,-0.678,5.615,0.635
120,8.03,-0.695,5.889,0.586
120.01,7.827,-0.712,6.159,0.538
120.02,7.612,-0.729,6.425,0.49
120.03,7.385,-0.745,6.685,0.443
120.04,7.148,-0.76,6.939,0.396
120.05,6.9,-0.775,7.187,0.351
120.06,6.639,-0.789,7.429,0.308
120.07,6.369,-0.801,7.662,0.267
120.08,6.088,-0.812,7.888,0.226
120.09,5.797,-0.823,8.104,0.186
120.1,5.496,-0.832,8.31,0.148
120.11,5.186,-0.84,8.507,0.111
120.12,4.867,-0.847,8.694,0.076
120.13,4.538,-0.854,8.869,0.042
120.14,4.201,-0.859,9.033,0.009
120.15,3.857,-0.864,9.185,-0.021
120.16,3.504,-0.867,9.325,-0.051
120.17,3.144,-0.869,9.452,-0.079
120.18,2.777,-0.87,9.566,-0.105
120.19,2.405,-0.87,9.666,-0.13
120.2,2.025,-0.869,9.752,-0.153
120.21,1.641,-0.866,9.824,-0.175
120.22,1.251,-0.862,9.881,-0.195
120.23,0.856,-0.856,9.924,-0.215
120.24,0.457,-0.849,9.95,-0.232
120.25,0.055,-0.84,9.961,-0.248
120.26,-0.35,-0.83,9.955,-0.262
120.27,-0.758,-0.819,9.933,-0.274
120.28,-1.167,-0.806,9.894,-0.285
120.29,-1.577,-0.792,9.838,-0.294
120.3,-1.986,-0.777,9.765,-0.302
120.31,-2.394,-0.76,9.674,-0.31
120.32,-2.801,-0.742,9.565,-0.316
120.33,-3.205,-0.723,9.439,-0.321
120.34,-3.606,-0.704,9.294,-0.325
120.35,-4.002,-0.683,9.132,-0.329
120.36,-4.394,-0.66,8.952,-0.331
120.37,-4.78,-0.637,8.753,-0.333
120.38,-5.16,-0.611,8.537,-0.333
120.39,-5.534,-0.584,8.301,-0.333
120.4,-5.9,-0.556,8.047,-0.333
120.41,-6.257,-0.525,7.775,-0.332
120.42,-6.603,-0.494,7.485,-0.33
120.43,-6.939,-0.46,7.177,-0.328
120.44,-7.263,-0.425,6.852,-0.325
120.45,-7.574,-0.388,6.509,-0.321
120.46,-7.871,-0.349,6.149,-0.315
120.47,-8.151,-0.308,5.775,-0.309
120.48,-8.414,-0.266,5.389,-0.301
120.49,-8.656,-0.223,4.993,-0.293
120.5,-8.877,-0.178,4.59,-0.283
120.51,-9.077,-0.133,4.183,-0.272
120.52,-9.257,-0.085,3.771,-0.258
120.53,-9.415,-0.037,3.358,-0.244
120.54,-9.553,0.012,2.946,-0.229
120.55,-9.67,0.062,2.534,-0.212
120.56,-9.769,0.113,2.124,-0.195
120.57,-9.848,0.166,1.716,-0.176
120.58,-9.909,0.219,1.313,-0.157
120.59,-9.953,0.273,0.916,-0.137
120.6,-9.98,0.327,0.524,-0.116
120.61,-9.991,0.382,0.14,-0.094
120.62,-9.987,0.437,-0.236,-0.072
120.63,-9.969,0.492,-0.605,-0.049
120.64,-9.938,0.548,-0.964,-0.025
120.65,-9.894,0.604,-1.315,-0.001
120.66,-9.839,0.66,-1.657,0.022
120.67,-9.773,0.716,-1.989,0.047
120.68,-9.698,0.772,-2.312,0.071
120.69,-9.613,0.829,-2.625,0.097
120.7,-9.519,0.885,-2.929,0.121
120.71,-9.418,0.942,-3.223,0.146
120.72,-9.311,1,-3.503,0.171
120.73,-9.197,1.057,-3.775,0.196
120.74,-9.076,1.114,-4.041,0.221
120.75,-8.947,1.171,-4.302,0.246
120.76,-8.81,1.227,-4.56,0.271
120.77,-8.664,1.282,-4.816,0.296
120.78,-8.509,1.335,-5.069,0.321
120.79,-8.344,1.387,-5.321,0.347
120.8,-8.169,1.438,-5.572,0.373
120.81,-7.982,1.487,-5.822,0.4
120.82,-7.783,1.533,-6.072,0.427
120.83,-7.572,1.578,-6.32,0.455
120.84,-7.349,1.62,-6.566,0.483
120.85,-7.113,1.659,-6.81,0.512
120.86,-6.864,1.696,-7.05,0.541
120.87,-6.601,1.728,-7.287,0.571
120.88,-6.325,1.758,-7.518,0.602
120.89,-6.036,1.785,-7.744,0.633
120.9,-5.732,1.807,-7.963,0.665
120.91,-5.415,1.825,-8.176,0.698
120.92,-5.083,1.839,-8.38,0.731
120.93,-4.737,1.849,-8.575,0.764
120.94,-4.376,1.854,-8.761,0.797
120.95,-4.003,1.855,-8.935,0.831
120.96,-3.616,1.851,-9.096,0.866
120.97,-3.216,1.842,-9.243,0.9
120.98,-2.804,1.829,-9.376,0.935
120.99,-2.381,1.811,-9.492,0.969
121,-1.946,1.788,-9.591,1.003
121.01,-1.502,1.76,-9.673,1.037
121.02,-1.05,1.728,-9.734,1.07
121.03,-0.592,1.691,-9.776,1.102
121.04,-0.129,1.649,-9.796,1.133
121.05,0.335,1.602,-9.796,1.162
121.06,0.8,1.552,-9.774,1.189
121.07,1.261,1.497,-9.73,1.214
121.08,1.718,1.439,-9.666,1.236
121.09,2.168,1.38,-9.582,1.255
121.1,2.611,1.316,-9.477,1.272
121.11,3.045,1.251,-9.354,1.285
121.12,3.469,1.184,-9.212,1.296
121.13,3.884,1.115,-9.053,1.304
121.14,4.29,1.045,-8.876,1.31
121.15,4.684,0.973,-8.682,1.312
121.16,5.066,0.9,-8.473,1.312
121.17,5.436,0.827,-8.248,1.309
121.18,5.793,0.751,-8.01,1.304
121.19,6.136,0.676,-7.759,1.297
121.2,6.466,0.598,-7.494,1.287
121.21,6.78,0.521,-7.22,1.274
121.22,7.08,0.444,-6.934,1.26
121.23,7.364,0.367,-6.639,1.243
121.24,7.634,0.289,-6.335,1.224
121.25,7.889,0.212,-6.021,1.203
121.26,8.129,0.136,-5.699,1.181
121.27,8.355,0.06,-5.37,1.157
121.28,8.566,-0.014,-5.033,1.132
121.29,8.763,-0.088,-4.687,1.106
121.3,8.946,-0.161,-4.333,1.078
121.31,9.114,-0.233,-3.97,1.049
121.32,9.268,-0.304,-3.599,1.019
121.33,9.407,-0.374,-3.221,0.989
121.34,9.531,-0.442,-2.835,0.957
121.35,9.639,-0.508,-2.441,0.924
121.36,9.731,-0.573,-2.042,0.89
121.37,9.806,-0.636,-1.639,0.855
121.38,9.865,-0.696,-1.228,0.821
121.39,9.907,-0.754,-0.813,0.785
121.4,9.931,-0.809,-0.394,0.749
121.41,9.937,-0.862,0.027,0.712
121.42,9.924,-0.913,0.453,0.675
121.43,9.894,-0.961,0.882,0.637
121.44,9.843,-1.006,1.312,0.599
121.45,9.774,-1.049,1.745,0.561
121.46,9.684,-1.087,2.178,0.522
121.47,9.575,-1.124,2.61,0.484
121.48,9.445,-1.157,3.04,0.446
121.49,9.294,-1.186,3.468,0.407
121.5,9.123,-1.213,3.892,0.369
121.51,8.931,-1.236,4.311,0.33
121.52,8.718,-1.256,4.725,0.291
121.53,8.482,-1.272,5.134,0.252
121.54,8.225,-1.285,5.536,0.213
121.55,7.945,-1.295,5.929,0.173
121.56,7.644,-1.301,6.312,0.134
121.57,7.322,-1.304,6.683,0.097
121.58,6.98,-1.303,7.04,0.06
121.59,6.618,-1.298,7.382,0.023
121.6,6.239,-1.289,7.707,-0.011
121.61,5.841,-1.277,8.015,-0.044
121.62,5.425,-1.261,8.304,-0.076
121.63,4.992,-1.243,8.574,-0.107
121.64,4.543,-1.221,8.823,-0.137
121.65,4.078,-1.195,9.05,-0.165
121.66,3.599,-1.167,9.254,-0.19
121.67,3.107,-1.135,9.434,-0.214
121.68,2.604,-1.101,9.588,-0.236
121.69,2.094,-1.063,9.716,-0.256
121.7,1.577,-1.023,9.817,-0.273
121.71,1.057,-0.981,9.891,-0.285
121.72,0.532,-0.937,9.937,-0.295
121.73,0.006,-0.891,9.955,-0.302
121.74,-0.52,-0.843,9.946,-0.307
121.75,-1.048,-0.793,9.908,-0.309
121.76,-1.575,-0.742,9.842,-0.309
121.77,-2.099,-0.69,9.747,-0.306
121.78,-2.617,-0.638,9.625,-0.302
121.79,-3.128,-0.584,9.475,-0.295
121.8,-3.631,-0.53,9.297,-0.285
121.81,-4.123,-0.475,9.093,-0.274
121.82,-4.604,-0.42,8.863,-0.26
121.83,-5.072,-0.364,8.607,-0.245
121.84,-5.524,-0.309,8.326,-0.228
121.85,-5.96,-0.253,8.022,-0.209
121.86,-6.38,-0.198,7.695,-0.188
121.87,-6.78,-0.143,7.346,-0.166
121.88,-7.161,-0.09,6.977,-0.142
121.89,-7.52,-0.036,6.59,-0.116
121.9,-7.855,0.015,6.187,-0.09
121.91,-8.167,0.067,5.769,-0.062
121.92,-8.454,0.118,5.338,-0.034
121.93,-8.716,0.167,4.897,-0.005
121.94,-8.953,0.215,4.448,0.024
121.95,-9.164,0.262,3.992,0.054
121.96,-9.35,0.308,3.53,0.084
121.97,-9.51,0.353,3.067,0.113
121.98,-9.646,0.396,2.602,0.143
121.99,-9.757,0.438,2.137,0.173
122,-9.844,0.479,1.676,0.202
122.01,-9.909,0.518,1.219,0.23
122.02,-9.951,0.555,0.767,0.258
122.03,-9.972,0.592,0.331,0.285
122.04,-9.974,0.627,-0.096,0.311
122.05,-9.959,0.66,-0.516,0.336
122.06,-9.926,0.694,-0.926,0.359
122.07,-9.877,0.726,-1.326,0.382
122.08,-9.814,0.757,-1.716,0.403
122.09,-9.736,0.788,-2.097,0.422
122.1,-9.646,0.818,-2.465,0.44
122.11,-9.544,0.847,-2.823,0.457
122.12,-9.431,0.875,-3.171,0.472
122.13,-9.308,0.903,-3.507,0.486
122.14,-9.175,0.929,-3.833,0.498
122.15,-9.033,0.955,-4.151,0.508
122.16,-8.881,0.978,-4.46,0.518
122.17,-8.72,1.001,-4.762,0.526
122.18,-8.549,1.022,-5.057,0.533
122.19,-8.368,1.041,-5.347,0.538
122.2,-8.177,1.059,-5.63,0.544
122.21,-7.977,1.074,-5.907,0.548
122.22,-7.767,1.087,-6.178,0.552
122.23,-7.547,1.098,-6.442,0.556
122.24,-7.317,1.107,-6.701,0.56
122.25,-7.076,1.114,-6.953,0.564
122.26,-6.824,1.119,-7.2,0.567
122.27,-6.561,1.122,-7.44,0.572
122.28,-6.287,1.122,-7.672,0.576
122.29,-6.002,1.119,-7.898,0.581
122.3,-5.706,1.115,-8.114,0.586
122.31,-5.399,1.107,-8.322,0.592
122.32,-5.082,1.097,-8.52,0.598
122.33,-4.754,1.084,-8.709,0.605
122.34,-4.414,1.069,-8.887,0.612
122.35,-4.061,1.051,-9.056,0.621
122.36,-3.689,1.028,-9.215,0.632
122.37,-3.303,1.003,-9.362,0.644
122.38,-2.904,0.974,-9.496,0.657
122.39,-2.492,0.942,-9.614,0.671
122.4,-2.069,0.907,-9.717,0.685
122.41,-1.635,0.869,-9.801,0.699
122.42,-1.191,0.828,-9.868,0.714
122.43,-0.737,0.784,-9.915,0.729
122.44,-0.274,0.736,-9.941,0.744
122.45,0.195,0.685,-9.945,0.758
122.46,0.67,0.631,-9.927,0.772
122.47,1.148,0.574,-9.886,0.786
122.48,1.628,0.513,-9.82,0.798
122.49,2.11,0.45,-9.73,0.809
122.5,2.591,0.384,-9.615,0.819
122.51,3.07,0.315,-9.475,0.828
122.52,3.546,0.244,-9.309,0.834
122.53,4.016,0.17,-9.117,0.839
122.54,4.48,0.094,-8.9,0.842
122.55,4.934,0.016,-8.656,0.842
122.56,5.378,-0.063,-8.388,0.84
122.57,5.811,-0.144,-8.093,0.835
122.58,6.23,-0.226,-7.774,0.827
122.59,6.635,-0.309,-7.429,0.816
122.6,7.024,-0.392,-7.06,0.802
122.61,7.395,-0.475,-6.668,0.785
122.62,7.746,-0.559,-6.252,0.765
122.63,8.077,-0.642,-5.812,0.741
122.64,8.385,-0.724,-5.352,0.714
122.65,8.669,-0.805,-4.869,0.684
122.66,8.928,-0.885,-4.367,0.649
122.67,9.159,-0.962,-3.846,0.612
122.68,9.362,-1.038,-3.307,0.571
122.69,9.536,-1.112,-2.747,0.524
122.7,9.677,-1.183,-2.174,0.474
122.71,9.783,-1.251,-1.591,0.421
122.72,9.855,-1.314,-0.999,0.364
122.73,9.892,-1.373,-0.402,0.305
122.74,9.892,-1.428,0.197,0.244
122.75,9.856,-1.478,0.798,0.181
122.76,9.783,-1.524,1.398,0.116
122.77,9.673,-1.565,1.992,0.049
122.78,9.528,-1.6,2.579,-0.017
122.79,9.347,-1.63,3.155,-0.084
122.8,9.133,-1.654,3.717,-0.151
122.81,8.886,-1.674,4.262,-0.217
122.82,8.61,-1.689,4.788,-0.282
122.83,8.306,-1.699,5.291,-0.344
122.84,7.978,-1.705,5.768,-0.404
122.85,7.628,-1.707,6.218,-0.461
122.86,7.26,-1.706,6.641,-0.514
122.87,6.875,-1.701,7.036,-0.565
122.88,6.476,-1.693,7.403,-0.612
122.89,6.066,-1.682,7.741,-0.656
122.9,5.646,-1.669,8.052,-0.694
122.91,5.219,-1.654,8.335,-0.73
122.92,4.787,-1.637,8.591,-0.762
122.93,4.351,-1.618,8.821,-0.791
122.94,3.914,-1.598,9.025,-0.815
122.95,3.476,-1.577,9.204,-0.835
122.96,3.04,-1.554,9.359,-0.852
122.97,2.606,-1.531,9.492,-0.866
122.98,2.176,-1.508,9.603,-0.876
122.99,1.751,-1.484,9.692,-0.882
123,1.333,-1.459,9.762,-0.884
123.01,0.921,-1.434,9.813,-0.884
123.02,0.524,-1.411,9.846,-0.879
123.03,0.135,-1.387,9.863,-0.871
123.04,-0.247,-1.363,9.865,-0.861
123.05,-0.622,-1.339,9.853,-0.849
123.06,-0.989,-1.314,9.828,-0.835
123.07,-1.35,-1.289,9.789,-0.819
123.08,-1.705,-1.263,9.739,-0.802
123.09,-2.054,-1.236,9.676,-0.783
123.1,-2.398,-1.207,9.602,-0.764
123.11,-2.736,-1.179,9.516,-0.743
123.12,-3.069,-1.148,9.42,-0.721
123.13,-3.396,-1.117,9.312,-0.699
123.14,-3.718,-1.084,9.194,-0.676
123.15,-4.035,-1.051,9.065,-0.654
123.16,-4.346,-1.017,8.925,-0.631
123.17,-4.655,-0.981,8.774,-0.609
123.18,-4.961,-0.944,8.611,-0.586
123.19,-5.263,-0.906,8.435,-0.565
123.2,-5.563,-0.867,8.246,-0.545
123.21,-5.859,-0.828,8.043,-0.526
123.22,-6.151,-0.788,7.828,-0.507
123.23,-6.438,-0.746,7.599,-0.49
123.24,-6.719,-0.704,7.356,-0.474
123.25,-6.995,-0.662,7.1,-0.46
123.26,-7.262,-0.62,6.831,-0.446
123.27,-7.521,-0.576,6.55,-0.433
123.28,-7.771,-0.533,6.255,-0.422
123.29,-8.012,-0.49,5.948,-0.411
123.3,-8.242,-0.448,5.629,-0.402
123.31,-8.461,-0.405,5.3,-0.393
123.32,-8.667,-0.362,4.96,-0.385
123.33,-8.86,-0.32,4.61,-0.379
123.34,-9.039,-0.278,4.25,-0.372
123.35,-9.204,-0.237,3.883,-0.368
123.36,-9.354,-0.197,3.509,-0.365
123.37,-9.489,-0.157,3.128,-0.362
123.38,-9.609,-0.118,2.74,-0.36
123.39,-9.713,-0.08,2.349,-0.358
123.4,-9.8,-0.042,1.952,-0.356
123.41,-9.872,-0.005,1.552,-0.355
123.42,-9.927,0.029,1.148,-0.354
123.43,-9.965,0.064,0.742,-0.353
123.44,-9.987,0.097,0.336,-0.352
123.45,-9.992,0.129,-0.07,-0.351
123.46,-9.981,0.16,-0.477,-0.35
123.47,-9.953,0.189,-0.882,-0.349
123.48,-9.908,0.215,-1.287,-0.347
123.49,-9.847,0.241,-1.69,-0.345
123.5,-9.769,0.265,-2.09,-0.344
123.51,-9.675,0.287,-2.488,-0.342
123.52,-9.564,0.308,-2.883,-0.339
123.53,-9.436,0.326,-3.275,-0.336
123.54,-9.292,0.343,-3.664,-0.332
123.55,-9.131,0.357,-4.048,-0.327
123.56,-8.953,0.368,-4.426,-0.323
123.57,-8.76,0.378,-4.796,-0.319
123.58,-8.551,0.385,-5.159,-0.314
123.59,-8.327,0.389,-5.514,-0.31
123.6,-8.088,0.391,-5.858,-0.304
123.61,-7.836,0.39,-6.192,-0.299
123.62,-7.57,0.387,-6.515,-0.293
123.63,-7.291,0.382,-6.827,-0.287
123.64,-6.999,0.374,-7.126,-0.282
123.65,-6.694,0.363,-7.414,-0.276
123.66,-6.379,0.35,-7.688,-0.27
123.67,-6.051,0.334,-7.949,-0.265
123.68,-5.713,0.315,-8.196,-0.259
123.69,-5.366,0.294,-8.429,-0.254
123.7,-5.009,0.271,-8.646,-0.248
123.71,-4.644,0.246,-8.849,-0.242
123.72,-4.272,0.219,-9.035,-0.236
123.73,-3.894,0.191,-9.205,-0.229
123.74,-3.51,0.161,-9.359,-0.222
123.75,-3.121,0.13,-9.496,-0.215
123.76,-2.728,0.098,-9.617,-0.207
123.77,-2.332,0.064,-9.722,-0.198
123.78,-1.931,0.03,-9.809,-0.189
123.79,-1.529,-0.004,-9.88,-0.179
123.8,-1.124,-0.039,-9.935,-0.169
123.81,-0.72,-0.075,-9.972,-0.158
123.82,-0.316,-0.111,-9.993,-0.147
123.83,0.086,-0.148,-9.997,-0.136
123.84,0.487,-0.185,-9.985,-0.124
123.85,0.885,-0.223,-9.957,-0.11
123.86,1.278,-0.261,-9.914,-0.097
123.87,1.665,-0.299,-9.855,-0.082
123.88,2.046,-0.337,-9.782,-0.067
123.89,2.42,-0.376,-9.695,-0.051
123.9,2.786,-0.415,-9.594,-0.034
123.91,3.145,-0.453,-9.481,-0.015
123.92,3.494,-0.492,-9.356,0.003
123.93,3.835,-0.53,-9.219,0.023
123.94,4.169,-0.569,-9.071,0.044
123.95,4.494,-0.606,-8.912,0.067
123.96,4.81,-0.644,-8.742,0.09
123.97,5.117,-0.681,-8.563,0.114
123.98,5.416,-0.717,-8.374,0.138
123.99,5.705,-0.752,-8.176,0.163
124,5.987,-0.788,-7.968,0.189
124.01,6.261,-0.823,-7.75,0.215
124.02,6.527,-0.857,-7.523,0.241
124.03,6.785,-0.89,-7.286,0.267
124.04,7.034,-0.922,-7.04,0.293
124.05,7.276,-0.954,-6.785,0.319
124.06,7.508,-0.985,-6.521,0.344
124.07,7.73,-1.015,-6.25,0.369
124.08,7.943,-1.044,-5.971,0.393
124.09,8.145,-1.073,-5.685,0.417
124.1,8.336,-1.1,-5.393,0.441
124.11,8.517,-1.126,-5.096,0.465
124.12,8.686,-1.151,-4.794,0.489
124.13,8.843,-1.175,-4.488,0.512
124.14,8.99,-1.198,-4.177,0.535
124.15,9.126,-1.22,-3.861,0.557
124.16,9.251,-1.241,-3.54,0.579
124.17,9.365,-1.26,-3.214,0.599
124.18,9.469,-1.279,-2.882,0.619
124.19,9.561,-1.297,-2.545,0.637
124.2,9.643,-1.313,-2.202,0.654
124.21,9.713,-1.328,-1.853,0.668
124.22,9.771,-1.343,-1.497,0.681
124.23,9.817,-1.356,-1.136,0.692
124.24,9.85,-1.368,-0.77,0.7
124.25,9.87,-1.38,-0.398,0.707
124.26,9.877,-1.391,-0.023,0.711
124.27,9.869,-1.4,0.355,0.713
124.28,9.846,-1.409,0.737,0.714
124.29,9.809,-1.417,1.121,0.711
124.3,9.756,-1.424,1.508,0.707
124.31,9.688,-1.43,1.896,0.701
124.32,9.603,-1.435,2.285,0.692
124.33,9.501,-1.441,2.679,0.679
124.34,9.382,-1.445,3.071,0.664
124.35,9.245,-1.448,3.463,0.646
124.36,9.091,-1.449,3.852,0.626
124.37,8.92,-1.45,4.238,0.603
124.38,8.731,-1.449,4.618,0.578
124.39,8.525,-1.446,4.992,0.551
124.4,8.302,-1.442,5.359,0.521
124.41,8.062,-1.435,5.717,0.49
124.42,7.807,-1.427,6.065,0.458
124.43,7.536,-1.417,6.403,0.423
124.44,7.25,-1.405,6.73,0.387
124.45,6.949,-1.39,7.046,0.348
124.46,6.633,-1.374,7.348,0.308
124.47,6.304,-1.357,7.638,0.267
124.48,5.962,-1.337,7.912,0.224
124.49,5.606,-1.315,8.173,0.181
124.5,5.237,-1.291,8.419,0.136
124.51,4.856,-1.266,8.648,0.09
124.52,4.465,-1.238,8.861,0.044
124.53,4.064,-1.21,9.056,-0.002
124.54,3.654,-1.179,9.233,-0.049
124.55,3.237,-1.147,9.391,-0.095
124.56,2.813,-1.114,9.529,-0.143
124.57,2.384,-1.079,9.649,-0.189
124.58,1.95,-1.042,9.749,-0.236
124.59,1.512,-1.004,9.829,-0.282
124.6,1.071,-0.965,9.89,-0.327
124.61,0.629,-0.924,9.93,-0.371
124.62,0.185,-0.882,9.95,-0.415
124.63,-0.259,-0.839,9.95,-0.458
124.64,-0.703,-0.796,9.93,-0.5
124.65,-1.147,-0.751,9.89,-0.54
124.66,-1.591,-0.706,9.83,-0.579
124.67,-2.033,-0.66,9.749,-0.617
124.68,-2.473,-0.614,9.647,-0.653
124.69,-2.91,-0.567,9.525,-0.687
124.7,-3.343,-0.52,9.382,-0.719
124.71,-3.77,-0.472,9.219,-0.749
124.72,-4.191,-0.424,9.035,-0.777
124.73,-4.605,-0.376,8.831,-0.804
124.74,-5.012,-0.327,8.607,-0.827
124.75,-5.409,-0.279,8.363,-0.849
124.76,-5.795,-0.23,8.099,-0.868
124.77,-6.171,-0.181,7.816,-0.884
124.78,-6.536,-0.133,7.513,-0.898
124.79,-6.888,-0.085,7.191,-0.909
124.8,-7.226,-0.036,6.851,-0.917
124.81,-7.548,0.012,6.493,-0.922
124.82,-7.856,0.059,6.117,-0.924
124.83,-8.146,0.104,5.724,-0.924
124.84,-8.42,0.148,5.313,-0.92
124.85,-8.674,0.192,4.886,-0.913
124.86,-8.909,0.233,4.444,-0.904
124.87,-9.123,0.274,3.986,-0.892
124.88,-9.315,0.313,3.513,-0.876
124.89,-9.484,0.349,3.029,-0.859
124.9,-9.629,0.383,2.533,-0.838
124.91,-9.749,0.414,2.029,-0.816
124.92,-9.842,0.442,1.518,-0.791
124.93,-9.909,0.467,1.003,-0.765
124.94,-9.949,0.488,0.484,-0.737
124.95,-9.962,0.505,-0.035,-0.707
124.96,-9.947,0.519,-0.557,-0.676
124.97,-9.906,0.529,-1.078,-0.644
124.98,-9.837,0.536,-1.599,-0.611
124.99,-9.741,0.536,-2.116,-0.578
125,-9.618,0.533,-2.628,-0.544
125.01,-9.467,0.527,-3.135,-0.509
125.02,-9.289,0.517,-3.636,-0.475
125.03,-9.083,0.504,-4.128,-0.44
125.04,-8.85,0.488,-4.61,-0.404
125.05,-8.591,0.468,-5.082,-0.37
125.06,-8.306,0.446,-5.54,-0.335
125.07,-7.994,0.421,-5.984,-0.301
125.08,-7.657,0.394,-6.413,-0.268
125.09,-7.296,0.364,-6.824,-0.236
125.1,-6.911,0.331,-7.216,-0.204
125.11,-6.504,0.296,-7.587,-0.174
125.12,-6.077,0.259,-7.935,-0.145
125.13,-5.63,0.221,-8.26,-0.118
125.14,-5.165,0.18,-8.56,-0.091
125.15,-4.685,0.137,-8.833,-0.066
125.16,-4.191,0.093,-9.078,-0.043
125.17,-3.685,0.048,-9.295,-0.021
125.18,-3.169,0.001,-9.484,0
125.19,-2.646,-0.045,-9.643,0.018
125.2,-2.117,-0.093,-9.772,0.035
125.21,-1.585,-0.141,-9.872,0.051
125.22,-1.05,-0.19,-9.942,0.065
125.23,-0.517,-0.237,-9.983,0.078
125.24,0.014,-0.285,-9.995,0.09
125.25,0.541,-0.333,-9.979,0.1
125.26,1.063,-0.379,-9.935,0.109
125.27,1.577,-0.425,-9.864,0.118
125.28,2.083,-0.47,-9.768,0.125
125.29,2.577,-0.513,-9.647,0.132
125.3,3.059,-0.555,-9.503,0.138
125.31,3.526,-0.595,-9.337,0.143
125.32,3.971,-0.633,-9.154,0.149
125.33,4.4,-0.67,-8.953,0.154
125.34,4.813,-0.705,-8.735,0.159
125.35,5.209,-0.739,-8.502,0.164
125.36,5.589,-0.771,-8.254,0.169
125.37,5.951,-0.801,-7.994,0.174
125.38,6.295,-0.83,-7.722,0.179
125.39,6.622,-0.857,-7.441,0.184
125.4,6.931,-0.882,-7.15,0.189
125.41,7.222,-0.905,-6.854,0.194
125.42,7.495,-0.926,-6.551,0.2
125.43,7.751,-0.946,-6.243,0.205
125.44,7.99,-0.964,-5.931,0.211
125.45,8.213,-0.979,-5.615,0.217
125.46,8.42,-0.993,-5.297,0.223
125.47,8.611,-1.005,-4.977,0.229
125.48,8.788,-1.016,-4.656,0.235
125.49,8.95,-1.024,-4.334,0.24
125.5,9.098,-1.031,-4.01,0.246
125.51,9.234,-1.036,-3.685,0.251
125.52,9.357,-1.041,-3.358,0.256
125.53,9.469,-1.044,-3.028,0.259
125.54,9.569,-1.046,-2.695,0.262
125.55,9.657,-1.048,-2.36,0.263
125.56,9.733,-1.049,-2.02,0.263
125.57,9.798,-1.05,-1.678,0.262
125.58,9.851,-1.05,-1.331,0.259
125.59,9.892,-1.05,-0.982,0.255
125.6,9.921,-1.049,-0.629,0.248
125.61,9.938,-1.049,-0.273,0.24
125.62,9.941,-1.048,0.085,0.23
125.63,9.932,-1.047,0.447,0.219
125.64,9.909,-1.046,0.811,0.206
125.65,9.873,-1.046,1.179,0.189
125.66,9.821,-1.047,1.55,0.17
125.67,9.756,-1.047,1.921,0.15
125.68,9.676,-1.046,2.293,0.128
125.69,9.58,-1.046,2.666,0.103
125.7,9.468,-1.046,3.039,0.077
125.71,9.341,-1.045,3.412,0.048
125.72,9.197,-1.044,3.784,0.017
125.73,9.036,-1.042,4.154,-0.015
125.74,8.857,-1.041,4.523,-0.05
125.75,8.66,-1.039,4.889,-0.087
125.76,8.445,-1.036,5.251,-0.127
125.77,8.212,-1.032,5.608,-0.168
125.78,7.961,-1.027,5.959,-0.212
125.79,7.691,-1.022,6.302,-0.258
125.8,7.403,-1.016,6.638,-0.304
125.81,7.096,-1.008,6.963,-0.352
125.82,6.771,-0.998,7.278,-0.402
125.83,6.428,-0.987,7.582,-0.452
125.84,6.067,-0.975,7.872,-0.505
125.85,5.689,-0.961,8.148,-0.559
125.86,5.294,-0.945,8.408,-0.613
125.87,4.883,-0.927,8.651,-0.669
125.88,4.456,-0.907,8.876,-0.725
125.89,4.015,-0.884,9.081,-0.781
125.9,3.562,-0.858,9.266,-0.838
125.91,3.097,-0.83,9.429,-0.894
125.92,2.622,-0.799,9.569,-0.951
125.93,2.139,-0.766,9.686,-1.006
125.94,1.647,-0.73,9.778,-1.061
125.95,1.149,-0.691,9.846,-1.114
125.96,0.646,-0.649,9.889,-1.166
125.97,0.138,-0.606,9.906,-1.216
125.98,-0.375,-0.558,9.896,-1.266
125.99,-0.892,-0.508,9.859,-1.314
126,-1.41,-0.455,9.795,-1.36
126.01,-1.928,-0.399,9.703,-1.403
126.02,-2.443,-0.342,9.582,-1.444
126.03,-2.956,-0.282,9.432,-1.482
126.04,-3.464,-0.22,9.254,-1.517
126.05,-3.966,-0.156,9.046,-1.548
126.06,-4.459,-0.091,8.81,-1.576
126.07,-4.941,-0.025,8.545,-1.601
126.08,-5.409,0.041,8.252,-1.621
126.09,-5.861,0.108,7.933,-1.638
126.1,-6.295,0.175,7.59,-1.651
126.11,-6.709,0.242,7.223,-1.659
126.12,-7.101,0.309,6.833,-1.663
126.13,-7.471,0.375,6.423,-1.664
126.14,-7.818,0.439,5.993,-1.66
126.15,-8.139,0.501,5.546,-1.653
126.16,-8.434,0.561,5.084,-1.642
126.17,-8.701,0.619,4.609,-1.628
126.18,-8.941,0.674,4.123,-1.61
126.19,-9.152,0.727,3.629,-1.589
126.2,-9.336,0.775,3.128,-1.564
126.21,-9.49,0.821,2.623,-1.537
126.22,-9.617,0.863,2.116,-1.507
126.23,-9.717,0.901,1.607,-1.475
126.24,-9.789,0.936,1.1,-1.44
126.25,-9.835,0.967,0.594,-1.404
126.26,-9.855,0.994,0.093,-1.365
126.27,-9.851,1.018,-0.402,-1.325
126.28,-9.822,1.039,-0.89,-1.283
126.29,-9.77,1.055,-1.37,-1.241
126.3,-9.697,1.068,-1.839,-1.197
126.31,-9.605,1.075,-2.29,-1.153
126.32,-9.494,1.079,-2.729,-1.11
126.33,-9.366,1.08,-3.156,-1.065
126.34,-9.222,1.077,-3.568,-1.02
126.35,-9.064,1.071,-3.967,-0.974
126.36,-8.891,1.062,-4.353,-0.928
126.37,-8.705,1.051,-4.725,-0.882
126.38,-8.506,1.037,-5.085,-0.835
126.39,-8.296,1.022,-5.432,-0.788
126.4,-8.074,1.004,-5.765,-0.74
126.41,-7.842,0.985,-6.086,-0.693
126.42,-7.599,0.964,-6.395,-0.646
126.43,-7.348,0.942,-6.69,-0.599
126.44,-7.088,0.919,-6.971,-0.551
126.45,-6.82,0.895,-7.24,-0.504
126.46,-6.544,0.87,-7.496,-0.456
126.47,-6.262,0.844,-7.739,-0.41
126.48,-5.975,0.818,-7.968,-0.363
126.49,-5.681,0.791,-8.184,-0.316
126.5,-5.382,0.763,-8.388,-0.269
126.51,-5.077,0.736,-8.58,-0.223
126.52,-4.767,0.708,-8.759,-0.176
126.53,-4.452,0.681,-8.927,-0.131
126.54,-4.131,0.654,-9.082,-0.085
126.55,-3.805,0.626,-9.226,-0.04
126.56,-3.475,0.6,-9.357,0.003
126.57,-3.139,0.573,-9.476,0.047
126.58,-2.799,0.547,-9.584,0.089
126.59,-2.454,0.521,-9.679,0.131
126.6,-2.104,0.495,-9.761,0.172
126.61,-1.75,0.47,-9.832,0.211
126.62,-1.393,0.445,-9.889,0.249
126.63,-1.029,0.422,-9.933,0.285
126.64,-0.662,0.399,-9.964,0.32
126.65,-0.293,0.376,-9.982,0.353
126.66,0.077,0.354,-9.985,0.386
126.67,0.449,0.331,-9.975,0.416
126.68,0.821,0.31,-9.951,0.446
126.69,1.194,0.288,-9.912,0.474
126.7,1.567,0.267,-9.86,0.501
126.71,1.939,0.247,-9.792,0.527
126.72,2.309,0.227,-9.711,0.551
126.73,2.678,0.207,-9.615,0.574
126.74,3.044,0.188,-9.504,0.595
126.75,3.408,0.169,-9.379,0.615
126.76,3.77,0.15,-9.238,0.633
126.77,4.129,0.131,-9.083,0.649
126.78,4.484,0.111,-8.912,0.663
126.79,4.835,0.092,-8.726,0.675
126.8,5.181,0.073,-8.524,0.686
126.81,5.522,0.054,-8.307,0.694
126.82,5.856,0.035,-8.075,0.701
126.83,6.183,0.016,-7.827,0.706
126.84,6.501,-0.003,-7.564,0.708
126.85,6.81,-0.023,-7.287,0.71
126.86,7.108,-0.042,-6.996,0.71
126.87,7.396,-0.059,-6.692,0.708
126.88,7.672,-0.078,-6.373,0.704
126.89,7.936,-0.097,-6.042,0.699
126.9,8.187,-0.116,-5.698,0.692
126.91,8.424,-0.135,-5.342,0.683
126.92,8.647,-0.154,-4.974,0.672
126.93,8.856,-0.173,-4.594,0.659
126.94,9.049,-0.193,-4.202,0.644
126.95,9.226,-0.212,-3.8,0.627
126.96,9.387,-0.231,-3.383,0.608
126.97,9.531,-0.25,-2.957,0.587
126.98,9.656,-0.269,-2.522,0.563
126.99,9.762,-0.287,-2.079,0.538
127,9.848,-0.305,-1.627,0.511
127.01,9.914,-0.322,-1.169,0.482
127.02,9.959,-0.339,-0.705,0.451
127.03,9.982,-0.356,-0.235,0.419
127.04,9.982,-0.372,0.237,0.386
127.05,9.96,-0.387,0.714,0.35
127.06,9.915,-0.402,1.192,0.314
127.07,9.846,-0.415,1.671,0.275
127.08,9.754,-0.427,2.146,0.236
127.09,9.639,-0.438,2.617,0.195
127.1,9.501,-0.448,3.082,0.153
127.11,9.34,-0.456,3.541,0.111
127.12,9.156,-0.463,3.991,0.067
127.13,8.951,-0.469,4.433,0.022
127.14,8.724,-0.473,4.864,-0.022
127.15,8.476,-0.477,5.283,-0.068
127.16,8.207,-0.479,5.69,-0.114
127.17,7.919,-0.479,6.085,-0.161
127.18,7.609,-0.478,6.466,-0.207
127.19,7.281,-0.474,6.833,-0.254
127.2,6.934,-0.469,7.183,-0.3
127.21,6.569,-0.462,7.517,-0.344
127.22,6.187,-0.453,7.833,-0.388
127.23,5.787,-0.442,8.131,-0.432
127.24,5.371,-0.43,8.41,-0.475
127.25,4.942,-0.416,8.667,-0.516
127.26,4.502,-0.401,8.902,-0.557
127.27,4.051,-0.384,9.114,-0.596
127.28,3.591,-0.366,9.304,-0.634
127.29,3.122,-0.347,9.47,-0.67
127.3,2.644,-0.326,9.612,-0.705
127.31,2.16,-0.304,9.731,-0.738
127.32,1.671,-0.282,9.825,-0.769
127.33,1.179,-0.258,9.894,-0.798
127.34,0.684,-0.233,9.939,-0.825
127.35,0.188,-0.207,9.959,-0.85
127.36,-0.307,-0.181,9.955,-0.873
127.37,-0.803,-0.153,9.926,-0.893
127.38,-1.296,-0.125,9.872,-0.912
127.39,-1.784,-0.097,9.795,-0.927
127.4,-2.266,-0.069,9.693,-0.941
127.41,-2.74,-0.041,9.569,-0.952
127.42,-3.203,-0.014,9.424,-0.961
127.43,-3.654,0.01,9.257,-0.968
127.44,-4.093,0.035,9.071,-0.973
127.45,-4.518,0.06,8.867,-0.975
127.46,-4.931,0.083,8.644,-0.975
127.47,-5.33,0.105,8.404,-0.974
127.48,-5.715,0.126,8.146,-0.971
127.49,-6.087,0.147,7.873,-0.965
127.5,-6.444,0.166,7.583,-0.958
127.51,-6.787,0.185,7.279,-0.949
127.52,-7.114,0.203,6.961,-0.938
127.53,-7.426,0.219,6.629,-0.926
127.54,-7.721,0.235,6.284,-0.911
127.55,-8,0.25,5.926,-0.895
127.56,-8.262,0.265,5.558,-0.877
127.57,-8.507,0.278,5.177,-0.858
127.58,-8.735,0.292,4.786,-0.838
127.59,-8.945,0.304,4.384,-0.816
127.6,-9.137,0.316,3.972,-0.793
127.61,-9.31,0.328,3.551,-0.769
127.62,-9.465,0.339,3.12,-0.744
127.63,-9.6,0.35,2.683,-0.718
127.64,-9.714,0.36,2.238,-0.691
127.65,-9.809,0.37,1.787,-0.663
127.66,-9.883,0.38,1.331,-0.634
127.67,-9.936,0.39,0.869,-0.605
127.68,-9.967,0.399,0.403,-0.574
127.69,-9.976,0.408,-0.066,-0.544
127.7,-9.963,0.418,-0.539,-0.512
127.71,-9.927,0.427,-1.014,-0.48
127.72,-9.868,0.436,-1.49,-0.447
127.73,-9.786,0.445,-1.964,-0.414
127.74,-9.68,0.454,-2.437,-0.38
127.75,-9.551,0.463,-2.905,-0.346
127.76,-9.398,0.471,-3.368,-0.311
127.77,-9.222,0.479,-3.825,-0.277
127.78,-9.023,0.486,-4.274,-0.242
127.79,-8.801,0.493,-4.716,-0.208
127.8,-8.556,0.5,-5.148,-0.173
127.81,-8.288,0.506,-5.57,-0.14
127.82,-7.997,0.511,-5.98,-0.106
127.83,-7.685,0.516,-6.376,-0.073
127.84,-7.352,0.521,-6.757,-0.039
127.85,-7,0.524,-7.121,-0.007
127.86,-6.629,0.528,-7.467,0.024
127.87,-6.241,0.53,-7.794,0.056
127.88,-5.836,0.532,-8.102,0.087
127.89,-5.415,0.534,-8.388,0.118
127.9,-4.981,0.535,-8.653,0.148
127.91,-4.533,0.535,-8.895,0.178
127.92,-4.074,0.534,-9.114,0.208
127.93,-3.605,0.533,-9.308,0.236
127.94,-3.128,0.532,-9.479,0.264
127.95,-2.646,0.531,-9.624,0.292
127.96,-2.16,0.529,-9.744,0.319
127.97,-1.67,0.528,-9.839,0.345
127.98,-1.178,0.526,-9.909,0.371
127.99,-0.685,0.524,-9.954,0.396
128,-0.193,0.522,-9.975,0.422
128.01,0.298,0.519,-9.972,0.446
128.02,0.787,0.516,-9.944,0.47
128.03,1.273,0.512,-9.892,0.493
128.04,1.755,0.508,-9.817,0.517
128.05,2.231,0.503,-9.719,0.539
128.06,2.702,0.497,-9.598,0.561
128.07,3.166,0.49,-9.454,0.583
128.08,3.623,0.483,-9.288,0.604
128.09,4.073,0.474,-9.099,0.625
128.1,4.513,0.463,-8.888,0.645
128.11,4.943,0.451,-8.655,0.665
128.12,5.361,0.439,-8.401,0.684
128.13,5.768,0.425,-8.127,0.702
128.14,6.161,0.41,-7.832,0.72
128.15,6.539,0.393,-7.518,0.737
128.16,6.903,0.375,-7.186,0.752
128.17,7.25,0.355,-6.834,0.767
128.18,7.581,0.334,-6.465,0.78
128.19,7.894,0.311,-6.078,0.793
128.2,8.188,0.286,-5.675,0.804
128.21,8.464,0.26,-5.256,0.814
128.22,8.719,0.232,-4.821,0.821
128.23,8.952,0.203,-4.372,0.827
128.24,9.163,0.173,-3.911,0.831
128.25,9.351,0.142,-3.44,0.832
128.26,9.514,0.11,-2.959,0.832
128.27,9.653,0.076,-2.472,0.829
128.28,9.767,0.042,-1.979,0.823
128.29,9.856,0.006,-1.48,0.815
128.3,9.919,-0.029,-0.978,0.804
128.31,9.957,-0.066,-0.475,0.791
128.32,9.969,-0.103,0.026,0.774
128.33,9.956,-0.141,0.526,0.755
128.34,9.918,-0.178,1.022,0.734
128.35,9.856,-0.216,1.515,0.709
128.36,9.77,-0.253,2.001,0.682
128.37,9.661,-0.29,2.479,0.653
128.38,9.529,-0.327,2.949,0.621
128.39,9.375,-0.363,3.409,0.586
128.4,9.2,-0.398,3.858,0.549
128.41,9.006,-0.432,4.294,0.509
128.42,8.792,-0.465,4.717,0.468
128.43,8.56,-0.496,5.127,0.424
128.44,8.311,-0.527,5.522,0.379
128.45,8.046,-0.557,5.902,0.333
128.46,7.765,-0.585,6.266,0.284
128.47,7.47,-0.611,6.615,0.234
128.48,7.161,-0.635,6.947,0.183
128.49,6.84,-0.659,7.263,0.131
128.5,6.506,-0.68,7.562,0.077
128.51,6.161,-0.699,7.845,0.024
128.52,5.805,-0.717,8.11,-0.03
128.53,5.439,-0.733,8.358,-0.084
128.54,5.063,-0.746,8.589,-0.139
128.55,4.678,-0.758,8.803,-0.194
128.56,4.284,-0.767,8.999,-0.249
128.57,3.88,-0.773,9.178,-0.304
128.58,3.468,-0.777,9.339,-0.358
128.59,3.048,-0.779,9.483,-0.411
128.6,2.619,-0.777,9.608,-0.464
128.61,2.184,-0.773,9.714,-0.515
128.62,1.744,-0.766,9.8,-0.566
128.63,1.299,-0.757,9.867,-0.614
128.64,0.85,-0.745,9.913,-0.661
128.65,0.398,-0.731,9.94,-0.707
128.66,-0.055,-0.715,9.945,-0.751
128.67,-0.51,-0.697,9.93,-0.793
128.68,-0.966,-0.676,9.895,-0.833
128.69,-1.423,-0.653,9.838,-0.87
128.7,-1.88,-0.628,9.759,-0.906
128.71,-2.335,-0.601,9.659,-0.939
128.72,-2.788,-0.571,9.537,-0.969
128.73,-3.236,-0.539,9.393,-0.997
128.74,-3.681,-0.505,9.227,-1.022
128.75,-4.119,-0.469,9.039,-1.044
128.76,-4.55,-0.431,8.83,-1.063
128.77,-4.971,-0.392,8.6,-1.078
128.78,-5.383,-0.351,8.349,-1.09
128.79,-5.784,-0.309,8.076,-1.099
128.8,-6.174,-0.265,7.783,-1.105
128.81,-6.552,-0.22,7.469,-1.108
128.82,-6.915,-0.174,7.135,-1.108
128.83,-7.263,-0.126,6.782,-1.104
128.84,-7.595,-0.078,6.41,-1.097
128.85,-7.909,-0.029,6.02,-1.088
128.86,-8.205,0.02,5.613,-1.076
128.87,-8.481,0.07,5.189,-1.06
128.88,-8.736,0.12,4.75,-1.042
128.89,-8.969,0.171,4.297,-1.02
128.9,-9.18,0.221,3.831,-0.995
128.91,-9.366,0.269,3.355,-0.968
128.92,-9.528,0.317,2.869,-0.937
128.93,-9.665,0.365,2.372,-0.903
128.94,-9.777,0.411,1.867,-0.867
128.95,-9.862,0.457,1.356,-0.828
128.96,-9.92,0.501,0.839,-0.786
128.97,-9.952,0.544,0.32,-0.742
128.98,-9.956,0.585,-0.2,-0.695
128.99,-9.933,0.624,-0.722,-0.647
129,-9.882,0.662,-1.243,-0.596
129.01,-9.803,0.697,-1.762,-0.544
129.02,-9.697,0.73,-2.277,-0.49
129.03,-9.563,0.761,-2.789,-0.435
129.04,-9.4,0.791,-3.294,-0.378
129.05,-9.211,0.818,-3.792,-0.322
129.06,-8.993,0.842,-4.282,-0.264
129.07,-8.748,0.864,-4.761,-0.205
129.08,-8.476,0.883,-5.228,-0.146
129.09,-8.179,0.9,-5.681,-0.087
129.1,-7.856,0.914,-6.118,-0.027
129.11,-7.51,0.925,-6.537,0.032
129.12,-7.14,0.934,-6.937,0.092
129.13,-6.75,0.939,-7.316,0.152
129.14,-6.338,0.942,-7.674,0.211
129.15,-5.908,0.943,-8.008,0.27
129.16,-5.46,0.94,-8.318,0.329
129.17,-4.997,0.936,-8.602,0.386
129.18,-4.521,0.929,-8.859,0.443
129.19,-4.034,0.921,-9.089,0.499
129.2,-3.538,0.911,-9.292,0.554
129.21,-3.035,0.899,-9.466,0.608
129.22,-2.526,0.885,-9.612,0.66
129.23,-2.014,0.87,-9.73,0.71
129.24,-1.496,0.852,-9.821,0.759
129.25,-0.977,0.834,-9.884,0.807
129.26,-0.46,0.815,-9.919,0.854
129.27,0.054,0.795,-9.927,0.899
129.28,0.566,0.774,-9.909,0.942
129.29,1.073,0.751,-9.864,0.983
129.3,1.573,0.728,-9.795,1.022
129.31,2.066,0.704,-9.701,1.059
129.32,2.551,0.679,-9.582,1.095
129.33,3.026,0.653,-9.441,1.128
129.34,3.49,0.627,-9.277,1.16
129.35,3.943,0.6,-9.092,1.189
129.36,4.383,0.573,-8.886,1.217
129.37,4.81,0.545,-8.661,1.242
129.38,5.221,0.517,-8.418,1.265
129.39,5.618,0.489,-8.156,1.286
129.4,6,0.46,-7.878,1.304
129.41,6.367,0.43,-7.584,1.32
129.42,6.718,0.4,-7.274,1.334
129.43,7.053,0.369,-6.949,1.346
129.44,7.371,0.338,-6.61,1.356
129.45,7.672,0.306,-6.259,1.364
129.46,7.954,0.274,-5.897,1.369
129.47,8.218,0.241,-5.524,1.372
129.48,8.463,0.208,-5.141,1.372
129.49,8.69,0.175,-4.75,1.37
129.5,8.898,0.142,-4.35,1.366
129.51,9.087,0.108,-3.945,1.359
129.52,9.256,0.075,-3.535,1.35
129.53,9.405,0.041,-3.12,1.338
129.54,9.536,0.007,-2.701,1.323
129.55,9.648,-0.026,-2.28,1.307
129.56,9.74,-0.06,-1.857,1.288
129.57,9.814,-0.094,-1.434,1.267
129.58,9.869,-0.128,-1.013,1.244
129.59,9.906,-0.162,-0.597,1.218
129.6,9.925,-0.196,-0.184,1.19
129.61,9.927,-0.229,0.224,1.159
129.62,9.912,-0.263,0.629,1.127
129.63,9.882,-0.296,1.031,1.092
129.64,9.835,-0.33,1.428,1.056
129.65,9.773,-0.363,1.818,1.017
129.66,9.696,-0.397,2.204,0.977
129.67,9.605,-0.43,2.583,0.935
129.68,9.499,-0.463,2.957,0.892
129.69,9.379,-0.495,3.324,0.847
129.7,9.246,-0.528,3.684,0.802
129.71,9.1,-0.56,4.037,0.755
129.72,8.941,-0.592,4.382,0.707
129.73,8.769,-0.623,4.718,0.658
129.74,8.586,-0.653,5.046,0.607
129.75,8.392,-0.682,5.364,0.557
129.76,8.187,-0.712,5.674,0.505
129.77,7.972,-0.74,5.973,0.453
129.78,7.745,-0.767,6.265,0.401
129.79,7.508,-0.793,6.547,0.348
129.8,7.26,-0.818,6.821,0.295
129.81,7.001,-0.841,7.086,0.242
129.82,6.731,-0.863,7.342,0.189
129.83,6.451,-0.883,7.588,0.136
129.84,6.16,-0.901,7.825,0.083
129.85,5.858,-0.917,8.051,0.031
129.86,5.546,-0.932,8.268,-0.02
129.87,5.225,-0.944,8.473,-0.071
129.88,4.894,-0.954,8.667,-0.122
129.89,4.554,-0.961,8.849,-0.171
129.9,4.205,-0.966,9.018,-0.22
129.91,3.848,-0.968,9.174,-0.267
129.92,3.481,-0.965,9.319,-0.314
129.93,3.107,-0.96,9.449,-0.359
129.94,2.725,-0.951,9.565,-0.402
129.95,2.337,-0.939,9.667,-0.444
129.96,1.943,-0.924,9.753,-0.485
129.97,1.542,-0.905,9.824,-0.524
129.98,1.137,-0.883,9.879,-0.562
129.99,0.725,-0.857,9.918,-0.598
130,0.309,-0.828,9.94,-0.631
130.01,-0.111,-0.795,9.945,-0.663
130.02,-0.534,-0.759,9.932,-0.692
130.03,-0.959,-0.72,9.901,-0.719
130.04,-1.385,-0.678,9.852,-0.743
130.05,-1.812,-0.633,9.784,-0.765
130.06,-2.237,-0.585,9.697,-0.784
130.07,-2.661,-0.535,9.59,-0.801
130.08,-3.082,-0.481,9.465,-0.815
130.09,-3.501,-0.425,9.32,-0.827
130.1,-3.915,-0.367,9.156,-0.835
130.11,-4.324,-0.306,8.971,-0.841
130.12,-4.727,-0.243,8.768,-0.843
130.13,-5.123,-0.178,8.544,-0.842
130.14,-5.51,-0.111,8.301,-0.838
130.15,-5.888,-0.043,8.039,-0.83
130.16,-6.255,0.025,7.758,-0.82
130.17,-6.611,0.096,7.458,-0.807
130.18,-6.954,0.166,7.14,-0.79
130.19,-7.283,0.238,6.804,-0.77
130.2,-7.597,0.309,6.452,-0.746
130.21,-7.894,0.38,6.083,-0.719
130.22,-8.175,0.45,5.699,-0.689
130.23,-8.437,0.52,5.3,-0.656
130.24,-8.681,0.589,4.888,-0.619
130.25,-8.906,0.657,4.461,-0.578
130.26,-9.111,0.723,4.022,-0.533
130.27,-9.294,0.787,3.571,-0.486
130.28,-9.455,0.849,3.11,-0.437
130.29,-9.594,0.909,2.639,-0.385
130.3,-9.71,0.967,2.159,-0.331
130.31,-9.802,1.023,1.67,-0.275
130.32,-9.869,1.076,1.175,-0.216
130.33,-9.912,1.126,0.674,-0.156
130.34,-9.928,1.175,0.167,-0.094
130.35,-9.919,1.221,-0.343,-0.03
130.36,-9.882,1.262,-0.856,0.034
130.37,-9.819,1.299,-1.37,0.1
130.38,-9.728,1.333,-1.885,0.168
130.39,-9.608,1.364,-2.398,0.236
130.4,-9.461,1.39,-2.908,0.304
130.41,-9.285,1.413,-3.411,0.372
130.42,-9.082,1.431,-3.906,0.439
130.43,-8.853,1.445,-4.39,0.505
130.44,-8.598,1.455,-4.86,0.57
130.45,-8.319,1.462,-5.314,0.634
130.46,-8.017,1.465,-5.752,0.695
130.47,-7.693,1.464,-6.171,0.755
130.48,-7.35,1.46,-6.571,0.813
130.49,-6.988,1.453,-6.949,0.868
130.5,-6.61,1.443,-7.305,0.921
130.51,-6.217,1.431,-7.638,0.97
130.52,-5.812,1.416,-7.948,1.017
130.53,-5.396,1.4,-8.233,1.06
130.54,-4.972,1.381,-8.494,1.1
130.55,-4.541,1.362,-8.73,1.137
130.56,-4.104,1.341,-8.942,1.171
130.57,-3.665,1.319,-9.131,1.202
130.58,-3.231,1.299,-9.293,1.228
130.59,-2.797,1.278,-9.432,1.252
130.6,-2.365,1.257,-9.55,1.272
130.61,-1.936,1.236,-9.646,1.288
130.62,-1.51,1.214,-9.723,1.302
130.63,-1.088,1.193,-9.78,1.313
130.64,-0.672,1.171,-9.819,1.32
130.65,-0.26,1.149,-9.841,1.325
130.66,0.143,1.127,-9.846,1.327
130.67,0.539,1.106,-9.834,1.327
130.68,0.928,1.085,-9.808,1.323
130.69,1.309,1.064,-9.768,1.318
130.7,1.681,1.043,-9.714,1.309
130.71,2.046,1.021,-9.647,1.299
130.72,2.403,1,-9.568,1.286
130.73,2.754,0.979,-9.478,1.273
130.74,3.097,0.957,-9.375,1.257
130.75,3.433,0.934,-9.262,1.24
130.76,3.761,0.911,-9.139,1.222
130.77,4.083,0.888,-9.005,1.202
130.78,4.397,0.863,-8.861,1.181
130.79,4.704,0.837,-8.707,1.159
130.8,5.004,0.81,-8.544,1.136
130.81,5.297,0.782,-8.371,1.112
130.82,5.584,0.753,-8.188,1.088
130.83,5.865,0.722,-7.996,1.063
130.84,6.138,0.69,-7.795,1.037
130.85,6.405,0.656,-7.583,1.011
130.86,6.665,0.621,-7.363,0.985
130.87,6.917,0.585,-7.134,0.958
130.88,7.161,0.547,-6.894,0.931
130.89,7.399,0.507,-6.645,0.904
130.9,7.632,0.465,-6.383,0.879
130.91,7.857,0.421,-6.111,0.853
130.92,8.074,0.376,-5.828,0.828
130.93,8.283,0.329,-5.534,0.804
130.94,8.482,0.281,-5.23,0.779
130.95,8.672,0.232,-4.916,0.755
130.96,8.85,0.181,-4.593,0.731
130.97,9.018,0.129,-4.26,0.707
130.98,9.174,0.076,-3.919,0.683
130.99,9.317,0.023,-3.571,0.658
131,9.447,-0.03,-3.215,0.634
131.01,9.564,-0.085,-2.853,0.609
131.02,9.668,-0.14,-2.483,0.584
131.03,9.757,-0.194,-2.105,0.559
131.04,9.833,-0.249,-1.72,0.534
131.05,9.893,-0.303,-1.327,0.509
131.06,9.938,-0.355,-0.926,0.484
131.07,9.967,-0.407,-0.521,0.458
131.08,9.979,-0.458,-0.109,0.432
131.09,9.974,-0.508,0.305,0.405
131.1,9.951,-0.556,0.722,0.378
131.11,9.91,-0.603,1.141,0.349
131.12,9.85,-0.647,1.561,0.32
131.13,9.773,-0.689,1.981,0.291
131.14,9.676,-0.729,2.4,0.261
131.15,9.561,-0.767,2.816,0.23
131.16,9.427,-0.802,3.23,0.198
131.17,9.275,-0.836,3.639,0.166
131.18,9.103,-0.865,4.043,0.133
131.19,8.914,-0.89,4.442,0.099
131.2,8.706,-0.914,4.833,0.065
131.21,8.479,-0.933,5.217,0.03
131.22,8.235,-0.949,5.592,-0.003
131.23,7.97,-0.96,5.962,-0.038
131.24,7.688,-0.966,6.32,-0.073
131.25,7.388,-0.969,6.667,-0.109
131.26,7.07,-0.968,7.003,-0.145
131.27,6.736,-0.963,7.324,-0.181
131.28,6.386,-0.954,7.632,-0.216
131.29,6.02,-0.941,7.924,-0.252
131.3,5.638,-0.923,8.201,-0.288
131.31,5.242,-0.901,8.461,-0.323
131.32,4.831,-0.875,8.704,-0.358
131.33,4.405,-0.845,8.928,-0.393
131.34,3.965,-0.81,9.134,-0.427
131.35,3.512,-0.771,9.319,-0.46
131.36,3.047,-0.727,9.483,-0.492
131.37,2.572,-0.679,9.625,-0.523
131.38,2.088,-0.627,9.743,-0.552
131.39,1.595,-0.571,9.838,-0.58
131.4,1.096,-0.512,9.907,-0.605
131.41,0.591,-0.448,9.952,-0.629
131.42,0.081,-0.382,9.971,-0.65
131.43,-0.431,-0.311,9.963,-0.669
131.44,-0.947,-0.238,9.928,-0.685
131.45,-1.464,-0.162,9.866,-0.698
131.46,-1.98,-0.083,9.775,-0.709
131.47,-2.495,-0.001,9.656,-0.717
131.48,-3.007,0.083,9.509,-0.721
131.49,-3.514,0.169,9.332,-0.723
131.5,-4.014,0.257,9.126,-0.72
131.51,-4.505,0.346,8.892,-0.714
131.52,-4.985,0.437,8.628,-0.704
131.53,-5.453,0.529,8.336,-0.69
131.54,-5.908,0.621,8.015,-0.672
131.55,-6.347,0.713,7.666,-0.649
131.56,-6.772,0.806,7.286,-0.62
131.57,-7.178,0.899,6.878,-0.586
131.58,-7.562,0.99,6.444,-0.548
131.59,-7.922,1.079,5.984,-0.506
131.6,-8.255,1.166,5.501,-0.459
131.61,-8.562,1.25,4.995,-0.409
131.62,-8.839,1.332,4.468,-0.356
131.63,-9.084,1.41,3.923,-0.298
131.64,-9.296,1.484,3.363,-0.238
131.65,-9.474,1.554,2.79,-0.174
131.66,-9.617,1.62,2.207,-0.107
131.67,-9.724,1.681,1.616,-0.039
131.68,-9.794,1.737,1.02,0.032
131.69,-9.829,1.788,0.423,0.105
131.7,-9.827,1.834,-0.174,0.179
131.71,-9.789,1.875,-0.768,0.254
131.72,-9.715,1.911,-1.357,0.33
131.73,-9.608,1.941,-1.936,0.405
131.74,-9.466,1.967,-2.506,0.48
131.75,-9.292,1.987,-3.064,0.554
131.76,-9.087,2.002,-3.608,0.626
131.77,-8.851,2.012,-4.137,0.696
131.78,-8.586,2.018,-4.649,0.765
131.79,-8.293,2.019,-5.143,0.832
131.8,-7.974,2.016,-5.616,0.897
131.81,-7.632,2.009,-6.065,0.959
131.82,-7.27,1.997,-6.489,1.018
131.83,-6.891,1.983,-6.886,1.074
131.84,-6.497,1.966,-7.255,1.126
131.85,-6.093,1.947,-7.596,1.173
131.86,-5.681,1.924,-7.907,1.215
131.87,-5.265,1.9,-8.19,1.254
131.88,-4.848,1.875,-8.445,1.288
131.89,-4.442,1.851,-8.666,1.316
131.9,-4.04,1.827,-8.862,1.339
131.91,-3.641,1.802,-9.035,1.358
131.92,-3.247,1.776,-9.187,1.373
131.93,-2.86,1.751,-9.318,1.385
131.94,-2.48,1.724,-9.43,1.392
131.95,-2.108,1.698,-9.524,1.396
131.96,-1.744,1.671,-9.602,1.396
131.97,-1.389,1.644,-9.665,1.392
131.98,-1.043,1.617,-9.714,1.385
131.99,-0.706,1.589,-9.75,1.376
132,-0.377,1.561,-9.775,1.363
132.01,-0.056,1.532,-9.789,1.348
132.02,0.258,1.503,-9.792,1.332
132.03,0.567,1.472,-9.786,1.313
132.04,0.868,1.44,-9.772,1.293
132.05,1.164,1.408,-9.748,1.272
132.06,1.452,1.375,-9.717,1.249
132.07,1.735,1.341,-9.679,1.226
132.08,2.012,1.305,-9.633,1.201
132.09,2.284,1.269,-9.58,1.176
132.1,2.55,1.232,-9.52,1.151
132.11,2.813,1.193,-9.454,1.125
132.12,3.073,1.154,-9.381,1.1
132.13,3.331,1.113,-9.3,1.075
132.14,3.587,1.071,-9.213,1.051
132.15,3.84,1.028,-9.117,1.027
132.16,4.092,0.983,-9.015,1.004
132.17,4.342,0.937,-8.904,0.982
132.18,4.59,0.89,-8.787,0.961
132.19,4.836,0.843,-8.66,0.941
132.2,5.082,0.794,-8.525,0.923
132.21,5.327,0.745,-8.381,0.905
132.22,5.575,0.695,-8.224,0.891
132.23,5.821,0.644,-8.057,0.878
132.24,6.067,0.593,-7.878,0.866
132.25,6.312,0.541,-7.689,0.856
132.26,6.554,0.489,-7.488,0.847
132.27,6.794,0.437,-7.276,0.839
132.28,7.03,0.384,-7.052,0.833
132.29,7.262,0.331,-6.816,0.827
132.3,7.489,0.278,-6.569,0.822
132.31,7.711,0.225,-6.31,0.818
132.32,7.927,0.173,-6.038,0.815
132.33,8.136,0.12,-5.755,0.813
132.34,8.338,0.068,-5.459,0.811
132.35,8.533,0.015,-5.15,0.811
132.36,8.719,-0.036,-4.828,0.81
132.37,8.895,-0.087,-4.494,0.81
132.38,9.061,-0.138,-4.148,0.811
132.39,9.216,-0.188,-3.79,0.812
132.4,9.358,-0.238,-3.42,0.813
132.41,9.487,-0.287,-3.04,0.814
132.42,9.602,-0.335,-2.649,0.815
132.43,9.701,-0.383,-2.248,0.816
132.44,9.786,-0.431,-1.838,0.817
132.45,9.853,-0.477,-1.419,0.817
132.46,9.903,-0.522,-0.993,0.817
132.47,9.934,-0.566,-0.56,0.816
132.48,9.947,-0.609,-0.122,0.815
132.49,9.94,-0.651,0.32,0.814
132.5,9.913,-0.692,0.768,0.812
132.51,9.865,-0.731,1.22,0.809
132.52,9.795,-0.769,1.674,0.805
132.53,9.703,-0.807,2.131,0.799
132.54,9.589,-0.842,2.589,0.792
132.55,9.449,-0.878,3.053,0.785
132.56,9.284,-0.911,3.517,0.776
132.57,9.093,-0.943,3.979,0.764
132.58,8.875,-0.974,4.439,0.75
132.59,8.63,-1.004,4.896,0.732
132.6,8.357,-1.032,5.346,0.713
132.61,8.056,-1.058,5.787,0.689
132.62,7.728,-1.081,6.217,0.662
132.63,7.373,-1.102,6.634,0.633
132.64,6.992,-1.12,7.034,0.601
132.65,6.584,-1.136,7.418,0.566
132.66,6.151,-1.149,7.782,0.528
132.67,5.692,-1.158,8.124,0.487
132.68,5.209,-1.163,8.444,0.445
132.69,4.703,-1.164,8.738,0.4
132.7,4.177,-1.16,9.004,0.353
132.71,3.633,-1.152,9.24,0.304
132.72,3.073,-1.139,9.444,0.253
132.73,2.5,-1.121,9.615,0.201
132.74,1.917,-1.097,9.751,0.148
132.75,1.325,-1.068,9.853,0.094
132.76,0.726,-1.033,9.919,0.04
132.77,0.124,-0.993,9.949,-0.013
132.78,-0.479,-0.948,9.943,-0.067
132.79,-1.082,-0.898,9.899,-0.12
132.8,-1.682,-0.842,9.819,-0.172
132.81,-2.276,-0.782,9.703,-0.223
132.82,-2.86,-0.717,9.551,-0.271
132.83,-3.432,-0.647,9.364,-0.317
132.84,-3.991,-0.574,9.143,-0.361
132.85,-4.534,-0.495,8.89,-0.401
132.86,-5.058,-0.413,8.605,-0.437
132.87,-5.561,-0.328,8.291,-0.469
132.88,-6.039,-0.239,7.951,-0.495
132.89,-6.493,-0.148,7.585,-0.516
132.9,-6.922,-0.055,7.196,-0.531
132.91,-7.324,0.039,6.786,-0.542
132.92,-7.699,0.135,6.356,-0.548
132.93,-8.046,0.231,5.907,-0.549
132.94,-8.365,0.327,5.442,-0.546
132.95,-8.654,0.422,4.962,-0.537
132.96,-8.914,0.518,4.47,-0.524
132.97,-9.144,0.612,3.968,-0.507
132.98,-9.343,0.705,3.459,-0.485
132.99,-9.512,0.796,2.943,-0.46
133,-9.651,0.885,2.425,-0.43
133.01,-9.76,0.971,1.906,-0.398
133.02,-9.839,1.055,1.389,-0.362
133.03,-9.891,1.136,0.875,-0.324
133.04,-9.915,1.213,0.366,-0.283
133.05,-9.912,1.288,-0.135,-0.24
133.06,-9.885,1.359,-0.626,-0.197
133.07,-9.834,1.427,-1.106,-0.152
133.08,-9.761,1.492,-1.572,-0.107
133.09,-9.668,1.553,-2.023,-0.062
133.1,-9.557,1.61,-2.46,-0.018
133.11,-9.43,1.665,-2.88,0.025
133.12,-9.287,1.717,-3.285,0.067
133.13,-9.131,1.766,-3.672,0.108
133.14,-8.963,1.812,-4.042,0.147
133.15,-8.786,1.855,-4.395,0.183
133.16,-8.6,1.895,-4.731,0.217
133.17,-8.407,1.932,-5.05,0.248
133.18,-8.209,1.967,-5.352,0.277
133.19,-8.007,2.001,-5.637,0.302
133.2,-7.811,2.032,-5.894,0.32
133.21,-7.617,2.061,-6.133,0.334
133.22,-7.422,2.089,-6.358,0.344
133.23,-7.227,2.114,-6.57,0.351
133.24,-7.033,2.137,-6.77,0.354
133.25,-6.838,2.159,-6.959,0.355
133.26,-6.643,2.177,-7.14,0.353
133.27,-6.449,2.194,-7.312,0.349
133.28,-6.253,2.208,-7.476,0.343
133.29,-6.058,2.219,-7.632,0.334
133.3,-5.863,2.227,-7.781,0.323
133.31,-5.668,2.233,-7.923,0.311
133.32,-5.472,2.236,-8.06,0.297
133.33,-5.273,2.235,-8.192,0.282
133.34,-5.072,2.233,-8.319,0.266
133.35,-4.868,2.228,-8.442,0.249
133.36,-4.662,2.219,-8.56,0.233
133.37,-4.453,2.209,-8.673,0.216
133.38,-4.241,2.195,-8.783,0.199
133.39,-4.025,2.178,-8.889,0.182
133.4,-3.804,2.158,-8.99,0.166
133.41,-3.576,2.136,-9.089,0.151
133.42,-3.341,2.111,-9.184,0.138
133.43,-3.097,2.083,-9.276,0.127
133.44,-2.843,2.052,-9.364,0.118
133.45,-2.578,2.019,-9.447,0.112
133.46,-2.303,1.983,-9.526,0.108
133.47,-2.018,1.944,-9.598,0.107
133.48,-1.723,1.903,-9.664,0.108
133.49,-1.419,1.858,-9.721,0.111
133.5,-1.106,1.811,-9.771,0.116
133.51,-0.782,1.762,-9.811,0.124
133.52,-0.447,1.71,-9.841,0.134
133.53,-0.091,1.655,-9.86,0.148
133.54,0.274,1.598,-9.866,0.164
133.55,0.649,1.538,-9.857,0.181
133.56,1.03,1.475,-9.834,0.2
133.57,1.417,1.41,-9.795,0.22
133.58,1.809,1.343,-9.739,0.241
133.59,2.205,1.273,-9.666,0.263
133.6,2.605,1.201,-9.575,0.285
133.61,3.007,1.127,-9.465,0.307
133.62,3.409,1.052,-9.335,0.328
133.63,3.811,0.975,-9.186,0.35
133.64,4.211,0.897,-9.017,0.37
133.65,4.608,0.817,-8.828,0.39
133.66,5,0.736,-8.618,0.409
133.67,5.386,0.653,-8.389,0.426
133.68,5.765,0.57,-8.138,0.442
133.69,6.136,0.487,-7.867,0.457
133.7,6.496,0.403,-7.576,0.47
133.71,6.846,0.319,-7.265,0.48
133.72,7.182,0.235,-6.936,0.489
133.73,7.504,0.152,-6.588,0.496
133.74,7.811,0.07,-6.223,0.5
133.75,8.1,-0.011,-5.841,0.503
133.76,8.372,-0.091,-5.444,0.503
133.77,8.624,-0.17,-5.032,0.502
133.78,8.857,-0.247,-4.607,0.498
133.79,9.07,-0.323,-4.169,0.492
133.8,9.26,-0.396,-3.72,0.484
133.81,9.429,-0.468,-3.261,0.475
133.82,9.576,-0.537,-2.791,0.463
133.83,9.699,-0.604,-2.311,0.449
133.84,9.799,-0.668,-1.824,0.433
133.85,9.875,-0.73,-1.329,0.415
133.86,9.926,-0.787,-0.826,0.394
133.87,9.952,-0.842,-0.319,0.372
133.88,9.952,-0.893,0.19,0.348
133.89,9.925,-0.941,0.701,0.323
133.9,9.872,-0.985,1.21,0.297
133.91,9.793,-1.025,1.718,0.27
133.92,9.688,-1.061,2.223,0.242
133.93,9.556,-1.094,2.724,0.213
133.94,9.398,-1.123,3.22,0.182
133.95,9.213,-1.148,3.71,0.152
133.96,9.001,-1.17,4.193,0.12
133.97,8.764,-1.187,4.665,0.087
133.98,8.501,-1.201,5.126,0.053
133.99,8.213,-1.21,5.573,0.018
134,7.902,-1.215,6.006,-0.015
134.01,7.568,-1.217,6.421,-0.051
134.02,7.211,-1.215,6.819,-0.086
134.03,6.834,-1.209,7.198,-0.121
134.04,6.437,-1.199,7.556,-0.155
134.05,6.021,-1.185,7.892,-0.19
134.06,5.588,-1.167,8.207,-0.224
134.07,5.137,-1.146,8.498,-0.258
134.08,4.669,-1.121,8.766,-0.291
134.09,4.186,-1.092,9.009,-0.324
134.1,3.689,-1.06,9.226,-0.355
134.11,3.181,-1.023,9.417,-0.385
134.12,2.662,-0.984,9.579,-0.414
134.13,2.136,-0.942,9.713,-0.442
134.14,1.604,-0.896,9.818,-0.468
134.15,1.068,-0.848,9.894,-0.492
134.16,0.529,-0.797,9.94,-0.514
134.17,-0.011,-0.743,9.957,-0.534
134.18,-0.552,-0.687,9.945,-0.553
134.19,-1.093,-0.628,9.903,-0.57
134.2,-1.632,-0.567,9.832,-0.585
134.21,-2.167,-0.503,9.73,-0.598
134.22,-2.695,-0.437,9.6,-0.609
134.23,-3.214,-0.368,9.441,-0.619
134.24,-3.724,-0.298,9.254,-0.626
134.25,-4.221,-0.226,9.04,-0.63
134.26,-4.702,-0.153,8.801,-0.632
134.27,-5.166,-0.08,8.538,-0.632
134.28,-5.613,-0.005,8.252,-0.629
134.29,-6.04,0.07,7.944,-0.623
134.3,-6.448,0.145,7.616,-0.614
134.31,-6.836,0.22,7.269,-0.604
134.32,-7.203,0.296,6.903,-0.591
134.33,-7.551,0.37,6.52,-0.576
134.34,-7.876,0.445,6.119,-0.559
134.35,-8.178,0.519,5.704,-0.54
134.36,-8.457,0.591,5.277,-0.519
134.37,-8.712,0.662,4.838,-0.497
134.38,-8.942,0.732,4.39,-0.473
134.39,-9.146,0.801,3.935,-0.447
134.4,-9.326,0.869,3.476,-0.421
134.41,-9.48,0.934,3.013,-0.394
134.42,-9.61,0.999,2.55,-0.366
134.43,-9.716,1.062,2.086,-0.337
134.44,-9.797,1.123,1.626,-0.308
134.45,-9.856,1.182,1.17,-0.278
134.46,-9.893,1.24,0.719,-0.248
134.47,-9.909,1.296,0.272,-0.218
134.48,-9.905,1.35,-0.167,-0.188
134.49,-9.881,1.402,-0.601,-0.158
134.5,-9.839,1.451,-1.029,-0.128
134.51,-9.779,1.498,-1.45,-0.098
134.52,-9.703,1.543,-1.86,-0.069
134.53,-9.61,1.586,-2.262,-0.04
134.54,-9.502,1.626,-2.655,-0.014
134.55,-9.38,1.664,-3.038,0.012
134.56,-9.244,1.699,-3.412,0.037
134.57,-9.095,1.732,-3.776,0.062
134.58,-8.934,1.762,-4.13,0.086
134.59,-8.761,1.79,-4.474,0.109
134.6,-8.576,1.816,-4.808,0.131
134.61,-8.382,1.84,-5.131,0.153
134.62,-8.178,1.861,-5.442,0.173
134.63,-7.966,1.88,-5.741,0.191
134.64,-7.746,1.895,-6.029,0.208
134.65,-7.519,1.909,-6.305,0.223
134.66,-7.286,1.92,-6.57,0.237
134.67,-7.046,1.928,-6.824,0.248
134.68,-6.801,1.934,-7.066,0.259
134.69,-6.552,1.937,-7.296,0.267
134.7,-6.299,1.938,-7.515,0.274
134.71,-6.042,1.937,-7.723,0.278
134.72,-5.782,1.933,-7.92,0.281
134.73,-5.52,1.927,-8.107,0.282
134.74,-5.254,1.918,-8.284,0.283
134.75,-4.985,1.907,-8.451,0.282
134.76,-4.711,1.894,-8.61,0.28
134.77,-4.433,1.879,-8.759,0.277
134.78,-4.152,1.861,-8.9,0.274
134.79,-3.867,1.841,-9.032,0.27
134.8,-3.577,1.819,-9.155,0.266
134.81,-3.283,1.794,-9.269,0.263
134.82,-2.983,1.767,-9.375,0.26
134.83,-2.677,1.738,-9.473,0.258
134.84,-2.364,1.706,-9.561,0.256
134.85,-2.04,1.67,-9.642,0.257
134.86,-1.709,1.634,-9.712,0.259
134.87,-1.373,1.593,-9.772,0.262
134.88,-1.032,1.552,-9.821,0.265
134.89,-0.685,1.508,-9.858,0.269
134.9,-0.332,1.462,-9.883,0.274
134.91,0.027,1.414,-9.895,0.281
134.92,0.393,1.365,-9.894,0.288
134.93,0.766,1.314,-9.879,0.297
134.94,1.144,1.261,-9.849,0.306
134.95,1.525,1.206,-9.803,0.317
134.96,1.91,1.149,-9.742,0.328
134.97,2.297,1.091,-9.665,0.341
134.98,2.684,1.03,-9.571,0.354
134.99,3.071,0.967,-9.46,0.367
135,3.457,0.903,-9.331,0.38
135.01,3.839,0.837,-9.186,0.394
135.02,4.219,0.77,-9.024,0.407
135.03,4.593,0.701,-8.844,0.42
135.04,4.961,0.631,-8.648,0.433
135.05,5.323,0.56,-8.434,0.445
135.06,5.678,0.488,-8.204,0.457
135.07,6.025,0.415,-7.956,0.467
135.08,6.362,0.341,-7.692,0.477
135.09,6.689,0.267,-7.412,0.485
135.1,7.004,0.192,-7.117,0.493
135.11,7.307,0.117,-6.806,0.499
135.12,7.596,0.041,-6.483,0.505
135.13,7.87,-0.033,-6.147,0.509
135.14,8.129,-0.109,-5.799,0.511
135.15,8.372,-0.185,-5.441,0.513
135.16,8.598,-0.262,-5.072,0.512
135.17,8.807,-0.338,-4.695,0.511
135.18,8.999,-0.413,-4.31,0.507
135.19,9.173,-0.488,-3.917,0.501
135.2,9.33,-0.563,-3.518,0.494
135.21,9.469,-0.636,-3.113,0.485
135.22,9.589,-0.709,-2.703,0.475
135.23,9.692,-0.781,-2.287,0.463
135.24,9.776,-0.85,-1.868,0.449
135.25,9.842,-0.918,-1.445,0.435
135.26,9.89,-0.985,-1.019,0.418
135.27,9.918,-1.05,-0.591,0.4
135.28,9.929,-1.113,-0.162,0.381
135.29,9.92,-1.173,0.267,0.36
135.3,9.893,-1.231,0.697,0.338
135.31,9.847,-1.287,1.126,0.314
135.32,9.783,-1.34,1.553,0.289
135.33,9.699,-1.39,1.978,0.263
135.34,9.597,-1.437,2.4,0.235
135.35,9.477,-1.481,2.818,0.205
135.36,9.338,-1.522,3.232,0.174
135.37,9.18,-1.559,3.642,0.142
135.38,9.003,-1.593,4.047,0.108
135.39,8.808,-1.623,4.445,0.073
135.4,8.595,-1.649,4.836,0.037
135.41,8.365,-1.672,5.217,0.001
135.42,8.118,-1.69,5.587,-0.035
135.43,7.856,-1.704,5.946,-0.072
135.44,7.579,-1.714,6.292,-0.109
135.45,7.288,-1.721,6.624,-0.145
135.46,6.985,-1.723,6.942,-0.182
135.47,6.669,-1.722,7.245,-0.218
135.48,6.342,-1.717,7.533,-0.253
135.49,6.005,-1.708,7.806,-0.288
135.5,5.659,-1.695,8.061,-0.322
135.51,5.304,-1.678,8.301,-0.356
135.52,4.94,-1.656,8.526,-0.389
135.53,4.567,-1.631,8.734,-0.421
135.54,4.187,-1.603,8.926,-0.452
135.55,3.801,-1.57,9.102,-0.483
135.56,3.41,-1.534,9.26,-0.512
135.57,3.014,-1.494,9.401,-0.54
135.58,2.617,-1.451,9.524,-0.566
135.59,2.218,-1.405,9.63,-0.591
135.6,1.817,-1.356,9.72,-0.614
135.61,1.415,-1.304,9.792,-0.636
135.62,1.014,-1.249,9.847,-0.655
135.63,0.612,-1.192,9.886,-0.673
135.64,0.21,-1.133,9.909,-0.69
135.65,-0.191,-1.072,9.915,-0.705
135.66,-0.594,-1.009,9.905,-0.718
135.67,-0.996,-0.944,9.878,-0.73
135.68,-1.398,-0.877,9.834,-0.741
135.69,-1.801,-0.81,9.774,-0.751
135.7,-2.204,-0.741,9.695,-0.76
135.71,-2.608,-0.671,9.599,-0.767
135.72,-3.013,-0.601,9.484,-0.773
135.73,-3.417,-0.53,9.35,-0.777
135.74,-3.82,-0.458,9.197,-0.78
135.75,-4.22,-0.387,9.023,-0.781
135.76,-4.617,-0.315,8.83,-0.781
135.77,-5.01,-0.244,8.615,-0.779
135.78,-5.397,-0.174,8.38,-0.775
135.79,-5.778,-0.104,8.124,-0.769
135.8,-6.151,-0.035,7.847,-0.76
135.81,-6.516,0.033,7.547,-0.75
135.82,-6.872,0.1,7.226,-0.739
135.83,-7.221,0.164,6.876,-0.725
135.84,-7.558,0.226,6.504,-0.71
135.85,-7.879,0.286,6.111,-0.693
135.86,-8.183,0.342,5.696,-0.676
135.87,-8.469,0.396,5.26,-0.656
135.88,-8.735,0.447,4.804,-0.636
135.89,-8.98,0.496,4.328,-0.613
135.9,-9.2,0.541,3.834,-0.59
135.91,-9.396,0.582,3.323,-0.566
135.92,-9.565,0.621,2.795,-0.541
135.93,-9.706,0.656,2.255,-0.516
135.94,-9.817,0.687,1.703,-0.489
135.95,-9.897,0.714,1.143,-0.463
135.96,-9.946,0.737,0.576,-0.437
135.97,-9.962,0.757,0.004,-0.411
135.98,-9.946,0.773,-0.569,-0.386
135.99,-9.896,0.785,-1.143,-0.362
136,-9.814,0.793,-1.714,-0.339
136.01,-9.698,0.797,-2.28,-0.318
136.02,-9.55,0.799,-2.839,-0.299
136.03,-9.37,0.797,-3.388,-0.281
136.04,-9.158,0.792,-3.927,-0.266
136.05,-8.915,0.785,-4.452,-0.253
136.06,-8.643,0.775,-4.963,-0.242
136.07,-8.341,0.763,-5.457,-0.232
136.08,-8.01,0.749,-5.933,-0.225
136.09,-7.653,0.733,-6.39,-0.221
136.1,-7.269,0.716,-6.826,-0.218
136.11,-6.86,0.698,-7.238,-0.218
136.12,-6.428,0.68,-7.626,-0.219
136.13,-5.973,0.661,-7.989,-0.223
136.14,-5.496,0.641,-8.326,-0.228
136.15,-4.998,0.622,-8.635,-0.235
136.16,-4.478,0.605,-8.916,-0.245
136.17,-3.94,0.588,-9.168,-0.256
136.18,-3.383,0.571,-9.389,-0.268
136.19,-2.81,0.554,-9.576,-0.28
136.2,-2.224,0.538,-9.73,-0.292
136.21,-1.625,0.523,-9.848,-0.304
136.22,-1.016,0.508,-9.93,-0.316
136.23,-0.399,0.493,-9.974,-0.327
136.24,0.223,0.479,-9.98,-0.337
136.25,0.847,0.465,-9.947,-0.346
136.26,1.471,0.451,-9.874,-0.354
136.27,2.09,0.437,-9.762,-0.361
136.28,2.702,0.423,-9.611,-0.367
136.29,3.302,0.409,-9.422,-0.37
136.3,3.886,0.393,-9.197,-0.373
136.31,4.45,0.377,-8.939,-0.374
136.32,4.99,0.359,-8.649,-0.373
136.33,5.505,0.34,-8.333,-0.371
136.34,5.99,0.319,-7.991,-0.367
136.35,6.447,0.296,-7.629,-0.363
136.36,6.872,0.271,-7.249,-0.358
136.37,7.267,0.243,-6.855,-0.351
136.38,7.631,0.213,-6.45,-0.344
136.39,7.964,0.18,-6.035,-0.336
136.4,8.266,0.146,-5.615,-0.328
136.41,8.538,0.108,-5.194,-0.319
136.42,8.78,0.068,-4.775,-0.309
136.43,8.994,0.026,-4.359,-0.299
136.44,9.182,-0.018,-3.95,-0.289
136.45,9.345,-0.064,-3.547,-0.278
136.46,9.484,-0.112,-3.154,-0.267
136.47,9.603,-0.162,-2.77,-0.256
136.48,9.703,-0.214,-2.396,-0.244
136.49,9.781,-0.27,-2.046,-0.232
136.5,9.845,-0.327,-1.706,-0.22
136.51,9.895,-0.384,-1.376,-0.208
136.52,9.932,-0.442,-1.055,-0.196
136.53,9.957,-0.502,-0.743,-0.183
136.54,9.973,-0.56,-0.441,-0.17
136.55,9.978,-0.62,-0.146,-0.156
136.56,9.974,-0.68,0.14,-0.141
136.57,9.962,-0.74,0.423,-0.126
136.58,9.942,-0.8,0.702,-0.11
136.59,9.914,-0.858,0.978,-0.094
136.6,9.878,-0.915,1.254,-0.078
136.61,9.833,-0.972,1.531,-0.062
136.62,9.78,-1.027,1.809,-0.047
136.63,9.719,-1.081,2.088,-0.033
136.64,9.648,-1.133,2.369,-0.02
136.65,9.568,-1.184,2.652,-0.009
136.66,9.479,-1.232,2.937,0
136.67,9.378,-1.278,3.225,0.008
136.68,9.267,-1.322,3.516,0.014
136.69,9.143,-1.365,3.811,0.018
136.7,9.007,-1.404,4.109,0.019
136.71,8.858,-1.441,4.41,0.018
136.72,8.695,-1.475,4.712,0.015
136.73,8.518,-1.505,5.017,0.009
136.74,8.326,-1.534,5.321,0
136.75,8.119,-1.559,5.625,-0.01
136.76,7.896,-1.581,5.928,-0.023
136.77,7.658,-1.6,6.227,-0.04
136.78,7.404,-1.615,6.524,-0.059
136.79,7.132,-1.627,6.816,-0.082
136.8,6.844,-1.635,7.104,-0.107
136.81,6.537,-1.639,7.385,-0.135
136.82,6.209,-1.638,7.663,-0.167
136.83,5.866,-1.633,7.929,-0.201
136.84,5.509,-1.623,8.182,-0.235
136.85,5.138,-1.609,8.421,-0.271
136.86,4.754,-1.59,8.646,-0.307
136.87,4.358,-1.568,8.855,-0.345
136.88,3.949,-1.542,9.048,-0.383
136.89,3.529,-1.511,9.223,-0.421
136.9,3.1,-1.476,9.38,-0.46
136.91,2.662,-1.438,9.517,-0.499
136.92,2.217,-1.395,9.635,-0.537
136.93,1.767,-1.349,9.732,-0.575
136.94,1.312,-1.299,9.808,-0.611
136.95,0.854,-1.246,9.863,-0.647
136.96,0.394,-1.189,9.897,-0.682
136.97,-0.067,-1.13,9.909,-0.715
136.98,-0.53,-1.068,9.9,-0.747
136.99,-0.992,-1.004,9.869,-0.778
137,-1.454,-0.937,9.815,-0.807
137.01,-1.914,-0.869,9.74,-0.834
137.02,-2.37,-0.799,9.643,-0.859
137.03,-2.822,-0.727,9.525,-0.882
137.04,-3.267,-0.654,9.384,-0.904
137.05,-3.707,-0.581,9.223,-0.923
137.06,-4.139,-0.507,9.039,-0.94
137.07,-4.564,-0.432,8.835,-0.956
137.08,-4.981,-0.356,8.609,-0.969
137.09,-5.39,-0.28,8.36,-0.981
137.1,-5.79,-0.204,8.09,-0.991
137.11,-6.179,-0.127,7.797,-0.998
137.12,-6.557,-0.05,7.482,-1.004
137.13,-6.919,0.026,7.148,-1.008
137.14,-7.266,0.102,6.794,-1.01
137.15,-7.599,0.178,6.417,-1.011
137.16,-7.915,0.254,6.02,-1.01
137.17,-8.213,0.329,5.604,-1.007
137.18,-8.492,0.403,5.168,-1.002
137.19,-8.75,0.476,4.713,-0.995
137.2,-8.986,0.548,4.24,-0.985
137.21,-9.198,0.618,3.749,-0.973
137.22,-9.385,0.687,3.243,-0.96
137.23,-9.546,0.754,2.721,-0.944
137.24,-9.679,0.818,2.185,-0.926
137.25,-9.783,0.881,1.637,-0.906
137.26,-9.857,0.942,1.08,-0.885
137.27,-9.898,1,0.515,-0.862
137.28,-9.908,1.055,-0.053,-0.837
137.29,-9.885,1.108,-0.626,-0.811
137.3,-9.828,1.158,-1.199,-0.783
137.31,-9.738,1.205,-1.769,-0.755
137.32,-9.615,1.25,-2.334,-0.726
137.33,-9.459,1.292,-2.89,-0.697
137.34,-9.272,1.33,-3.435,-0.667
137.35,-9.054,1.366,-3.967,-0.636
137.36,-8.806,1.399,-4.486,-0.606
137.37,-8.528,1.431,-4.988,-0.575
137.38,-8.223,1.459,-5.472,-0.545
137.39,-7.89,1.484,-5.939,-0.515
137.4,-7.532,1.506,-6.384,-0.485
137.41,-7.15,1.526,-6.806,-0.455
137.42,-6.746,1.543,-7.205,-0.425
137.43,-6.323,1.556,-7.578,-0.397
137.44,-5.881,1.567,-7.925,-0.369
137.45,-5.423,1.575,-8.245,-0.342
137.46,-4.951,1.581,-8.536,-0.316
137.47,-4.473,1.587,-8.796,-0.293
137.48,-3.986,1.591,-9.027,-0.272
137.49,-3.494,1.593,-9.229,-0.252
137.5,-2.999,1.593,-9.402,-0.233
137.51,-2.503,1.59,-9.547,-0.217
137.52,-2.009,1.587,-9.664,-0.202
137.53,-1.518,1.581,-9.754,-0.189
137.54,-1.034,1.574,-9.819,-0.179
137.55,-0.556,1.565,-9.859,-0.17
137.56,-0.089,1.555,-9.876,-0.164
137.57,0.368,1.543,-9.872,-0.16
137.58,0.812,1.529,-9.847,-0.159
137.59,1.243,1.514,-9.804,-0.159
137.6,1.66,1.497,-9.745,-0.162
137.61,2.061,1.478,-9.671,-0.168
137.62,2.446,1.458,-9.584,-0.176
137.63,2.814,1.435,-9.485,-0.187
137.64,3.164,1.412,-9.378,-0.2
137.65,3.495,1.386,-9.263,-0.215
137.66,3.809,1.358,-9.142,-0.232
137.67,4.106,1.328,-9.016,-0.251
137.68,4.387,1.297,-8.887,-0.271
137.69,4.65,1.263,-8.757,-0.293
137.7,4.894,1.226,-8.628,-0.316
137.71,5.121,1.186,-8.5,-0.34
137.72,5.331,1.144,-8.374,-0.366
137.73,5.528,1.099,-8.25,-0.392
137.74,5.709,1.051,-8.131,-0.42
137.75,5.875,1.001,-8.017,-0.447
137.76,6.028,0.947,-7.907,-0.475
137.77,6.169,0.891,-7.802,-0.502
137.78,6.301,0.831,-7.701,-0.529
137.79,6.424,0.77,-7.604,-0.555
137.8,6.532,0.703,-7.515,-0.578
137.81,6.635,0.633,-7.43,-0.599
137.82,6.732,0.562,-7.346,-0.619
137.83,6.825,0.489,-7.264,-0.636
137.84,6.912,0.413,-7.184,-0.651
137.85,6.997,0.335,-7.105,-0.662
137.86,7.079,0.255,-7.026,-0.671
137.87,7.16,0.174,-6.945,-0.677
137.88,7.241,0.092,-6.862,-0.679
137.89,7.323,0.008,-6.774,-0.679
137.9,7.408,-0.074,-6.682,-0.676
137.91,7.495,-0.158,-6.583,-0.669
137.92,7.585,-0.243,-6.478,-0.659
137.93,7.678,-0.327,-6.364,-0.647
137.94,7.775,-0.411,-6.242,-0.632
137.95,7.876,-0.495,-6.111,-0.614
137.96,7.98,-0.577,-5.968,-0.595
137.97,8.089,-0.66,-5.812,-0.573
137.98,8.203,-0.741,-5.643,-0.551
137.99,8.321,-0.822,-5.458,-0.527
138,8.444,-0.9,-5.256,-0.503
138.01,8.569,-0.977,-5.037,-0.479
138.02,8.697,-1.053,-4.799,-0.455
138.03,8.825,-1.128,-4.543,-0.432
138.04,8.953,-1.202,-4.269,-0.409
138.05,9.077,-1.274,-3.977,-0.388
138.06,9.198,-1.345,-3.667,-0.369
138.07,9.313,-1.414,-3.337,-0.352
138.08,9.421,-1.482,-2.987,-0.337
138.09,9.521,-1.548,-2.615,-0.325
138.1,9.609,-1.613,-2.224,-0.318
138.11,9.684,-1.676,-1.814,-0.315
138.12,9.744,-1.736,-1.386,-0.316
138.13,9.787,-1.797,-0.928,-0.328
138.14,9.809,-1.855,-0.458,-0.344
138.15,9.809,-1.91,0.021,-0.365
138.16,9.784,-1.962,0.51,-0.389
138.17,9.735,-2.009,1.006,-0.418
138.18,9.659,-2.054,1.507,-0.451
138.19,9.556,-2.095,2.011,-0.487
138.2,9.426,-2.132,2.514,-0.527
138.21,9.268,-2.164,3.012,-0.568
138.22,9.085,-2.192,3.503,-0.612
138.23,8.875,-2.215,3.985,-0.658
138.24,8.64,-2.234,4.455,-0.706
138.25,8.381,-2.248,4.911,-0.753
138.26,8.1,-2.258,5.351,-0.801
138.27,7.799,-2.263,5.773,-0.849
138.28,7.479,-2.264,6.174,-0.896
138.29,7.144,-2.26,6.553,-0.942
138.3,6.796,-2.252,6.91,-0.987
138.31,6.435,-2.241,7.245,-1.03
138.32,6.065,-2.225,7.557,-1.07
138.33,5.687,-2.207,7.845,-1.109
138.34,5.304,-2.184,8.11,-1.145
138.35,4.918,-2.16,8.351,-1.179
138.36,4.531,-2.133,8.57,-1.21
138.37,4.146,-2.104,8.766,-1.238
138.38,3.764,-2.073,8.94,-1.262
138.39,3.387,-2.04,9.094,-1.283
138.4,3.016,-2.006,9.228,-1.302
138.41,2.652,-1.971,9.345,-1.317
138.42,2.295,-1.936,9.445,-1.329
138.43,1.945,-1.899,9.529,-1.339
138.44,1.604,-1.862,9.599,-1.347
138.45,1.271,-1.824,9.655,-1.352
138.46,0.957,-1.787,9.698,-1.355
138.47,0.651,-1.749,9.73,-1.356
138.48,0.354,-1.71,9.752,-1.356
138.49,0.066,-1.671,9.765,-1.355
138.5,-0.213,-1.631,9.77,-1.352
138.51,-0.486,-1.591,9.767,-1.348
138.52,-0.751,-1.55,9.758,-1.344
138.53,-1.012,-1.509,9.741,-1.339
138.54,-1.267,-1.468,9.719,-1.333
138.55,-1.517,-1.426,9.69,-1.327
138.56,-1.763,-1.384,9.655,-1.322
138.57,-2.005,-1.342,9.614,-1.316
138.58,-2.246,-1.3,9.567,-1.311
138.59,-2.486,-1.258,9.514,-1.306
138.6,-2.724,-1.215,9.455,-1.302
138.61,-2.962,-1.173,9.389,-1.298
138.62,-3.199,-1.13,9.316,-1.295
138.63,-3.436,-1.089,9.237,-1.292
138.64,-3.672,-1.047,9.151,-1.289
138.65,-3.907,-1.007,9.058,-1.288
138.66,-4.141,-0.967,8.958,-1.287
138.67,-4.373,-0.928,8.851,-1.285
138.68,-4.605,-0.89,8.737,-1.283
138.69,-4.836,-0.853,8.616,-1.282
138.7,-5.065,-0.817,8.487,-1.282
138.71,-5.291,-0.781,8.351,-1.281
138.72,-5.514,-0.747,8.209,-1.281
138.73,-5.734,-0.714,8.06,-1.28
138.74,-5.95,-0.683,7.904,-1.278
138.75,-6.163,-0.653,7.742,-1.277
138.76,-6.371,-0.625,7.574,-1.276
138.77,-6.577,-0.599,7.399,-1.274
138.78,-6.778,-0.575,7.217,-1.273
138.79,-6.979,-0.554,7.025,-1.274
138.8,-7.175,-0.535,6.826,-1.275
138.81,-7.368,-0.517,6.619,-1.276
138.82,-7.556,-0.501,6.403,-1.278
138.83,-7.74,-0.487,6.18,-1.28
138.84,-7.92,-0.474,5.949,-1.282
138.85,-8.095,-0.463,5.709,-1.284
138.86,-8.264,-0.453,5.462,-1.288
138.87,-8.427,-0.444,5.206,-1.291
138.88,-8.585,-0.436,4.941,-1.295
138.89,-8.736,-0.43,4.668,-1.3
138.9,-8.881,-0.424,4.386,-1.305
138.91,-9.017,-0.419,4.097,-1.31
138.92,-9.146,-0.415,3.8,-1.316
138.93,-9.265,-0.411,3.496,-1.323
138.94,-9.376,-0.408,3.185,-1.329
138.95,-9.477,-0.406,2.868,-1.336
138.96,-9.568,-0.405,2.545,-1.342
138.97,-9.649,-0.405,2.216,-1.348
138.98,-9.719,-0.404,1.881,-1.354
138.99,-9.778,-0.404,1.539,-1.359
139,-9.825,-0.404,1.192,-1.365
139.01,-9.861,-0.404,0.84,-1.371
139.02,-9.884,-0.406,0.483,-1.376
139.03,-9.894,-0.408,0.122,-1.382
139.04,-9.891,-0.41,-0.243,-1.387
139.05,-9.874,-0.414,-0.611,-1.393
139.06,-9.843,-0.418,-0.98,-1.4
139.07,-9.798,-0.423,-1.35,-1.406
139.08,-9.739,-0.427,-1.721,-1.415
139.09,-9.664,-0.433,-2.093,-1.421
139.1,-9.575,-0.437,-2.466,-1.427
139.11,-9.47,-0.441,-2.84,-1.431
139.12,-9.346,-0.445,-3.22,-1.436
139.13,-9.206,-0.449,-3.601,-1.44
139.14,-9.048,-0.452,-3.979,-1.444
139.15,-8.873,-0.456,-4.354,-1.446
139.16,-8.681,-0.459,-4.725,-1.447
139.17,-8.472,-0.461,-5.089,-1.447
139.18,-8.248,-0.464,-5.445,-1.446
139.19,-8.009,-0.468,-5.791,-1.443
139.2,-7.756,-0.471,-6.126,-1.439
139.21,-7.491,-0.476,-6.449,-1.433
139.22,-7.214,-0.482,-6.759,-1.425
139.23,-6.928,-0.488,-7.053,-1.415
139.24,-6.633,-0.496,-7.333,-1.404
139.25,-6.332,-0.506,-7.596,-1.39
139.26,-6.028,-0.519,-7.842,-1.374
139.27,-5.722,-0.533,-8.07,-1.355
139.28,-5.417,-0.548,-8.28,-1.333
139.29,-5.112,-0.566,-8.474,-1.309
139.3,-4.811,-0.586,-8.652,-1.281
139.31,-4.512,-0.608,-8.815,-1.25
139.32,-4.217,-0.631,-8.962,-1.216
139.33,-3.927,-0.656,-9.096,-1.18
139.34,-3.641,-0.683,-9.218,-1.14
139.35,-3.36,-0.71,-9.327,-1.097
139.36,-3.084,-0.739,-9.425,-1.051
139.37,-2.814,-0.768,-9.512,-1.002
139.38,-2.55,-0.797,-9.589,-0.949
139.39,-2.29,-0.827,-9.657,-0.893
139.4,-2.036,-0.856,-9.717,-0.833
139.41,-1.785,-0.886,-9.768,-0.771
139.42,-1.538,-0.914,-9.813,-0.706
139.43,-1.294,-0.944,-9.85,-0.638
139.44,-1.052,-0.971,-9.88,-0.567
139.45,-0.784,-1,-9.906,-0.497
139.46,-0.521,-1.027,-9.924,-0.424
139.47,-0.261,-1.055,-9.934,-0.348
139.48,-0.002,-1.083,-9.937,-0.27
139.49,0.255,-1.109,-9.933,-0.191
139.5,0.511,-1.135,-9.921,-0.111
139.51,0.766,-1.161,-9.902,-0.03
139.52,1.021,-1.187,-9.876,0.052
139.53,1.275,-1.212,-9.843,0.135
139.54,1.528,-1.236,-9.802,0.219
139.55,1.782,-1.26,-9.754,0.304
139.56,2.035,-1.283,-9.698,0.389
139.57,2.29,-1.305,-9.634,0.474
139.58,2.547,-1.326,-9.562,0.557
139.59,2.807,-1.347,-9.481,0.64
139.6,3.068,-1.366,-9.391,0.721
139.61,3.333,-1.386,-9.291,0.801
139.62,3.598,-1.405,-9.181,0.88
139.63,3.865,-1.424,-9.061,0.957
139.64,4.132,-1.443,-8.931,1.032
139.65,4.399,-1.464,-8.79,1.104
139.66,4.667,-1.484,-8.639,1.174
139.67,4.935,-1.506,-8.475,1.241
139.68,5.269,-1.547,-8.255,1.3
139.69,5.739,-1.634,-7.913,1.324
139.7,6.025,-1.883,-7.642,1.316
139.71,6.002,-2.54,-7.503,1.104
139.72,5.93,-2.699,-7.501,1.13
139.73,5.881,-2.952,-7.416,1.297
139.74,5.836,-3.211,-7.32,1.427
139.75,5.729,-3.561,-7.232,1.475
139.76,5.576,-3.891,-7.177,1.499
139.77,5.407,-4.216,-7.11,1.554
139.78,5.257,-4.537,-7.015,1.595
139.79,5.147,-4.853,-6.881,1.606
139.8,5.07,-5.169,-6.715,1.571
139.81,5.022,-5.469,-6.526,1.502
139.82,4.994,-5.756,-6.322,1.394
139.83,4.991,-6.022,-6.102,1.253
139.84,5.014,-6.271,-5.863,1.07
139.85,5.046,-6.494,-5.621,0.865
139.86,5.111,-6.685,-5.37,0.572
139.87,5.371,-6.666,-5.16,0.275
139.88,5.663,-6.586,-4.954,-0.001
139.89,5.995,-6.397,-4.803,-0.248
139.9,6.245,-6.318,-4.565,-0.486
139.91,6.409,-6.249,-4.392,-0.752
139.92,6.634,-6.136,-4.162,-0.999
139.93,6.882,-5.987,-3.913,-1.212
139.94,7.102,-5.828,-3.673,-1.445
139.95,7.305,-5.677,-3.426,-1.63
139.96,7.375,-5.621,-3.261,-1.83
139.97,7.39,-5.638,-3.078,-2.025
139.98,7.484,-5.549,-2.916,-2.164
139.99,7.562,-5.456,-2.78,-2.302
140,7.621,-5.401,-2.617,-2.424
140.01,7.684,-5.328,-2.452,-2.559
140.02,7.754,-5.237,-2.284,-2.687
140.03,7.81,-5.16,-2.112,-2.813
140.04,7.869,-5.066,-1.946,-2.934
140.05,7.923,-4.975,-1.765,-3.057
140.06,7.97,-4.882,-1.58,-3.182
140.07,8.015,-4.785,-1.392,-3.303
140.08,8.058,-4.683,-1.203,-3.416
140.09,8.072,-4.608,-1.012,-3.545
140.1,8.094,-4.52,-0.819,-3.656
140.11,8.112,-4.423,-0.631,-3.772
140.12,8.116,-4.344,-0.43,-3.881
140.13,8.114,-4.253,-0.221,-4.001
140.14,8.103,-4.168,-0.008,-4.118
140.15,8.083,-4.081,0.2,-4.237
140.16,8.065,-3.991,0.416,-4.34
140.17,8.036,-3.899,0.634,-4.449
140.18,8.007,-3.799,0.849,-4.551
140.19,7.972,-3.697,1.05,-4.653
140.2,7.935,-3.599,1.248,-4.743
140.21,7.893,-3.505,1.433,-4.832
140.22,7.843,-3.425,1.605,-4.915
140.23,7.794,-3.351,1.762,-4.99
140.24,7.742,-3.287,1.905,-5.06
140.25,7.694,-3.238,2.023,-5.119
140.26,7.651,-3.218,2.098,-5.166
140.27,7.622,-3.233,2.108,-5.195
140.28,7.612,-3.283,2.059,-5.198
140.29,7.618,-3.355,1.973,-5.177
140.3,7.639,-3.442,1.862,-5.129
140.31,7.672,-3.537,1.732,-5.061
140.32,7.707,-3.628,1.602,-4.986
140.33,7.737,-3.704,1.485,-4.918
140.34,7.758,-3.769,1.385,-4.865
140.35,7.774,-3.826,1.295,-4.82
140.36,7.787,-3.873,1.222,-4.781
140.37,7.795,-3.905,1.169,-4.754
140.38,7.799,-3.929,1.134,-4.737
140.39,7.801,-3.943,1.113,-4.727
140.4,7.8,-3.952,1.102,-4.723
140.41,7.799,-3.956,1.097,-4.722
140.42,7.798,-3.959,1.093,-4.722
140.43,7.799,-3.962,1.086,-4.719
140.44,7.801,-3.965,1.08,-4.717
140.45,7.802,-3.968,1.074,-4.713
140.46,7.804,-3.973,1.065,-4.708
140.47,7.806,-3.982,1.051,-4.7
140.48,7.808,-3.994,1.031,-4.69
140.49,7.811,-4.01,1.006,-4.678
140.5,7.814,-4.028,0.977,-4.663
140.51,7.817,-4.047,0.946,-4.648
140.52,7.82,-4.065,0.916,-4.633
140.53,7.822,-4.081,0.889,-4.62
140.54,7.824,-4.095,0.866,-4.609
140.55,7.826,-4.107,0.848,-4.599
140.56,7.827,-4.118,0.834,-4.591
140.57,7.827,-4.127,0.822,-4.584
140.58,7.828,-4.133,0.812,-4.578
140.59,7.828,-4.137,0.807,-4.575
140.6,7.828,-4.137,0.807,-4.576
140.61,7.828,-4.135,0.812,-4.578
140.62,7.826,-4.131,0.821,-4.582
140.63,7.825,-4.127,0.832,-4.586
140.64,7.823,-4.122,0.843,-4.591
140.65,7.822,-4.116,0.856,-4.596
140.66,7.82,-4.11,0.868,-4.602
140.67,7.819,-4.104,0.88,-4.608
140.68,7.817,-4.098,0.891,-4.613
140.69,7.816,-4.094,0.901,-4.618
140.7,7.815,-4.09,0.908,-4.621
140.71,7.814,-4.087,0.913,-4.624
140.72,7.814,-4.084,0.917,-4.626
140.73,7.813,-4.084,0.919,-4.628
140.74,7.813,-4.084,0.919,-4.628
140.75,7.813,-4.084,0.919,-4.628
140.76,7.813,-4.085,0.918,-4.628
140.77,7.813,-4.086,0.916,-4.627
140.78,7.813,-4.088,0.913,-4.625
140.79,7.813,-4.09,0.91,-4.624
140.8,7.814,-4.092,0.906,-4.622
140.81,7.814,-4.093,0.904,-4.621
140.82,7.814,-4.095,0.902,-4.62
140.83,7.814,-4.095,0.901,-4.62
140.84,7.814,-4.096,0.9,-4.62
140.85,7.814,-4.096,0.901,-4.62
140.86,7.813,-4.095,0.901,-4.621
140.87,7.813,-4.095,0.902,-4.621
140.88,7.813,-4.094,0.904,-4.622
140.89,7.812,-4.094,0.905,-4.623
140.9,7.812,-4.093,0.906,-4.623
140.91,7.812,-4.093,0.907,-4.624
140.92,7.812,-4.093,0.907,-4.624
140.93,7.812,-4.093,0.907,-4.624
140.94,7.812,-4.094,0.907,-4.624
140.95,7.812,-4.094,0.906,-4.624
140.96,7.812,-4.094,0.906,-4.624
140.97,7.811,-4.095,0.906,-4.624
140.98,7.811,-4.095,0.905,-4.623
140.99,7.811,-4.095,0.905,-4.623
141,7.811,-4.095,0.905,-4.624
141.01,7.811,-4.095,0.906,-4.624
141.02,7.811,-4.095,0.906,-4.624
141.03,7.811,-4.095,0.906,-4.624
141.04,7.81,-4.095,0.906,-4.624
141.05,7.81,-4.095,0.906,-4.625
141.06,7.81,-4.096,0.906,-4.625
141.07,7.81,-4.096,0.907,-4.625
141.08,7.81,-4.096,0.907,-4.625
141.09,7.81,-4.096,0.907,-4.625
141.1,7.809,-4.096,0.907,-4.626
141.11,7.809,-4.096,0.907,-4.626
141.12,7.809,-4.096,0.908,-4.626
141.13,7.809,-4.096,0.908,-4.626
141.14,7.809,-4.096,0.908,-4.626
141.15,7.809,-4.096,0.909,-4.627
141.16,7.808,-4.096,0.909,-4.627
141.17,7.808,-4.096,0.909,-4.627
141.18,7.808,-4.096,0.909,-4.627
141.19,7.808,-4.096,0.909,-4.628
141.2,7.808,-4.096,0.909,-4.628
141.21,7.808,-4.096,0.909,-4.628
141.22,7.808,-4.097,0.909,-4.628
141.23,7.807,-4.097,0.909,-4.628
141.24,7.807,-4.097,0.909,-4.628
141.25,7.807,-4.097,0.909,-4.628
141.26,7.807,-4.097,0.909,-4.628
141.27,7.807,-4.097,0.909,-4.628
141.28,7.807,-4.098,0.909,-4.629
141.29,7.806,-4.098,0.91,-4.629
141.3,7.806,-4.098,0.91,-4.629
141.31,7.806,-4.098,0.91,-4.629
141.32,7.806,-4.098,0.91,-4.629
141.33,7.806,-4.098,0.91,-4.629
141.34,7.806,-4.098,0.911,-4.63
141.35,7.805,-4.098,0.911,-4.63
141.36,7.805,-4.098,0.911,-4.63
141.37,7.805,-4.098,0.911,-4.63
141.38,7.805,-4.098,0.911,-4.63
141.39,7.805,-4.098,0.911,-4.63
141.4,7.805,-4.098,0.912,-4.631
141.41,7.804,-4.098,0.912,-4.631
141.42,7.804,-4.099,0.912,-4.631
141.43,7.804,-4.099,0.912,-4.631
141.44,7.804,-4.099,0.912,-4.631
141.45,7.804,-4.099,0.912,-4.631
141.46,7.804,-4.099,0.912,-4.632
141.47,7.804,-4.099,0.912,-4.632
141.48,7.804,-4.099,0.912,-4.632
141.49,7.804,-4.099,0.912,-4.632
141.5,7.803,-4.099,0.913,-4.632
141.51,7.803,-4.099,0.913,-4.632
141.52,7.803,-4.099,0.913,-4.632
141.53,7.803,-4.099,0.913,-4.633
141.54,7.803,-4.099,0.913,-4.633
141.55,7.803,-4.099,0.913,-4.633
141.56,7.802,-4.099,0.913,-4.633
141.57,7.802,-4.099,0.913,-4.633
141.58,7.802,-4.1,0.913,-4.633
141.59,7.802,-4.1,0.913,-4.633
141.6,7.802,-4.1,0.914,-4.634
141.61,7.802,-4.1,0.914,-4.634
141.62,7.802,-4.1,0.914,-4.634
141.63,7.802,-4.1,0.914,-4.634
141.64,7.801,-4.1,0.914,-4.634
141.65,7.801,-4.1,0.914,-4.634
141.66,7.801,-4.1,0.914,-4.635
141.67,7.801,-4.1,0.914,-4.635
141.68,7.801,-4.1,0.915,-4.635
141.69,7.801,-4.1,0.915,-4.635
141.7,7.8,-4.1,0.915,-4.635
141.71,7.8,-4.101,0.915,-4.635
141.72,7.8,-4.101,0.915,-4.636
141.73,7.8,-4.101,0.915,-4.636
141.74,7.8,-4.101,0.915,-4.636
141.75,7.8,-4.101,0.915,-4.636
141.76,7.799,-4.101,0.916,-4.636
141.77,7.799,-4.101,0.916,-4.636
141.78,7.799,-4.101,0.916,-4.636
141.79,7.799,-4.101,0.916,-4.637
141.8,7.799,-4.102,0.916,-4.637
141.81,7.799,-4.102,0.916,-4.637
141.82,7.799,-4.102,0.916,-4.637
141.83,7.798,-4.102,0.916,-4.637
141.84,7.798,-4.102,0.916,-4.637
141.85,7.798,-4.102,0.916,-4.637
141.86,7.798,-4.102,0.916,-4.638
141.87,7.798,-4.102,0.916,-4.638
141.88,7.798,-4.102,0.917,-4.638
141.89,7.798,-4.102,0.917,-4.638
141.9,7.797,-4.102,0.917,-4.638
141.91,7.797,-4.103,0.917,-4.638
141.92,7.797,-4.103,0.917,-4.638
141.93,7.797,-4.103,0.917,-4.639
141.94,7.797,-4.103,0.917,-4.639
141.95,7.797,-4.103,0.917,-4.639
141.96,7.797,-4.103,0.917,-4.639
141.97,7.796,-4.103,0.917,-4.639
141.98,7.796,-4.103,0.917,-4.639
141.99,7.796,-4.103,0.917,-4.639
142,7.796,-4.103,0.917,-4.639
142.01,7.796,-4.104,0.918,-4.64
142.02,7.796,-4.104,0.918,-4.64
142.03,7.796,-4.104,0.918,-4.64
142.04,7.795,-4.104,0.918,-4.64
142.05,7.795,-4.104,0.918,-4.64
142.06,7.795,-4.104,0.918,-4.64
142.07,7.795,-4.104,0.918,-4.64
142.08,7.795,-4.104,0.918,-4.641
142.09,7.795,-4.104,0.918,-4.641
142.1,7.795,-4.104,0.918,-4.641
142.11,7.795,-4.104,0.918,-4.641
142.12,7.794,-4.105,0.918,-4.641
142.13,7.794,-4.105,0.918,-4.641
142.14,7.794,-4.105,0.918,-4.641
142.15,7.794,-4.105,0.918,-4.641
142.16,7.794,-4.105,0.918,-4.641
142.17,7.794,-4.105,0.918,-4.642
142.18,7.794,-4.105,0.918,-4.642
142.19,7.793,-4.105,0.919,-4.642
142.2,7.793,-4.105,0.919,-4.642
142.21,7.793,-4.106,0.919,-4.642
142.22,7.793,-4.106,0.919,-4.642
142.23,7.793,-4.106,0.919,-4.642
142.24,7.793,-4.106,0.919,-4.643
142.25,7.793,-4.106,0.919,-4.643
142.26,7.792,-4.106,0.919,-4.643
142.27,7.792,-4.106,0.92,-4.643
142.28,7.792,-4.106,0.92,-4.643
142.29,7.792,-4.106,0.92,-4.643
142.3,7.792,-4.106,0.92,-4.644
142.31,7.792,-4.106,0.92,-4.644
142.32,7.791,-4.107,0.92,-4.644
142.33,7.791,-4.107,0.92,-4.644
142.34,7.791,-4.107,0.921,-4.644
142.35,7.791,-4.107,0.921,-4.644
142.36,7.791,-4.107,0.921,-4.645
142.37,7.791,-4.107,0.921,-4.645
142.38,7.791,-4.107,0.921,-4.645
142.39,7.79,-4.107,0.921,-4.645
142.4,7.79,-4.107,0.921,-4.645
142.41,7.79,-4.107,0.921,-4.645
142.42,7.79,-4.108,0.921,-4.645
142.43,7.79,-4.108,0.921,-4.645
142.44,7.79,-4.108,0.921,-4.646
142.45,7.789,-4.108,0.922,-4.646
142.46,7.789,-4.108,0.922,-4.646
142.47,7.789,-4.108,0.922,-4.646
142.48,7.789,-4.108,0.922,-4.646
142.49,7.789,-4.108,0.922,-4.647
142.5,7.789,-4.108,0.922,-4.647
142.51,7.788,-4.108,0.922,-4.647
142.52,7.788,-4.108,0.922,-4.647
142.53,7.788,-4.109,0.923,-4.647
142.54,7.788,-4.109,0.923,-4.647
142.55,7.788,-4.109,0.923,-4.647
142.56,7.788,-4.109,0.923,-4.648
142.57,7.788,-4.109,0.923,-4.648
142.58,7.787,-4.109,0.923,-4.648
142.59,7.787,-4.109,0.923,-4.648
142.6,7.787,-4.109,0.923,-4.648
142.61,7.787,-4.109,0.923,-4.648
142.62,7.787,-4.109,0.923,-4.649
142.63,7.787,-4.109,0.924,-4.649
142.64,7.787,-4.109,0.924,-4.649
142.65,7.786,-4.11,0.924,-4.649
142.66,7.786,-4.11,0.924,-4.649
142.67,7.786,-4.11,0.924,-4.649
142.68,7.786,-4.11,0.924,-4.649
142.69,7.786,-4.11,0.924,-4.65
142.7,7.786,-4.11,0.924,-4.65