ts,filteredAltitudeAGL,filteredAcceleration
-0.75,-0.8914718627929688,-0.009721755981445312
-0.74,-0.8914718627929688,-0.009721755981445312
-0.73,-0.800201416015625,-0.0583343505859375
-0.72,-0.39121246337890625,-0.0583343505859375
-0.71,-0.39121246337890625,-0.0583343505859375
-0.7,-0.800201416015625,-0.0583343505859375
-0.69,-0.6308975219726562,-0.0583343505859375
-0.68,-0.7984161376953125,-0.0583343505859375
-0.67,-0.6308975219726562,-0.04861164093017578
-0.66,-0.297119140625,-0.04861164093017578
-0.65,-0.6308975219726562,-0.0583343505859375
-0.64,-0.6308975219726562,-0.0583343505859375
-0.63,-0.6308975219726562,-0.0583343505859375
-0.62,-0.6308975219726562,-0.0583343505859375
-0.61,-0.5469207763671875,-0.04861164093017578
-0.6,-0.1265411376953125,-0.14583683013916016
-0.59,0.374755859375,-0.04861164093017578
-0.58,0.374755859375,-0.009721755981445312
-0.57,-0.1265411376953125,-0.14583683013916016
-0.56,0.20563507080078125,-0.009721755981445312
-0.55,0.374755859375,-0.009721755981445312
-0.54,0.374755859375,-0.009721755981445312
-0.53,0.374755859375,-0.02916717529296875
-0.52,0.45479583740234375,-0.02916717529296875
-0.51,0.5374069213867188,-0.009721755981445312
-0.5,0.45479583740234375,-0.02916717529296875
-0.49,0.20563507080078125,-0.02916717529296875
-0.48,0.28578948974609375,-0.009721755981445312
-0.47,0.5374069213867188,-0.02916717529296875
-0.46,0.28578948974609375,-0.02916717529296875
-0.45,0.19875335693359375,-0.03888893127441406
-0.44,0.28578948974609375,-0.03888893127441406
-0.43,0.28578948974609375,-0.03888893127441406
-0.42,0.28578948974609375,-0.03888893127441406
-0.41,0.28578948974609375,-0.019443511962890625
-0.4,0.28578948974609375,-0.019443511962890625
-0.39,0.619537353515625,-0.03888893127441406
-0.38,0.19875335693359375,-0.03888893127441406
-0.37,0.619537353515625,-0.03888893127441406
-0.36,0.619537353515625,-0.03888893127441406
-0.35,0.619537353515625,-0.019443511962890625
-0.34,0.27901458740234375,-0.02916717529296875
-0.33,0.1080780029296875,-0.02916717529296875
-0.32,0.27901458740234375,-0.02916717529296875
-0.31,0.43685150146484375,-0.02916717529296875
-0.3,0.27901458740234375,-0.02916717529296875
-0.29,0.27901458740234375,-0.02916717529296875
-0.28,0.27901458740234375,-0.02916717529296875
-0.27,0.43685150146484375,-0.02916717529296875
-0.26,0.1080780029296875,-0.02916717529296875
-0.25,0.43685150146484375,-0.02916717529296875
-0.24,0.43685150146484375,-0.02916717529296875
-0.23,0.27329254150390625,-0.009721755981445312
-0.22,-0.40129852294921875,-0.02916717529296875
-0.21,-0.40129852294921875,-0.02916717529296875
-0.2,0.27329254150390625,-0.02916717529296875
-0.19,-0.3124237060546875,-0.02916717529296875
-0.18,-0.4786376953125,-0.019443511962890625
-0.17,-0.4786376953125,-0.019443511962890625
-0.16,-0.4786376953125,-0.019443511962890625
-0.15,-0.4786376953125,-0.02916717529296875
-0.14,-0.5583343505859375,-0.02916717529296875
-0.13,-0.4786376953125,-0.019443511962890625
-0.12,-0.3124237060546875,-0.009721755981445312
-0.11,-0.3124237060546875,0.14583778381347656
-0.1,-0.5583343505859375,0.19445037841796875
-0.09,-0.5583343505859375,0.2819528579711914
-0.08,-0.5583343505859375,2.537571907043457
-0.07,-0.5583343505859375,7.029366493225098
-0.06,-0.30865478515625,13.11565113067627
-0.05,-0.2247161865234375,25.774341583251953
-0.04,-0.30865478515625,30.032798767089844
-0.03,-0.5548248291015625,30.91754150390625
-0.02,-0.5548248291015625,30.927268981933594
-0.01,0.1140899658203125,31.102272033691406
0,0.19771575927734375,31.568954467773438
0.01,0.19771575927734375,33.9315185546875
0.02,0.1140899658203125,36.332977294921875
0.03,-0.1425018310546875,39.35667419433594
0.04,-0.1425018310546875,42.56509780883789
0.05,0.19771575927734375,46.40548324584961
0.06,1.0333328247070312,53.20151138305664
0.07,1.0333328247070312,58.150264739990234
0.08,1.0333328247070312,58.86973190307617
0.09,0.7796707153320312,62.8851203918457
0.1,1.0333328247070312,62.8851203918457
0.11,1.1152496337890625,62.8851203918457
0.12,1.1152496337890625,62.8851203918457
0.13,1.1152496337890625,62.8851203918457
0.14,1.2843475341796875,62.992069244384766
0.15,1.7890396118164062,62.992069244384766
0.16,1.8709487915039062,62.992069244384766
0.17,2.20916748046875,62.992069244384766
0.18,2.2910690307617188,61.9712028503418
0.19,2.20916748046875,61.9712028503418
0.2,2.2910690307617188,61.9712028503418
0.21,2.4601821899414062,62.992069244384766
0.22,2.8803176879882812,63.16707229614258
0.23,2.8803176879882812,63.41012954711914
0.24,3.1313323974609375,63.41012954711914
0.25,3.8870391845703125,63.41012954711914
0.26,3.8870391845703125,63.915706634521484
0.27,4.05615234375,64.36294555664062
0.28,4.05615234375,64.82962799072266
0.29,4.307167053222656,65.07268524169922
0.3,4.3917236328125,65.37408447265625
0.31,4.05615234375,65.76298522949219
0.32,4.3917236328125,65.76298522949219
0.33,4.3917236328125,66.67689514160156
0.34,4.3917236328125,66.67689514160156
0.35,4.727294921875,66.67689514160156
0.36,4.3917236328125,66.56995391845703
0.37,4.3917236328125,66.67689514160156
0.38,4.727294921875,66.67689514160156
0.39,4.98095703125,66.56995391845703
0.4,5.231971740722656,66.0254898071289
0.41,5.736663818359375,65.84075927734375
0.42,5.736663818359375,65.34491729736328
0.43,6.2413482666015625,65.17963409423828
0.44,6.2413482666015625,63.41012954711914
0.45,6.5769195556640625,63.09901809692383
0.46,6.912498474121094,63.060123443603516
0.47,6.912498474121094,63.060123443603516
0.48,7.752754211425781,62.554561614990234
0.49,7.837303161621094,62.4378776550293
0.5,8.257431030273438,60.736446380615234
0.51,8.426544189453125,58.95723342895508
0.52,9.097694396972656,58.95723342895508
0.53,9.1822509765625,58.95723342895508
0.54,9.1822509765625,58.95723342895508
0.55,9.1822509765625,60.38644027709961
0.56,9.433265686035156,60.736446380615234
0.57,9.602378845214844,62.15593338012695
0.58,9.602378845214844,62.758731842041016
0.59,10.442626953125,63.16707229614258
0.6,10.696296691894531,64.09071350097656
0.61,11.198333740234375,64.11015319824219
0.62,11.703018188476562,64.1490478515625
0.63,11.787574768066406,64.33377838134766
0.64,11.787574768066406,64.36294555664062
0.65,11.956680297851562,64.4018325805664
0.66,12.376808166503906,64.42127990722656
0.67,12.376808166503906,64.42127990722656
0.68,13.301628112792969,64.43099975585938
0.69,13.470733642578125,64.46016693115234
0.7,13.552642822265625,64.4796142578125
0.71,13.637199401855469,64.49906158447266
0.72,14.310989379882812,64.49906158447266
0.73,14.646560668945312,64.49906158447266
0.74,14.731117248535156,64.49906158447266
0.75,15.151252746582031,64.51850128173828
0.76,15.825042724609375,64.52822875976562
0.77,16.160614013671875,64.53794860839844
0.78,16.32971954345703,64.53794860839844
0.79,16.32971954345703,64.53794860839844
0.8,16.749847412109375,64.53794860839844
0.81,17.843765258789062,64.52822875976562
0.82,18.34844970703125,64.48933410644531
0.83,18.85314178466797,64.4796142578125
0.84,18.93768310546875,64.46989440917969
0.85,19.01959991455078,64.42127990722656
0.86,19.44237518310547,64.37266540527344
0.87,19.608840942382812,64.35321807861328
0.88,20.0316162109375,64.33377838134766
0.89,20.451736450195312,64.33377838134766
0.9,20.9564208984375,64.28516387939453
0.91,21.125534057617188,64.27544403076172
0.92,21.461105346679688,64.28516387939453
0.93,22.89324188232422,64.33377838134766
0.94,22.89324188232422,64.35321807861328
0.95,23.56439208984375,64.35321807861328
0.96,23.56439208984375,64.3143310546875
0.97,23.81804656982422,64.3143310546875
0.98,24.069076538085938,64.34349822998047
0.99,24.491851806640625,64.35321807861328
1,25.670326232910156,64.36294555664062
1.01,26.3441162109375,64.36294555664062
1.02,26.3441162109375,64.36294555664062
1.03,26.426025390625,64.36294555664062
1.04,27.099815368652344,64.48933410644531
1.05,27.353477478027344,64.48933410644531
1.06,27.85816192626953,64.48933410644531
1.07,27.85816192626953,64.48933410644531
1.08,29.036636352539062,64.48933410644531
1.09,29.290298461914062,64.45044708251953
1.1,29.374855041503906,64.45044708251953
1.11,29.964088439941406,64.45044708251953
1.12,30.806991577148438,64.45044708251953
1.13,31.22711944580078,64.45044708251953
1.14,32.154579162597656,64.51850128173828
1.15,33.50215148925781,64.6448974609375
1.16,34.091400146484375,64.67406463623047
1.17,34.84973907470703,64.67406463623047
1.18,35.86174774169922,64.71295928955078
1.19,36.28187561035156,64.71295928955078
1.2,36.366432189941406,64.75183868408203
1.21,36.366432189941406,64.781005859375
1.22,37.04022216796875,64.79073333740234
1.23,37.88312530517578,64.8685073852539
1.24,37.967681884765625,65.01435089111328
1.25,39.064239501953125,65.04351806640625
1.26,39.23335266113281,65.05323791503906
1.27,39.907142639160156,65.05323791503906
1.28,40.3272705078125,65.0629653930664
1.29,40.41181945800781,65.08240509033203
1.3,40.91914367675781,65.111572265625
1.31,41.339271545410156,65.15046691894531
1.32,41.59294128417969,65.17963409423828
1.33,42.858604431152344,65.2282485961914
1.34,43.02507781982422,65.3643569946289
1.35,43.10962677001953,65.46158599853516
1.36,43.27873992919922,65.51019287109375
1.37,45.640968322753906,65.5199203491211
1.38,45.97917938232422,65.52964782714844
1.39,46.145652770996094,65.5588150024414
1.4,46.906639099121094,65.5588150024414
1.41,47.749549865722656,65.57825469970703
1.42,48.003196716308594,65.57825469970703
1.43,48.34142303466797,65.58798217773438
1.44,48.510536193847656,65.607421875
1.45,49.353431701660156,65.607421875
1.46,51.37744903564453,65.61714935302734
1.47,51.461997985839844,65.64631652832031
1.48,52.222984313964844,65.64631652832031
1.49,52.64311981201172,65.66575622558594
1.5,53.40410614013672,65.73381805419922
1.51,54.331565856933594,65.74353790283203
1.52,54.416114807128906,65.81159210205078
1.53,55.766334533691406,65.81159210205078
1.54,55.766334533691406,65.82131958007812
1.55,55.85089874267578,65.8504867553711
1.56,56.019996643066406,65.88937377929688
1.57,58.469444274902344,65.90882110595703
1.58,58.72309112548828,65.94770812988281
1.59,60.74976348876953,66.08382415771484
1.6,61.341636657714844,66.08382415771484
1.61,62.440834045410156,66.08382415771484
1.62,62.691856384277344,66.08382415771484
1.63,63.030067443847656,66.08382415771484
1.64,63.36829376220703,66.03520965576172
1.65,63.53740692138672,66.0254898071289
1.66,63.79106903076172,65.95743560791016
1.67,64.55205535888672,65.94770812988281
1.68,65.2284927368164,65.93798828125
1.69,65.3976058959961,65.89910125732422
1.7,66.1585922241211,65.88937377929688
1.71,67.08867645263672,65.86993408203125
1.72,67.1732406616211,65.82131958007812
1.73,67.4269027709961,65.81159210205078
1.74,67.5933609008789,65.79215240478516
1.75,69.19988250732422,65.6852035522461
1.76,69.19988250732422,65.66575622558594
1.77,70.8064193725586,65.63658905029297
1.78,70.97553253173828,65.607421875
1.79,71.0600814819336,65.58798217773438
1.8,72.83573150634766,65.4713134765625
1.81,73.08939361572266,65.21852111816406
1.82,73.25850677490234,65.20880126953125
1.83,74.27313995361328,65.1893539428711
1.84,75.20589447021484,65.16018676757812
1.85,75.71320343017578,65.13101959228516
1.86,76.05142974853516,65.01435089111328
1.87,76.47420501708984,64.93656921386719
1.88,76.72786712646484,64.85879516601562
1.89,78.41895294189453,64.79073333740234
1.9,80.78910064697266,64.66433715820312
1.91,82.56739044189453,64.51850128173828
1.92,83.83570098876953,64.24627685546875
1.93,83.92024993896484,64.12960815429688
1.94,85.86763763427734,63.99348068237305
1.95,86.37761688232422,63.87681198120117
1.96,86.5467300415039,63.83792495727539
1.97,86.8003921508789,63.721256256103516
1.98,89.42420196533203,63.67264175415039
1.99,90.69515228271484,63.56569290161133
2,90.77971649169922,63.46847152709961
2.01,91.6279067993164,63.36152267456055
2.02,94.25435638427734,63.03095626831055
2.03,94.59258270263672,62.8851203918457
2.04,94.59258270263672,62.72956466674805
2.05,96.28894805908203,62.51566696166992
2.06,97.4753646850586,62.31149673461914
2.07,97.81356048583984,62.07815170288086
2.08,99.4253921508789,61.99065017700195
2.09,99.76360321044922,61.961483001708984
2.1,102.05449676513672,61.95175552368164
2.11,102.30815887451172,61.77675247192383
2.12,102.9026870727539,61.494808197021484
2.13,102.9026870727539,61.08646011352539
2.14,103.1563491821289,60.91145706176758
2.15,103.75086212158203,60.39616012573242
2.16,103.75086212158203,60.240604400634766
2.17,105.1935806274414,60.22114944458008
2.18,106.04175567626953,60.2114372253418
2.19,106.29541778564453,60.036434173583984
2.2,106.54907989501953,59.841976165771484
2.21,106.97449493408203,59.608638763427734
2.22,107.56900787353516,59.414188385009766
2.23,109.0962905883789,59.2197380065918
2.24,110.19812774658203,59.06418228149414
2.25,111.04895782470703,58.86000442504883
2.26,112.15079498291016,58.685001373291016
2.27,112.40711212158203,58.383602142333984
2.28,113.76525115966797,58.10165023803711
2.29,113.84981536865234,57.77108383178711
2.3,114.18802642822266,57.6835823059082
2.31,116.73523712158203,57.61552810668945
2.32,118.01146697998047,57.28496170043945
2.33,118.18058013916016,57.09050369262695
2.34,120.47411346435547,57.022457122802734
2.35,121.66313934326172,56.88633346557617
2.36,122.51398468017578,56.75022506713867
2.37,122.5985336303711,56.497440338134766
2.38,124.4666519165039,56.293270111083984
2.39,124.55120086669922,56.08909225463867
2.4,124.97661590576172,55.84602737426758
2.41,125.4865951538086,55.66129684448242
2.42,129.31268310546875,55.49602127075195
2.43,131.098876953125,55.466854095458984
2.44,131.86514282226562,55.19462203979492
2.45,132.03427124023438,55.11684799194336
2.46,133.2259521484375,55.07795333862305
2.47,134.58673095703125,54.82516860961914
2.48,135.01214599609375,54.59183120727539
2.49,135.94754028320312,54.475162506103516
2.5,138.0745849609375,54.31959915161133
2.51,140.11709594726562,54.19321060180664
2.52,140.62973022460938,54.076534271240234
2.53,141.649658203125,53.94042205810547
2.54,142.58767700195312,53.726524353027344
2.55,142.75677490234375,53.60985565185547
2.56,142.9259033203125,53.53207778930664
2.57,143.01309204101562,53.415409088134766
2.58,144.28933715820312,53.19178771972656
2.59,145.65277099609375,52.97789764404297
2.6,145.82186889648438,52.8126106262207
2.61,147.01358032226562,52.50149154663086
2.62,149.14590454101562,52.36537551879883
2.63,149.484130859375,52.22926330566406
2.64,149.74044799804688,52.073699951171875
2.65,150.84756469726562,51.95703125
2.66,151.529296875,51.90842056274414
2.67,152.2982177734375,51.791751861572266
2.68,153.40533447265625,51.7625846862793
2.69,153.91531372070312,51.55841064453125
2.7,155.70681762695312,51.22784423828125
2.71,156.1322021484375,51.07228469848633
2.72,157.3265380859375,50.965335845947266
2.73,158.09280395507812,50.80005645751953
2.74,159.11801147460938,50.63477325439453
2.75,159.54345703125,50.47921371459961
2.76,159.88430786132812,50.45976638793945
2.77,160.30972290039062,50.45976638793945
2.78,163.03924560546875,50.28476333618164
2.79,165.34332275390625,49.97364044189453
2.8,166.19680786132812,49.818084716796875
2.81,166.19680786132812,49.68196487426758
2.82,167.47833251953125,49.65279769897461
2.83,168.50091552734375,49.58474349975586
2.84,170.03872680664062,49.5652961730957
2.85,170.20782470703125,49.52640914916992
2.86,171.57391357421875,49.293067932128906
2.87,171.91741943359375,49.23473358154297
2.88,172.85543823242188,49.07917022705078
2.89,173.9652099609375,49.01111602783203
2.9,176.10018920898438,48.83610916137695
2.91,176.61282348632812,48.52499008178711
2.92,178.06610107421875,48.50554656982422
2.93,178.23785400390625,48.34998321533203
2.94,179.26043701171875,48.291648864746094
2.95,179.8602294921875,48.08747482299805
2.96,182.25418090820312,47.883304595947266
2.97,183.44851684570312,47.80552673339844
2.98,184.30459594726562,47.659690856933594
2.99,184.732666015625,47.51384735107422
3,186.0987548828125,47.47496032714844
3.01,188.57989501953125,47.40690231323242
3.02,188.57989501953125,47.348567962646484
3.03,188.74899291992188,47.17356491088867
3.04,190.28945922851562,46.998558044433594
3.05,192.42709350585938,46.95966720581055
3.06,193.19866943359375,46.71660614013672
3.07,193.96759033203125,46.51243209838867
3.08,196.19241333007812,46.40548324584961
3.09,197.39202880859375,46.37631607055664
3.1,199.27334594726562,46.36659622192383
3.11,199.44509887695312,46.33742904663086
3.12,202.10061645507812,46.269371032714844
3.13,202.5286865234375,46.18186950683594
3.14,203.55654907226562,45.97769546508789
3.15,204.58441162109375,45.74435806274414
3.16,206.04034423828125,45.58879470825195
3.17,206.12490844726562,45.56935119628906
3.18,209.89547729492188,45.549903869628906
3.19,209.98004150390625,45.374900817871094
3.2,210.15179443359375,45.33601379394531
3.21,212.55364990234375,45.17072677612305
3.22,212.63821411132812,45.01517105102539
3.23,212.89453125,44.869327545166016
3.24,213.49432373046875,44.84988784790039
3.25,213.58151245117188,44.62626647949219
3.26,220.26922607421875,44.50959777832031
3.27,222.84286499023438,44.451263427734375
3.28,223.10177612304688,44.40264892578125
3.29,223.44528198242188,44.39292907714844
3.3,224.38861083984375,44.35403823852539
3.31,224.56036376953125,44.22764205932617
3.32,227.82098388671875,44.169307708740234
3.33,228.76431274414062,43.955413818359375
3.34,229.19500732421875,43.955413818359375
3.35,231.9429931640625,43.916526794433594
3.36,232.54278564453125,43.751243591308594
3.37,233.145263671875,43.61512756347656
3.38,235.72149658203125,43.410953521728516
3.39,236.23678588867188,43.39151382446289
3.4,238.12869262695312,43.342899322509766
3.41,239.58721923828125,43.2359504699707
3.42,242.1661376953125,43.13872528076172
3.43,243.112060546875,43.05122375488281
3.44,243.45556640625,42.876216888427734
3.45,244.48873901367188,42.86649703979492
3.46,245.262939453125,42.83732986450195
3.47,248.53146362304688,42.75954818725586
3.48,248.95953369140625,42.7401008605957
3.49,250.5079345703125,42.57482147216797
3.5,252.57424926757812,42.428985595703125
3.51,253.34844970703125,42.31231689453125
3.52,253.95086669921875,42.215087890625
3.53,254.72506713867188,42.07897186279297
3.54,256.2734680175781,42.05952835083008
3.55,257.9962463378906,42.03036117553711
3.56,257.9962463378906,42.01091384887695
3.57,258.0834655761719,41.981746673583984
3.58,262.4750061035156,41.797019958496094
3.59,263.1646423339844,41.67062759399414
3.6,263.8516540527344,41.62201690673828
3.61,263.9388427734375,41.52478790283203
3.62,266.1795349121094,41.31089401245117
3.63,266.3512878417969,41.20394515991211
3.64,270.5736999511719,40.990055084228516
3.65,271.0915832519531,40.94144058227539
3.66,273.9374084472656,40.93171691894531
3.67,274.0219421386719,40.93171691894531
3.68,274.45263671875,40.93171691894531
3.69,276.43701171875,40.94144058227539
3.7,277.0421142578125,40.990055084228516
3.71,283.6849060058594,40.94144058227539
3.72,289.2099609375,40.88310623168945
3.73,296.3812255859375,40.853939056396484
3.74,303.2961730957031,40.7567138671875
3.75,309.5241394042969,40.7567138671875
3.76,311.2548522949219,40.58170700073242
3.77,317.92144775390625,40.494205474853516
3.78,318.5265197753906,40.46503829956055
3.79,321.9906311035156,40.43587112426758
3.8,326.23681640625,40.37753677368164
3.81,328.1445617675781,40.260868072509766
3.82,330.6574401855469,40.20252990722656
3.83,332.3907775878906,40.18308639526367
3.84,332.91131591796875,40.105308532714844
3.85,333.4318542480469,40.105308532714844
3.86,336.816650390625,40.01780700683594
3.87,337.4217529296875,39.96919250488281
3.88,340.80657958984375,39.696964263916016
3.89,342.45538330078125,39.60945510864258
3.9,345.4940185546875,39.560848236083984
3.91,345.9300231933594,39.48306655883789
3.92,347.3172302246094,39.37611770629883
3.93,351.1406555175781,39.28861618041992
3.94,351.2279052734375,39.17194366455078
3.95,355.4846496582031,39.035831451416016
3.96,356.4411926269531,39.035831451416016
3.97,359.91845703125,39.02610778808594
3.98,360.0056457519531,38.99694061279297
3.99,362.4392395019531,38.93860626220703
4,365.04986572265625,38.899715423583984
4.01,367.66046142578125,38.79276657104492
4.02,370.0094909667969,38.656654357910156
4.03,370.8787841796875,38.60803985595703
4.04,371.4019775390625,38.44275665283203
4.05,374.4485778808594,38.40386962890625
4.06,375.0589599609375,38.335811614990234
4.07,376.1026916503906,38.28719711303711
4.08,378.3671569824219,38.141361236572266
4.09,379.2391052246094,37.96635818481445
4.1,382.288330078125,37.93718719482422
4.11,385.4247741699219,37.762184143066406
4.12,386.47113037109375,37.723297119140625
4.13,388.12786865234375,37.63579177856445
4.14,388.4766540527344,37.53856658935547
4.15,390.39495849609375,37.48023223876953
4.16,392.83648681640625,37.48023223876953
4.17,394.05987548828125,37.47050857543945
4.18,396.0653991699219,37.42189407348633
4.19,396.2397766113281,37.4024543762207
4.2,398.59674072265625,37.33439254760742
4.21,401.1280822753906,37.091331481933594
4.22,401.7384338378906,36.98438262939453
4.23,404.09539794921875,36.83854675292969
4.24,406.4549865722656,36.80937957763672
4.25,407.7655944824219,36.78021240234375
4.26,409.6865539550781,36.712154388427734
4.27,410.82275390625,36.5760383605957
4.28,413.1823425292969,36.546871185302734
4.29,414.05694580078125,36.53715133666992
4.3,415.10595703125,36.49825668334961
4.31,418.2529602050781,36.49825668334961
4.32,418.5145263671875,36.46908950805664
4.33,420.87677001953125,36.40103530883789
4.34,422.10015869140625,36.303810119628906
4.35,423.8493957519531,36.235748291015625
4.36,427.2633056640625,35.953800201416016
4.37,427.9635009765625,35.817684173583984
4.38,429.2767333984375,35.76906967163086
4.39,429.80255126953125,35.68156814575195
4.4,432.864990234375,35.52600860595703
4.41,433.39080810546875,35.467674255371094
4.42,437.24591064453125,35.467674255371094
4.43,438.207763671875,35.467674255371094
4.44,439.0849609375,35.45795440673828
4.45,440.92669677734375,35.44822692871094
4.46,443.73016357421875,35.41905975341797
4.47,445.74627685546875,35.41905975341797
4.48,446.09771728515625,35.23433303833008
4.49,447.6751708984375,35.1176643371582
4.5,448.3780517578125,34.9523811340332
4.51,451.9742431640625,34.913490295410156
4.52,454.518798828125,34.874603271484375
4.53,457.94061279296875,34.85515594482422
4.54,459.2564697265625,34.85515594482422
4.55,459.52069091796875,34.845436096191406
4.56,461.980712890625,34.7579345703125
4.57,462.770751953125,34.62181854248047
4.58,466.28240966796875,34.62181854248047
4.59,467.60089111328125,34.56348419189453
4.6,468.91943359375,34.3690299987793
4.61,472.25933837890625,34.06763458251953
4.62,472.962158203125,34.048187255859375
4.63,475.16058349609375,33.999576568603516
4.64,477.797607421875,33.999576568603516
4.65,477.97467041015625,33.97040939331055
4.66,478.76739501953125,33.97040939331055
4.67,484.1339111328125,33.912071228027344
4.68,484.22113037109375,33.87318420410156
4.69,484.4853515625,33.79540252685547
4.7,487.917724609375,33.74679183959961
4.71,490.56005859375,33.6592903137207
4.72,491.616943359375,33.620399475097656
4.73,491.8812255859375,33.58150863647461
4.74,493.02532958984375,33.44539260864258
4.75,496.901611328125,33.34817123413086
4.76,497.51727294921875,33.289833068847656
4.77,500.07501220703125,33.221778869628906
4.78,500.86773681640625,33.20233154296875
4.79,503.15863037109375,33.182884216308594
4.8,503.5126953125,33.16344451904297
4.81,507.74566650390625,33.056495666503906
4.82,509.5107421875,32.99816131591797
4.83,510.21624755859375,32.93010330200195
4.84,513.1280517578125,32.93010330200195
4.85,515.8629150390625,32.85232162475586
4.86,517.9819946289062,32.8328742980957
4.87,518.3361206054688,32.82315444946289
4.88,519.8369140625,32.76482009887695
4.89,520.809326171875,32.570369720458984
4.9,523.5467529296875,32.24952697753906
4.91,523.9008178710938,32.171749114990234
4.92,528.0518798828125,32.01618576049805
4.93,530.5277709960938,31.987018585205078
4.94,531.94140625,31.92868423461914
4.95,533.2705078125,31.850906372070312
4.96,536.2774047851562,31.821739196777344
4.97,537.3370361328125,31.802291870117188
4.98,537.6038818359375,31.782848358154297
4.99,539.6384887695312,31.724510192871094
5,543.3536376953125,31.559226989746094
5.01,544.6826782226562,31.423114776611328
5.02,547.3381958007812,31.277278900146484
5.03,548.7545166015625,31.141162872314453
5.04,551.235595703125,30.995323181152344
5.05,552.6519165039062,30.995323181152344
5.06,556.5519409179688,30.995323181152344
5.07,558.8560791015625,30.995323181152344
5.08,559.654052734375,30.995323181152344
5.09,560.097900390625,30.995323181152344
5.1,564.7986450195312,31.04393768310547
5.11,566.2175903320312,31.04393768310547
5.12,566.6614990234375,31.04393768310547
5.13,568.3446655273438,31.04393768310547
5.14,569.7662353515625,31.04393768310547
5.15,571.8060302734375,30.87865447998047
5.16,574.6466064453125,30.353641510009766
5.17,576.8687133789062,29.886959075927734
5.18,578.2005004882812,29.323055267333984
5.19,581.2206420898438,28.788318634033203
5.2,582.5524291992188,28.020240783691406
5.21,582.996337890625,27.534114837646484
5.22,586.2859497070312,26.72714614868164
5.23,587.9744262695312,26.036849975585938
5.24,588.6851806640625,25.327106475830078
5.25,589.0419311523438,24.559032440185547
5.26,592.6857299804688,23.965957641601562
5.27,594.1099243164062,23.343719482421875
5.28,597.2225341796875,22.731201171875
5.29,598.4697265625,22.21590805053711
5.3,598.9136352539062,21.62283706665039
5.31,601.14111328125,21.156158447265625
5.32,604.7901000976562,20.611698150634766
5.33,607.5513916015625,20.154739379882812
5.34,608.798583984375,19.736671447753906
5.35,612.9866333007812,19.182491302490234
5.36,613.7872314453125,18.676918029785156
5.37,613.8770751953125,18.132461547851562
5.38,617.3544311523438,17.50049591064453
5.39,622.348388671875,16.810199737548828
5.4,624.3988037109375,16.090736389160156
5.41,625.73583984375,15.351826667785645
5.42,628.7718505859375,14.6809720993042
5.43,630.3783569335938,13.942063331604004
5.44,631.8950805664062,12.707306861877441
5.45,633.5015869140625,11.871170997619629
5.46,637.6103515625,11.210041999816895
5.47,640.9185791015625,10.665581703186035
5.48,643.1513671875,9.936394691467285
5.49,645.653564453125,9.226651191711426
5.5,646.7263793945312,8.448853492736816
5.51,648.3355712890625,7.739109992980957
5.52,651.1099853515625,6.9515886306762695
5.53,655.40380859375,6.24184513092041
5.54,655.67333984375,5.464044570922852
5.55,659.1637573242188,4.559852600097656
5.56,659.6103515625,3.645937919616699
5.57,661.0425415039062,2.7709131240844727
5.58,663.013671875,2.129227638244629
5.59,664.9822387695312,1.156977653503418
5.6,668.4779663085938,0.2916755676269531
5.61,671.3449096679688,-0.5250139236450195
5.62,673.6754150390625,-1.3514270782470703
5.63,674.1245727539062,-2.1778392791748047
5.64,675.2899169921875,-3.033419132232666
5.65,678.7857055664062,-3.8209409713745117
5.66,680.3102416992188,-4.559851169586182
5.67,683.8113403320312,-5.289038181304932
5.68,685.3359985351562,-5.979335784912109
5.69,687.0429077148438,-6.572408676147461
5.7,687.399658203125,-7.22381591796875
5.71,692.338134765625,-7.816888332366943
5.72,693.7755737304688,-8.429405212402344
5.73,693.7755737304688,-8.88636302947998
5.74,696.5606079101562,-9.343320846557617
5.75,698.0878295898438,-9.634995460510254
5.76,702.1331787109375,-9.975282669067383
5.77,702.2230834960938,-10.364182472229004
5.78,709.0560302734375,-10.665580749511719
5.79,710.0469360351562,-10.92808723449707
5.8,711.8463745117188,-11.141983032226562
5.81,717.8761596679688,-11.394767761230469
5.82,719.2263793945312,-11.637829780578613
5.83,722.288818359375,-11.812835693359375
5.84,725.8929443359375,-11.919782638549805
5.85,727.2457885742188,-12.104510307312012
5.86,730.7600708007812,-12.182290077209473
5.87,736.0791015625,-12.337850570678711
5.88,736.6207885742188,-12.357295036315918
5.89,736.6207885742188,-12.561468124389648
5.9,736.6207885742188,-12.600357055664062
5.91,739.7783203125,-12.67813777923584
5.92,742.6663818359375,-12.697582244873047
5.93,744.2015991210938,-12.7559175491333
5.94,744.6507568359375,-12.901754379272461
5.95,747.3617553710938,-13.018424987792969
5.96,752.2368774414062,-13.115650177001953
5.97,754.0442504882812,-13.261487007141113
5.98,757.748779296875,-13.621219635009766
5.99,763.9872436523438,-14.087900161743164
6,765.5250854492188,-14.117067337036133
6.01,768.3312377929688,-14.311517715454102
6.02,769.9588623046875,-14.75875186920166
6.03,772.041015625,-15.011537551879883
6.04,778.1976928710938,-15.196264266967773
6.05,778.3799438476562,-15.487939834594727
6.06,786.3518676757812,-15.88656234741211
6.07,786.6240234375,-16.285184860229492
6.08,791.7025756835938,-16.518524169921875
6.09,793.697509765625,-16.78103256225586
6.1,795.2379760742188,-17.140764236450195
6.11,801.500244140625,-17.422718048095703
6.12,805.6777954101562,-17.597721099853516
6.13,806.039794921875,-17.733837127685547
6.14,811.4909057617188,-17.733837127685547
6.15,812.8543090820312,-18.07412338256836
6.16,814.4898681640625,-18.093568801879883
6.17,815.6710205078125,-18.40468978881836
6.18,815.7608642578125,-18.531082153320312
6.19,822.5806884765625,-18.686641693115234
6.2,823.03515625,-18.95886993408203
6.21,825.5850219726562,-19.12415313720703
6.22,827.3130493164062,-19.1533203125
6.23,827.9498901367188,-19.250545501708984
6.24,831.5011596679688,-19.260269165039062
6.25,833.6837768554688,-19.34777069091797
6.26,836.4158935546875,-19.376937866210938
6.27,838.3316040039062,-19.376937866210938
6.28,842.1576538085938,-19.376937866210938
6.29,844.6176147460938,-19.376937866210938
6.3,847.7171020507812,-19.376937866210938
6.31,852.005615234375,-19.376937866210938
6.32,852.3701782226562,-19.386661529541016
6.33,856.8410034179688,-19.386661529541016
6.34,858.0274047851562,-19.39638328552246
6.35,860.3104248046875,-19.39638328552246
6.36,864.0545654296875,-19.435274124145508
6.37,865.6055908203125,-19.493610382080078
6.38,871.8203125,-19.51305389404297
6.39,872.734619140625,-19.53249740600586
6.4,876.299072265625,-19.542221069335938
6.41,880.8729858398438,-19.610279083251953
6.42,882.3367919921875,-19.736671447753906
6.43,886.638427734375,-19.746395111083984
6.44,892.5889892578125,-19.746395111083984
6.45,892.86376953125,-19.814451217651367
6.46,898.087646484375,-20.008901596069336
6.47,900.8356323242188,-20.038068771362305
6.48,901.38525390625,-20.057514190673828
6.49,906.3369140625,-20.096405029296875
6.5,909.639892578125,-20.096405029296875
6.51,912.3007202148438,-20.057514190673828
6.52,915.9708862304688,-20.057514190673828
6.53,916.6155395507812,-20.038068771362305
6.54,919.0941162109375,-20.038068771362305
6.55,922.7669067382812,-20.038068771362305
6.56,923.1341552734375,-20.01862335205078
6.57,928.0964965820312,-19.99917984008789
6.58,931.037353515625,-19.960289001464844
6.59,934.6229858398438,-19.960289001464844
6.6,935.54248046875,-19.950565338134766
6.61,936.3721923828125,-19.94084358215332
6.62,937.3841552734375,-19.892230987548828
6.63,941.8920288085938,-19.86306381225586
6.64,944.9307250976562,-19.85334014892578
6.65,945.9426879882812,-19.824172973632812
6.66,949.3512573242188,-19.804729461669922
6.67,949.9960327148438,-19.775562286376953
6.68,952.8496704101562,-19.75611686706543
6.69,958.4725952148438,-19.75611686706543
6.7,960.6841430664062,-19.736671447753906
6.71,963.5431518554688,-19.688058853149414
6.72,966.8645629882812,-19.629724502563477
6.73,966.9569702148438,-19.629724502563477
6.74,967.1420288085938,-19.629724502563477
6.75,971.9404907226562,-19.629724502563477
6.76,972.7702026367188,-19.658891677856445
6.77,977.0189819335938,-19.658891677856445
6.78,978.4036254882812,-19.658891677856445
6.79,981.2678833007812,-19.658891677856445
6.8,985.1493530273438,-19.658891677856445
6.81,988.5686645507812,-19.658891677856445
6.82,989.0309448242188,-19.649169921875
6.83,994.0249633789062,-19.6200008392334
6.84,995.3197631835938,-19.6200008392334
6.85,998.9291381835938,-19.6200008392334
6.86,999.2990112304688,-19.6200008392334
6.87,1003.3734741210938,-19.6200008392334
6.88,1006.1505737304688,-19.6200008392334
6.89,1009.4851684570312,-19.717227935791016
6.9,1013.9348754882812,-19.717227935791016
6.91,1014.3047485351562,-19.717227935791016
6.92,1018.9393920898438,-19.726947784423828
6.93,1019.4043579101562,-19.746395111083984
6.94,1022.2793579101562,-19.75611686706543
6.95,1029.704345703125,-19.795005798339844
6.96,1032.95166015625,-19.795005798339844
6.97,1033.32421875,-19.795005798339844
6.98,1034.904296875,-19.795005798339844
6.99,1040.66455078125,-19.901954650878906
7,1041.3145751953125,-20.008901596069336
7.01,1043.7322998046875,-20.008901596069336
7.02,1046.52001953125,-20.008901596069336
7.03,1048.5650634765625,-20.086681365966797
7.04,1049.0302734375,-20.096405029296875
7.05,1051.635498046875,-20.106124877929688
7.06,1058.33642578125,-20.115848541259766
7.07,1059.08154296875,-20.115848541259766
7.08,1061.2218017578125,-20.164461135864258
7.09,1063.7373046875,-20.193628311157227
7.1,1067.55810546875,-20.193628311157227
7.11,1070.258544921875,-20.193628311157227
7.12,1073.2418212890625,-20.222797393798828
7.13,1074.174560546875,-20.24224090576172
7.14,1075.0147705078125,-20.271408081054688
7.15,1079.678466796875,-20.320022583007812
7.16,1082.664306640625,-20.358911514282227
7.17,1083.036865234375,-20.40752410888672
7.18,1084.06201171875,-20.446414947509766
7.19,1086.4903564453125,-20.57280731201172
7.2,1090.9716796875,-20.57280731201172
7.21,1096.39111328125,-20.601974487304688
7.22,1099.0069580078125,-20.679752349853516
7.23,1099.0069580078125,-21.010318756103516
7.24,1100.8778076171875,-21.204769134521484
7.25,1103.5888671875,-21.204769134521484
7.26,1104.3365478515625,-21.360328674316406
7.27,1109.201171875,-21.360328674316406
7.28,1112.570068359375,-21.360328674316406
7.29,1113.693115234375,-21.360328674316406
7.3,1117.3447265625,-21.282548904418945
7.31,1120.06103515625,-21.24365997314453
7.32,1121.2764892578125,-21.13671112060547
7.33,1123.057373046875,-21.13671112060547
7.34,1125.6812744140625,-21.1075439453125
7.35,1131.119140625,-21.1075439453125
7.36,1133.6505126953125,-21.1075439453125
7.37,1134.776123046875,-21.097820281982422
7.38,1138.1529541015625,-21.049209594726562
7.39,1141.625,-21.049209594726562
7.4,1142.3753662109375,-21.049209594726562
7.41,1148.0115966796875,-21.049209594726562
7.42,1148.5743408203125,-21.049209594726562
7.43,1152.4267578125,-21.049209594726562
7.44,1153.6475830078125,-21.049209594726562
7.45,1154.8682861328125,-21.049209594726562
7.46,1158.7235107421875,-21.049209594726562
7.47,1160.8848876953125,-21.049209594726562
7.48,1162.39111328125,-21.049209594726562
7.49,1165.8709716796875,-21.049209594726562
7.5,1173.118896484375,-20.932538986206055
7.51,1174.249755859375,-20.92281723022461
7.52,1174.3421630859375,-20.91309356689453
7.53,1178.2977294921875,-20.883926391601562
7.54,1180.1817626953125,-20.854759216308594
7.55,1181.312744140625,-20.786701202392578
7.56,1186.4044189453125,-20.786701202392578
7.57,1186.9698486328125,-20.786701202392578
7.58,1189.9873046875,-20.7769775390625
7.59,1191.8740234375,-20.7769775390625
7.6,1193.9482421875,-20.7769775390625
7.61,1196.307861328125,-20.738088607788086
7.62,1200.556640625,-20.679752349853516
7.63,1202.2557373046875,-20.679752349853516
7.64,1203.481689453125,-20.679752349853516
7.65,1204.427734375,-20.631141662597656
7.66,1206.409423828125,-20.640865325927734
7.67,1212.079833984375,-20.582529067993164
7.68,1214.63232421875,-20.582529067993164
7.69,1215.1053466796875,-20.582529067993164
7.7,1217.6578369140625,-20.582529067993164
7.71,1219.9276123046875,-20.582529067993164
7.72,1224.6597900390625,-20.417247772216797
7.73,1224.9425048828125,-20.456134796142578
7.74,1228.1610107421875,-20.456134796142578
7.75,1229.865234375,-20.417247772216797
7.76,1232.3280029296875,-20.34918975830078
7.77,1234.79052734375,-20.320022583007812
7.78,1238.9600830078125,-20.320022583007812
7.79,1244.0782470703125,-20.320022583007812
7.8,1244.1734619140625,-20.320022583007812
7.81,1246.5435791015625,-20.320022583007812
7.82,1248.631103515625,-20.310298919677734
7.83,1249.10400390625,-20.310298919677734
7.84,1251.381591796875,-20.300575256347656
7.85,1254.9884033203125,-20.300575256347656
7.86,1255.746826171875,-20.251964569091797
7.87,1260.4951171875,-20.251964569091797
7.88,1261.2559814453125,-20.24224090576172
7.89,1264.6751708984375,-20.24224090576172
7.9,1268.6651611328125,-20.21307373046875
7.91,1269.3309326171875,-20.164461135864258
7.92,1271.1383056640625,-20.115848541259766
7.93,1275.321044921875,-20.115848541259766
7.94,1275.416259765625,-20.106124877929688
7.95,1280.1749267578125,-20.057514190673828
7.96,1280.93603515625,-20.038068771362305
7.97,1284.1702880859375,-19.950565338134766
7.98,1285.314453125,-20.038068771362305
7.99,1285.7899169921875,-19.91167640686035
8,1290.74169921875,-20.038068771362305
8.01,1293.505615234375,-19.91167640686035
8.02,1294.3616943359375,-19.892230987548828
8.03,1298.747802734375,-19.892230987548828
8.04,1299.9871826171875,-19.892230987548828
8.05,1302.18017578125,-19.892230987548828
8.06,1305.6126708984375,-19.892230987548828
8.07,1307.9986572265625,-19.872787475585938
8.08,1309.5260009765625,-19.83389663696289
8.09,1313.4390869140625,-19.814451217651367
8.1,1315.349609375,-19.795005798339844
8.11,1315.6348876953125,-19.726947784423828
8.12,1319.2655029296875,-19.726947784423828
8.13,1323.8525390625,-19.726947784423828
8.14,1325.6678466796875,-19.66861343383789
8.15,1325.858154296875,-19.726947784423828
8.16,1328.82275390625,-19.66861343383789
8.17,1329.779296875,-19.726947784423828
8.18,1333.8907470703125,-19.726947784423828
8.19,1335.99658203125,-19.726947784423828
8.2,1338.8663330078125,-19.600557327270508
8.21,1340.3037109375,-19.600557327270508
8.22,1343.4613037109375,-19.581111907958984
8.23,1347.004638671875,-19.571388244628906
8.24,1347.7734375,-19.571388244628906
8.25,1349.01806640625,-19.571388244628906
8.26,1352.56396484375,-19.493610382080078
8.27,1354.0966796875,-19.493610382080078
8.28,1356.68603515625,-19.493610382080078
8.29,1357.452392578125,-19.493610382080078
8.3,1360.0418701171875,-19.474163055419922
8.31,1365.70166015625,-19.474163055419922
8.32,1365.79931640625,-19.474163055419922
8.33,1369.2554931640625,-19.39638328552246
8.34,1369.44580078125,-19.39638328552246
8.35,1373.0948486328125,-19.39638328552246
8.36,1377.610595703125,-19.338048934936523
8.37,1377.7056884765625,-19.260269165039062
8.38,1379.338623046875,-19.260269165039062
8.39,1385.201904296875,-19.260269165039062
8.4,1385.587646484375,-19.21165657043457
8.41,1387.416259765625,-19.21165657043457
8.42,1389.2420654296875,-19.1824893951416
8.43,1392.3203125,-19.192211151123047
8.44,1394.4395751953125,-19.1824893951416
8.45,1394.53466796875,-19.163043975830078
8.46,1396.555908203125,-19.13387680053711
8.47,1400.5987548828125,-19.163043975830078
8.48,1400.7916259765625,-19.13387680053711
8.49,1405.801513671875,-19.13387680053711
8.5,1406.861083984375,-19.13387680053711
8.51,1410.9090576171875,-19.13387680053711
8.52,1411.0069580078125,-19.13387680053711
8.53,1413.707275390625,-19.12415313720703
8.54,1417.5650634765625,-19.114431381225586
8.55,1418.0460205078125,-19.114431381225586
8.56,1420.0726318359375,-19.085264205932617
8.57,1422.292236328125,-19.085264205932617
8.58,1425.4761962890625,-18.96859359741211
8.59,1426.345458984375,-18.95886993408203
8.6,1428.662841796875,-18.93942642211914
8.61,1432.8165283203125,-18.900535583496094
8.62,1434.3623046875,-18.900535583496094
8.63,1436.58447265625,-18.900535583496094
8.64,1436.8751220703125,-18.881092071533203
8.65,1440.838623046875,-18.881092071533203
8.66,1442.482177734375,-18.871368408203125
8.67,1445.288330078125,-18.842201232910156
8.68,1451.093505859375,-18.83247947692871
8.69,1452.3511962890625,-18.793588638305664
8.7,1453.318359375,-18.83247947692871
8.71,1453.318359375,-18.78386688232422
8.72,1456.029296875,-18.77414321899414
8.73,1459.7100830078125,-18.77414321899414
8.74,1460.6798095703125,-18.72553253173828
8.75,1461.9375,-18.696365356445312
8.76,1464.8468017578125,-18.696365356445312
8.77,1470.7603759765625,-18.676918029785156
8.78,1470.953125,-18.61858367919922
8.79,1471.4393310546875,-18.550525665283203
8.8,1474.834716796875,-18.550525665283203
8.81,1474.834716796875,-18.54080581665039
8.82,1479.0069580078125,-18.54080581665039
8.83,1482.2093505859375,-18.531082153320312
8.84,1483.665283203125,-18.51163673400879
8.85,1484.928466796875,-18.521358489990234
8.86,1485.1240234375,-18.521358489990234
8.87,1485.5123291015625,-18.531082153320312
8.88,1492.89501953125,-18.521358489990234
8.89,1495.6165771484375,-18.51163673400879
8.9,1497.270751953125,-18.51163673400879
8.91,1498.145263671875,-18.51163673400879
8.92,1498.63134765625,-18.443578720092773
8.93,1502.230224609375,-18.443578720092773
8.94,1504.0772705078125,-18.433856964111328
8.95,1505.7340087890625,-18.42413330078125
8.96,1506.5107421875,-18.414411544799805
8.97,1512.4508056640625,-18.307464599609375
8.98,1513.2275390625,-18.307464599609375
8.99,1514.1048583984375,-18.307464599609375
9,1517.806884765625,-18.268573760986328
9.01,1518.1951904296875,-18.268573760986328
9.02,1521.218017578125,-18.268573760986328
9.03,1523.5565185546875,-18.268573760986328
9.04,1524.0452880859375,-18.268573760986328
9.05,1529.60205078125,-18.22968292236328
9.06,1532.0408935546875,-18.22968292236328
9.07,1532.0408935546875,-18.21023941040039
9.08,1533.309326171875,-18.21023941040039
9.09,1537.1168212890625,-18.200515747070312
9.1,1538.091796875,-18.113014221191406
9.11,1540.82666015625,-18.103290557861328
9.12,1542.3909912109375,-18.103290557861328
9.13,1547.7628173828125,-18.093568801879883
9.14,1549.7181396484375,-18.093568801879883
9.15,1550.206787109375,-18.05467987060547
9.16,1553.6287841796875,-18.04495620727539
9.17,1554.8018798828125,-18.04495620727539
9.18,1555.3885498046875,-18.04495620727539
9.19,1557.2459716796875,-18.0255126953125
9.2,1560.377197265625,-18.006065368652344
9.21,1562.2373046875,-17.99634552001953
9.22,1562.9217529296875,-17.99634552001953
9.23,1566.446533203125,-17.99634552001953
9.24,1568.404541015625,-17.957454681396484
9.25,1569.77587890625,-17.957454681396484
9.26,1571.8316650390625,-17.928287506103516
9.27,1573.6944580078125,-17.908842086791992
9.28,1577.5152587890625,-17.908842086791992
9.29,1579.57373046875,-17.908842086791992
9.3,1579.9647216796875,-17.88939666748047
9.31,1584.181884765625,-17.88939666748047
9.32,1584.8687744140625,-17.811616897583008
9.33,1586.1451416015625,-17.75328254699707
9.34,1589.2841796875,-17.75328254699707
9.35,1592.0322265625,-17.75328254699707
9.36,1592.523681640625,-17.75328254699707
9.37,1594.8779296875,-17.75328254699707
9.38,1596.4501953125,-17.75328254699707
9.39,1598.80712890625,-17.704669952392578
9.4,1602.2447509765625,-17.743558883666992
9.41,1602.638427734375,-17.6949462890625
9.42,1604.7998046875,-17.656057357788086
9.43,1608.5360107421875,-17.656057357788086
9.44,1610.1082763671875,-17.656057357788086
9.45,1612.4677734375,-17.656057357788086
9.46,1612.7637939453125,-17.636611938476562
9.47,1616.30712890625,-17.656057357788086
9.48,1616.7987060546875,-17.656057357788086
9.49,1622.2127685546875,-17.636611938476562
9.5,1622.4083251953125,-17.636611938476562
9.51,1624.7705078125,-17.636611938476562
9.52,1627.3309326171875,-17.607444763183594
9.53,1628.5146484375,-17.607444763183594
9.54,1629.8939208984375,-17.597721099853516
9.55,1630.385498046875,-17.50049591064453
9.56,1636.3992919921875,-17.48105239868164
9.57,1637.482666015625,-17.48105239868164
9.58,1638.8646240234375,-17.471328735351562
9.59,1639.55419921875,-17.471328735351562
9.6,1643.7952880859375,-17.451885223388672
9.61,1646.952880859375,-17.451885223388672
9.62,1648.2369384765625,-17.451885223388672
9.63,1649.420654296875,-17.451885223388672
9.64,1651.7908935546875,-17.403270721435547
9.65,1654.9510498046875,-17.383827209472656
9.66,1655.7412109375,-17.383827209472656
9.67,1658.8035888671875,-17.32549285888672
9.68,1660.38623046875,-17.276878356933594
9.69,1662.2623291015625,-17.276878356933594
9.7,1662.36279296875,-17.26715660095215
9.71,1664.8333740234375,-17.20882225036621
9.72,1666.6142578125,-17.228267669677734
9.73,1670.3717041015625,-17.247711181640625
9.74,1670.56982421875,-17.228267669677734
9.75,1673.9334716796875,-17.228267669677734
9.76,1675.0220947265625,-17.228267669677734
9.77,1678.486328125,-17.20882225036621
9.78,1678.684326171875,-17.189376831054688
9.79,1683.23974609375,-17.189376831054688
9.8,1684.7274169921875,-17.169931411743164
9.81,1685.3218994140625,-17.13104248046875
9.82,1686.21240234375,-17.13104248046875
9.83,1689.3831787109375,-17.169931411743164
9.84,1691.16943359375,-17.13104248046875
9.85,1695.0350341796875,-17.13104248046875
9.86,1695.9281005859375,-17.111597061157227
9.87,1696.1263427734375,-17.111597061157227
9.88,1700.0950927734375,-17.082429885864258
9.89,1701.0860595703125,-17.053260803222656
9.9,1704.0638427734375,-17.014371871948242
9.91,1706.94140625,-16.985204696655273
9.92,1711.015869140625,-16.985204696655273
9.93,1711.2139892578125,-16.985204696655273
9.94,1713.1983642578125,-16.975481033325195
9.95,1715.8829345703125,-16.96575927734375
9.96,1718.1685791015625,-16.96575927734375
9.97,1718.36669921875,-16.917146682739258
9.98,1720.4541015625,-16.917146682739258
9.99,1723.339599609375,-16.917146682739258
10,1723.5377197265625,-16.868534088134766
10.01,1726.819580078125,-16.868534088134766
10.02,1726.919921875,-16.868534088134766
10.03,1729.607177734375,-16.868534088134766
10.04,1730.204345703125,-16.868534088134766
10.05,1733.29052734375,-16.868534088134766
10.06,1734.1837158203125,-16.868534088134766
10.07,1736.6754150390625,-16.85881233215332
10.08,1737.671630859375,-16.85881233215332
10.09,1740.9586181640625,-16.82964324951172
10.1,1741.75390625,-16.819921493530273
10.11,1745.7412109375,-16.80047607421875
10.12,1747.736083984375,-16.712974548339844
10.13,1747.736083984375,-16.712974548339844
10.14,1748.531494140625,-16.712974548339844
10.15,1752.92041015625,-16.7032527923584
10.16,1753.91650390625,-16.69352912902832
10.17,1755.6129150390625,-16.69352912902832
10.18,1756.6116943359375,-16.69352912902832
10.19,1758.9078369140625,-16.654640197753906
10.2,1762.5992431640625,-16.644916534423828
10.21,1764.2982177734375,-16.644916534423828
10.22,1764.6971435546875,-16.625471115112305
10.23,1766.69482421875,-16.61574935913086
10.24,1768.3939208984375,-16.58658218383789
10.25,1770.6900634765625,-16.576858520507812
10.26,1771.591064453125,-16.528247833251953
10.27,1774.989013671875,-16.518524169921875
10.28,1775.9879150390625,-16.50880241394043
10.29,1777.287841796875,-16.50880241394043
10.3,1779.98828125,-16.49907875061035
10.31,1783.2884521484375,-16.49907875061035
10.32,1784.390380859375,-16.49907875061035
10.33,1786.5914306640625,-16.49907875061035
10.34,1788.493896484375,-16.50880241394043
10.35,1789.5958251953125,-16.50880241394043
10.36,1794.00048828125,-16.49907875061035
10.37,1795.30322265625,-16.460189819335938
10.38,1796.2042236328125,-16.45046615600586
10.39,1796.806640625,-16.460189819335938
10.4,1799.3115234375,-16.42129898071289
10.41,1802.318603515625,-16.392131805419922
10.42,1803.42041015625,-16.37268829345703
10.43,1806.128662109375,-16.34351921081543
10.44,1808.2347412109375,-16.34351921081543
10.45,1808.6336669921875,-16.333797454833984
10.46,1811.5455322265625,-16.333797454833984
10.47,1813.3502197265625,-16.275463104248047
10.48,1814.3543701171875,-16.275463104248047
10.49,1814.8563232421875,-16.275463104248047
10.5,1817.467041015625,-16.226848602294922
10.51,1820.177978515625,-16.20740509033203
10.52,1820.5797119140625,-16.20740509033203
10.53,1823.08984375,-16.20740509033203
10.54,1825.9039306640625,-16.20740509033203
10.55,1829.11962890625,-16.197681427001953
10.56,1830.6256103515625,-16.197681427001953
10.57,1832.7369384765625,-16.178237915039062
10.58,1833.8441162109375,-16.168514251708984
10.59,1834.145263671875,-16.168514251708984
10.6,1836.560302734375,-16.15879249572754
10.61,1840.484130859375,-16.168514251708984
10.62,1842.39453125,-16.15879249572754
10.63,1842.7989501953125,-16.090734481811523
10.64,1844.508544921875,-16.081012725830078
10.65,1847.2274169921875,-16.081012725830078
10.66,1848.8392333984375,-16.081012725830078
10.67,1849.7454833984375,-16.0712890625
10.68,1852.163330078125,-16.0712890625
10.69,1854.076416015625,-16.061567306518555
10.7,1858.0081787109375,-16.05184555053711
10.71,1858.5126953125,-16.05184555053711
10.72,1859.7230224609375,-16.032400131225586
10.73,1860.428466796875,-15.993509292602539
10.74,1861.5355224609375,-15.993509292602539
10.75,1864.8648681640625,-15.983786582946777
10.76,1866.278564453125,-15.993509292602539
10.77,1866.37890625,-15.983786582946777
10.78,1866.4793701171875,-15.96434211730957
10.79,1871.526123046875,-15.954619407653809
10.8,1874.1500244140625,-15.954619407653809
10.81,1875.7645263671875,-15.88656234741211
10.82,1877.88623046875,-15.88656234741211
10.83,1878.3909912109375,-15.88656234741211
10.84,1881.2208251953125,-15.876839637756348
10.85,1885.06005859375,-15.876839637756348
10.86,1885.1605224609375,-15.88656234741211
10.87,1889.409423828125,-15.88656234741211
10.88,1890.418701171875,-15.88656234741211
10.89,1890.72265625,-15.837949752807617
10.9,1891.8350830078125,-15.818504333496094
10.91,1893.0478515625,-15.818504333496094
10.92,1895.8804931640625,-15.779614448547363
10.93,1895.8804931640625,-15.779614448547363
10.94,1899.9310302734375,-15.779614448547363
10.95,1902.9671630859375,-15.779614448547363
10.96,1903.878662109375,-15.740724563598633
10.97,1905.7020263671875,-15.740724563598633
10.98,1906.005859375,-15.740724563598633
10.99,1906.106201171875,-15.740724563598633
11,1909.451416015625,-15.740724563598633
11.01,1909.9560546875,-15.740724563598633
11.02,1911.88232421875,-15.701834678649902
11.03,1916.342529296875,-15.672666549682617
11.04,1916.5460205078125,-15.672666549682617
11.05,1916.74951171875,-15.672666549682617
11.06,1919.0826416015625,-15.672666549682617
11.07,1921.92041015625,-15.672666549682617
11.08,1924.967041015625,-15.604609489440918
11.09,1926.996337890625,-15.604609489440918
11.1,1927.4007568359375,-15.604609489440918
11.11,1929.1260986328125,-15.604609489440918
11.12,1929.8367919921875,-15.594886779785156
11.13,1931.56494140625,-15.594886779785156
11.14,1934.001220703125,-15.594886779785156
11.15,1937.964599609375,-15.594886779785156
11.16,1939.6927490234375,-15.575441360473633
11.17,1939.896240234375,-15.497661590576172
11.18,1939.99658203125,-15.487939834594727
11.19,1943.962646484375,-15.478217124938965
11.2,1944.77392578125,-15.458772659301758
11.21,1948.74267578125,-15.458772659301758
11.22,1949.0465087890625,-15.478217124938965
11.23,1950.5738525390625,-15.410160064697266
11.24,1951.1842041015625,-15.410160064697266
11.25,1951.998046875,-15.410160064697266
11.26,1953.9322509765625,-15.400436401367188
11.27,1955.6629638671875,-15.400436401367188
11.28,1959.6317138671875,-15.429604530334473
11.29,1960.24462890625,-15.44904899597168
11.3,1962.8924560546875,-15.429604530334473
11.31,1963.6055908203125,-15.400436401367188
11.32,1965.0325927734375,-15.361547470092773
11.33,1967.1729736328125,-15.361547470092773
11.34,1970.0264892578125,-15.351824760437012
11.35,1971.1468505859375,-15.361547470092773
11.36,1971.8602294921875,-15.34210205078125
11.37,1974.7166748046875,-15.34210205078125
11.38,1976.1436767578125,-15.322656631469727
11.39,1976.5531005859375,-15.34210205078125
11.4,1979.1029052734375,-15.322656631469727
11.41,1980.5323486328125,-15.312934875488281
11.42,1981.7559814453125,-15.312934875488281
11.43,1985.0242919921875,-15.274044036865234
11.44,1985.7379150390625,-15.274044036865234
11.45,1989.8228759765625,-15.244876861572266
11.46,1989.9259033203125,-15.244876861572266
11.47,1990.2325439453125,-15.23515510559082
11.48,1994.3199462890625,-15.215709686279297
11.49,1994.4202880859375,-15.215709686279297
11.5,1994.5235595703125,-15.215709686279297
11.51,1999.4302978515625,-15.215709686279297
11.52,2001.1688232421875,-15.215709686279297
11.53,2003.4176025390625,-15.186542510986328
11.54,2005.3621826171875,-15.17681884765625
11.55,2006.1815185546875,-15.147651672363281
11.56,2006.8975830078125,-15.147651672363281
11.57,2010.3773193359375,-15.147651672363281
11.58,2011.0936279296875,-15.108762741088867
11.59,2012.4251708984375,-15.108762741088867
11.6,2012.6287841796875,-15.099039077758789
11.61,2015.2921142578125,-15.089317321777344
11.62,2018.0587158203125,-15.050427436828613
11.63,2018.4656982421875,-15.050427436828613
11.64,2019.2874755859375,-15.050427436828613
11.65,2019.9002685546875,-15.050427436828613
11.66,2024.6143798828125,-15.040704727172852
11.67,2026.0516357421875,-15.040704727172852
11.68,2026.5643310546875,-15.040704727172852
11.69,2026.9737548828125,-15.03098201751709
11.7,2027.4864501953125,-15.021259307861328
11.71,2030.1524658203125,-15.03098201751709
11.72,2032.8187255859375,-15.021259307861328
11.73,2034.7686767578125,-14.972646713256836
11.74,2035.7965087890625,-14.96292495727539
11.75,2038.7718505859375,-14.96292495727539
11.76,2040.2093505859375,-14.96292495727539
11.77,2042.3653564453125,-14.943479537963867
11.78,2044.9337158203125,-14.924034118652344
11.79,2045.3431396484375,-14.914312362670898
11.8,2045.6524658203125,-14.894866943359375
11.81,2048.0146484375,-14.875421524047852
11.82,2049.864013671875,-14.865699768066406
11.83,2050.685791015625,-14.865699768066406
11.84,2050.89208984375,-14.865699768066406
11.85,2056.033935546875,-14.865699768066406
11.86,2056.237548828125,-14.855977058410645
11.87,2056.855712890625,-14.855977058410645
11.88,2057.883544921875,-14.855977058410645
11.89,2060.457275390625,-14.817087173461914
11.9,2060.969970703125,-14.807365417480469
11.91,2064.88037109375,-14.807365417480469
11.92,2066.013916015625,-14.787919998168945
11.93,2067.041748046875,-14.778197288513184
11.94,2068.690673828125,-14.778197288513184
11.95,2072.9130859375,-14.778197288513184
11.96,2073.22216796875,-14.778197288513184
11.97,2074.4560546875,-14.778197288513184
11.98,2075.280517578125,-14.778197288513184
11.99,2076.620361328125,-14.778197288513184
12,2077.75390625,-14.71986198425293
12.01,2079.50830078125,-14.71986198425293
12.02,2081.46630859375,-14.71986198425293
12.03,2083.011962890625,-14.71986198425293
12.04,2085.797119140625,-14.71986198425293
12.05,2086.724609375,-14.71986198425293
12.06,2087.448486328125,-14.71986198425293
12.07,2091.366943359375,-14.71986198425293
12.08,2092.400146484375,-14.642082214355469
12.09,2094.981689453125,-14.642082214355469
12.1,2095.290771484375,-14.632359504699707
12.11,2096.117919921875,-14.632359504699707
12.12,2098.49072265625,-14.6129150390625
12.13,2099.11181640625,-14.603191375732422
12.14,2100.55712890625,-14.593469619750977
12.15,2102.93505859375,-14.593469619750977
12.16,2105.00146484375,-14.593469619750977
12.17,2105.20751953125,-14.583747863769531
12.18,2106.1376953125,-14.583747863769531
12.19,2107.27392578125,-14.583747863769531
12.2,2108.409912109375,-14.515689849853516
12.21,2113.47802734375,-14.583747863769531
12.22,2114.926025390625,-14.515689849853516
12.23,2115.7529296875,-14.515689849853516
12.24,2116.479736328125,-14.515689849853516
12.25,2119.375732421875,-14.515689849853516
12.26,2119.581787109375,-14.515689849853516
12.27,2119.684814453125,-14.505967140197754
12.28,2123.930908203125,-14.476799964904785
12.29,2125.06982421875,-14.476799964904785
12.3,2126.414794921875,-14.457354545593262
12.31,2126.62353515625,-14.457354545593262
12.32,2127.038330078125,-14.437910079956055
12.33,2130.7666015625,-14.428186416625977
12.34,2134.185791015625,-14.428186416625977
12.35,2134.6005859375,-14.428186416625977
12.36,2135.636474609375,-14.389297485351562
12.37,2136.881103515625,-14.428186416625977
12.38,2138.0224609375,-14.389297485351562
12.39,2138.33154296875,-14.3795747756958
12.4,2141.756103515625,-14.3795747756958
12.41,2143.41552734375,-14.3795747756958
12.42,2143.830322265625,-14.369852066040039
12.43,2144.0390625,-14.369852066040039
12.44,2147.2548828125,-14.360130310058594
12.45,2149.537841796875,-14.360130310058594
12.46,2150.3701171875,-14.360130310058594
12.47,2150.887939453125,-14.350406646728516
12.48,2153.379638671875,-14.321239471435547
12.49,2156.391845703125,-14.311517715454102
12.5,2157.430419921875,-14.311517715454102
12.51,2160.236572265625,-14.311517715454102
12.52,2161.27490234375,-14.311517715454102
12.53,2161.586669921875,-14.311517715454102
12.54,2162.212890625,-14.301794052124023
12.55,2164.49853515625,-14.301794052124023
12.56,2165.642578125,-14.292072296142578
12.57,2166.786865234375,-14.292072296142578
12.58,2166.889892578125,-14.282349586486816
12.59,2170.8427734375,-14.243459701538086
12.6,2174.069091796875,-14.243459701538086
12.61,2174.27783203125,-14.243459701538086
12.62,2175.00439453125,-14.23373794555664
12.63,2175.110107421875,-14.23373794555664
12.64,2181.250732421875,-14.204569816589355
12.65,2182.6064453125,-14.204569816589355
12.66,2183.126953125,-14.204569816589355
12.67,2183.856201171875,-14.194847106933594
12.68,2185.208984375,-14.194847106933594
12.69,2185.314697265625,-14.185124397277832
12.7,2189.6904296875,-14.175402641296387
12.71,2190.734130859375,-14.175402641296387
12.72,2191.0458984375,-14.136512756347656
12.73,2191.254638671875,-14.136512756347656
12.74,2191.56640625,-14.136512756347656
12.75,2194.383056640625,-14.126789093017578
12.76,2195.112548828125,-14.117067337036133
12.77,2195.6328125,-14.087900161743164
12.78,2200.328369140625,-14.087900161743164
12.79,2202.727783203125,-14.087900161743164
12.8,2202.936279296875,-14.087900161743164
12.81,2204.29443359375,-14.058732986450195
12.82,2205.12939453125,-14.039287567138672
12.83,2205.547119140625,-14.02956485748291
12.84,2206.3818359375,-14.039287567138672
12.85,2208.471923828125,-14.039287567138672
12.86,2211.185791015625,-14.039287567138672
12.87,2213.38134765625,-14.039287567138672
12.88,2215.1572265625,-14.039287567138672
12.89,2216.20068359375,-14.02956485748291
12.9,2216.723876953125,-14.019842147827148
12.91,2218.29345703125,-14.019842147827148
12.92,2220.383544921875,-14.000397682189941
12.93,2221.218505859375,-13.99067497253418
12.94,2224.672119140625,-13.99067497253418
12.95,2225.089599609375,-13.99067497253418
12.96,2225.92724609375,-13.99067497253418
12.97,2226.0302734375,-13.961507797241211
12.98,2228.751953125,-13.99067497253418
12.99,2232.205322265625,-13.951784133911133
13,2232.728515625,-13.942062377929688
13.01,2233.148681640625,-13.951784133911133
13.02,2235.555908203125,-13.942062377929688
13.03,2236.393310546875,-13.932339668273926
13.04,2237.23095703125,-13.912895202636719
13.05,2239.11767578125,-13.912895202636719
13.06,2241.630615234375,-13.883727073669434
13.07,2243.411376953125,-13.883727073669434
13.08,2243.83154296875,-13.874004364013672
13.09,2244.354736328125,-13.874004364013672
13.1,2247.39599609375,-13.835115432739258
13.11,2248.548095703125,-13.844837188720703
13.12,2249.073974609375,-13.835115432739258
13.13,2250.228515625,-13.82539176940918
13.14,2252.4296875,-13.786502838134766
13.15,2253.898681640625,-13.776780128479004
13.16,2254.63330078125,-13.767057418823242
13.17,2256.1025390625,-13.767057418823242
13.18,2257.257080078125,-13.75733470916748
13.19,2259.56640625,-13.776780128479004
13.2,2259.775390625,-13.75733470916748
13.21,2262.296142578125,-13.747611999511719
13.22,2262.716064453125,-13.747611999511719
13.23,2262.9248046875,-13.747611999511719
13.24,2267.23193359375,-13.71844482421875
13.25,2270.69873046875,-13.71844482421875
13.26,2271.224609375,-13.708722114562988
13.27,2272.6962890625,-13.71844482421875
13.28,2273.1162109375,-13.708722114562988
13.29,2275.74560546875,-13.698999404907227
13.3,2276.06005859375,-13.689277648925781
13.31,2276.16552734375,-13.689277648925781
13.32,2279.109130859375,-13.67955493927002
13.33,2279.42626953125,-13.67955493927002
13.34,2282.160888671875,-13.650386810302734
13.35,2283.738525390625,-13.650386810302734
13.36,2283.738525390625,-13.650386810302734
13.37,2287.213134765625,-13.640665054321289
13.38,2289.21337890625,-13.640665054321289
13.39,2289.52783203125,-13.630942344665527
13.4,2290.37060546875,-13.630942344665527
13.41,2291.6337890625,-13.592052459716797
13.42,2293.00244140625,-13.592052459716797
13.43,2293.7421875,-13.592052459716797
13.44,2294.056884765625,-13.592052459716797
13.45,2295.216796875,-13.592052459716797
13.46,2297.111328125,-13.592052459716797
13.47,2298.799560546875,-13.592052459716797
13.48,2302.382568359375,-13.572607040405273
13.49,2302.69970703125,-13.572607040405273
13.5,2303.119873046875,-13.572607040405273
13.51,2303.43701171875,-13.572607040405273
13.52,2303.965576171875,-13.562885284423828
13.53,2306.811279296875,-13.562885284423828
13.54,2309.23681640625,-13.553162574768066
13.55,2310.293701171875,-13.523994445800781
13.56,2311.13671875,-13.523994445800781
13.57,2311.6650390625,-13.533717155456543
13.58,2315.570556640625,-13.514272689819336
13.59,2317.470458984375,-13.514272689819336
13.6,2318.738525390625,-13.514272689819336
13.61,2320.215576171875,-13.514272689819336
13.62,2320.321533203125,-13.504549980163574
13.63,2321.801025390625,-13.494827270507812
13.64,2323.386474609375,-13.475381851196289
13.65,2324.232177734375,-13.475381851196289
13.66,2324.546630859375,-13.455937385559082
13.67,2324.760498046875,-13.436492919921875
13.68,2326.34326171875,-13.387880325317383
13.69,2327.6142578125,-13.387880325317383
13.7,2329.093994140625,-13.378157615661621
13.71,2329.939453125,-13.378157615661621
13.72,2332.6875,-13.358712196350098
13.73,2334.48681640625,-13.358712196350098
13.74,2334.592529296875,-13.378157615661621
13.75,2336.91796875,-13.358712196350098
13.76,2337.23486328125,-13.358712196350098
13.77,2339.671142578125,-13.348989486694336
13.78,2341.78759765625,-13.329545021057129
13.79,2344.115478515625,-13.387880325317383
13.8,2345.175048828125,-13.329545021057129
13.81,2346.76318359375,-13.387880325317383
13.82,2347.717041015625,-13.387880325317383
13.83,2348.35107421875,-13.329545021057129
13.84,2348.88232421875,-13.329545021057129
13.85,2349.41064453125,-13.329545021057129
13.86,2352.58935546875,-13.329545021057129
13.87,2354.28564453125,-13.348989486694336
13.88,2354.70849609375,-13.310099601745605
13.89,2355.662353515625,-13.310099601745605
13.9,2356.619140625,-13.271209716796875
13.91,2358.63232421875,-13.261487007141113
13.92,2360.01171875,-13.261487007141113
13.93,2360.645751953125,-13.261487007141113
13.94,2362.344970703125,-13.251765251159668
13.95,2364.36083984375,-13.251765251159668
13.96,2365.526123046875,-13.242042541503906
13.97,2370.1953125,-13.242042541503906
13.98,2371.363037109375,-13.242042541503906
13.99,2372.108154296875,-13.232319831848145
14,2372.8505859375,-13.183707237243652
14.01,2373.17041015625,-13.183707237243652
14.02,2374.33837890625,-13.183707237243652
14.03,2375.400634765625,-13.17398452758789
14.04,2377.842041015625,-13.164262771606445
14.05,2377.950439453125,-13.154540061950684
14.06,2378.373291015625,-13.164262771606445
14.07,2379.543701171875,-13.17398452758789
14.08,2380.39453125,-13.164262771606445
14.09,2383.369873046875,-13.164262771606445
14.1,2383.686767578125,-13.164262771606445
14.11,2385.494140625,-13.125371932983398
14.12,2385.81396484375,-13.125371932983398
14.13,2386.239501953125,-13.164262771606445
14.14,2388.68603515625,-13.164262771606445
14.15,2391.027099609375,-13.144817352294922
14.16,2392.3037109375,-13.125371932983398
14.17,2393.685302734375,-13.144817352294922
14.18,2394.644775390625,-13.115650177001953
14.19,2396.560302734375,-13.115650177001953
14.2,2396.665771484375,-13.115650177001953
14.21,2400.497314453125,-13.115650177001953
14.22,2400.92529296875,-13.09620475769043
14.23,2402.94921875,-13.09620475769043
14.24,2403.05517578125,-13.076760292053223
14.25,2405.718505859375,-13.076760292053223
14.26,2406.888916015625,-13.076760292053223
14.27,2408.0625,-13.076760292053223
14.28,2409.875,-13.0573148727417
14.29,2410.93994140625,-13.0573148727417
14.3,2411.36767578125,-13.0573148727417
14.31,2413.1806640625,-13.047592163085938
14.32,2414.2451171875,-13.037870407104492
14.33,2414.670654296875,-13.018424987792969
14.34,2416.05810546875,-13.018424987792969
14.35,2416.27197265625,-13.008702278137207
14.36,2417.764892578125,-12.9892578125
14.37,2420.430908203125,-12.969812393188477
14.38,2421.1787109375,-12.969812393188477
14.39,2421.498291015625,-12.969812393188477
14.4,2422.0322265625,-12.969812393188477
14.41,2422.56591796875,-12.969812393188477
14.42,2424.806640625,-12.969812393188477
14.43,2424.914794921875,-12.969812393188477
14.44,2425.234619140625,-12.969812393188477
14.45,2428.970947265625,-12.969812393188477
14.46,2430.89453125,-12.960089683532715
14.47,2431.42822265625,-12.960089683532715
14.48,2432.39013671875,-12.960089683532715
14.49,2433.780029296875,-12.960089683532715
14.5,2434.2080078125,-12.960089683532715
14.51,2435.809326171875,-12.930922508239746
14.52,2437.947021484375,-12.930922508239746
14.53,2439.656494140625,-12.930922508239746
14.54,2441.154541015625,-12.930922508239746
14.55,2441.796630859375,-12.911478042602539
14.56,2442.972412109375,-12.862865447998047
14.57,2443.400634765625,-12.862865447998047
14.58,2443.50634765625,-12.853141784667969
14.59,2446.716796875,-12.853141784667969
14.6,2447.03662109375,-12.862865447998047
14.61,2448.106689453125,-12.853141784667969
14.62,2448.215087890625,-12.843420028686523
14.63,2452.38720703125,-12.853141784667969
14.64,2454.10205078125,-12.853141784667969
14.65,2454.530029296875,-12.853141784667969
14.66,2454.6357421875,-12.843420028686523
14.67,2456.3505859375,-12.843420028686523
14.68,2457.4208984375,-12.833697319030762
14.69,2458.921630859375,-12.814252853393555
14.7,2461.17041015625,-12.804530143737793
14.71,2461.81494140625,-12.804530143737793
14.72,2463.52734375,-12.804530143737793
14.73,2464.60009765625,-12.804530143737793
14.74,2465.6728515625,-12.804530143737793
14.75,2466.52880859375,-12.804530143737793
14.76,2466.52880859375,-12.775362014770508
14.77,2468.994384765625,-12.775362014770508
14.78,2469.31640625,-12.746194839477539
14.79,2472.106689453125,-12.736472129821777
14.8,2472.640625,-12.726750373840332
14.81,2473.177001953125,-12.726750373840332
14.82,2473.71337890625,-12.736472129821777
14.83,2476.934326171875,-12.726750373840332
14.84,2477.256591796875,-12.726750373840332
14.85,2477.3623046875,-12.726750373840332
14.86,2480.797607421875,-12.726750373840332
14.87,2481.65625,-12.726750373840332
14.88,2482.731689453125,-12.71702766418457
14.89,2484.235107421875,-12.71702766418457
14.9,2484.3408203125,-12.707304954528809
14.91,2484.3408203125,-12.707304954528809
14.92,2487.4560546875,-12.697582244873047
14.93,2487.7783203125,-12.697582244873047
14.94,2488.209228515625,-12.697582244873047
14.95,2488.3173828125,-12.697582244873047
14.96,2489.06787109375,-12.687859535217285
14.97,2491.002197265625,-12.67813777923584
14.98,2493.2587890625,-12.67813777923584
14.99,2496.16259765625,-12.648969650268555
15,2497.7744140625,-12.658692359924316
15.01,2499.06640625,-12.648969650268555
15.02,2499.2802734375,-12.658692359924316
15.03,2499.388916015625,-12.648969650268555
15.04,2500.464111328125,-12.629525184631348
15.05,2500.894775390625,-12.629525184631348
15.06,2501.433837890625,-12.629525184631348
15.07,2503.80126953125,-12.619802474975586
15.08,2505.3076171875,-12.600357055664062
15.09,2507.783203125,-12.600357055664062
15.1,2508.644775390625,-12.600357055664062
15.11,2508.753173828125,-12.561468124389648
15.12,2510.36767578125,-12.561468124389648
15.13,2511.12060546875,-12.561468124389648
15.14,2511.443115234375,-12.542022705078125
15.15,2514.46044921875,-12.542022705078125
15.16,2514.56884765625,-12.542022705078125
15.17,2515.644287109375,-12.532299995422363
15.18,2516.939208984375,-12.532299995422363
15.19,2519.41748046875,-12.532299995422363
15.2,2520.92626953125,-12.532299995422363
15.21,2521.03466796875,-12.532299995422363
15.22,2522.11279296875,-12.503132820129395
15.23,2523.94384765625,-12.493410110473633
15.24,2524.37451171875,-12.493410110473633
15.25,2525.777587890625,-12.483687400817871
15.26,2525.994384765625,-12.483687400817871
15.27,2526.316650390625,-12.47396469116211
15.28,2528.2587890625,-12.47396469116211
15.29,2531.38720703125,-12.47396469116211
15.3,2531.820556640625,-12.47396469116211
15.31,2532.359619140625,-12.47396469116211
15.32,2532.468017578125,-12.47396469116211
15.33,2536.13818359375,-12.47396469116211
15.34,2536.78564453125,-12.464242935180664
15.35,2537.432861328125,-12.464242935180664
15.36,2538.1884765625,-12.44479751586914
15.37,2538.297119140625,-12.415630340576172
15.38,2540.67236328125,-12.40590763092041
15.39,2541.214111328125,-12.40590763092041
15.4,2542.294921875,-12.396184921264648
15.41,2545.967529296875,-12.396184921264648
15.42,2545.967529296875,-12.386462211608887
15.43,2546.184326171875,-12.386462211608887
15.44,2547.156494140625,-12.386462211608887
15.45,2547.481689453125,-12.386462211608887
15.46,2548.345458984375,-12.386462211608887
15.47,2550.184814453125,-12.386462211608887
15.48,2552.345947265625,-12.386462211608887
15.49,2554.29345703125,-12.386462211608887
15.5,2554.510009765625,-12.396184921264648
15.51,2556.132568359375,-12.396184921264648
15.52,2556.349365234375,-12.396184921264648
15.53,2557.10498046875,-12.396184921264648
15.54,2557.213134765625,-12.396184921264648
15.55,2557.429931640625,-12.396184921264648
15.56,2559.810791015625,-12.396184921264648
15.57,2560.67724609375,-12.396184921264648
15.58,2562.84130859375,-12.376739501953125
15.59,2562.84130859375,-12.347572326660156
15.6,2563.16650390625,-12.337850570678711
15.61,2565.441650390625,-12.337850570678711
15.62,2567.716552734375,-12.337850570678711
15.63,2569.774658203125,-12.337850570678711
15.64,2570.099853515625,-12.337850570678711
15.65,2570.6416015625,-12.318405151367188
15.66,2571.61669921875,-12.318405151367188
15.67,2572.91650390625,-12.308682441711426
15.68,2574.216552734375,-12.308682441711426
15.69,2574.866455078125,-12.308682441711426
15.7,2576.927490234375,-12.308682441711426
15.71,2577.57763671875,-12.308682441711426
15.72,2577.79443359375,-12.298959732055664
15.73,2579.638671875,-12.298959732055664
15.74,2580.505126953125,-12.298959732055664
15.75,2581.155517578125,-12.289237976074219
15.76,2582.674560546875,-12.269792556762695
15.77,2583.324462890625,-12.240625381469727
15.78,2583.54150390625,-12.240625381469727
15.79,2586.255126953125,-12.230902671813965
15.8,2587.341064453125,-12.230902671813965
15.81,2587.666015625,-12.230902671813965
15.82,2588.099365234375,-12.221179962158203
15.83,2588.535400390625,-12.230902671813965
15.84,2589.9462890625,-12.230902671813965
15.85,2592.118408203125,-12.230902671813965
15.86,2592.659912109375,-12.230902671813965
15.87,2595.048583984375,-12.230902671813965
15.88,2596.134521484375,-12.221179962158203
15.89,2597.65673828125,-12.221179962158203
15.9,2597.65673828125,-12.182290077209473
15.91,2600.15625,-12.182290077209473
15.92,2601.134033203125,-12.172567367553711
15.93,2603.091796875,-12.182290077209473
15.94,2603.525146484375,-12.172567367553711
15.95,2604.61376953125,-12.16284465789795
15.96,2604.61376953125,-12.153122901916504
15.97,2605.80810546875,-12.16284465789795
15.98,2606.68017578125,-12.153122901916504
15.99,2606.68017578125,-12.153122901916504
16,2607.54931640625,-12.153122901916504
16.01,2609.2880859375,-12.153122901916504
16.02,2609.507568359375,-12.153122901916504
16.03,2611.46533203125,-12.153122901916504
16.04,2611.9013671875,-12.153122901916504
16.05,2611.9013671875,-12.153122901916504
16.06,2612.553955078125,-12.13367748260498
16.07,2613.9677734375,-12.13367748260498
16.08,2614.18701171875,-12.13367748260498
16.09,2617.452880859375,-12.13367748260498
16.1,2619.083251953125,-12.123954772949219
16.11,2619.519287109375,-12.104510307312012
16.12,2621.915771484375,-12.104510307312012
16.13,2622.024169921875,-12.085064888000488
16.14,2622.568359375,-12.085064888000488
16.15,2622.568359375,-12.085064888000488
16.16,2624.856689453125,-12.075342178344727
16.17,2626.8173828125,-12.065620422363281
16.18,2627.689208984375,-12.065620422363281
16.19,2630.96044921875,-12.065620422363281
16.2,2630.96044921875,-12.05589771270752
16.21,2631.1796875,-12.046175003051758
16.22,2631.94091796875,-12.046175003051758
16.23,2632.268310546875,-12.017007827758789
16.24,2632.48779296875,-12.017007827758789
16.25,2634.55908203125,-12.017007827758789
16.26,2635.322998046875,-12.017007827758789
16.27,2636.958740234375,-12.007285118103027
16.28,2637.2861328125,-12.007285118103027
16.29,2638.921630859375,-12.007285118103027
16.3,2639.90478515625,-12.007285118103027
16.31,2640.3408203125,-12.007285118103027
16.32,2640.885009765625,-12.007285118103027
16.33,2641.978759765625,-11.978117942810059
16.34,2642.303955078125,-11.968395233154297
16.35,2642.523193359375,-11.968395233154297
16.36,2643.833984375,-11.958672523498535
16.37,2645.144287109375,-11.958672523498535
16.38,2645.799560546875,-11.948949813842773
16.39,2645.907958984375,-11.948949813842773
16.4,2647.107666015625,-11.929505348205566
16.41,2648.85693359375,-11.929505348205566
16.42,2649.9482421875,-11.948949813842773
16.43,2650.16748046875,-11.948949813842773
16.44,2653.882568359375,-11.929505348205566
16.45,2654.09912109375,-11.929505348205566
16.46,2654.318359375,-11.929505348205566
16.47,2658.14453125,-11.929505348205566
16.48,2658.361328125,-11.948949813842773
16.49,2658.472412109375,-11.948949813842773
16.5,2658.58056640625,-11.939228057861328
16.51,2659.455078125,-11.939228057861328
16.52,2661.53466796875,-11.939228057861328
16.53,2662.409423828125,-11.939228057861328
16.54,2664.70556640625,-11.948949813842773
16.55,2665.032958984375,-11.939228057861328
16.56,2666.126953125,-11.939228057861328
16.57,2666.346435546875,-11.939228057861328
16.58,2667.2236328125,-11.939228057861328
16.59,2667.87890625,-11.929505348205566
16.6,2670.2861328125,-11.929505348205566
16.61,2670.944091796875,-11.910059928894043
16.62,2671.05224609375,-11.910059928894043
16.63,2672.14892578125,-11.910059928894043
16.64,2673.462158203125,-11.900337219238281
16.65,2673.681640625,-11.900337219238281
16.66,2674.6669921875,-11.880892753601074
16.67,2677.07421875,-11.86144733428955
16.68,2677.951416015625,-11.851724624633789
16.69,2678.609130859375,-11.851724624633789
16.7,2679.922607421875,-11.851724624633789
16.71,2680.03369140625,-11.851724624633789
16.72,2680.361328125,-11.842002868652344
16.73,2680.361328125,-11.842002868652344
16.74,2681.67724609375,-11.82255744934082
16.75,2683.978515625,-11.82255744934082
16.76,2684.528076171875,-11.82255744934082
16.77,2685.513916015625,-11.812835693359375
16.78,2687.595703125,-11.803112983703613
16.79,2687.92626953125,-11.803112983703613
16.8,2688.25390625,-11.793390274047852
16.81,2689.7890625,-11.803112983703613
16.82,2690.119384765625,-11.793390274047852
16.83,2690.77734375,-11.793390274047852
16.84,2692.862060546875,-11.793390274047852
16.85,2694.288818359375,-11.793390274047852
16.86,2694.397216796875,-11.78366756439209
16.87,2696.2626953125,-11.78366756439209
16.88,2697.581298828125,-11.78366756439209
16.89,2698.569580078125,-11.764223098754883
16.9,2699.446533203125,-11.764223098754883
16.91,2700.104736328125,-11.754500389099121
16.92,2702.5224609375,-11.754500389099121
16.93,2702.74169921875,-11.754500389099121
16.94,2702.961181640625,-11.754500389099121
16.95,2703.18017578125,-11.754500389099121
16.96,2704.060302734375,-11.74477767944336
16.97,2705.3759765625,-11.754500389099121
16.98,2705.8173828125,-11.754500389099121
16.99,2706.916748046875,-11.74477767944336
17,2707.793701171875,-11.735054969787598
17.01,2708.89306640625,-11.735054969787598
17.02,2709.662109375,-11.735054969787598
17.03,2711.19970703125,-11.725332260131836
17.04,2712.95947265625,-11.725332260131836
17.05,2713.950439453125,-11.725332260131836
17.06,2714.169921875,-11.725332260131836
17.07,2714.169921875,-11.705887794494629
17.08,2715.59912109375,-11.705887794494629
17.09,2716.037841796875,-11.696165084838867
17.1,2718.1279296875,-11.696165084838867
17.11,2718.239013671875,-11.686442375183105
17.12,2719.11865234375,-11.686442375183105
17.13,2719.557373046875,-11.686442375183105
17.14,2721.9775390625,-11.676719665527344
17.15,2722.4189453125,-11.676719665527344
17.16,2724.40087890625,-11.686442375183105
17.17,2724.6201171875,-11.676719665527344
17.18,2724.83935546875,-11.657275199890137
17.19,2725.721923828125,-11.657275199890137
17.2,2726.93212890625,-11.657275199890137
17.21,2728.802734375,-11.647552490234375
17.22,2729.02490234375,-11.647552490234375
17.23,2729.46630859375,-11.647552490234375
17.24,2730.126708984375,-11.647552490234375
17.25,2730.345947265625,-11.637829780578613
17.26,2732.219482421875,-11.637829780578613
17.27,2732.98828125,-11.628108024597168
17.28,2733.759765625,-11.618385314941406
17.29,2735.192138671875,-11.618385314941406
17.3,2735.413818359375,-11.618385314941406
17.31,2735.522216796875,-11.608662605285645
17.32,2736.40478515625,-11.598939895629883
17.33,2737.947998046875,-11.598939895629883
17.34,2738.719482421875,-11.598939895629883
17.35,2739.0498046875,-11.589218139648438
17.36,2740.043212890625,-11.589218139648438
17.37,2742.910400390625,-11.569772720336914
17.38,2743.681884765625,-11.569772720336914
17.39,2744.89453125,-11.560050010681152
17.4,2744.89453125,-11.560050010681152
17.41,2746.989990234375,-11.560050010681152
17.42,2747.542236328125,-11.55032730102539
17.43,2747.872314453125,-11.540605545043945
17.44,2747.872314453125,-11.55032730102539
17.45,2749.74853515625,-11.540605545043945
17.46,2749.970458984375,-11.55032730102539
17.47,2750.411865234375,-11.530882835388184
17.48,2750.853271484375,-11.530882835388184
17.49,2751.072265625,-11.530882835388184
17.5,2755.268310546875,-11.530882835388184
17.51,2756.48388671875,-11.530882835388184
17.52,2756.59228515625,-11.530882835388184
17.53,2757.0361328125,-11.530882835388184
17.54,2757.25537109375,-11.530882835388184
17.55,2758.140625,-11.501714706420898
17.56,2758.35986328125,-11.501714706420898
17.57,2759.46435546875,-11.491992950439453
17.58,2759.686279296875,-11.491992950439453
17.59,2759.797119140625,-11.482270240783691
17.6,2762.891357421875,-11.462824821472168
17.61,2763.110595703125,-11.462824821472168
17.62,2763.552001953125,-11.462824821472168
17.63,2764.6591796875,-11.462824821472168
17.64,2764.77001953125,-11.462824821472168
17.65,2767.090087890625,-11.462824821472168
17.66,2768.197021484375,-11.462824821472168
17.67,2769.079833984375,-11.443380355834961
17.68,2769.301513671875,-11.4336576461792
17.69,2771.40234375,-11.4336576461792
17.7,2772.509521484375,-11.4336576461792
17.71,2772.950927734375,-11.423934936523438
17.72,2772.950927734375,-11.414212226867676
17.73,2772.950927734375,-11.414212226867676
17.74,2773.172607421875,-11.414212226867676
17.75,2775.1650390625,-11.414212226867676
17.76,2776.050048828125,-11.40449047088623
17.77,2776.602294921875,-11.40449047088623
17.78,2778.48388671875,-11.40449047088623
17.79,2778.48388671875,-11.40449047088623
17.8,2779.591064453125,-11.40449047088623
17.81,2780.254150390625,-11.40449047088623
17.82,2781.583251953125,-11.394767761230469
17.83,2781.805419921875,-11.394767761230469
17.84,2782.357177734375,-11.385045051574707
17.85,2784.793701171875,-11.385045051574707
17.86,2786.01171875,-11.385045051574707
17.87,2786.01171875,-11.385045051574707
17.88,2786.3447265625,-11.385045051574707
17.89,2786.677490234375,-11.375322341918945
17.9,2786.78857421875,-11.375322341918945
17.91,2788.11767578125,-11.3656005859375
17.92,2788.672607421875,-11.3656005859375
17.93,2789.44677734375,-11.3656005859375
17.94,2790.001708984375,-11.355877876281738
17.95,2790.886962890625,-11.355877876281738
17.96,2790.997802734375,-11.355877876281738
17.97,2791.774658203125,-11.355877876281738
17.98,2793.21484375,-11.355877876281738
17.99,2795.653564453125,-11.355877876281738
18,2796.097412109375,-11.355877876281738
18.01,2796.3193359375,-11.355877876281738
18.02,2797.318115234375,-11.346155166625977
18.03,2799.313232421875,-11.346155166625977
18.04,2799.64599609375,-11.346155166625977
18.05,2801.532958984375,-11.346155166625977
18.06,2802.3095703125,-11.346155166625977
18.07,2802.3095703125,-11.346155166625977
18.08,2802.42041015625,-11.346155166625977
18.09,2803.86328125,-11.346155166625977
18.1,2804.86181640625,-11.346155166625977
18.11,2806.415771484375,-11.346155166625977
18.12,2807.192626953125,-11.346155166625977
18.13,2807.858642578125,-11.326709747314453
18.14,2807.969482421875,-11.326709747314453
18.15,2808.191162109375,-11.307265281677246
18.16,2808.413330078125,-11.307265281677246
18.17,2808.857421875,-11.297542572021484
18.18,2809.85595703125,-11.287819862365723
18.19,2809.966796875,-11.287819862365723
18.2,2811.523193359375,-11.287819862365723
18.21,2812.743896484375,-11.287819862365723
18.22,2813.6318359375,-11.287819862365723
18.23,2814.5224609375,-11.268375396728516
18.24,2814.744384765625,-11.258652687072754
18.25,2815.29931640625,-11.258652687072754
18.26,2815.854248046875,-11.268375396728516
18.27,2816.744384765625,-11.258652687072754
18.28,2818.41162109375,-11.258652687072754
18.29,2818.52294921875,-11.258652687072754
18.3,2818.6337890625,-11.258652687072754
18.31,2822.1904296875,-11.258652687072754
18.32,2822.7451171875,-11.258652687072754
18.33,2822.96728515625,-11.258652687072754
18.34,2823.41357421875,-11.258652687072754
18.35,2824.301513671875,-11.258652687072754
18.36,2824.969970703125,-11.258652687072754
18.37,2825.860595703125,-11.258652687072754
18.38,2827.083984375,-11.248929977416992
18.39,2827.416748046875,-11.248929977416992
18.4,2827.528076171875,-11.248929977416992
18.41,2827.638916015625,-11.248929977416992
18.42,2828.751220703125,-11.219762802124023
18.43,2829.6416015625,-11.210040092468262
18.44,2830.088134765625,-11.210040092468262
18.45,2832.31298828125,-11.210040092468262
18.46,2833.536376953125,-11.210040092468262
18.47,2833.983154296875,-11.210040092468262
18.48,2835.763916015625,-11.210040092468262
18.49,2836.654541015625,-11.210040092468262
18.5,2836.765380859375,-11.219762802124023
18.51,2837.322998046875,-11.219762802124023
18.52,2837.88037109375,-11.219762802124023
18.53,2838.102294921875,-11.210040092468262
18.54,2838.54638671875,-11.2003173828125
18.55,2839.21484375,-11.190595626831055
18.56,2840.44091796875,-11.2003173828125
18.57,2841.888916015625,-11.2003173828125
18.58,2843.001220703125,-11.190595626831055
18.59,2843.67236328125,-11.190595626831055
18.6,2844.56298828125,-11.190595626831055
18.61,2844.56298828125,-11.190595626831055
18.62,2844.8984375,-11.190595626831055
18.63,2846.457275390625,-11.190595626831055
18.64,2846.457275390625,-11.190595626831055
18.65,2846.568359375,-11.190595626831055
18.66,2849.46728515625,-11.16142749786377
18.67,2849.578125,-11.151704788208008
18.68,2849.802490234375,-11.151704788208008
18.69,2850.582275390625,-11.1322603225708
18.7,2851.028564453125,-11.122537612915039
18.71,2852.36572265625,-11.122537612915039
18.72,2853.147705078125,-11.122537612915039
18.73,2853.147705078125,-11.112814903259277
18.74,2853.147705078125,-11.103093147277832
18.75,2854.595947265625,-11.103093147277832
18.76,2856.60400390625,-11.103093147277832
18.77,2856.717529296875,-11.103093147277832
18.78,2857.38623046875,-11.103093147277832
18.79,2858.057373046875,-11.103093147277832
18.8,2858.279052734375,-11.09337043762207
18.81,2858.279052734375,-11.09337043762207
18.82,2859.954345703125,-11.09337043762207
18.83,2861.0693359375,-11.09337043762207
18.84,2861.626953125,-11.09337043762207
18.85,2862.74462890625,-11.09337043762207
18.86,2862.74462890625,-11.09337043762207
18.87,2862.855712890625,-11.09337043762207
18.88,2862.966552734375,-11.09337043762207
18.89,2863.4130859375,-11.083647727966309
18.9,2865.534912109375,-11.103093147277832
18.91,2866.2060546875,-11.103093147277832
18.92,2866.42822265625,-11.083647727966309
18.93,2866.652587890625,-11.083647727966309
18.94,2866.763671875,-11.083647727966309
18.95,2867.65673828125,-11.083647727966309
18.96,2868.885498046875,-11.064203262329102
18.97,2871.3427734375,-11.064203262329102
18.98,2871.45654296875,-11.05448055267334
18.99,2871.45654296875,-11.05448055267334
19,2872.349609375,-11.05448055267334
19.01,2874.24951171875,-11.044757843017578
19.02,2874.69580078125,-11.035035133361816
19.03,2874.920654296875,-11.035035133361816
19.04,2875.70263671875,-11.035035133361816
19.05,2876.484619140625,-11.025312423706055
19.06,2877.380615234375,-11.025312423706055
19.07,2877.602294921875,-11.025312423706055
19.08,2878.833984375,-11.025312423706055
19.09,2880.51171875,-11.025312423706055
19.1,2881.182861328125,-11.01559066772461
19.11,2881.96484375,-11.01559066772461
19.12,2882.300537109375,-11.01559066772461
19.13,2882.411376953125,-11.01559066772461
19.14,2882.86083984375,-11.01559066772461
19.15,2883.307373046875,-11.005867958068848
19.16,2885.54541015625,-10.996145248413086
19.17,2885.54541015625,-10.996145248413086
19.18,2886.552001953125,-10.996145248413086
19.19,2886.8876953125,-10.996145248413086
19.2,2887.001220703125,-11.005867958068848
19.21,2887.225830078125,-10.996145248413086
19.22,2888.118896484375,-10.996145248413086
19.23,2888.568115234375,-10.996145248413086
19.24,2889.0146484375,-10.996145248413086
19.25,2890.470458984375,-10.986422538757324
19.26,2890.583984375,-10.986422538757324
19.27,2891.477294921875,-10.986422538757324
19.28,2892.151123046875,-10.986422538757324
19.29,2892.48681640625,-10.986422538757324
19.3,2893.493408203125,-10.976699829101562
19.31,2894.38916015625,-10.957255363464355
19.32,2894.502685546875,-10.957255363464355
19.33,2897.63916015625,-10.957255363464355
19.34,2898.310302734375,-10.957255363464355
19.35,2898.423828125,-10.957255363464355
19.36,2898.98388671875,-10.957255363464355
19.37,2899.319580078125,-10.957255363464355
19.38,2900.104248046875,-10.957255363464355
19.39,2900.43994140625,-10.937809944152832
19.4,2900.889404296875,-10.937809944152832
19.41,2901.449462890625,-10.92808723449707
19.42,2901.449462890625,-10.92808723449707
19.43,2902.12060546875,-10.92808723449707
19.44,2902.6806640625,-10.92808723449707
19.45,2903.468017578125,-10.92808723449707
19.46,2904.2529296875,-10.92808723449707
19.47,2905.597900390625,-10.92808723449707
19.48,2906.157958984375,-10.92808723449707
19.49,2906.3828125,-10.92808723449707
19.5,2906.3828125,-10.92808723449707
19.51,2906.942626953125,-10.92808723449707
19.52,2908.287841796875,-10.92808723449707
19.53,2908.625732421875,-10.92808723449707
19.54,2909.74609375,-10.92808723449707
19.55,2909.74609375,-10.92808723449707
19.56,2910.420166015625,-10.92808723449707
19.57,2910.420166015625,-10.92808723449707
19.58,2911.318359375,-10.92808723449707
19.59,2911.318359375,-10.92808723449707
19.6,2913.337158203125,-10.918365478515625
19.61,2913.561767578125,-10.918365478515625
19.62,2914.684814453125,-10.918365478515625
19.63,2914.909423828125,-10.918365478515625
19.64,2915.69677734375,-10.88919734954834
19.65,2917.6044921875,-10.88919734954834
19.66,2917.6044921875,-10.88919734954834
19.67,2918.16455078125,-10.879475593566895
19.68,2918.278564453125,-10.879475593566895
19.69,2918.278564453125,-10.879475593566895
19.7,2918.724853515625,-10.879475593566895
19.71,2918.724853515625,-10.879475593566895
19.72,2919.28759765625,-10.879475593566895
19.73,2919.850341796875,-10.879475593566895
19.74,2921.6474609375,-10.879475593566895
19.75,2922.321044921875,-10.879475593566895
19.76,2924.34228515625,-10.860030174255371
19.77,2924.34228515625,-10.879475593566895
19.78,2924.45361328125,-10.898920059204102
19.79,2924.45361328125,-10.879475593566895
19.8,2925.240966796875,-10.898920059204102
19.81,2925.46533203125,-10.898920059204102
19.82,2927.489501953125,-10.898920059204102
19.83,2928.612548828125,-10.869752883911133
19.84,2929.399658203125,-10.898920059204102
19.85,2929.399658203125,-10.898920059204102
19.86,2929.510986328125,-10.869752883911133
19.87,2929.84912109375,-10.860030174255371
19.88,2930.974609375,-10.869752883911133
19.89,2931.984130859375,-10.860030174255371
19.9,2932.09765625,-10.85030746459961
19.91,2932.09765625,-10.860030174255371
19.92,2934.34619140625,-10.85030746459961
19.93,2934.571044921875,-10.85030746459961
19.94,2935.1337890625,-10.85030746459961
19.95,2935.247314453125,-10.85030746459961
19.96,2935.810302734375,-10.85030746459961
19.97,2936.822265625,-10.840585708618164
19.98,2938.62158203125,-10.85030746459961
19.99,2938.62158203125,-10.85030746459961
20,2938.84619140625,-10.85030746459961
20.01,2938.959716796875,-10.840585708618164
20.02,2939.635986328125,-10.85030746459961
20.03,2940.1962890625,-10.840585708618164
20.04,2941.435791015625,-10.830862998962402
20.05,2941.66015625,-10.830862998962402
20.06,2941.66015625,-10.830862998962402
20.07,2941.66015625,-10.830862998962402
20.08,2941.99853515625,-10.801694869995117
20.09,2942.785888671875,-10.82114028930664
20.1,2943.5732421875,-10.811417579650879
20.11,2943.800537109375,-10.801694869995117
20.12,2944.249755859375,-10.78225040435791
20.13,2945.824462890625,-10.801694869995117
20.14,2946.389892578125,-10.791973114013672
20.15,2948.078369140625,-10.78225040435791
20.16,2948.078369140625,-10.791973114013672
20.17,2948.865966796875,-10.801694869995117
20.18,2948.9794921875,-10.791973114013672
20.19,2948.9794921875,-10.78225040435791
20.2,2948.9794921875,-10.791973114013672
20.21,2951.457763671875,-10.801694869995117
20.22,2951.457763671875,-10.791973114013672
20.23,2951.569091796875,-10.801694869995117
20.24,2952.0205078125,-10.811417579650879
20.25,2954.499267578125,-10.801694869995117
20.26,2954.61279296875,-10.78225040435791
20.27,2954.83740234375,-10.791973114013672
20.28,2955.40283203125,-10.801694869995117
20.29,2955.85205078125,-10.791973114013672
20.3,2955.85205078125,-10.78225040435791
20.31,2956.1904296875,-10.78225040435791
20.32,2957.09130859375,-10.78225040435791
20.33,2957.205078125,-10.772527694702148
20.34,2958.896240234375,-10.762804985046387
20.35,2959.234130859375,-10.762804985046387
20.36,2959.458984375,-10.762804985046387
20.37,2959.68603515625,-10.753083229064941
20.38,2959.91064453125,-10.74336051940918
20.39,2960.587158203125,-10.74336051940918
20.4,2961.715576171875,-10.753083229064941
20.41,2962.84375,-10.74336051940918
20.42,2963.068359375,-10.74336051940918
20.43,2963.181884765625,-10.733637809753418
20.44,2963.4091796875,-10.733637809753418
20.45,2964.31005859375,-10.733637809753418
20.46,2964.6484375,-10.723915100097656
20.47,2964.87548828125,-10.714192390441895
20.48,2966.11474609375,-10.723915100097656
20.49,2966.228515625,-10.723915100097656
20.5,2966.228515625,-10.723915100097656
20.51,2967.470458984375,-10.714192390441895
20.52,2968.033203125,-10.714192390441895
20.53,2968.033203125,-10.714192390441895
20.54,2968.260498046875,-10.714192390441895
20.55,2969.275146484375,-10.723915100097656
20.56,2970.178955078125,-10.723915100097656
20.57,2970.4033203125,-10.714192390441895
20.58,2971.420654296875,-10.714192390441895
20.59,2972.43798828125,-10.70447063446045
20.6,2972.66259765625,-10.70447063446045
20.61,2972.776123046875,-10.70447063446045
20.62,2973.22802734375,-10.70447063446045
20.63,2973.790771484375,-10.70447063446045
20.64,2974.80810546875,-10.70447063446045
20.65,2975.260009765625,-10.70447063446045
20.66,2975.37353515625,-10.70447063446045
20.67,2976.277099609375,-10.694747924804688
20.68,2976.501953125,-10.685025215148926
20.69,2977.857177734375,-10.685025215148926
20.7,2978.084716796875,-10.675302505493164
20.71,2978.084716796875,-10.675302505493164
20.72,2978.1982421875,-10.675302505493164
20.73,2978.87451171875,-10.665580749511719
20.74,2979.66748046875,-10.665580749511719
20.75,2980.681884765625,-10.665580749511719
20.76,2980.681884765625,-10.665580749511719
20.77,2981.1337890625,-10.665580749511719
20.78,2981.247314453125,-10.665580749511719
20.79,2982.03759765625,-10.665580749511719
20.8,2983.3955078125,-10.655858039855957
20.81,2984.4130859375,-10.655858039855957
20.82,2984.978515625,-10.646135330200195
20.83,2985.08935546875,-10.646135330200195
20.84,2985.430419921875,-10.646135330200195
20.85,2985.657470703125,-10.646135330200195
20.86,2986.333740234375,-10.646135330200195
20.87,2987.240234375,-10.646135330200195
20.88,2988.257568359375,-10.646135330200195
20.89,2988.595703125,-10.646135330200195
20.9,2988.595703125,-10.626689910888672
20.91,2988.70947265625,-10.636412620544434
20.92,2989.163818359375,-10.626689910888672
20.93,2989.27490234375,-10.616968154907227
20.94,2989.502197265625,-10.616968154907227
20.95,2990.067626953125,-10.616968154907227
20.96,2991.198486328125,-10.616968154907227
20.97,2991.650390625,-10.616968154907227
20.98,2991.650390625,-10.616968154907227
20.99,2993.00830078125,-10.616968154907227
21,2993.57373046875,-10.616968154907227
21.01,2993.57373046875,-10.616968154907227
21.02,2993.57373046875,-10.607245445251465
21.03,2995.1591796875,-10.607245445251465
21.04,2995.3837890625,-10.597522735595703
21.05,2996.176513671875,-10.597522735595703
21.06,2996.855712890625,-10.597522735595703
21.07,2997.648193359375,-10.597522735595703
21.08,2997.648193359375,-10.597522735595703
21.09,2997.648193359375,-10.587800025939941
21.1,2999.233642578125,-10.587800025939941
21.11,2999.233642578125,-10.57807731628418
21.12,3000.14013671875,-10.57807731628418
21.13,3000.253662109375,-10.57807731628418
21.14,3000.253662109375,-10.568355560302734
21.15,3001.046142578125,-10.558632850646973
21.16,3001.046142578125,-10.558632850646973
21.17,3001.498046875,-10.558632850646973
21.18,3002.17724609375,-10.558632850646973
21.19,3002.7451171875,-10.558632850646973
21.2,3003.64892578125,-10.558632850646973
21.21,3003.64892578125,-10.558632850646973
21.22,3003.76513671875,-10.558632850646973
21.23,3003.876220703125,-10.558632850646973
21.24,3004.896240234375,-10.558632850646973
21.25,3005.009765625,-10.558632850646973
21.26,3006.02978515625,-10.558632850646973
21.27,3006.481689453125,-10.558632850646973
21.28,3006.708740234375,-10.548910140991211
21.29,3006.708740234375,-10.548910140991211
21.3,3006.708740234375,-10.53918743133545
21.31,3008.410400390625,-10.529465675354004
21.32,3008.748779296875,-10.529465675354004
21.33,3008.8623046875,-10.529465675354004
21.34,3009.88232421875,-10.529465675354004
21.35,3010.78857421875,-10.519742965698242
21.36,3010.78857421875,-10.519742965698242
21.37,3011.2431640625,-10.519742965698242
21.38,3011.47021484375,-10.519742965698242
21.39,3011.583984375,-10.519742965698242
21.4,3011.811279296875,-10.519742965698242
21.41,3013.0556640625,-10.519742965698242
21.42,3013.0556640625,-10.51002025604248
21.43,3013.16943359375,-10.51002025604248
21.44,3013.51025390625,-10.51002025604248
21.45,3013.964599609375,-10.51002025604248
21.46,3015.552734375,-10.490575790405273
21.47,3015.666259765625,-10.490575790405273
21.48,3016.1181640625,-10.490575790405273
21.49,3016.458984375,-10.480853080749512
21.5,3016.7998046875,-10.490575790405273
21.51,3017.140625,-10.490575790405273
21.52,3017.592529296875,-10.490575790405273
21.53,3017.81982421875,-10.490575790405273
21.54,3018.84228515625,-10.500297546386719
21.55,3020.31689453125,-10.500297546386719
21.56,3021.677490234375,-10.490575790405273
21.57,3021.677490234375,-10.490575790405273
21.58,3022.24560546875,-10.490575790405273
21.59,3022.24560546875,-10.480853080749512
21.6,3022.472900390625,-10.480853080749512
21.61,3022.472900390625,-10.480853080749512
21.62,3022.472900390625,-10.480853080749512
21.63,3022.472900390625,-10.47113037109375
21.64,3023.041015625,-10.480853080749512
21.65,3022.472900390625,-10.480853080749512
21.66,3023.495361328125,-10.480853080749512
21.67,3023.495361328125,-10.480853080749512
21.68,3023.495361328125,-10.480853080749512
21.69,3024.288330078125,-10.47113037109375
21.7,3024.62890625,-10.47113037109375
21.71,3025.5380859375,-10.47113037109375
21.72,3026.2197265625,-10.47113037109375
21.73,3027.23974609375,-10.461407661437988
21.74,3027.58056640625,-10.461407661437988
21.75,3027.58056640625,-10.451684951782227
21.76,3027.6943359375,-10.451684951782227
21.77,3027.810546875,-10.451684951782227
21.78,3027.92138671875,-10.441963195800781
21.79,3029.625732421875,-10.441963195800781
21.8,3029.7392578125,-10.441963195800781
21.81,3029.625732421875,-10.441963195800781
21.82,3029.625732421875,-10.441963195800781
21.83,3030.19384765625,-10.441963195800781
21.84,3030.648193359375,-10.441963195800781
21.85,3030.648193359375,-10.441963195800781
21.86,3030.761962890625,-10.441963195800781
21.87,3032.693603515625,-10.441963195800781
21.88,3033.602294921875,-10.441963195800781
21.89,3033.602294921875,-10.43224048614502
21.9,3034.056884765625,-10.43224048614502
21.91,3034.625,-10.43224048614502
21.92,3034.738525390625,-10.422517776489258
21.93,3035.07958984375,-10.422517776489258
21.94,3035.07958984375,-10.422517776489258
21.95,3035.193115234375,-10.422517776489258
21.96,3035.306640625,-10.422517776489258
21.97,3035.306640625,-10.422517776489258
21.98,3037.12451171875,-10.422517776489258
21.99,3037.46533203125,-10.412795066833496
22,3037.46533203125,-10.412795066833496
22.01,3038.831298828125,-10.412795066833496
22.02,3039.05615234375,-10.412795066833496
22.03,3039.283203125,-10.412795066833496
22.04,3039.3994140625,-10.412795066833496
22.05,3039.3994140625,-10.412795066833496
22.06,3040.195068359375,-10.412795066833496
22.07,3040.195068359375,-10.412795066833496
22.08,3040.649658203125,-10.403072357177734
22.09,3040.53564453125,-10.403072357177734
22.1,3040.649658203125,-10.412795066833496
22.11,3040.649658203125,-10.403072357177734
22.12,3040.649658203125,-10.403072357177734
22.13,3042.58349609375,-10.403072357177734
22.14,3042.924560546875,-10.403072357177734
22.15,3043.947265625,-10.393350601196289
22.16,3044.4013671875,-10.403072357177734
22.17,3044.515380859375,-10.403072357177734
22.18,3044.742431640625,-10.393350601196289
22.19,3044.742431640625,-10.393350601196289
22.2,3045.540283203125,-10.393350601196289
22.21,3045.88134765625,-10.393350601196289
22.22,3045.88134765625,-10.393350601196289
22.23,3046.1083984375,-10.393350601196289
22.24,3046.56298828125,-10.393350601196289
22.25,3047.70166015625,-10.393350601196289
22.26,3047.70166015625,-10.383627891540527
22.27,3047.70166015625,-10.383627891540527
22.28,3049.181640625,-10.383627891540527
22.29,3049.295166015625,-10.373905181884766
22.3,3049.295166015625,-10.364182472229004
22.31,3049.749755859375,-10.364182472229004
22.32,3049.86328125,-10.364182472229004
22.33,3049.976806640625,-10.364182472229004
22.34,3050.547607421875,-10.364182472229004
22.35,3051.57275390625,-10.364182472229004
22.36,3051.686279296875,-10.364182472229004
22.37,3052.02734375,-10.354460716247559
22.38,3052.02734375,-10.354460716247559
22.39,3052.25439453125,-10.354460716247559
22.4,3053.166259765625,-10.354460716247559
22.41,3053.5068359375,-10.354460716247559
22.42,3053.964111328125,-10.354460716247559
22.43,3054.873046875,-10.354460716247559
22.44,3054.873046875,-10.354460716247559
22.45,3054.873046875,-10.344738006591797
22.46,3055.10009765625,-10.354460716247559
22.47,3055.214111328125,-10.354460716247559
22.48,3055.214111328125,-10.344738006591797
22.49,3055.214111328125,-10.344738006591797
22.5,3056.809814453125,-10.335015296936035
22.51,3057.037109375,-10.335015296936035
22.52,3057.037109375,-10.335015296936035
22.53,3057.948486328125,-10.335015296936035
22.54,3058.0625,-10.335015296936035
22.55,3057.948486328125,-10.335015296936035
22.56,3058.519287109375,-10.335015296936035
22.57,3058.973876953125,-10.335015296936035
22.58,3058.973876953125,-10.325292587280273
22.59,3058.973876953125,-10.325292587280273
22.6,3059.658203125,-10.325292587280273
22.61,3059.658203125,-10.335015296936035
22.62,3060.226318359375,-10.325292587280273
22.63,3059.658203125,-10.335015296936035
22.64,3060.226318359375,-10.335015296936035
22.65,3060.3427734375,-10.335015296936035
22.66,3061.0244140625,-10.335015296936035
22.67,3062.39306640625,-10.335015296936035
22.68,3062.39306640625,-10.335015296936035
22.69,3062.39306640625,-10.315570831298828
22.7,3062.39306640625,-10.315570831298828
22.71,3062.961181640625,-10.315570831298828
22.72,3062.961181640625,-10.315570831298828
22.73,3062.961181640625,-10.315570831298828
22.74,3063.75927734375,-10.315570831298828
22.75,3063.75927734375,-10.315570831298828
22.76,3065.014404296875,-10.315570831298828
22.77,3065.014404296875,-10.315570831298828
22.78,3065.5849609375,-10.315570831298828
22.79,3065.5849609375,-10.315570831298828
22.8,3065.5849609375,-10.315570831298828
22.81,3065.5849609375,-10.315570831298828
22.82,3066.83740234375,-10.315570831298828
22.83,3065.5849609375,-10.305848121643066
22.84,3066.83740234375,-10.305848121643066
22.85,3066.83740234375,-10.305848121643066
22.86,3067.18115234375,-10.305848121643066
22.87,3067.751708984375,-10.305848121643066
22.88,3069.11767578125,-10.305848121643066
22.89,3069.11767578125,-10.305848121643066
22.9,3069.11767578125,-10.296125411987305
22.91,3069.23388671875,-10.296125411987305
22.92,3069.23388671875,-10.286402702331543
22.93,3069.23388671875,-10.286402702331543
22.94,3069.23388671875,-10.286402702331543
22.95,3069.46142578125,-10.296125411987305
22.96,3069.6884765625,-10.296125411987305
22.97,3070.71630859375,-10.296125411987305
22.98,3071.287109375,-10.296125411987305
22.99,3071.51416015625,-10.296125411987305
23,3072.426025390625,-10.286402702331543
23.01,3072.426025390625,-10.296125411987305
23.02,3072.53955078125,-10.296125411987305
23.03,3072.65576171875,-10.286402702331543
23.04,3072.65576171875,-10.286402702331543
23.05,3073.34033203125,-10.286402702331543
23.06,3074.251708984375,-10.286402702331543
23.07,3075.0498046875,-10.286402702331543
23.08,3075.0498046875,-10.286402702331543
23.09,3075.0498046875,-10.296125411987305
23.1,3075.0498046875,-10.286402702331543
23.11,3075.166015625,-10.286402702331543
23.12,3075.73681640625,-10.296125411987305
23.13,3075.73681640625,-10.296125411987305
23.14,3075.73681640625,-10.286402702331543
23.15,3075.73681640625,-10.276679992675781
23.16,3075.73681640625,-10.276679992675781
23.17,3075.850341796875,-10.276679992675781
23.18,3076.19140625,-10.276679992675781
23.19,3077.7900390625,-10.276679992675781
23.2,3078.246826171875,-10.266958236694336
23.21,3078.246826171875,-10.266958236694336
23.22,3078.590576171875,-10.266958236694336
23.23,3078.590576171875,-10.266958236694336
23.24,3078.7041015625,-10.266958236694336
23.25,3079.045166015625,-10.266958236694336
23.26,3079.959228515625,-10.266958236694336
23.27,3080.072998046875,-10.266958236694336
23.28,3080.072998046875,-10.266958236694336
23.29,3081.557861328125,-10.266958236694336
23.3,3081.557861328125,-10.266958236694336
23.31,3081.898681640625,-10.266958236694336
23.32,3081.898681640625,-10.266958236694336
23.33,3081.898681640625,-10.266958236694336
23.34,3081.898681640625,-10.266958236694336
23.35,3081.898681640625,-10.266958236694336
23.36,3082.35595703125,-10.266958236694336
23.37,3082.35595703125,-10.266958236694336
23.38,3082.35595703125,-10.257235527038574
23.39,3082.35595703125,-10.257235527038574
23.4,3082.35595703125,-10.257235527038574
23.41,3082.35595703125,-10.266958236694336
23.42,3082.812744140625,-10.257235527038574
23.43,3083.04296875,-10.247512817382812
23.44,3083.38623046875,-10.247512817382812
23.45,3083.72705078125,-10.247512817382812
23.46,3083.72705078125,-10.247512817382812
23.47,3084.4140625,-10.247512817382812
23.48,3084.52783203125,-10.247512817382812
23.49,3084.6416015625,-10.247512817382812
23.5,3085.0986328125,-10.247512817382812
23.51,3085.0986328125,-10.247512817382812
23.52,3085.0986328125,-10.247512817382812
23.53,3084.98486328125,-10.247512817382812
23.54,3085.0986328125,-10.247512817382812
23.55,3085.0986328125,-10.23779010772705
23.56,3086.469970703125,-10.23779010772705
23.57,3086.469970703125,-10.23779010772705
23.58,3086.469970703125,-10.228067398071289
23.59,3086.469970703125,-10.228067398071289
23.6,3087.497802734375,-10.228067398071289
23.61,3088.411865234375,-10.228067398071289
23.62,3088.411865234375,-10.228067398071289
23.63,3088.525634765625,-10.228067398071289
23.64,3088.068603515625,-10.228067398071289
23.65,3088.18212890625,-10.228067398071289
23.66,3088.869140625,-10.228067398071289
23.67,3089.326171875,-10.228067398071289
23.68,3089.439697265625,-10.228067398071289
23.69,3089.439697265625,-10.228067398071289
23.7,3089.439697265625,-10.228067398071289
23.71,3089.553466796875,-10.228067398071289
23.72,3089.553466796875,-10.228067398071289
23.73,3089.89697265625,-10.228067398071289
23.74,3090.697509765625,-10.228067398071289
23.75,3090.697509765625,-10.228067398071289
23.76,3091.498291015625,-10.23779010772705
23.77,3091.8388671875,-10.23779010772705
23.78,3091.8388671875,-10.23779010772705
23.79,3092.755859375,-10.23779010772705
23.8,3093.096923828125,-10.228067398071289
23.81,3093.096923828125,-10.228067398071289
23.82,3093.440185546875,-10.228067398071289
23.83,3093.440185546875,-10.228067398071289
23.84,3093.440185546875,-10.228067398071289
23.85,3093.440185546875,-10.228067398071289
23.86,3094.12744140625,-10.218345642089844
23.87,3094.013671875,-10.218345642089844
23.88,3094.013671875,-10.218345642089844
23.89,3094.013671875,-10.218345642089844
23.9,3094.12744140625,-10.218345642089844
23.91,3094.3544921875,-10.218345642089844
23.92,3094.3544921875,-10.218345642089844
23.93,3094.58447265625,-10.228067398071289
23.94,3095.155029296875,-10.218345642089844
23.95,3095.26904296875,-10.218345642089844
23.96,3095.498779296875,-10.208622932434082
23.97,3096.185546875,-10.208622932434082
23.98,3096.185546875,-10.208622932434082
23.99,3096.185546875,-10.208622932434082
24,3096.185546875,-10.208622932434082
24.01,3096.29931640625,-10.208622932434082
24.02,3096.185546875,-10.19890022277832
24.03,3096.29931640625,-10.19890022277832
24.04,3096.29931640625,-10.19890022277832
24.05,3096.29931640625,-10.19890022277832
24.06,3096.29931640625,-10.19890022277832
24.07,3096.529296875,-10.19890022277832
24.08,3096.529296875,-10.19890022277832
24.09,3096.529296875,-10.19890022277832
24.1,3096.529296875,-10.19890022277832
24.11,3097.55712890625,-10.19890022277832
24.12,3097.67333984375,-10.208622932434082
24.13,3097.786865234375,-10.19890022277832
24.14,3097.900634765625,-10.208622932434082
24.15,3098.244140625,-10.208622932434082
24.16,3098.244140625,-10.208622932434082
24.17,3098.81494140625,-10.208622932434082
24.18,3099.7314453125,-10.208622932434082
24.19,3099.7314453125,-10.19890022277832
24.2,3100.0751953125,-10.19890022277832
24.21,3100.0751953125,-10.189177513122559
24.22,3100.418701171875,-10.189177513122559
24.23,3100.759521484375,-10.189177513122559
24.24,3101.332763671875,-10.189177513122559
24.25,3100.418701171875,-10.189177513122559
24.26,3100.418701171875,-10.189177513122559
24.27,3101.332763671875,-10.189177513122559
24.28,3101.332763671875,-10.19890022277832
24.29,3101.676513671875,-10.19890022277832
24.3,3101.676513671875,-10.19890022277832
24.31,3101.676513671875,-10.19890022277832
24.32,3101.7900390625,-10.19890022277832
24.33,3101.7900390625,-10.208622932434082
24.34,3101.90625,-10.19890022277832
24.35,3101.90625,-10.19890022277832
24.36,3103.05029296875,-10.19890022277832
24.37,3103.05029296875,-10.189177513122559
24.38,3103.05029296875,-10.189177513122559
24.39,3103.05029296875,-10.189177513122559
24.4,3103.73486328125,-10.189177513122559
24.41,3103.964599609375,-10.19890022277832
24.42,3103.964599609375,-10.189177513122559
24.43,3104.424560546875,-10.189177513122559
24.44,3104.424560546875,-10.189177513122559
24.45,3104.308349609375,-10.189177513122559
24.46,3104.308349609375,-10.189177513122559
24.47,3104.881591796875,-10.19890022277832
24.48,3105.10888671875,-10.189177513122559
24.49,3105.10888671875,-10.189177513122559
24.5,3105.10888671875,-10.189177513122559
24.51,3105.22509765625,-10.169733047485352
24.52,3105.68212890625,-10.169733047485352
24.53,3105.68212890625,-10.169733047485352
24.54,3105.795654296875,-10.169733047485352
24.55,3105.795654296875,-10.189177513122559
24.56,3105.68212890625,-10.169733047485352
24.57,3105.795654296875,-10.169733047485352
24.58,3105.338623046875,-10.169733047485352
24.59,3105.795654296875,-10.169733047485352
24.6,3106.482666015625,-10.179455757141113
24.61,3106.59912109375,-10.179455757141113
24.62,3106.826416015625,-10.179455757141113
24.63,3106.826416015625,-10.179455757141113
24.64,3106.826416015625,-10.179455757141113
24.65,3106.942626953125,-10.179455757141113
24.66,3107.399658203125,-10.179455757141113
24.67,3107.743408203125,-10.179455757141113
24.68,3108.086669921875,-10.179455757141113
24.69,3108.086669921875,-10.179455757141113
24.7,3108.086669921875,-10.189177513122559
24.71,3108.086669921875,-10.189177513122559
24.72,3109.1171875,-10.189177513122559
24.73,3109.690673828125,-10.179455757141113
24.74,3109.1171875,-10.179455757141113
24.75,3109.690673828125,-10.179455757141113
24.76,3110.491455078125,-10.189177513122559
24.77,3110.491455078125,-10.179455757141113
24.78,3110.491455078125,-10.179455757141113
24.79,3110.491455078125,-10.179455757141113
24.8,3110.491455078125,-10.179455757141113
24.81,3108.316650390625,-10.179455757141113
24.82,3108.316650390625,-10.179455757141113
24.83,3110.26123046875,-10.179455757141113
24.84,3110.26123046875,-10.169733047485352
24.85,3110.26123046875,-10.169733047485352
24.86,3109.003662109375,-10.169733047485352
24.87,3109.003662109375,-10.16001033782959
24.88,3110.26123046875,-10.16001033782959
24.89,3110.60498046875,-10.16001033782959
24.9,3110.60498046875,-10.169733047485352
24.91,3110.72119140625,-10.169733047485352
24.92,3110.72119140625,-10.169733047485352
24.93,3110.60498046875,-10.169733047485352
24.94,3110.60498046875,-10.169733047485352
24.95,3110.72119140625,-10.169733047485352
24.96,3110.72119140625,-10.169733047485352
24.97,3111.29443359375,-10.16001033782959
24.98,3111.865234375,-10.16001033782959
24.99,3111.865234375,-10.16001033782959
25,3111.865234375,-10.16001033782959
25.01,3111.63818359375,-10.16001033782959
25.02,3111.865234375,-10.16001033782959
25.03,3111.63818359375,-10.16001033782959
25.04,3110.491455078125,-10.16001033782959
25.05,3110.60498046875,-10.169733047485352
25.06,3110.60498046875,-10.169733047485352
25.07,3110.60498046875,-10.169733047485352
25.08,3110.60498046875,-10.169733047485352
25.09,3111.064697265625,-10.169733047485352
25.1,3111.064697265625,-10.169733047485352
25.11,3111.064697265625,-10.169733047485352
25.12,3111.17822265625,-10.169733047485352
25.13,3111.17822265625,-10.169733047485352
25.14,3113.355712890625,-10.169733047485352
25.15,3111.751708984375,-10.179455757141113
25.16,3113.12548828125,-10.169733047485352
25.17,3113.355712890625,-10.169733047485352
25.18,3113.355712890625,-10.179455757141113
25.19,3113.355712890625,-10.169733047485352
25.2,3113.12548828125,-10.179455757141113
25.21,3112.438720703125,-10.179455757141113
25.22,3112.438720703125,-10.179455757141113
25.23,3112.438720703125,-10.169733047485352
25.24,3113.12548828125,-10.16001033782959
25.25,3113.698974609375,-10.169733047485352
25.26,3113.698974609375,-10.169733047485352
25.27,3113.8125,-10.169733047485352
25.28,3113.8125,-10.16001033782959
25.29,3114.272216796875,-10.16001033782959
25.3,3114.272216796875,-10.16001033782959
25.31,3114.272216796875,-10.16001033782959
25.32,3113.8125,-10.150287628173828
25.33,3113.8125,-10.16001033782959
25.34,3113.8125,-10.150287628173828
25.35,3113.8125,-10.150287628173828
25.36,3114.385986328125,-10.150287628173828
25.37,3114.499755859375,-10.150287628173828
25.38,3114.385986328125,-10.150287628173828
25.39,3114.385986328125,-10.150287628173828
25.4,3114.499755859375,-10.16001033782959
25.41,3114.499755859375,-10.16001033782959
25.42,3114.499755859375,-10.169733047485352
25.43,3114.499755859375,-10.169733047485352
25.44,3114.499755859375,-10.169733047485352
25.45,3114.04248046875,-10.16001033782959
25.46,3113.698974609375,-10.169733047485352
25.47,3114.04248046875,-10.16001033782959
25.48,3114.499755859375,-10.16001033782959
25.49,3115.7626953125,-10.16001033782959
25.5,3114.04248046875,-10.16001033782959
25.51,3115.302978515625,-10.16001033782959
25.52,3115.302978515625,-10.16001033782959
25.53,3114.7294921875,-10.16001033782959
25.54,3115.302978515625,-10.150287628173828
25.55,3115.419189453125,-10.140564918518066
25.56,3115.302978515625,-10.150287628173828
25.57,3114.7294921875,-10.140564918518066
25.58,3114.615966796875,-10.150287628173828
25.59,3114.7294921875,-10.150287628173828
25.6,3114.7294921875,-10.150287628173828
25.61,3115.072998046875,-10.150287628173828
25.62,3115.189208984375,-10.150287628173828
25.63,3115.189208984375,-10.16001033782959
25.64,3115.189208984375,-10.16001033782959
25.65,3115.189208984375,-10.150287628173828
25.66,3115.189208984375,-10.16001033782959
25.67,3115.646484375,-10.16001033782959
25.68,3115.646484375,-10.16001033782959
25.69,3115.7626953125,-10.16001033782959
25.7,3115.646484375,-10.16001033782959
25.71,3115.646484375,-10.16001033782959
25.72,3115.646484375,-10.16001033782959
25.73,3115.302978515625,-10.16001033782959
25.74,3115.302978515625,-10.16001033782959
25.75,3115.7626953125,-10.16001033782959
25.76,3115.7626953125,-10.16001033782959
25.77,3115.98974609375,-10.16001033782959
25.78,3115.876220703125,-10.16001033782959
25.79,3115.876220703125,-10.16001033782959
25.8,3115.98974609375,-10.16001033782959
25.81,3116.106201171875,-10.16001033782959
25.82,3116.219970703125,-10.16001033782959
25.83,3116.219970703125,-10.16001033782959
25.84,3116.106201171875,-10.16001033782959
25.85,3116.106201171875,-10.16001033782959
25.86,3116.106201171875,-10.16001033782959
25.87,3116.219970703125,-10.16001033782959
25.88,3116.33349609375,-10.16001033782959
25.89,3116.44970703125,-10.150287628173828
25.9,3116.6796875,-10.150287628173828
25.91,3116.90673828125,-10.150287628173828
25.92,3116.90673828125,-10.16001033782959
25.93,3116.90673828125,-10.16001033782959
25.94,3116.6796875,-10.16001033782959
25.95,3116.44970703125,-10.16001033782959
25.96,3116.219970703125,-10.16001033782959
25.97,3115.876220703125,-10.150287628173828
25.98,3115.876220703125,-10.16001033782959
25.99,3115.532958984375,-10.16001033782959
26,3115.302978515625,-10.16001033782959
26.01,3115.302978515625,-10.16001033782959
26.02,3114.95947265625,-10.169733047485352
26.03,3115.302978515625,-10.169733047485352
26.04,3115.532958984375,-10.169733047485352
26.05,3115.876220703125,-10.169733047485352
26.06,3116.219970703125,-10.169733047485352
26.07,3119.657470703125,-8.079395294189453
26.08,3119.657470703125,-7.933558464050293
26.09,3119.657470703125,-6.0862836837768555
26.1,3117.596435546875,-5.289038181304932
26.11,3118.053466796875,-0.02916717529296875
26.12,3117.596435546875,-0.02916717529296875
26.13,3117.136474609375,-3.480654239654541
26.14,3117.136474609375,-3.480654239654541
26.15,3117.36669921875,-3.480654239654541
26.16,3117.36669921875,-3.480654239654541
26.17,3117.596435546875,-7.622438430786133
26.18,3117.36669921875,-8.769693374633789
26.19,3117.36669921875,-8.769693374633789
26.2,3115.876220703125,-8.925252914428711
26.21,3115.876220703125,-8.925252914428711
26.22,3116.219970703125,-8.837750434875488
26.23,3115.876220703125,-8.837750434875488
26.24,3115.876220703125,-8.837750434875488
26.25,3115.876220703125,-8.361348152160645
26.26,3115.876220703125,-8.361348152160645
26.27,3116.219970703125,-7.7099409103393555
26.28,3116.219970703125,-7.087700843811035
26.29,3116.219970703125,-5.930723190307617
26.3,3116.219970703125,0
26.31,3116.6796875,0
26.32,3116.6796875,0
26.33,3115.302978515625,0
26.34,3115.302978515625,0
26.35,3115.302978515625,0
26.36,3115.302978515625,0
26.37,3115.302978515625,0
26.38,3115.302978515625,0
26.39,3115.189208984375,0
26.4,3115.189208984375,0
26.41,3115.7626953125,0
26.42,3115.7626953125,0
26.43,3114.95947265625,0
26.44,3114.95947265625,0
26.45,3114.95947265625,0
26.46,3115.072998046875,0
26.47,3116.106201171875,0
26.48,3116.106201171875,0
26.49,3115.98974609375,0
26.5,3115.98974609375,0
26.51,3115.98974609375,0
26.52,3115.98974609375,0
26.53,3115.072998046875,0
26.54,3114.615966796875,0
26.55,3113.928955078125,0
26.56,3113.928955078125,0
26.57,3113.928955078125,0
26.58,3113.698974609375,0
26.59,3113.46923828125,0
26.6,3113.12548828125,0
26.61,3112.7822265625,0
26.62,3113.12548828125,0
26.63,3113.12548828125,0
26.64,3113.12548828125,0
26.65,3112.7822265625,0
26.66,3112.324951171875,0
26.67,3110.950927734375,0
26.68,3110.26123046875,0
26.69,3110.26123046875,0
26.7,3110.26123046875,0
26.71,3110.26123046875,0
26.72,3110.26123046875,0
26.73,3110.37744140625,0
26.74,3120.80419921875,0
26.75,3122.067138671875,0
26.76,3126.1943359375,0
26.77,3126.1943359375,0
26.78,3129.2939453125,0
26.79,3130.09716796875,0
26.8,3130.440673828125,0
26.81,3130.440673828125,0
26.82,3130.67041015625,0
26.83,3132.277099609375,0
26.84,3132.277099609375,0
26.85,3138.018798828125,0
26.86,3138.018798828125,0
26.87,3138.018798828125,0
26.88,3131.13037109375,0
26.89,3131.13037109375,0
26.9,3131.13037109375,0
26.91,3129.064208984375,0
26.92,3127.114013671875,0
26.93,3125.27783203125,0
26.94,3125.27783203125,0
26.95,3125.27783203125,0
26.96,3125.27783203125,0
26.97,3125.27783203125,0
26.98,3125.27783203125,0
26.99,3125.27783203125,0
27,3124.5908203125,0
27.01,3124.5908203125,0
27.02,3122.067138671875,0
27.03,3117.25048828125,0
27.04,3116.6796875,0
27.05,3115.876220703125,0
27.06,3115.876220703125,0
27.07,3115.876220703125,0
27.08,3115.876220703125,0
27.09,3115.876220703125,0
27.1,3118.513427734375,0
27.11,3120.690673828125,0
27.12,3121.377685546875,0
27.13,3122.5244140625,0
27.14,3126.310791015625,0
27.15,3128.720703125,0
27.16,3128.720703125,0
27.17,3128.720703125,0
27.18,3128.720703125,0
27.19,3128.720703125,0
27.2,3127.801025390625,0
27.21,3127.801025390625,0
27.22,3127.2275390625,0
27.23,3126.654296875,0
27.24,3124.0146484375,0
27.25,3124.0146484375,0
27.26,3122.640625,0
27.27,3122.5244140625,0
27.28,3122.1806640625,0
27.29,3121.950927734375,0
27.3,3121.950927734375,0
27.31,3121.377685546875,0
27.32,3120.00341796875,0
27.33,3120.00341796875,0
27.34,3117.596435546875,0
27.35,3117.596435546875,0
27.36,3116.44970703125,0
27.37,3117.596435546875,0
27.38,3117.596435546875,0
27.39,3117.596435546875,0
27.4,3118.397216796875,0
27.41,3119.31396484375,0
27.42,3119.31396484375,0
27.43,3119.5439453125,0
27.44,3119.5439453125,0
27.45,3119.5439453125,0
27.46,3119.5439453125,0
27.47,3119.5439453125,0
27.48,3119.5439453125,0
27.49,3119.5439453125,0
27.5,3119.5439453125,0
27.51,3119.657470703125,0
27.52,3119.5439453125,0
27.53,3119.657470703125,0
27.54,3121.26416015625,0
27.55,3121.377685546875,0
27.56,3121.607421875,0
27.57,3121.607421875,0
27.58,3122.5244140625,0
27.59,3123.09765625,0
27.6,3123.2138671875,0
27.61,3123.5576171875,0
27.62,3125.1640625,0
27.63,3125.1640625,0
27.64,3125.1640625,0
27.65,3125.1640625,0
27.66,3126.654296875,0
27.67,3126.654296875,0
27.68,3126.654296875,0
27.69,3126.654296875,0
27.7,3126.654296875,0
27.71,3126.1943359375,0
27.72,3122.1806640625,0
27.73,3120.690673828125,0
27.74,3119.5439453125,0
27.75,3119.5439453125,0
27.76,3117.596435546875,0
27.77,3118.856689453125,0
27.78,3117.596435546875,0
27.79,3115.7626953125,0
27.8,3115.7626953125,0
27.81,3115.7626953125,0
27.82,3115.7626953125,0
27.83,3115.7626953125,0
27.84,3117.7099609375,0
27.85,3117.7099609375,0
27.86,3116.219970703125,0
27.87,3116.219970703125,0
27.88,3116.219970703125,0
27.89,3115.7626953125,0
27.9,3115.7626953125,0
27.91,3115.7626953125,0
27.92,3115.7626953125,0
27.93,3115.302978515625,0
27.94,3112.895751953125,0
27.95,3111.865234375,0
27.96,3112.55224609375,0
27.97,3111.865234375,0
27.98,3111.865234375,0
27.99,3111.865234375,0
28,3111.865234375,0
28.01,3111.865234375,0
28.02,3111.29443359375,0
28.03,3111.29443359375,0
28.04,3110.60498046875,0
28.05,3110.491455078125,0
28.06,3110.26123046875,0
28.07,3110.26123046875,0
28.08,3109.80419921875,0
28.09,3109.80419921875,0
28.1,3108.887451171875,0
28.11,3109.80419921875,0
28.12,3109.80419921875,0
28.13,3108.887451171875,0
28.14,3110.26123046875,0
28.15,3110.26123046875,0
28.16,3110.26123046875,0
28.17,3110.60498046875,0
28.18,3110.26123046875,0
28.19,3110.60498046875,0
28.2,3110.60498046875,0
28.21,3109.34716796875,0
28.22,3109.34716796875,0
28.23,3109.34716796875,0
28.24,3108.543701171875,0
28.25,3108.543701171875,0
28.26,3108.543701171875,0
28.27,3108.659912109375,0
28.28,3108.543701171875,0
28.29,3108.543701171875,0
28.3,3108.200439453125,0
28.31,3108.543701171875,0
28.32,3108.200439453125,0
28.33,3108.200439453125,0
28.34,3108.200439453125,0
28.35,3108.200439453125,0
28.36,3108.200439453125,0
28.37,3108.316650390625,0
28.38,3110.147705078125,0
28.39,3110.147705078125,0
28.4,3108.316650390625,0
28.41,3108.316650390625,0
28.42,3108.200439453125,0
28.43,3108.200439453125,0
28.44,3108.086669921875,0
28.45,3107.743408203125,0
28.46,3106.482666015625,0
28.47,3106.482666015625,0
28.48,3106.369140625,0
28.49,3106.369140625,0
28.5,3106.255615234375,0
28.51,3106.255615234375,0
28.52,3106.255615234375,0
28.53,3106.255615234375,0
28.54,3106.02587890625,0
28.55,3106.02587890625,0
28.56,3105.10888671875,0
28.57,3105.10888671875,0
28.58,3103.62109375,0
28.59,3102.70703125,0
28.6,3102.363525390625,0
28.61,3101.7900390625,0
28.62,3102.363525390625,0
28.63,3102.363525390625,0
28.64,3102.363525390625,0
28.65,3102.363525390625,0
28.66,3102.363525390625,0
28.67,3101.90625,0
28.68,3101.90625,0
28.69,3101.90625,0
28.7,3101.90625,0
28.71,3101.10302734375,0
28.72,3101.10302734375,0
28.73,3101.10302734375,0
28.74,3101.10302734375,0
28.75,3102.02001953125,0
28.76,3102.02001953125,0
28.77,3102.02001953125,0
28.78,3102.363525390625,0
28.79,3103.05029296875,0
28.8,3103.05029296875,0
28.81,3102.363525390625,0
28.82,3100.64599609375,0
28.83,3100.64599609375,0
28.84,3100.64599609375,0
28.85,3101.676513671875,0
28.86,3101.676513671875,0
28.87,3101.676513671875,0
28.88,3101.676513671875,0
28.89,3102.93408203125,0
28.9,3103.507568359375,0
28.91,3103.73486328125,0
28.92,3104.424560546875,0
28.93,3104.5380859375,0
28.94,3105.10888671875,0
28.95,3106.02587890625,0
28.96,3106.02587890625,0
28.97,3106.02587890625,0
28.98,3105.568603515625,0
28.99,3105.568603515625,0
29,3105.338623046875,0
29.01,3105.568603515625,0
29.02,3105.568603515625,0
29.03,3105.338623046875,0
29.04,3105.338623046875,0
29.05,3105.338623046875,0
29.06,3104.651611328125,0
29.07,3104.194580078125,0
29.08,3103.964599609375,0
29.09,3103.964599609375,0
29.1,3102.5908203125,0
29.11,3102.133544921875,0
29.12,3100.759521484375,0
29.13,3098.58740234375,0
29.14,3097.329833984375,0
29.15,3096.986572265625,0
29.16,3095.84228515625,0
29.17,3094.12744140625,0
29.18,3093.8974609375,0
29.19,3092.86962890625,0
29.2,3091.384765625,0
29.21,3090.126708984375,0
29.22,3088.869140625,0
29.23,3088.869140625,0
29.24,3088.411865234375,0
29.25,3088.29833984375,0
29.26,3088.18212890625,0
29.27,3087.724853515625,0
29.28,3087.040771484375,0
29.29,3086.927001953125,0
29.3,3086.927001953125,0
29.31,3086.58349609375,0
29.32,3086.58349609375,0
29.33,3086.58349609375,0
29.34,3086.0126953125,0
29.35,3086.0126953125,0
29.36,3087.040771484375,0
29.37,3087.040771484375,0
29.38,3087.38427734375,0
29.39,3087.38427734375,0
29.4,3087.38427734375,0
29.41,3087.38427734375,0
29.42,3087.611328125,0
29.43,3087.724853515625,0
29.44,3087.955078125,0
29.45,3087.724853515625,0
29.46,3087.724853515625,0
29.47,3087.724853515625,0
29.48,3088.639404296875,0
29.49,3088.639404296875,0
29.5,3088.639404296875,0
29.51,3088.639404296875,0
29.52,3089.783447265625,0
29.53,3089.783447265625,0
29.54,3090.354248046875,0
29.55,3091.041015625,0
29.56,3091.041015625,0
29.57,3091.041015625,0
29.58,3091.384765625,0
29.59,3091.725341796875,0
29.6,3091.384765625,0
29.61,3091.041015625,0
29.62,3091.384765625,0
29.63,3091.725341796875,0
29.64,3091.725341796875,0
29.65,3092.755859375,0
29.66,3092.86962890625,0
29.67,3093.67041015625,0
29.68,3093.783935546875,0
29.69,3094.12744140625,0
29.7,3094.814453125,0
29.71,3094.12744140625,0
29.72,3093.8974609375,0
29.73,3094.814453125,0
29.74,3093.8974609375,0
29.75,3094.240966796875,0
29.76,3093.8974609375,0
29.77,3093.8974609375,0
29.78,3093.67041015625,0
29.79,3092.86962890625,0
29.8,3092.86962890625,0
29.81,3092.755859375,0
29.82,3092.755859375,0
29.83,3092.755859375,0
29.84,3092.41259765625,0
29.85,3092.298828125,0
29.86,3092.298828125,0
29.87,3091.154541015625,0
29.88,3089.667236328125,0
29.89,3089.439697265625,0
29.9,3089.096435546875,0
29.91,3089.096435546875,0
29.92,3088.525634765625,0
29.93,3088.525634765625,0
29.94,3088.525634765625,0
29.95,3089.096435546875,0
29.96,3088.525634765625,0
29.97,3087.154296875,0
29.98,3086.8134765625,0
29.99,3087.154296875,0
30,3086.8134765625,0
30.01,3086.8134765625,0
30.02,3086.8134765625,0
30.03,3086.126220703125,0
30.04,3086.0126953125,0
30.05,3085.328369140625,0
30.06,3085.328369140625,0
30.07,3084.755126953125,0
30.08,3083.957275390625,0
30.09,3084.755126953125,0
30.1,3084.755126953125,0
30.11,3084.755126953125,0
30.12,3086.0126953125,0
30.13,3083.957275390625,0
30.14,3083.04296875,0
30.15,3083.04296875,0
30.16,3085.782958984375,0
30.17,3085.782958984375,0
30.18,3083.8408203125,0
30.19,3083.8408203125,0
30.2,3083.8408203125,0
30.21,3083.8408203125,0
30.22,3085.212158203125,0
30.23,3085.782958984375,0
30.24,3085.212158203125,0
30.25,3084.755126953125,0
30.26,3084.755126953125,0
30.27,3084.755126953125,0
30.28,3084.755126953125,0
30.29,3084.184326171875,0
30.3,3084.184326171875,0
30.31,3084.07080078125,0
30.32,3083.27001953125,0
30.33,3083.156494140625,0
30.34,3083.156494140625,0
30.35,3083.156494140625,0
30.36,3083.156494140625,0
30.37,3080.416259765625,0
30.38,3079.388427734375,0
30.39,3079.388427734375,0
30.4,3078.931396484375,0
30.41,3078.817626953125,0
30.42,3078.246826171875,0
30.43,3078.246826171875,0
30.44,3078.246826171875,0
30.45,3077.5625,0
30.46,3077.5625,0
30.47,3077.5625,0
30.48,3077.5625,0
30.49,3077.5625,0
30.5,3079.73193359375,0
30.51,3082.69921875,0
30.52,3080.072998046875,0
30.53,3082.92919921875,0
30.54,3082.92919921875,0
30.55,3084.52783203125,0
30.56,3084.86865234375,0
30.57,3084.52783203125,0
30.58,3084.86865234375,0
30.59,3084.86865234375,0
30.6,3085.328369140625,0
30.61,3085.439453125,0
30.62,3086.353759765625,0
30.63,3085.782958984375,0
30.64,3085.782958984375,0
30.65,3085.782958984375,0
30.66,3086.8134765625,0
30.67,3086.8134765625,0
30.68,3087.611328125,0
30.69,3087.611328125,0
30.7,3086.353759765625,0
30.71,3085.782958984375,0
30.72,3085.439453125,0
30.73,3084.755126953125,0
30.74,3084.755126953125,0
30.75,3084.184326171875,0
30.76,3083.38623046875,0
30.77,3081.78515625,0
30.78,3081.67138671875,0
30.79,3081.557861328125,0
30.8,3081.557861328125,0
30.81,3081.21435546875,0
30.82,3081.1005859375,0
30.83,3081.1005859375,0
30.84,3080.416259765625,0
30.85,3079.388427734375,0
30.86,3077.332763671875,0
30.87,3076.76220703125,0
30.88,3076.6484375,0
30.89,3076.6484375,0
30.9,3076.19140625,0
30.91,3076.077880859375,0
30.92,3076.077880859375,0
30.93,3075.73681640625,0
30.94,3075.73681640625,0
30.95,3074.595458984375,0
30.96,3074.479248046875,0
30.97,3074.479248046875,0
30.98,3074.479248046875,0
30.99,3074.595458984375,0
31,3075.850341796875,0
31.01,3076.19140625,0
31.02,3076.19140625,0
31.03,3076.19140625,0
31.04,3076.19140625,0
31.05,3076.19140625,0
31.06,3075.850341796875,0
31.07,3075.73681640625,0
31.08,3073.1103515625,0
31.09,3071.400634765625,0
31.1,3070.829833984375,0
31.11,3070.829833984375,0
31.12,3070.829833984375,0
31.13,3070.60009765625,0
31.14,3070.829833984375,0
31.15,3070.145751953125,0
31.16,3070.145751953125,0
31.17,3068.890625,0
31.18,3068.6630859375,0
31.19,3068.6630859375,0
31.2,3068.890625,0
31.21,3068.547119140625,0
31.22,3068.547119140625,0
31.23,3067.635498046875,0
31.24,3068.547119140625,0
31.25,3068.890625,0
31.26,3070.25927734375,0
31.27,3070.25927734375,0
31.28,3071.400634765625,0
31.29,3071.400634765625,0
31.3,3071.400634765625,0
31.31,3067.635498046875,0
31.32,3067.751708984375,0
31.33,3066.03955078125,0
31.34,3066.03955078125,0
31.35,3065.355224609375,0
31.36,3065.355224609375,0
31.37,3065.355224609375,0
31.38,3065.1279296875,0
31.39,3065.1279296875,0
31.4,3065.1279296875,0
31.41,3064.787109375,0
31.42,3065.1279296875,0
31.43,3065.1279296875,0
31.44,3065.1279296875,0
31.45,3064.787109375,0
31.46,3064.787109375,0
31.47,3065.355224609375,0
31.48,3065.355224609375,0
31.49,3065.355224609375,0
31.5,3065.355224609375,0
31.51,3065.355224609375,0
31.52,3065.355224609375,0
31.53,3063.872802734375,0
31.54,3065.355224609375,0
31.55,3065.355224609375,0
31.56,3064.330078125,0
31.57,3065.355224609375,0
31.58,3064.330078125,0
31.59,3064.443603515625,0
31.6,3065.355224609375,0
31.61,3064.443603515625,0
31.62,3064.443603515625,0
31.63,3064.443603515625,0
31.64,3064.443603515625,0
31.65,3064.443603515625,0
31.66,3064.443603515625,0
31.67,3064.443603515625,0
31.68,3062.0498046875,0
31.69,3061.708740234375,0
31.7,3060.226318359375,0
31.71,3059.544677734375,0
31.72,3058.176025390625,0
31.73,3057.494384765625,0
31.74,3055.557373046875,0
31.75,3053.62060546875,0
31.76,3053.27978515625,0
31.77,3053.166259765625,0
31.78,3052.8251953125,0
31.79,3051.343017578125,0
31.8,3051.115478515625,0
31.81,3050.3203125,0
31.82,3049.522216796875,0
31.83,3049.522216796875,0
31.84,3049.522216796875,0
31.85,3049.522216796875,0
31.86,3049.749755859375,0
31.87,3049.522216796875,0
31.88,3049.749755859375,0
31.89,3051.001953125,0
31.9,3051.229248046875,0
31.91,3051.229248046875,0
31.92,3051.229248046875,0
31.93,3051.45654296875,0
31.94,3051.686279296875,0
31.95,3051.686279296875,0
31.96,3052.367919921875,0
31.97,3052.708984375,0
31.98,3053.734130859375,0
31.99,3053.964111328125,0
32,3054.41845703125,0
32.01,3055.10009765625,0
32.02,3056.6962890625,0
32.03,3056.6962890625,0
32.04,3056.809814453125,0
32.05,3058.519287109375,0
32.06,3059.08740234375,0
32.07,3059.08740234375,0
32.08,3059.08740234375,0
32.09,3059.428466796875,0
32.1,3059.428466796875,0
32.11,3059.428466796875,0
32.12,3059.428466796875,0
32.13,3058.519287109375,0
32.14,3057.8349609375,0
32.15,3056.809814453125,0
32.16,3056.809814453125,0
32.17,3054.531982421875,0
32.18,3054.531982421875,0
32.19,3052.595458984375,0
32.2,3052.595458984375,0
32.21,3052.595458984375,0
32.22,3052.25439453125,0
32.23,3052.25439453125,0
32.24,3052.25439453125,0
32.25,3052.02734375,0
32.26,3048.5,0
32.27,3048.5,0
32.28,3050.433837890625,0
32.29,3051.229248046875,0
32.3,3051.229248046875,0
32.31,3051.229248046875,0
32.32,3051.686279296875,0
32.33,3051.229248046875,0
32.34,3051.001953125,0
32.35,3051.229248046875,0
32.36,3051.686279296875,0
32.37,3051.686279296875,0
32.38,3051.001953125,0
32.39,3051.686279296875,0
32.4,3051.7998046875,0
32.41,3051.001953125,0
32.42,3051.7998046875,0
32.43,3053.166259765625,0
32.44,3051.7998046875,0
32.45,3051.7998046875,0
32.46,3052.02734375,0
32.47,3052.02734375,0
32.48,3052.02734375,0
32.49,3053.166259765625,0
32.5,3053.166259765625,0
32.51,3053.166259765625,0
32.52,3053.166259765625,0
32.53,3053.166259765625,0
32.54,3053.166259765625,0
32.55,3052.8251953125,0
32.56,3052.8251953125,0
32.57,3051.913818359375,0
32.58,3051.913818359375,0
32.59,3050.547607421875,0
32.6,3050.547607421875,0
32.61,3050.547607421875,0
32.62,3050.547607421875,0
32.63,3050.547607421875,0
32.64,3050.547607421875,0
32.65,3048.9541015625,0
32.66,3050.547607421875,0
32.67,3050.547607421875,0
32.68,3050.547607421875,0
32.69,3048.9541015625,0
32.7,3050.888427734375,0
32.71,3048.613525390625,0
32.72,3047.247314453125,0
32.73,3047.247314453125,0
32.74,3047.70166015625,0
32.75,3047.70166015625,0
32.76,3047.70166015625,0
32.77,3048.2724609375,0
32.78,3048.2724609375,0
32.79,3048.2724609375,0
32.8,3048.2724609375,0
32.81,3048.2724609375,0
32.82,3048.613525390625,0
32.83,3048.613525390625,0
32.84,3048.613525390625,0
32.85,3048.2724609375,0
32.86,3047.70166015625,0
32.87,3047.361083984375,0
32.88,3047.588134765625,0
32.89,3047.588134765625,0
32.9,3047.361083984375,0
32.91,3046.335693359375,0
32.92,3044.858642578125,0
32.93,3045.767578125,0
32.94,3045.767578125,0
32.95,3045.767578125,0
32.96,3045.767578125,0
32.97,3044.17431640625,0
32.98,3044.17431640625,0
32.99,3043.379150390625,0
33,3043.0380859375,0
33.01,3043.379150390625,0
33.02,3043.379150390625,0
33.03,3043.379150390625,0
33.04,3043.49267578125,0
33.05,3043.379150390625,0
33.06,3042.242919921875,0
33.07,3043.151611328125,0
33.08,3043.151611328125,0
33.09,3043.49267578125,0
33.1,3043.151611328125,0
33.11,3042.924560546875,0
33.12,3042.924560546875,0
33.13,3042.924560546875,0
33.14,3042.924560546875,0
33.15,3043.0380859375,0
33.16,3042.924560546875,0
33.17,3042.924560546875,0
33.18,3042.58349609375,0
33.19,3042.58349609375,0
33.2,3042.58349609375,0
33.21,3041.78564453125,0
33.22,3041.78564453125,0
33.23,3041.78564453125,0
33.24,3041.671875,0
33.25,3041.217529296875,0
33.26,3041.671875,0
33.27,3041.217529296875,0
33.28,3041.217529296875,0
33.29,3041.217529296875,0
33.3,3042.469970703125,0
33.31,3042.469970703125,0
33.32,3041.217529296875,0
33.33,3041.103759765625,0
33.34,3041.103759765625,0
33.35,3040.195068359375,0
33.36,3040.195068359375,0
33.37,3040.08154296875,0
33.38,3039.05615234375,0
33.39,3038.831298828125,0
33.4,3037.692626953125,0
33.41,3037.23828125,0
33.42,3035.306640625,0
33.43,3034.9658203125,0
33.44,3034.17041015625,0
33.45,3033.48876953125,0
33.46,3032.920654296875,0
33.47,3032.57958984375,0
33.48,3032.011474609375,0
33.49,3030.9892578125,0
33.5,3030.9892578125,0
33.51,3030.307373046875,0
33.52,3029.966552734375,0
33.53,3028.148681640625,0
33.54,3027.92138671875,0
33.55,3027.58056640625,0
33.56,3027.014892578125,0
33.57,3027.014892578125,0
33.58,3026.560791015625,0
33.59,3026.2197265625,0
33.6,3026.2197265625,0
33.61,3024.515380859375,0
33.62,3024.174560546875,0
33.63,3023.833740234375,0
33.64,3023.833740234375,0
33.65,3024.060791015625,0
33.66,3023.72021484375,0
33.67,3023.72021484375,0
33.68,3023.72021484375,0
33.69,3023.72021484375,0
33.7,3023.268310546875,0
33.71,3022.7001953125,0
33.72,3022.7001953125,0
33.73,3021.791259765625,0
33.74,3020.885009765625,0
33.75,3019.975830078125,0
33.76,3019.8623046875,0
33.77,3019.635009765625,0
33.78,3019.521484375,0
33.79,3019.069580078125,0
33.8,3018.615234375,0
33.81,3018.615234375,0
33.82,3017.706298828125,0
33.83,3017.47900390625,0
33.84,3017.140625,0
33.85,3017.140625,0
33.86,3017.47900390625,0
33.87,3017.47900390625,0
33.88,3019.8623046875,0
33.89,3020.089599609375,0
33.9,3020.089599609375,0
33.91,3020.430419921875,0
33.92,3020.657470703125,0
33.93,3021.450439453125,0
33.94,3021.56396484375,0
33.95,3024.288330078125,0
33.96,3024.288330078125,0
33.97,3024.40185546875,0
33.98,3025.08349609375,0
33.99,3025.197021484375,0
34,3027.126220703125,0
34.01,3027.466796875,0
34.02,3029.0576171875,0
34.03,3029.171142578125,0
34.04,3029.284912109375,0
34.05,3029.85302734375,0
34.06,3029.85302734375,0
34.07,3030.19384765625,0
34.08,3030.19384765625,0
34.09,3030.9892578125,0
34.1,3029.85302734375,0
34.11,3029.7392578125,0
34.12,3029.7392578125,0
34.13,3028.830322265625,0
34.14,3027.92138671875,0
34.15,3027.92138671875,0
34.16,3027.58056640625,0
34.17,3027.58056640625,0
34.18,3027.58056640625,0
34.19,3027.58056640625,0
34.2,3027.58056640625,0
34.21,3027.35595703125,0
34.22,3029.171142578125,0
34.23,3029.171142578125,0
34.24,3028.148681640625,0
34.25,3028.148681640625,0
34.26,3027.810546875,0
34.27,3026.67431640625,0
34.28,3026.44677734375,0
34.29,3026.33056640625,0
34.3,3025.310546875,0
34.31,3025.310546875,0
34.32,3024.969970703125,0
34.33,3024.742431640625,0
34.34,3024.62890625,0
34.35,3022.7001953125,0
34.36,3022.7001953125,0
34.37,3022.586669921875,0
34.38,3021.791259765625,0
34.39,3018.9560546875,0
34.4,3017.367919921875,0
34.41,3017.367919921875,0
34.42,3017.367919921875,0
34.43,3017.367919921875,0
34.44,3017.140625,0
34.45,3016.458984375,0
34.46,3016.458984375,0
34.47,3016.458984375,0
34.48,3016.458984375,0
34.49,3017.140625,0
34.5,3016.458984375,0
34.51,3015.325439453125,0
34.52,3015.325439453125,0
34.53,3015.325439453125,0
34.54,3015.43896484375,0
34.55,3015.666259765625,0
34.56,3015.666259765625,0
34.57,3015.666259765625,0
34.58,3015.666259765625,0
34.59,3016.345458984375,0
34.6,3016.686279296875,0
34.61,3017.027099609375,0
34.62,3016.686279296875,0
34.63,3016.686279296875,0
34.64,3016.686279296875,0
34.65,3016.686279296875,0
34.66,3016.7998046875,0
34.67,3017.251708984375,0
34.68,3018.047119140625,0
34.69,3017.251708984375,0
34.7,3018.047119140625,0
34.71,3018.16064453125,0
34.72,3018.16064453125,0
34.73,3020.430419921875,0
34.74,3020.430419921875,0
34.75,3018.16064453125,0
34.76,3018.16064453125,0
34.77,3018.16064453125,0
34.78,3018.16064453125,0
34.79,3017.027099609375,0
34.8,3016.7998046875,0
34.81,3016.7998046875,0
34.82,3016.7998046875,0
34.83,3016.7998046875,0
34.84,3016.004638671875,0
34.85,3016.004638671875,0
34.86,3016.004638671875,0
34.87,3016.004638671875,0
34.88,3016.004638671875,0
34.89,3016.004638671875,0
34.9,3016.231689453125,0
34.91,3015.77734375,0
34.92,3016.231689453125,0
34.93,3016.231689453125,0
34.94,3016.231689453125,0
34.95,3017.47900390625,0
34.96,3017.47900390625,0
34.97,3016.458984375,0
34.98,3016.458984375,0
34.99,3016.1181640625,0
35,3016.1181640625,0
35.01,3015.552734375,0
35.02,3015.2119140625,0
35.03,3013.282958984375,0
35.04,3008.635009765625,0
35.05,3008.410400390625,0
35.06,3006.143310546875,0
35.07,3005.12353515625,0
35.08,3002.7451171875,0
35.09,3000.592041015625,0
35.1,2999.685546875,0
35.11,2999.57470703125,0
35.12,2999.233642578125,0
35.13,2997.9892578125,0
35.14,2997.9892578125,0
35.15,2997.53466796875,0
35.16,2997.423828125,0
35.17,2996.96923828125,0
35.18,2996.96923828125,0
35.19,2996.40380859375,0
35.2,2996.40380859375,0
35.21,2996.176513671875,0
35.22,2994.93212890625,0
35.23,2994.93212890625,0
35.24,2994.93212890625,0
35.25,2996.40380859375,0
35.26,2995.27294921875,0
35.27,2994.93212890625,0
35.28,2994.707275390625,0
35.29,2994.707275390625,0
35.3,2995.27294921875,0
35.31,2995.3837890625,0
35.32,2995.27294921875,0
35.33,2995.27294921875,0
35.34,2995.27294921875,0
35.35,2995.3837890625,0
35.36,2995.3837890625,0
35.37,2995.3837890625,0
35.38,2995.3837890625,0
35.39,2995.3837890625,0
35.4,2996.06298828125,0
35.41,2996.176513671875,0
35.42,2996.517333984375,0
35.43,2996.176513671875,0
35.44,2996.517333984375,0
35.45,2996.631103515625,0
35.46,2996.96923828125,0
35.47,2997.082763671875,0
35.48,2997.082763671875,0
35.49,2997.082763671875,0
35.5,2997.082763671875,0
35.51,2998.21630859375,0
35.52,2999.685546875,0
35.53,2999.685546875,0
35.54,2999.685546875,0
35.55,3000.026611328125,0
35.56,3000.14013671875,0
35.57,3000.47802734375,0
35.58,3000.47802734375,0
35.59,3000.47802734375,0
35.6,3000.47802734375,0
35.61,3000.592041015625,0
35.62,3001.27099609375,0
35.63,3001.498046875,0
35.64,3001.498046875,0
35.65,3001.611572265625,0
35.66,3001.611572265625,0
35.67,3001.498046875,0
35.68,3001.498046875,0
35.69,3001.046142578125,0
35.7,3001.046142578125,0
35.71,3001.046142578125,0
35.72,3001.046142578125,0
35.73,3001.16015625,0
35.74,3001.16015625,0
35.75,3001.27099609375,0
35.76,3001.498046875,0
35.77,3001.498046875,0
35.78,3002.17724609375,0
35.79,3002.17724609375,0
35.8,3002.17724609375,0
35.81,3002.17724609375,0
35.82,3002.404541015625,0
35.83,3002.17724609375,0
35.84,3002.0634765625,0
35.85,3002.17724609375,0
35.86,3002.404541015625,0
35.87,3002.404541015625,0
35.88,3002.404541015625,0
35.89,3002.404541015625,0
35.9,3002.8564453125,0
35.91,3002.8564453125,0
35.92,3002.8564453125,0
35.93,3002.8564453125,0
35.94,3002.8564453125,0
35.95,3002.404541015625,0
35.96,3001.384521484375,0
35.97,3002.404541015625,0
35.98,3002.404541015625,0
35.99,3001.27099609375,0
36,3000.9326171875,0
36.01,3000.9326171875,0
36.02,3000.026611328125,0
36.03,2999.685546875,0
36.04,3000.026611328125,0
36.05,2999.685546875,0
36.06,2999.461181640625,0
36.07,2998.668212890625,0
36.08,2998.102783203125,0
36.09,2998.102783203125,0
36.1,2998.102783203125,0
36.11,2998.102783203125,0
36.12,2998.102783203125,0
36.13,2997.9892578125,0
36.14,2996.855712890625,0
36.15,2997.9892578125,0
36.16,2997.9892578125,0
36.17,2997.9892578125,0
36.18,2997.31005859375,0
36.19,2996.855712890625,0
36.2,2996.96923828125,0
36.21,2996.40380859375,0
36.22,2996.40380859375,0
36.23,2996.40380859375,0
36.24,2996.290283203125,0
36.25,2996.290283203125,0
36.26,2996.290283203125,0
36.27,2996.290283203125,0
36.28,2995.49755859375,0
36.29,2995.3837890625,0
36.3,2995.49755859375,0
36.31,2995.3837890625,0
36.32,2995.3837890625,0
36.33,2995.3837890625,0
36.34,2995.3837890625,0
36.35,2994.480224609375,0
36.36,2994.480224609375,0
36.37,2994.36669921875,0
36.38,2992.2158203125,0
36.39,2992.102294921875,0
36.4,2991.87744140625,0
36.41,2991.536865234375,0
36.42,2991.31201171875,0
36.43,2991.31201171875,0
36.44,2990.067626953125,0
36.45,2989.7265625,0
36.46,2989.7265625,0
36.47,2989.7265625,0
36.48,2989.27490234375,0
36.49,2987.692138671875,0
36.5,2987.35107421875,0
36.51,2987.240234375,0
36.52,2986.6748046875,0
36.53,2984.751220703125,0
36.54,2984.751220703125,0
36.55,2984.64013671875,0
36.56,2983.961181640625,0
36.57,2983.961181640625,0
36.58,2983.961181640625,0
36.59,2983.73388671875,0
36.6,2983.73388671875,0
36.61,2982.716552734375,0
36.62,2982.716552734375,0
36.63,2982.03759765625,0
36.64,2981.812744140625,0
36.65,2981.812744140625,0
36.66,2981.812744140625,0
36.67,2981.812744140625,0
36.68,2981.812744140625,0
36.69,2981.247314453125,0
36.7,2980.116455078125,0
36.71,2980.116455078125,0
36.72,2979.89208984375,0
36.73,2978.6474609375,0
36.74,2978.6474609375,0
36.75,2978.6474609375,0
36.76,2978.6474609375,0
36.77,2978.1982421875,0
36.78,2977.857177734375,0
36.79,2977.857177734375,0
36.8,2978.1982421875,0
36.81,2978.1982421875,0
36.82,2978.1982421875,0
36.83,2978.1982421875,0
36.84,2978.4228515625,0
36.85,2978.4228515625,0
36.86,2978.4228515625,0
36.87,2978.6474609375,0
36.88,2978.87451171875,0
36.89,2978.6474609375,0
36.9,2978.6474609375,0
36.91,2978.4228515625,0
36.92,2977.6328125,0
36.93,2977.6328125,0
36.94,2977.6328125,0
36.95,2977.6328125,0
36.96,2976.615478515625,0
36.97,2976.388427734375,0
36.98,2976.388427734375,0
36.99,2976.388427734375,0
37,2976.388427734375,0
37.01,2976.388427734375,0
37.02,2976.388427734375,0
37.03,2976.388427734375,0
37.04,2975.9365234375,0
37.05,2976.050048828125,0
37.06,2975.9365234375,0
37.07,2975.9365234375,0
37.08,2975.146240234375,0
37.09,2974.129150390625,0
37.1,2974.129150390625,0
37.11,2973.679931640625,0
37.12,2973.114501953125,0
37.13,2971.5341796875,0
37.14,2971.5341796875,0
37.15,2971.5341796875,0
37.16,2970.516845703125,0
37.17,2970.4033203125,0
37.18,2970.516845703125,0
37.19,2970.4033203125,0
37.2,2969.840576171875,0
37.21,2969.840576171875,0
37.22,2969.840576171875,0
37.23,2969.840576171875,0
37.24,2969.840576171875,0
37.25,2969.840576171875,0
37.26,2969.840576171875,0
37.27,2969.840576171875,0
37.28,2969.840576171875,0
37.29,2969.502197265625,0
37.3,2969.275146484375,0
37.31,2968.8232421875,0
37.32,2967.132080078125,0
37.33,2967.132080078125,0
37.34,2966.905029296875,0
37.35,2966.905029296875,0
37.36,2966.68017578125,0
37.37,2965.890380859375,0
37.38,2965.6630859375,0
37.39,2965.552001953125,0
37.4,2965.552001953125,0
37.41,2964.986572265625,0
37.42,2964.423583984375,0
37.43,2964.31005859375,0
37.44,2964.31005859375,0
37.45,2964.423583984375,0
37.46,2964.423583984375,0
37.47,2964.085693359375,0
37.48,2963.747314453125,0
37.49,2963.747314453125,0
37.5,2964.085693359375,0
37.51,2964.085693359375,0
37.52,2965.32470703125,0
37.53,2965.552001953125,0
37.54,2965.890380859375,0
37.55,2965.890380859375,0
37.56,2966.455810546875,0
37.57,2967.69482421875,0
37.58,2968.5986328125,0
37.59,2968.936767578125,0
37.6,2970.63037109375,0
37.61,2974.017822265625,0
37.62,2974.4697265625,0
37.63,2975.37353515625,0
37.64,2977.6328125,0
37.65,2978.30908203125,0
37.66,2979.326416015625,0
37.67,2979.7783203125,0
37.68,2980.005615234375,0
37.69,2980.116455078125,0
37.7,2980.116455078125,0
37.71,2980.116455078125,0
37.72,2980.230224609375,0
37.73,2980.681884765625,0
37.74,2980.230224609375,0
37.75,2980.116455078125,0
37.76,2980.005615234375,0
37.77,2979.66748046875,0
37.78,2978.084716796875,0
37.79,2976.615478515625,0
37.8,2976.615478515625,0
37.81,2976.501953125,0
37.82,2976.501953125,0
37.83,2975.825439453125,0
37.84,2974.356201171875,0
37.85,2974.356201171875,0
37.86,2974.356201171875,0
37.87,2974.356201171875,0
37.88,2974.356201171875,0
37.89,2974.017822265625,0
37.9,2974.017822265625,0
37.91,2973.452392578125,0
37.92,2971.87255859375,0
37.93,2970.63037109375,0
37.94,2970.29248046875,0
37.95,2970.29248046875,0
37.96,2970.29248046875,0
37.97,2970.63037109375,0
37.98,2969.951416015625,0
37.99,2969.951416015625,0
38,2969.951416015625,0
38.01,2969.951416015625,0
38.02,2969.840576171875,0
38.03,2969.840576171875,0
38.04,2969.840576171875,0
38.05,2968.485107421875,0
38.06,2967.92236328125,0
38.07,2967.80859375,0
38.08,2967.470458984375,0
38.09,2966.905029296875,0
38.1,2964.31005859375,0
38.11,2963.97216796875,0
38.12,2963.6337890625,0
38.13,2963.520263671875,0
38.14,2963.068359375,0
38.15,2962.72998046875,0
38.16,2962.72998046875,0
38.17,2962.72998046875,0
38.18,2962.72998046875,0
38.19,2961.942626953125,0
38.2,2962.72998046875,0
38.21,2961.942626953125,0
38.22,2961.942626953125,0
38.23,2961.942626953125,0
38.24,2960.2490234375,0
38.25,2960.2490234375,0
38.26,2959.458984375,0
38.27,2959.458984375,0
38.28,2959.458984375,0
38.29,2959.458984375,0
38.3,2959.458984375,0
38.31,2958.4443359375,0
38.32,2958.4443359375,0
38.33,2958.4443359375,0
38.34,2958.4443359375,0
38.35,2958.67138671875,0
38.36,2958.4443359375,0
38.37,2958.67138671875,0
38.38,2957.318603515625,0
38.39,2957.205078125,0
38.4,2958.67138671875,0
38.41,2957.65673828125,0
38.42,2957.65673828125,0
38.43,2957.65673828125,0
38.44,2957.65673828125,0
38.45,2958.4443359375,0
38.46,2957.65673828125,0
38.47,2957.65673828125,0
38.48,2957.65673828125,0
38.49,2956.642333984375,0
38.5,2956.414794921875,0
38.51,2956.414794921875,0
38.52,2954.726318359375,0
38.53,2954.726318359375,0
38.54,2954.726318359375,0
38.55,2954.726318359375,0
38.56,2954.726318359375,0
38.57,2955.738525390625,0
38.58,2954.726318359375,0
38.59,2955.064697265625,0
38.6,2955.40283203125,0
38.61,2955.738525390625,0
38.62,2955.40283203125,0
38.63,2955.289306640625,0
38.64,2955.289306640625,0
38.65,2955.40283203125,0
38.66,2955.40283203125,0
38.67,2956.303955078125,0
38.68,2956.303955078125,0
38.69,2956.303955078125,0
38.7,2955.85205078125,0
38.71,2955.85205078125,0
38.72,2955.85205078125,0
38.73,2955.85205078125,0
38.74,2955.85205078125,0
38.75,2955.513916015625,0
38.76,2955.17578125,0
38.77,2953.260009765625,0
38.78,2955.17578125,0
38.79,2955.17578125,0
38.8,2955.17578125,0
38.81,2955.17578125,0
38.82,2955.17578125,0
38.83,2955.17578125,0
38.84,2955.289306640625,0
38.85,2957.205078125,0
38.86,2957.205078125,0
38.87,2955.289306640625,0
38.88,2955.064697265625,0
38.89,2955.064697265625,0
38.9,2955.064697265625,0
38.91,2955.064697265625,0
38.92,2953.9365234375,0
38.93,2953.9365234375,0
38.94,2953.9365234375,0
38.95,2954.83740234375,0
38.96,2954.951171875,0
38.97,2954.83740234375,0
38.98,2954.83740234375,0
38.99,2954.951171875,0
39,2954.951171875,0
39.01,2954.951171875,0
39.02,2954.83740234375,0
39.03,2954.499267578125,0
39.04,2948.7548828125,0
39.05,2948.527587890625,0
39.06,2947.964599609375,0
39.07,2945.489013671875,0
39.08,2945.37548828125,0
39.09,2943.68701171875,0
39.1,2941.54931640625,0
39.11,2940.98388671875,0
39.12,2940.1962890625,0
39.13,2940.085205078125,0
39.14,2939.858154296875,0
39.15,2939.1845703125,0
39.16,2938.62158203125,0
39.17,2938.283203125,0
39.18,2937.15771484375,0
39.19,2937.15771484375,0
39.2,2937.15771484375,0
39.21,2937.15771484375,0
39.22,2938.283203125,0
39.23,2939.070556640625,0
39.24,2939.1845703125,0
39.25,2939.9716796875,0
39.26,2940.98388671875,0
39.27,2941.884765625,0
39.28,2943.3486328125,0
39.29,2943.462158203125,0
39.3,2943.462158203125,0
39.31,2944.135986328125,0
39.32,2944.135986328125,0
39.33,2944.360595703125,0
39.34,2944.92626953125,0
39.35,2946.2763671875,0
39.36,2946.614501953125,0
39.37,2946.839111328125,0
39.38,2946.839111328125,0
39.39,2946.95263671875,0
39.4,2946.95263671875,0
39.41,2947.06396484375,0
39.42,2948.64111328125,0
39.43,2949.65576171875,0
39.44,2950.556884765625,0
39.45,2950.556884765625,0
39.46,2951.006103515625,0
39.47,2951.119873046875,0
39.48,2951.119873046875,0
39.49,2951.6826171875,0
39.5,2951.6826171875,0
39.51,2951.6826171875,0
39.52,2952.245361328125,0
39.53,2952.245361328125,0
39.54,2952.245361328125,0
39.55,2952.245361328125,0
39.56,2952.245361328125,0
39.57,2952.245361328125,0
39.58,2952.245361328125,0
39.59,2952.245361328125,0
39.6,2952.134521484375,0
39.61,2951.569091796875,0
39.62,2950.67041015625,0
39.63,2950.443359375,0
39.64,2949.880615234375,0
39.65,2949.4287109375,0
39.66,2949.4287109375,0
39.67,2949.4287109375,0
39.68,2948.41650390625,0
39.69,2948.078369140625,0
39.7,2946.389892578125,0
39.71,2946.2763671875,0
39.72,2946.2763671875,0
39.73,2945.824462890625,0
39.74,2944.02490234375,0
39.75,2941.99853515625,0
39.76,2941.99853515625,0
39.77,2941.99853515625,0
39.78,2941.884765625,0
39.79,2941.54931640625,0
39.8,2941.435791015625,0
39.81,2941.097412109375,0
39.82,2940.085205078125,0
39.83,2940.085205078125,0
39.84,2940.085205078125,0
39.85,2939.408935546875,0
39.86,2939.408935546875,0
39.87,2937.49609375,0
39.88,2936.70849609375,0
39.89,2936.70849609375,0
39.9,2936.70849609375,0
39.91,2938.17236328125,0
39.92,2937.72314453125,0
39.93,2937.72314453125,0
39.94,2937.72314453125,0
39.95,2937.72314453125,0
39.96,2938.17236328125,0
39.97,2939.070556640625,0
39.98,2939.070556640625,0
39.99,2939.070556640625,0
40,2939.070556640625,0
40.01,2939.070556640625,0
40.02,2939.070556640625,0
40.03,2938.735107421875,0
40.04,2939.070556640625,0
40.05,2938.735107421875,0
40.06,2938.058837890625,0
40.07,2938.058837890625,0
40.08,2938.735107421875,0
40.09,2937.72314453125,0
40.1,2937.72314453125,0
40.11,2937.72314453125,0
40.12,2938.510498046875,0
40.13,2937.72314453125,0
40.14,2938.510498046875,0
40.15,2938.510498046875,0
40.16,2938.510498046875,0
40.17,2938.510498046875,0
40.18,2939.408935546875,0
40.19,2939.408935546875,0
40.2,2939.5224609375,0
40.21,2939.5224609375,0
40.22,2939.5224609375,0
40.23,2939.408935546875,0
40.24,2939.408935546875,0
40.25,2938.735107421875,0
40.26,2938.62158203125,0
40.27,2936.03466796875,0
40.28,2935.247314453125,0
40.29,2934.9091796875,0
40.3,2934.9091796875,0
40.31,2933.447998046875,0
40.32,2933.22314453125,0
40.33,2933.447998046875,0
40.34,2933.22314453125,0
40.35,2933.22314453125,0
40.36,2933.22314453125,0
40.37,2932.09765625,0
40.38,2933.109619140625,0
40.39,2933.109619140625,0
40.4,2933.109619140625,0
40.41,2933.447998046875,0
40.42,2933.447998046875,0
40.43,2933.447998046875,0
40.44,2933.109619140625,0
40.45,2933.109619140625,0
40.46,2933.447998046875,0
40.47,2933.672607421875,0
40.48,2933.89697265625,0
40.49,2934.6845703125,0
40.5,2934.6845703125,0
40.51,2933.89697265625,0
40.52,2934.6845703125,0
40.53,2934.6845703125,0
40.54,2934.6845703125,0
40.55,2934.2353515625,0
40.56,2933.783447265625,0
40.57,2932.211181640625,0
40.58,2932.09765625,0
40.59,2932.09765625,0
40.6,2930.522705078125,0
40.61,2929.962646484375,0
40.62,2929.962646484375,0
40.63,2929.510986328125,0
40.64,2929.510986328125,0
40.65,2929.061767578125,0
40.66,2929.061767578125,0
40.67,2929.061767578125,0
40.68,2929.061767578125,0
40.69,2929.061767578125,0
40.7,2929.2861328125,0
40.71,2927.040283203125,0
40.72,2929.2861328125,0
40.73,2928.50146484375,0
40.74,2928.50146484375,0
40.75,2928.05224609375,0
40.76,2928.05224609375,0
40.77,2928.05224609375,0
40.78,2928.05224609375,0
40.79,2926.9267578125,0
40.8,2927.151123046875,0
40.81,2927.151123046875,0
40.82,2926.2529296875,0
40.83,2926.2529296875,0
40.84,2926.9267578125,0
40.85,2926.9267578125,0
40.86,2926.9267578125,0
40.87,2926.9267578125,0
40.88,2926.9267578125,0
40.89,2926.9267578125,0
40.9,2926.7021484375,0
40.91,2926.7021484375,0
40.92,2925.3544921875,0
40.93,2925.3544921875,0
40.94,2925.3544921875,0
40.95,2925.1298828125,0
40.96,2923.779541015625,0
40.97,2923.779541015625,0
40.98,2923.779541015625,0
40.99,2923.779541015625,0
41,2923.779541015625,0
41.01,2922.656494140625,0
41.02,2922.545654296875,0
41.03,2921.75830078125,0
41.04,2921.75830078125,0
41.05,2921.6474609375,0
41.06,2921.084716796875,0
41.07,2921.084716796875,0
41.08,2920.0751953125,0
41.09,2919.961669921875,0
41.1,2919.961669921875,0
41.11,2919.850341796875,0
41.12,2919.4013671875,0
41.13,2919.4013671875,0
41.14,2919.4013671875,0
41.15,2918.9521484375,0
41.16,2918.9521484375,0
41.17,2918.389404296875,0
41.18,2918.389404296875,0
41.19,2918.389404296875,0
41.2,2918.389404296875,0
41.21,2918.16455078125,0
41.22,2918.16455078125,0
41.23,2918.0537109375,0
41.24,2918.0537109375,0
41.25,2917.8291015625,0
41.26,2917.8291015625,0
41.27,2915.3583984375,0
41.28,2914.79833984375,0
41.29,2912.777099609375,0
41.3,2912.777099609375,0
41.31,2912.777099609375,0
41.32,2912.666259765625,0
41.33,2912.666259765625,0
41.34,2912.103271484375,0
41.35,2912.103271484375,0
41.36,2912.103271484375,0
41.37,2912.103271484375,0
41.38,2911.9921875,0
41.39,2910.98291015625,0
41.4,2910.420166015625,0
41.41,2909.970947265625,0
41.42,2909.2998046875,0
41.43,2906.831787109375,0
41.44,2906.831787109375,0
41.45,2906.831787109375,0
41.46,2906.831787109375,0
41.47,2906.3828125,0
41.48,2906.271484375,0
41.49,2906.831787109375,0
41.5,2906.607177734375,0
41.51,2906.271484375,0
41.52,2906.047119140625,0
41.53,2906.607177734375,0
41.54,2906.157958984375,0
41.55,2906.047119140625,0
41.56,2906.157958984375,0
41.57,2906.607177734375,0
41.58,2906.607177734375,0
41.59,2906.607177734375,0
41.6,2906.607177734375,0
41.61,2906.831787109375,0
41.62,2906.831787109375,0
41.63,2906.942626953125,0
41.64,2906.942626953125,0
41.65,2907.056396484375,0
41.66,2907.16748046875,0
41.67,2907.16748046875,0
41.68,2907.61669921875,0
41.69,2907.841064453125,0
41.7,2907.9521484375,0
41.71,2909.2998046875,0
41.72,2909.41064453125,0
41.73,2910.1953125,0
41.74,2910.1953125,0
41.75,2912.103271484375,0
41.76,2912.216796875,0
41.77,2912.55224609375,0
41.78,2912.666259765625,0
41.79,2913.00146484375,0
41.8,2913.112548828125,0
41.81,2914.010986328125,0
41.82,2914.010986328125,0
41.83,2914.349365234375,0
41.84,2914.349365234375,0
41.85,2914.349365234375,0
41.86,2913.900146484375,0
41.87,2913.900146484375,0
41.88,2913.900146484375,0
41.89,2911.543212890625,0
41.9,2910.75830078125,0
41.91,2910.08447265625,0
41.92,2908.96142578125,0
41.93,2907.391845703125,0
41.94,2907.391845703125,0
41.95,2907.391845703125,0
41.96,2907.2783203125,0
41.97,2907.16748046875,0
41.98,2907.16748046875,0
41.99,2907.2783203125,0
42,2907.2783203125,0
42.01,2908.737060546875,0
42.02,2908.8505859375,0
42.03,2908.737060546875,0
42.04,2909.970947265625,0
42.05,2909.970947265625,0
42.06,2909.970947265625,0
42.07,2909.970947265625,0
42.08,2907.5029296875,0
42.09,2906.157958984375,0
42.1,2905.48681640625,0
42.11,2905.373291015625,0
42.12,2904.2529296875,0
42.13,2904.2529296875,0
42.14,2904.2529296875,0
42.15,2904.2529296875,0
42.16,2904.2529296875,0
42.17,2902.56982421875,0
42.18,2902.56982421875,0
42.19,2902.12060546875,0
42.2,2902.56982421875,0
42.21,2902.6806640625,0
42.22,2902.56982421875,0
42.23,2902.56982421875,0
42.24,2902.56982421875,0
42.25,2902.458984375,0
42.26,2902.458984375,0
42.27,2901.898681640625,0
42.28,2902.458984375,0
42.29,2901.898681640625,0
42.3,2901.449462890625,0
42.31,2901.674072265625,0
42.32,2901.449462890625,0
42.33,2901.674072265625,0
42.34,2901.674072265625,0
42.35,2901.674072265625,0
42.36,2900.5537109375,0
42.37,2900.5537109375,0
42.38,2900.5537109375,0
42.39,2900.5537109375,0
42.4,2900.3291015625,0
42.41,2900.3291015625,0
42.42,2899.4306640625,0
42.43,2898.648681640625,0
42.44,2898.648681640625,0
42.45,2899.4306640625,0
42.46,2898.08837890625,0
42.47,2898.08837890625,0
42.48,2897.86376953125,0
42.49,2897.86376953125,0
42.5,2897.86376953125,0
42.51,2896.968017578125,0
42.52,2898.08837890625,0
42.53,2896.968017578125,0
42.54,2896.968017578125,0
42.55,2896.968017578125,0
42.56,2898.423828125,0
42.57,2899.319580078125,0
42.58,2899.319580078125,0
42.59,2898.423828125,0
42.6,2898.423828125,0
42.61,2898.423828125,0
42.62,2898.423828125,0
42.63,2898.423828125,0
42.64,2897.0791015625,0
42.65,2896.629638671875,0
42.66,2895.623046875,0
42.67,2896.629638671875,0
42.68,2897.0791015625,0
42.69,2896.407958984375,0
42.7,2895.623046875,0
42.71,2895.623046875,0
42.72,2895.623046875,0
42.73,2895.623046875,0
42.74,2895.623046875,0
42.75,2896.407958984375,0
42.76,2895.623046875,0
42.77,2895.623046875,0
42.78,2895.623046875,0
42.79,2896.069580078125,0
42.8,2896.069580078125,0
42.81,2896.407958984375,0
42.82,2896.407958984375,0
42.83,2896.407958984375,0
42.84,2896.069580078125,0
42.85,2896.069580078125,0
42.86,2896.069580078125,0
42.87,2895.734130859375,0
42.88,2894.94921875,0
42.89,2894.61376953125,0
42.9,2893.38232421875,0
42.91,2893.38232421875,0
42.92,2894.502685546875,0
42.93,2893.38232421875,0
42.94,2894.502685546875,0
42.95,2894.502685546875,0
42.96,2894.38916015625,0
42.97,2894.38916015625,0
42.98,2894.38916015625,0
42.99,2894.502685546875,0
43,2894.38916015625,0
43.01,2894.38916015625,0
43.02,2894.38916015625,0
43.03,2894.38916015625,0
43.04,2893.9423828125,0
43.05,2893.9423828125,0
43.06,2891.926513671875,0
43.07,2891.926513671875,0
43.08,2891.5908203125,0
43.09,2891.926513671875,0
43.1,2891.926513671875,0
43.11,2891.926513671875,0
43.12,2891.926513671875,0
43.13,2892.822021484375,0
43.14,2893.38232421875,0
43.15,2893.718017578125,0
43.16,2894.167236328125,0
43.17,2894.167236328125,0
43.18,2893.718017578125,0
43.19,2893.718017578125,0
43.2,2893.718017578125,0
43.21,2892.822021484375,0
43.22,2892.822021484375,0
43.23,2891.366455078125,0
43.24,2890.919677734375,0
43.25,2890.919677734375,0
43.26,2890.919677734375,0
43.27,2891.366455078125,0
43.28,2892.261962890625,0
43.29,2890.919677734375,0
43.3,2891.70166015625,0
43.31,2890.919677734375,0
43.32,2890.583984375,0
43.33,2890.583984375,0
43.34,2889.910400390625,0
43.35,2889.910400390625,0
43.36,2888.903564453125,0
43.37,2888.903564453125,0
43.38,2888.118896484375,0
43.39,2887.89697265625,0
43.4,2887.225830078125,0
43.41,2886.8876953125,0
43.42,2886.8876953125,0
43.43,2886.8876953125,0
43.44,2886.552001953125,0
43.45,2886.216552734375,0
43.46,2885.880859375,0
43.47,2885.880859375,0
43.48,2885.209716796875,0
43.49,2885.209716796875,0
43.5,2885.658935546875,0
43.51,2885.43408203125,0
43.52,2884.53857421875,0
43.53,2883.867431640625,0
43.54,2883.867431640625,0
43.55,2884.53857421875,0
43.56,2885.43408203125,0
43.57,2885.43408203125,0
43.58,2883.75634765625,0
43.59,2883.75634765625,0
43.6,2883.75634765625,0
43.61,2883.978515625,0
43.62,2885.43408203125,0
43.63,2885.994384765625,0
43.64,2885.994384765625,0
43.65,2885.994384765625,0
43.66,2887.112060546875,0
43.67,2889.0146484375,0
43.68,2889.574951171875,0
43.69,2889.574951171875,0
43.7,2889.574951171875,0
43.71,2889.2392578125,0
43.72,2889.2392578125,0
43.73,2888.903564453125,0
43.74,2888.903564453125,0
43.75,2888.568115234375,0
43.76,2886.8876953125,0
43.77,2885.43408203125,0
43.78,2885.43408203125,0
43.79,2885.43408203125,0
43.8,2885.209716796875,0
43.81,2884.649658203125,0
43.82,2884.31396484375,0
43.83,2883.53173828125,0
43.84,2883.307373046875,0
43.85,2881.85400390625,0
43.86,2879.95166015625,0
43.87,2879.84033203125,0
43.88,2878.94482421875,0
43.89,2876.933837890625,0
43.9,2876.70947265625,0
43.91,2875.256103515625,0
43.92,2874.5849609375,0
43.93,2873.913818359375,0
43.94,2873.802978515625,0
43.95,2872.01416015625,0
43.96,2870.2275390625,0
43.97,2870.003173828125,0
43.98,2869.77880859375,0
43.99,2869.77880859375,0
44,2869.892333984375,0
44.01,2869.892333984375,0
44.02,2869.892333984375,0
44.03,2869.892333984375,0
44.04,2869.892333984375,0
44.05,2869.892333984375,0
44.06,2869.892333984375,0
44.07,2869.892333984375,0
44.08,2869.892333984375,0
44.09,2872.01416015625,0
44.1,2872.57421875,0
44.11,2872.796142578125,0
44.12,2873.578125,0
44.13,2874.13818359375,0
44.14,2874.809326171875,0
44.15,2876.038330078125,0
44.16,2876.038330078125,0
44.17,2876.149169921875,0
44.18,2876.70947265625,0
44.19,2876.70947265625,0
44.2,2877.71630859375,0
44.21,2878.16259765625,0
44.22,2880.065185546875,0
44.23,2880.622802734375,0
44.24,2880.622802734375,0
44.25,2880.622802734375,0
44.26,2880.622802734375,0
44.27,2880.622802734375,0
44.28,2880.400634765625,0
44.29,2880.065185546875,0
44.3,2879.5048828125,0
44.31,2879.5048828125,0
44.32,2879.5048828125,0
44.33,2878.38720703125,0
44.34,2876.933837890625,0
44.35,2876.149169921875,0
44.36,2875.70263671875,0
44.37,2875.70263671875,0
44.38,2873.913818359375,0
44.39,2873.245361328125,0
44.4,2873.245361328125,0
44.41,2872.796142578125,0
44.42,2871.120849609375,0
44.43,2870.78515625,0
44.44,2870.78515625,0
44.45,2869.33203125,0
44.46,2869.10986328125,0
44.47,2868.996337890625,0
44.48,2869.10986328125,0
44.49,2868.996337890625,0
44.5,2868.103515625,0
44.51,2868.996337890625,0
44.52,2868.996337890625,0
44.53,2868.996337890625,0
44.54,2868.103515625,0
44.55,2868.5498046875,0
44.56,2869.33203125,0
44.57,2869.33203125,0
44.58,2870.2275390625,0
44.59,2871.010009765625,0
44.6,2871.231689453125,0
44.61,2872.46044921875,0
44.62,2872.57421875,0
44.63,2872.90966796875,0
44.64,2873.46728515625,0
44.65,2873.46728515625,0
44.66,2873.46728515625,0
44.67,2873.46728515625,0
44.68,2872.90966796875,0
44.69,2872.90966796875,0
44.7,2872.796142578125,0
44.71,2872.125,0
44.72,2871.7919921875,0
44.73,2871.45654296875,0
44.74,2871.678466796875,0
44.75,2871.678466796875,0
44.76,2871.010009765625,0
44.77,2870.67431640625,0
44.78,2870.67431640625,0
44.79,2870.67431640625,0
44.8,2870.3388671875,0
44.81,2870.114013671875,0
44.82,2868.996337890625,0
44.83,2868.66357421875,0
44.84,2867.9921875,0
44.85,2865.534912109375,0
44.86,2865.19921875,0
44.87,2864.86376953125,0
44.88,2864.195556640625,0
44.89,2862.966552734375,0
44.9,2862.631103515625,0
44.91,2862.29541015625,0
44.92,2862.29541015625,0
44.93,2860.622802734375,0
44.94,2859.394287109375,0
44.95,2859.394287109375,0
44.96,2858.836669921875,0
44.97,2857.94384765625,0
44.98,2857.27490234375,0
44.99,2856.717529296875,0
45,2856.60400390625,0
45.01,2856.492919921875,0
45.02,2856.382080078125,0
45.03,2856.159912109375,0
45.04,2856.04638671875,0
45.05,2855.48876953125,0
45.06,2855.26708984375,0
45.07,2855.26708984375,0
45.08,2855.48876953125,0
45.09,2855.26708984375,0
45.1,2855.26708984375,0
45.11,2855.26708984375,0
45.12,2855.26708984375,0
45.13,2856.271240234375,0
45.14,2856.271240234375,0
45.15,2856.492919921875,0
45.16,2856.492919921875,0
45.17,2856.82861328125,0
45.18,2856.82861328125,0
45.19,2857.608154296875,0
45.2,2857.608154296875,0
45.21,2857.608154296875,0
45.22,2857.608154296875,0
45.23,2858.279052734375,0
45.24,2858.279052734375,0
45.25,2858.279052734375,0
45.26,2859.17236328125,0
45.27,2859.17236328125,0
45.28,2859.17236328125,0
45.29,2859.505126953125,0
45.3,2859.505126953125,0
45.31,2860.065185546875,0
45.32,2861.0693359375,0
45.33,2861.0693359375,0
45.34,2861.0693359375,0
45.35,2860.844970703125,0
45.36,2860.844970703125,0
45.37,2860.287353515625,0
45.38,2860.287353515625,0
45.39,2860.065185546875,0
45.4,2859.72998046875,0
45.41,2859.17236328125,0
45.42,2859.0615234375,0
45.43,2859.0615234375,0
45.44,2859.0615234375,0
45.45,2858.947509765625,0
45.46,2857.83251953125,0
45.47,2857.38623046875,0
45.48,2857.050537109375,0
45.49,2857.050537109375,0
45.5,2855.3779296875,0
45.51,2855.3779296875,0
45.52,2853.92724609375,0
45.53,2853.92724609375,0
45.54,2853.705322265625,0
45.55,2853.36962890625,0
45.56,2853.36962890625,0
45.57,2853.2587890625,0
45.58,2853.36962890625,0
45.59,2853.594482421875,0
45.6,2853.594482421875,0
45.61,2853.594482421875,0
45.62,2853.594482421875,0
45.63,2853.594482421875,0
45.64,2853.594482421875,0
45.65,2852.476806640625,0
45.66,2852.476806640625,0
45.67,2852.476806640625,0
45.68,2852.476806640625,0
45.69,2852.476806640625,0
45.7,2852.476806640625,0
45.71,2852.03271484375,0
45.72,2852.03271484375,0
45.73,2853.036865234375,0
45.74,2853.147705078125,0
45.75,2853.147705078125,0
45.76,2853.147705078125,0
45.77,2853.816162109375,0
45.78,2853.2587890625,0
45.79,2853.705322265625,0
45.8,2853.705322265625,0
45.81,2853.594482421875,0
45.82,2853.594482421875,0
45.83,2853.2587890625,0
45.84,2853.36962890625,0
45.85,2853.36962890625,0
45.86,2853.2587890625,0
45.87,2852.92333984375,0
45.88,2852.92333984375,0
45.89,2852.476806640625,0
45.9,2852.254638671875,0
45.91,2851.586181640625,0
45.92,2851.586181640625,0
45.93,2851.361572265625,0
45.94,2851.028564453125,0
45.95,2851.028564453125,0
45.96,2851.028564453125,0
45.97,2850.693115234375,0
45.98,2849.91357421875,0
45.99,2849.68896484375,0
46,2849.46728515625,0
46.01,2849.131591796875,0
46.02,2848.57666015625,0
46.03,2848.1298828125,0
46.04,2847.572509765625,0
46.05,2846.904052734375,0
46.06,2846.457275390625,0
46.07,2846.235595703125,0
46.08,2845.89990234375,0
46.09,2842.890380859375,0
46.1,2842.779541015625,0
46.11,2841.999755859375,0
46.12,2841.888916015625,0
46.13,2841.442138671875,0
46.14,2841.331298828125,0
46.15,2840.552001953125,0
46.16,2840.552001953125,0
46.17,2840.21630859375,0
46.18,2840.21630859375,0
46.19,2839.550537109375,0
46.2,2839.550537109375,0
46.21,2839.550537109375,0
46.22,2839.103759765625,0
46.23,2838.102294921875,0
46.24,2838.6572265625,0
46.25,2838.6572265625,0
46.26,2838.6572265625,0
46.27,2838.102294921875,0
46.28,2837.98876953125,0
46.29,2837.98876953125,0
46.3,2837.98876953125,0
46.31,2838.102294921875,0
46.32,2838.102294921875,0
46.33,2838.102294921875,0
46.34,2838.768310546875,0
46.35,2838.882080078125,0
46.36,2838.992919921875,0
46.37,2839.21484375,0
46.38,2839.21484375,0
46.39,2838.992919921875,0
46.4,2839.21484375,0
46.41,2839.21484375,0
46.42,2841.109375,0
46.43,2841.6669921875,0
46.44,2842.221923828125,0
46.45,2842.33544921875,0
46.46,2842.4462890625,0
46.47,2843.225830078125,0
46.48,2843.89453125,0
46.49,2845.453125,0
46.5,2845.453125,0
46.51,2845.677978515625,0
46.52,2846.346435546875,0
46.53,2846.346435546875,0
46.54,2847.347900390625,0
46.55,2847.347900390625,0
46.56,2847.125732421875,0
46.57,2847.125732421875,0
46.58,2847.347900390625,0
46.59,2847.125732421875,0
46.6,2847.125732421875,0
46.61,2847.347900390625,0
46.62,2847.572509765625,0
46.63,2847.572509765625,0
46.64,2847.237060546875,0
46.65,2847.237060546875,0
46.66,2847.237060546875,0
46.67,2847.014892578125,0
46.68,2846.457275390625,0
46.69,2845.453125,0
46.7,2845.2314453125,0
46.71,2844.00537109375,0
46.72,2842.668212890625,0
46.73,2842.110595703125,0
46.74,2842.110595703125,0
46.75,2841.442138671875,0
46.76,2840.105224609375,0
46.77,2839.772216796875,0
46.78,2840.105224609375,0
46.79,2840.662841796875,0
46.8,2840.662841796875,0
46.81,2839.994384765625,0
46.82,2839.772216796875,0
46.83,2839.994384765625,0
46.84,2839.772216796875,0
46.85,2839.994384765625,0
46.86,2840.105224609375,0
46.87,2839.994384765625,0
46.88,2839.994384765625,0
46.89,2839.994384765625,0
46.9,2838.324462890625,0
46.91,2840.105224609375,0
46.92,2838.324462890625,0
46.93,2837.433837890625,0
46.94,2837.2119140625,0
46.95,2837.2119140625,0
46.96,2837.2119140625,0
46.97,2837.2119140625,0
46.98,2836.54345703125,0
46.99,2836.54345703125,0
47,2835.53955078125,0
47.01,2835.3173828125,0
47.02,2834.64892578125,0
47.03,2834.64892578125,0
47.04,2834.64892578125,0
47.05,2834.64892578125,0
47.06,2834.64892578125,0
47.07,2834.64892578125,0
47.08,2834.64892578125,0
47.09,2835.095458984375,0
47.1,2834.64892578125,0
47.11,2834.64892578125,0
47.12,2834.204833984375,0
47.13,2833.092529296875,0
47.14,2831.977783203125,0
47.15,2832.646240234375,0
47.16,2831.977783203125,0
47.17,2832.31298828125,0
47.18,2831.977783203125,0
47.19,2832.31298828125,0
47.2,2831.977783203125,0
47.21,2831.977783203125,0
47.22,2832.31298828125,0
47.23,2832.646240234375,0
47.24,2833.092529296875,0
47.25,2833.092529296875,0
47.26,2833.092529296875,0
47.27,2833.758544921875,0
47.28,2833.758544921875,0
47.29,2833.869384765625,0
47.3,2834.984619140625,0
47.31,2836.207763671875,0
47.32,2835.095458984375,0
47.33,2835.095458984375,0
47.34,2835.3173828125,0
47.35,2835.3173828125,0
47.36,2835.095458984375,0
47.37,2835.095458984375,0
47.38,2835.3173828125,0
47.39,2835.095458984375,0
47.4,2835.095458984375,0
47.41,2835.095458984375,0
47.42,2834.64892578125,0
47.43,2834.64892578125,0
47.44,2834.316162109375,0
47.45,2834.64892578125,0
47.46,2834.316162109375,0
47.47,2834.316162109375,0
47.48,2834.316162109375,0
47.49,2834.316162109375,0
47.5,2833.983154296875,0
47.51,2833.983154296875,0
47.52,2833.092529296875,0
47.53,2832.646240234375,0
47.54,2832.424072265625,0
47.55,2832.424072265625,0
47.56,2832.2021484375,0
47.57,2832.2021484375,0
47.58,2831.64453125,0
47.59,2830.97607421875,0
47.6,2830.5322265625,0
47.61,2830.088134765625,0
47.62,2829.419677734375,0
47.63,2828.975830078125,0
47.64,2828.751220703125,0
47.65,2828.640380859375,0
47.66,2828.529296875,0
47.67,2827.305908203125,0
47.68,2827.305908203125,0
47.69,2826.41552734375,0
47.7,2826.08251953125,0
47.71,2825.30322265625,0
47.72,2824.190673828125,0
47.73,2824.190673828125,0
47.74,2823.968505859375,0
47.75,2823.302734375,0
47.76,2822.7451171875,0
47.77,2822.63427734375,0
47.78,2822.30126953125,0
47.79,2821.746337890625,0
47.8,2821.300048828125,0
47.81,2821.077880859375,0
47.82,2821.077880859375,0
47.83,2820.85595703125,0
47.84,2820.85595703125,0
47.85,2820.85595703125,0
47.86,2820.634033203125,0
47.87,2820.0791015625,0
47.88,2819.6328125,0
47.89,2819.8544921875,0
47.9,2819.6328125,0
47.91,2819.299560546875,0
47.92,2819.299560546875,0
47.93,2819.188720703125,0
47.94,2819.188720703125,0
47.95,2819.188720703125,0
47.96,2818.966552734375,0
47.97,2818.6337890625,0
47.98,2818.6337890625,0
47.99,2818.966552734375,0
48,2819.077880859375,0
48.01,2819.077880859375,0
48.02,2819.188720703125,0
48.03,2819.077880859375,0
48.04,2819.077880859375,0
48.05,2819.077880859375,0
48.06,2819.74365234375,0
48.07,2819.077880859375,0
48.08,2820.967041015625,0
48.09,2819.188720703125,0
48.1,2819.188720703125,0
48.11,2819.188720703125,0
48.12,2820.30126953125,0
48.13,2820.967041015625,0
48.14,2820.967041015625,0
48.15,2820.967041015625,0
48.16,2821.077880859375,0
48.17,2821.6328125,0
48.18,2822.1904296875,0
48.19,2822.1904296875,0
48.2,2822.5234375,0
48.21,2822.5234375,0
48.22,2822.5234375,0
48.23,2822.5234375,0
48.24,2822.5234375,0
48.25,2822.5234375,0
48.26,2821.410888671875,0
48.27,2820.7451171875,0
48.28,2820.187744140625,0
48.29,2819.74365234375,0
48.3,2818.744873046875,0
48.31,2818.744873046875,0
48.32,2818.744873046875,0
48.33,2818.744873046875,0
48.34,2818.744873046875,0
48.35,2818.744873046875,0
48.36,2818.744873046875,0
48.37,2818.744873046875,0
48.38,2818.744873046875,0
48.39,2818.744873046875,0
48.4,2817.41064453125,0
48.41,2815.854248046875,0
48.42,2815.63232421875,0
48.43,2815.63232421875,0
48.44,2815.854248046875,0
48.45,2815.41015625,0
48.46,2815.41015625,0
48.47,2814.966064453125,0
48.48,2815.41015625,0
48.49,2815.7431640625,0
48.5,2815.7431640625,0
48.51,2815.7431640625,0
48.52,2814.855224609375,0
48.53,2814.855224609375,0
48.54,2814.855224609375,0
48.55,2813.853759765625,0
48.56,2814.855224609375,0
48.57,2814.411376953125,0
48.58,2813.853759765625,0
48.59,2813.298828125,0
48.6,2813.298828125,0
48.61,2813.298828125,0
48.62,2813.298828125,0
48.63,2813.298828125,0
48.64,2814.411376953125,0
48.65,2814.411376953125,0
48.66,2814.855224609375,0
48.67,2815.52099609375,0
48.68,2815.52099609375,0
48.69,2815.52099609375,0
48.7,2815.52099609375,0
48.71,2815.52099609375,0
48.72,2815.52099609375,0
48.73,2814.633544921875,0
48.74,2814.633544921875,0
48.75,2814.633544921875,0
48.76,2813.853759765625,0
48.77,2814.633544921875,0
48.78,2814.966064453125,0
48.79,2817.29931640625,0
48.8,2817.29931640625,0
48.81,2815.854248046875,0
48.82,2816.966552734375,0
48.83,2815.854248046875,0
48.84,2815.188232421875,0
48.85,2815.188232421875,0
48.86,2814.966064453125,0
48.87,2814.411376953125,0
48.88,2813.52099609375,0
48.89,2812.633056640625,0
48.9,2812.633056640625,0
48.91,2811.8564453125,0
48.92,2810.854736328125,0
48.93,2810.521728515625,0
48.94,2809.634033203125,0
48.95,2809.411865234375,0
48.96,2809.411865234375,0
48.97,2809.301025390625,0
48.98,2809.190185546875,0
48.99,2808.413330078125,0
49,2807.969482421875,0
49.01,2807.74755859375,0
49.02,2806.415771484375,0
49.03,2805.9716796875,0
49.04,2805.749755859375,0
49.05,2805.638916015625,0
49.06,2805.528076171875,0
49.07,2804.7509765625,0
49.08,2804.30712890625,0
49.09,2804.30712890625,0
49.1,2803.197265625,0
49.11,2803.197265625,0
49.12,2802.642333984375,0
49.13,2802.19873046875,0
49.14,2802.642333984375,0
49.15,2802.19873046875,0
49.16,2802.19873046875,0
49.17,2802.19873046875,0
49.18,2802.642333984375,0
49.19,2802.753662109375,0
49.2,2802.753662109375,0
49.21,2802.753662109375,0
49.22,2803.752197265625,0
49.23,2804.30712890625,0
49.24,2804.86181640625,0
49.25,2804.97314453125,0
49.26,2805.86083984375,0
49.27,2806.415771484375,0
49.28,2806.415771484375,0
49.29,2806.748779296875,0
49.3,2806.748779296875,0
49.31,2806.970458984375,0
49.32,2806.970458984375,0
49.33,2807.3037109375,0
49.34,2807.3037109375,0
49.35,2807.3037109375,0
49.36,2807.3037109375,0
49.37,2807.3037109375,0
49.38,2807.74755859375,0
49.39,2808.96826171875,0
49.4,2810.18896484375,0
49.41,2810.74658203125,0
49.42,2810.74658203125,0
49.43,2811.412353515625,0
49.44,2811.412353515625,0
49.45,2811.412353515625,0
49.46,2811.412353515625,0
49.47,2811.412353515625,0
49.48,2811.412353515625,0
49.49,2811.412353515625,0
49.5,2811.1904296875,0
49.51,2811.1904296875,0
49.52,2811.079345703125,0
49.53,2810.74658203125,0
49.54,2808.857421875,0
49.55,2808.857421875,0
49.56,2808.74609375,0
49.57,2808.302490234375,0
49.58,2807.969482421875,0
49.59,2807.525390625,0
49.6,2807.525390625,0
49.61,2807.525390625,0
49.62,2807.192626953125,0
49.63,2806.748779296875,0
49.64,2806.748779296875,0
49.65,2806.748779296875,0
49.66,2806.0830078125,0
49.67,2805.9716796875,0
49.68,2805.9716796875,0
49.69,2805.9716796875,0
49.7,2806.0830078125,0
49.71,2806.0830078125,0
49.72,2805.9716796875,0
49.73,2804.86181640625,0
49.74,2804.86181640625,0
49.75,2804.86181640625,0
49.76,2803.08642578125,0
49.77,2802.3095703125,0
49.78,2802.08740234375,0
49.79,2801.0888671875,0
49.8,2800.200927734375,0
49.81,2800.200927734375,0
49.82,2801.0888671875,0
49.83,2799.757080078125,0
49.84,2799.757080078125,0
49.85,2799.757080078125,0
49.86,2799.97900390625,0
49.87,2800.97802734375,0
49.88,2800.97802734375,0
49.89,2800.97802734375,0
49.9,2800.423095703125,0
49.91,2799.97900390625,0
49.92,2799.97900390625,0
49.93,2798.647216796875,0
49.94,2798.094970703125,0
49.95,2798.094970703125,0
49.96,2797.870361328125,0
49.97,2797.870361328125,0
49.98,2797.870361328125,0
49.99,2797.76220703125,0
50,2796.874267578125,0
50.01,2796.874267578125,0
50.02,2797.76220703125,0
50.03,2797.76220703125,0
50.04,2796.874267578125,0
50.05,2796.874267578125,0
50.06,2797.318115234375,0
50.07,2796.65234375,0
50.08,2796.65234375,0
50.09,2796.3193359375,0
50.1,2795.87548828125,0
50.11,2795.87548828125,0
50.12,2795.431640625,0
50.13,2795.87548828125,0
50.14,2796.763427734375,0
50.15,2795.87548828125,0
50.16,2795.653564453125,0
50.17,2795.320556640625,0
50.18,2795.320556640625,0
50.19,2795.320556640625,0
50.2,2795.101318359375,0
50.21,2794.7685546875,0
50.22,2794.213623046875,0
50.23,2794.213623046875,0
50.24,2793.4365234375,0
50.25,2793.4365234375,0
50.26,2793.4365234375,0
50.27,2793.21484375,0
50.28,2793.21484375,0
50.29,2794.213623046875,0
50.3,2792.99267578125,0
50.31,2792.99267578125,0
50.32,2794.1025390625,0
50.33,2794.1025390625,0
50.34,2792.99267578125,0
50.35,2792.99267578125,0
50.36,2794.1025390625,0
50.37,2792.99267578125,0
50.38,2792.4404296875,0
50.39,2792.32958984375,0
50.4,2792.32958984375,0
50.41,2792.218505859375,0
50.42,2791.774658203125,0
50.43,2791.774658203125,0
50.44,2791.774658203125,0
50.45,2791.33056640625,0
50.46,2791.33056640625,0
50.47,2791.33056640625,0
50.48,2791.33056640625,0
50.49,2790.66748046875,0
50.5,2790.66748046875,0
50.51,2791.33056640625,0
50.52,2791.33056640625,0
50.53,2791.2197265625,0
50.54,2791.2197265625,0
50.55,2791.2197265625,0
50.56,2791.552734375,0
50.57,2791.774658203125,0
50.58,2791.996826171875,0
50.59,2791.996826171875,0
50.6,2791.2197265625,0
50.61,2790.7783203125,0
50.62,2790.7783203125,0
50.63,2791.552734375,0
50.64,2790.7783203125,0
50.65,2790.334716796875,0
50.66,2789.44677734375,0
50.67,2789.44677734375,0
50.68,2789.44677734375,0
50.69,2788.783447265625,0
50.7,2788.783447265625,0
50.71,2788.783447265625,0
50.72,2788.783447265625,0
50.73,2790.001708984375,0
50.74,2790.445556640625,0
50.75,2790.445556640625,0
50.76,2790.445556640625,0
50.77,2790.445556640625,0
50.78,2791.2197265625,0
50.79,2791.2197265625,0
50.8,2791.2197265625,0
50.81,2791.2197265625,0
50.82,2790.556640625,0
50.83,2790.223388671875,0
50.84,2790.223388671875,0
50.85,2788.89453125,0
50.86,2790.223388671875,0
50.87,2790.223388671875,0
50.88,2790.223388671875,0
50.89,2789.66845703125,0
50.9,2789.66845703125,0
50.91,2788.89453125,0
50.92,2788.783447265625,0
50.93,2788.783447265625,0
50.94,2788.5615234375,0
50.95,2788.5615234375,0
50.96,2788.5615234375,0
50.97,2788.5615234375,0
50.98,2788.228759765625,0
50.99,2788.228759765625,0
51,2788.228759765625,0
51.01,2787.8955078125,0
51.02,2788.228759765625,0
51.03,2788.783447265625,0
51.04,2787.45458984375,0
51.05,2786.78857421875,0
51.06,2787.010498046875,0
51.07,2787.010498046875,0
51.08,2786.78857421875,0
51.09,2785.45947265625,0
51.1,2785.45947265625,0
51.11,2784.352294921875,0
51.12,2783.13427734375,0
51.13,2782.579345703125,0
51.14,2781.805419921875,0
51.15,2781.694091796875,0
51.16,2780.919921875,0
51.17,2780.80908203125,0
51.18,2780.80908203125,0
51.19,2779.81298828125,0
51.2,2778.37255859375,0
51.21,2778.37255859375,0
51.22,2778.15087890625,0
51.23,2778.15087890625,0
51.24,2778.04248046875,0
51.25,2777.931640625,0
51.26,2777.931640625,0
51.27,2777.5986328125,0
51.28,2776.824462890625,0
51.29,2776.491455078125,0
51.3,2776.26953125,0
51.31,2775.939208984375,0
51.32,2775.939208984375,0
51.33,2775.939208984375,0
51.34,2775.939208984375,0
51.35,2775.6064453125,0
51.36,2775.6064453125,0
51.37,2775.71728515625,0
51.38,2775.71728515625,0
51.39,2775.939208984375,0
51.4,2776.380615234375,0
51.41,2776.380615234375,0
51.42,2776.380615234375,0
51.43,2776.380615234375,0
51.44,2776.935302734375,0
51.45,2776.935302734375,0
51.46,2776.935302734375,0
51.47,2776.935302734375,0
51.48,2776.824462890625,0
51.49,2777.043701171875,0
51.5,2777.043701171875,0
51.51,2777.043701171875,0
51.52,2777.043701171875,0
51.53,2777.376708984375,0
51.54,2777.8203125,0
51.55,2778.04248046875,0
51.56,2778.816650390625,0
51.57,2779.0361328125,0
51.58,2779.258056640625,0
51.59,2779.258056640625,0
51.6,2780.254150390625,0
51.61,2780.365234375,0
51.62,2780.365234375,0
51.63,2780.365234375,0
51.64,2780.365234375,0
51.65,2780.47607421875,0
51.66,2780.365234375,0
51.67,2780.365234375,0
51.68,2780.365234375,0
51.69,2780.365234375,0
51.7,2780.47607421875,0
51.71,2780.919921875,0
51.72,2781.694091796875,0
51.73,2781.694091796875,0
51.74,2781.694091796875,0
51.75,2781.694091796875,0
51.76,2781.694091796875,0
51.77,2780.80908203125,0
51.78,2780.6982421875,0
51.79,2780.5869140625,0
51.8,2779.368896484375,0
51.81,2779.258056640625,0
51.82,2778.816650390625,0
51.83,2777.70947265625,0
51.84,2777.376708984375,0
51.85,2775.828369140625,0
51.86,2775.05419921875,0
51.87,2774.94287109375,0
51.88,2774.94287109375,0
51.89,2774.94287109375,0
51.9,2774.94287109375,0
51.91,2774.94287109375,0
51.92,2773.614013671875,0
51.93,2773.947021484375,0
51.94,2772.620361328125,0
51.95,2772.28759765625,0
51.96,2771.072021484375,0
51.97,2770.628173828125,0
51.98,2770.628173828125,0
51.99,2770.628173828125,0
52,2770.628173828125,0
52.01,2770.7392578125,0
52.02,2770.7392578125,0
52.03,2771.51318359375,0
52.04,2770.7392578125,0
52.05,2770.7392578125,0
52.06,2771.51318359375,0
52.07,2771.51318359375,0
52.08,2771.95458984375,0
52.09,2771.95458984375,0
52.1,2771.40234375,0
52.11,2770.628173828125,0
52.12,2770.628173828125,0
52.13,2770.628173828125,0
52.14,2770.7392578125,0
52.15,2769.742919921875,0
52.16,2769.742919921875,0
52.17,2769.742919921875,0
52.18,2769.742919921875,0
52.19,2769.742919921875,0
52.2,2769.523681640625,0
52.21,2769.190673828125,0
52.22,2768.96875,0
52.23,2768.96875,0
52.24,2768.96875,0
52.25,2768.96875,0
52.26,2768.96875,0
52.27,2769.853759765625,0
52.28,2771.95458984375,0
52.29,2771.95458984375,0
52.3,2771.95458984375,0
52.31,2771.95458984375,0
52.32,2771.95458984375,0
52.33,2771.95458984375,0
52.34,2771.95458984375,0
52.35,2771.95458984375,0
52.36,2771.624267578125,0
52.37,2770.9609375,0
52.38,2770.7392578125,0
52.39,2771.624267578125,0
52.4,2771.624267578125,0
52.41,2767.975341796875,0
52.42,2767.975341796875,0
52.43,2767.975341796875,0
52.44,2767.975341796875,0
52.45,2770.9609375,0
52.46,2770.9609375,0
52.47,2770.9609375,0
52.48,2770.9609375,0
52.49,2770.9609375,0
52.5,2770.9609375,0
52.51,2770.628173828125,0
52.52,2769.079833984375,0
52.53,2767.8642578125,0
52.54,2767.8642578125,0
52.55,2767.75341796875,0
52.56,2766.97900390625,0
52.57,2766.97900390625,0
52.58,2767.423095703125,0
52.59,2767.423095703125,0
52.6,2766.8681640625,0
52.61,2767.423095703125,0
52.62,2767.201171875,0
52.63,2766.8681640625,0
52.64,2766.75732421875,0
52.65,2766.31591796875,0
52.66,2765.87451171875,0
52.67,2765.87451171875,0
52.68,2766.205078125,0
52.69,2766.205078125,0
52.7,2765.87451171875,0
52.71,2764.326416015625,0
52.72,2763.552001953125,0
52.73,2763.441162109375,0
52.74,2763.441162109375,0
52.75,2763.441162109375,0
52.76,2763.332763671875,0
52.77,2762.780517578125,0
52.78,2762.780517578125,0
52.79,2763.332763671875,0
52.8,2763.552001953125,0
52.81,2763.885009765625,0
52.82,2763.885009765625,0
52.83,2763.885009765625,0
52.84,2763.885009765625,0
52.85,2763.885009765625,0
52.86,2763.995849609375,0
52.87,2763.995849609375,0
52.88,2763.995849609375,0
52.89,2763.662841796875,0
52.9,2763.662841796875,0
52.91,2763.662841796875,0
52.92,2763.662841796875,0
52.93,2763.662841796875,0
52.94,2763.995849609375,0
52.95,2763.662841796875,0
52.96,2763.995849609375,0
52.97,2761.895263671875,0
52.98,2761.895263671875,0
52.99,2761.784423828125,0
53,2760.901611328125,0
53.01,2760.460693359375,0
53.02,2759.5751953125,0
53.03,2758.2490234375,0
53.04,2757.91845703125,0
53.05,2757.91845703125,0
53.06,2757.91845703125,0
53.07,2757.69677734375,0
53.08,2757.91845703125,0
53.09,2757.91845703125,0
53.1,2757.69677734375,0
53.11,2758.470703125,0
53.12,2758.581787109375,0
53.13,2758.581787109375,0
53.14,2758.470703125,0
53.15,2757.25537109375,0
53.16,2757.25537109375,0
53.17,2757.25537109375,0
53.18,2756.81396484375,0
53.19,2756.81396484375,0
53.2,2756.48388671875,0
53.21,2756.48388671875,0
53.22,2756.372802734375,0
53.23,2756.372802734375,0
53.24,2756.372802734375,0
53.25,2756.48388671875,0
53.26,2756.48388671875,0
53.27,2756.15087890625,0
53.28,2756.15087890625,0
53.29,2756.15087890625,0
53.3,2756.15087890625,0
53.31,2756.15087890625,0
53.32,2756.15087890625,0
53.33,2755.820556640625,0
53.34,2755.268310546875,0
53.35,2755.268310546875,0
53.36,2755.820556640625,0
53.37,2755.820556640625,0
53.38,2758.140625,0
53.39,2755.820556640625,0
53.4,2757.69677734375,0
53.41,2757.91845703125,0
53.42,2758.2490234375,0
53.43,2758.2490234375,0
53.44,2757.91845703125,0
53.45,2757.91845703125,0
53.46,2757.69677734375,0
53.47,2757.58837890625,0
53.48,2757.58837890625,0
53.49,2757.58837890625,0
53.5,2755.931640625,0
53.51,2755.931640625,0
53.52,2755.931640625,0
53.53,2755.931640625,0
53.54,2755.04638671875,0
53.55,2755.37939453125,0
53.56,2754.3857421875,0
53.57,2754.496826171875,0
53.58,2754.3857421875,0
53.59,2754.3857421875,0
53.6,2754.3857421875,0
53.61,2754.3857421875,0
53.62,2754.496826171875,0
53.63,2754.496826171875,0
53.64,2754.163818359375,0
53.65,2754.496826171875,0
53.66,2754.163818359375,0
53.67,2754.496826171875,0
53.68,2754.496826171875,0
53.69,2753.83349609375,0
53.7,2754.496826171875,0
53.71,2754.496826171875,0
53.72,2754.496826171875,0
53.73,2754.496826171875,0
53.74,2753.72265625,0
53.75,2753.72265625,0
53.76,2752.6181640625,0
53.77,2752.50732421875,0
53.78,2752.50732421875,0
53.79,2751.513671875,0
53.8,2751.405517578125,0
53.81,2750.853271484375,0
53.82,2749.637451171875,0
53.83,2749.637451171875,0
53.84,2749.087890625,0
53.85,2749.087890625,0
53.86,2748.865966796875,0
53.87,2747.6533203125,0
53.88,2746.437744140625,0
53.89,2746.32958984375,0
53.9,2745.88818359375,0
53.91,2745.666015625,0
53.92,2744.564208984375,0
53.93,2744.564208984375,0
53.94,2744.2314453125,0
53.95,2744.2314453125,0
53.96,2743.459716796875,0
53.97,2742.246826171875,0
53.98,2741.58642578125,0
53.99,2741.58642578125,0
54,2741.475341796875,0
54.01,2741.475341796875,0
54.02,2741.475341796875,0
54.03,2741.475341796875,0
54.04,2740.5927734375,0
54.05,2741.25634765625,0
54.06,2741.475341796875,0
54.07,2741.58642578125,0
54.08,2741.475341796875,0
54.09,2741.58642578125,0
54.1,2741.694580078125,0
54.11,2741.694580078125,0
54.12,2741.694580078125,0
54.13,2742.138671875,0
54.14,2742.138671875,0
54.15,2742.688232421875,0
54.16,2743.021240234375,0
54.17,2743.129638671875,0
54.18,2743.129638671875,0
54.19,2743.351318359375,0
54.2,2744.011962890625,0
54.21,2744.011962890625,0
54.22,2744.2314453125,0
54.23,2744.453369140625,0
54.24,2744.564208984375,0
54.25,2744.89453125,0
54.26,2744.564208984375,0
54.27,2744.564208984375,0
54.28,2744.564208984375,0
54.29,2744.564208984375,0
54.3,2744.564208984375,0
54.31,2744.564208984375,0
54.32,2744.564208984375,0
54.33,2743.901123046875,0
54.34,2743.901123046875,0
54.35,2744.564208984375,0
54.36,2744.564208984375,0
54.37,2744.564208984375,0
54.38,2745.11376953125,0
54.39,2745.11376953125,0
54.4,2745.005615234375,0
54.41,2745.005615234375,0
54.42,2745.11376953125,0
54.43,2745.005615234375,0
54.44,2744.564208984375,0
54.45,2744.453369140625,0
54.46,2745.005615234375,0
54.47,2744.453369140625,0
54.48,2744.2314453125,0
54.49,2744.2314453125,0
54.5,2743.792724609375,0
54.51,2743.57080078125,0
54.52,2742.799072265625,0
54.53,2740.154296875,0
54.54,2739.0498046875,0
54.55,2738.169921875,0
54.56,2737.61767578125,0
54.57,2736.626708984375,0
54.58,2736.626708984375,0
54.59,2736.40478515625,0
54.6,2736.40478515625,0
54.61,2736.40478515625,0
54.62,2736.40478515625,0
54.63,2735.522216796875,0
54.64,2735.522216796875,0
54.65,2735.522216796875,0
54.66,2735.302978515625,0
54.67,2735.302978515625,0
54.68,2736.185546875,0
54.69,2736.185546875,0
54.7,2735.302978515625,0
54.71,2735.302978515625,0
54.72,2735.963623046875,0
54.73,2735.963623046875,0
54.74,2735.963623046875,0
54.75,2735.963623046875,0
54.76,2735.963623046875,0
54.77,2735.192138671875,0
54.78,2735.963623046875,0
54.79,2735.963623046875,0
54.8,2735.744384765625,0
54.81,2735.744384765625,0
54.82,2735.192138671875,0
54.83,2734.4228515625,0
54.84,2735.744384765625,0
54.85,2735.744384765625,0
54.86,2735.963623046875,0
54.87,2735.963623046875,0
54.88,2735.963623046875,0
54.89,2736.074462890625,0
54.9,2736.185546875,0
54.91,2736.185546875,0
54.92,2736.2939453125,0
54.93,2736.185546875,0
54.94,2736.074462890625,0
54.95,2735.744384765625,0
54.96,2735.744384765625,0
54.97,2735.744384765625,0
54.98,2735.413818359375,0
54.99,2733.54052734375,0
55,2733.54052734375,0
55.01,2733.54052734375,0
55.02,2733.54052734375,0
55.03,2733.54052734375,0
55.04,2734.201171875,0
55.05,2734.201171875,0
55.06,2736.40478515625,0
55.07,2736.40478515625,0
55.08,2736.95703125,0
55.09,2737.947998046875,0
55.1,2736.95703125,0
55.11,2736.40478515625,0
55.12,2736.40478515625,0
55.13,2736.95703125,0
55.14,2736.40478515625,0
55.15,2736.40478515625,0
55.16,2736.40478515625,0
55.17,2735.522216796875,0
55.18,2734.4228515625,0
55.19,2734.4228515625,0
55.2,2734.4228515625,0
55.21,2734.4228515625,0
55.22,2733.099365234375,0
55.23,2732.549560546875,0
55.24,2732.438720703125,0
55.25,2732.219482421875,0
55.26,2731.7783203125,0
55.27,2731.11767578125,0
55.28,2728.58349609375,0
55.29,2727.592529296875,0
55.3,2726.93212890625,0
55.31,2726.49072265625,0
55.32,2726.163330078125,0
55.33,2725.721923828125,0
55.34,2723.07958984375,0
55.35,2722.8603515625,0
55.36,2722.530029296875,0
55.37,2722.0888671875,0
55.38,2722.0888671875,0
55.39,2721.869384765625,0
55.4,2721.758544921875,0
55.41,2721.208740234375,0
55.42,2721.208740234375,0
55.43,2721.208740234375,0
55.44,2720.109619140625,0
55.45,2720.109619140625,0
55.46,2720.109619140625,0
55.47,2719.998779296875,0
55.48,2719.668212890625,0
55.49,2719.668212890625,0
55.5,2719.227294921875,0
55.51,2719.11865234375,0
55.52,2719.227294921875,0
55.53,2719.338134765625,0
55.54,2719.227294921875,0
55.55,2719.227294921875,0
55.56,2719.11865234375,0
55.57,2719.11865234375,0
55.58,2719.227294921875,0
55.59,2719.338134765625,0
55.6,2719.779296875,0
55.61,2719.779296875,0
55.62,2719.779296875,0
55.63,2719.779296875,0
55.64,2720.43994140625,0
55.65,2721.539306640625,0
55.66,2721.650146484375,0
55.67,2722.530029296875,0
55.68,2722.530029296875,0
55.69,2722.310791015625,0
55.7,2722.530029296875,0
55.71,2723.07958984375,0
55.72,2723.629150390625,0
55.73,2724.509033203125,0
55.74,2723.629150390625,0
55.75,2724.28955078125,0
55.76,2724.28955078125,0
55.77,2725.061279296875,0
55.78,2725.3916015625,0
55.79,2725.5,0
55.8,2725.5,0
55.81,2725.721923828125,0
55.82,2727.592529296875,0
55.83,2727.592529296875,0
55.84,2727.592529296875,0
55.85,2727.592529296875,0
55.86,2727.592529296875,0
55.87,2726.93212890625,0
55.88,2727.481689453125,0
55.89,2727.481689453125,0
55.9,2726.93212890625,0
55.91,2725.830322265625,0
55.92,2724.40087890625,0
55.93,2724.40087890625,0
55.94,2723.629150390625,0
55.95,2724.40087890625,0
55.96,2724.40087890625,0
55.97,2723.95947265625,0
55.98,2723.851318359375,0
55.99,2723.95947265625,0
56,2724.40087890625,0
56.01,2723.95947265625,0
56.02,2723.851318359375,0
56.03,2723.851318359375,0
56.04,2722.530029296875,0
56.05,2723.740234375,0
56.06,2721.9775390625,0
56.07,2721.758544921875,0
56.08,2720.328857421875,0
56.09,2719.557373046875,0
56.1,2719.557373046875,0
56.11,2719.44921875,0
56.12,2719.44921875,0
56.13,2719.44921875,0
56.14,2717.35888671875,0
56.15,2717.35888671875,0
56.16,2717.13720703125,0
56.17,2716.917724609375,0
56.18,2716.917724609375,0
56.19,2716.917724609375,0
56.2,2714.38916015625,0
56.21,2716.479248046875,0
56.22,2715.3798828125,0
56.23,2714.5,0
56.24,2714.5,0
56.25,2714.169921875,0
56.26,2714.5,0
56.27,2714.5,0
56.28,2714.5,0
56.29,2714.5,0
56.3,2713.400634765625,0
56.31,2713.400634765625,0
56.32,2713.400634765625,0
56.33,2713.400634765625,0
56.34,2714.719482421875,0
56.35,2713.400634765625,0
56.36,2713.070556640625,0
56.37,2712.95947265625,0
56.38,2713.070556640625,0
56.39,2715.157958984375,0
56.4,2714.05859375,0
56.41,2713.400634765625,0
56.42,2713.400634765625,0
56.43,2713.400634765625,0
56.44,2714.05859375,0
56.45,2714.05859375,0
56.46,2714.05859375,0
56.47,2713.83935546875,0
56.48,2713.83935546875,0
56.49,2713.620361328125,0
56.5,2713.620361328125,0
56.51,2713.83935546875,0
56.52,2713.620361328125,0
56.53,2713.509033203125,0
56.54,2712.62939453125,0
56.55,2711.971435546875,0
56.56,2711.971435546875,0
56.57,2711.860107421875,0
56.58,2711.860107421875,0
56.59,2711.860107421875,0
56.6,2711.751953125,0
56.61,2711.310546875,0
56.62,2711.19970703125,0
56.63,2711.19970703125,0
56.64,2710.430908203125,0
56.65,2710.10302734375,0
56.66,2710.430908203125,0
56.67,2709.112548828125,0
56.68,2709.112548828125,0
56.69,2709.77294921875,0
56.7,2709.112548828125,0
56.71,2709.77294921875,0
56.72,2709.112548828125,0
56.73,2709.00390625,0
56.74,2709.77294921875,0
56.75,2709.662109375,0
56.76,2709.662109375,0
56.77,2709.00390625,0
56.78,2709.00390625,0
56.79,2709.00390625,0
56.8,2709.00390625,0
56.81,2709.00390625,0
56.82,2709.662109375,0
56.83,2709.662109375,0
56.84,2710.322509765625,0
56.85,2710.322509765625,0
56.86,2710.430908203125,0
56.87,2710.430908203125,0
56.88,2710.430908203125,0
56.89,2708.89306640625,0
56.9,2708.89306640625,0
56.91,2708.673828125,0
56.92,2707.793701171875,0
56.93,2707.793701171875,0
56.94,2707.685546875,0
56.95,2706.916748046875,0
56.96,2707.685546875,0
56.97,2706.916748046875,0
56.98,2706.586181640625,0
56.99,2706.586181640625,0
57,2706.586181640625,0
57.01,2705.59521484375,0
57.02,2705.59521484375,0
57.03,2706.586181640625,0
57.04,2705.59521484375,0
57.05,2705.487060546875,0
57.06,2705.267822265625,0
57.07,2705.156982421875,0
57.08,2705.156982421875,0
57.09,2704.71826171875,0
57.1,2704.71826171875,0
57.11,2703.5107421875,0
57.12,2703.5107421875,0
57.13,2703.5107421875,0
57.14,2703.5107421875,0
57.15,2703.5107421875,0
57.16,2703.5107421875,0
57.17,2703.5107421875,0
57.18,2703.5107421875,0
57.19,2703.5107421875,0
57.2,2703.5107421875,0
57.21,2703.5107421875,0
57.22,2703.5107421875,0
57.23,2702.849853515625,0
57.24,2703.72998046875,0
57.25,2703.72998046875,0
57.26,2702.849853515625,0
57.27,2702.849853515625,0
57.28,2702.961181640625,0
57.29,2702.849853515625,0
57.3,2702.961181640625,0
57.31,2703.291259765625,0
57.32,2703.291259765625,0
57.33,2703.291259765625,0
57.34,2702.961181640625,0
57.35,2702.961181640625,0
57.36,2702.74169921875,0
57.37,2702.74169921875,0
57.38,2702.74169921875,0
57.39,2702.74169921875,0
57.4,2702.74169921875,0
57.41,2702.74169921875,0
57.42,2702.74169921875,0
57.43,2702.74169921875,0
57.44,2703.3994140625,0
57.45,2703.838134765625,0
57.46,2703.838134765625,0
57.47,2703.838134765625,0
57.48,2702.0810546875,0
57.49,2700.654296875,0
57.5,2700.654296875,0
57.51,2700.654296875,0
57.52,2703.838134765625,0
57.53,2703.291259765625,0
57.54,2703.291259765625,0
57.55,2703.291259765625,0
57.56,2703.838134765625,0
57.57,2703.838134765625,0
57.58,2703.838134765625,0
57.59,2704.607177734375,0
57.6,2703.291259765625,0
57.61,2702.5224609375,0
57.62,2701.972900390625,0
57.63,2701.753662109375,0
57.64,2701.753662109375,0
57.65,2701.753662109375,0
57.66,2701.312255859375,0
57.67,2701.0927734375,0
57.68,2700.104736328125,0
57.69,2699.88525390625,0
57.7,2699.666015625,0
57.71,2699.666015625,0
57.72,2699.446533203125,0
57.73,2699.227294921875,0
57.74,2696.2626953125,0
57.75,2696.154541015625,0
57.76,2695.823974609375,0
57.77,2695.823974609375,0
57.78,2694.7275390625,0
57.79,2694.7275390625,0
57.8,2694.50830078125,0
57.81,2694.50830078125,0
57.82,2693.847412109375,0
57.83,2693.630859375,0
57.84,2693.081298828125,0
57.85,2693.081298828125,0
57.86,2691.98486328125,0
57.87,2691.873779296875,0
57.88,2690.119384765625,0
57.89,2689.7890625,0
57.9,2689.56982421875,0
57.91,2689.241943359375,0
57.92,2689.022705078125,0
57.93,2688.803466796875,0
57.94,2688.1455078125,0
57.95,2688.1455078125,0
57.96,2688.1455078125,0
57.97,2687.376708984375,0
57.98,2686.0634765625,0
57.99,2685.513916015625,0
58,2686.0634765625,0
58.01,2685.9521484375,0
58.02,2685.9521484375,0
58.03,2685.9521484375,0
58.04,2685.9521484375,0
58.05,2686.0634765625,0
58.06,2685.9521484375,0
58.07,2685.9521484375,0
58.08,2686.0634765625,0
58.09,2686.0634765625,0
58.1,2686.499267578125,0
58.11,2687.376708984375,0
58.12,2687.70703125,0
58.13,2687.70703125,0
58.14,2687.70703125,0
58.15,2687.815185546875,0
58.16,2687.815185546875,0
58.17,2687.815185546875,0
58.18,2689.241943359375,0
58.19,2690.010986328125,0
58.2,2690.666259765625,0
58.21,2690.666259765625,0
58.22,2691.546142578125,0
58.23,2691.654541015625,0
58.24,2691.654541015625,0
58.25,2691.654541015625,0
58.26,2691.654541015625,0
58.27,2691.765625,0
58.28,2691.765625,0
58.29,2692.53173828125,0
58.3,2692.53173828125,0
58.31,2691.765625,0
58.32,2691.654541015625,0
58.33,2689.89990234375,0
58.34,2688.364990234375,0
58.35,2688.034423828125,0
58.36,2688.034423828125,0
58.37,2688.1455078125,0
58.38,2688.1455078125,0
58.39,2688.034423828125,0
58.4,2687.92626953125,0
58.41,2687.92626953125,0
58.42,2687.92626953125,0
58.43,2687.92626953125,0
58.44,2687.92626953125,0
58.45,2687.92626953125,0
58.46,2687.595703125,0
58.47,2685.9521484375,0
58.48,2685.18603515625,0
58.49,2685.9521484375,0
58.5,2685.18603515625,0
58.51,2683.21240234375,0
58.52,2685.18603515625,0
58.53,2683.21240234375,0
58.54,2683.21240234375,0
58.55,2682.992919921875,0
58.56,2683.21240234375,0
58.57,2683.21240234375,0
58.58,2683.21240234375,0
58.59,2683.21240234375,0
58.6,2684.089599609375,0
58.61,2684.089599609375,0
58.62,2684.089599609375,0
58.63,2684.089599609375,0
58.64,2684.089599609375,0
58.65,2684.089599609375,0
58.66,2684.089599609375,0
58.67,2684.306396484375,0
58.68,2684.417236328125,0
58.69,2684.417236328125,0
58.7,2684.417236328125,0
58.71,2685.18603515625,0
58.72,2685.84130859375,0
58.73,2685.84130859375,0
58.74,2685.84130859375,0
58.75,2685.84130859375,0
58.76,2685.624755859375,0
58.77,2685.29443359375,0
58.78,2685.18603515625,0
58.79,2685.0751953125,0
58.8,2684.636474609375,0
58.81,2684.528076171875,0
58.82,2684.089599609375,0
58.83,2683.21240234375,0
58.84,2681.019287109375,0
58.85,2681.019287109375,0
58.86,2680.69140625,0
58.87,2678.28173828125,0
58.88,2677.07421875,0
58.89,2676.52734375,0
58.9,2676.4189453125,0
58.91,2676.199462890625,0
58.92,2676.09130859375,0
58.93,2675.8720703125,0
58.94,2675.433349609375,0
58.95,2675.2138671875,0
58.96,2674.6669921875,0
58.97,2674.336669921875,0
58.98,2674.336669921875,0
58.99,2674.336669921875,0
59,2674.336669921875,0
59.01,2674.1171875,0
59.02,2674.336669921875,0
59.03,2674.336669921875,0
59.04,2674.775390625,0
59.05,2674.886474609375,0
59.06,2674.886474609375,0
59.07,2675.541748046875,0
59.08,2675.980224609375,0
59.09,2677.07421875,0
59.1,2677.07421875,0
59.11,2677.07421875,0
59.12,2678.609130859375,0
59.13,2679.15625,0
59.14,2679.486572265625,0
59.15,2679.486572265625,0
59.16,2678.609130859375,0
59.17,2679.705810546875,0
59.18,2679.705810546875,0
59.19,2678.93701171875,0
59.2,2678.93701171875,0
59.21,2678.93701171875,0
59.22,2678.609130859375,0
59.23,2678.609130859375,0
59.24,2678.609130859375,0
59.25,2678.609130859375,0
59.26,2678.609130859375,0
59.27,2678.28173828125,0
59.28,2678.28173828125,0
59.29,2676.4189453125,0
59.3,2676.4189453125,0
59.31,2675.541748046875,0
59.32,2674.336669921875,0
59.33,2673.462158203125,0
59.34,2673.462158203125,0
59.35,2673.023681640625,0
59.36,2673.023681640625,0
59.37,2672.69580078125,0
59.38,2672.365478515625,0
59.39,2672.257080078125,0
59.4,2672.257080078125,0
59.41,2672.365478515625,0
59.42,2672.69580078125,0
59.43,2672.69580078125,0
59.44,2672.0380859375,0
59.45,2672.0380859375,0
59.46,2672.365478515625,0
59.47,2672.365478515625,0
59.48,2672.365478515625,0
59.49,2671.818603515625,0
59.5,2671.599365234375,0
59.51,2671.599365234375,0
59.52,2671.599365234375,0
59.53,2671.818603515625,0
59.54,2671.818603515625,0
59.55,2671.599365234375,0
59.56,2671.818603515625,0
59.57,2672.14892578125,0
59.58,2672.5849609375,0
59.59,2674.228515625,0
59.6,2674.555908203125,0
59.61,2675.652587890625,0
59.62,2676.09130859375,0
59.63,2676.199462890625,0
59.64,2676.307861328125,0
59.65,2676.307861328125,0
59.66,2676.966064453125,0
59.67,2677.951416015625,0
59.68,2677.951416015625,0
59.69,2676.966064453125,0
59.7,2676.966064453125,0
59.71,2676.09130859375,0
59.72,2676.09130859375,0
59.73,2675.980224609375,0
59.74,2675.980224609375,0
59.75,2674.1171875,0
59.76,2673.462158203125,0
59.77,2673.023681640625,0
59.78,2671.490966796875,0
59.79,2671.490966796875,0
59.8,2671.271484375,0
59.81,2669.411376953125,0
59.82,2669.192138671875,0
59.83,2668.645263671875,0
59.84,2668.42578125,0
59.85,2668.098388671875,0
59.86,2667.4404296875,0
59.87,2666.346435546875,0
59.88,2666.018798828125,0
59.89,2665.691162109375,0
59.9,2664.377685546875,0
59.91,2663.939208984375,0
59.92,2663.611572265625,0
59.93,2663.611572265625,0
59.94,2663.283935546875,0
59.95,2661.75146484375,0
59.96,2661.642822265625,0
59.97,2661.207275390625,0
59.98,2660.98779296875,0
59.99,2660.98779296875,0
60,2660.7685546875,0
60.01,2660.329833984375,0
60.02,2660.11328125,0
60.03,2659.238525390625,0
60.04,2659.019287109375,0
60.05,2658.691650390625,0
60.06,2658.472412109375,0
60.07,2658.472412109375,0
60.08,2658.472412109375,0
60.09,2657.92529296875,0
60.1,2657.92529296875,0
60.11,2657.92529296875,0
60.12,2658.03369140625,0
60.13,2657.817138671875,0
60.14,2657.37841796875,0
60.15,2658.03369140625,0
60.16,2658.03369140625,0
60.17,2658.03369140625,0
60.18,2658.03369140625,0
60.19,2657.37841796875,0
60.2,2657.27001953125,0
60.21,2656.72314453125,0
60.22,2656.287109375,0
60.23,2656.287109375,0
60.24,2656.17626953125,0
60.25,2656.17626953125,0
60.26,2656.067626953125,0
60.27,2655.520751953125,0
60.28,2655.412353515625,0
60.29,2655.412353515625,0
60.3,2655.412353515625,0
60.31,2655.301513671875,0
60.32,2654.865478515625,0
60.33,2654.865478515625,0
60.34,2654.865478515625,0
60.35,2655.301513671875,0
60.36,2655.412353515625,0
60.37,2655.412353515625,0
60.38,2655.301513671875,0
60.39,2654.75439453125,0
60.4,2654.75439453125,0
60.41,2654.865478515625,0
60.42,2654.865478515625,0
60.43,2654.75439453125,0
60.44,2654.75439453125,0
60.45,2654.646240234375,0
60.46,2654.646240234375,0
60.47,2654.646240234375,0
60.48,2654.318359375,0
60.49,2654.210205078125,0
60.5,2654.210205078125,0
60.51,2654.09912109375,0
60.52,2654.09912109375,0
60.53,2654.09912109375,0
60.54,2653.6630859375,0
60.55,2653.771484375,0
60.56,2653.771484375,0
60.57,2654.09912109375,0
60.58,2653.771484375,0
60.59,2653.335693359375,0
60.6,2652.68017578125,0
60.61,2652.68017578125,0
60.62,2651.2587890625,0
60.63,2650.930908203125,0
60.64,2650.930908203125,0
60.65,2650.930908203125,0
60.66,2650.16748046875,0
60.67,2649.839599609375,0
60.68,2649.728759765625,0
60.69,2649.839599609375,0
60.7,2651.2587890625,0
60.71,2650.711669921875,0
60.72,2650.711669921875,0
60.73,2650.711669921875,0
60.74,2649.728759765625,0
60.75,2649.728759765625,0
60.76,2649.728759765625,0
60.77,2650.711669921875,0
60.78,2649.9482421875,0
60.79,2649.9482421875,0
60.8,2649.728759765625,0
60.81,2649.9482421875,0
60.82,2649.9482421875,0
60.83,2650.16748046875,0
60.84,2650.16748046875,0
60.85,2650.16748046875,0
60.86,2650.16748046875,0
60.87,2650.16748046875,0
60.88,2650.16748046875,0
60.89,2650.16748046875,0
60.9,2650.056640625,0
60.91,2648.85693359375,0
60.92,2648.529296875,0
60.93,2648.529296875,0
60.94,2648.31005859375,0
60.95,2647.8740234375,0
60.96,2647.21875,0
60.97,2647.21875,0
60.98,2647.21875,0
60.99,2647.546142578125,0
61,2647.435302734375,0
61.01,2647.21875,0
61.02,2647.21875,0
61.03,2646.5634765625,0
61.04,2646.999267578125,0
61.05,2646.5634765625,0
61.06,2646.5634765625,0
61.07,2645.36083984375,0
61.08,2645.252685546875,0
61.09,2645.252685546875,0
61.1,2645.252685546875,0
61.11,2645.033447265625,0
61.12,2645.033447265625,0
61.13,2644.489013671875,0
61.14,2645.033447265625,0
61.15,2644.27001953125,0
61.16,2645.033447265625,0
61.17,2645.36083984375,0
61.18,2645.033447265625,0
61.19,2645.033447265625,0
61.2,2645.033447265625,0
61.21,2645.033447265625,0
61.22,2645.36083984375,0
61.23,2645.033447265625,0
61.24,2645.36083984375,0
61.25,2645.033447265625,0
61.26,2645.033447265625,0
61.27,2645.36083984375,0
61.28,2645.36083984375,0
61.29,2645.033447265625,0
61.3,2645.033447265625,0
61.31,2644.81689453125,0
61.32,2645.033447265625,0
61.33,2645.033447265625,0
61.34,2645.252685546875,0
61.35,2645.252685546875,0
61.36,2645.033447265625,0
61.37,2645.252685546875,0
61.38,2645.47216796875,0
61.39,2645.47216796875,0
61.4,2645.47216796875,0
61.41,2645.36083984375,0
61.42,2645.36083984375,0
61.43,2645.580322265625,0
61.44,2645.36083984375,0
61.45,2645.580322265625,0
61.46,2645.36083984375,0
61.47,2645.36083984375,0
61.48,2645.36083984375,0
61.49,2646.235595703125,0
61.5,2646.235595703125,0
61.51,2646.12744140625,0
61.52,2646.12744140625,0
61.53,2646.235595703125,0
61.54,2646.235595703125,0
61.55,2647.107666015625,0
61.56,2647.107666015625,0
61.57,2647.21875,0
61.58,2647.21875,0
61.59,2647.326904296875,0
61.6,2647.435302734375,0
61.61,2647.8740234375,0
61.62,2647.982177734375,0
61.63,2647.8740234375,0
61.64,2647.435302734375,0
61.65,2647.8740234375,0
61.66,2647.8740234375,0
61.67,2647.435302734375,0
61.68,2647.435302734375,0
61.69,2646.235595703125,0
61.7,2646.235595703125,0
61.71,2646.235595703125,0
61.72,2646.235595703125,0
61.73,2646.235595703125,0
61.74,2646.12744140625,0
61.75,2645.799560546875,0
61.76,2645.799560546875,0
61.77,2645.799560546875,0
61.78,2645.36083984375,0
61.79,2645.36083984375,0
61.8,2645.36083984375,0
61.81,2646.016357421875,0
61.82,2646.016357421875,0
61.83,2646.454833984375,0
61.84,2646.454833984375,0
61.85,2648.96533203125,0
61.86,2648.96533203125,0
61.87,2648.96533203125,0
61.88,2646.454833984375,0
61.89,2645.799560546875,0
61.9,2645.688720703125,0
61.91,2645.580322265625,0
61.92,2645.580322265625,0
61.93,2645.252685546875,0
61.94,2645.252685546875,0
61.95,2645.580322265625,0
61.96,2645.580322265625,0
61.97,2645.688720703125,0
61.98,2645.688720703125,0
61.99,2645.688720703125,0
62,2645.688720703125,0
62.01,2645.688720703125,0
62.02,2645.688720703125,0
62.03,2645.907958984375,0
62.04,2645.144287109375,0
62.05,2644.70556640625,0
62.06,2644.597412109375,0
62.07,2643.722900390625,0
62.08,2643.614501953125,0
62.09,2642.523193359375,0
62.1,2641.540283203125,0
62.11,2641.540283203125,0
62.12,2641.540283203125,0
62.13,2641.212646484375,0
62.14,2640.668212890625,0
62.15,2640.668212890625,0
62.16,2640.3408203125,0
62.17,2639.576904296875,0
62.18,2639.576904296875,0
62.19,2638.921630859375,0
62.2,2638.921630859375,0
62.21,2638.921630859375,0
62.22,2638.158203125,0
62.23,2638.921630859375,0
62.24,2638.921630859375,0
62.25,2639.90478515625,0
62.26,2639.90478515625,0
62.27,2638.921630859375,0
62.28,2639.90478515625,0
62.29,2638.158203125,0
62.3,2637.72216796875,0
62.31,2637.72216796875,0
62.32,2637.17529296875,0
62.33,2637.17529296875,0
62.34,2637.17529296875,0
62.35,2637.17529296875,0
62.36,2637.17529296875,0
62.37,2637.17529296875,0
62.38,2637.17529296875,0
62.39,2637.17529296875,0
62.4,2637.17529296875,0
62.41,2637.06689453125,0
62.42,2636.85009765625,0
62.43,2635.7587890625,0
62.44,2635.431396484375,0
62.45,2635.103515625,0
62.46,2635.103515625,0
62.47,2635.431396484375,0
62.48,2635.431396484375,0
62.49,2635.431396484375,0
62.5,2635.431396484375,0
62.51,2636.302978515625,0
62.52,2636.41162109375,0
62.53,2636.41162109375,0
62.54,2636.5224609375,0
62.55,2637.06689453125,0
62.56,2637.06689453125,0
62.57,2636.302978515625,0
62.58,2636.302978515625,0
62.59,2636.302978515625,0
62.6,2636.302978515625,0
62.61,2636.302978515625,0
62.62,2636.302978515625,0
62.63,2636.08642578125,0
62.64,2634.776123046875,0
62.65,2634.776123046875,0
62.66,2634.776123046875,0
62.67,2634.55908203125,0
62.68,2637.17529296875,0
62.69,2637.61376953125,0
62.7,2634.55908203125,0
62.71,2636.19482421875,0
62.72,2636.19482421875,0
62.73,2636.19482421875,0
62.74,2635.431396484375,0
62.75,2635.431396484375,0
62.76,2635.431396484375,0
62.77,2635.431396484375,0
62.78,2635.431396484375,0
62.79,2635.431396484375,0
62.8,2635.431396484375,0
62.81,2634.886962890625,0
62.82,2634.776123046875,0
62.83,2634.12353515625,0
62.84,2633.4677734375,0
62.85,2633.0322265625,0
62.86,2633.0322265625,0
62.87,2633.0322265625,0
62.88,2633.0322265625,0
62.89,2633.0322265625,0
62.9,2632.159912109375,0
62.91,2631.288330078125,0
62.92,2630.7412109375,0
62.93,2631.288330078125,0
62.94,2631.288330078125,0
62.95,2630.7412109375,0
62.96,2629.108154296875,0
62.97,2629.108154296875,0
62.98,2629.108154296875,0
62.99,2629.108154296875,0
63,2630.08837890625,0
63.01,2630.08837890625,0
63.02,2630.08837890625,0
63.03,2630.7412109375,0
63.04,2630.85205078125,0
63.05,2631.1796875,0
63.06,2630.85205078125,0
63.07,2630.85205078125,0
63.08,2632.159912109375,0
63.09,2632.159912109375,0
63.1,2632.37646484375,0
63.11,2632.37646484375,0
63.12,2632.159912109375,0
63.13,2631.1796875,0
63.14,2631.1796875,0
63.15,2631.1796875,0
63.16,2631.1796875,0
63.17,2631.06884765625,0
63.18,2630.416015625,0
63.19,2630.416015625,0
63.2,2629.108154296875,0
63.21,2628.672119140625,0
63.22,2628.672119140625,0
63.23,2628.672119140625,0
63.24,2628.672119140625,0
63.25,2628.45263671875,0
63.26,2628.672119140625,0
63.27,2628.672119140625,0
63.28,2627.580810546875,0
63.29,2628.672119140625,0
63.3,2629.5439453125,0
63.31,2627.47265625,0
63.32,2627.47265625,0
63.33,2628.344482421875,0
63.34,2628.344482421875,0
63.35,2628.344482421875,0
63.36,2628.561279296875,0
63.37,2628.672119140625,0
63.38,2628.561279296875,0
63.39,2628.344482421875,0
63.4,2628.344482421875,0
63.41,2628.344482421875,0
63.42,2626.92822265625,0
63.43,2626.8173828125,0
63.44,2626.4921875,0
63.45,2626.4921875,0
63.46,2626.384033203125,0
63.47,2625.8369140625,0
63.48,2625.184326171875,0
63.49,2625.184326171875,0
63.5,2624.095703125,0
63.51,2623.548828125,0
63.52,2623.76806640625,0
63.53,2623.76806640625,0
63.54,2623.656982421875,0
63.55,2623.656982421875,0
63.56,2623.76806640625,0
63.57,2623.76806640625,0
63.58,2623.76806640625,0
63.59,2624.095703125,0
63.6,2624.095703125,0
63.61,2624.312255859375,0
63.62,2624.312255859375,0
63.63,2624.312255859375,0
63.64,2624.312255859375,0
63.65,2623.656982421875,0
63.66,2623.4404296875,0
63.67,2623.4404296875,0
63.68,2623.2236328125,0
63.69,2622.460205078125,0
63.7,2621.698974609375,0
63.71,2620.935546875,0
63.72,2620.935546875,0
63.73,2621.479736328125,0
63.74,2620.935546875,0
63.75,2620.71875,0
63.76,2620.71875,0
63.77,2620.71875,0
63.78,2620.71875,0
63.79,2620.71875,0
63.8,2620.499267578125,0
63.81,2620.71875,0
63.82,2620.499267578125,0
63.83,2620.71875,0
63.84,2620.499267578125,0
63.85,2620.499267578125,0
63.86,2620.8271484375,0
63.87,2620.8271484375,0
63.88,2620.8271484375,0
63.89,2620.8271484375,0
63.9,2620.71875,0
63.91,2620.71875,0
63.92,2619.630126953125,0
63.93,2619.194091796875,0
63.94,2619.194091796875,0
63.95,2618.974853515625,0
63.96,2618.322265625,0
63.97,2618.322265625,0
63.98,2617.66943359375,0
63.99,2617.66943359375,0
64,2618.10546875,0
64.01,2618.10546875,0
64.02,2618.10546875,0
64.03,2617.016845703125,0
64.04,2617.016845703125,0
64.05,2616.906005859375,0
64.06,2616.906005859375,0
64.07,2616.906005859375,0
64.08,2615.708984375,0
64.09,2615.708984375,0
64.1,2615.708984375,0
64.11,2615.708984375,0
64.12,2615.708984375,0
64.13,2614.839599609375,0
64.14,2613.859375,0
64.15,2614.839599609375,0
64.16,2614.511962890625,0
64.17,2614.839599609375,0
64.18,2614.511962890625,0
64.19,2614.511962890625,0
64.2,2614.511962890625,0
64.21,2614.40380859375,0
64.22,2614.511962890625,0
64.23,2614.839599609375,0
64.24,2614.511962890625,0
64.25,2614.40380859375,0
64.26,2613.098388671875,0
64.27,2613.098388671875,0
64.28,2612.662109375,0
64.29,2612.443115234375,0
64.3,2612.009521484375,0
64.31,2611.573974609375,0
64.32,2611.573974609375,0
64.33,2611.35693359375,0
64.34,2609.507568359375,0
64.35,2609.2880859375,0
64.36,2609.071533203125,0
64.37,2609.071533203125,0
64.38,2608.963134765625,0
64.39,2608.963134765625,0
64.4,2608.85498046875,0
64.41,2608.85498046875,0
64.42,2608.85498046875,0
64.43,2608.743896484375,0
64.44,2608.527099609375,0
64.45,2608.2021484375,0
64.46,2608.09375,0
64.47,2607.87451171875,0
64.48,2607.87451171875,0
64.49,2607.76611328125,0
64.5,2607.76611328125,0
64.51,2607.76611328125,0
64.52,2606.896728515625,0
64.53,2606.896728515625,0
64.54,2606.896728515625,0
64.55,2606.896728515625,0
64.56,2606.896728515625,0
64.57,2607.9853515625,0
64.58,2608.310546875,0
64.59,2607.9853515625,0
64.6,2607.221923828125,0
64.61,2607.221923828125,0
64.62,2607.221923828125,0
64.63,2607.221923828125,0
64.64,2608.310546875,0
64.65,2608.310546875,0
64.66,2608.310546875,0
64.67,2607.221923828125,0
64.68,2609.507568359375,0
64.69,2609.507568359375,0
64.7,2609.507568359375,0
64.71,2607.87451171875,0
64.72,2606.68017578125,0
64.73,2606.027587890625,0
64.74,2606.68017578125,0
64.75,2605.80810546875,0
64.76,2605.266357421875,0
64.77,2604.72216796875,0
64.78,2604.505615234375,0
64.79,2604.069580078125,0
64.8,2604.069580078125,0
64.81,2603.416748046875,0
64.82,2603.416748046875,0
64.83,2603.416748046875,0
64.84,2604.505615234375,0
64.85,2606.027587890625,0
64.86,2606.027587890625,0
64.87,2606.135986328125,0
64.88,2606.135986328125,0
64.89,2606.135986328125,0
64.9,2606.68017578125,0
64.91,2607.330078125,0
64.92,2608.310546875,0
64.93,2607.330078125,0
64.94,2607.330078125,0
64.95,2607.330078125,0
64.96,2607.113525390625,0
64.97,2606.68017578125,0
64.98,2606.027587890625,0
64.99,2604.61376953125,0
65,2603.741943359375,0
65.01,2603.741943359375,0
65.02,2603.961181640625,0
65.03,2603.741943359375,0
65.04,2602.87255859375,0
65.05,2602.656005859375,0
65.06,2602.439208984375,0
65.07,2602.439208984375,0
65.08,2602.439208984375,0
65.09,2602.00341796875,0
65.1,2601.894775390625,0
65.11,2601.894775390625,0
65.12,2601.458984375,0
65.13,2601.458984375,0
65.14,2600.15625,0
65.15,2600.15625,0
65.16,2600.0478515625,0
65.17,2599.831298828125,0
65.18,2599.720458984375,0
65.19,2599.503662109375,0
65.2,2599.287109375,0
65.21,2599.287109375,0
65.22,2599.503662109375,0
65.23,2599.503662109375,0
65.24,2599.287109375,0
65.25,2599.287109375,0
65.26,2599.287109375,0
65.27,2599.287109375,0
65.28,2599.070068359375,0
65.29,2597.9814453125,0
65.3,2597.764892578125,0
65.31,2597.223388671875,0
65.32,2597.1123046875,0
65.33,2596.678955078125,0
65.34,2595.484619140625,0
65.35,2595.26806640625,0
65.36,2595.26806640625,0
65.37,2595.048583984375,0
65.38,2594.290283203125,0
65.39,2593.962646484375,0
65.4,2593.6376953125,0
65.41,2593.4208984375,0
65.42,2593.3125,0
65.43,2592.118408203125,0
65.44,2592.118408203125,0
65.45,2592.118408203125,0
65.46,2591.682373046875,0
65.47,2591.682373046875,0
65.48,2591.682373046875,0
65.49,2591.682373046875,0
65.5,2591.140625,0
65.51,2591.140625,0
65.52,2591.140625,0
65.53,2591.140625,0
65.54,2591.140625,0
65.55,2591.140625,0
65.56,2590.379638671875,0
65.57,2590.379638671875,0
65.58,2590.379638671875,0
65.59,2590.379638671875,0
65.6,2590.379638671875,0
65.61,2590.379638671875,0
65.62,2590.0546875,0
65.63,2590.379638671875,0
65.64,2590.379638671875,0
65.65,2590.488037109375,0
65.66,2590.379638671875,0
65.67,2590.59619140625,0
65.68,2591.357421875,0
65.69,2591.90185546875,0
65.7,2592.118408203125,0
65.71,2592.659912109375,0
65.72,2592.659912109375,0
65.73,2592.985107421875,0
65.74,2593.6376953125,0
65.75,2593.6376953125,0
65.76,2593.6376953125,0
65.77,2592.985107421875,0
65.78,2592.985107421875,0
65.79,2593.3125,0
65.8,2593.3125,0
65.81,2593.3125,0
65.82,2592.443359375,0
65.83,2592.2265625,0
65.84,2592.2265625,0
65.85,2592.2265625,0
65.86,2592.443359375,0
65.87,2592.443359375,0
65.88,2592.2265625,0
65.89,2592.2265625,0
65.9,2592.2265625,0
65.91,2592.2265625,0
65.92,2592.443359375,0
65.93,2592.2265625,0
65.94,2593.3125,0
65.95,2593.3125,0
65.96,2593.3125,0
65.97,2593.962646484375,0
65.98,2594.073486328125,0
65.99,2594.073486328125,0
66,2594.073486328125,0
66.01,2594.398681640625,0
66.02,2594.398681640625,0
66.03,2594.398681640625,0
66.04,2594.073486328125,0
66.05,2593.74609375,0
66.06,2592.768310546875,0
66.07,2592.659912109375,0
66.08,2591.573974609375,0
66.09,2591.4658203125,0
66.1,2591.4658203125,0
66.11,2591.357421875,0
66.12,2590.815673828125,0
66.13,2590.815673828125,0
66.14,2590.59619140625,0
66.15,2590.379638671875,0
66.16,2590.1630859375,0
66.17,2589.729736328125,0
66.18,2589.40185546875,0
66.19,2589.40185546875,0
66.2,2587.774169921875,0
66.21,2587.124267578125,0
66.22,2587.01611328125,0
66.23,2587.01611328125,0
66.24,2587.01611328125,0
66.25,2586.796875,0
66.26,2585.82177734375,0
66.27,2585.82177734375,0
66.28,2585.82177734375,0
66.29,2585.82177734375,0
66.3,2585.388427734375,0
66.31,2584.9521484375,0
66.32,2584.41064453125,0
66.33,2584.194091796875,0
66.34,2584.194091796875,0
66.35,2584.194091796875,0
66.36,2584.194091796875,0
66.37,2584.194091796875,0
66.38,2584.194091796875,0
66.39,2584.194091796875,0
66.4,2584.194091796875,0
66.41,2583.324462890625,0
66.42,2583.10791015625,0
66.43,2582.024658203125,0
66.44,2581.263671875,0
66.45,2581.263671875,0
66.46,2581.263671875,0
66.47,2581.263671875,0
66.48,2580.830322265625,0
66.49,2580.830322265625,0
66.5,2580.830322265625,0
66.51,2581.155517578125,0
66.52,2581.80810546875,0
66.53,2582.56640625,0
66.54,2581.80810546875,0
66.55,2581.80810546875,0
66.56,2582.56640625,0
66.57,2582.56640625,0
66.58,2582.56640625,0
66.59,2582.56640625,0
66.6,2581.48291015625,0
66.61,2581.48291015625,0
66.62,2581.48291015625,0
66.63,2581.3720703125,0
66.64,2580.61376953125,0
66.65,2579.638671875,0
66.66,2578.660888671875,0
66.67,2578.660888671875,0
66.68,2578.660888671875,0
66.69,2578.336181640625,0
66.7,2578.336181640625,0
66.71,2578.336181640625,0
66.72,2578.336181640625,0
66.73,2579.530517578125,0
66.74,2579.638671875,0
66.75,2579.638671875,0
66.76,2579.530517578125,0
66.77,2579.530517578125,0
66.78,2579.638671875,0
66.79,2579.530517578125,0
66.8,2579.530517578125,0
66.81,2579.09423828125,0
66.82,2579.09423828125,0
66.83,2579.09423828125,0
66.84,2579.09423828125,0
66.85,2579.09423828125,0
66.86,2579.09423828125,0
66.87,2579.09423828125,0
66.88,2579.09423828125,0
66.89,2579.09423828125,0
66.9,2579.09423828125,0
66.91,2576.927490234375,0
66.92,2576.166748046875,0
66.93,2576.166748046875,0
66.94,2576.058349609375,0
66.95,2576.058349609375,0
66.96,2576.058349609375,0
66.97,2575.191650390625,0
66.98,2574.75830078125,0
66.99,2574.75830078125,0
67,2574.216552734375,0
67.01,2574.216552734375,0
67.02,2574.216552734375,0
67.03,2574.75830078125,0
67.04,2574.75830078125,0
67.05,2574.75830078125,0
67.06,2574.75830078125,0
67.07,2574.75830078125,0
67.08,2575.191650390625,0
67.09,2575.408203125,0
67.1,2575.625,0
67.11,2575.625,0
67.12,2575.625,0
67.13,2575.7333984375,0
67.14,2575.7333984375,0
67.15,2575.625,0
67.16,2575.625,0
67.17,2575.408203125,0
67.18,2575.625,0
67.19,2574.75830078125,0
67.2,2573.566650390625,0
67.21,2573.458251953125,0
67.22,2573.02490234375,0
67.23,2573.02490234375,0
67.24,2573.02490234375,0
67.25,2572.808349609375,0
67.26,2573.02490234375,0
67.27,2573.02490234375,0
67.28,2573.02490234375,0
67.29,2573.24169921875,0
67.3,2573.24169921875,0
67.31,2573.458251953125,0
67.32,2573.24169921875,0
67.33,2571.724853515625,0
67.34,2573.24169921875,0
67.35,2572.2666015625,0
67.36,2572.2666015625,0
67.37,2573.133056640625,0
67.38,2572.2666015625,0
67.39,2572.2666015625,0
67.4,2572.2666015625,0
67.41,2572.2666015625,0
67.42,2572.2666015625,0
67.43,2571.833251953125,0
67.44,2571.833251953125,0
67.45,2570.313720703125,0
67.46,2568.908203125,0
67.47,2568.908203125,0
67.48,2568.908203125,0
67.49,2568.908203125,0
67.5,2568.908203125,0
67.51,2568.04150390625,0
67.52,2567.1748046875,0
67.53,2567.066650390625,0
67.54,2566.9580078125,0
67.55,2566.63330078125,0
67.56,2566.19970703125,0
67.57,2565.116455078125,0
67.58,2563.491455078125,0
67.59,2563.16650390625,0
67.6,2561.974853515625,0
67.61,2561.974853515625,0
67.62,2561.868896484375,0
67.63,2561.868896484375,0
67.64,2561.3271484375,0
67.65,2561.218994140625,0
67.66,2561.218994140625,0
67.67,2561.218994140625,0
67.68,2560.89404296875,0
67.69,2560.89404296875,0
67.7,2559.593994140625,0
67.71,2559.593994140625,0
67.72,2559.3798828125,0
67.73,2559.163330078125,0
67.74,2559.163330078125,0
67.75,2557.321533203125,0
67.76,2557.321533203125,0
67.77,2557.321533203125,0
67.78,2557.321533203125,0
67.79,2557.321533203125,0
67.8,2557.429931640625,0
67.81,2557.538330078125,0
67.82,2558.296630859375,0
67.83,2558.405029296875,0
67.84,2560.67724609375,0
67.85,2560.78564453125,0
67.86,2560.89404296875,0
67.87,2561.00244140625,0
67.88,2561.3271484375,0
67.89,2561.65234375,0
67.9,2562.624755859375,0
67.91,2563.81640625,0
67.92,2563.81640625,0
67.93,2563.81640625,0
67.94,2563.81640625,0
67.95,2563.81640625,0
67.96,2563.81640625,0
67.97,2563.81640625,0
67.98,2563.81640625,0
67.99,2563.9248046875,0
68,2563.9248046875,0
68.01,2564.032958984375,0
68.02,2564.25,0
68.03,2565.116455078125,0
68.04,2565.116455078125,0
68.05,2565.224609375,0
68.06,2565.116455078125,0
68.07,2565.116455078125,0
68.08,2565.008056640625,0
68.09,2564.358154296875,0
68.1,2564.358154296875,0
68.11,2563.16650390625,0
68.12,2561.868896484375,0
68.13,2561.544189453125,0
68.14,2561.544189453125,0
68.15,2561.00244140625,0
68.16,2560.67724609375,0
68.17,2560.243896484375,0
68.18,2559.05224609375,0
68.19,2558.405029296875,0
68.2,2558.405029296875,0
68.21,2558.405029296875,0
68.22,2557.7548828125,0
68.23,2557.7548828125,0
68.24,2557.7548828125,0
68.25,2557.7548828125,0
68.26,2557.7548828125,0
68.27,2557.7548828125,0
68.28,2557.7548828125,0
68.29,2557.7548828125,0
68.3,2558.405029296875,0
68.31,2558.405029296875,0
68.32,2558.405029296875,0
68.33,2558.405029296875,0
68.34,2559.810791015625,0
68.35,2559.810791015625,0
68.36,2559.810791015625,0
68.37,2559.810791015625,0
68.38,2559.810791015625,0
68.39,2561.65234375,0
68.4,2561.65234375,0
68.41,2560.89404296875,0
68.42,2559.810791015625,0
68.43,2558.946533203125,0
68.44,2558.83837890625,0
68.45,2556.99658203125,0
68.46,2556.782470703125,0
68.47,2555.374267578125,0
68.48,2554.40185546875,0
68.49,2551.8046875,0
68.5,2551.156982421875,0
68.51,2550.076171875,0
68.52,2549.1015625,0
68.53,2549.1015625,0
68.54,2548.88720703125,0
68.55,2547.481689453125,0
68.56,2547.481689453125,0
68.57,2546.93994140625,0
68.58,2546.93994140625,0
68.59,2546.93994140625,0
68.6,2547.912353515625,0
68.61,2548.12890625,0
68.62,2548.12890625,0
68.63,2548.670654296875,0
68.64,2548.88720703125,0
68.65,2550.398681640625,0
68.66,2551.265625,0
68.67,2551.59033203125,0
68.68,2551.8046875,0
68.69,2552.345947265625,0
68.7,2552.671142578125,0
68.71,2553.860107421875,0
68.72,2554.510009765625,0
68.73,2554.618408203125,0
68.74,2554.618408203125,0
68.75,2554.72705078125,0
68.76,2554.72705078125,0
68.77,2555.0517578125,0
68.78,2555.0517578125,0
68.79,2555.69921875,0
68.8,2555.69921875,0
68.81,2555.69921875,0
68.82,2554.835205078125,0
68.83,2554.076904296875,0
68.84,2553.860107421875,0
68.85,2553.4267578125,0
68.86,2553.212890625,0
68.87,2553.318359375,0
68.88,2552.671142578125,0
68.89,2551.482177734375,0
68.9,2551.156982421875,0
68.91,2551.156982421875,0
68.92,2550.83203125,0
68.93,2550.507080078125,0
68.94,2548.9931640625,0
68.95,2548.12890625,0
68.96,2547.6982421875,0
68.97,2547.6982421875,0
68.98,2547.6982421875,0
68.99,2547.6982421875,0
69,2547.373291015625,0
69.01,2547.373291015625,0
69.02,2547.373291015625,0
69.03,2547.373291015625,0
69.04,2547.373291015625,0
69.05,2547.373291015625,0
69.06,2547.04833984375,0
69.07,2547.04833984375,0
69.08,2547.04833984375,0
69.09,2547.04833984375,0
69.1,2547.04833984375,0
69.11,2546.617431640625,0
69.12,2546.617431640625,0
69.13,2545.967529296875,0
69.14,2546.617431640625,0
69.15,2547.373291015625,0
69.16,2546.184326171875,0
69.17,2546.184326171875,0
69.18,2546.184326171875,0
69.19,2546.184326171875,0
69.2,2546.184326171875,0
69.21,2546.184326171875,0
69.22,2546.184326171875,0
69.23,2546.184326171875,0
69.24,2546.184326171875,0
69.25,2545.967529296875,0
69.26,2545.428466796875,0
69.27,2545.428466796875,0
69.28,2545.428466796875,0
69.29,2545.428466796875,0
69.3,2545.967529296875,0
69.31,2545.967529296875,0
69.32,2545.967529296875,0
69.33,2545.967529296875,0
69.34,2547.806396484375,0
69.35,2547.806396484375,0
69.36,2547.806396484375,0
69.37,2547.806396484375,0
69.38,2546.50927734375,0
69.39,2546.50927734375,0
69.4,2546.50927734375,0
69.41,2546.93994140625,0
69.42,2546.93994140625,0
69.43,2546.93994140625,0
69.44,2546.93994140625,0
69.45,2547.6982421875,0
69.46,2546.93994140625,0
69.47,2546.93994140625,0
69.48,2545.967529296875,0
69.49,2546.93994140625,0
69.5,2547.481689453125,0
69.51,2546.617431640625,0
69.52,2546.617431640625,0
69.53,2546.617431640625,0
69.54,2546.50927734375,0
69.55,2546.50927734375,0
69.56,2546.50927734375,0
69.57,2546.50927734375,0
69.58,2545.967529296875,0
69.59,2545.3203125,0
69.6,2544.56201171875,0
69.61,2543.589599609375,0
69.62,2542.5087890625,0
69.63,2541.64453125,0
69.64,2540.025146484375,0
69.65,2539.699951171875,0
69.66,2539.269287109375,0
69.67,2538.730224609375,0
69.68,2537.758056640625,0
69.69,2537.432861328125,0
69.7,2537.002197265625,0
69.71,2536.67724609375,0
69.72,2536.67724609375,0
69.73,2535.38232421875,0
69.74,2534.735107421875,0
69.75,2534.735107421875,0
69.76,2534.735107421875,0
69.77,2534.41015625,0
69.78,2534.301513671875,0
69.79,2532.14306640625,0
69.8,2532.14306640625,0
69.81,2531.495361328125,0
69.82,2531.60400390625,0
69.83,2531.495361328125,0
69.84,2531.60400390625,0
69.85,2531.06494140625,0
69.86,2531.06494140625,0
69.87,2530.092529296875,0
69.88,2529.77001953125,0
69.89,2529.661865234375,0
69.9,2529.77001953125,0
69.91,2529.77001953125,0
69.92,2531.17333984375,0
69.93,2531.17333984375,0
69.94,2531.17333984375,0
69.95,2530.092529296875,0
69.96,2531.17333984375,0
69.97,2531.17333984375,0
69.98,2531.17333984375,0
69.99,2531.17333984375,0
70,2531.17333984375,0
70.01,2531.38720703125,0
70.02,2531.38720703125,0
70.03,2532.14306640625,0
70.04,2532.576171875,0
70.05,2532.576171875,0
70.06,2532.898681640625,0
70.07,2533.223876953125,0
70.08,2533.223876953125,0
70.09,2533.437744140625,0
70.1,2533.9794921875,0
70.11,2534.41015625,0
70.12,2534.626708984375,0
70.13,2534.41015625,0
70.14,2534.626708984375,0
70.15,2535.596435546875,0
70.16,2535.596435546875,0
70.17,2536.13818359375,0
70.18,2536.13818359375,0
70.19,2536.13818359375,0
70.2,2536.13818359375,0
70.21,2536.13818359375,0
70.22,2536.13818359375,0
70.23,2536.13818359375,0
70.24,2534.626708984375,0
70.25,2536.13818359375,0
70.26,2534.193359375,0
70.27,2532.468017578125,0
70.28,2531.71240234375,0
70.29,2531.71240234375,0
70.3,2531.71240234375,0
70.31,2531.495361328125,0
70.32,2531.71240234375,0
70.33,2531.71240234375,0
70.34,2531.38720703125,0
70.35,2531.38720703125,0
70.36,2530.956787109375,0
70.37,2530.956787109375,0
70.38,2530.20068359375,0
70.39,2529.014404296875,0
70.4,2529.661865234375,0
70.41,2528.7978515625,0
70.42,2528.3671875,0
70.43,2528.7978515625,0
70.44,2529.661865234375,0
70.45,2528.3671875,0
70.46,2528.3671875,0
70.47,2528.0419921875,0
70.48,2529.4453125,0
70.49,2528.0419921875,0
70.5,2527.5029296875,0
70.51,2527.072509765625,0
70.52,2526.858154296875,0
70.53,2526.533447265625,0
70.54,2526.533447265625,0
70.55,2526.533447265625,0
70.56,2526.533447265625,0
70.57,2526.533447265625,0
70.58,2526.533447265625,0
70.59,2526.4248046875,0
70.6,2525.5634765625,0
70.61,2526.4248046875,0
70.62,2526.533447265625,0
70.63,2526.75,0
70.64,2526.533447265625,0
70.65,2526.533447265625,0
70.66,2527.7197265625,0
70.67,2528.90625,0
70.68,2528.90625,0
70.69,2528.90625,0
70.7,2528.90625,0
70.71,2528.475341796875,0
70.72,2528.475341796875,0
70.73,2528.583740234375,0
70.74,2528.90625,0
70.75,2528.583740234375,0
70.76,2528.583740234375,0
70.77,2528.583740234375,0
70.78,2528.583740234375,0
70.79,2528.0419921875,0
70.8,2528.583740234375,0
70.81,2528.583740234375,0
70.82,2528.0419921875,0
70.83,2527.5029296875,0
70.84,2527.936279296875,0
70.85,2527.5029296875,0
70.86,2526.75,0
70.87,2526.75,0
70.88,2526.533447265625,0
70.89,2525.669189453125,0
70.9,2522.97412109375,0
70.91,2524.37451171875,0
70.92,2524.37451171875,0
70.93,2522.86572265625,0
70.94,2522.86572265625,0
70.95,2521.89599609375,0
70.96,2521.24853515625,0
70.97,2520.17041015625,0
70.98,2520.17041015625,0
70.99,2520.17041015625,0
71,2519.739990234375,0
71.01,2519.739990234375,0
71.02,2518.984130859375,0
71.03,2518.87841796875,0
71.04,2518.87841796875,0
71.05,2518.87841796875,0
71.06,2518.87841796875,0
71.07,2518.87841796875,0
71.08,2518.5537109375,0
71.09,2517.36962890625,0
71.1,2516.183349609375,0
71.11,2516.183349609375,0
71.12,2516.183349609375,0
71.13,2516.074951171875,0
71.14,2515.535888671875,0
71.15,2514.996826171875,0
71.16,2514.56884765625,0
71.17,2514.46044921875,0
71.18,2514.46044921875,0
71.19,2513.274169921875,0
71.2,2513.16845703125,0
71.21,2512.84326171875,0
71.22,2513.274169921875,0
71.23,2512.521240234375,0
71.24,2511.982177734375,0
71.25,2511.982177734375,0
71.26,2512.521240234375,0
71.27,2511.76513671875,0
71.28,2511.55126953125,0
71.29,2511.76513671875,0
71.3,2510.690185546875,0
71.31,2510.690185546875,0
71.32,2510.690185546875,0
71.33,2511.229248046875,0
71.34,2510.690185546875,0
71.35,2510.690185546875,0
71.36,2511.229248046875,0
71.37,2511.229248046875,0
71.38,2511.229248046875,0
71.39,2511.229248046875,0
71.4,2512.09033203125,0
71.41,2512.09033203125,0
71.42,2512.09033203125,0
71.43,2512.09033203125,0
71.44,2511.55126953125,0
71.45,2510.58154296875,0
71.46,2510.79833984375,0
71.47,2510.79833984375,0
71.48,2510.79833984375,0
71.49,2510.58154296875,0
71.5,2510.690185546875,0
71.51,2510.79833984375,0
71.52,2510.79833984375,0
71.53,2510.79833984375,0
71.54,2510.79833984375,0
71.55,2510.690185546875,0
71.56,2510.690185546875,0
71.57,2510.58154296875,0
71.58,2510.58154296875,0
71.59,2509.612060546875,0
71.6,2508.644775390625,0
71.61,2508.42822265625,0
71.62,2508.42822265625,0
71.63,2508.42822265625,0
71.64,2508.42822265625,0
71.65,2507.88916015625,0
71.66,2507.566650390625,0
71.67,2507.45849609375,0
71.68,2507.45849609375,0
71.69,2507.99755859375,0
71.7,2507.675048828125,0
71.71,2507.45849609375,0
71.72,2507.45849609375,0
71.73,2506.813720703125,0
71.74,2506.813720703125,0
71.75,2506.813720703125,0
71.76,2506.4912109375,0
71.77,2506.274658203125,0
71.78,2506.169189453125,0
71.79,2505.521484375,0
71.8,2505.521484375,0
71.81,2505.521484375,0
71.82,2505.3076171875,0
71.83,2505.521484375,0
71.84,2505.3076171875,0
71.85,2505.19921875,0
71.86,2505.19921875,0
71.87,2505.19921875,0
71.88,2504.552001953125,0
71.89,2504.446044921875,0
71.9,2504.446044921875,0
71.91,2504.66015625,0
71.92,2504.66015625,0
71.93,2505.19921875,0
71.94,2505.3076171875,0
71.95,2505.521484375,0
71.96,2505.3076171875,0
71.97,2505.3076171875,0
71.98,2505.3076171875,0
71.99,2505.843994140625,0
72,2505.843994140625,0
72.01,2505.091064453125,0
72.02,2505.091064453125,0
72.03,2505.091064453125,0
72.04,2505.091064453125,0
72.05,2505.091064453125,0
72.06,2505.091064453125,0
72.07,2505.19921875,0
72.08,2505.091064453125,0
72.09,2505.19921875,0
72.1,2505.19921875,0
72.11,2505.19921875,0
72.12,2504.876708984375,0
72.13,2504.876708984375,0
72.14,2505.19921875,0
72.15,2505.19921875,0
72.16,2505.19921875,0
72.17,2505.73828125,0
72.18,2505.19921875,0
72.19,2505.73828125,0
72.2,2505.73828125,0
72.21,2505.73828125,0
72.22,2505.73828125,0
72.23,2505.73828125,0
72.24,2505.73828125,0
72.25,2505.9521484375,0
72.26,2505.4130859375,0
72.27,2505.4130859375,0
72.28,2505.4130859375,0
72.29,2506.169189453125,0
72.3,2506.922119140625,0
72.31,2506.922119140625,0
72.32,2507.0302734375,0
72.33,2507.135986328125,0
72.34,2508.105712890625,0
72.35,2508.105712890625,0
72.36,2508.105712890625,0
72.37,2507.0302734375,0
72.38,2508.105712890625,0
72.39,2508.105712890625,0
72.4,2508.53662109375,0
72.41,2508.858642578125,0
72.42,2508.53662109375,0
72.43,2508.53662109375,0
72.44,2508.858642578125,0
72.45,2508.858642578125,0
72.46,2508.858642578125,0
72.47,2508.53662109375,0
72.48,2507.99755859375,0
72.49,2507.244140625,0
72.5,2506.274658203125,0
72.51,2506.169189453125,0
72.52,2506.169189453125,0
72.53,2506.060546875,0
72.54,2504.552001953125,0
72.55,2504.552001953125,0
72.56,2504.552001953125,0
72.57,2506.060546875,0
72.58,2504.015625,0
72.59,2503.9072265625,0
72.6,2503.584716796875,0
72.61,2503.370849609375,0
72.62,2502.61767578125,0
72.63,2502.50927734375,0
72.64,2502.29541015625,0
72.65,2500.894775390625,0
72.66,2500.57275390625,0
72.67,2500.57275390625,0
72.68,2500.57275390625,0
72.69,2500.57275390625,0
72.7,2500.57275390625,0
72.71,2500.57275390625,0
72.72,2499.2802734375,0
72.73,2498.958251953125,0
72.74,2498.958251953125,0
72.75,2499.711181640625,0
72.76,2499.06640625,0
72.77,2499.06640625,0
72.78,2499.06640625,0
72.79,2499.06640625,0
72.8,2499.06640625,0
72.81,2499.06640625,0
72.82,2499.06640625,0
72.83,2498.849853515625,0
72.84,2498.849853515625,0
72.85,2498.849853515625,0
72.86,2498.743896484375,0
72.87,2498.743896484375,0
72.88,2498.849853515625,0
72.89,2498.849853515625,0
72.9,2498.958251953125,0
72.91,2498.958251953125,0
72.92,2499.4970703125,0
72.93,2499.4970703125,0
72.94,2498.743896484375,0
72.95,2498.743896484375,0
72.96,2499.388916015625,0
72.97,2499.388916015625,0
72.98,2498.743896484375,0
72.99,2498.6357421875,0
73,2498.743896484375,0
73.01,2498.6357421875,0
73.02,2498.743896484375,0
73.03,2499.1748046875,0
73.04,2499.388916015625,0
73.05,2499.1748046875,0
73.06,2499.1748046875,0
73.07,2499.1748046875,0
73.08,2499.1748046875,0
73.09,2499.1748046875,0
73.1,2499.1748046875,0
73.11,2499.06640625,0
73.12,2498.849853515625,0
73.13,2498.09912109375,0
73.14,2497.882568359375,0
73.15,2497.560302734375,0
73.16,2497.34619140625,0
73.17,2497.238037109375,0
73.18,2496.05419921875,0
73.19,2496.05419921875,0
73.2,2496.05419921875,0
73.21,2495.087158203125,0
73.22,2494.873291015625,0
73.23,2494.228271484375,0
73.24,2494.228271484375,0
73.25,2494.228271484375,0
73.26,2493.580810546875,0
73.27,2493.580810546875,0
73.28,2492.72216796875,0
73.29,2492.72216796875,0
73.3,2491.646728515625,0
73.31,2491.541259765625,0
73.32,2491.541259765625,0
73.33,2490.6796875,0
73.34,2489.71240234375,0
73.35,2489.604248046875,0
73.36,2489.06787109375,0
73.37,2488.6396484375,0
73.38,2488.531494140625,0
73.39,2487.7783203125,0
73.4,2487.1337890625,0
73.41,2486.91943359375,0
73.42,2486.489013671875,0
73.43,2486.27490234375,0
73.44,2485.416259765625,0
73.45,2485.416259765625,0
73.46,2485.416259765625,0
73.47,2485.416259765625,0
73.48,2485.738525390625,0
73.49,2485.416259765625,0
73.5,2485.738525390625,0
73.51,2485.738525390625,0
73.52,2486.06103515625,0
73.53,2486.06103515625,0
73.54,2486.06103515625,0
73.55,2486.06103515625,0
73.56,2486.70556640625,0
73.57,2486.06103515625,0
73.58,2487.350341796875,0
73.59,2487.350341796875,0
73.6,2487.350341796875,0
73.61,2487.88671875,0
73.62,2487.994873046875,0
73.63,2487.994873046875,0
73.64,2488.85400390625,0
73.65,2489.176025390625,0
73.66,2489.604248046875,0
73.67,2489.604248046875,0
73.68,2489.71240234375,0
73.69,2490.034912109375,0
73.7,2491.002197265625,0
73.71,2491.1103515625,0
73.72,2491.1103515625,0
73.73,2491.1103515625,0
73.74,2491.541259765625,0
73.75,2491.968994140625,0
73.76,2491.968994140625,0
73.77,2491.541259765625,0
73.78,2491.21875,0
73.79,2491.541259765625,0
73.8,2491.86328125,0
73.81,2491.86328125,0
73.82,2491.86328125,0
73.83,2491.21875,0
73.84,2491.21875,0
73.85,2491.21875,0
73.86,2490.8935546875,0
73.87,2489.604248046875,0
73.88,2488.1005859375,0
73.89,2487.7783203125,0
73.9,2487.7783203125,0
73.91,2487.7783203125,0
73.92,2487.241943359375,0
73.93,2486.70556640625,0
73.94,2486.70556640625,0
73.95,2485.843994140625,0
73.96,2484.985595703125,0
73.97,2484.771484375,0
73.98,2484.985595703125,0
73.99,2484.771484375,0
74,2484.771484375,0
74.01,2484.771484375,0
74.02,2484.018310546875,0
74.03,2482.945556640625,0
74.04,2482.945556640625,0
74.05,2482.837158203125,0
74.06,2482.30078125,0
74.07,2482.30078125,0
74.08,2482.30078125,0
74.09,2481.764404296875,0
74.1,2482.192626953125,0
74.11,2482.192626953125,0
74.12,2482.192626953125,0
74.13,2482.192626953125,0
74.14,2481.764404296875,0
74.15,2481.764404296875,0
74.16,2481.764404296875,0
74.17,2482.192626953125,0
74.18,2482.4091796875,0
74.19,2482.837158203125,0
74.2,2482.837158203125,0
74.21,2482.837158203125,0
74.22,2482.837158203125,0
74.23,2482.945556640625,0
74.24,2482.945556640625,0
74.25,2482.945556640625,0
74.26,2482.837158203125,0
74.27,2482.731689453125,0
74.28,2482.0869140625,0
74.29,2481.550537109375,0
74.3,2482.0869140625,0
74.31,2481.550537109375,0
74.32,2481.550537109375,0
74.33,2482.731689453125,0
74.34,2481.550537109375,0
74.35,2481.550537109375,0
74.36,2482.731689453125,0
74.37,2483.590087890625,0
74.38,2484.126708984375,0
74.39,2483.590087890625,0
74.4,2483.590087890625,0
74.41,2482.731689453125,0
74.42,2481.65625,0
74.43,2481.65625,0
74.44,2481.22802734375,0
74.45,2481.11962890625,0
74.46,2481.11962890625,0
74.47,2480.691650390625,0
74.48,2480.47509765625,0
74.49,2480.583251953125,0
74.5,2480.47509765625,0
74.51,2479.510498046875,0
74.52,2478.97412109375,0
74.53,2478.97412109375,0
74.54,2478.97412109375,0
74.55,2478.97412109375,0
74.56,2478.97412109375,0
74.57,2478.757568359375,0
74.58,2478.115478515625,0
74.59,2476.39794921875,0
74.6,2475.5390625,0
74.61,2475.5390625,0
74.62,2475.5390625,0
74.63,2475.5390625,0
74.64,2474.572021484375,0
74.65,2474.25244140625,0
74.66,2474.25244140625,0
74.67,2474.25244140625,0
74.68,2473.71337890625,0
74.69,2473.3935546875,0
74.7,2473.28515625,0
74.71,2472.857177734375,0
74.72,2472.748779296875,0
74.73,2471.353759765625,0
74.74,2470.8173828125,0
74.75,2470.8173828125,0
74.76,2470.38916015625,0
74.77,2470.281005859375,0
74.78,2470.281005859375,0
74.79,2469.961181640625,0
74.8,2470.38916015625,0
74.81,2469.961181640625,0
74.82,2469.74462890625,0
74.83,2469.74462890625,0
74.84,2469.53076171875,0
74.85,2469.638916015625,0
74.86,2469.53076171875,0
74.87,2469.53076171875,0
74.88,2469.53076171875,0
74.89,2469.53076171875,0
74.9,2469.31640625,0
74.91,2469.31640625,0
74.92,2469.31640625,0
74.93,2469.31640625,0
74.94,2468.566162109375,0
74.95,2466.742919921875,0
74.96,2466.52880859375,0
74.97,2466.52880859375,0
74.98,2466.52880859375,0
74.99,2466.742919921875,0
75,2467.173583984375,0
75.01,2466.742919921875,0
75.02,2467.173583984375,0
75.03,2467.279541015625,0
75.04,2467.493408203125,0
75.05,2467.493408203125,0
75.06,2467.279541015625,0
75.07,2468.35205078125,0
75.08,2468.35205078125,0
75.09,2468.67431640625,0
75.1,2468.67431640625,0
75.11,2468.67431640625,0
75.12,2468.35205078125,0
75.13,2468.35205078125,0
75.14,2468.67431640625,0
75.15,2468.67431640625,0
75.16,2468.67431640625,0
75.17,2468.67431640625,0
75.18,2468.780029296875,0
75.19,2469.4248046875,0
75.2,2469.4248046875,0
75.21,2470.711669921875,0
75.22,2470.711669921875,0
75.23,2470.067138671875,0
75.24,2471.1396484375,0
75.25,2471.1396484375,0
75.26,2471.033935546875,0
75.27,2470.067138671875,0
75.28,2470.067138671875,0
75.29,2471.033935546875,0
75.3,2471.033935546875,0
75.31,2471.033935546875,0
75.32,2471.033935546875,0
75.33,2471.033935546875,0
75.34,2471.033935546875,0
75.35,2472.426513671875,0
75.36,2472.426513671875,0
75.37,2471.99853515625,0
75.38,2471.248291015625,0
75.39,2471.248291015625,0
75.4,2471.248291015625,0
75.41,2471.248291015625,0
75.42,2471.248291015625,0
75.43,2471.248291015625,0
75.44,2470.17529296875,0
75.45,2470.067138671875,0
75.46,2470.067138671875,0
75.47,2470.17529296875,0
75.48,2470.067138671875,0
75.49,2468.780029296875,0
75.5,2468.67431640625,0
75.51,2468.566162109375,0
75.52,2468.457763671875,0
75.53,2468.457763671875,0
75.54,2468.457763671875,0
75.55,2467.924072265625,0
75.56,2467.924072265625,0
75.57,2467.924072265625,0
75.58,2467.3876953125,0
75.59,2467.279541015625,0
75.6,2467.279541015625,0
75.61,2466.52880859375,0
75.62,2464.063720703125,0
75.63,2464.063720703125,0
75.64,2464.063720703125,0
75.65,2464.063720703125,0
75.66,2463.9580078125,0
75.67,2462.88525390625,0
75.68,2462.88525390625,0
75.69,2462.77685546875,0
75.7,2462.45703125,0
75.71,2462.77685546875,0
75.72,2462.88525390625,0
75.73,2462.77685546875,0
75.74,2462.88525390625,0
75.75,2463.313232421875,0
75.76,2463.313232421875,0
75.77,2462.562744140625,0
75.78,2462.562744140625,0
75.79,2462.562744140625,0
75.8,2461.064697265625,0
75.81,2461.064697265625,0
75.82,2461.706787109375,0
75.83,2461.064697265625,0
75.84,2461.064697265625,0
75.85,2460.7421875,0
75.86,2461.064697265625,0
75.87,2461.064697265625,0
75.88,2461.706787109375,0
75.89,2461.706787109375,0
75.9,2461.706787109375,0
75.91,2461.706787109375,0
75.92,2461.706787109375,0
75.93,2461.706787109375,0
75.94,2461.81494140625,0
75.95,2461.706787109375,0
75.96,2461.706787109375,0
75.97,2461.17041015625,0
75.98,2461.492431640625,0
75.99,2461.492431640625,0
76,2461.064697265625,0
76.01,2460.5283203125,0
76.02,2460.5283203125,0
76.03,2460.5283203125,0
76.04,2461.492431640625,0
76.05,2461.492431640625,0
76.06,2461.81494140625,0
76.07,2461.920654296875,0
76.08,2461.920654296875,0
76.09,2462.6708984375,0
76.1,2463.635498046875,0
76.11,2463.635498046875,0
76.12,2462.6708984375,0
76.13,2463.635498046875,0
76.14,2463.635498046875,0
76.15,2462.6708984375,0
76.16,2462.0263671875,0
76.17,2461.59814453125,0
76.18,2461.59814453125,0
76.19,2460.7421875,0
76.2,2461.59814453125,0
76.21,2461.59814453125,0
76.22,2460.9560546875,0
76.23,2460.9560546875,0
76.24,2460.097412109375,0
76.25,2459.991943359375,0
76.26,2459.991943359375,0
76.27,2459.349609375,0
76.28,2459.349609375,0
76.29,2459.2412109375,0
76.3,2458.171142578125,0
76.31,2457.101318359375,0
76.32,2456.88427734375,0
76.33,2456.3505859375,0
76.34,2455.70849609375,0
76.35,2455.27783203125,0
76.36,2454.744140625,0
76.37,2454.744140625,0
76.38,2454.6357421875,0
76.39,2454.530029296875,0
76.4,2453.4599609375,0
76.41,2453.4599609375,0
76.42,2452.601318359375,0
76.43,2451.958984375,0
76.44,2451.42529296875,0
76.45,2451.31689453125,0
76.46,2450.35546875,0
76.47,2450.032958984375,0
76.48,2449.81884765625,0
76.49,2449.604736328125,0
76.5,2448.857177734375,0
76.51,2448.64306640625,0
76.52,2448.215087890625,0
76.53,2448.64306640625,0
76.54,2447.786865234375,0
76.55,2447.35888671875,0
76.56,2447.35888671875,0
76.57,2447.25048828125,0
76.58,2447.25048828125,0
76.59,2447.144775390625,0
76.6,2447.03662109375,0
76.61,2447.03662109375,0
76.62,2446.180419921875,0
76.63,2445.96630859375,0
76.64,2445.96630859375,0
76.65,2445.96630859375,0
76.66,2446.180419921875,0
76.67,2445.96630859375,0
76.68,2445.96630859375,0
76.69,2445.96630859375,0
76.7,2446.180419921875,0
76.71,2445.96630859375,0
76.72,2447.144775390625,0
76.73,2447.572998046875,0
76.74,2447.572998046875,0
76.75,2447.144775390625,0
76.76,2447.144775390625,0
76.77,2446.9306640625,0
76.78,2447.144775390625,0
76.79,2446.9306640625,0
76.8,2447.144775390625,0
76.81,2447.144775390625,0
76.82,2447.144775390625,0
76.83,2447.144775390625,0
76.84,2447.25048828125,0
76.85,2447.572998046875,0
76.86,2448.320556640625,0
76.87,2448.320556640625,0
76.88,2448.320556640625,0
76.89,2447.572998046875,0
76.9,2448.320556640625,0
76.91,2447.572998046875,0
76.92,2447.572998046875,0
76.93,2448.320556640625,0
76.94,2447.572998046875,0
76.95,2447.572998046875,0
76.96,2448.320556640625,0
76.97,2448.962646484375,0
76.98,2449.28515625,0
76.99,2449.4990234375,0
77,2449.4990234375,0
77.01,2449.4990234375,0
77.02,2449.713134765625,0
77.03,2449.713134765625,0
77.04,2449.713134765625,0
77.05,2449.4990234375,0
77.06,2449.176513671875,0
77.07,2449.176513671875,0
77.08,2448.962646484375,0
77.09,2449.176513671875,0
77.1,2448.962646484375,0
77.11,2448.748779296875,0
77.12,2448.962646484375,0
77.13,2448.962646484375,0
77.14,2449.28515625,0
77.15,2450.032958984375,0
77.16,2450.032958984375,0
77.17,2450.888916015625,0
77.18,2450.888916015625,0
77.19,2450.888916015625,0
77.2,2450.888916015625,0
77.21,2451.21142578125,0
77.22,2451.21142578125,0
77.23,2450.888916015625,0
77.24,2450.888916015625,0
77.25,2450.888916015625,0
77.26,2449.81884765625,0
77.27,2450.5693359375,0
77.28,2450.5693359375,0
77.29,2450.888916015625,0
77.3,2450.5693359375,0
77.31,2449.81884765625,0
77.32,2449.176513671875,0
77.33,2449.390869140625,0
77.34,2448.53466796875,0
77.35,2448.000732421875,0
77.36,2447.572998046875,0
77.37,2447.25048828125,0
77.38,2447.25048828125,0
77.39,2448.000732421875,0
77.4,2448.428955078125,0
77.41,2448.000732421875,0
77.42,2448.000732421875,0
77.43,2448.428955078125,0
77.44,2448.428955078125,0
77.45,2448.428955078125,0
77.46,2448.428955078125,0
77.47,2447.6787109375,0
77.48,2446.716796875,0
77.49,2445.86083984375,0
77.5,2445.86083984375,0
77.51,2445.86083984375,0
77.52,2444.042724609375,0
77.53,2444.042724609375,0
77.54,2445.218505859375,0
77.55,2444.042724609375,0
77.56,2444.042724609375,0
77.57,2442.650390625,0
77.58,2442.650390625,0
77.59,2442.438720703125,0
77.6,2442.330322265625,0
77.61,2442.438720703125,0
77.62,2442.330322265625,0
77.63,2442.330322265625,0
77.64,2442.330322265625,0
77.65,2442.330322265625,0
77.66,2443.186767578125,0
77.67,2442.330322265625,0
77.68,2442.330322265625,0
77.69,2440.406982421875,0
77.7,2440.406982421875,0
77.71,2440.406982421875,0
77.72,2439.336669921875,0
77.73,2439.336669921875,0
77.74,2439.336669921875,0
77.75,2438.802978515625,0
77.76,2438.48046875,0
77.77,2438.374755859375,0
77.78,2438.374755859375,0
77.79,2437.947021484375,0
77.8,2437.947021484375,0
77.81,2437.841064453125,0
77.82,2437.947021484375,0
77.83,2437.947021484375,0
77.84,2437.947021484375,0
77.85,2437.841064453125,0
77.86,2437.841064453125,0
77.87,2438.48046875,0
77.88,2438.48046875,0
77.89,2437.413330078125,0
77.9,2437.413330078125,0
77.91,2437.198974609375,0
77.92,2437.198974609375,0
77.93,2436.55712890625,0
77.94,2436.55712890625,0
77.95,2436.55712890625,0
77.96,2436.55712890625,0
77.97,2435.70361328125,0
77.98,2435.70361328125,0
77.99,2435.489501953125,0
78,2435.489501953125,0
78.01,2435.167236328125,0
78.02,2433.671630859375,0
78.03,2433.457763671875,0
78.04,2433.351806640625,0
78.05,2433.351806640625,0
78.06,2433.0322265625,0
78.07,2433.0322265625,0
78.08,2432.2841796875,0
78.09,2432.2841796875,0
78.1,2432.2841796875,0
78.11,2432.60400390625,0
78.12,2432.60400390625,0
78.13,2432.709716796875,0
78.14,2432.709716796875,0
78.15,2432.709716796875,0
78.16,2432.60400390625,0
78.17,2432.60400390625,0
78.18,2432.60400390625,0
78.19,2432.709716796875,0
78.2,2432.709716796875,0
78.21,2432.709716796875,0
78.22,2433.56591796875,0
78.23,2433.56591796875,0
78.24,2433.351806640625,0
78.25,2433.351806640625,0
78.26,2433.56591796875,0
78.27,2433.351806640625,0
78.28,2433.351806640625,0
78.29,2432.0703125,0
78.3,2432.39013671875,0
78.31,2432.0703125,0
78.32,2432.0703125,0
78.33,2432.0703125,0
78.34,2432.39013671875,0
78.35,2431.750732421875,0
78.36,2432.0703125,0
78.37,2432.0703125,0
78.38,2432.0703125,0
78.39,2432.0703125,0
78.4,2432.60400390625,0
78.41,2432.60400390625,0
78.42,2432.709716796875,0
78.43,2432.60400390625,0
78.44,2432.60400390625,0
78.45,2432.60400390625,0
78.46,2432.60400390625,0
78.47,2432.60400390625,0
78.48,2434.527587890625,0
78.49,2432.176025390625,0
78.5,2432.176025390625,0
78.51,2431.8564453125,0
78.52,2431.8564453125,0
78.53,2431.8564453125,0
78.54,2431.000244140625,0
78.55,2431.000244140625,0
78.56,2431.000244140625,0
78.57,2431.000244140625,0
78.58,2431.000244140625,0
78.59,2428.759521484375,0
78.6,2430.255126953125,0
78.61,2430.255126953125,0
78.62,2430.255126953125,0
78.63,2429.9326171875,0
78.64,2428.331298828125,0
78.65,2429.9326171875,0
78.66,2428.331298828125,0
78.67,2428.970947265625,0
78.68,2428.970947265625,0
78.69,2428.331298828125,0
78.7,2427.26416015625,0
78.71,2427.26416015625,0
78.72,2427.26416015625,0
78.73,2427.7978515625,0
78.74,2427.7978515625,0
78.75,2427.7978515625,0
78.76,2426.51611328125,0
78.77,2426.196533203125,0
78.78,2426.621826171875,0
78.79,2426.621826171875,0
78.8,2426.088134765625,0
78.81,2425.982421875,0
78.82,2425.982421875,0
78.83,2425.982421875,0
78.84,2425.44873046875,0
78.85,2425.44873046875,0
78.86,2425.44873046875,0
78.87,2425.44873046875,0
78.88,2425.44873046875,0
78.89,2425.44873046875,0
78.9,2424.806640625,0
78.91,2424.487060546875,0
78.92,2424.0615234375,0
78.93,2424.0615234375,0
78.94,2422.8857421875,0
78.95,2422.8857421875,0
78.96,2422.140380859375,0
78.97,2422.140380859375,0
78.98,2422.140380859375,0
78.99,2422.140380859375,0
79,2422.140380859375,0
79.01,2421.818115234375,0
79.02,2421.498291015625,0
79.03,2421.498291015625,0
79.04,2421.498291015625,0
79.05,2419.79150390625,0
79.06,2419.79150390625,0
79.07,2419.577392578125,0
79.08,2419.577392578125,0
79.09,2419.79150390625,0
79.1,2420.75341796875,0
79.11,2420.75341796875,0
79.12,2420.75341796875,0
79.13,2420.430908203125,0
79.14,2420.75341796875,0
79.15,2420.430908203125,0
79.16,2420.75341796875,0
79.17,2420.430908203125,0
79.18,2419.89990234375,0
79.19,2419.685791015625,0
79.2,2419.685791015625,0
79.21,2419.577392578125,0
79.22,2418.83251953125,0
79.23,2418.83251953125,0
79.24,2418.83251953125,0
79.25,2418.723876953125,0
79.26,2418.723876953125,0
79.27,2418.723876953125,0
79.28,2417.978759765625,0
79.29,2418.723876953125,0
79.3,2418.5126953125,0
79.31,2417.978759765625,0
79.32,2417.978759765625,0
79.33,2417.978759765625,0
79.34,2417.978759765625,0
79.35,2417.764892578125,0
79.36,2416.697509765625,0
79.37,2416.697509765625,0
79.38,2415.952392578125,0
79.39,2415.952392578125,0
79.4,2415.952392578125,0
79.41,2415.952392578125,0
79.42,2415.952392578125,0
79.43,2416.483154296875,0
79.44,2415.952392578125,0
79.45,2416.16357421875,0
79.46,2416.483154296875,0
79.47,2416.483154296875,0
79.48,2416.16357421875,0
79.49,2416.16357421875,0
79.5,2415.952392578125,0
79.51,2416.16357421875,0
79.52,2416.16357421875,0
79.53,2417.445068359375,0
79.54,2417.55078125,0
79.55,2417.445068359375,0
79.56,2418.08447265625,0
79.57,2418.19287109375,0
79.58,2418.938232421875,0
79.59,2418.938232421875,0
79.6,2418.938232421875,0
79.61,2418.938232421875,0
79.62,2418.938232421875,0
79.63,2418.938232421875,0
79.64,2418.938232421875,0
79.65,2418.938232421875,0
79.66,2418.938232421875,0
79.67,2418.298828125,0
79.68,2417.33935546875,0
79.69,2417.33935546875,0
79.7,2415.84375,0
79.71,2415.84375,0
79.72,2415.84375,0
79.73,2415.84375,0
79.74,2416.27197265625,0
79.75,2416.483154296875,0
79.76,2416.27197265625,0
79.77,2416.27197265625,0
79.78,2416.27197265625,0
79.79,2416.27197265625,0
79.8,2413.925537109375,0
79.81,2413.925537109375,0
79.82,2414.670654296875,0
79.83,2414.670654296875,0
79.84,2414.670654296875,0
79.85,2414.670654296875,0
79.86,2415.84375,0
79.87,2415.73828125,0
79.88,2415.84375,0
79.89,2415.84375,0
79.9,2415.84375,0
79.91,2415.73828125,0
79.92,2414.670654296875,0
79.93,2414.2451171875,0
79.94,2414.139404296875,0
79.95,2413.1806640625,0
79.96,2413.1806640625,0
79.97,2413.1806640625,0
79.98,2413.1806640625,0
79.99,2413.072021484375,0
80,2412.113037109375,0
80.01,2412.75244140625,0
80.02,2412.75244140625,0
80.03,2413.1806640625,0
80.04,2412.858154296875,0
80.05,2412.75244140625,0
80.06,2412.538330078125,0
80.07,2411.89892578125,0
80.08,2411.579345703125,0
80.09,2411.579345703125,0
80.1,2411.36767578125,0
80.11,2410.6201171875,0
80.12,2409.875,0
80.13,2409.7666015625,0
80.14,2409.235595703125,0
80.15,2408.807373046875,0
80.16,2408.595947265625,0
80.17,2408.0625,0
80.18,2406.888916015625,0
80.19,2406.888916015625,0
80.2,2406.677734375,0
80.21,2406.677734375,0
80.22,2404.864990234375,0
80.23,2404.864990234375,0
80.24,2404.864990234375,0
80.25,2404.759521484375,0
80.26,2404.333984375,0
80.27,2404.333984375,0
80.28,2404.333984375,0
80.29,2404.333984375,0
80.3,2404.333984375,0
80.31,2404.333984375,0
80.32,2404.2255859375,0
80.33,2403.80029296875,0
80.34,2403.80029296875,0
80.35,2403.90576171875,0
80.36,2403.90576171875,0
80.37,2403.80029296875,0
80.38,2403.694580078125,0
80.39,2403.694580078125,0
80.4,2403.694580078125,0
80.41,2403.90576171875,0
80.42,2403.90576171875,0
80.43,2403.90576171875,0
80.44,2404.1201171875,0
80.45,2404.1201171875,0
80.46,2404.1201171875,0
80.47,2404.1201171875,0
80.48,2404.1201171875,0
80.49,2403.80029296875,0
80.5,2403.05517578125,0
80.51,2403.80029296875,0
80.52,2403.05517578125,0
80.53,2403.05517578125,0
80.54,2402.309814453125,0
80.55,2402.309814453125,0
80.56,2402.309814453125,0
80.57,2401.990234375,0
80.58,2401.990234375,0
80.59,2401.990234375,0
80.6,2401.990234375,0
80.61,2401.882080078125,0
80.62,2401.45654296875,0
80.63,2401.45654296875,0
80.64,2401.45654296875,0
80.65,2401.244873046875,0
80.66,2401.244873046875,0
80.67,2400.92529296875,0
80.68,2400.92529296875,0
80.69,2400.497314453125,0
80.7,2400.3916015625,0
80.71,2400.285888671875,0
80.72,2400.285888671875,0
80.73,2400.180419921875,0
80.74,2400.180419921875,0
80.75,2400.180419921875,0
80.76,2399.966064453125,0
80.77,2399.540771484375,0
80.78,2399.966064453125,0
80.79,2400.711181640625,0
80.8,2400.711181640625,0
80.81,2400.285888671875,0
80.82,2400.285888671875,0
80.83,2400.285888671875,0
80.84,2399.646484375,0
80.85,2400.285888671875,0
80.86,2400.285888671875,0
80.87,2400.285888671875,0
80.88,2399.966064453125,0
80.89,2399.966064453125,0
80.9,2399.966064453125,0
80.91,2400.285888671875,0
80.92,2399.966064453125,0
80.93,2399.966064453125,0
80.94,2399.966064453125,0
80.95,2399.860595703125,0
80.96,2399.646484375,0
80.97,2399.646484375,0
80.98,2399.43505859375,0
80.99,2399.32666015625,0
81,2398.687255859375,0
81.01,2398.581787109375,0
81.02,2398.581787109375,0
81.03,2398.261962890625,0
81.04,2398.261962890625,0
81.05,2398.261962890625,0
81.06,2397.516845703125,0
81.07,2397.09130859375,0
81.08,2397.09130859375,0
81.09,2396.87744140625,0
81.1,2396.87744140625,0
81.11,2396.87744140625,0
81.12,2396.87744140625,0
81.13,2396.771484375,0
81.14,2396.771484375,0
81.15,2395.9208984375,0
81.16,2395.9208984375,0
81.17,2395.495361328125,0
81.18,2395.60107421875,0
81.19,2395.495361328125,0
81.2,2395.60107421875,0
81.21,2395.60107421875,0
81.22,2395.60107421875,0
81.23,2395.60107421875,0
81.24,2395.495361328125,0
81.25,2395.495361328125,0
81.26,2395.495361328125,0
81.27,2394.644775390625,0
81.28,2391.45263671875,0
81.29,2391.45263671875,0
81.3,2390.813232421875,0
81.31,2390.813232421875,0
81.32,2390.813232421875,0
81.33,2391.45263671875,0
81.34,2390.813232421875,0
81.35,2390.813232421875,0
81.36,2391.878173828125,0
81.37,2391.983642578125,0
81.38,2391.878173828125,0
81.39,2391.878173828125,0
81.4,2391.878173828125,0
81.41,2391.663818359375,0
81.42,2391.027099609375,0
81.43,2391.663818359375,0
81.44,2391.663818359375,0
81.45,2391.027099609375,0
81.46,2391.027099609375,0
81.47,2390.3876953125,0
81.48,2390.599365234375,0
81.49,2391.027099609375,0
81.5,2390.599365234375,0
81.51,2390.599365234375,0
81.52,2390.3876953125,0
81.53,2389.856689453125,0
81.54,2390.2822265625,0
81.55,2389.856689453125,0
81.56,2389.856689453125,0
81.57,2389.856689453125,0
81.58,2389.856689453125,0
81.59,2390.2822265625,0
81.6,2390.2822265625,0
81.61,2390.3876953125,0
81.62,2390.3876953125,0
81.63,2390.3876953125,0
81.64,2390.493408203125,0
81.65,2390.3876953125,0
81.66,2390.3876953125,0
81.67,2390.3876953125,0
81.68,2390.068115234375,0
81.69,2390.3876953125,0
81.7,2390.068115234375,0
81.71,2390.068115234375,0
81.72,2390.70751953125,0
81.73,2390.068115234375,0
81.74,2390.70751953125,0
81.75,2390.068115234375,0
81.76,2389.962158203125,0
81.77,2389.21728515625,0
81.78,2389.111572265625,0
81.79,2388.68603515625,0
81.8,2388.366455078125,0
81.81,2388.366455078125,0
81.82,2388.260498046875,0
81.83,2388.155029296875,0
81.84,2388.155029296875,0
81.85,2387.7294921875,0
81.86,2386.55908203125,0
81.87,2385.919677734375,0
81.88,2385.388427734375,0
81.89,2385.388427734375,0
81.9,2385.388427734375,0
81.91,2384.64599609375,0
81.92,2384.43212890625,0
81.93,2384.1123046875,0
81.94,2382.9443359375,0
81.95,2382.093505859375,0
81.96,2380.074951171875,0
81.97,2379.43798828125,0
81.98,2379.329833984375,0
81.99,2378.587158203125,0
82,2377.842041015625,0
82.01,2377.205322265625,0
82.02,2377.205322265625,0
82.03,2376.462646484375,0
82.04,2376.248779296875,0
82.05,2375.717529296875,0
82.06,2374.97509765625,0
82.07,2374.655517578125,0
82.08,2374.655517578125,0
82.09,2374.655517578125,0
82.1,2374.655517578125,0
82.11,2374.0185546875,0
82.12,2374.0185546875,0
82.13,2374.0185546875,0
82.14,2374.0185546875,0
82.15,2374.869384765625,0
82.16,2375.825927734375,0
82.17,2376.14306640625,0
82.18,2377.52490234375,0
82.19,2378.055908203125,0
82.2,2379.329833984375,0
82.21,2379.329833984375,0
82.22,2379.6494140625,0
82.23,2379.6494140625,0
82.24,2379.6494140625,0
82.25,2380.817138671875,0
82.26,2381.031494140625,0
82.27,2382.199462890625,0
82.28,2382.304931640625,0
82.29,2382.518798828125,0
82.3,2383.4755859375,0
82.31,2383.4755859375,0
82.32,2383.4755859375,0
82.33,2383.4755859375,0
82.34,2382.304931640625,0
82.35,2381.5625,0
82.36,2380.2861328125,0
82.37,2379.223876953125,0
82.38,2378.904296875,0
82.39,2378.904296875,0
82.4,2377.099609375,0
82.41,2376.037353515625,0
82.42,2376.037353515625,0
82.43,2376.037353515625,0
82.44,2376.037353515625,0
82.45,2376.037353515625,0
82.46,2375.931884765625,0
82.47,2375.825927734375,0
82.48,2375.825927734375,0
82.49,2375.825927734375,0
82.5,2375.825927734375,0
82.51,2375.612060546875,0
82.52,2375.612060546875,0
82.53,2375.294921875,0
82.54,2375.612060546875,0
82.55,2375.612060546875,0
82.56,2375.825927734375,0
82.57,2375.825927734375,0
82.58,2375.825927734375,0
82.59,2378.69287109375,0
82.6,2380.2861328125,0
82.61,2380.817138671875,0
82.62,2380.817138671875,0
82.63,2380.817138671875,0
82.64,2380.817138671875,0
82.65,2380.60595703125,0
82.66,2380.60595703125,0
82.67,2379.6494140625,0
82.68,2379.223876953125,0
82.69,2378.69287109375,0
82.7,2378.055908203125,0
82.71,2377.099609375,0
82.72,2375.294921875,0
82.73,2374.5498046875,0
82.74,2373.701416015625,0
82.75,2370.940185546875,0
82.76,2370.834716796875,0
82.77,2370.514892578125,0
82.78,2369.7724609375,0
82.79,2369.558349609375,0
82.8,2365.740234375,0
82.81,2365.209228515625,0
82.82,2365.209228515625,0
82.83,2364.677978515625,0
82.84,2364.677978515625,0
82.85,2364.677978515625,0
82.86,2365.6318359375,0
82.87,2365.740234375,0
82.88,2366.057373046875,0
82.89,2366.905517578125,0
82.9,2367.4365234375,0
82.91,2367.862060546875,0
82.92,2368.6044921875,0
82.93,2368.6044921875,0
82.94,2369.1357421875,0
82.95,2369.98388671875,0
82.96,2370.1953125,0
82.97,2370.303466796875,0
82.98,2370.514892578125,0
82.99,2371.89697265625,0
83,2372.108154296875,0
83.01,2372.108154296875,0
83.02,2372.108154296875,0
83.03,2372.108154296875,0
83.04,2372.8505859375,0
83.05,2372.8505859375,0
83.06,2371.89697265625,0
83.07,2371.363037109375,0
83.08,2371.25732421875,0
83.09,2370.726318359375,0
83.1,2371.25732421875,0
83.11,2371.25732421875,0
83.12,2370.62060546875,0
83.13,2370.62060546875,0
83.14,2370.62060546875,0
83.15,2370.62060546875,0
83.16,2370.62060546875,0
83.17,2370.62060546875,0
83.18,2368.921630859375,0
83.19,2368.39306640625,0
83.2,2367.01123046875,0
83.21,2366.162841796875,0
83.22,2366.057373046875,0
83.23,2365.526123046875,0
83.24,2365.420654296875,0
83.25,2365.420654296875,0
83.26,2364.9951171875,0
83.27,2365.420654296875,0
83.28,2365.420654296875,0
83.29,2365.420654296875,0
83.3,2365.420654296875,0
83.31,2365.420654296875,0
83.32,2365.845947265625,0
83.33,2365.845947265625,0
83.34,2365.420654296875,0
83.35,2365.420654296875,0
83.36,2364.466552734375,0
83.37,2364.466552734375,0
83.38,2364.041259765625,0
83.39,2364.041259765625,0
83.4,2364.041259765625,0
83.41,2363.829833984375,0
83.42,2363.298583984375,0
83.43,2363.298583984375,0
83.44,2363.298583984375,0
83.45,2363.298583984375,0
83.46,2363.298583984375,0
83.47,2363.61572265625,0
83.48,2363.298583984375,0
83.49,2363.298583984375,0
83.5,2363.298583984375,0
83.51,2363.298583984375,0
83.52,2363.087158203125,0
83.53,2363.087158203125,0
83.54,2363.087158203125,0
83.55,2363.087158203125,0
83.56,2363.087158203125,0
83.57,2363.298583984375,0
83.58,2364.677978515625,0
83.59,2365.526123046875,0
83.6,2365.526123046875,0
83.61,2365.95166015625,0
83.62,2365.95166015625,0
83.63,2365.95166015625,0
83.64,2365.95166015625,0
83.65,2364.9951171875,0
83.66,2365.95166015625,0
83.67,2365.95166015625,0
83.68,2364.9951171875,0
83.69,2364.677978515625,0
83.7,2364.252685546875,0
83.71,2364.252685546875,0
83.72,2361.177001953125,0
83.73,2361.177001953125,0
83.74,2361.177001953125,0
83.75,2361.177001953125,0
83.76,2361.177001953125,0
83.77,2361.177001953125,0
83.78,2361.38818359375,0
83.79,2361.7080078125,0
83.8,2362.767578125,0
83.81,2362.873291015625,0
83.82,2362.873291015625,0
83.83,2362.873291015625,0
83.84,2362.767578125,0
83.85,2362.767578125,0
83.86,2362.767578125,0
83.87,2362.450439453125,0
83.88,2362.025146484375,0
83.89,2361.28271484375,0
83.9,2361.177001953125,0
83.91,2360.965576171875,0
83.92,2361.177001953125,0
83.93,2361.28271484375,0
83.94,2361.28271484375,0
83.95,2361.91943359375,0
83.96,2360.965576171875,0
83.97,2360.22314453125,0
83.98,2360.22314453125,0
83.99,2361.91943359375,0
84,2361.91943359375,0
84.01,2360.22314453125,0
84.02,2360.22314453125,0
84.03,2360.22314453125,0
84.04,2360.22314453125,0
84.05,2361.91943359375,0
84.06,2361.91943359375,0
84.07,2362.767578125,0
84.08,2361.91943359375,0
84.09,2361.91943359375,0
84.1,2361.91943359375,0
84.11,2361.602294921875,0
84.12,2361.602294921875,0
84.13,2359.374755859375,0
84.14,2359.374755859375,0
84.15,2359.374755859375,0
84.16,2358.84375,0
84.17,2357.678466796875,0
84.18,2357.678466796875,0
84.19,2357.253173828125,0
84.2,2357.253173828125,0
84.21,2357.253173828125,0
84.22,2357.253173828125,0
84.23,2356.724609375,0
84.24,2354.3916015625,0
84.25,2356.724609375,0
84.26,2355.0283203125,0
84.27,2354.3916015625,0
84.28,2354.3916015625,0
84.29,2353.12060546875,0
84.3,2353.4375,0
84.31,2353.4375,0
84.32,2354.3916015625,0
84.33,2353.754638671875,0
84.34,2353.4375,0
84.35,2353.4375,0
84.36,2353.754638671875,0
84.37,2353.754638671875,0
84.38,2353.754638671875,0
84.39,2353.754638671875,0
84.4,2352.3779296875,0
84.41,2351.955322265625,0
84.42,2351.955322265625,0
84.43,2351.955322265625,0
84.44,2351.318603515625,0
84.45,2350.575927734375,0
84.46,2350.2587890625,0
84.47,2350.2587890625,0
84.48,2350.2587890625,0
84.49,2350.575927734375,0
84.5,2350.575927734375,0
84.51,2350.575927734375,0
84.52,2351.107177734375,0
84.53,2351.107177734375,0
84.54,2351.52978515625,0
84.55,2351.52978515625,0
84.56,2351.52978515625,0
84.57,2351.52978515625,0
84.58,2351.52978515625,0
84.59,2349.19921875,0
84.6,2349.19921875,0
84.61,2349.19921875,0
84.62,2349.19921875,0
84.63,2349.09375,0
84.64,2348.45947265625,0
84.65,2348.45947265625,0
84.66,2348.1396484375,0
84.67,2348.45947265625,0
84.68,2348.45947265625,0
84.69,2348.1396484375,0
84.7,2348.1396484375,0
84.71,2348.45947265625,0
84.72,2348.45947265625,0
84.73,2347.29150390625,0
84.74,2347.29150390625,0
84.75,2348.1396484375,0
84.76,2347.29150390625,0
84.77,2348.1396484375,0
84.78,2348.1396484375,0
84.79,2348.1396484375,0
84.8,2348.1396484375,0
84.81,2348.1396484375,0
84.82,2348.1396484375,0
84.83,2347.717041015625,0
84.84,2347.185791015625,0
84.85,2347.185791015625,0
84.86,2344.963623046875,0
84.87,2344.963623046875,0
84.88,2344.646484375,0
84.89,2344.541015625,0
84.9,2344.541015625,0
84.91,2343.69287109375,0
84.92,2344.541015625,0
84.93,2344.646484375,0
84.94,2345.0693359375,0
84.95,2345.0693359375,0
84.96,2345.0693359375,0
84.97,2346.12890625,0
84.98,2346.12890625,0
84.99,2345.386474609375,0
85,2346.12890625,0
85.01,2346.12890625,0
85.02,2346.12890625,0
85.03,2345.59765625,0
85.04,2345.59765625,0
85.05,2345.386474609375,0
85.06,2343.5869140625,0
85.07,2343.5869140625,0
85.08,2343.5869140625,0
85.09,2343.5869140625,0
85.1,2343.5869140625,0
85.11,2343.5869140625,0
85.12,2344.115478515625,0
85.13,2344.115478515625,0
85.14,2344.541015625,0
85.15,2344.752197265625,0
85.16,2346.34033203125,0
85.17,2346.34033203125,0
85.18,2346.34033203125,0
85.19,2346.023193359375,0
85.2,2346.023193359375,0
85.21,2346.023193359375,0
85.22,2344.85791015625,0
85.23,2344.85791015625,0
85.24,2344.85791015625,0
85.25,2344.85791015625,0
85.26,2344.85791015625,0
85.27,2344.963623046875,0
85.28,2344.963623046875,0
85.29,2344.963623046875,0
85.3,2345.175048828125,0
85.31,2345.28076171875,0
85.32,2346.5517578125,0
85.33,2347.080322265625,0
85.34,2347.080322265625,0
85.35,2346.5517578125,0
85.36,2344.009765625,0
85.37,2344.85791015625,0
85.38,2344.85791015625,0
85.39,2343.27001953125,0
85.4,2341.78759765625,0
85.41,2341.78759765625,0
85.42,2341.78759765625,0
85.43,2341.15087890625,0
85.44,2341.15087890625,0
85.45,2340.410888671875,0
85.46,2339.98828125,0
85.47,2339.77685546875,0
85.48,2339.77685546875,0
85.49,2339.77685546875,0
85.5,2338.188720703125,0
85.51,2338.188720703125,0
85.52,2338.188720703125,0
85.53,2338.188720703125,0
85.54,2338.188720703125,0
85.55,2338.188720703125,0
85.56,2338.82275390625,0
85.57,2338.29443359375,0
85.58,2338.188720703125,0
85.59,2337.5546875,0
85.6,2336.6005859375,0
85.61,2336.70654296875,0
85.62,2337.34326171875,0
85.63,2336.70654296875,0
85.64,2337.34326171875,0
85.65,2337.34326171875,0
85.66,2336.70654296875,0
85.67,2336.6005859375,0
85.68,2336.70654296875,0
85.69,2336.70654296875,0
85.7,2336.4951171875,0
85.71,2335.33251953125,0
85.72,2336.4951171875,0
85.73,2335.33251953125,0
85.74,2335.226806640625,0
85.75,2333.95849609375,0
85.76,2333.85009765625,0
85.77,2333.85009765625,0
85.78,2333.85009765625,0
85.79,2333.85009765625,0
85.8,2333.95849609375,0
85.81,2333.85009765625,0
85.82,2333.85009765625,0
85.83,2333.85009765625,0
85.84,2334.061279296875,0
85.85,2334.061279296875,0
85.86,2334.061279296875,0
85.87,2333.532958984375,0
85.88,2332.581787109375,0
85.89,2332.370361328125,0
85.9,2332.158935546875,0
85.91,2331.947509765625,0
85.92,2332.158935546875,0
85.93,2331.947509765625,0
85.94,2331.947509765625,0
85.95,2331.947509765625,0
85.96,2331.947509765625,0
85.97,2331.947509765625,0
85.98,2331.947509765625,0
85.99,2331.630615234375,0
86,2330.784912109375,0
86.01,2330.468017578125,0
86.02,2329.410888671875,0
86.03,2329.410888671875,0
86.04,2329.410888671875,0
86.05,2329.410888671875,0
86.06,2329.410888671875,0
86.07,2329.410888671875,0
86.08,2329.093994140625,0
86.09,2328.8798828125,0
86.1,2328.35400390625,0
86.11,2328.245849609375,0
86.12,2327.297119140625,0
86.13,2327.297119140625,0
86.14,2327.297119140625,0
86.15,2327.297119140625,0
86.16,2325.603271484375,0
86.17,2325.603271484375,0
86.18,2324.96923828125,0
86.19,2324.232177734375,0
86.2,2324.96923828125,0
86.21,2324.232177734375,0
86.22,2323.809326171875,0
86.23,2323.70361328125,0
86.24,2323.4921875,0
86.25,2323.70361328125,0
86.26,2323.597900390625,0
86.27,2323.597900390625,0
86.28,2323.175048828125,0
86.29,2323.175048828125,0
86.3,2323.597900390625,0
86.31,2323.597900390625,0
86.32,2323.597900390625,0
86.33,2323.597900390625,0
86.34,2323.0693359375,0
86.35,2323.0693359375,0
86.36,2322.541015625,0
86.37,2322.32958984375,0
86.38,2321.695556640625,0
86.39,2321.695556640625,0
86.4,2321.695556640625,0
86.41,2321.695556640625,0
86.42,2320.95556640625,0
86.43,2320.53271484375,0
86.44,2319.901123046875,0
86.45,2319.901123046875,0
86.46,2319.0556640625,0
86.47,2318.84423828125,0
86.48,2318.527099609375,0
86.49,2318.527099609375,0
86.5,2318.421630859375,0
86.51,2318.210205078125,0
86.52,2318.210205078125,0
86.53,2317.89306640625,0
86.54,2318.210205078125,0
86.55,2318.210205078125,0
86.56,2318.210205078125,0
86.57,2318.421630859375,0
86.58,2317.153076171875,0
86.59,2317.153076171875,0
86.6,2318.1044921875,0
86.61,2317.153076171875,0
86.62,2317.153076171875,0
86.63,2316.624755859375,0
86.64,2317.153076171875,0
86.65,2316.413330078125,0
86.66,2316.20458984375,0
86.67,2316.413330078125,0
86.68,2316.413330078125,0
86.69,2316.413330078125,0
86.7,2316.51904296875,0
86.71,2316.51904296875,0
86.72,2317.153076171875,0
86.73,2317.153076171875,0
86.74,2317.575927734375,0
86.75,2317.575927734375,0
86.76,2317.153076171875,0
86.77,2316.836181640625,0
86.78,2317.153076171875,0
86.79,2316.836181640625,0
86.8,2317.153076171875,0
86.81,2316.836181640625,0
86.82,2316.836181640625,0
86.83,2316.836181640625,0
86.84,2316.94189453125,0
86.85,2316.94189453125,0
86.86,2316.94189453125,0
86.87,2316.94189453125,0
86.88,2316.94189453125,0
86.89,2316.94189453125,0
86.9,2316.94189453125,0
86.91,2316.94189453125,0
86.92,2316.94189453125,0
86.93,2317.047607421875,0
86.94,2317.259033203125,0
86.95,2317.364501953125,0
86.96,2317.364501953125,0
86.97,2317.470458984375,0
86.98,2317.998779296875,0
86.99,2318.31591796875,0
87,2319.161376953125,0
87.01,2319.687255859375,0
87.02,2319.687255859375,0
87.03,2319.687255859375,0
87.04,2319.687255859375,0
87.05,2319.161376953125,0
87.06,2319.687255859375,0
87.07,2319.26708984375,0
87.08,2319.161376953125,0
87.09,2319.26708984375,0
87.1,2318.421630859375,0
87.11,2318.84423828125,0
87.12,2318.421630859375,0
87.13,2318.84423828125,0
87.14,2318.84423828125,0
87.15,2318.84423828125,0
87.16,2318.84423828125,0
87.17,2319.161376953125,0
87.18,2318.84423828125,0
87.19,2318.84423828125,0
87.2,2318.633056640625,0
87.21,2318.949951171875,0
87.22,2318.633056640625,0
87.23,2317.681640625,0
87.24,2317.681640625,0
87.25,2317.681640625,0
87.26,2317.259033203125,0
87.27,2317.259033203125,0
87.28,2317.259033203125,0
87.29,2317.153076171875,0
87.3,2316.836181640625,0
87.31,2316.733154296875,0
87.32,2316.413330078125,0
87.33,2316.413330078125,0
87.34,2316.733154296875,0
87.35,2316.733154296875,0
87.36,2316.413330078125,0
87.37,2316.413330078125,0
87.38,2315.359130859375,0
87.39,2315.359130859375,0
87.4,2314.83056640625,0
87.41,2314.83056640625,0
87.42,2313.56494140625,0
87.43,2313.56494140625,0
87.44,2312.930908203125,0
87.45,2312.930908203125,0
87.46,2312.930908203125,0
87.47,2311.34814453125,0
87.48,2312.930908203125,0
87.49,2310.92529296875,0
87.5,2313.248046875,0
87.51,2313.248046875,0
87.52,2311.6650390625,0
87.53,2311.6650390625,0
87.54,2311.34814453125,0
87.55,2311.34814453125,0
87.56,2311.34814453125,0
87.57,2310.293701171875,0
87.58,2310.293701171875,0
87.59,2310.293701171875,0
87.6,2310.293701171875,0
87.61,2309.131103515625,0
87.62,2309.131103515625,0
87.63,2309.131103515625,0
87.64,2309.131103515625,0
87.65,2309.131103515625,0
87.66,2309.131103515625,0
87.67,2309.23681640625,0
87.68,2308.711181640625,0
87.69,2308.711181640625,0
87.7,2309.23681640625,0
87.71,2309.23681640625,0
87.72,2308.711181640625,0
87.73,2308.711181640625,0
87.74,2308.711181640625,0
87.75,2309.65966796875,0
87.76,2308.1826171875,0
87.77,2308.076904296875,0
87.78,2308.076904296875,0
87.79,2307.65673828125,0
87.8,2307.65673828125,0
87.81,2307.65673828125,0
87.82,2307.4453125,0
87.83,2307.65673828125,0
87.84,2307.4453125,0
87.85,2307.4453125,0
87.86,2307.762451171875,0
87.87,2308.076904296875,0
87.88,2308.393798828125,0
87.89,2308.393798828125,0
87.9,2308.393798828125,0
87.91,2308.393798828125,0
87.92,2308.499755859375,0
87.93,2308.816650390625,0
87.94,2308.816650390625,0
87.95,2308.816650390625,0
87.96,2308.816650390625,0
87.97,2308.499755859375,0
87.98,2308.499755859375,0
87.99,2308.393798828125,0
88,2309.765380859375,0
88.01,2309.765380859375,0
88.02,2309.976806640625,0
88.03,2310.505126953125,0
88.04,2309.976806640625,0
88.05,2309.976806640625,0
88.06,2309.976806640625,0
88.07,2309.976806640625,0
88.08,2309.976806640625,0
88.09,2309.976806640625,0
88.1,2309.765380859375,0
88.11,2309.765380859375,0
88.12,2309.65966796875,0
88.13,2309.65966796875,0
88.14,2309.65966796875,0
88.15,2308.711181640625,0
88.16,2308.288330078125,0
88.17,2307.23388671875,0
88.18,2307.23388671875,0
88.19,2306.9169921875,0
88.2,2306.9169921875,0
88.21,2306.1796875,0
88.22,2305.862548828125,0
88.23,2306.073974609375,0
88.24,2306.073974609375,0
88.25,2306.073974609375,0
88.26,2305.862548828125,0
88.27,2305.228515625,0
88.28,2304.70263671875,0
88.29,2304.174072265625,0
88.3,2303.43701171875,0
88.31,2303.965576171875,0
88.32,2303.331298828125,0
88.33,2303.331298828125,0
88.34,2303.43701171875,0
88.35,2303.331298828125,0
88.36,2302.805419921875,0
88.37,2302.805419921875,0
88.38,2302.805419921875,0
88.39,2302.805419921875,0
88.4,2302.805419921875,0
88.41,2302.805419921875,0
88.42,2302.382568359375,0
88.43,2301.43408203125,0
88.44,2300.4853515625,0
88.45,2300.16845703125,0
88.46,2299.748291015625,0
88.47,2299.748291015625,0
88.48,2299.748291015625,0
88.49,2299.748291015625,0
88.5,2300.16845703125,0
88.51,2299.748291015625,0
88.52,2299.219970703125,0
88.53,2299.219970703125,0
88.54,2299.219970703125,0
88.55,2298.694091796875,0
88.56,2296.796875,0
88.57,2296.691162109375,0
88.58,2295.953857421875,0
88.59,2295.322509765625,0
88.6,2295.322509765625,0
88.61,2295.322509765625,0
88.62,2295.216796875,0
88.63,2295.216796875,0
88.64,2295.00537109375,0
88.65,2295.00537109375,0
88.66,2295.00537109375,0
88.67,2294.162353515625,0
88.68,2295.00537109375,0
88.69,2294.162353515625,0
88.7,2294.162353515625,0
88.71,2294.162353515625,0
88.72,2294.056884765625,0
88.73,2293.63671875,0
88.74,2293.2138671875,0
88.75,2293.2138671875,0
88.76,2293.63671875,0
88.77,2293.2138671875,0
88.78,2293.2138671875,0
88.79,2292.8994140625,0
88.8,2292.8994140625,0
88.81,2292.8994140625,0
88.82,2292.8994140625,0
88.83,2292.793701171875,0
88.84,2291.95068359375,0
88.85,2291.95068359375,0
88.86,2291.95068359375,0
88.87,2291.739501953125,0
88.88,2291.739501953125,0
88.89,2291.3193359375,0
88.9,2290.896484375,0
88.91,2290.896484375,0
88.92,2290.896484375,0
88.93,2290.37060546875,0
88.94,2290.37060546875,0
88.95,2290.37060546875,0
88.96,2290.37060546875,0
88.97,2290.37060546875,0
88.98,2290.58203125,0
88.99,2290.687744140625,0
89,2290.687744140625,0
89.01,2290.687744140625,0
89.02,2290.687744140625,0
89.03,2290.687744140625,0
89.04,2290.58203125,0
89.05,2289.422119140625,0
89.06,2289.001953125,0
89.07,2288.370361328125,0
89.08,2288.1591796875,0
89.09,2288.053466796875,0
89.1,2288.053466796875,0
89.11,2288.053466796875,0
89.12,2287.527587890625,0
89.13,2286.790283203125,0
89.14,2286.790283203125,0
89.15,2286.47607421875,0
89.16,2286.47607421875,0
89.17,2286.47607421875,0
89.18,2286.2646484375,0
89.19,2286.2646484375,0
89.2,2286.3701171875,0
89.21,2286.2646484375,0
89.22,2286.3701171875,0
89.23,2286.2646484375,0
89.24,2286.3701171875,0
89.25,2286.47607421875,0
89.26,2286.47607421875,0
89.27,2287.001708984375,0
89.28,2287.001708984375,0
89.29,2286.47607421875,0
89.3,2287.001708984375,0
89.31,2287.001708984375,0
89.32,2287.213134765625,0
89.33,2287.001708984375,0
89.34,2286.58154296875,0
89.35,2286.58154296875,0
89.36,2286.58154296875,0
89.37,2287.001708984375,0
89.38,2287.107421875,0
89.39,2287.107421875,0
89.4,2287.107421875,0
89.41,2287.107421875,0
89.42,2287.107421875,0
89.43,2287.213134765625,0
89.44,2287.316162109375,0
89.45,2287.421875,0
89.46,2287.421875,0
89.47,2287.421875,0
89.48,2287.421875,0
89.49,2287.421875,0
89.5,2287.421875,0
89.51,2287.421875,0
89.52,2287.421875,0
89.53,2287.421875,0
89.54,2287.316162109375,0
89.55,2287.421875,0
89.56,2287.421875,0
89.57,2287.421875,0
89.58,2287.421875,0
89.59,2287.739013671875,0
89.6,2288.684814453125,0
89.61,2288.79052734375,0
89.62,2289.21337890625,0
89.63,2289.422119140625,0
89.64,2289.844970703125,0
89.65,2289.844970703125,0
89.66,2289.844970703125,0
89.67,2290.053466796875,0
89.68,2290.053466796875,0
89.69,2290.37060546875,0
89.7,2290.37060546875,0
89.71,2290.37060546875,0
89.72,2290.37060546875,0
89.73,2290.159423828125,0
89.74,2290.159423828125,0
89.75,2289.21337890625,0
89.76,2289.21337890625,0
89.77,2289.107666015625,0
89.78,2288.684814453125,0
89.79,2288.5791015625,0
89.8,2288.5791015625,0
89.81,2288.5791015625,0
89.82,2287.316162109375,0
89.83,2284.475830078125,0
89.84,2283.6328125,0
89.85,2283.424072265625,0
89.86,2282.898193359375,0
89.87,2283.424072265625,0
89.88,2282.898193359375,0
89.89,2282.5810546875,0
89.9,2282.160888671875,0
89.91,2282.160888671875,0
89.92,2282.160888671875,0
89.93,2282.160888671875,0
89.94,2282.5810546875,0
89.95,2282.160888671875,0
89.96,2282.055419921875,0
89.97,2281.740966796875,0
89.98,2281.529541015625,0
89.99,2281.846435546875,0
90,2281.529541015625,0
90.01,2281.529541015625,0
90.02,2281.529541015625,0
90.03,2280.792236328125,0
90.04,2280.477783203125,0
90.05,2280.477783203125,0
90.06,2280.3720703125,0
90.07,2280.3720703125,0
90.08,2278.900390625,0
90.09,2277.954345703125,0
90.1,2277.954345703125,0
90.11,2277.322998046875,0
90.12,2277.954345703125,0
90.13,2277.954345703125,0
90.14,2277.954345703125,0
90.15,2277.954345703125,0
90.16,2278.37451171875,0
90.17,2278.37451171875,0
90.18,2278.37451171875,0
90.19,2278.26904296875,0
90.2,2278.26904296875,0
90.21,2278.26904296875,0
90.22,2278.26904296875,0
90.23,2277.426025390625,0
90.24,2277.426025390625,0
90.25,2277.426025390625,0
90.26,2278.26904296875,0
90.27,2278.26904296875,0
90.28,2278.794677734375,0
90.29,2278.794677734375,0
90.3,2278.794677734375,0
90.31,2278.794677734375,0
90.32,2280.16064453125,0
90.33,2280.689208984375,0
90.34,2280.689208984375,0
90.35,2280.16064453125,0
90.36,2280.16064453125,0
90.37,2280.057861328125,0
90.38,2280.057861328125,0
90.39,2279.9521484375,0
90.4,2279.9521484375,0
90.41,2279.846435546875,0
90.42,2278.0576171875,0
90.43,2277.63720703125,0
90.44,2277.63720703125,0
90.45,2277.322998046875,0
90.46,2276.797119140625,0
90.47,2277.322998046875,0
90.48,2276.797119140625,0
90.49,2277.322998046875,0
90.5,2276.797119140625,0
90.51,2276.797119140625,0
90.52,2276.797119140625,0
90.53,2276.797119140625,0
90.54,2276.90283203125,0
90.55,2276.90283203125,0
90.56,2275.74560546875,0
90.57,2275.5341796875,0
90.58,2275.5341796875,0
90.59,2275.5341796875,0
90.6,2275.5341796875,0
90.61,2274.902587890625,0
90.62,2274.16796875,0
90.63,2273.850830078125,0
90.64,2273.53662109375,0
90.65,2273.22216796875,0
90.66,2273.22216796875,0
90.67,2272.064697265625,0
90.68,2271.85595703125,0
90.69,2271.750244140625,0
90.7,2271.750244140625,0
90.71,2271.224609375,0
90.72,2271.01318359375,0
90.73,2271.01318359375,0
90.74,2271.01318359375,0
90.75,2271.01318359375,0
90.76,2271.01318359375,0
90.77,2271.01318359375,0
90.78,2271.01318359375,0
90.79,2271.01318359375,0
90.8,2271.01318359375,0
90.81,2268.492431640625,0
90.82,2268.281005859375,0
90.83,2268.281005859375,0
90.84,2267.86083984375,0
90.85,2267.86083984375,0
90.86,2267.86083984375,0
90.87,2268.281005859375,0
90.88,2268.492431640625,0
90.89,2268.597900390625,0
90.9,2268.597900390625,0
90.91,2268.597900390625,0
90.92,2268.597900390625,0
90.93,2268.597900390625,0
90.94,2268.597900390625,0
90.95,2267.7578125,0
90.96,2267.7578125,0
90.97,2267.7578125,0
90.98,2267.7578125,0
90.99,2268.386474609375,0
91,2268.386474609375,0
91.01,2269.123779296875,0
91.02,2269.123779296875,0
91.03,2269.123779296875,0
91.04,2269.123779296875,0
91.05,2268.386474609375,0
91.06,2268.072021484375,0
91.07,2268.072021484375,0
91.08,2268.072021484375,0
91.09,2268.072021484375,0
91.1,2268.072021484375,0
91.11,2268.072021484375,0
91.12,2268.072021484375,0
91.13,2266.49462890625,0
91.14,2265.971435546875,0
91.15,2267.0205078125,0
91.16,2265.971435546875,0
91.17,2265.865966796875,0
91.18,2265.865966796875,0
91.19,2265.23681640625,0
91.2,2265.23681640625,0
91.21,2265.23681640625,0
91.22,2266.600341796875,0
91.23,2266.600341796875,0
91.24,2266.074462890625,0
91.25,2266.074462890625,0
91.26,2266.074462890625,0
91.27,2266.074462890625,0
91.28,2266.074462890625,0
91.29,2266.074462890625,0
91.3,2264.814208984375,0
91.31,2264.814208984375,0
91.32,2264.711181640625,0
91.33,2264.711181640625,0
91.34,2264.711181640625,0
91.35,2264.814208984375,0
91.36,2264.499755859375,0
91.37,2264.185302734375,0
91.38,2264.185302734375,0
91.39,2264.499755859375,0
91.4,2264.499755859375,0
91.41,2264.499755859375,0
91.42,2264.185302734375,0
91.43,2264.185302734375,0
91.44,2263.870849609375,0
91.45,2263.659423828125,0
91.46,2263.45068359375,0
91.47,2263.2392578125,0
91.48,2263.2392578125,0
91.49,2263.13623046875,0
91.5,2262.8193359375,0
91.51,2262.8193359375,0
91.52,2262.296142578125,0
91.53,2262.296142578125,0
91.54,2262.296142578125,0
91.55,2262.296142578125,0
91.56,2262.084716796875,0
91.57,2262.084716796875,0
91.58,2262.190185546875,0
91.59,2262.190185546875,0
91.6,2262.084716796875,0
91.61,2262.190185546875,0
91.62,2262.190185546875,0
91.63,2262.084716796875,0
91.64,2261.03564453125,0
91.65,2260.824462890625,0
91.66,2260.824462890625,0
91.67,2260.72119140625,0
91.68,2260.510009765625,0
91.69,2259.56640625,0
91.7,2259.146484375,0
91.71,2258.411865234375,0
91.72,2258.411865234375,0
91.73,2257.674560546875,0
91.74,2258.411865234375,0
91.75,2257.674560546875,0
91.76,2257.674560546875,0
91.77,2257.257080078125,0
91.78,2258.411865234375,0
91.79,2258.726318359375,0
91.8,2258.726318359375,0
91.81,2258.411865234375,0
91.82,2258.411865234375,0
91.83,2257.885986328125,0
91.84,2257.885986328125,0
91.85,2257.885986328125,0
91.86,2258.0947265625,0
91.87,2258.0947265625,0
91.88,2258.0947265625,0
91.89,2258.0947265625,0
91.9,2258.514892578125,0
91.91,2258.514892578125,0
91.92,2258.514892578125,0
91.93,2258.83203125,0
91.94,2258.83203125,0
91.95,2258.93505859375,0
91.96,2258.93505859375,0
91.97,2258.83203125,0
91.98,2258.83203125,0
91.99,2258.83203125,0
92,2258.83203125,0
92.01,2258.83203125,0
92.02,2258.200439453125,0
92.03,2257.4658203125,0
92.04,2255.57666015625,0
92.05,2255.4736328125,0
92.06,2255.57666015625,0
92.07,2255.26220703125,0
92.08,2255.156494140625,0
92.09,2254.94775390625,0
92.1,2254.94775390625,0
92.11,2254.739013671875,0
92.12,2253.1640625,0
92.13,2253.1640625,0
92.14,2253.1640625,0
92.15,2252.744140625,0
92.16,2252.744140625,0
92.17,2252.4296875,0
92.18,2252.849609375,0
92.19,2252.849609375,0
92.2,2252.849609375,0
92.21,2252.4296875,0
92.22,2251.906494140625,0
92.23,2250.33154296875,0
92.24,2250.123046875,0
92.25,2250.123046875,0
92.26,2250.01708984375,0
92.27,2249.179443359375,0
92.28,2249.179443359375,0
92.29,2249.179443359375,0
92.3,2249.179443359375,0
92.31,2248.862548828125,0
92.32,2248.862548828125,0
92.33,2248.233642578125,0
92.34,2248.233642578125,0
92.35,2247.919189453125,0
92.36,2247.816162109375,0
92.37,2247.604736328125,0
92.38,2247.604736328125,0
92.39,2247.604736328125,0
92.4,2247.604736328125,0
92.41,2247.604736328125,0
92.42,2247.604736328125,0
92.43,2247.604736328125,0
92.44,2247.290283203125,0
92.45,2246.97607421875,0
92.46,2246.97607421875,0
92.47,2246.661376953125,0
92.48,2246.138427734375,0
92.49,2246.032470703125,0
92.5,2245.82373046875,0
92.51,2245.19482421875,0
92.52,2244.9833984375,0
92.53,2244.880615234375,0
92.54,2244.9833984375,0
92.55,2244.880615234375,0
92.56,2244.9833984375,0
92.57,2244.9833984375,0
92.58,2244.9833984375,0
92.59,2245.19482421875,0
92.6,2245.50927734375,0
92.61,2245.82373046875,0
92.62,2245.82373046875,0
92.63,2245.929443359375,0
92.64,2246.661376953125,0
92.65,2246.661376953125,0
92.66,2246.661376953125,0
92.67,2248.130615234375,0
92.68,2248.130615234375,0
92.69,2249.073974609375,0
92.7,2249.59716796875,0
92.71,2249.80859375,0
92.72,2250.123046875,0
92.73,2250.96044921875,0
92.74,2250.96044921875,0
92.75,2250.96044921875,0
92.76,2251.380615234375,0
92.77,2251.486328125,0
92.78,2251.486328125,0
92.79,2251.380615234375,0
92.8,2250.54296875,0
92.81,2251.380615234375,0
92.82,2251.486328125,0
92.83,2251.486328125,0
92.84,2251.486328125,0
92.85,2250.54296875,0
92.86,2250.54296875,0
92.87,2250.54296875,0
92.88,2250.54296875,0
92.89,2250.54296875,0
92.9,2250.54296875,0
92.91,2250.54296875,0
92.92,2250.437255859375,0
92.93,2250.01708984375,0
92.94,2250.01708984375,0
92.95,2249.70263671875,0
92.96,2248.65380859375,0
92.97,2249.388427734375,0
92.98,2249.388427734375,0
92.99,2248.65380859375,0
93,2247.39599609375,0
93.01,2248.65380859375,0
93.02,2247.39599609375,0
93.03,2246.97607421875,0
93.04,2246.872802734375,0
93.05,2246.97607421875,0
93.06,2246.97607421875,0
93.07,2246.872802734375,0
93.08,2246.243896484375,0
93.09,2244.880615234375,0
93.1,2244.46044921875,0
93.11,2244.77490234375,0
93.12,2244.77490234375,0
93.13,2244.46044921875,0
93.14,2242.993896484375,0
93.15,2242.993896484375,0
93.16,2242.993896484375,0
93.17,2241.841796875,0
93.18,2242.15625,0
93.19,2242.15625,0
93.2,2242.15625,0
93.21,2242.050537109375,0
93.22,2242.050537109375,0
93.23,2242.050537109375,0
93.24,2242.050537109375,0
93.25,2241.945068359375,0
93.26,2241.945068359375,0
93.27,2241.421875,0
93.28,2241.421875,0
93.29,2241.107421875,0
93.3,2240.687255859375,0
93.31,2240.478271484375,0
93.32,2240.478271484375,0
93.33,2240.06103515625,0
93.34,2240.06103515625,0
93.35,2240.06103515625,0
93.36,2239.955322265625,0
93.37,2239.640625,0
93.38,2239.640625,0
93.39,2239.955322265625,0
93.4,2239.640625,0
93.41,2239.326416015625,0
93.42,2239.011962890625,0
93.43,2238.90625,0
93.44,2238.80322265625,0
93.45,2238.80322265625,0
93.46,2238.80322265625,0
93.47,2238.80322265625,0
93.48,2237.651123046875,0
93.49,2238.80322265625,0
93.5,2238.80322265625,0
93.51,2237.651123046875,0
93.52,2238.90625,0
93.53,2238.90625,0
93.54,2238.591796875,0
93.55,2237.651123046875,0
93.56,2236.91650390625,0
93.57,2236.91650390625,0
93.58,2236.707763671875,0
93.59,2236.287841796875,0
93.6,2236.287841796875,0
93.61,2236.287841796875,0
93.62,2236.287841796875,0
93.63,2236.707763671875,0
93.64,2237.54541015625,0
93.65,2237.754150390625,0
93.66,2237.754150390625,0
93.67,2237.85986328125,0
93.68,2238.068603515625,0
93.69,2238.383056640625,0
93.7,2238.383056640625,0
93.71,2238.383056640625,0
93.72,2238.383056640625,0
93.73,2238.383056640625,0
93.74,2237.754150390625,0
93.75,2238.383056640625,0
93.76,2237.754150390625,0
93.77,2237.54541015625,0
93.78,2237.23095703125,0
93.79,2237.23095703125,0
93.8,2237.23095703125,0
93.81,2237.54541015625,0
93.82,2237.754150390625,0
93.83,2237.23095703125,0
93.84,2237.23095703125,0
93.85,2237.23095703125,0
93.86,2237.23095703125,0
93.87,2236.91650390625,0
93.88,2236.707763671875,0
93.89,2236.707763671875,0
93.9,2235.241455078125,0
93.91,2234.927001953125,0
93.92,2234.927001953125,0
93.93,2234.927001953125,0
93.94,2233.77490234375,0
93.95,2233.77490234375,0
93.96,2234.40380859375,0
93.97,2234.40380859375,0
93.98,2234.195068359375,0
93.99,2234.40380859375,0
94,2234.71826171875,0
94.01,2234.40380859375,0
94.02,2234.40380859375,0
94.03,2234.71826171875,0
94.04,2234.71826171875,0
94.05,2234.71826171875,0
94.06,2234.71826171875,0
94.07,2234.71826171875,0
94.08,2234.71826171875,0
94.09,2233.77490234375,0
94.1,2234.71826171875,0
94.11,2234.71826171875,0
94.12,2233.77490234375,0
94.13,2232.834228515625,0
94.14,2233.77490234375,0
94.15,2232.834228515625,0
94.16,2232.834228515625,0
94.17,2231.99658203125,0
94.18,2231.99658203125,0
94.19,2231.99658203125,0
94.2,2231.890869140625,0
94.21,2231.99658203125,0
94.22,2231.99658203125,0
94.23,2231.890869140625,0
94.24,2231.890869140625,0
94.25,2230.3212890625,0
94.26,2230.530029296875,0
94.27,2230.530029296875,0
94.28,2230.3212890625,0
94.29,2230.3212890625,0
94.3,2230.3212890625,0
94.31,2230.3212890625,0
94.32,2230.530029296875,0
94.33,2230.6357421875,0
94.34,2230.6357421875,0
94.35,2230.6357421875,0
94.36,2230.6357421875,0
94.37,2231.261962890625,0
94.38,2231.576416015625,0
94.39,2231.261962890625,0
94.4,2231.261962890625,0
94.41,2230.112548828125,0
94.42,2229.79833984375,0
94.43,2229.79833984375,0
94.44,2229.79833984375,0
94.45,2229.169189453125,0
94.46,2227.705322265625,0
94.47,2227.705322265625,0
94.48,2227.493896484375,0
94.49,2227.493896484375,0
94.5,2226.135986328125,0
94.51,2226.135986328125,0
94.52,2225.92724609375,0
94.53,2225.718505859375,0
94.54,2225.718505859375,0
94.55,2225.92724609375,0
94.56,2225.718505859375,0
94.57,2225.718505859375,0
94.58,2224.775146484375,0
94.59,2224.357666015625,0
94.6,2223.625732421875,0
94.61,2224.357666015625,0
94.62,2224.775146484375,0
94.63,2224.775146484375,0
94.64,2224.775146484375,0
94.65,2224.775146484375,0
94.66,2225.1953125,0
94.67,2225.1953125,0
94.68,2225.1953125,0
94.69,2225.1953125,0
94.7,2224.043212890625,0
94.71,2222.893798828125,0
94.72,2222.893798828125,0
94.73,2222.579345703125,0
94.74,2222.579345703125,0
94.75,2222.579345703125,0
94.76,2222.893798828125,0
94.77,2222.893798828125,0
94.78,2222.579345703125,0
94.79,2222.579345703125,0
94.8,2222.579345703125,0
94.81,2222.579345703125,0
94.82,2222.579345703125,0
94.83,2222.579345703125,0
94.84,2222.579345703125,0
94.85,2222.579345703125,0
94.86,2222.579345703125,0
94.87,2222.579345703125,0
94.88,2221.74169921875,0
94.89,2220.27783203125,0
94.9,2220.27783203125,0
94.91,2218.08203125,0
94.92,2218.605224609375,0
94.93,2218.08203125,0
94.94,2218.08203125,0
94.95,2218.08203125,0
94.96,2217.873291015625,0
94.97,2217.979248046875,0
94.98,2218.08203125,0
94.99,2218.08203125,0
95,2217.979248046875,0
95.01,2217.770263671875,0
95.02,2217.979248046875,0
95.03,2217.979248046875,0
95.04,2218.187744140625,0
95.05,2218.187744140625,0
95.06,2218.919677734375,0
95.07,2218.187744140625,0
95.08,2217.979248046875,0
95.09,2218.187744140625,0
95.1,2218.29345703125,0
95.11,2218.29345703125,0
95.12,2218.396484375,0
95.13,2218.29345703125,0
95.14,2218.396484375,0
95.15,2218.396484375,0
95.16,2218.396484375,0
95.17,2218.396484375,0
95.18,2218.29345703125,0
95.19,2218.502197265625,0
95.2,2217.770263671875,0
95.21,2217.770263671875,0
95.22,2217.770263671875,0
95.23,2217.770263671875,0
95.24,2217.770263671875,0
95.25,2217.770263671875,0
95.26,2216.20068359375,0
95.27,2216.09765625,0
95.28,2215.68017578125,0
95.29,2215.68017578125,0
95.3,2215.05126953125,0
95.31,2215.05126953125,0
95.32,2214.9482421875,0
95.33,2214.9482421875,0
95.34,2214.9482421875,0
95.35,2214.739501953125,0
95.36,2214.425048828125,0
95.37,2214.425048828125,0
95.38,2214.425048828125,0
95.39,2213.484619140625,0
95.4,2213.484619140625,0
95.41,2213.484619140625,0
95.42,2213.38134765625,0
95.43,2213.275634765625,0
95.44,2213.275634765625,0
95.45,2213.275634765625,0
95.46,2213.38134765625,0
95.47,2213.38134765625,0
95.48,2213.38134765625,0
95.49,2212.440673828125,0
95.5,2212.440673828125,0
95.51,2212.440673828125,0
95.52,2212.335205078125,0
95.53,2212.335205078125,0
95.54,2213.170166015625,0
95.55,2212.0234375,0
95.56,2212.0234375,0
95.57,2212.335205078125,0
95.58,2212.335205078125,0
95.59,2212.0234375,0
95.6,2212.335205078125,0
95.61,2212.335205078125,0
95.62,2212.335205078125,0
95.63,2212.335205078125,0
95.64,2212.335205078125,0
95.65,2212.0234375,0
95.66,2212.0234375,0
95.67,2212.0234375,0
95.68,2211.185791015625,0
95.69,2210.665283203125,0
95.7,2211.185791015625,0
95.71,2210.665283203125,0
95.72,2210.665283203125,0
95.73,2210.559326171875,0
95.74,2210.456298828125,0
95.75,2210.456298828125,0
95.76,2210.456298828125,0
95.77,2209.618896484375,0
95.78,2209.306884765625,0
95.79,2209.306884765625,0
95.8,2208.99267578125,0
95.81,2208.680908203125,0
95.82,2208.680908203125,0
95.83,2208.680908203125,0
95.84,2208.680908203125,0
95.85,2208.680908203125,0
95.86,2208.680908203125,0
95.87,2208.680908203125,0
95.88,2208.0517578125,0
95.89,2207.531494140625,0
95.9,2208.0517578125,0
95.91,2208.0517578125,0
95.92,2207.531494140625,0
95.93,2207.531494140625,0
95.94,2207.216796875,0
95.95,2207.531494140625,0
95.96,2207.531494140625,0
95.97,2207.531494140625,0
95.98,2208.260498046875,0
95.99,2208.260498046875,0
96,2207.531494140625,0
96.01,2207.425537109375,0
96.02,2207.425537109375,0
96.03,2207.425537109375,0
96.04,2207.425537109375,0
96.05,2207.634521484375,0
96.06,2207.322509765625,0
96.07,2206.79931640625,0
96.08,2206.79931640625,0
96.09,2206.79931640625,0
96.1,2206.79931640625,0
96.11,2205.44384765625,0
96.12,2204.920654296875,0
96.13,2204.920654296875,0
96.14,2204.920654296875,0
96.15,2204.920654296875,0
96.16,2204.606201171875,0
96.17,2204.606201171875,0
96.18,2204.606201171875,0
96.19,2204.503173828125,0
96.2,2202.936279296875,0
96.21,2203.0419921875,0
96.22,2203.0419921875,0
96.23,2203.0419921875,0
96.24,2203.0419921875,0
96.25,2203.0419921875,0
96.26,2203.5625,0
96.27,2207.322509765625,0
96.28,2207.322509765625,0
96.29,2207.322509765625,0
96.3,2207.322509765625,0
96.31,2207.322509765625,0
96.32,2207.322509765625,0
96.33,2204.920654296875,0
96.34,2204.81494140625,0
96.35,2204.81494140625,0
96.36,2204.81494140625,0
96.37,2204.920654296875,0
96.38,2204.81494140625,0
96.39,2204.81494140625,0
96.4,2204.400146484375,0
96.41,2204.18896484375,0
96.42,2204.18896484375,0
96.43,2204.18896484375,0
96.44,2203.668212890625,0
96.45,2203.668212890625,0
96.46,2203.668212890625,0
96.47,2203.668212890625,0
96.48,2202.833251953125,0
96.49,2202.833251953125,0
96.5,2204.18896484375,0
96.51,2203.5625,0
96.52,2204.18896484375,0
96.53,2204.606201171875,0
96.54,2204.606201171875,0
96.55,2204.606201171875,0
96.56,2204.81494140625,0
96.57,2204.81494140625,0
96.58,2204.606201171875,0
96.59,2204.400146484375,0
96.6,2204.400146484375,0
96.61,2204.400146484375,0
96.62,2203.877197265625,0
96.63,2203.0419921875,0
96.64,2203.0419921875,0
96.65,2203.0419921875,0
96.66,2203.0419921875,0
96.67,2203.0419921875,0
96.68,2202.833251953125,0
96.69,2203.250732421875,0
96.7,2202.62451171875,0
96.71,2202.62451171875,0
96.72,2202.415771484375,0
96.73,2201.78955078125,0
96.74,2201.47509765625,0
96.75,2201.47509765625,0
96.76,2200.95458984375,0
96.77,2200.95458984375,0
96.78,2200.8515625,0
96.79,2199.390380859375,0
96.8,2199.28466796875,0
96.81,2198.3466796875,0
96.82,2196.77978515625,0
96.83,2196.25927734375,0
96.84,2196.15625,0
96.85,2195.841796875,0
96.86,2195.6328125,0
96.87,2195.321044921875,0
96.88,2195.21826171875,0
96.89,2194.695068359375,0
96.9,2194.695068359375,0
96.91,2194.486083984375,0
96.92,2194.486083984375,0
96.93,2194.486083984375,0
96.94,2194.06884765625,0
96.95,2193.965576171875,0
96.96,2193.651123046875,0
96.97,2193.548095703125,0
96.98,2193.548095703125,0
96.99,2192.192626953125,0
97,2192.089599609375,0
97.01,2191.98388671875,0
97.02,2190.837158203125,0
97.03,2190.525390625,0
97.04,2190.525390625,0
97.05,2190.419677734375,0
97.06,2190.10791015625,0
97.07,2190.0048828125,0
97.08,2190.0048828125,0
97.09,2188.961181640625,0
97.1,2188.440673828125,0
97.11,2188.440673828125,0
97.12,2188.02294921875,0
97.13,2188.02294921875,0
97.14,2188.02294921875,0
97.15,2188.02294921875,0
97.16,2188.02294921875,0
97.17,2188.02294921875,0
97.18,2188.02294921875,0
97.19,2187.502685546875,0
97.2,2187.39697265625,0
97.21,2187.190673828125,0
97.22,2187.190673828125,0
97.23,2186.876220703125,0
97.24,2186.773193359375,0
97.25,2186.773193359375,0
97.26,2186.773193359375,0
97.27,2186.773193359375,0
97.28,2186.773193359375,0
97.29,2186.458984375,0
97.3,2186.458984375,0
97.31,2185.417724609375,0
97.32,2183.959228515625,0
97.33,2185.417724609375,0
97.34,2185.417724609375,0
97.35,2183.959228515625,0
97.36,2185.417724609375,0
97.37,2185.417724609375,0
97.38,2185.417724609375,0
97.39,2185.417724609375,0
97.4,2185.417724609375,0
97.41,2185.417724609375,0
97.42,2184.06494140625,0
97.43,2184.06494140625,0
97.44,2184.06494140625,0
97.45,2184.06494140625,0
97.46,2184.06494140625,0
97.47,2183.856201171875,0
97.48,2182.3974609375,0
97.49,2182.18896484375,0
97.5,2182.18896484375,0
97.51,2182.70947265625,0
97.52,2182.70947265625,0
97.53,2182.70947265625,0
97.54,2182.70947265625,0
97.55,2182.70947265625,0
97.56,2182.70947265625,0
97.57,2183.126953125,0
97.58,2183.126953125,0
97.59,2182.70947265625,0
97.6,2182.8125,0
97.61,2182.70947265625,0
97.62,2182.8125,0
97.63,2182.6064453125,0
97.64,2182.6064453125,0
97.65,2182.18896484375,0
97.66,2182.18896484375,0
97.67,2182.18896484375,0
97.68,2182.18896484375,0
97.69,2182.085693359375,0
97.7,2182.18896484375,0
97.71,2182.085693359375,0
97.72,2181.356689453125,0
97.73,2180.627197265625,0
97.74,2180.627197265625,0
97.75,2180.627197265625,0
97.76,2180.521484375,0
97.77,2180.521484375,0
97.78,2180.209716796875,0
97.79,2180.209716796875,0
97.8,2180.627197265625,0
97.81,2180.209716796875,0
97.82,2180.730224609375,0
97.83,2180.730224609375,0
97.84,2181.66845703125,0
97.85,2181.66845703125,0
97.86,2181.66845703125,0
97.87,2182.29443359375,0
97.88,2182.29443359375,0
97.89,2182.29443359375,0
97.9,2182.29443359375,0
97.91,2182.29443359375,0
97.92,2182.29443359375,0
97.93,2181.980224609375,0
97.94,2182.29443359375,0
97.95,2182.70947265625,0
97.96,2181.980224609375,0
97.97,2182.085693359375,0
97.98,2182.085693359375,0
97.99,2183.021240234375,0
98,2182.3974609375,0
98.01,2183.021240234375,0
98.02,2183.6474609375,0
98.03,2184.376708984375,0
98.04,2184.376708984375,0
98.05,2185.208984375,0
98.06,2185.938232421875,0
98.07,2185.938232421875,0
98.08,2185.938232421875,0
98.09,2185.938232421875,0
98.1,2185.938232421875,0
98.11,2185.208984375,0
98.12,2185.10595703125,0
98.13,2185.10595703125,0
98.14,2184.6884765625,0
98.15,2183.959228515625,0
98.16,2183.959228515625,0
98.17,2182.29443359375,0
98.18,2182.29443359375,0
98.19,2181.147705078125,0
98.2,2181.147705078125,0
98.21,2181.044677734375,0
98.22,2181.044677734375,0
98.23,2181.044677734375,0
98.24,2181.044677734375,0
98.25,2181.147705078125,0
98.26,2181.980224609375,0
98.27,2182.18896484375,0
98.28,2182.18896484375,0
98.29,2181.980224609375,0
98.3,2181.980224609375,0
98.31,2181.356689453125,0
98.32,2181.356689453125,0
98.33,2181.147705078125,0
98.34,2178.024658203125,0
98.35,2177.9189453125,0
98.36,2177.710205078125,0
98.37,2177.710205078125,0
98.38,2177.086669921875,0
98.39,2176.9833984375,0
98.4,2176.9833984375,0
98.41,2176.9833984375,0
98.42,2176.357177734375,0
98.43,2176.462890625,0
98.44,2176.462890625,0
98.45,2176.462890625,0
98.46,2176.9833984375,0
98.47,2176.9833984375,0
98.48,2176.8779296875,0
98.49,2176.462890625,0
98.5,2175.836669921875,0
98.51,2175.836669921875,0
98.52,2175.421875,0
98.53,2175.00439453125,0
98.54,2174.795654296875,0
98.55,2174.795654296875,0
98.56,2173.963134765625,0
98.57,2174.795654296875,0
98.58,2175.00439453125,0
98.59,2175.00439453125,0
98.6,2174.795654296875,0
98.61,2174.692626953125,0
98.62,2174.692626953125,0
98.63,2174.692626953125,0
98.64,2174.692626953125,0
98.65,2175.630615234375,0
98.66,2175.00439453125,0
98.67,2174.692626953125,0
98.68,2175.00439453125,0
98.69,2175.00439453125,0
98.7,2175.00439453125,0
98.71,2174.172119140625,0
98.72,2174.589599609375,0
98.73,2174.589599609375,0
98.74,2174.589599609375,0
98.75,2174.172119140625,0
98.76,2174.172119140625,0
98.77,2174.069091796875,0
98.78,2174.069091796875,0
98.79,2174.589599609375,0
98.8,2175.421875,0
98.81,2175.421875,0
98.82,2175.213134765625,0
98.83,2175.213134765625,0
98.84,2175.213134765625,0
98.85,2175.316162109375,0
98.86,2176.9833984375,0
98.87,2176.9833984375,0
98.88,2176.357177734375,0
98.89,2176.357177734375,0
98.9,2176.566162109375,0
98.91,2176.566162109375,0
98.92,2176.566162109375,0
98.93,2176.566162109375,0
98.94,2176.357177734375,0
98.95,2174.48388671875,0
98.96,2174.380859375,0
98.97,2174.069091796875,0
98.98,2173.8603515625,0
98.99,2170.531005859375,0
99,2170.21923828125,0
99.01,2170.21923828125,0
99.02,2170.01025390625,0
99.03,2169.8017578125,0
99.04,2169.8017578125,0
99.05,2169.074951171875,0
99.06,2166.057373046875,0
99.07,2166.057373046875,0
99.08,2165.74560546875,0
99.09,2165.22509765625,0
99.1,2164.810302734375,0
99.11,2164.707275390625,0
99.12,2164.707275390625,0
99.13,2163.4599609375,0
99.14,2163.042724609375,0
99.15,2163.042724609375,0
99.16,2162.107177734375,0
99.17,2162.107177734375,0
99.18,2161.901123046875,0
99.19,2161.901123046875,0
99.2,2161.6923828125,0
99.21,2161.6923828125,0
99.22,2161.6923828125,0
99.23,2160.757080078125,0
99.24,2160.757080078125,0
99.25,2161.27490234375,0
99.26,2161.6923828125,0
99.27,2161.79541015625,0
99.28,2161.79541015625,0
99.29,2162.004150390625,0
99.3,2162.004150390625,0
99.31,2162.212890625,0
99.32,2163.771728515625,0
99.33,2164.810302734375,0
99.34,2165.848876953125,0
99.35,2165.954345703125,0
99.36,2166.369384765625,0
99.37,2166.99560546875,0
99.38,2167.513427734375,0
99.39,2167.513427734375,0
99.4,2167.513427734375,0
99.41,2167.513427734375,0
99.42,2167.513427734375,0
99.43,2167.513427734375,0
99.44,2167.513427734375,0
99.45,2167.513427734375,0
99.46,2166.99560546875,0
99.47,2166.577880859375,0
99.48,2166.47509765625,0
99.49,2165.433837890625,0
99.5,2165.433837890625,0
99.51,2164.6015625,0
99.52,2163.4599609375,0
99.53,2163.251220703125,0
99.54,2163.251220703125,0
99.55,2162.939453125,0
99.56,2161.901123046875,0
99.57,2161.901123046875,0
99.58,2161.901123046875,0
99.59,2161.901123046875,0
99.6,2161.901123046875,0
99.61,2161.901123046875,0
99.62,2161.380615234375,0
99.63,2161.901123046875,0
99.64,2161.901123046875,0
99.65,2161.27490234375,0
99.66,2161.27490234375,0
99.67,2161.27490234375,0
99.68,2161.27490234375,0
99.69,2160.963134765625,0
99.7,2161.171875,0
99.71,2161.171875,0
99.72,2160.963134765625,0
99.73,2161.171875,0
99.74,2161.171875,0
99.75,2161.171875,0
99.76,2161.171875,0
99.77,2161.171875,0
99.78,2161.79541015625,0
99.79,2161.79541015625,0
99.8,2162.004150390625,0
99.81,2163.042724609375,0
99.82,2163.042724609375,0
99.83,2163.251220703125,0
99.84,2163.251220703125,0
99.85,2163.251220703125,0
99.86,2163.251220703125,0
99.87,2162.83642578125,0
99.88,2163.251220703125,0
99.89,2162.83642578125,0
99.9,2162.627685546875,0
99.91,2161.901123046875,0
99.92,2161.171875,0
99.93,2161.171875,0
99.94,2161.06884765625,0
99.95,2160.339599609375,0
99.96,2158.88623046875,0
99.97,2158.88623046875,0
99.98,2156.391845703125,0
99.99,2155.8740234375,0
100,2155.768310546875,0
100.01,2155.562255859375,0
100.02,2153.173583984375,0
100.03,2152.550048828125,0
100.04,2152.34130859375,0
100.05,2151.408447265625,0
100.06,2151.302734375,0
100.07,2150.784912109375,0
100.08,2150.784912109375,0
100.09,2150.264404296875,0
100.1,2150.058349609375,0
100.11,2150.058349609375,0
100.12,2150.058349609375,0
100.13,2150.264404296875,0
100.14,2150.47314453125,0
100.15,2150.576171875,0
100.16,2150.576171875,0
100.17,2150.576171875,0
100.18,2150.887939453125,0
100.19,2151.511474609375,0
100.2,2152.653076171875,0
100.21,2152.756103515625,0
100.22,2154.2119140625,0
100.23,2154.626953125,0
100.24,2154.626953125,0
100.25,2155.768310546875,0
100.26,2156.288818359375,0
100.27,2157.430419921875,0
100.28,2157.430419921875,0
100.29,2157.430419921875,0
100.3,2157.535888671875,0
100.31,2157.535888671875,0
100.32,2157.535888671875,0
100.33,2157.535888671875,0
100.34,2157.535888671875,0
100.35,2157.535888671875,0
100.36,2156.912353515625,0
100.37,2156.912353515625,0
100.38,2154.626953125,0
100.39,2154.52392578125,0
100.4,2153.58837890625,0
100.41,2151.7177734375,0
100.42,2151.7177734375,0
100.43,2151.7177734375,0
100.44,2151.7177734375,0
100.45,2151.8232421875,0
100.46,2151.8232421875,0
100.47,2151.8232421875,0
100.48,2152.34130859375,0
100.49,2151.8232421875,0
100.5,2151.8232421875,0
100.51,2151.8232421875,0
100.52,2151.8232421875,0
100.53,2151.302734375,0
100.54,2151.19970703125,0
100.55,2151.19970703125,0
100.56,2151.92626953125,0
100.57,2151.19970703125,0
100.58,2151.19970703125,0
100.59,2151.19970703125,0
100.6,2150.990966796875,0
100.61,2150.990966796875,0
100.62,2150.681884765625,0
100.63,2150.681884765625,0
100.64,2150.681884765625,0
100.65,2150.681884765625,0
100.66,2150.990966796875,0
100.67,2152.653076171875,0
100.68,2152.653076171875,0
100.69,2152.653076171875,0
100.7,2152.653076171875,0
100.71,2152.756103515625,0
100.72,2152.756103515625,0
100.73,2152.653076171875,0
100.74,2152.653076171875,0
100.75,2152.34130859375,0
100.76,2152.238037109375,0
100.77,2151.7177734375,0
100.78,2151.7177734375,0
100.79,2150.990966796875,0
100.8,2149.95263671875,0
100.81,2149.95263671875,0
100.82,2149.643310546875,0
100.83,2149.019775390625,0
100.84,2148.08447265625,0
100.85,2147.566650390625,0
100.86,2145.28369140625,0
100.87,2145.180419921875,0
100.88,2144.556884765625,0
100.89,2143.000732421875,0
100.9,2142.8974609375,0
100.91,2142.06787109375,0
100.92,2142.06787109375,0
100.93,2141.653076171875,0
100.94,2141.238037109375,0
100.95,2140.408447265625,0
100.96,2140.408447265625,0
100.97,2140.408447265625,0
100.98,2140.408447265625,0
100.99,2140.302734375,0
101,2139.99365234375,0
101.01,2139.99365234375,0
101.02,2140.302734375,0
101.03,2140.408447265625,0
101.04,2140.511474609375,0
101.05,2140.7177734375,0
101.06,2140.82080078125,0
101.07,2141.029541015625,0
101.08,2141.029541015625,0
101.09,2141.34130859375,0
101.1,2141.34130859375,0
101.11,2141.132568359375,0
101.12,2141.34130859375,0
101.13,2141.34130859375,0
101.14,2141.653076171875,0
101.15,2142.27392578125,0
101.16,2142.585693359375,0
101.17,2143.103759765625,0
101.18,2143.103759765625,0
101.19,2143.103759765625,0
101.2,2144.2451171875,0
101.21,2144.556884765625,0
101.22,2144.556884765625,0
101.23,2144.556884765625,0
101.24,2144.556884765625,0
101.25,2144.556884765625,0
101.26,2145.074951171875,0
101.27,2145.074951171875,0
101.28,2145.180419921875,0
101.29,2145.489501953125,0
101.3,2145.489501953125,0
101.31,2145.801513671875,0
101.32,2146.01025390625,0
101.33,2146.322021484375,0
101.34,2146.322021484375,0
101.35,2146.322021484375,0
101.36,2145.801513671875,0
101.37,2145.489501953125,0
101.38,2143.830322265625,0
101.39,2143.830322265625,0
101.4,2142.379638671875,0
101.41,2141.238037109375,0
101.42,2140.7177734375,0
101.43,2140.0966796875,0
101.44,2140.0966796875,0
101.45,2140.0966796875,0
101.46,2139.887939453125,0
101.47,2139.887939453125,0
101.48,2139.887939453125,0
101.49,2139.887939453125,0
101.5,2139.578857421875,0
101.51,2139.3701171875,0
101.52,2137.19287109375,0
101.53,2136.984130859375,0
101.54,2136.984130859375,0
101.55,2136.984130859375,0
101.56,2136.984130859375,0
101.57,2136.6748046875,0
101.58,2136.6748046875,0
101.59,2136.6748046875,0
101.6,2136.984130859375,0
101.61,2136.984130859375,0
101.62,2136.984130859375,0
101.63,2135.636474609375,0
101.64,2135.2216796875,0
101.65,2135.2216796875,0
101.66,2135.2216796875,0
101.67,2134.39453125,0
101.68,2134.39453125,0
101.69,2133.979736328125,0
101.7,2133.876708984375,0
101.71,2133.876708984375,0
101.72,2133.979736328125,0
101.73,2134.39453125,0
101.74,2134.39453125,0
101.75,2134.91259765625,0
101.76,2134.91259765625,0
101.77,2134.91259765625,0
101.78,2134.91259765625,0
101.79,2134.91259765625,0
101.8,2134.6005859375,0
101.81,2134.6005859375,0
101.82,2134.6005859375,0
101.83,2133.253173828125,0
101.84,2133.253173828125,0
101.85,2133.253173828125,0
101.86,2132.735107421875,0
101.87,2134.6005859375,0
101.88,2134.6005859375,0
101.89,2133.150146484375,0
101.9,2133.150146484375,0
101.91,2132.94384765625,0
101.92,2132.94384765625,0
101.93,2132.94384765625,0
101.94,2132.94384765625,0
101.95,2132.94384765625,0
101.96,2132.94384765625,0
101.97,2132.21728515625,0
101.98,2132.21728515625,0
101.99,2132.21728515625,0
102,2132.1142578125,0
102.01,2132.1142578125,0
102.02,2132.1142578125,0
102.03,2131.49072265625,0
102.04,2131.49072265625,0
102.05,2131.49072265625,0
102.06,2132.3203125,0
102.07,2132.3203125,0
102.08,2130.7666015625,0
102.09,2132.3203125,0
102.1,2132.735107421875,0
102.11,2132.632080078125,0
102.12,2132.735107421875,0
102.13,2132.735107421875,0
102.14,2132.632080078125,0
102.15,2130.560546875,0
102.16,2131.28466796875,0
102.17,2131.28466796875,0
102.18,2129.73095703125,0
102.19,2129.73095703125,0
102.2,2129.31591796875,0
102.21,2129.31591796875,0
102.22,2129.31591796875,0
102.23,2129.31591796875,0
102.24,2129.31591796875,0
102.25,2129.213134765625,0
102.26,2129.10986328125,0
102.27,2129.10986328125,0
102.28,2128.38330078125,0
102.29,2128.38330078125,0
102.3,2128.38330078125,0
102.31,2128.38330078125,0
102.32,2128.38330078125,0
102.33,2128.592041015625,0
102.34,2128.38330078125,0
102.35,2128.38330078125,0
102.36,2128.38330078125,0
102.37,2127.347412109375,0
102.38,2127.347412109375,0
102.39,2127.347412109375,0
102.4,2127.244384765625,0
102.41,2126.208740234375,0
102.42,2126.208740234375,0
102.43,2126.414794921875,0
102.44,2126.208740234375,0
102.45,2126.00244140625,0
102.46,2126.00244140625,0
102.47,2125.27587890625,0
102.48,2125.27587890625,0
102.49,2125.27587890625,0
102.5,2125.690673828125,0
102.51,2124.966796875,0
102.52,2124.966796875,0
102.53,2125.690673828125,0
102.54,2125.690673828125,0
102.55,2124.966796875,0
102.56,2124.966796875,0
102.57,2124.966796875,0
102.58,2124.966796875,0
102.59,2124.13720703125,0
102.6,2124.13720703125,0
102.61,2124.13720703125,0
102.62,2124.13720703125,0
102.63,2123.51611328125,0
102.64,2124.13720703125,0
102.65,2124.13720703125,0
102.66,2123.51611328125,0
102.67,2123.51611328125,0
102.68,2123.51611328125,0
102.69,2123.51611328125,0
102.7,2123.51611328125,0
102.71,2123.4130859375,0
102.72,2123.4130859375,0
102.73,2123.31005859375,0
102.74,2123.4130859375,0
102.75,2123.31005859375,0
102.76,2122.58349609375,0
102.77,2123.31005859375,0
102.78,2122.58349609375,0
102.79,2122.58349609375,0
102.8,2122.58349609375,0
102.81,2122.58349609375,0
102.82,2122.58349609375,0
102.83,2122.58349609375,0
102.84,2122.58349609375,0
102.85,2122.48046875,0
102.86,2120.720703125,0
102.87,2120.099609375,0
102.88,2120.099609375,0
102.89,2120.099609375,0
102.9,2120.099609375,0
102.91,2119.8935546875,0
102.92,2119.478759765625,0
102.93,2119.8935546875,0
102.94,2119.79052734375,0
102.95,2119.79052734375,0
102.96,2119.79052734375,0
102.97,2120.720703125,0
102.98,2119.79052734375,0
102.99,2119.79052734375,0
103,2120.617431640625,0
103.01,2120.617431640625,0
103.02,2120.617431640625,0
103.03,2120.617431640625,0
103.04,2118.960693359375,0
103.05,2118.03076171875,0
103.06,2118.03076171875,0
103.07,2117.718994140625,0
103.08,2117.718994140625,0
103.09,2117.718994140625,0
103.1,2117.718994140625,0
103.11,2116.994873046875,0
103.12,2117.718994140625,0
103.13,2117.718994140625,0
103.14,2118.33984375,0
103.15,2117.718994140625,0
103.16,2116.582763671875,0
103.17,2118.33984375,0
103.18,2118.33984375,0
103.19,2117.615966796875,0
103.2,2117.615966796875,0
103.21,2116.891845703125,0
103.22,2117.615966796875,0
103.23,2116.891845703125,0
103.24,2117.097900390625,0
103.25,2117.615966796875,0
103.26,2117.615966796875,0
103.27,2117.615966796875,0
103.28,2117.718994140625,0
103.29,2118.03076171875,0
103.3,2118.03076171875,0
103.31,2117.718994140625,0
103.32,2117.718994140625,0
103.33,2119.478759765625,0
103.34,2119.478759765625,0
103.35,2118.23681640625,0
103.36,2117.200927734375,0
103.37,2117.200927734375,0
103.38,2117.200927734375,0
103.39,2117.200927734375,0
103.4,2117.200927734375,0
103.41,2116.685791015625,0
103.42,2116.479736328125,0
103.43,2116.27099609375,0
103.44,2116.479736328125,0
103.45,2116.479736328125,0
103.46,2116.27099609375,0
103.47,2116.27099609375,0
103.48,2116.27099609375,0
103.49,2116.27099609375,0
103.5,2115.9619140625,0
103.51,2115.9619140625,0
103.52,2115.9619140625,0
103.53,2115.9619140625,0
103.54,2116.582763671875,0
103.55,2117.097900390625,0
103.56,2117.097900390625,0
103.57,2118.33984375,0
103.58,2119.684814453125,0
103.59,2119.684814453125,0
103.6,2119.684814453125,0
103.61,2119.684814453125,0
103.62,2119.684814453125,0
103.63,2120.308349609375,0
103.64,2119.06396484375,0
103.65,2118.33984375,0
103.66,2118.23681640625,0
103.67,2118.23681640625,0
103.68,2118.23681640625,0
103.69,2118.23681640625,0
103.7,2118.33984375,0
103.71,2118.23681640625,0
103.72,2117.927734375,0
103.73,2118.23681640625,0
103.74,2118.23681640625,0
103.75,2116.788818359375,0
103.76,2116.064697265625,0
103.77,2116.064697265625,0
103.78,2116.064697265625,0
103.79,2115.9619140625,0
103.8,2115.9619140625,0
103.81,2115.546875,0
103.82,2115.132080078125,0
103.83,2115.029052734375,0
103.84,2115.029052734375,0
103.85,2115.029052734375,0
103.86,2115.23779296875,0
103.87,2115.23779296875,0
103.88,2115.23779296875,0
103.89,2115.23779296875,0
103.9,2114.926025390625,0
103.91,2115.23779296875,0
103.92,2115.546875,0
103.93,2115.23779296875,0
103.94,2115.23779296875,0
103.95,2114.513916015625,0
103.96,2113.995849609375,0
103.97,2113.47802734375,0
103.98,2113.375,0
103.99,2113.375,0
104,2111.720947265625,0
104.01,2109.9609375,0
104.02,2109.85791015625,0
104.03,2109.548828125,0
104.04,2108.203857421875,0
104.05,2108.203857421875,0
104.06,2108.203857421875,0
104.07,2107.894775390625,0
104.08,2107.894775390625,0
104.09,2107.376708984375,0
104.1,2107.894775390625,0
104.11,2107.894775390625,0
104.12,2105.00146484375,0
104.13,2104.792724609375,0
104.14,2104.792724609375,0
104.15,2104.792724609375,0
104.16,2104.58642578125,0
104.17,2104.380615234375,0
104.18,2104.380615234375,0
104.19,2103.03564453125,0
104.2,2102.623291015625,0
104.21,2102.623291015625,0
104.22,2102.520263671875,0
104.23,2102.00244140625,0
104.24,2101.693115234375,0
104.25,2100.55712890625,0
104.26,2099.835693359375,0
104.27,2099.835693359375,0
104.28,2099.835693359375,0
104.29,2100.55712890625,0
104.3,2100.55712890625,0
104.31,2099.835693359375,0
104.32,2099.835693359375,0
104.33,2099.835693359375,0
104.34,2099.72998046875,0
104.35,2099.626953125,0
104.36,2099.214599609375,0
104.37,2099.214599609375,0
104.38,2098.905517578125,0
104.39,2098.28466796875,0
104.4,2098.28466796875,0
104.41,2097.04541015625,0
104.42,2097.04541015625,0
104.43,2096.427001953125,0
104.44,2096.117919921875,0
104.45,2096.117919921875,0
104.46,2096.117919921875,0
104.47,2096.427001953125,0
104.48,2096.117919921875,0
104.49,2097.769287109375,0
104.5,2097.769287109375,0
104.51,2096.83935546875,0
104.52,2096.83935546875,0
104.53,2096.9423828125,0
104.54,2096.83935546875,0
104.55,2096.427001953125,0
104.56,2096.117919921875,0
104.57,2095.0849609375,0
104.58,2094.981689453125,0
104.59,2094.2578125,0
104.6,2094.2578125,0
104.61,2094.2578125,0
104.62,2094.2578125,0
104.63,2094.2578125,0
104.64,2094.154541015625,0
104.65,2093.94873046875,0
104.66,2093.94873046875,0
104.67,2093.94873046875,0
104.68,2093.94873046875,0
104.69,2093.433349609375,0
104.7,2093.12158203125,0
104.71,2093.0185546875,0
104.72,2091.988037109375,0
104.73,2091.988037109375,0
104.74,2091.988037109375,0
104.75,2091.160888671875,0
104.76,2091.160888671875,0
104.77,2091.160888671875,0
104.78,2091.160888671875,0
104.79,2090.645751953125,0
104.8,2091.885009765625,0
104.81,2091.885009765625,0
104.82,2091.678955078125,0
104.83,2090.645751953125,0
104.84,2090.645751953125,0
104.85,2090.542724609375,0
104.86,2090.542724609375,0
104.87,2090.542724609375,0
104.88,2090.2333984375,0
104.89,2089.406494140625,0
104.9,2090.2333984375,0
104.91,2089.406494140625,0
104.92,2089.406494140625,0
104.93,2089.406494140625,0
104.94,2089.406494140625,0
104.95,2089.406494140625,0
104.96,2088.7880859375,0
104.97,2088.06689453125,0
104.98,2088.7880859375,0
104.99,2088.06689453125,0
105,2088.06689453125,0
105.01,2088.06689453125,0
105.02,2087.345458984375,0
105.03,2087.345458984375,0
105.04,2087.345458984375,0
105.05,2086.724609375,0
105.06,2086.724609375,0
105.07,2086.724609375,0
105.08,2086.724609375,0
105.09,2087.23974609375,0
105.1,2087.23974609375,0
105.11,2087.23974609375,0
105.12,2087.23974609375,0
105.13,2086.827392578125,0
105.14,2087.23974609375,0
105.15,2086.827392578125,0
105.16,2086.62158203125,0
105.17,2086.518310546875,0
105.18,2086.518310546875,0
105.19,2086.518310546875,0
105.2,2086.518310546875,0
105.21,2086.518310546875,0
105.22,2086.518310546875,0
105.23,2086.003173828125,0
105.24,2086.003173828125,0
105.25,2086.518310546875,0
105.26,2086.003173828125,0
105.27,2086.62158203125,0
105.28,2086.62158203125,0
105.29,2085.384765625,0
105.3,2085.384765625,0
105.31,2084.454833984375,0
105.32,2085.384765625,0
105.33,2084.454833984375,0
105.34,2084.454833984375,0
105.35,2083.7333984375,0
105.36,2083.63037109375,0
105.37,2083.7333984375,0
105.38,2083.63037109375,0
105.39,2083.63037109375,0
105.4,2083.63037109375,0
105.41,2083.63037109375,0
105.42,2083.63037109375,0
105.43,2083.3212890625,0
105.44,2083.3212890625,0
105.45,2083.3212890625,0
105.46,2082.805908203125,0
105.47,2082.187744140625,0
105.48,2082.084716796875,0
105.49,2081.67236328125,0
105.5,2081.67236328125,0
105.51,2081.67236328125,0
105.52,2081.87841796875,0
105.53,2081.87841796875,0
105.54,2081.87841796875,0
105.55,2081.87841796875,0
105.56,2081.87841796875,0
105.57,2081.9814453125,0
105.58,2081.9814453125,0
105.59,2081.9814453125,0
105.6,2081.9814453125,0
105.61,2081.9814453125,0
105.62,2081.67236328125,0
105.63,2081.67236328125,0
105.64,2080.950927734375,0
105.65,2080.950927734375,0
105.66,2080.950927734375,0
105.67,2080.950927734375,0
105.68,2081.156982421875,0
105.69,2081.156982421875,0
105.7,2079.60888671875,0
105.71,2079.60888671875,0
105.72,2079.60888671875,0
105.73,2081.156982421875,0
105.74,2079.920654296875,0
105.75,2079.920654296875,0
105.76,2079.920654296875,0
105.77,2079.299560546875,0
105.78,2079.920654296875,0
105.79,2079.920654296875,0
105.8,2080.0234375,0
105.81,2080.0234375,0
105.82,2080.0234375,0
105.83,2080.0234375,0
105.84,2079.71435546875,0
105.85,2079.71435546875,0
105.86,2079.71435546875,0
105.87,2079.50830078125,0
105.88,2079.71435546875,0
105.89,2079.71435546875,0
105.9,2079.71435546875,0
105.91,2079.4052734375,0
105.92,2079.4052734375,0
105.93,2079.4052734375,0
105.94,2078.3720703125,0
105.95,2078.3720703125,0
105.96,2078.26904296875,0
105.97,2078.26904296875,0
105.98,2078.26904296875,0
105.99,2078.787109375,0
106,2078.477783203125,0
106.01,2078.477783203125,0
106.02,2078.477783203125,0
106.03,2078.477783203125,0
106.04,2078.477783203125,0
106.05,2078.477783203125,0
106.06,2078.26904296875,0
106.07,2078.26904296875,0
106.08,2078.065673828125,0
106.09,2078.065673828125,0
106.1,2077.547607421875,0
106.11,2078.065673828125,0
106.12,2078.168701171875,0
106.13,2078.065673828125,0
106.14,2078.168701171875,0
106.15,2078.168701171875,0
106.16,2077.75390625,0
106.17,2077.75390625,0
106.18,2077.75390625,0
106.19,2077.75390625,0
106.2,2077.75390625,0
106.21,2077.75390625,0
106.22,2077.9599609375,0
106.23,2077.9599609375,0
106.24,2078.887451171875,0
106.25,2078.887451171875,0
106.26,2078.887451171875,0
106.27,2078.887451171875,0
106.28,2079.60888671875,0
106.29,2079.60888671875,0
106.3,2079.8173828125,0
106.31,2079.920654296875,0
106.32,2079.8173828125,0
106.33,2079.4052734375,0
106.34,2079.4052734375,0
106.35,2079.4052734375,0
106.36,2079.4052734375,0
106.37,2079.19921875,0
106.38,2079.19921875,0
106.39,2079.19921875,0
106.4,2079.09619140625,0
106.41,2079.09619140625,0
106.42,2079.19921875,0
106.43,2079.19921875,0
106.44,2079.19921875,0
106.45,2079.4052734375,0
106.46,2079.4052734375,0
106.47,2079.4052734375,0
106.48,2079.4052734375,0
106.49,2079.4052734375,0
106.5,2079.19921875,0
106.51,2078.68115234375,0
106.52,2078.68115234375,0
106.53,2078.68115234375,0
106.54,2078.578125,0
106.55,2078.68115234375,0
106.56,2080.229736328125,0
106.57,2079.19921875,0
106.58,2080.229736328125,0
106.59,2080.744873046875,0
106.6,2080.744873046875,0
106.61,2080.229736328125,0
106.62,2079.19921875,0
106.63,2079.19921875,0
106.64,2078.168701171875,0
106.65,2078.065673828125,0
106.66,2077.547607421875,0
106.67,2076.929443359375,0
106.68,2076.72314453125,0
106.69,2076.72314453125,0
106.7,2076.31103515625,0
106.71,2075.89892578125,0
106.72,2075.89892578125,0
106.73,2075.89892578125,0
106.74,2075.89892578125,0
106.75,2076.2080078125,0
106.76,2076.31103515625,0
106.77,2076.31103515625,0
106.78,2076.929443359375,0
106.79,2077.032470703125,0
106.8,2077.238525390625,0
106.81,2077.238525390625,0
106.82,2077.238525390625,0
106.83,2077.032470703125,0
106.84,2076.929443359375,0
106.85,2076.929443359375,0
106.86,2077.238525390625,0
106.87,2075.38623046875,0
106.88,2074.765380859375,0
106.89,2074.765380859375,0
106.9,2075.38623046875,0
106.91,2076.416748046875,0
106.92,2076.416748046875,0
106.93,2076.416748046875,0
106.94,2076.416748046875,0
106.95,2076.10498046875,0
106.96,2076.10498046875,0
106.97,2076.10498046875,0
106.98,2076.001953125,0
106.99,2075.177490234375,0
107,2074.355712890625,0
107.01,2072.60400390625,0
107.02,2072.5009765625,0
107.03,2071.26416015625,0
107.04,2071.161376953125,0
107.05,2071.26416015625,0
107.06,2071.161376953125,0
107.07,2070.64599609375,0
107.08,2071.161376953125,0
107.09,2071.161376953125,0
107.1,2071.161376953125,0
107.11,2071.161376953125,0
107.12,2070.64599609375,0
107.13,2070.64599609375,0
107.14,2070.64599609375,0
107.15,2070.64599609375,0
107.16,2070.64599609375,0
107.17,2070.43994140625,0
107.18,2069.718505859375,0
107.19,2069.718505859375,0
107.2,2069.718505859375,0
107.21,2069.102783203125,0
107.22,2069.102783203125,0
107.23,2069.102783203125,0
107.24,2069.102783203125,0
107.25,2069.102783203125,0
107.26,2069.102783203125,0
107.27,2069.51513671875,0
107.28,2069.51513671875,0
107.29,2069.102783203125,0
107.3,2069.102783203125,0
107.31,2066.938720703125,0
107.32,2066.938720703125,0
107.33,2066.938720703125,0
107.34,2066.938720703125,0
107.35,2067.96923828125,0
107.36,2067.96923828125,0
107.37,2067.96923828125,0
107.38,2068.587646484375,0
107.39,2068.587646484375,0
107.4,2068.587646484375,0
107.41,2067.96923828125,0
107.42,2067.041748046875,0
107.43,2066.835693359375,0
107.44,2066.835693359375,0
107.45,2066.732666015625,0
107.46,2066.526611328125,0
107.47,2066.526611328125,0
107.48,2066.732666015625,0
107.49,2066.835693359375,0
107.5,2066.835693359375,0
107.51,2066.732666015625,0
107.52,2066.835693359375,0
107.53,2066.835693359375,0
107.54,2066.835693359375,0
107.55,2066.835693359375,0
107.56,2065.704833984375,0
107.57,2065.601806640625,0
107.58,2065.498779296875,0
107.59,2065.498779296875,0
107.6,2065.498779296875,0
107.61,2065.498779296875,0
107.62,2065.08642578125,0
107.63,2065.08642578125,0
107.64,2065.08642578125,0
107.65,2065.08642578125,0
107.66,2065.08642578125,0
107.67,2065.601806640625,0
107.68,2065.601806640625,0
107.69,2065.601806640625,0
107.7,2065.08642578125,0
107.71,2065.08642578125,0
107.72,2065.601806640625,0
107.73,2065.601806640625,0
107.74,2064.26220703125,0
107.75,2064.26220703125,0
107.76,2064.26220703125,0
107.77,2065.08642578125,0
107.78,2065.807861328125,0
107.79,2065.807861328125,0
107.8,2065.807861328125,0
107.81,2065.807861328125,0
107.82,2065.395751953125,0
107.83,2065.395751953125,0
107.84,2065.395751953125,0
107.85,2065.292724609375,0
107.86,2064.5712890625,0
107.87,2064.365234375,0
107.88,2064.365234375,0
107.89,2063.4404296875,0
107.9,2063.33740234375,0
107.91,2063.33740234375,0
107.92,2062.718994140625,0
107.93,2062.512939453125,0
107.94,2062.512939453125,0
107.95,2062.000244140625,0
107.96,2062.000244140625,0
107.97,2061.485107421875,0
107.98,2060.044921875,0
107.99,2059.8388671875,0
108,2058.911376953125,0
108.01,2058.911376953125,0
108.02,2058.911376953125,0
108.03,2058.911376953125,0
108.04,2058.911376953125,0
108.05,2059.8388671875,0
108.06,2059.8388671875,0
108.07,2059.8388671875,0
108.08,2060.148193359375,0
108.09,2060.148193359375,0
108.1,2060.148193359375,0
108.11,2060.148193359375,0
108.12,2060.763671875,0
108.13,2060.763671875,0
108.14,2060.148193359375,0
108.15,2060.148193359375,0
108.16,2060.148193359375,0
108.17,2059.73583984375,0
108.18,2058.7080078125,0
108.19,2058.501953125,0
108.2,2057.267822265625,0
108.21,2057.164794921875,0
108.22,2056.855712890625,0
108.23,2056.443603515625,0
108.24,2056.237548828125,0
108.25,2056.237548828125,0
108.26,2056.237548828125,0
108.27,2056.237548828125,0
108.28,2056.237548828125,0
108.29,2055.5185546875,0
108.3,2055.415771484375,0
108.31,2055.5185546875,0
108.32,2055.00341796875,0
108.33,2055.00341796875,0
108.34,2055.00341796875,0
108.35,2055.00341796875,0
108.36,2054.28466796875,0
108.37,2054.28466796875,0
108.38,2054.181640625,0
108.39,2054.07861328125,0
108.4,2053.56591796875,0
108.41,2054.07861328125,0
108.42,2054.07861328125,0
108.43,2054.07861328125,0
108.44,2053.56591796875,0
108.45,2053.56591796875,0
108.46,2053.35986328125,0
108.47,2053.35986328125,0
108.48,2051.7138671875,0
108.49,2053.35986328125,0
108.5,2053.35986328125,0
108.51,2053.56591796875,0
108.52,2053.56591796875,0
108.53,2053.35986328125,0
108.54,2053.05078125,0
108.55,2053.05078125,0
108.56,2053.05078125,0
108.57,2053.2568359375,0
108.58,2053.05078125,0
108.59,2052.1259765625,0
108.6,2052.1259765625,0
108.61,2052.741455078125,0
108.62,2052.741455078125,0
108.63,2052.1259765625,0
108.64,2051.7138671875,0
108.65,2051.61328125,0
108.66,2051.61328125,0
108.67,2052.1259765625,0
108.68,2052.741455078125,0
108.69,2052.741455078125,0
108.7,2051.51025390625,0
108.71,2051.51025390625,0
108.72,2051.51025390625,0
108.73,2051.51025390625,0
108.74,2051.09814453125,0
108.75,2048.4267578125,0
108.76,2048.4267578125,0
108.77,2047.7081298828125,0
108.78,2047.5020751953125,0
108.79,2046.6802978515625,0
108.8,2046.4742431640625,0
108.81,2046.0618896484375,0
108.82,2045.4464111328125,0
108.83,2045.4464111328125,0
108.84,2045.4464111328125,0
108.85,2045.6524658203125,0
108.86,2045.4464111328125,0
108.87,2045.4464111328125,0
108.88,2045.4464111328125,0
108.89,2043.8028564453125,0
108.9,2045.6524658203125,0
108.91,2045.6524658203125,0
108.92,2043.8028564453125,0
108.93,2043.1871337890625,0
108.94,2043.1871337890625,0
108.95,2043.1871337890625,0
108.96,2043.5968017578125,0
108.97,2043.1871337890625,0
108.98,2043.5968017578125,0
108.99,2043.5968017578125,0
109,2044.3179931640625,0
109.01,2044.4183349609375,0
109.02,2045.1397705078125,0
109.03,2045.9615478515625,0
109.04,2045.9615478515625,0
109.05,2045.9615478515625,0
109.06,2045.9615478515625,0
109.07,2045.9615478515625,0
109.08,2046.7833251953125,0
109.09,2047.6051025390625,0
109.1,2047.6051025390625,0
109.11,2047.6051025390625,0
109.12,2047.6051025390625,0
109.13,2045.9615478515625,0
109.14,2046.5772705078125,0
109.15,2046.8836669921875,0
109.16,2046.8836669921875,0
109.17,2046.5772705078125,0
109.18,2046.5772705078125,0
109.19,2046.8836669921875,0
109.2,2046.8836669921875,0
109.21,2046.5772705078125,0
109.22,2046.5772705078125,0
109.23,2045.7554931640625,0
109.24,2044.9337158203125,0
109.25,2044.9337158203125,0
109.26,2043.4937744140625,0
109.27,2043.1871337890625,0
109.28,2043.1871337890625,0
109.29,2043.4937744140625,0
109.3,2043.4937744140625,0
109.31,2043.4937744140625,0
109.32,2043.8028564453125,0
109.33,2043.8028564453125,0
109.34,2043.8028564453125,0
109.35,2043.9058837890625,0
109.36,2043.9058837890625,0
109.37,2044.6246337890625,0
109.38,2043.9058837890625,0
109.39,2043.9058837890625,0
109.4,2043.9058837890625,0
109.41,2043.9058837890625,0
109.42,2043.6995849609375,0
109.43,2043.6995849609375,0
109.44,2041.5435791015625,0
109.45,2041.5435791015625,0
109.46,2040.2093505859375,0
109.47,2040.2093505859375,0
109.48,2043.3931884765625,0
109.49,2042.9810791015625,0
109.5,2041.7496337890625,0
109.51,2041.7496337890625,0
109.52,2041.7496337890625,0
109.53,2041.7496337890625,0
109.54,2041.7496337890625,0
109.55,2041.9556884765625,0
109.56,2041.9556884765625,0
109.57,2041.7496337890625,0
109.58,2041.3375244140625,0
109.59,2041.3375244140625,0
109.6,2041.3375244140625,0
109.61,2041.3375244140625,0
109.62,2041.3375244140625,0
109.63,2039.7996826171875,0
109.64,2039.3875732421875,0
109.65,2039.3875732421875,0
109.66,2039.7996826171875,0
109.67,2039.3875732421875,0
109.68,2038.6685791015625,0
109.69,2038.6685791015625,0
109.7,2038.3621826171875,0
109.71,2038.3621826171875,0
109.72,2039.1812744140625,0
109.73,2039.1812744140625,0
109.74,2038.8748779296875,0
109.75,2038.8748779296875,0
109.76,2038.8748779296875,0
109.77,2038.8748779296875,0
109.78,2038.8748779296875,0
109.79,2038.8748779296875,0
109.8,2038.7718505859375,0
109.81,2038.1561279296875,0
109.82,2038.1561279296875,0
109.83,2038.1561279296875,0
109.84,2038.1561279296875,0
109.85,2037.8470458984375,0
109.86,2037.8470458984375,0
109.87,2038.1561279296875,0
109.88,2037.7464599609375,0
109.89,2037.6434326171875,0
109.9,2037.6434326171875,0
109.91,2037.6434326171875,0
109.92,2037.6434326171875,0
109.93,2037.5404052734375,0
109.94,2037.6434326171875,0
109.95,2037.5404052734375,0
109.96,2037.0279541015625,0
109.97,2037.5404052734375,0
109.98,2037.5404052734375,0
109.99,2038.5657958984375,0
110,2036.8218994140625,0
110.01,2035.6934814453125,0
110.02,2035.6934814453125,0
110.03,2034.2559814453125,0
110.04,2035.5904541015625,0
110.05,2035.5904541015625,0
110.06,2035.5904541015625,0
110.07,2035.2811279296875,0
110.08,2034.9747314453125,0
110.09,2034.9747314453125,0
110.1,2035.2811279296875,0
110.11,2035.5904541015625,0
110.12,2036.0001220703125,0
110.13,2036.0001220703125,0
110.14,2036.0001220703125,0
110.15,2036.0001220703125,0
110.16,2036.0001220703125,0
110.17,2036.0001220703125,0
110.18,2034.2559814453125,0
110.19,2033.3338623046875,0
110.2,2032.6151123046875,0
110.21,2032.4090576171875,0
110.22,2032.1026611328125,0
110.23,2032.1026611328125,0
110.24,2031.7933349609375,0
110.25,2031.7933349609375,0
110.26,2031.7933349609375,0
110.27,2032.1026611328125,0
110.28,2032.1026611328125,0
110.29,2031.7933349609375,0
110.3,2031.7933349609375,0
110.31,2031.6903076171875,0
110.32,2030.6651611328125,0
110.33,2030.1524658203125,0
110.34,2030.1524658203125,0
110.35,2029.7430419921875,0
110.36,2029.7430419921875,0
110.37,2029.0242919921875,0
110.38,2028.8182373046875,0
110.39,2029.0242919921875,0
110.4,2029.0242919921875,0
110.41,2030.1524658203125,0
110.42,2030.1524658203125,0
110.43,2030.1524658203125,0
110.44,2030.6651611328125,0
110.45,2030.6651611328125,0
110.46,2030.6651611328125,0
110.47,2030.6651611328125,0
110.48,2030.6651611328125,0
110.49,2030.1524658203125,0
110.5,2028.8182373046875,0
110.51,2029.8433837890625,0
110.52,2029.8433837890625,0
110.53,2029.8433837890625,0
110.54,2029.4339599609375,0
110.55,2029.4339599609375,0
110.56,2029.8433837890625,0
110.57,2029.8433837890625,0
110.58,2029.4339599609375,0
110.59,2029.6397705078125,0
110.6,2029.4339599609375,0
110.61,2027.9991455078125,0
110.62,2027.7930908203125,0
110.63,2027.2803955078125,0
110.64,2027.2803955078125,0
110.65,2026.0516357421875,0
110.66,2026.0516357421875,0
110.67,2025.6395263671875,0
110.68,2025.5391845703125,0
110.69,2025.5391845703125,0
110.7,2025.6395263671875,0
110.71,2024.5137939453125,0
110.72,2023.2825927734375,0
110.73,2022.0538330078125,0
110.74,2022.0538330078125,0
110.75,2021.9508056640625,0
110.76,2021.9508056640625,0
110.77,2022.0538330078125,0
110.78,2022.3604736328125,0
110.79,2022.3604736328125,0
110.8,2022.8729248046875,0
110.81,2023.0789794921875,0
110.82,2023.0789794921875,0
110.83,2024.4107666015625,0
110.84,2024.9234619140625,0
110.85,2024.9234619140625,0
110.86,2025.6395263671875,0
110.87,2024.9234619140625,0
110.88,2025.6395263671875,0
110.89,2025.6395263671875,0
110.9,2024.5137939453125,0
110.91,2024.7174072265625,0
110.92,2024.7174072265625,0
110.93,2024.7174072265625,0
110.94,2024.7174072265625,0
110.95,2024.5137939453125,0
110.96,2024.7174072265625,0
110.97,2023.8980712890625,0
110.98,2023.1795654296875,0
110.99,2023.1795654296875,0
111,2021.5413818359375,0
111.01,2023.0789794921875,0
111.02,2021.5413818359375,0
111.03,2021.5413818359375,0
111.04,2020.3099365234375,0
111.05,2020.3099365234375,0
111.06,2020.3099365234375,0
111.07,2020.3099365234375,0
111.08,2020.7220458984375,0
111.09,2020.6190185546875,0
111.1,2020.6190185546875,0
111.11,2020.7220458984375,0
111.12,2020.7220458984375,0
111.13,2020.7220458984375,0
111.14,2020.6190185546875,0
111.15,2020.1065673828125,0
111.16,2020.1065673828125,0
111.17,2018.2620849609375,0
111.18,2017.7493896484375,0
111.19,2016.3148193359375,0
111.2,2016.3148193359375,0
111.21,2016.3148193359375,0
111.22,2016.6239013671875,0
111.23,2015.9051513671875,0
111.24,2015.4954833984375,0
111.25,2015.9051513671875,0
111.26,2016.1112060546875,0
111.27,2016.2142333984375,0
111.28,2016.2142333984375,0
111.29,2016.2142333984375,0
111.3,2016.1112060546875,0
111.31,2016.1112060546875,0
111.32,2016.1112060546875,0
111.33,2016.1112060546875,0
111.34,2015.4954833984375,0
111.35,2015.3924560546875,0
111.36,2014.9854736328125,0
111.37,2014.7796630859375,0
111.38,2014.4730224609375,0
111.39,2014.1639404296875,0
111.4,2014.1639404296875,0
111.41,2013.4478759765625,0
111.42,2013.4478759765625,0
111.43,2014.1639404296875,0
111.44,2014.4730224609375,0
111.45,2014.1639404296875,0
111.46,2013.4478759765625,0
111.47,2015.1890869140625,0
111.48,2015.1890869140625,0
111.49,2015.2921142578125,0
111.5,2015.2921142578125,0
111.51,2013.7542724609375,0
111.52,2012.8348388671875,0
111.53,2012.8348388671875,0
111.54,2013.4478759765625,0
111.55,2013.4478759765625,0
111.56,2012.8348388671875,0
111.57,2013.4478759765625,0
111.58,2013.4478759765625,0
111.59,2013.4478759765625,0
111.6,2013.4478759765625,0
111.61,2014.0633544921875,0
111.62,2014.0633544921875,0
111.63,2014.0633544921875,0
111.64,2014.1639404296875,0
111.65,2014.1639404296875,0
111.66,2014.1639404296875,0
111.67,2014.1639404296875,0
111.68,2014.1639404296875,0
111.69,2013.9603271484375,0
111.7,2012.9351806640625,0
111.71,2012.8348388671875,0
111.72,2011.7066650390625,0
111.73,2010.5809326171875,0
111.74,2010.5809326171875,0
111.75,2010.5809326171875,0
111.76,2010.2745361328125,0
111.77,2010.2745361328125,0
111.78,2010.2745361328125,0
111.79,2009.9678955078125,0
111.8,2009.9678955078125,0
111.81,2009.9678955078125,0
111.82,2009.3521728515625,0
111.83,2009.3521728515625,0
111.84,2009.3521728515625,0
111.85,2009.3521728515625,0
111.86,2008.5357666015625,0
111.87,2008.3297119140625,0
111.88,2007.9200439453125,0
111.89,2007.2039794921875,0
111.9,2007.2039794921875,0
111.91,2007.2039794921875,0
111.92,2007.2039794921875,0
111.93,2006.1815185546875,0
111.94,2006.1815185546875,0
111.95,2006.1815185546875,0
111.96,2005.6688232421875,0
111.97,2004.6463623046875,0
111.98,2004.6463623046875,0
111.99,2004.6463623046875,0
112,2004.6463623046875,0
112.01,2004.1336669921875,0
112.02,2003.2142333984375,0
112.03,2003.2142333984375,0
112.04,2002.8045654296875,0
112.05,2002.8045654296875,0
112.06,2002.7015380859375,0
112.07,2002.4979248046875,0
112.08,2002.1915283203125,0
112.09,2000.2493896484375,0
112.1,1999.5333251953125,0
112.11,2000.2493896484375,0
112.12,1999.5333251953125,0
112.13,1999.5333251953125,0
112.14,1999.0208740234375,0
112.15,1999.0208740234375,0
112.16,1998.8172607421875,0
112.17,1999.5333251953125,0
112.18,1998.8172607421875,0
112.19,1998.6112060546875,0
112.2,1997.9981689453125,0
112.21,1996.2593994140625,0
112.22,1996.2593994140625,0
112.23,1996.2593994140625,0
112.24,1996.2593994140625,0
112.25,1996.0560302734375,0
112.26,1996.0560302734375,0
112.27,1997.0787353515625,0
112.28,1997.6915283203125,0
112.29,1997.6915283203125,0
112.3,1998.3045654296875,0
112.31,1997.6915283203125,0
112.32,1997.6915283203125,0
112.33,1998.8172607421875,0
112.34,1998.8172607421875,0
112.35,1998.1011962890625,0
112.36,1998.1011962890625,0
112.37,1998.1011962890625,0
112.38,1998.9176025390625,0
112.39,1998.9176025390625,0
112.4,1998.9176025390625,0
112.41,1999.1236572265625,0
112.42,1999.2269287109375,0
112.43,1999.6336669921875,0
112.44,2000.0433349609375,0
112.45,2000.3499755859375,0
112.46,2000.8624267578125,0
112.47,2001.0657958984375,0
112.48,2001.0657958984375,0
112.49,2001.0657958984375,0
112.5,2001.3724365234375,0
112.51,2002.1915283203125,0
112.52,2002.1915283203125,0
112.53,2002.1915283203125,0
112.54,2002.4979248046875,0
112.55,2003.3172607421875,0
112.56,2003.4176025390625,0
112.57,2003.5206298828125,0
112.58,2005.0557861328125,0
112.59,2005.8748779296875,0
112.6,2005.8748779296875,0
112.61,2005.8748779296875,0
112.62,2005.8748779296875,0
112.63,2005.8748779296875,0
112.64,2005.8748779296875,0
112.65,2005.8748779296875,0
112.66,2004.7493896484375,0
112.67,2004.3397216796875,0
112.68,2003.1109619140625,0
112.69,2004.3397216796875,0
112.7,2003.1109619140625,0
112.71,2003.0079345703125,0
112.72,2002.9075927734375,0
112.73,2002.9075927734375,0
112.74,2002.8045654296875,0
112.75,2002.8045654296875,0
112.76,2000.2493896484375,0
112.77,1999.3272705078125,0
112.78,1999.1236572265625,0
112.79,1999.1236572265625,0
112.8,1999.0208740234375,0
112.81,1995.8526611328125,0
112.82,1995.3399658203125,0
112.83,1995.3399658203125,0
112.84,1994.7269287109375,0
112.85,1995.3399658203125,0
112.86,1994.7269287109375,0
112.87,1994.7269287109375,0
112.88,1993.2974853515625,0
112.89,1992.3778076171875,0
112.9,1992.1719970703125,0
112.91,1992.1719970703125,0
112.92,1991.2550048828125,0
112.93,1992.1719970703125,0
112.94,1992.1719970703125,0
112.95,1992.4783935546875,0
112.96,1992.4783935546875,0
112.97,1992.4783935546875,0
112.98,1993.9105224609375,0
112.99,1993.9105224609375,0
113,1993.6041259765625,0
113.01,1993.6041259765625,0
113.02,1992.4783935546875,0
113.03,1993.6041259765625,0
113.04,1991.5614013671875,0
113.05,1990.5389404296875,0
113.06,1990.5389404296875,0
113.07,1990.5389404296875,0
113.08,1990.4359130859375,0
113.09,1990.4359130859375,0
113.1,1990.4359130859375,0
113.11,1990.4359130859375,0
113.12,1990.1292724609375,0
113.13,1990.4359130859375,0
113.14,1990.4359130859375,0
113.15,1989.9259033203125,0
113.16,1989.5162353515625,0
113.17,1989.9259033203125,0
113.18,1989.5162353515625,0
113.19,1989.5162353515625,0
113.2,1989.5162353515625,0
113.21,1989.9259033203125,0
113.22,1989.8228759765625,0
113.23,1989.8228759765625,0
113.24,1989.8228759765625,0
113.25,1990.5389404296875,0
113.26,1990.5389404296875,0
113.27,1991.0489501953125,0
113.28,1991.0489501953125,0
113.29,1990.9483642578125,0
113.3,1990.5389404296875,0
113.31,1990.5389404296875,0
113.32,1990.9483642578125,0
113.33,1990.5389404296875,0
113.34,1990.3353271484375,0
113.35,1990.1292724609375,0
113.36,1989.6192626953125,0
113.37,1988.8028564453125,0
113.38,1988.6998291015625,0
113.39,1988.2904052734375,0
113.4,1987.1673583984375,0
113.41,1986.1473388671875,0
113.42,1985.7379150390625,0
113.43,1985.7379150390625,0
113.44,1985.7379150390625,0
113.45,1985.7379150390625,0
113.46,1986.1473388671875,0
113.47,1986.1473388671875,0
113.48,1986.3509521484375,0
113.49,1986.1473388671875,0
113.5,1986.3509521484375,0
113.51,1986.3509521484375,0
113.52,1984.5142822265625,0
113.53,1984.4112548828125,0
113.54,1983.7984619140625,0
113.55,1983.7984619140625,0
113.56,1983.7984619140625,0
113.57,1983.1854248046875,0
113.58,1983.0848388671875,0
113.59,1983.0848388671875,0
113.6,1983.0848388671875,0
113.61,1983.0848388671875,0
113.62,1983.0848388671875,0
113.63,1983.0848388671875,0
113.64,1982.9818115234375,0
113.65,1983.0848388671875,0
113.66,1982.9818115234375,0
113.67,1983.3914794921875,0
113.68,1981.8590087890625,0
113.69,1981.8590087890625,0
113.7,1981.8590087890625,0
113.71,1983.3914794921875,0
113.72,1983.3914794921875,0
113.73,1983.3914794921875,0
113.74,1982.5721435546875,0
113.75,1983.2884521484375,0
113.76,1982.5721435546875,0
113.77,1982.5721435546875,0
113.78,1981.7559814453125,0
113.79,1981.4517822265625,0
113.8,1981.0423583984375,0
113.81,1980.9393310546875,0
113.82,1981.0423583984375,0
113.83,1981.0423583984375,0
113.84,1981.0423583984375,0
113.85,1980.9393310546875,0
113.86,1980.9393310546875,0
113.87,1980.9393310546875,0
113.88,1980.9393310546875,0
113.89,1981.0423583984375,0
113.9,1981.0423583984375,0
113.91,1980.3289794921875,0
113.92,1980.3289794921875,0
113.93,1980.3289794921875,0
113.94,1980.3289794921875,0
113.95,1980.0223388671875,0
113.96,1979.9193115234375,0
113.97,1979.3065185546875,0
113.98,1979.3065185546875,0
113.99,1978.8995361328125,0
114,1978.7965087890625,0
114.01,1978.5928955078125,0
114.02,1978.5928955078125,0
114.03,1978.0831298828125,0
114.04,1977.8795166015625,0
114.05,1977.7764892578125,0
114.06,1977.7764892578125,0
114.07,1976.6561279296875,0
114.08,1976.6561279296875,0
114.09,1977.7764892578125,0
114.1,1977.0631103515625,0
114.11,1976.6561279296875,0
114.12,1976.6561279296875,0
114.13,1976.6561279296875,0
114.14,1977.0631103515625,0
114.15,1977.0631103515625,0
114.16,1977.3695068359375,0
114.17,1977.3695068359375,0
114.18,1977.0631103515625,0
114.19,1977.0631103515625,0
114.2,1977.0631103515625,0
114.21,1977.0631103515625,0
114.22,1976.3494873046875,0
114.23,1976.3494873046875,0
114.24,1975.9400634765625,0
114.25,1975.5330810546875,0
114.26,1975.5330810546875,0
114.27,1975.4300537109375,0
114.28,1975.4300537109375,0
114.29,1975.4300537109375,0
114.3,1975.9400634765625,0
114.31,1975.9400634765625,0
114.32,1975.9400634765625,0
114.33,1975.9400634765625,0
114.34,1975.9400634765625,0
114.35,1975.0233154296875,0
114.36,1975.9400634765625,0
114.37,1975.1236572265625,0
114.38,1975.1236572265625,0
114.39,1974.4100341796875,0
114.4,1975.1236572265625,0
114.41,1974.6136474609375,0
114.42,1975.1236572265625,0
114.43,1975.5330810546875,0
114.44,1975.5330810546875,0
114.45,1975.5330810546875,0
114.46,1975.5330810546875,0
114.47,1975.2266845703125,0
114.48,1975.2266845703125,0
114.49,1974.6136474609375,0
114.5,1972.9832763671875,0
114.51,1972.5738525390625,0
114.52,1972.4735107421875,0
114.53,1972.4735107421875,0
114.54,1972.4735107421875,0
114.55,1972.0638427734375,0
114.56,1972.0638427734375,0
114.57,1972.0638427734375,0
114.58,1970.3304443359375,0
114.59,1972.0638427734375,0
114.6,1972.5738525390625,0
114.61,1973.4932861328125,0
114.62,1972.5738525390625,0
114.63,1970.9434814453125,0
114.64,1972.5738525390625,0
114.65,1972.9832763671875,0
114.66,1972.9832763671875,0
114.67,1973.4932861328125,0
114.68,1972.9832763671875,0
114.69,1971.9635009765625,0
114.7,1971.9635009765625,0
114.71,1972.9832763671875,0
114.72,1972.9832763671875,0
114.73,1971.9635009765625,0
114.74,1971.9635009765625,0
114.75,1971.9635009765625,0
114.76,1971.9635009765625,0
114.77,1971.8602294921875,0
114.78,1972.4735107421875,0
114.79,1971.6568603515625,0
114.8,1971.6568603515625,0
114.81,1971.6568603515625,0
114.82,1971.6568603515625,0
114.83,1971.5565185546875,0
114.84,1971.5565185546875,0
114.85,1971.5565185546875,0
114.86,1971.1468505859375,0
114.87,1970.4334716796875,0
114.88,1970.4334716796875,0
114.89,1970.4334716796875,0
114.9,1970.5364990234375,0
114.91,1970.5364990234375,0
114.92,1970.5364990234375,0
114.93,1971.9635009765625,0
114.94,1970.5364990234375,0
114.95,1970.5364990234375,0
114.96,1972.0638427734375,0
114.97,1971.3504638671875,0
114.98,1971.3504638671875,0
114.99,1971.3504638671875,0
115,1971.3504638671875,0
115.01,1971.3504638671875,0
115.02,1971.3504638671875,0
115.03,1971.3504638671875,0
115.04,1971.3504638671875,0
115.05,1969.8231201171875,0
115.06,1969.8231201171875,0
115.07,1969.8231201171875,0
115.08,1969.8231201171875,0
115.09,1969.8231201171875,0
115.1,1969.1097412109375,0
115.11,1968.9036865234375,0
115.12,1968.1900634765625,0
115.13,1968.1900634765625,0
115.14,1968.1900634765625,0
115.15,1968.5997314453125,0
115.16,1968.1900634765625,0
115.17,1968.1900634765625,0
115.18,1968.1900634765625,0
115.19,1968.1900634765625,0
115.2,1968.1900634765625,0
115.21,1968.1900634765625,0
115.22,1967.3763427734375,0
115.23,1968.1900634765625,0
115.24,1968.1900634765625,0
115.25,1968.1900634765625,0
115.26,1968.1900634765625,0
115.27,1967.3763427734375,0
115.28,1967.3763427734375,0
115.29,1968.1900634765625,0
115.3,1968.1900634765625,0
115.31,1968.1900634765625,0
115.32,1967.2733154296875,0
115.33,1966.7633056640625,0
115.34,1966.2532958984375,0
115.35,1965.6429443359375,0
115.36,1965.4395751953125,0
115.37,1965.4395751953125,0
115.38,1964.4195556640625,0
115.39,1963.4022216796875,0
115.4,1963.2991943359375,0
115.41,1963.2991943359375,0
115.42,1962.5858154296875,0
115.43,1962.4854736328125,0
115.44,1962.1788330078125,0
115.45,1962.1788330078125,0
115.46,1962.1788330078125,0
115.47,1961.364990234375,0
115.48,1961.261962890625,0
115.49,1961.1614990234375,0
115.5,1960.651611328125,0
115.51,1960.4481201171875,0
115.52,1960.1417236328125,0
115.53,1960.03857421875,0
115.54,1959.8377685546875,0
115.55,1958.7174072265625,0
115.56,1956.7806396484375,0
115.57,1956.7806396484375,0
115.58,1956.7806396484375,0
115.59,1956.3736572265625,0
115.6,1955.966796875,0
115.61,1955.866455078125,0
115.62,1955.0499267578125,0
115.63,1955.0499267578125,0
115.64,1953.9322509765625,0
115.65,1953.5252685546875,0
115.66,1953.21875,0
115.67,1953.118408203125,0
115.68,1952.4049072265625,0
115.69,1952.4049072265625,0
115.7,1951.998046875,0
115.71,1951.3876953125,0
115.72,1951.998046875,0
115.73,1951.998046875,0
115.74,1951.488037109375,0
115.75,1951.1842041015625,0
115.76,1951.1842041015625,0
115.77,1951.1842041015625,0
115.78,1950.0638427734375,0
115.79,1950.0638427734375,0
115.8,1950.267333984375,0
115.81,1949.9635009765625,0
115.82,1949.9635009765625,0
115.83,1949.9635009765625,0
115.84,1949.760009765625,0
115.85,1950.267333984375,0
115.86,1949.760009765625,0
115.87,1950.267333984375,0
115.88,1950.267333984375,0
115.89,1950.267333984375,0
115.9,1950.267333984375,0
115.91,1949.760009765625,0
115.92,1949.760009765625,0
115.93,1949.8603515625,0
115.94,1949.760009765625,0
115.95,1949.8603515625,0
115.96,1949.760009765625,0
115.97,1949.760009765625,0
115.98,1949.760009765625,0
115.99,1949.760009765625,0
116,1949.760009765625,0
116.01,1949.760009765625,0
116.02,1949.760009765625,0
116.03,1950.77734375,0
116.04,1950.77734375,0
116.05,1951.0811767578125,0
116.06,1951.0811767578125,0
116.07,1951.488037109375,0
116.08,1951.89501953125,0
116.09,1951.89501953125,0
116.1,1951.488037109375,0
116.11,1951.488037109375,0
116.12,1951.488037109375,0
116.13,1951.2845458984375,0
116.14,1951.2845458984375,0
116.15,1951.5911865234375,0
116.16,1951.2845458984375,0
116.17,1951.2845458984375,0
116.18,1951.2845458984375,0
116.19,1951.5911865234375,0
116.2,1951.998046875,0
116.21,1951.998046875,0
116.22,1951.998046875,0
116.23,1951.998046875,0
116.24,1950.980712890625,0
116.25,1950.980712890625,0
116.26,1950.267333984375,0
116.27,1950.267333984375,0
116.28,1949.4534912109375,0
116.29,1948.2327880859375,0
116.3,1948.2327880859375,0
116.31,1948.029296875,0
116.32,1948.029296875,0
116.33,1947.52197265625,0
116.34,1947.52197265625,0
116.35,1947.52197265625,0
116.36,1948.029296875,0
116.37,1947.52197265625,0
116.38,1947.52197265625,0
116.39,1947.011962890625,0
116.4,1946.6051025390625,0
116.41,1946.5045166015625,0
116.42,1946.5045166015625,0
116.43,1946.30126953125,0
116.44,1945.9947509765625,0
116.45,1945.9947509765625,0
116.46,1945.180908203125,0
116.47,1945.180908203125,0
116.48,1945.180908203125,0
116.49,1945.180908203125,0
116.5,1944.6734619140625,0
116.51,1943.4527587890625,0
116.52,1943.4527587890625,0
116.53,1943.4527587890625,0
116.54,1942.741943359375,0
116.55,1942.741943359375,0
116.56,1943.4527587890625,0
116.57,1942.5384521484375,0
116.58,1942.5384521484375,0
116.59,1943.5557861328125,0
116.6,1943.5557861328125,0
116.61,1943.5557861328125,0
116.62,1942.5384521484375,0
116.63,1942.5384521484375,0
116.64,1942.5384521484375,0
116.65,1942.131591796875,0
116.66,1942.028564453125,0
116.67,1942.028564453125,0
116.68,1942.028564453125,0
116.69,1942.028564453125,0
116.7,1942.028564453125,0
116.71,1942.028564453125,0
116.72,1942.028564453125,0
116.73,1942.028564453125,0
116.74,1942.028564453125,0
116.75,1942.028564453125,0
116.76,1938.8787841796875,0
116.77,1938.8787841796875,0
116.78,1938.065185546875,0
116.79,1938.065185546875,0
116.8,1938.065185546875,0
116.81,1938.065185546875,0
116.82,1938.065185546875,0
116.83,1938.065185546875,0
116.84,1938.37158203125,0
116.85,1938.37158203125,0
116.86,1938.37158203125,0
116.87,1938.37158203125,0
116.88,1937.6580810546875,0
116.89,1937.1507568359375,0
116.9,1937.6580810546875,0
116.91,1937.1507568359375,0
116.92,1937.6580810546875,0
116.93,1937.5577392578125,0
116.94,1937.5577392578125,0
116.95,1937.1507568359375,0
116.96,1937.1507568359375,0
116.97,1937.1507568359375,0
116.98,1936.743896484375,0
116.99,1936.743896484375,0
117,1936.743896484375,0
117.01,1936.5430908203125,0
117.02,1936.5430908203125,0
117.03,1936.4400634765625,0
117.04,1936.5430908203125,0
117.05,1936.4400634765625,0
117.06,1936.5430908203125,0
117.07,1937.457275390625,0
117.08,1936.6434326171875,0
117.09,1936.6434326171875,0
117.1,1936.6434326171875,0
117.11,1936.6434326171875,0
117.12,1936.6434326171875,0
117.13,1936.339599609375,0
117.14,1936.339599609375,0
117.15,1936.339599609375,0
117.16,1936.13623046875,0
117.17,1935.729248046875,0
117.18,1936.13623046875,0
117.19,1935.626220703125,0
117.2,1935.626220703125,0
117.21,1935.626220703125,0
117.22,1935.626220703125,0
117.23,1935.626220703125,0
117.24,1935.626220703125,0
117.25,1935.626220703125,0
117.26,1935.52587890625,0
117.27,1934.8150634765625,0
117.28,1934.8150634765625,0
117.29,1934.001220703125,0
117.3,1934.001220703125,0
117.31,1934.8150634765625,0
117.32,1934.8150634765625,0
117.33,1933.9007568359375,0
117.34,1933.9007568359375,0
117.35,1934.408203125,0
117.36,1934.001220703125,0
117.37,1934.001220703125,0
117.38,1934.001220703125,0
117.39,1934.001220703125,0
117.4,1933.9007568359375,0
117.41,1933.9007568359375,0
117.42,1932.479248046875,0
117.43,1932.479248046875,0
117.44,1932.479248046875,0
117.45,1932.2757568359375,0
117.46,1932.2757568359375,0
117.47,1932.986572265625,0
117.48,1932.2757568359375,0
117.49,1932.1727294921875,0
117.5,1931.971923828125,0
117.51,1931.971923828125,0
117.52,1930.8541259765625,0
117.53,1930.55029296875,0
117.54,1930.3468017578125,0
117.55,1930.2437744140625,0
117.56,1930.040283203125,0
117.57,1930.040283203125,0
117.58,1930.040283203125,0
117.59,1930.040283203125,0
117.6,1930.040283203125,0
117.61,1930.143310546875,0
117.62,1930.143310546875,0
117.63,1930.040283203125,0
117.64,1930.143310546875,0
117.65,1931.2584228515625,0
117.66,1931.2584228515625,0
117.67,1931.2584228515625,0
117.68,1930.040283203125,0
117.69,1930.040283203125,0
117.7,1930.040283203125,0
117.71,1930.040283203125,0
117.72,1930.040283203125,0
117.73,1930.040283203125,0
117.74,1929.6361083984375,0
117.75,1930.040283203125,0
117.76,1930.751220703125,0
117.77,1930.751220703125,0
117.78,1930.751220703125,0
117.79,1931.7684326171875,0
117.8,1931.868896484375,0
117.81,1931.971923828125,0
117.82,1931.971923828125,0
117.83,1932.8834228515625,0
117.84,1933.5943603515625,0
117.85,1934.1041259765625,0
117.86,1934.1041259765625,0
117.87,1934.1041259765625,0
117.88,1934.1041259765625,0
117.89,1933.697265625,0
117.9,1934.1041259765625,0
117.91,1935.0185546875,0
117.92,1935.0185546875,0
117.93,1934.1041259765625,0
117.94,1933.697265625,0
117.95,1933.697265625,0
117.96,1934.1041259765625,0
117.97,1934.3076171875,0
117.98,1934.3076171875,0
117.99,1934.1041259765625,0
118,1933.5943603515625,0
118.01,1933.2904052734375,0
118.02,1933.2904052734375,0
118.03,1933.2904052734375,0
118.04,1931.868896484375,0
118.05,1930.751220703125,0
118.06,1929.6361083984375,0
118.07,1929.4326171875,0
118.08,1929.4326171875,0
118.09,1929.4326171875,0
118.1,1929.4326171875,0
118.11,1929.4326171875,0
118.12,1929.4326171875,0
118.13,1929.4326171875,0
118.14,1929.4326171875,0
118.15,1928.92529296875,0
118.16,1928.92529296875,0
118.17,1928.92529296875,0
118.18,1928.5184326171875,0
118.19,1928.5184326171875,0
118.2,1927.8076171875,0
118.21,1926.79296875,0
118.22,1926.0821533203125,0
118.23,1926.0821533203125,0
118.24,1926.0821533203125,0
118.25,1926.79296875,0
118.26,1926.79296875,0
118.27,1926.79296875,0
118.28,1929.2291259765625,0
118.29,1929.532958984375,0
118.3,1929.532958984375,0
118.31,1929.8367919921875,0
118.32,1929.532958984375,0
118.33,1929.2291259765625,0
118.34,1929.2291259765625,0
118.35,1929.2291259765625,0
118.36,1929.2291259765625,0
118.37,1929.2291259765625,0
118.38,1929.2291259765625,0
118.39,1929.2291259765625,0
118.4,1929.1260986328125,0
118.41,1929.1260986328125,0
118.42,1929.1260986328125,0
118.43,1928.92529296875,0
118.44,1927.9080810546875,0
118.45,1926.79296875,0
118.46,1926.5894775390625,0
118.47,1924.25634765625,0
118.48,1923.94970703125,0
118.49,1923.5455322265625,0
118.5,1922.2269287109375,0
118.51,1921.0089111328125,0
118.52,1920.705078125,0
118.53,1920.60205078125,0
118.54,1919.6903076171875,0
118.55,1918.268798828125,0
118.56,1917.9649658203125,0
118.57,1917.5606689453125,0
118.58,1917.45751953125,0
118.59,1917.0533447265625,0
118.6,1915.938232421875,0
118.61,1915.837890625,0
118.62,1915.837890625,0
118.63,1915.7347412109375,0
118.64,1915.837890625,0
118.65,1915.7347412109375,0
118.66,1915.837890625,0
118.67,1915.837890625,0
118.68,1915.837890625,0
118.69,1915.33056640625,0
118.7,1915.2275390625,0
118.71,1915.0240478515625,0
118.72,1915.2275390625,0
118.73,1915.2275390625,0
118.74,1915.33056640625,0
118.75,1915.33056640625,0
118.76,1916.5460205078125,0
118.77,1916.5460205078125,0
118.78,1916.849853515625,0
118.79,1916.849853515625,0
118.8,1916.9503173828125,0
118.81,1916.9503173828125,0
118.82,1917.1536865234375,0
118.83,1918.16845703125,0
118.84,1918.67578125,0
118.85,1918.67578125,0
118.86,1918.776123046875,0
118.87,1918.776123046875,0
118.88,1918.9796142578125,0
118.89,1918.9796142578125,0
118.9,1919.283447265625,0
118.91,1919.790771484375,0
118.92,1919.893798828125,0
118.93,1920.705078125,0
118.94,1921.21240234375,0
118.95,1921.312744140625,0
118.96,1921.312744140625,0
118.97,1921.312744140625,0
118.98,1921.21240234375,0
118.99,1920.705078125,0
119,1920.1976318359375,0
119.01,1919.994140625,0
119.02,1919.5872802734375,0
119.03,1918.3719482421875,0
119.04,1918.16845703125,0
119.05,1918.16845703125,0
119.06,1918.16845703125,0
119.07,1918.16845703125,0
119.08,1918.16845703125,0
119.09,1917.9649658203125,0
119.1,1917.0533447265625,0
119.11,1917.0533447265625,0
119.12,1917.0533447265625,0
119.13,1916.849853515625,0
119.14,1916.2421875,0
119.15,1916.849853515625,0
119.16,1916.2421875,0
119.17,1914.923583984375,0
119.18,1914.212890625,0
119.19,1914.212890625,0
119.2,1914.112548828125,0
119.21,1914.112548828125,0
119.22,1914.011962890625,0
119.23,1914.011962890625,0
119.24,1913.30126953125,0
119.25,1913.30126953125,0
119.26,1912.2891845703125,0
119.27,1912.2891845703125,0
119.28,1912.2891845703125,0
119.29,1912.4901123046875,0
119.3,1912.4901123046875,0
119.31,1912.4901123046875,0
119.32,1912.4901123046875,0
119.33,1912.4901123046875,0
119.34,1912.186279296875,0
119.35,1912.186279296875,0
119.36,1912.186279296875,0
119.37,1912.186279296875,0
119.38,1912.186279296875,0
119.39,1911.9853515625,0
119.4,1911.9853515625,0
119.41,1911.6788330078125,0
119.42,1911.6788330078125,0
119.43,1909.7552490234375,0
119.44,1909.7552490234375,0
119.45,1909.7552490234375,0
119.46,1909.2479248046875,0
119.47,1909.2479248046875,0
119.48,1909.2479248046875,0
119.49,1909.2479248046875,0
119.5,1909.7552490234375,0
119.51,1910.767333984375,0
119.52,1910.767333984375,0
119.53,1910.767333984375,0
119.54,1910.3629150390625,0
119.55,1910.666748046875,0
119.56,1910.3629150390625,0
119.57,1910.3629150390625,0
119.58,1910.3629150390625,0
119.59,1910.3629150390625,0
119.6,1910.3629150390625,0
119.61,1910.666748046875,0
119.62,1910.666748046875,0
119.63,1911.2745361328125,0
119.64,1911.2745361328125,0
119.65,1911.2745361328125,0
119.66,1911.2745361328125,0
119.67,1911.2745361328125,0
119.68,1911.2745361328125,0
119.69,1911.2745361328125,0
119.7,1909.7552490234375,0
119.71,1912.085693359375,0
119.72,1909.1475830078125,0
119.73,1909.451416015625,0
119.74,1910.870361328125,0
119.75,1910.870361328125,0
119.76,1910.870361328125,0
119.77,1910.870361328125,0
119.78,1910.3629150390625,0
119.79,1910.870361328125,0
119.8,1910.3629150390625,0
119.81,1910.3629150390625,0
119.82,1910.3629150390625,0
119.83,1910.3629150390625,0
119.84,1909.451416015625,0
119.85,1908.64013671875,0
119.86,1908.539794921875,0
119.87,1908.3363037109375,0
119.88,1907.8289794921875,0
119.89,1906.7138671875,0
119.9,1906.005859375,0
119.91,1904.5869140625,0
119.92,1904.28564453125,0
119.93,1903.5748291015625,0
119.94,1902.359375,0
119.95,1902.259033203125,0
119.96,1902.259033203125,0
119.97,1900.943115234375,0
119.98,1900.538818359375,0
119.99,1900.0316162109375,0
120,1899.828125,0
120.01,1899.828125,0
120.02,1899.119873046875,0
120.03,1898.8160400390625,0
120.04,1897.8040771484375,0
120.05,1897.0958251953125,0
120.06,1897.0958251953125,0
120.07,1897.0958251953125,0
120.08,1897.0958251953125,0
120.09,1896.892333984375,0
120.1,1896.892333984375,0
120.11,1896.7919921875,0
120.12,1896.892333984375,0
120.13,1897.0958251953125,0
120.14,1896.892333984375,0
120.15,1896.892333984375,0
120.16,1897.8040771484375,0
120.17,1898.6153564453125,0
120.18,1899.01953125,0
120.19,1899.01953125,0
120.2,1899.3233642578125,0
120.21,1899.9310302734375,0
120.22,1901.04345703125,0
120.23,1901.04345703125,0
120.24,1901.14404296875,0
120.25,1901.2469482421875,0
120.26,1901.955078125,0
120.27,1901.955078125,0
120.28,1901.955078125,0
120.29,1901.955078125,0
120.3,1902.359375,0
120.31,1902.359375,0
120.32,1902.359375,0
120.33,1902.763671875,0
120.34,1902.763671875,0
120.35,1902.359375,0
120.36,1902.359375,0
120.37,1902.359375,0
120.38,1902.359375,0
120.39,1901.6512451171875,0
120.4,1901.6512451171875,0
120.41,1901.6512451171875,0
120.42,1901.6512451171875,0
120.43,1901.2469482421875,0
120.44,1899.9310302734375,0
120.45,1898.6153564453125,0
120.46,1898.51220703125,0
120.47,1897.603271484375,0
120.48,1897.3997802734375,0
120.49,1897.603271484375,0
120.5,1897.603271484375,0
120.51,1897.3997802734375,0
120.52,1897.3997802734375,0
120.53,1896.4881591796875,0
120.54,1896.18701171875,0
120.55,1896.4881591796875,0
120.56,1896.3878173828125,0
120.57,1896.4881591796875,0
120.58,1896.3878173828125,0
120.59,1896.3878173828125,0
120.6,1895.47607421875,0
120.61,1895.47607421875,0
120.62,1896.3878173828125,0
120.63,1896.892333984375,0
120.64,1896.892333984375,0
120.65,1899.3233642578125,0
120.66,1899.3233642578125,0
120.67,1899.627197265625,0
120.68,1901.04345703125,0
120.69,1901.04345703125,0
120.7,1901.14404296875,0
120.71,1901.14404296875,0
120.72,1901.347412109375,0
120.73,1901.347412109375,0
120.74,1901.14404296875,0
120.75,1900.435791015625,0
120.76,1900.1319580078125,0
120.77,1897.8040771484375,0
120.78,1897.70361328125,0
120.79,1896.7919921875,0
120.8,1895.9833984375,0
120.81,1895.8804931640625,0
120.82,1894.9715576171875,0
120.83,1893.6556396484375,0
120.84,1892.7467041015625,0
120.85,1892.6435546875,0
120.86,1892.543212890625,0
120.87,1891.734619140625,0
120.88,1889.81103515625,0
120.89,1889.409423828125,0
120.9,1888.59814453125,0
120.91,1887.9931640625,0
120.92,1887.7896728515625,0
120.93,1886.7777099609375,0
120.94,1885.9691162109375,0
120.95,1885.9691162109375,0
120.96,1885.9691162109375,0
120.97,1885.4644775390625,0
120.98,1885.9691162109375,0
120.99,1886.0721435546875,0
121,1886.0721435546875,0
121.01,1886.67724609375,0
121.02,1886.0721435546875,0
121.03,1886.67724609375,0
121.04,1886.67724609375,0
121.05,1886.67724609375,0
121.06,1886.67724609375,0
121.07,1886.7777099609375,0
121.08,1887.6893310546875,0
121.09,1887.89013671875,0
121.1,1888.3973388671875,0
121.11,1889.81103515625,0
121.12,1890.1148681640625,0
121.13,1890.5191650390625,0
121.14,1890.6221923828125,0
121.15,1890.822998046875,0
121.16,1891.0264892578125,0
121.17,1891.8350830078125,0
121.18,1892.138916015625,0
121.19,1892.138916015625,0
121.2,1892.138916015625,0
121.21,1892.138916015625,0
121.22,1892.138916015625,0
121.23,1892.2393798828125,0
121.24,1892.2393798828125,0
121.25,1892.138916015625,0
121.26,1892.138916015625,0
121.27,1891.734619140625,0
121.28,1890.218017578125,0
121.29,1891.0264892578125,0
121.3,1891.0264892578125,0
121.31,1890.218017578125,0
121.32,1890.218017578125,0
121.33,1890.218017578125,0
121.34,1890.218017578125,0
121.35,1890.218017578125,0
121.36,1890.218017578125,0
121.37,1890.218017578125,0
121.38,1888.093505859375,0
121.39,1887.284912109375,0
121.4,1887.284912109375,0
121.41,1886.9810791015625,0
121.42,1885.86865234375,0
121.43,1885.86865234375,0
121.44,1885.86865234375,0
121.45,1885.364013671875,0
121.46,1883.94775390625,0
121.47,1883.0386962890625,0
121.48,1883.0386962890625,0
121.49,1883.0386962890625,0
121.5,1883.0386962890625,0
121.51,1883.0386962890625,0
121.52,1883.54345703125,0
121.53,1883.0386962890625,0
121.54,1883.0386962890625,0
121.55,1883.0386962890625,0
121.56,1883.54345703125,0
121.57,1883.54345703125,0
121.58,1883.54345703125,0
121.59,1882.9383544921875,0
121.6,1882.8380126953125,0
121.61,1882.8380126953125,0
121.62,1882.9383544921875,0
121.63,1883.0386962890625,0
121.64,1883.0386962890625,0
121.65,1882.9383544921875,0
121.66,1882.9383544921875,0
121.67,1883.0386962890625,0
121.68,1883.0386962890625,0
121.69,1883.94775390625,0
121.7,1883.342529296875,0
121.71,1884.859375,0
121.72,1885.06005859375,0
121.73,1885.06005859375,0
121.74,1885.06005859375,0
121.75,1885.06005859375,0
121.76,1884.7562255859375,0
121.77,1884.7562255859375,0
121.78,1884.7562255859375,0
121.79,1884.7562255859375,0
121.8,1884.35205078125,0
121.81,1884.151123046875,0
121.82,1884.35205078125,0
121.83,1884.35205078125,0
121.84,1884.151123046875,0
121.85,1883.94775390625,0
121.86,1883.94775390625,0
121.87,1883.2421875,0
121.88,1882.5341796875,0
121.89,1882.0294189453125,0
121.9,1880.412353515625,0
121.91,1878.9986572265625,0
121.92,1878.9986572265625,0
121.93,1878.9986572265625,0
121.94,1878.8956298828125,0
121.95,1878.2904052734375,0
121.96,1878.2904052734375,0
121.97,1877.6854248046875,0
121.98,1877.3814697265625,0
121.99,1876.6734619140625,0
122,1876.3721923828125,0
122.01,1875.259765625,0
122.02,1874.453857421875,0
122.03,1874.3507080078125,0
122.04,1874.049560546875,0
122.05,1874.049560546875,0
122.06,1874.049560546875,0
122.07,1873.2410888671875,0
122.08,1873.2410888671875,0
122.09,1873.2410888671875,0
122.1,1872.8367919921875,0
122.11,1872.4324951171875,0
122.12,1872.231689453125,0
122.13,1872.231689453125,0
122.14,1870.8179931640625,0
122.15,1870.8179931640625,0
122.16,1870.8179931640625,0
122.17,1870.8179931640625,0
122.18,1870.8179931640625,0
122.19,1870.8179931640625,0
122.2,1870.8179931640625,0
122.21,1870.8179931640625,0
122.22,1870.91845703125,0
122.23,1872.03076171875,0
122.24,1872.03076171875,0
122.25,1872.03076171875,0
122.26,1872.03076171875,0
122.27,1872.03076171875,0
122.28,1872.03076171875,0
122.29,1872.13134765625,0
122.3,1872.7364501953125,0
122.31,1873.140625,0
122.32,1873.84619140625,0
122.33,1873.84619140625,0
122.34,1873.84619140625,0
122.35,1873.84619140625,0
122.36,1873.946533203125,0
122.37,1874.3507080078125,0
122.38,1874.3507080078125,0
122.39,1874.55419921875,0
122.4,1875.259765625,0
122.41,1875.563720703125,0
122.42,1875.563720703125,0
122.43,1875.6640625,0
122.44,1875.6640625,0
122.45,1875.6640625,0
122.46,1874.9586181640625,0
122.47,1874.9586181640625,0
122.48,1874.55419921875,0
122.49,1874.55419921875,0
122.5,1874.3507080078125,0
122.51,1874.1500244140625,0
122.52,1874.1500244140625,0
122.53,1873.140625,0
122.54,1873.040283203125,0
122.55,1873.040283203125,0
122.56,1872.7364501953125,0
122.57,1872.7364501953125,0
122.58,1872.6358642578125,0
122.59,1872.6358642578125,0
122.6,1872.6358642578125,0
122.61,1871.7269287109375,0
122.62,1871.021484375,0
122.63,1870.91845703125,0
122.64,1870.516845703125,0
122.65,1869.2034912109375,0
122.66,1868.899658203125,0
122.67,1868.1942138671875,0
122.68,1868.1942138671875,0
122.69,1867.890380859375,0
122.7,1867.890380859375,0
122.71,1867.6895751953125,0
122.72,1867.5889892578125,0
122.73,1867.5889892578125,0
122.74,1866.1754150390625,0
122.75,1866.1754150390625,0
122.76,1866.8836669921875,0
122.77,1866.1754150390625,0
122.78,1866.1754150390625,0
122.79,1865.469970703125,0
122.8,1865.068359375,0
122.81,1865.469970703125,0
122.82,1864.3602294921875,0
122.83,1865.469970703125,0
122.84,1865.469970703125,0
122.85,1865.469970703125,0
122.86,1865.469970703125,0
122.87,1865.469970703125,0
122.88,1865.5703125,0
122.89,1865.5703125,0
122.9,1865.5703125,0
122.91,1865.7738037109375,0
122.92,1865.9747314453125,0
122.93,1867.184814453125,0
122.94,1867.184814453125,0
122.95,1867.184814453125,0
122.96,1867.184814453125,0
122.97,1867.184814453125,0
122.98,1867.184814453125,0
122.99,1867.28515625,0
123,1866.9840087890625,0
123.01,1866.9840087890625,0
123.02,1866.0750732421875,0
123.03,1866.9840087890625,0
123.04,1866.9840087890625,0
123.05,1867.3883056640625,0
123.06,1867.3883056640625,0
123.07,1867.3883056640625,0
123.08,1866.9840087890625,0
123.09,1866.278564453125,0
123.1,1866.0750732421875,0
123.11,1866.278564453125,0
123.12,1866.278564453125,0
123.13,1866.278564453125,0
123.14,1866.0750732421875,0
123.15,1865.9747314453125,0
123.16,1865.8741455078125,0
123.17,1865.2691650390625,0
123.18,1864.6640625,0
123.19,1864.6640625,0
123.2,1864.56103515625,0
123.21,1864.4605712890625,0
123.22,1864.2598876953125,0
123.23,1864.0589599609375,0
123.24,1863.65478515625,0
123.25,1863.5543212890625,0
123.26,1863.5543212890625,0
123.27,1863.5543212890625,0
123.28,1862.94921875,0
123.29,1862.94921875,0
123.3,1862.6453857421875,0
123.31,1862.140625,0
123.32,1862.140625,0
123.33,1862.040283203125,0
123.34,1861.8394775390625,0
123.35,1860.2249755859375,0
123.36,1860.2249755859375,0
123.37,1860.2249755859375,0
123.38,1859.21826171875,0
123.39,1859.21826171875,0
123.4,1859.1177978515625,0
123.41,1858.713623046875,0
123.42,1858.5126953125,0
123.43,1858.0081787109375,0
123.44,1857.4029541015625,0
123.45,1857.4029541015625,0
123.46,1857.4029541015625,0
123.47,1856.7978515625,0
123.48,1856.7978515625,0
123.49,1855.6881103515625,0
123.5,1854.681396484375,0
123.51,1854.4805908203125,0
123.52,1854.4805908203125,0
123.53,1853.87548828125,0
123.54,1853.370849609375,0
123.55,1853.2703857421875,0
123.56,1853.069580078125,0
123.57,1852.8687744140625,0
123.58,1852.5648193359375,0
123.59,1852.263671875,0
123.6,1851.862060546875,0
123.61,1851.6585693359375,0
123.62,1851.6585693359375,0
123.63,1851.6585693359375,0
123.64,1851.5582275390625,0
123.65,1851.6585693359375,0
123.66,1851.2569580078125,0
123.67,1851.6585693359375,0
123.68,1851.2569580078125,0
123.69,1851.6585693359375,0
123.7,1851.053466796875,0
123.71,1851.053466796875,0
123.72,1851.862060546875,0
123.73,1851.862060546875,0
123.74,1851.862060546875,0
123.75,1851.862060546875,0
123.76,1851.357421875,0
123.77,1851.862060546875,0
123.78,1851.862060546875,0
123.79,1852.163330078125,0
123.8,1852.163330078125,0
123.81,1852.5648193359375,0
123.82,1852.5648193359375,0
123.83,1852.5648193359375,0
123.84,1852.96923828125,0
123.85,1852.96923828125,0
123.86,1852.768310546875,0
123.87,1852.5648193359375,0
123.88,1852.768310546875,0
123.89,1852.768310546875,0
123.9,1852.768310546875,0
123.91,1852.768310546875,0
123.92,1852.768310546875,0
123.93,1852.768310546875,0
123.94,1853.87548828125,0
123.95,1853.87548828125,0
123.96,1853.87548828125,0
123.97,1854.2796630859375,0
123.98,1854.3802490234375,0
123.99,1855.3868408203125,0
124,1855.4873046875,0
124.01,1855.991943359375,0
124.02,1856.1927490234375,0
124.03,1856.1927490234375,0
124.04,1855.991943359375,0
124.05,1855.991943359375,0
124.06,1855.991943359375,0
124.07,1855.8916015625,0
124.08,1855.3868408203125,0
124.09,1854.3802490234375,0
124.1,1854.2796630859375,0
124.11,1853.87548828125,0
124.12,1852.5648193359375,0
124.13,1852.5648193359375,0
124.14,1852.5648193359375,0
124.15,1852.5648193359375,0
124.16,1852.5648193359375,0
124.17,1852.5648193359375,0
124.18,1852.5648193359375,0
124.19,1851.6585693359375,0
124.2,1851.6585693359375,0
124.21,1851.6585693359375,0
124.22,1851.6585693359375,0
124.23,1851.457763671875,0
124.24,1851.6585693359375,0
124.25,1851.457763671875,0
124.26,1851.457763671875,0
124.27,1851.6585693359375,0
124.28,1851.6585693359375,0
124.29,1851.357421875,0
124.3,1851.357421875,0
124.31,1851.357421875,0
124.32,1851.156494140625,0
124.33,1850.5513916015625,0
124.34,1851.156494140625,0
124.35,1850.5513916015625,0
124.36,1850.4510498046875,0
124.37,1850.250244140625,0
124.38,1849.2408447265625,0
124.39,1848.9395751953125,0
124.4,1848.8392333984375,0
124.41,1848.43505859375,0
124.42,1848.0333251953125,0
124.43,1847.6290283203125,0
124.44,1847.327880859375,0
124.45,1847.327880859375,0
124.46,1846.42138671875,0
124.47,1845.9195556640625,0
124.48,1845.6156005859375,0
124.49,1845.6156005859375,0
124.5,1845.51513671875,0
124.51,1845.2139892578125,0
124.52,1844.60888671875,0
124.53,1844.60888671875,0
124.54,1844.9127197265625,0
124.55,1844.60888671875,0
124.56,1844.207275390625,0
124.57,1844.60888671875,0
124.58,1844.207275390625,0
124.59,1842.9996337890625,0
124.6,1844.0064697265625,0
124.61,1844.0064697265625,0
124.62,1844.0064697265625,0
124.63,1844.0064697265625,0
124.64,1844.207275390625,0
124.65,1844.0064697265625,0
124.66,1843.501708984375,0
124.67,1843.501708984375,0
124.68,1843.501708984375,0
124.69,1843.501708984375,0
124.7,1842.8992919921875,0
124.71,1841.6917724609375,0
124.72,1841.490966796875,0
124.73,1841.490966796875,0
124.74,1841.2874755859375,0
124.75,1841.1871337890625,0
124.76,1841.1871337890625,0
124.77,1841.2874755859375,0
124.78,1841.2874755859375,0
124.79,1841.387939453125,0
124.8,1842.49755859375,0
124.81,1842.49755859375,0
124.82,1842.8992919921875,0
124.83,1843.3009033203125,0
124.84,1843.4013671875,0
124.85,1845.113525390625,0
124.86,1845.3143310546875,0
124.87,1845.3143310546875,0
124.88,1845.113525390625,0
124.89,1845.113525390625,0
124.9,1845.113525390625,0
124.91,1845.113525390625,0
124.92,1844.508544921875,0
124.93,1844.508544921875,0
124.94,1844.0064697265625,0
124.95,1844.0064697265625,0
124.96,1844.0064697265625,0
124.97,1843.60205078125,0
124.98,1843.60205078125,0
124.99,1842.9996337890625,0
125,1842.49755859375,0
125.01,1841.7921142578125,0
125.02,1841.490966796875,0
125.03,1841.1871337890625,0
125.04,1838.2698974609375,0
125.05,1837.7679443359375,0
125.06,1837.564453125,0
125.07,1837.564453125,0
125.08,1836.9620361328125,0
125.09,1836.4599609375,0
125.1,1835.9552001953125,0
125.11,1835.654052734375,0
125.12,1835.0516357421875,0
125.13,1833.6431884765625,0
125.14,1833.5428466796875,0
125.15,1833.1385498046875,0
125.16,1833.1385498046875,0
125.17,1833.040771484375,0
125.18,1832.134521484375,0
125.19,1832.0340576171875,0
125.2,1832.0340576171875,0
125.21,1832.0340576171875,0
125.22,1831.13037109375,0
125.23,1831.5321044921875,0
125.24,1831.833251953125,0
125.25,1831.5321044921875,0
125.26,1831.13037109375,0
125.27,1830.8265380859375,0
125.28,1830.8265380859375,0
125.29,1831.3311767578125,0
125.3,1831.3311767578125,0
125.31,1831.5321044921875,0
125.32,1831.833251953125,0
125.33,1831.7327880859375,0
125.34,1831.7327880859375,0
125.35,1832.0340576171875,0
125.36,1832.0340576171875,0
125.37,1832.0340576171875,0
125.38,1832.0340576171875,0
125.39,1832.0340576171875,0
125.4,1831.7327880859375,0
125.41,1831.7327880859375,0
125.42,1831.833251953125,0
125.43,1831.9337158203125,0
125.44,1831.833251953125,0
125.45,1831.9337158203125,0
125.46,1831.9337158203125,0
125.47,1831.833251953125,0
125.48,1831.9337158203125,0
125.49,1831.9337158203125,0
125.5,1832.0340576171875,0
125.51,1832.335205078125,0
125.52,1832.435791015625,0
125.53,1833.040771484375,0
125.54,1833.040771484375,0
125.55,1834.8507080078125,0
125.56,1835.1519775390625,0
125.57,1835.1519775390625,0
125.58,1835.1519775390625,0
125.59,1835.1519775390625,0
125.6,1835.1519775390625,0
125.61,1835.654052734375,0
125.62,1835.1519775390625,0
125.63,1835.8548583984375,0
125.64,1835.1519775390625,0
125.65,1835.0516357421875,0
125.66,1834.446533203125,0
125.67,1834.446533203125,0
125.68,1834.446533203125,0
125.69,1834.446533203125,0
125.7,1833.8441162109375,0
125.71,1833.5428466796875,0
125.72,1833.342041015625,0
125.73,1833.342041015625,0
125.74,1833.342041015625,0
125.75,1832.636474609375,0
125.76,1831.6324462890625,0
125.77,1831.6324462890625,0
125.78,1831.6324462890625,0
125.79,1831.6324462890625,0
125.8,1830.6256103515625,0
125.81,1830.4249267578125,0
125.82,1829.9228515625,0
125.83,1829.822509765625,0
125.84,1829.822509765625,0
125.85,1829.822509765625,0
125.86,1829.822509765625,0
125.87,1829.3204345703125,0
125.88,1828.11279296875,0
125.89,1829.019287109375,0
125.9,1827.912109375,0
125.91,1827.711181640625,0
125.92,1827.711181640625,0
125.93,1827.2091064453125,0
125.94,1827.2091064453125,0
125.95,1827.1087646484375,0
125.96,1826.50634765625,0
125.97,1826.50634765625,0
125.98,1826.50634765625,0
125.99,1827.1087646484375,0
126,1826.50634765625,0
126.01,1826.4058837890625,0
126.02,1826.2052001953125,0
126.03,1826.2052001953125,0
126.04,1826.2052001953125,0
126.05,1825.602783203125,0
126.06,1825.602783203125,0
126.07,1825.0980224609375,0
126.08,1825.0980224609375,0
126.09,1825.0980224609375,0
126.1,1825.1983642578125,0
126.11,1825.0980224609375,0
126.12,1825.0980224609375,0
126.13,1825.0980224609375,0
126.14,1824.897216796875,0
126.15,1824.897216796875,0
126.16,1824.897216796875,0
126.17,1824.897216796875,0
126.18,1824.897216796875,0
126.19,1824.897216796875,0
126.2,1824.897216796875,0
126.21,1824.897216796875,0
126.22,1826.50634765625,0
126.23,1826.70703125,0
126.24,1826.8076171875,0
126.25,1827.1087646484375,0
126.26,1827.2091064453125,0
126.27,1827.2091064453125,0
126.28,1827.2091064453125,0
126.29,1828.11279296875,0
126.3,1827.2091064453125,0
126.31,1826.8076171875,0
126.32,1826.8076171875,0
126.33,1826.606689453125,0
126.34,1825.803466796875,0
126.35,1825.3013916015625,0
126.36,1825.3013916015625,0
126.37,1825.3013916015625,0
126.38,1825.0001220703125,0
126.39,1825.0001220703125,0
126.4,1824.897216796875,0
126.41,1824.897216796875,0
126.42,1824.897216796875,0
126.43,1824.897216796875,0
126.44,1824.7967529296875,0
126.45,1825.0001220703125,0
126.46,1824.7967529296875,0
126.47,1824.7967529296875,0
126.48,1824.1943359375,0
126.49,1824.294677734375,0
126.5,1824.1943359375,0
126.51,1823.491455078125,0
126.52,1822.5877685546875,0
126.53,1822.28662109375,0
126.54,1821.7845458984375,0
126.55,1821.282470703125,0
126.56,1820.981201171875,0
126.57,1819.9771728515625,0
126.58,1818.571533203125,0
126.59,1818.270263671875,0
126.6,1818.270263671875,0
126.61,1818.1697998046875,0
126.62,1818.1697998046875,0
126.63,1817.366455078125,0
126.64,1817.366455078125,0
126.65,1817.366455078125,0
126.66,1815.7601318359375,0
126.67,1815.258056640625,0
126.68,1814.8563232421875,0
126.69,1814.655517578125,0
126.7,1814.0531005859375,0
126.71,1813.95263671875,0
126.72,1813.95263671875,0
126.73,1813.551025390625,0
126.74,1813.4505615234375,0
126.75,1812.747802734375,0
126.76,1812.34619140625,0
126.77,1812.747802734375,0
126.78,1812.546875,0
126.79,1812.546875,0
126.8,1812.546875,0
126.81,1812.546875,0
126.82,1812.546875,0
126.83,1811.9471435546875,0
126.84,1811.6458740234375,0
126.85,1812.14794921875,0
126.86,1811.6458740234375,0
126.87,1811.6458740234375,0
126.88,1811.6458740234375,0
126.89,1811.04345703125,0
126.9,1810.943115234375,0
126.91,1810.5413818359375,0
126.92,1810.039306640625,0
126.93,1810.039306640625,0
126.94,1809.838623046875,0
126.95,1809.838623046875,0
126.96,1809.838623046875,0
126.97,1809.838623046875,0
126.98,1809.3365478515625,0
126.99,1808.837158203125,0
127,1808.2347412109375,0
127.01,1808.2347412109375,0
127.02,1808.2347412109375,0
127.03,1808.2347412109375,0
127.04,1808.2347412109375,0
127.05,1807.63232421875,0
127.06,1807.53173828125,0
127.07,1806.9293212890625,0
127.08,1807.53173828125,0
127.09,1807.63232421875,0
127.1,1807.53173828125,0
127.11,1807.53173828125,0
127.12,1806.9293212890625,0
127.13,1807.3310546875,0
127.14,1807.3310546875,0
127.15,1807.3310546875,0
127.16,1807.3310546875,0
127.17,1806.4300537109375,0
127.18,1806.4300537109375,0
127.19,1806.4300537109375,0
127.2,1805.124755859375,0
127.21,1805.7271728515625,0
127.22,1805.22509765625,0
127.23,1804.823486328125,0
127.24,1805.22509765625,0
127.25,1805.3255615234375,0
127.26,1805.22509765625,0
127.27,1804.823486328125,0
127.28,1804.823486328125,0
127.29,1804.823486328125,0
127.3,1804.823486328125,0
127.31,1804.823486328125,0
127.32,1804.1231689453125,0
127.33,1803.822021484375,0
127.34,1803.3199462890625,0
127.35,1803.3199462890625,0
127.36,1802.9210205078125,0
127.37,1802.9210205078125,0
127.38,1802.9210205078125,0
127.39,1802.9210205078125,0
127.4,1802.9210205078125,0
127.41,1803.119140625,0
127.42,1803.119140625,0
127.43,1803.9224853515625,0
127.44,1803.3199462890625,0
127.45,1803.9224853515625,0
127.46,1803.9224853515625,0
127.47,1803.7216796875,0
127.48,1803.7216796875,0
127.49,1803.7216796875,0
127.5,1803.3199462890625,0
127.51,1803.3199462890625,0
127.52,1802.4189453125,0
127.53,1802.318603515625,0
127.54,1801.5152587890625,0
127.55,1801.015869140625,0
127.56,1801.015869140625,0
127.57,1800.31298828125,0
127.58,1800.31298828125,0
127.59,1800.31298828125,0
127.6,1800.4134521484375,0
127.61,1800.4134521484375,0
127.62,1800.2125244140625,0
127.63,1800.4134521484375,0
127.64,1800.4134521484375,0
127.65,1799.8135986328125,0
127.66,1799.4119873046875,0
127.67,1799.4119873046875,0
127.68,1799.11083984375,0
127.69,1799.11083984375,0
127.7,1799.3115234375,0
127.71,1799.3115234375,0
127.72,1799.0103759765625,0
127.73,1799.0103759765625,0
127.74,1799.3115234375,0
127.75,1799.3115234375,0
127.76,1798.8094482421875,0
127.77,1798.50830078125,0
127.78,1798.50830078125,0
127.79,1798.50830078125,0
127.8,1798.109375,0
127.81,1797.3060302734375,0
127.82,1797.3060302734375,0
127.83,1797.2083740234375,0
127.84,1797.3060302734375,0
127.85,1797.2083740234375,0
127.86,1797.2083740234375,0
127.87,1797.2083740234375,0
127.88,1797.2083740234375,0
127.89,1797.2083740234375,0
127.9,1797.2083740234375,0
127.91,1797.2083740234375,0
127.92,1797.3060302734375,0
127.93,1797.2083740234375,0
127.94,1797.2083740234375,0
127.95,1796.806640625,0
127.96,1796.806640625,0
127.97,1796.6058349609375,0
127.98,1796.50537109375,0
127.99,1796.50537109375,0
128,1795.403564453125,0
128.01,1795.403564453125,0
128.02,1796.3046875,0
128.03,1796.3046875,0
128.04,1796.00341796875,0
128.05,1796.00341796875,0
128.06,1796.3046875,0
128.07,1796.3046875,0
128.08,1796.00341796875,0
128.09,1796.00341796875,0
128.1,1795.7047119140625,0
128.11,1795.7047119140625,0
128.12,1795.7047119140625,0
128.13,1795.8052978515625,0
128.14,1795.9029541015625,0
128.15,1795.8052978515625,0
128.16,1795.8052978515625,0
128.17,1795.8052978515625,0
128.18,1795.8052978515625,0
128.19,1795.8052978515625,0
128.2,1795.6043701171875,0
128.21,1795.6043701171875,0
128.22,1795.5040283203125,0
128.23,1795.001953125,0
128.24,1795.30322265625,0
128.25,1794.4022216796875,0
128.26,1793.900146484375,0
128.27,1793.6015625,0
128.28,1793.6015625,0
128.29,1793.30029296875,0
128.3,1793.30029296875,0
128.31,1793.30029296875,0
128.32,1793.199951171875,0
128.33,1792.4996337890625,0
128.34,1792.4996337890625,0
128.35,1792.4996337890625,0
128.36,1792.4996337890625,0
128.37,1792.4996337890625,0
128.38,1793.199951171875,0
128.39,1793.900146484375,0
128.4,1793.900146484375,0
128.41,1793.900146484375,0
128.42,1793.900146484375,0
128.43,1793.900146484375,0
128.44,1793.900146484375,0
128.45,1793.900146484375,0
128.46,1793.6015625,0
128.47,1793.400634765625,0
128.48,1793.400634765625,0
128.49,1793.0994873046875,0
128.5,1793.0994873046875,0
128.51,1793.0994873046875,0
128.52,1793.0994873046875,0
128.53,1793.0994873046875,0
128.54,1792.09814453125,0
128.55,1792.09814453125,0
128.56,1792.09814453125,0
128.57,1792.09814453125,0
128.58,1792.09814453125,0
128.59,1792.298828125,0
128.6,1792.4996337890625,0
128.61,1792.298828125,0
128.62,1792.4996337890625,0
128.63,1792.7005615234375,0
128.64,1792.5999755859375,0
128.65,1792.5999755859375,0
128.66,1792.5999755859375,0
128.67,1792.5999755859375,0
128.68,1792.4996337890625,0
128.69,1792.4996337890625,0
128.7,1792.4996337890625,0
128.71,1792.4996337890625,0
128.72,1792.298828125,0
128.73,1792.298828125,0
128.74,1792.4996337890625,0
128.75,1792.4996337890625,0
128.76,1792.4996337890625,0
128.77,1792.4996337890625,0
128.78,1792.298828125,0
128.79,1793.199951171875,0
128.8,1792.7005615234375,0
128.81,1792.7005615234375,0
128.82,1792.7005615234375,0
128.83,1792.4996337890625,0
128.84,1792.4996337890625,0
128.85,1792.4996337890625,0
128.86,1792.4996337890625,0
128.87,1792.4996337890625,0
128.88,1792.4996337890625,0
128.89,1792.298828125,0
128.9,1792.298828125,0
128.91,1791.99755859375,0
128.92,1791.6964111328125,0
128.93,1791.6964111328125,0
128.94,1791.6964111328125,0
128.95,1791.5986328125,0
128.96,1790.895751953125,0
128.97,1790.2958984375,0
128.98,1790.195556640625,0
128.99,1789.796630859375,0
129,1789.796630859375,0
129.01,1789.796630859375,0
129.02,1789.5958251953125,0
129.03,1789.4952392578125,0
129.04,1788.993408203125,0
129.05,1788.993408203125,0
129.06,1788.993408203125,0
129.07,1788.993408203125,0
129.08,1788.892822265625,0
129.09,1788.892822265625,0
129.1,1788.993408203125,0
129.11,1789.3948974609375,0
129.12,1789.3948974609375,0
129.13,1789.3948974609375,0
129.14,1788.993408203125,0
129.15,1788.993408203125,0
129.16,1788.993408203125,0
129.17,1788.993408203125,0
129.18,1788.993408203125,0
129.19,1788.59423828125,0
129.2,1788.59423828125,0
129.21,1788.993408203125,0
129.22,1788.993408203125,0
129.23,1788.892822265625,0
129.24,1788.59423828125,0
129.25,1788.892822265625,0
129.26,1788.892822265625,0
129.27,1788.892822265625,0
129.28,1788.993408203125,0
129.29,1788.993408203125,0
129.3,1788.993408203125,0
129.31,1789.3948974609375,0
129.32,1789.796630859375,0
129.33,1789.796630859375,0
129.34,1789.796630859375,0
129.35,1789.796630859375,0
129.36,1789.796630859375,0
129.37,1789.796630859375,0
129.38,1789.796630859375,0
129.39,1788.493896484375,0
129.4,1788.493896484375,0
129.41,1788.493896484375,0
129.42,1788.493896484375,0
129.43,1788.493896484375,0
129.44,1788.493896484375,0
129.45,1788.493896484375,0
129.46,1788.493896484375,0
129.47,1788.493896484375,0
129.48,1789.4952392578125,0
129.49,1788.3935546875,0
129.5,1788.3935546875,0
129.51,1788.09228515625,0
129.52,1786.5914306640625,0
129.53,1786.5914306640625,0
129.54,1786.5914306640625,0
129.55,1786.8927001953125,0
129.56,1786.8927001953125,0
129.57,1786.5914306640625,0
129.58,1786.8927001953125,0
129.59,1786.8927001953125,0
129.6,1788.3935546875,0
129.61,1788.3935546875,0
129.62,1787.191162109375,0
129.63,1788.3935546875,0
129.64,1787.191162109375,0
129.65,1786.2928466796875,0
129.66,1786.2928466796875,0
129.67,1786.2928466796875,0
129.68,1786.2928466796875,0
129.69,1786.092041015625,0
129.7,1785.6904296875,0
129.71,1785.4921875,0
129.72,1785.0906982421875,0
129.73,1785.0906982421875,0
129.74,1782.9898681640625,0
129.75,1782.39013671875,0
129.76,1782.39013671875,0
129.77,1782.39013671875,0
129.78,1782.289794921875,0
129.79,1782.289794921875,0
129.8,1782.0888671875,0
129.81,1782.0888671875,0
129.82,1782.0888671875,0
129.83,1781.288330078125,0
129.84,1782.0888671875,0
129.85,1781.288330078125,0
129.86,1782.0888671875,0
129.87,1782.0888671875,0
129.88,1780.6884765625,0
129.89,1780.588134765625,0
129.9,1780.588134765625,0
129.91,1780.389892578125,0
129.92,1780.0887451171875,0
129.93,1779.6898193359375,0
129.94,1778.88916015625,0
129.95,1777.9881591796875,0
129.96,1777.9881591796875,0
129.97,1777.5889892578125,0
129.98,1777.5889892578125,0
129.99,1777.5889892578125,0
130,1777.5889892578125,0
130.01,1777.1875,0
130.02,1777.5889892578125,0
130.03,1777.1875,0
130.04,1777.089599609375,0
130.05,1777.089599609375,0
130.06,1776.68798828125,0
130.07,1776.68798828125,0
130.08,1775.7896728515625,0
130.09,1775.7896728515625,0
130.1,1775.7896728515625,0
130.11,1775.689208984375,0
130.12,1773.7894287109375,0
130.13,1773.7894287109375,0
130.14,1773.7894287109375,0
130.15,1773.7894287109375,0
130.16,1773.68896484375,0
130.17,1773.7894287109375,0
130.18,1773.7894287109375,0
130.19,1773.7894287109375,0
130.2,1774.3892822265625,0
130.21,1774.3892822265625,0
130.22,1773.588623046875,0
130.23,1773.48828125,0
130.24,1773.48828125,0
130.25,1773.48828125,0
130.26,1773.48828125,0
130.27,1773.48828125,0
130.28,1772.98876953125,0
130.29,1772.690185546875,0
130.3,1772.690185546875,0
130.31,1772.690185546875,0
130.32,1772.690185546875,0
130.33,1771.8896484375,0
130.34,1771.8896484375,0
130.35,1771.69140625,0
130.36,1771.39013671875,0
130.37,1770.9912109375,0
130.38,1770.9912109375,0
130.39,1770.9912109375,0
130.4,1770.9912109375,0
130.41,1770.3914794921875,0
130.42,1770.3914794921875,0
130.43,1770.3914794921875,0
130.44,1771.591064453125,0
130.45,1771.69140625,0
130.46,1771.8896484375,0
130.47,1771.69140625,0
130.48,1771.8896484375,0
130.49,1771.8896484375,0
130.5,1771.8896484375,0
130.51,1771.8896484375,0
130.52,1771.8896484375,0
130.53,1771.8896484375,0
130.54,1772.4893798828125,0
130.55,1771.8896484375,0
130.56,1771.8896484375,0
130.57,1771.8896484375,0
130.58,1771.8896484375,0
130.59,1771.39013671875,0
130.6,1771.8896484375,0
130.61,1771.591064453125,0
130.62,1771.591064453125,0
130.63,1771.39013671875,0
130.64,1771.39013671875,0
130.65,1771.591064453125,0
130.66,1771.591064453125,0
130.67,1771.591064453125,0
130.68,1771.591064453125,0
130.69,1770.3914794921875,0
130.7,1770.3914794921875,0
130.71,1770.3914794921875,0
130.72,1770.9912109375,0
130.73,1770.3914794921875,0
130.74,1770.3914794921875,0
130.75,1770.3914794921875,0
130.76,1770.2908935546875,0
130.77,1770.2908935546875,0
130.78,1770.2908935546875,0
130.79,1770.2908935546875,0
130.8,1770.3914794921875,0
130.81,1770.2908935546875,0
130.82,1770.3914794921875,0
130.83,1770.5921630859375,0
130.84,1770.5921630859375,0
130.85,1770.5921630859375,0
130.86,1770.5921630859375,0
130.87,1770.5921630859375,0
130.88,1770.3914794921875,0
130.89,1770.2908935546875,0
130.9,1770.0928955078125,0
130.91,1769.1917724609375,0
130.92,1769.1917724609375,0
130.93,1769.1917724609375,0
130.94,1767.7939453125,0
130.95,1765.79638671875,0
130.96,1767.7939453125,0
130.97,1767.7939453125,0
130.98,1767.7939453125,0
130.99,1767.693603515625,0
131,1767.693603515625,0
131.01,1766.8955078125,0
131.02,1766.8955078125,0
131.03,1767.693603515625,0
131.04,1767.693603515625,0
131.05,1767.693603515625,0
131.06,1768.1929931640625,0
131.07,1768.1929931640625,0
131.08,1768.2933349609375,0
131.09,1768.4915771484375,0
131.1,1768.4915771484375,0
131.11,1768.4915771484375,0
131.12,1768.2933349609375,0
131.13,1768.2933349609375,0
131.14,1768.4915771484375,0
131.15,1768.1929931640625,0
131.16,1767.194091796875,0
131.17,1767.194091796875,0
131.18,1767.194091796875,0
131.19,1767.693603515625,0
131.2,1765.8968505859375,0
131.21,1765.8968505859375,0
131.22,1765.8968505859375,0
131.23,1765.79638671875,0
131.24,1765.79638671875,0
131.25,1765.696044921875,0
131.26,1765.696044921875,0
131.27,1765.696044921875,0
131.28,1765.696044921875,0
131.29,1765.696044921875,0
131.3,1765.9971923828125,0
131.31,1765.9971923828125,0
131.32,1765.9971923828125,0
131.33,1765.9971923828125,0
131.34,1765.9971923828125,0
131.35,1765.8968505859375,0
131.36,1765.696044921875,0
131.37,1765.5955810546875,0
131.38,1765.5955810546875,0
131.39,1765.5955810546875,0
131.4,1765.196533203125,0
131.41,1764.6971435546875,0
131.42,1764.1978759765625,0
131.43,1764.1978759765625,0
131.44,1764.6971435546875,0
131.45,1765.5955810546875,0
131.46,1765.696044921875,0
131.47,1765.696044921875,0
131.48,1765.696044921875,0
131.49,1765.696044921875,0
131.5,1765.696044921875,0
131.51,1765.696044921875,0
131.52,1763.7987060546875,0
131.53,1762.900390625,0
131.54,1760.205322265625,0
131.55,1760.1048583984375,0
131.56,1760.0045166015625,0
131.57,1759.9039306640625,0
131.58,1759.4073486328125,0
131.59,1757.9090576171875,0
131.6,1757.6104736328125,0
131.61,1756.809814453125,0
131.62,1755.813720703125,0
131.63,1754.6168212890625,0
131.64,1754.5162353515625,0
131.65,1753.517578125,0
131.66,1753.020751953125,0
131.67,1753.020751953125,0
131.68,1752.92041015625,0
131.69,1751.12353515625,0
131.7,1749.6280517578125,0
131.71,1748.7322998046875,0
131.72,1748.7322998046875,0
131.73,1748.7322998046875,0
131.74,1748.531494140625,0
131.75,1748.531494140625,0
131.76,1748.333251953125,0
131.77,1748.132568359375,0
131.78,1748.333251953125,0
131.79,1748.531494140625,0
131.8,1749.1312255859375,0
131.81,1749.1312255859375,0
131.82,1749.2291259765625,0
131.83,1750.227783203125,0
131.84,1752.2227783203125,0
131.85,1752.3206787109375,0
131.86,1752.8199462890625,0
131.87,1754.2177734375,0
131.88,1754.2177734375,0
131.89,1754.9154052734375,0
131.9,1755.71337890625,0
131.91,1756.212646484375,0
131.92,1756.3131103515625,0
131.93,1756.7120361328125,0
131.94,1757.5101318359375,0
131.95,1758.10986328125,0
131.96,1758.2076416015625,0
131.97,1758.606689453125,0
131.98,1758.606689453125,0
131.99,1758.70703125,0
132,1758.606689453125,0
132.01,1758.2076416015625,0
132.02,1758.10986328125,0
132.03,1757.0106201171875,0
132.04,1756.3131103515625,0
132.05,1756.011962890625,0
132.06,1755.2139892578125,0
132.07,1753.3193359375,0
132.08,1751.8238525390625,0
132.09,1751.12353515625,0
132.1,1750.824951171875,0
132.11,1750.426025390625,0
132.12,1750.12744140625,0
132.13,1749.828857421875,0
132.14,1748.23291015625,0
132.15,1748.23291015625,0
132.16,1747.4349365234375,0
132.17,1747.4349365234375,0
132.18,1747.4349365234375,0
132.19,1748.03466796875,0
132.2,1747.4349365234375,0
132.21,1747.4349365234375,0
132.22,1748.03466796875,0
132.23,1748.6318359375,0
132.24,1749.0308837890625,0
132.25,1749.0308837890625,0
132.26,1749.2291259765625,0
132.27,1749.4298095703125,0
132.28,1749.2291259765625,0
132.29,1749.4298095703125,0
132.3,1749.4298095703125,0
132.31,1749.4298095703125,0
132.32,1749.92919921875,0
132.33,1751.6229248046875,0
132.34,1752.8199462890625,0
132.35,1752.8199462890625,0
132.36,1752.8199462890625,0
132.37,1752.8199462890625,0
132.38,1752.8199462890625,0
132.39,1752.8199462890625,0
132.4,1751.6229248046875,0
132.41,1751.324462890625,0
132.42,1751.02587890625,0
132.43,1750.727294921875,0
132.44,1750.227783203125,0
132.45,1750.227783203125,0
132.46,1750.227783203125,0
132.47,1750.12744140625,0
132.48,1749.1312255859375,0
132.49,1748.132568359375,0
132.5,1747.934326171875,0
132.51,1746.1402587890625,0
132.52,1746.039794921875,0
132.53,1744.44384765625,0
132.54,1743.4476318359375,0
132.55,1743.1490478515625,0
132.56,1741.854248046875,0
132.57,1741.75390625,0
132.58,1741.056396484375,0
132.59,1740.858154296875,0
132.6,1739.7615966796875,0
132.61,1739.1644287109375,0
132.62,1738.8658447265625,0
132.63,1737.769287109375,0
132.64,1737.769287109375,0
132.65,1737.373046875,0
132.66,1736.9739990234375,0
132.67,1736.7730712890625,0
132.68,1736.2764892578125,0
132.69,1736.7730712890625,0
132.7,1736.7730712890625,0
132.71,1736.7730712890625,0
132.72,1736.7730712890625,0
132.73,1736.7730712890625,0
132.74,1736.7730712890625,0
132.75,1736.7730712890625,0
132.76,1736.7730712890625,0
132.77,1736.8736572265625,0
132.78,1736.8736572265625,0
132.79,1737.172119140625,0
132.8,1738.06787109375,0
132.81,1738.369140625,0
132.82,1739.9625244140625,0
132.83,1740.3614501953125,0
132.84,1741.954833984375,0
132.85,1741.954833984375,0
132.86,1742.15283203125,0
132.87,1742.9508056640625,0
132.88,1743.2493896484375,0
132.89,1743.6485595703125,0
132.9,1743.6485595703125,0
132.91,1743.6485595703125,0
132.92,1743.6485595703125,0
132.93,1743.8465576171875,0
132.94,1743.8465576171875,0
132.95,1743.8465576171875,0
132.96,1743.8465576171875,0
132.97,1743.3499755859375,0
132.98,1741.854248046875,0
132.99,1741.65625,0
133,1741.854248046875,0
133.01,1741.854248046875,0
133.02,1741.65625,0
133.03,1740.9586181640625,0
133.04,1740.858154296875,0
133.05,1740.858154296875,0
133.06,1739.6639404296875,0
133.07,1739.4630126953125,0
133.08,1739.1644287109375,0
133.09,1738.5673828125,0
133.1,1738.168212890625,0
133.11,1737.470703125,0
133.12,1737.172119140625,0
133.13,1737.172119140625,0
133.14,1736.2764892578125,0
133.15,1735.87744140625,0
133.16,1734.48486328125,0
133.17,1734.48486328125,0
133.18,1734.48486328125,0
133.19,1734.68310546875,0
133.2,1734.68310546875,0
133.21,1734.68310546875,0
133.22,1734.68310546875,0
133.23,1734.68310546875,0
133.24,1734.981689453125,0
133.25,1735.08203125,0
133.26,1735.380615234375,0
133.27,1735.380615234375,0
133.28,1735.4783935546875,0
133.29,1735.380615234375,0
133.3,1735.4783935546875,0
133.31,1735.4783935546875,0
133.32,1735.4783935546875,0
133.33,1735.08203125,0
133.34,1735.4783935546875,0
133.35,1733.9854736328125,0
133.36,1733.9854736328125,0
133.37,1733.6868896484375,0
133.38,1733.6868896484375,0
133.39,1733.48876953125,0
133.4,1733.48876953125,0
133.41,1733.48876953125,0
133.42,1734.2841796875,0
133.43,1734.2841796875,0
133.44,1734.68310546875,0
133.45,1734.2841796875,0
133.46,1734.2841796875,0
133.47,1732.3922119140625,0
133.48,1731.7950439453125,0
133.49,1731.7950439453125,0
133.5,1731.8953857421875,0
133.51,1731.7950439453125,0
133.52,1731.7950439453125,0
133.53,1731.398681640625,0
133.54,1731.398681640625,0
133.55,1730.10400390625,0
133.56,1730.10400390625,0
133.57,1730.10400390625,0
133.58,1730.10400390625,0
133.59,1730.10400390625,0
133.6,1730.6005859375,0
133.61,1731.398681640625,0
133.62,1732.1939697265625,0
133.63,1733.0897216796875,0
133.64,1733.0897216796875,0
133.65,1734.1837158203125,0
133.66,1734.48486328125,0
133.67,1733.0897216796875,0
133.68,1734.48486328125,0
133.69,1733.190185546875,0
133.7,1733.5865478515625,0
133.71,1733.5865478515625,0
133.72,1733.5865478515625,0
133.73,1733.5865478515625,0
133.74,1733.5865478515625,0
133.75,1733.190185546875,0
133.76,1733.190185546875,0
133.77,1733.190185546875,0
133.78,1733.48876953125,0
133.79,1732.7911376953125,0
133.8,1733.48876953125,0
133.81,1732.1939697265625,0
133.82,1732.1939697265625,0
133.83,1731.8953857421875,0
133.84,1731.1978759765625,0
133.85,1730.701171875,0
133.86,1730.701171875,0
133.87,1730.701171875,0
133.88,1730.302001953125,0
133.89,1730.302001953125,0
133.9,1730.302001953125,0
133.91,1730.10400390625,0
133.92,1730.10400390625,0
133.93,1729.607177734375,0
133.94,1729.607177734375,0
133.95,1729.607177734375,0
133.96,1729.607177734375,0
133.97,1729.607177734375,0
133.98,1729.607177734375,0
133.99,1729.607177734375,0
134,1730.10400390625,0
134.01,1730.204345703125,0
134.02,1730.204345703125,0
134.03,1730.204345703125,0
134.04,1730.10400390625,0
134.05,1730.0035400390625,0
134.06,1730.10400390625,0
134.07,1730.204345703125,0
134.08,1730.204345703125,0
134.09,1730.0035400390625,0
134.1,1729.90576171875,0
134.11,1728.8092041015625,0
134.12,1729.208251953125,0
134.13,1729.90576171875,0
134.14,1730.402587890625,0
134.15,1729.90576171875,0
134.16,1729.208251953125,0
134.17,1729.010009765625,0
134.18,1729.010009765625,0
134.19,1729.010009765625,0
134.2,1729.010009765625,0
134.21,1727.5172119140625,0
134.22,1727.5172119140625,0
134.23,1727.218505859375,0
134.24,1727.218505859375,0
134.25,1726.819580078125,0
134.26,1726.4232177734375,0
134.27,1726.819580078125,0
134.28,1726.4232177734375,0
134.29,1726.4232177734375,0
134.3,1726.222412109375,0
134.31,1725.6279296875,0
134.32,1724.93017578125,0
134.33,1724.135009765625,0
134.34,1722.9405517578125,0
134.35,1722.9405517578125,0
134.36,1722.4439697265625,0
134.37,1722.3433837890625,0
134.38,1721.8466796875,0
134.39,1721.6485595703125,0
134.4,1721.3499755859375,0
134.41,1720.655029296875,0
134.42,1720.5545654296875,0
134.43,1720.057861328125,0
134.44,1718.765625,0
134.45,1718.665283203125,0
134.46,1718.36669921875,0
134.47,1717.4736328125,0
134.48,1717.2728271484375,0
134.49,1717.175048828125,0
134.5,1717.175048828125,0
134.51,1715.8829345703125,0
134.52,1715.0875244140625,0
134.53,1713.7955322265625,0
134.54,1713.7955322265625,0
134.55,1713.6978759765625,0
134.56,1712.9024658203125,0
134.57,1712.7042236328125,0
134.58,1712.506103515625,0
134.59,1712.4056396484375,0
134.6,1712.0067138671875,0
134.61,1712.0067138671875,0
134.62,1711.510009765625,0
134.63,1710.616943359375,0
134.64,1710.220458984375,0
134.65,1710.022216796875,0
134.66,1709.525634765625,0
134.67,1708.730224609375,0
134.68,1708.2333984375,0
134.69,1708.2333984375,0
134.7,1708.2333984375,0
134.71,1708.1357421875,0
134.72,1708.2333984375,0
134.73,1708.2333984375,0
134.74,1708.2333984375,0
134.75,1708.2333984375,0
134.76,1708.431640625,0
134.77,1708.431640625,0
134.78,1708.431640625,0
134.79,1708.431640625,0
134.8,1709.02880859375,0
134.81,1709.02880859375,0
134.82,1709.32470703125,0
134.83,1709.7236328125,0
134.84,1710.220458984375,0
134.85,1711.710693359375,0
134.86,1712.204833984375,0
134.87,1712.204833984375,0
134.88,1712.6038818359375,0
134.89,1712.7042236328125,0
134.9,1714.19189453125,0
134.91,1714.9871826171875,0
134.92,1715.5843505859375,0
134.93,1715.5843505859375,0
134.94,1715.5843505859375,0
134.95,1715.7825927734375,0
134.96,1716.3797607421875,0
134.97,1716.5780029296875,0
134.98,1716.4801025390625,0
134.99,1716.4801025390625,0
135,1716.4801025390625,0
135.01,1716.4801025390625,0
135.02,1716.3797607421875,0
135.03,1716.4801025390625,0
135.04,1716.4801025390625,0
135.05,1715.4866943359375,0
135.06,1715.3863525390625,0
135.07,1714.6912841796875,0
135.08,1714.5909423828125,0
135.09,1714.2923583984375,0
135.1,1713.6978759765625,0
135.11,1712.4056396484375,0
135.12,1712.4056396484375,0
135.13,1711.80859375,0
135.14,1711.80859375,0
135.15,1712.0067138671875,0
135.16,1712.0067138671875,0
135.17,1710.616943359375,0
135.18,1710.616943359375,0
135.19,1710.616943359375,0
135.2,1710.616943359375,0
135.21,1709.525634765625,0
135.22,1707.837158203125,0
135.23,1707.7366943359375,0
135.24,1707.53857421875,0
135.25,1707.34033203125,0
135.26,1707.34033203125,0
135.27,1707.34033203125,0
135.28,1707.34033203125,0
135.29,1707.34033203125,0
135.3,1707.34033203125,0
135.31,1707.7366943359375,0
135.32,1707.34033203125,0
135.33,1708.0352783203125,0
135.34,1708.0352783203125,0
135.35,1708.0352783203125,0
135.36,1708.0352783203125,0
135.37,1706.7431640625,0
135.38,1706.7431640625,0
135.39,1706.7431640625,0
135.4,1706.7431640625,0
135.41,1707.638916015625,0
135.42,1707.638916015625,0
135.43,1708.730224609375,0
135.44,1709.22705078125,0
135.45,1709.22705078125,0
135.46,1711.113525390625,0
135.47,1711.510009765625,0
135.48,1711.710693359375,0
135.49,1711.710693359375,0
135.5,1712.4056396484375,0
135.51,1712.4056396484375,0
135.52,1712.4056396484375,0
135.53,1712.4056396484375,0
135.54,1712.9024658203125,0
135.55,1712.4056396484375,0
135.56,1712.4056396484375,0
135.57,1710.616943359375,0
135.58,1710.616943359375,0
135.59,1710.318359375,0
135.6,1708.531982421875,0
135.61,1708.431640625,0
135.62,1707.837158203125,0
135.63,1707.837158203125,0
135.64,1707.638916015625,0
135.65,1706.8436279296875,0
135.66,1705.85009765625,0
135.67,1704.95703125,0
135.68,1704.7587890625,0
135.69,1703.0704345703125,0
135.7,1700.9854736328125,0
135.71,1699.4002685546875,0
135.72,1698.4066162109375,0
135.73,1697.6138916015625,0
135.74,1697.5135498046875,0
135.75,1696.8212890625,0
135.76,1696.4222412109375,0
135.77,1694.1419677734375,0
135.78,1694.1419677734375,0
135.79,1694.1419677734375,0
135.8,1693.44970703125,0
135.81,1693.44970703125,0
135.82,1693.5474853515625,0
135.83,1693.0506591796875,0
135.84,1693.5474853515625,0
135.85,1694.3402099609375,0
135.86,1694.4405517578125,0
135.87,1694.4405517578125,0
135.88,1695.6295166015625,0
135.89,1696.3245849609375,0
135.9,1696.4222412109375,0
135.91,1696.522705078125,0
135.92,1696.7208251953125,0
135.93,1697.3153076171875,0
135.94,1698.1107177734375,0
135.95,1699.5982666015625,0
135.96,1700.1929931640625,0
135.97,1700.8878173828125,0
135.98,1703.86572265625,0
135.99,1703.9635009765625,0
136,1705.7523193359375,0
136.01,1706.0482177734375,0
136.02,1706.0482177734375,0
136.03,1706.0482177734375,0
136.04,1706.6453857421875,0
136.05,1705.950439453125,0
136.06,1705.950439453125,0
136.07,1705.950439453125,0
136.08,1705.85009765625,0
136.09,1705.255615234375,0
136.1,1704.6583251953125,0
136.11,1702.3753662109375,0
136.12,1702.1773681640625,0
136.13,1700.8878173828125,0
136.14,1700.6895751953125,0
136.15,1700.6895751953125,0
136.16,1699.7965087890625,0
136.17,1699.7965087890625,0
136.18,1699.5982666015625,0
136.19,1699.2020263671875,0
136.2,1697.7117919921875,0
136.21,1697.7117919921875,0
136.22,1697.7117919921875,0
136.23,1697.7117919921875,0
136.24,1697.7117919921875,0
136.25,1696.522705078125,0
136.26,1696.3245849609375,0
136.27,1695.5318603515625,0
136.28,1695.0350341796875,0
136.29,1695.5318603515625,0
136.3,1695.5318603515625,0
136.31,1695.3309326171875,0
136.32,1695.5318603515625,0
136.33,1695.5318603515625,0
136.34,1695.5318603515625,0
136.35,1695.5318603515625,0
136.36,1696.0260009765625,0
136.37,1696.1263427734375,0
136.38,1696.2242431640625,0
136.39,1696.3245849609375,0
136.4,1696.6204833984375,0
136.41,1696.6204833984375,0
136.42,1696.3245849609375,0
136.43,1696.3245849609375,0
136.44,1696.6204833984375,0
136.45,1697.6138916015625,0
136.46,1697.9097900390625,0
136.47,1698.0103759765625,0
136.48,1698.3089599609375,0
136.49,1698.3089599609375,0
136.5,1698.4066162109375,0
136.51,1698.5072021484375,0
136.52,1698.5072021484375,0
136.53,1698.5072021484375,0
136.54,1698.8031005859375,0
136.55,1698.5072021484375,0
136.56,1698.5072021484375,0
136.57,1698.5072021484375,0
136.58,1697.7117919921875,0
136.59,1696.522705078125,0
136.6,1696.4222412109375,0
136.61,1694.8369140625,0
136.62,1694.044189453125,0
136.63,1693.44970703125,0
136.64,1691.6634521484375,0
136.65,1690.968505859375,0
136.66,1690.2762451171875,0
136.67,1688.98681640625,0
136.68,1688.5904541015625,0
136.69,1688.5904541015625,0
136.7,1688.194091796875,0
136.71,1687.898193359375,0
136.72,1687.3037109375,0
136.73,1685.221435546875,0
136.74,1683.8343505859375,0
136.75,1683.8343505859375,0
136.76,1682.9437255859375,0
136.77,1682.9437255859375,0
136.78,1682.9437255859375,0
136.79,1682.7457275390625,0
136.8,1682.7457275390625,0
136.81,1682.7457275390625,0
136.82,1682.5474853515625,0
136.83,1682.5474853515625,0
136.84,1682.1512451171875,0
136.85,1682.1512451171875,0
136.86,1682.1512451171875,0
136.87,1682.5474853515625,0
136.88,1682.7457275390625,0
136.89,1683.7364501953125,0
136.9,1684.5291748046875,0
136.91,1684.8251953125,0
136.92,1685.0233154296875,0
136.93,1685.1236572265625,0
136.94,1685.617919921875,0
136.95,1685.71826171875,0
136.96,1687.4013671875,0
136.97,1689.087158203125,0
136.98,1690.078125,0
136.99,1690.870849609375,0
137,1691.0689697265625,0
137.01,1691.0689697265625,0
137.02,1691.6634521484375,0
137.03,1691.8616943359375,0
137.04,1691.9620361328125,0
137.05,1691.8616943359375,0
137.06,1693.25146484375,0
137.07,1693.8460693359375,0
137.08,1693.25146484375,0
137.09,1693.25146484375,0
137.1,1693.25146484375,0
137.11,1692.1602783203125,0
137.12,1690.474365234375,0
137.13,1690.1759033203125,0
137.14,1689.9776611328125,0
137.15,1689.8798828125,0
137.16,1688.69091796875,0
137.17,1687.7978515625,0
137.18,1687.7978515625,0
137.19,1687.3037109375,0
137.2,1687.3037109375,0
137.21,1687.599609375,0
137.22,1687.599609375,0
137.23,1687.3037109375,0
137.24,1687.3037109375,0
137.25,1686.806884765625,0
137.26,1685.617919921875,0
137.27,1685.3218994140625,0
137.28,1685.3218994140625,0
137.29,1684.7274169921875,0
137.3,1683.23974609375,0
137.31,1683.23974609375,0
137.32,1682.6478271484375,0
137.33,1682.0506591796875,0
137.34,1681.5565185546875,0
137.35,1681.3585205078125,0
137.36,1680.8642578125,0
137.37,1680.8642578125,0
137.38,1679.577392578125,0
137.39,1679.577392578125,0
137.4,1679.47705078125,0
137.41,1679.47705078125,0
137.42,1679.577392578125,0
137.43,1679.47705078125,0
137.44,1679.47705078125,0
137.45,1679.47705078125,0
137.46,1679.18115234375,0
137.47,1679.18115234375,0
137.48,1679.18115234375,0
137.49,1679.18115234375,0
137.5,1677.595703125,0
137.51,1677.2998046875,0
137.52,1677.2998046875,0
137.53,1676.5072021484375,0
137.54,1676.2113037109375,0
137.55,1674.9244384765625,0
137.56,1674.9244384765625,0
137.57,1674.9244384765625,0
137.58,1676.0130615234375,0
137.59,1676.0130615234375,0
137.6,1674.528076171875,0
137.61,1674.528076171875,0
137.62,1675.6165771484375,0
137.63,1676.0130615234375,0
137.64,1676.0130615234375,0
137.65,1675.6165771484375,0
137.66,1675.6165771484375,0
137.67,1675.6165771484375,0
137.68,1676.705322265625,0
137.69,1676.705322265625,0
137.7,1676.705322265625,0
137.71,1675.91259765625,0
137.72,1674.823974609375,0
137.73,1675.91259765625,0
137.74,1676.705322265625,0
137.75,1675.91259765625,0
137.76,1675.91259765625,0
137.77,1675.12255859375,0
137.78,1675.12255859375,0
137.79,1674.6258544921875,0
137.8,1675.12255859375,0
137.81,1675.12255859375,0
137.82,1675.12255859375,0
137.83,1674.6258544921875,0
137.84,1674.528076171875,0
137.85,1674.1317138671875,0
137.86,1674.033935546875,0
137.87,1674.033935546875,0
137.88,1673.439453125,0
137.89,1673.3389892578125,0
137.9,1673.3389892578125,0
137.91,1673.3389892578125,0
137.92,1673.3389892578125,0
137.93,1673.3389892578125,0
137.94,1671.856689453125,0
137.95,1671.856689453125,0
137.96,1671.856689453125,0
137.97,1672.152587890625,0
137.98,1673.7353515625,0
137.99,1672.5489501953125,0
138,1672.5489501953125,0
138.01,1673.6375732421875,0
138.02,1673.6375732421875,0
138.03,1673.6375732421875,0
138.04,1673.6375732421875,0
138.05,1673.6375732421875,0
138.06,1673.6375732421875,0
138.07,1673.2412109375,0
138.08,1673.2412109375,0
138.09,1672.844970703125,0
138.1,1672.844970703125,0
138.11,1672.7470703125,0
138.12,1672.646728515625,0
138.13,1672.646728515625,0
138.14,1672.448486328125,0
138.15,1672.448486328125,0
138.16,1672.448486328125,0
138.17,1671.856689453125,0
138.18,1671.856689453125,0
138.19,1671.856689453125,0
138.2,1671.7562255859375,0
138.21,1671.7562255859375,0
138.22,1671.7562255859375,0
138.23,1672.448486328125,0
138.24,1672.448486328125,0
138.25,1672.448486328125,0
138.26,1672.448486328125,0
138.27,1672.646728515625,0
138.28,1672.646728515625,0
138.29,1672.646728515625,0
138.3,1672.448486328125,0
138.31,1672.448486328125,0
138.32,1671.954345703125,0
138.33,1671.55810546875,0
138.34,1671.4603271484375,0
138.35,1671.4603271484375,0
138.36,1671.2620849609375,0
138.37,1671.2620849609375,0
138.38,1671.2620849609375,0
138.39,1669.9752197265625,0
138.4,1669.3834228515625,0
138.41,1669.185302734375,0
138.42,1667.998779296875,0
138.43,1667.998779296875,0
138.44,1667.8984375,0
138.45,1666.315673828125,0
138.46,1666.2178955078125,0
138.47,1666.2178955078125,0
138.48,1666.2178955078125,0
138.49,1666.2178955078125,0
138.5,1665.8216552734375,0
138.51,1665.8216552734375,0
138.52,1665.8216552734375,0
138.53,1666.1175537109375,0
138.54,1666.1175537109375,0
138.55,1665.7237548828125,0
138.56,1665.5257568359375,0
138.57,1664.9310302734375,0
138.58,1663.35107421875,0
138.59,1662.756591796875,0
138.6,1662.2623291015625,0
138.61,1661.7681884765625,0
138.62,1660.5819091796875,0
138.63,1660.484130859375,0
138.64,1659.2977294921875,0
138.65,1659.2977294921875,0
138.66,1659.2977294921875,0
138.67,1659.001708984375,0
138.68,1659.001708984375,0
138.69,1659.001708984375,0
138.7,1658.8035888671875,0
138.71,1658.2117919921875,0
138.72,1657.915771484375,0
138.73,1658.2117919921875,0
138.74,1657.915771484375,0
138.75,1657.915771484375,0
138.76,1657.915771484375,0
138.77,1657.915771484375,0
138.78,1657.421630859375,0
138.79,1657.3211669921875,0
138.8,1657.3211669921875,0
138.81,1657.3211669921875,0
138.82,1657.3211669921875,0
138.83,1657.3211669921875,0
138.84,1657.3211669921875,0
138.85,1657.3211669921875,0
138.86,1657.5194091796875,0
138.87,1657.915771484375,0
138.88,1658.2117919921875,0
138.89,1658.3094482421875,0
138.9,1658.705810546875,0
138.91,1658.705810546875,0
138.92,1658.705810546875,0
138.93,1658.705810546875,0
138.94,1659.001708984375,0
138.95,1659.001708984375,0
138.96,1659.694091796875,0
138.97,1659.791748046875,0
138.98,1659.989990234375,0
138.99,1660.188232421875,0
139,1660.8778076171875,0
139.01,1661.6705322265625,0
139.02,1662.756591796875,0
139.03,1663.64697265625,0
139.04,1664.14111328125,0
139.05,1664.43701171875,0
139.06,1664.3392333984375,0
139.07,1664.43701171875,0
139.08,1664.537353515625,0
139.09,1664.8333740234375,0
139.1,1664.8333740234375,0
139.11,1664.8333740234375,0
139.12,1664.6351318359375,0
139.13,1664.6351318359375,0
139.14,1664.3392333984375,0
139.15,1664.14111328125,0
139.16,1663.94287109375,0
139.17,1663.15283203125,0
139.18,1662.65869140625,0
139.19,1662.064208984375,0
139.2,1662.064208984375,0
139.21,1661.8687744140625,0
139.22,1661.8687744140625,0
139.23,1661.4722900390625,0
139.24,1661.274169921875,0
139.25,1660.780029296875,0
139.26,1660.780029296875,0
139.27,1658.705810546875,0
139.28,1656.7293701171875,0
139.29,1656.53125,0
139.3,1655.54296875,0
139.31,1655.3447265625,0
139.32,1655.2469482421875,0
139.33,1655.2469482421875,0
139.34,1655.048828125,0
139.35,1654.9510498046875,0
139.36,1654.9510498046875,0
139.37,1654.3592529296875,0
139.38,1654.9510498046875,0
139.39,1654.9510498046875,0
139.4,1655.048828125,0
139.41,1655.048828125,0
139.42,1654.7528076171875,0
139.43,1654.7528076171875,0
139.44,1655.7412109375,0
139.45,1655.9393310546875,0
139.46,1656.2353515625,0
139.47,1655.9393310546875,0
139.48,1656.2353515625,0
139.49,1657.8153076171875,0
139.5,1657.8153076171875,0
139.51,1658.1112060546875,0
139.52,1658.1112060546875,0
139.53,1658.1112060546875,0
139.54,1656.927490234375,0
139.55,1656.927490234375,0
139.56,1657.123046875,0
139.57,1656.927490234375,0
139.58,1656.8271484375,0
139.59,1656.8271484375,0
139.6,1656.53125,0
139.61,1656.62890625,0
139.62,1656.8271484375,0
139.63,1657.123046875,0
139.64,1656.8271484375,0
139.65,1656.8271484375,0
139.66,1656.8271484375,0
139.67,1657.123046875,0
139.68,1657.123046875,0
139.69,1657.123046875,0
139.7,1657.123046875,0
139.71,1656.8271484375,0
139.72,1656.3330078125,0
139.73,1655.7412109375,0
139.74,1654.1610107421875,0
139.75,1652.6787109375,0
139.76,1652.3828125,0
139.77,1651.9891357421875,0
139.78,1651.7908935546875,0
139.79,1650.704833984375,0
139.8,1647.64501953125,0
139.81,1646.1627197265625,0
139.82,1646.0650634765625,0
139.83,1646.0650634765625,0
139.84,1646.0650634765625,0
139.85,1645.1771240234375,0
139.86,1645.1771240234375,0
139.87,1644.0911865234375,0
139.88,1644.0911865234375,0
139.89,1643.993408203125,0
139.9,1643.3038330078125,0
139.91,1642.413330078125,0
139.92,1642.117431640625,0
139.93,1642.117431640625,0
139.94,1642.413330078125,0
139.95,1642.413330078125,0
139.96,1643.4014892578125,0
139.97,1643.0052490234375,0
139.98,1643.4014892578125,0
139.99,1643.7952880859375,0
140,1643.7952880859375,0
140.01,1644.38720703125,0
140.02,1644.487548828125,0
140.03,1645.1771240234375,0
140.04,1645.3753662109375,0
140.05,1648.13916015625,0
140.06,1648.13916015625,0
140.07,1648.334716796875,0
140.08,1648.334716796875,0
140.09,1648.5328369140625,0
140.1,1649.3228759765625,0
140.11,1649.420654296875,0
140.12,1649.817138671875,0
140.13,1649.817138671875,0
140.14,1650.6044921875,0
140.15,1651.0008544921875,0
140.16,1651.0008544921875,0
140.17,1650.6044921875,0
140.18,1650.5067138671875,0
140.19,1649.817138671875,0
140.2,1649.3228759765625,0
140.21,1649.3228759765625,0
140.22,1649.3228759765625,0
140.23,1649.0269775390625,0
140.24,1648.6307373046875,0
140.25,1648.9266357421875,0
140.26,1648.13916015625,0
140.27,1648.13916015625,0
140.28,1648.13916015625,0
140.29,1648.9266357421875,0
140.3,1647.44677734375,0
140.31,1647.44677734375,0
140.32,1647.44677734375,0
140.33,1647.44677734375,0
140.34,1647.44677734375,0
140.35,1647.44677734375,0
140.36,1648.5328369140625,0
140.37,1648.5328369140625,0
140.38,1647.44677734375,0
140.39,1646.754638671875,0
140.4,1646.754638671875,0
140.41,1646.754638671875,0
140.42,1645.3753662109375,0
140.43,1644.487548828125,0
140.44,1644.289306640625,0
140.45,1643.993408203125,0
140.46,1643.993408203125,0
140.47,1643.993408203125,0
140.48,1643.993408203125,0
140.49,1643.993408203125,0
140.5,1643.993408203125,0
140.51,1643.499267578125,0
140.52,1643.499267578125,0
140.53,1643.4014892578125,0
140.54,1643.4014892578125,0
140.55,1643.2032470703125,0
140.56,1642.513671875,0
140.57,1642.513671875,0
140.58,1642.513671875,0
140.59,1642.513671875,0
140.6,1643.2032470703125,0
140.61,1643.4014892578125,0
140.62,1644.68310546875,0
140.63,1644.68310546875,0
140.64,1645.3753662109375,0
140.65,1645.3753662109375,0
140.66,1645.3753662109375,0
140.67,1644.97900390625,0
140.68,1644.68310546875,0
140.69,1644.585205078125,0
140.7,1644.585205078125,0
140.71,1644.585205078125,0
140.72,1644.97900390625,0
140.73,1644.585205078125,0
140.74,1644.97900390625,0
140.75,1644.97900390625,0
140.76,1643.0052490234375,0
140.77,1644.0911865234375,0
140.78,1644.0911865234375,0
140.79,1643.0052490234375,0
140.8,1643.0052490234375,0
140.81,1643.0052490234375,0
140.82,1643.6973876953125,0
140.83,1643.6973876953125,0
140.84,1643.6973876953125,0
140.85,1644.0911865234375,0
140.86,1643.6973876953125,0
140.87,1643.6973876953125,0
140.88,1644.1915283203125,0
140.89,1644.1915283203125,0
140.9,1643.3038330078125,0
140.91,1643.3038330078125,0
140.92,1642.8095703125,0
140.93,1642.3154296875,0
140.94,1642.01953125,0
140.95,1642.01953125,0
140.96,1642.01953125,0
140.97,1641.525390625,0
140.98,1639.652099609375,0
140.99,1639.45654296875,0
141,1638.2728271484375,0
141.01,1637.87646484375,0
141.02,1637.680908203125,0
141.03,1637.482666015625,0
141.04,1636.9912109375,0
141.05,1636.9912109375,0
141.06,1636.2012939453125,0
141.07,1634.623779296875,0
141.08,1634.2301025390625,0
141.09,1634.2301025390625,0
141.1,1634.0318603515625,0
141.11,1633.3421630859375,0
141.12,1633.3421630859375,0
141.13,1633.3421630859375,0
141.14,1633.14404296875,0
141.15,1633.0462646484375,0
141.16,1632.3565673828125,0
141.17,1632.0606689453125,0
141.18,1631.4688720703125,0
141.19,1630.879638671875,0
141.2,1630.779052734375,0
141.21,1629.7962646484375,0
141.22,1629.6956787109375,0
141.23,1629.204345703125,0
141.24,1629.1064453125,0
141.25,1628.710205078125,0
141.26,1628.4168701171875,0
141.27,1627.1353759765625,0
141.28,1627.03759765625,0
141.29,1626.937255859375,0
141.3,1626.83935546875,0
141.31,1626.641357421875,0
141.32,1626.3480224609375,0
141.33,1626.1497802734375,0
141.34,1626.0521240234375,0
141.35,1625.9542236328125,0
141.36,1625.3624267578125,0
141.37,1625.3624267578125,0
141.38,1624.870849609375,0
141.39,1624.1812744140625,0
141.4,1624.870849609375,0
141.41,1624.870849609375,0
141.42,1624.1812744140625,0
141.43,1623.8853759765625,0
141.44,1623.8853759765625,0
141.45,1623.8853759765625,0
141.46,1623.8853759765625,0
141.47,1622.2127685546875,0
141.48,1622.2127685546875,0
141.49,1622.2127685546875,0
141.5,1621.8165283203125,0
141.51,1622.0145263671875,0
141.52,1622.0145263671875,0
141.53,1622.2127685546875,0
141.54,1622.2127685546875,0
141.55,1622.0145263671875,0
141.56,1622.0145263671875,0
141.57,1621.324951171875,0
141.58,1621.324951171875,0
141.59,1621.324951171875,0
141.6,1621.324951171875,0
141.61,1621.324951171875,0
141.62,1621.324951171875,0
141.63,1621.324951171875,0
141.64,1621.5230712890625,0
141.65,1621.5230712890625,0
141.66,1621.8165283203125,0
141.67,1621.620849609375,0
141.68,1621.620849609375,0
141.69,1621.5230712890625,0
141.7,1621.5230712890625,0
141.71,1621.22705078125,0
141.72,1621.22705078125,0
141.73,1621.22705078125,0
141.74,1621.22705078125,0
141.75,1621.22705078125,0
141.76,1619.847900390625,0
141.77,1619.847900390625,0
141.78,1620.5374755859375,0
141.79,1620.5374755859375,0
141.8,1620.4398193359375,0
141.81,1620.5374755859375,0
141.82,1620.4398193359375,0
141.83,1620.1439208984375,0
141.84,1619.65234375,0
141.85,1619.65234375,0
141.86,1620.1439208984375,0
141.87,1619.65234375,0
141.88,1619.65234375,0
141.89,1619.65234375,0
141.9,1619.3564453125,0
141.91,1618.666748046875,0
141.92,1618.666748046875,0
141.93,1618.7672119140625,0
141.94,1619.3564453125,0
141.95,1619.3564453125,0
141.96,1619.7501220703125,0
141.97,1620.0460205078125,0
141.98,1622.7042236328125,0
141.99,1623.78759765625,0
142,1625.166748046875,0
142.01,1625.166748046875,0
142.02,1625.166748046875,0
142.03,1625.166748046875,0
142.04,1625.166748046875,0
142.05,1624.96875,0
142.06,1624.4771728515625,0
142.07,1624.279052734375,0
142.08,1623.78759765625,0
142.09,1621.324951171875,0
142.1,1621.12939453125,0
142.11,1621.12939453125,0
142.12,1620.3419189453125,0
142.13,1619.847900390625,0
142.14,1619.060546875,0
142.15,1619.060546875,0
142.16,1619.847900390625,0
142.17,1618.3707275390625,0
142.18,1619.160888671875,0
142.19,1619.160888671875,0
142.2,1619.160888671875,0
142.21,1619.160888671875,0
142.22,1619.160888671875,0
142.23,1619.4541015625,0
142.24,1619.160888671875,0
142.25,1619.160888671875,0
142.26,1619.160888671875,0
142.27,1619.160888671875,0
142.28,1618.962646484375,0
142.29,1618.962646484375,0
142.3,1618.962646484375,0
142.31,1618.962646484375,0
142.32,1618.3707275390625,0
142.33,1618.3707275390625,0
142.34,1618.2730712890625,0
142.35,1618.17529296875,0
142.36,1618.17529296875,0
142.37,1618.17529296875,0
142.38,1618.17529296875,0
142.39,1618.17529296875,0
142.4,1618.0775146484375,0
142.41,1618.0775146484375,0
142.42,1617.0919189453125,0
142.43,1617.0919189453125,0
142.44,1619.3564453125,0
142.45,1619.3564453125,0
142.46,1619.4541015625,0
142.47,1619.4541015625,0
142.48,1619.4541015625,0
142.49,1619.4541015625,0
142.5,1619.3564453125,0
142.51,1620.0460205078125,0
142.52,1620.1439208984375,0
142.53,1620.1439208984375,0
142.54,1620.1439208984375,0
142.55,1620.0460205078125,0
142.56,1620.1439208984375,0
142.57,1620.1439208984375,0
142.58,1620.1439208984375,0
142.59,1620.1439208984375,0
142.6,1619.258544921875,0
142.61,1618.962646484375,0
142.62,1618.962646484375,0
142.63,1618.962646484375,0
142.64,1618.962646484375,0
142.65,1618.7672119140625,0
142.66,1618.666748046875,0
142.67,1618.666748046875,0
142.68,1618.666748046875,0
142.69,1618.2730712890625,0
142.7,1618.2730712890625,0
142.71,1618.17529296875,0
142.72,1617.979736328125,0
142.73,1617.979736328125,0
142.74,1617.979736328125,0
142.75,1617.979736328125,0
142.76,1617.781494140625,0
142.77,1617.2900390625,0
142.78,1616.994140625,0
142.79,1616.8963623046875,0
142.8,1616.01123046875,0
142.81,1615.6175537109375,0
142.82,1615.321533203125,0
142.83,1615.321533203125,0
142.84,1614.634521484375,0
142.85,1612.9619140625,0
142.86,1612.9619140625,0
142.87,1612.174560546875,0
142.88,1611.6832275390625,0
142.89,1611.38720703125,0
142.9,1611.38720703125,0
142.91,1611.38720703125,0
142.92,1611.38720703125,0
142.93,1611.38720703125,0
142.94,1611.38720703125,0
142.95,1610.7001953125,0
142.96,1610.2060546875,0
142.97,1609.323486328125,0
142.98,1609.323486328125,0
142.99,1609.323486328125,0
143,1608.2401123046875,0
143.01,1607.94677734375,0
143.02,1607.846435546875,0
143.03,1607.65087890625,0
143.04,1607.35498046875,0
143.05,1607.0616455078125,0
143.06,1606.66796875,0
143.07,1606.0787353515625,0
143.08,1605.98095703125,0
143.09,1605.193603515625,0
143.1,1605.0958251953125,0
143.11,1604.998046875,0
143.12,1604.998046875,0
143.13,1604.40625,0
143.14,1603.8170166015625,0
143.15,1603.8170166015625,0
143.16,1604.2105712890625,0
143.17,1603.7191162109375,0
143.18,1604.2105712890625,0
143.19,1603.7191162109375,0
143.2,1603.0322265625,0
143.21,1602.638427734375,0
143.22,1602.4429931640625,0
143.23,1602.4429931640625,0
143.24,1602.4429931640625,0
143.25,1602.4429931640625,0
143.26,1602.4429931640625,0
143.27,1602.4429931640625,0
143.28,1602.4429931640625,0
143.29,1602.4429931640625,0
143.3,1601.655517578125,0
143.31,1601.655517578125,0
143.32,1601.655517578125,0
143.33,1601.655517578125,0
143.34,1601.3621826171875,0
143.35,1601.3621826171875,0
143.36,1601.3621826171875,0
143.37,1601.655517578125,0
143.38,1601.85107421875,0
143.39,1601.85107421875,0
143.4,1601.85107421875,0
143.41,1601.85107421875,0
143.42,1601.85107421875,0
143.43,1601.951416015625,0
143.44,1601.951416015625,0
143.45,1601.951416015625,0
143.46,1601.951416015625,0
143.47,1602.638427734375,0
143.48,1602.638427734375,0
143.49,1602.0491943359375,0
143.5,1603.0322265625,0
143.51,1602.3424072265625,0
143.52,1603.0322265625,0
143.53,1602.4429931640625,0
143.54,1602.3424072265625,0
143.55,1602.3424072265625,0
143.56,1602.3424072265625,0
143.57,1602.4429931640625,0
143.58,1603.7191162109375,0
143.59,1603.7191162109375,0
143.6,1604.1129150390625,0
143.61,1604.2105712890625,0
143.62,1604.2105712890625,0
143.63,1605.0958251953125,0
143.64,1605.193603515625,0
143.65,1605.193603515625,0
143.66,1605.193603515625,0
143.67,1605.193603515625,0
143.68,1604.50390625,0
143.69,1604.50390625,0
143.7,1603.8170166015625,0
143.71,1603.8170166015625,0
143.72,1602.9344482421875,0
143.73,1601.951416015625,0
143.74,1601.5577392578125,0
143.75,1601.5577392578125,0
143.76,1601.951416015625,0
143.77,1601.951416015625,0
143.78,1601.5577392578125,0
143.79,1601.4599609375,0
143.8,1601.2618408203125,0
143.81,1601.4599609375,0
143.82,1601.4599609375,0
143.83,1601.3621826171875,0
143.84,1601.3621826171875,0
143.85,1601.2618408203125,0
143.86,1601.2618408203125,0
143.87,1601.2618408203125,0
143.88,1601.3621826171875,0
143.89,1601.951416015625,0
143.9,1601.3621826171875,0
143.91,1601.951416015625,0
143.92,1601.951416015625,0
143.93,1602.3424072265625,0
143.94,1602.3424072265625,0
143.95,1601.5577392578125,0
143.96,1601.5577392578125,0
143.97,1600.8707275390625,0
143.98,1600.47705078125,0
143.99,1600.083251953125,0
144,1600.083251953125,0
144.01,1600.083251953125,0
144.02,1599.985595703125,0
144.03,1599.3963623046875,0
144.04,1599.002685546875,0
144.05,1597.43310546875,0
144.06,1597.43310546875,0
144.07,1597.43310546875,0
144.08,1596.9415283203125,0
144.09,1596.9415283203125,0
144.1,1596.5479736328125,0
144.11,1596.1541748046875,0
144.12,1596.1541748046875,0
144.13,1596.1541748046875,0
144.14,1596.1541748046875,0
144.15,1596.1541748046875,0
144.16,1595.7630615234375,0
144.17,1595.7630615234375,0
144.18,1595.6627197265625,0
144.19,1595.7630615234375,0
144.2,1595.958740234375,0
144.21,1596.5479736328125,0
144.22,1595.958740234375,0
144.23,1595.6627197265625,0
144.24,1595.1739501953125,0
144.25,1594.682373046875,0
144.26,1594.682373046875,0
144.27,1595.958740234375,0
144.28,1595.076171875,0
144.29,1594.8779296875,0
144.3,1594.8779296875,0
144.31,1594.8779296875,0
144.32,1595.076171875,0
144.33,1595.076171875,0
144.34,1595.076171875,0
144.35,1595.076171875,0
144.36,1594.8779296875,0
144.37,1594.4869384765625,0
144.38,1594.2886962890625,0
144.39,1593.40625,0
144.4,1593.40625,0
144.41,1593.308349609375,0
144.42,1593.308349609375,0
144.43,1593.308349609375,0
144.44,1593.308349609375,0
144.45,1595.1739501953125,0
144.46,1595.3695068359375,0
144.47,1595.3695068359375,0
144.48,1596.352294921875,0
144.49,1596.352294921875,0
144.5,1596.352294921875,0
144.51,1596.6456298828125,0
144.52,1596.352294921875,0
144.53,1596.352294921875,0
144.54,1596.6456298828125,0
144.55,1596.352294921875,0
144.56,1596.352294921875,0
144.57,1596.352294921875,0
144.58,1595.6627197265625,0
144.59,1595.5675048828125,0
144.6,1595.5675048828125,0
144.61,1595.5675048828125,0
144.62,1595.5675048828125,0
144.63,1595.2716064453125,0
144.64,1595.2716064453125,0
144.65,1595.1739501953125,0
144.66,1595.076171875,0
144.67,1594.3890380859375,0
144.68,1593.1102294921875,0
144.69,1593.1102294921875,0
144.7,1592.7191162109375,0
144.71,1592.7191162109375,0
144.72,1593.9954833984375,0
144.73,1593.9954833984375,0
144.74,1593.9954833984375,0
144.75,1593.8975830078125,0
144.76,1593.50390625,0
144.77,1593.50390625,0
144.78,1592.7191162109375,0
144.79,1592.7191162109375,0
144.8,1592.0322265625,0
144.81,1591.836669921875,0
144.82,1591.5406494140625,0
144.83,1591.5406494140625,0
144.84,1591.149658203125,0
144.85,1590.853759765625,0
144.86,1590.853759765625,0
144.87,1588.9908447265625,0
144.88,1587.7147216796875,0
144.89,1587.3209228515625,0
144.9,1587.22314453125,0
144.91,1587.027587890625,0
144.92,1586.04736328125,0
144.93,1584.3800048828125,0
144.94,1584.279541015625,0
144.95,1583.9862060546875,0
144.96,1583.3970947265625,0
144.97,1582.908203125,0
144.98,1582.5145263671875,0
144.99,1582.12353515625,0
145,1582.12353515625,0
145.01,1582.12353515625,0
145.02,1581.729736328125,0
145.03,1581.3387451171875,0
145.04,1581.1431884765625,0
145.05,1581.729736328125,0
145.06,1581.729736328125,0
145.07,1581.1431884765625,0
145.08,1580.849853515625,0
145.09,1580.3583984375,0
145.1,1580.0650634765625,0
145.11,1580.0650634765625,0
145.12,1580.0650634765625,0
145.13,1579.57373046875,0
145.14,1579.1824951171875,0
145.15,1579.1824951171875,0
145.16,1579.57373046875,0
145.17,1579.57373046875,0
145.18,1579.1824951171875,0
145.19,1579.0848388671875,0
145.2,1578.8865966796875,0
145.21,1578.691162109375,0
145.22,1578.691162109375,0
145.23,1578.691162109375,0
145.24,1578.397705078125,0
145.25,1578.397705078125,0
145.26,1578.300048828125,0
145.27,1577.613037109375,0
145.28,1577.613037109375,0
145.29,1577.41748046875,0
145.3,1577.41748046875,0
145.31,1577.0238037109375,0
145.32,1576.926025390625,0
145.33,1576.437255859375,0
145.34,1575.5545654296875,0
145.35,1575.5545654296875,0
145.36,1575.359130859375,0
145.37,1575.16357421875,0
145.38,1574.7725830078125,0
145.39,1574.4766845703125,0
145.4,1574.183349609375,0
145.41,1574.183349609375,0
145.42,1574.183349609375,0
145.43,1573.889892578125,0
145.44,1573.889892578125,0
145.45,1574.2811279296875,0
145.46,1574.183349609375,0
145.47,1574.183349609375,0
145.48,1574.2811279296875,0
145.49,1574.2811279296875,0
145.5,1574.183349609375,0
145.51,1574.183349609375,0
145.52,1574.183349609375,0
145.53,1574.183349609375,0
145.54,1574.183349609375,0
145.55,1573.792236328125,0
145.56,1573.792236328125,0
145.57,1573.3985595703125,0
145.58,1573.3985595703125,0
145.59,1573.5966796875,0
145.6,1573.4989013671875,0
145.61,1573.4989013671875,0
145.62,1573.3985595703125,0
145.63,1573.3985595703125,0
145.64,1573.4989013671875,0
145.65,1573.4989013671875,0
145.66,1573.5966796875,0
145.67,1573.4989013671875,0
145.68,1573.4989013671875,0
145.69,1573.4989013671875,0
145.7,1573.6944580078125,0
145.71,1573.6944580078125,0
145.72,1573.6944580078125,0
145.73,1573.6944580078125,0
145.74,1573.6944580078125,0
145.75,1573.3985595703125,0
145.76,1573.3985595703125,0
145.77,1573.6944580078125,0
145.78,1573.6944580078125,0
145.79,1573.6944580078125,0
145.8,1574.2811279296875,0
145.81,1574.2811279296875,0
145.82,1574.672119140625,0
145.83,1574.870361328125,0
145.84,1574.870361328125,0
145.85,1574.870361328125,0
145.86,1574.5743408203125,0
145.87,1574.2811279296875,0
145.88,1574.2811279296875,0
145.89,1574.2811279296875,0
145.9,1574.5743408203125,0
145.91,1574.5743408203125,0
145.92,1574.5743408203125,0
145.93,1574.968017578125,0
145.94,1575.06591796875,0
145.95,1575.8505859375,0
145.96,1575.8505859375,0
145.97,1575.8505859375,0
145.98,1575.8505859375,0
145.99,1575.8505859375,0
146,1576.437255859375,0
146.01,1576.437255859375,0
146.02,1576.5350341796875,0
146.03,1576.6326904296875,0
146.04,1576.926025390625,0
146.05,1576.926025390625,0
146.06,1577.124267578125,0
146.07,1577.124267578125,0
146.08,1577.221923828125,0
146.09,1577.221923828125,0
146.1,1577.221923828125,0
146.11,1577.8084716796875,0
146.12,1577.8084716796875,0
146.13,1577.8084716796875,0
146.14,1577.8084716796875,0
146.15,1577.8084716796875,0
146.16,1577.8084716796875,0
146.17,1576.046142578125,0
146.18,1575.94580078125,0
146.19,1575.94580078125,0
146.2,1575.16357421875,0
146.21,1574.870361328125,0
146.22,1572.90966796875,0
146.23,1572.3231201171875,0
146.24,1572.0272216796875,0
146.25,1571.73388671875,0
146.26,1571.2449951171875,0
146.27,1571.73388671875,0
146.28,1571.0467529296875,0
146.29,1571.0467529296875,0
146.3,1570.9517822265625,0
146.31,1570.9517822265625,0
146.32,1570.9517822265625,0
146.33,1570.9517822265625,0
146.34,1570.9517822265625,0
146.35,1570.9517822265625,0
146.36,1569.67822265625,0
146.37,1569.67822265625,0
146.38,1569.0888671875,0
146.39,1569.0888671875,0
146.4,1569.67822265625,0
146.41,1569.67822265625,0
146.42,1569.67822265625,0
146.43,1570.1669921875,0
146.44,1570.1669921875,0
146.45,1570.1669921875,0
146.46,1569.284423828125,0
146.47,1569.77587890625,0
146.48,1569.284423828125,0
146.49,1569.284423828125,0
146.5,1569.284423828125,0
146.51,1569.3848876953125,0
146.52,1569.284423828125,0
146.53,1569.3848876953125,0
146.54,1569.77587890625,0
146.55,1570.0692138671875,0
146.56,1570.1669921875,0
146.57,1570.2647705078125,0
146.58,1571.3427734375,0
146.59,1570.2647705078125,0
146.6,1570.2647705078125,0
146.61,1570.2647705078125,0
146.62,1570.1669921875,0
146.63,1570.2647705078125,0
146.64,1570.2647705078125,0
146.65,1569.8736572265625,0
146.66,1569.284423828125,0
146.67,1568.306884765625,0
146.68,1568.306884765625,0
146.69,1568.306884765625,0
146.7,1568.208984375,0
146.71,1568.0135498046875,0
146.72,1565.173095703125,0
146.73,1564.9775390625,0
146.74,1564.7818603515625,0
146.75,1564.09765625,0
146.76,1562.4329833984375,0
146.77,1562.1396484375,0
146.78,1561.944091796875,0
146.79,1561.5504150390625,0
146.8,1561.4552001953125,0
146.81,1561.3548583984375,0
146.82,1560.083984375,0
146.83,1559.986083984375,0
146.84,1559.986083984375,0
146.85,1559.79052734375,0
146.86,1559.986083984375,0
146.87,1559.986083984375,0
146.88,1559.986083984375,0
146.89,1560.083984375,0
146.9,1560.377197265625,0
146.91,1560.5726318359375,0
146.92,1560.5726318359375,0
146.93,1560.865966796875,0
146.94,1560.865966796875,0
146.95,1560.865966796875,0
146.96,1561.5504150390625,0
146.97,1562.4329833984375,0
146.98,1562.9217529296875,0
146.99,1562.9217529296875,0
147,1563.3128662109375,0
147.01,1564.4886474609375,0
147.02,1563.3128662109375,0
147.03,1564.4886474609375,0
147.04,1564.4886474609375,0
147.05,1563.6060791015625,0
147.06,1564.4886474609375,0
147.07,1565.6617431640625,0
147.08,1565.6617431640625,0
147.09,1564.4886474609375,0
147.1,1564.09765625,0
147.11,1564.09765625,0
147.12,1563.703857421875,0
147.13,1563.703857421875,0
147.14,1563.703857421875,0
147.15,1563.4105224609375,0
147.16,1563.215087890625,0
147.17,1561.8463134765625,0
147.18,1561.1593017578125,0
147.19,1561.1593017578125,0
147.2,1561.0615234375,0
147.21,1560.2794189453125,0
147.22,1560.181640625,0
147.23,1560.181640625,0
147.24,1559.986083984375,0
147.25,1559.106201171875,0
147.26,1558.5196533203125,0
147.27,1558.5196533203125,0
147.28,1557.930419921875,0
147.29,1558.5196533203125,0
147.3,1558.5196533203125,0
147.31,1558.91064453125,0
147.32,1558.91064453125,0
147.33,1558.91064453125,0
147.34,1559.3017578125,0
147.35,1559.3995361328125,0
147.36,1559.3995361328125,0
147.37,1560.2794189453125,0
147.38,1561.1593017578125,0
147.39,1561.74853515625,0
147.4,1561.8463134765625,0
147.41,1562.3350830078125,0
147.42,1562.3350830078125,0
147.43,1562.823974609375,0
147.44,1562.823974609375,0
147.45,1562.823974609375,0
147.46,1562.3350830078125,0
147.47,1562.3350830078125,0
147.48,1562.3350830078125,0
147.49,1561.6507568359375,0
147.5,1560.768310546875,0
147.51,1559.5950927734375,0
147.52,1559.106201171875,0
147.53,1559.008544921875,0
147.54,1559.008544921875,0
147.55,1558.421875,0
147.56,1557.930419921875,0
147.57,1557.930419921875,0
147.58,1557.930419921875,0
147.59,1557.3438720703125,0
147.6,1555.779541015625,0
147.61,1555.19287109375,0
147.62,1553.82421875,0
147.63,1553.5308837890625,0
147.64,1552.748779296875,0
147.65,1552.748779296875,0
147.66,1552.6510009765625,0
147.67,1552.5533447265625,0
147.68,1551.9666748046875,0
147.69,1551.6734619140625,0
147.7,1550.8912353515625,0
147.71,1550.109130859375,0
147.72,1549.5225830078125,0
147.73,1549.5225830078125,0
147.74,1549.5225830078125,0
147.75,1549.5225830078125,0
147.76,1549.4248046875,0
147.77,1550.8912353515625,0
147.78,1550.7935791015625,0
147.79,1551.5755615234375,0
147.8,1551.868896484375,0
147.81,1552.064453125,0
147.82,1552.260009765625,0
147.83,1552.260009765625,0
147.84,1553.139892578125,0
147.85,1553.4332275390625,0
147.86,1553.4332275390625,0
147.87,1554.3131103515625,0
147.88,1554.3131103515625,0
147.89,1554.3131103515625,0
147.9,1554.8018798828125,0
147.91,1554.8018798828125,0
147.92,1554.8018798828125,0
147.93,1554.8018798828125,0
147.94,1555.290771484375,0
147.95,1555.290771484375,0
147.96,1555.290771484375,0
147.97,1554.8018798828125,0
147.98,1554.4107666015625,0
147.99,1552.8465576171875,0
148,1552.8465576171875,0
148.01,1552.8465576171875,0
148.02,1551.7711181640625,0
148.03,1551.1845703125,0
148.04,1551.1845703125,0
148.05,1551.1845703125,0
148.06,1551.1845703125,0
148.07,1551.0867919921875,0
148.08,1551.2822265625,0
148.09,1551.2822265625,0
148.1,1551.2822265625,0
148.11,1551.2822265625,0
148.12,1551.2822265625,0
148.13,1550.5980224609375,0
148.14,1550.3046875,0
148.15,1550.3046875,0
148.16,1550.3046875,0
148.17,1549.6202392578125,0
148.18,1549.6202392578125,0
148.19,1549.6202392578125,0
148.2,1549.6202392578125,0
148.21,1549.6202392578125,0
148.22,1549.7181396484375,0
148.23,1550.206787109375,0
148.24,1549.7181396484375,0
148.25,1549.7181396484375,0
148.26,1550.206787109375,0
148.27,1550.206787109375,0
148.28,1550.7935791015625,0
148.29,1550.7935791015625,0
148.3,1550.6956787109375,0
148.31,1550.6956787109375,0
148.32,1550.6956787109375,0
148.33,1550.6956787109375,0
148.34,1551.5755615234375,0
148.35,1550.6956787109375,0
148.36,1550.6956787109375,0
148.37,1550.6956787109375,0
148.38,1550.109130859375,0
148.39,1550.109130859375,0
148.4,1549.91357421875,0
148.41,1548.9359130859375,0
148.42,1548.349365234375,0
148.43,1548.15380859375,0
148.44,1546.9805908203125,0
148.45,1546.8829345703125,0
148.46,1545.9078369140625,0
148.47,1545.4189453125,0
148.48,1544.93017578125,0
148.49,1544.5390625,0
148.5,1543.854736328125,0
148.51,1543.0726318359375,0
148.52,1542.779296875,0
148.53,1542.681640625,0
148.54,1542.09765625,0
148.55,1541.902099609375,0
148.56,1541.8043212890625,0
148.57,1541.8043212890625,0
148.58,1540.4356689453125,0
148.59,1539.9493408203125,0
148.6,1539.9493408203125,0
148.61,1539.9493408203125,0
148.62,1539.7537841796875,0
148.63,1539.7537841796875,0
148.64,1539.7537841796875,0
148.65,1539.7537841796875,0
148.66,1539.7537841796875,0
148.67,1539.7537841796875,0
148.68,1540.7288818359375,0
148.69,1541.119873046875,0
148.7,1541.902099609375,0
148.71,1542.09765625,0
148.72,1542.1954345703125,0
148.73,1543.0726318359375,0
148.74,1543.4637451171875,0
148.75,1543.5615234375,0
148.76,1545.4189453125,0
148.77,1546.6873779296875,0
148.78,1547.37158203125,0
148.79,1547.8604736328125,0
148.8,1548.349365234375,0
148.81,1548.349365234375,0
148.82,1548.349365234375,0
148.83,1548.349365234375,0
148.84,1547.8604736328125,0
148.85,1545.9078369140625,0
148.86,1545.3211669921875,0
148.87,1545.2235107421875,0
148.88,1544.8323974609375,0
148.89,1544.734619140625,0
148.9,1543.4637451171875,0
148.91,1542.2930908203125,0
148.92,1542.2930908203125,0
148.93,1542.2930908203125,0
148.94,1541.902099609375,0
148.95,1541.70654296875,0
148.96,1541.3155517578125,0
148.97,1541.022216796875,0
148.98,1541.022216796875,0
148.99,1541.022216796875,0
149,1541.022216796875,0
149.01,1541.022216796875,0
149.02,1540.9244384765625,0
149.03,1540.631103515625,0
149.04,1540.631103515625,0
149.05,1540.631103515625,0
149.06,1540.9244384765625,0
149.07,1540.9244384765625,0
149.08,1541.3155517578125,0
149.09,1541.3155517578125,0
149.1,1541.3155517578125,0
149.11,1542.779296875,0
149.12,1542.779296875,0
149.13,1542.779296875,0
149.14,1542.779296875,0
149.15,1541.70654296875,0
149.16,1541.70654296875,0
149.17,1541.70654296875,0
149.18,1541.119873046875,0
149.19,1540.7288818359375,0
149.2,1538.8739013671875,0
149.21,1538.7762451171875,0
149.22,1537.5078125,0
149.23,1536.5302734375,0
149.24,1535.8486328125,0
149.25,1535.4573974609375,0
149.26,1535.1641845703125,0
149.27,1533.99365234375,0
149.28,1533.6026611328125,0
149.29,1532.8231201171875,0
149.3,1532.6275634765625,0
149.31,1532.4320068359375,0
149.32,1532.236572265625,0
149.33,1532.138671875,0
149.34,1531.8453369140625,0
149.35,1531.652587890625,0
149.36,1531.652587890625,0
149.37,1531.652587890625,0
149.38,1532.138671875,0
149.39,1532.138671875,0
149.4,1532.6275634765625,0
149.41,1533.214111328125,0
149.42,1533.5047607421875,0
149.43,1534.3846435546875,0
149.44,1535.750732421875,0
149.45,1536.141845703125,0
149.46,1536.4324951171875,0
149.47,1536.5302734375,0
149.48,1536.725830078125,0
149.49,1537.8011474609375,0
149.5,1537.8011474609375,0
149.51,1537.8011474609375,0
149.52,1538.48291015625,0
149.53,1538.48291015625,0
149.54,1537.41015625,0
149.55,1537.41015625,0
149.56,1536.725830078125,0
149.57,1536.725830078125,0
149.58,1536.725830078125,0
149.59,1535.653076171875,0
149.6,1535.4573974609375,0
149.61,1535.4573974609375,0
149.62,1535.4573974609375,0
149.63,1535.06640625,0
149.64,1535.06640625,0
149.65,1535.653076171875,0
149.66,1535.653076171875,0
149.67,1535.06640625,0
149.68,1533.6026611328125,0
149.69,1535.06640625,0
149.7,1535.06640625,0
149.71,1533.6026611328125,0
149.72,1533.0185546875,0
149.73,1533.0185546875,0
149.74,1533.0185546875,0
149.75,1532.138671875,0
149.76,1532.7252197265625,0
149.77,1532.7252197265625,0
149.78,1532.7252197265625,0
149.79,1532.7252197265625,0
149.8,1533.309326171875,0
149.81,1533.7003173828125,0
149.82,1533.7003173828125,0
149.83,1533.7003173828125,0
149.84,1534.870849609375,0
149.85,1534.870849609375,0
149.86,1534.870849609375,0
149.87,1535.4573974609375,0
149.88,1534.870849609375,0
149.89,1534.870849609375,0
149.9,1532.9207763671875,0
149.91,1532.9207763671875,0
149.92,1532.4320068359375,0
149.93,1531.8453369140625,0
149.94,1531.0660400390625,0
149.95,1530.772705078125,0
149.96,1529.01806640625,0
149.97,1528.92041015625,0
149.98,1528.236083984375,0
149.99,1527.8475341796875,0
150,1526.3837890625,0
150.01,1525.5064697265625,0
150.02,1525.2158203125,0
150.03,1523.36083984375,0
150.04,1523.1680908203125,0
150.05,1523.1680908203125,0
150.06,1523.1680908203125,0
150.07,1523.1680908203125,0
150.08,1523.36083984375,0
150.09,1524.4337158203125,0
150.1,1524.4337158203125,0
150.11,1524.4337158203125,0
150.12,1524.4337158203125,0
150.13,1525.2158203125,0
150.14,1525.2158203125,0
150.15,1525.2158203125,0
150.16,1525.8975830078125,0
150.17,1526.4814453125,0
150.18,1528.333740234375,0
150.19,1528.724853515625,0
150.2,1529.60205078125,0
150.21,1529.699951171875,0
150.22,1529.699951171875,0
150.23,1529.699951171875,0
150.24,1529.699951171875,0
150.25,1529.699951171875,0
150.26,1529.699951171875,0
150.27,1529.699951171875,0
150.28,1528.8226318359375,0
150.29,1528.8226318359375,0
150.3,1528.8226318359375,0
150.31,1528.8226318359375,0
150.32,1528.8226318359375,0
150.33,1528.8226318359375,0
150.34,1527.0679931640625,0
150.35,1525.40869140625,0
150.36,1525.40869140625,0
150.37,1525.1180419921875,0
150.38,1524.922607421875,0
150.39,1524.922607421875,0
150.4,1524.3359375,0
150.41,1523.947509765625,0
150.42,1524.3359375,0
150.43,1524.3359375,0
150.44,1524.3359375,0
150.45,1524.3359375,0
150.46,1524.3359375,0
150.47,1524.3359375,0
150.48,1524.3359375,0
150.49,1524.4337158203125,0
150.5,1525.020263671875,0
150.51,1525.020263671875,0
150.52,1525.995361328125,0
150.53,1526.3837890625,0
150.54,1528.140869140625,0
150.55,1528.333740234375,0
150.56,1528.6270751953125,0
150.57,1528.333740234375,0
150.58,1528.5294189453125,0
150.59,1528.5294189453125,0
150.6,1528.5294189453125,0
150.61,1528.5294189453125,0
150.62,1528.0430908203125,0
150.63,1527.45654296875,0
150.64,1527.45654296875,0
150.65,1526.579345703125,0
150.66,1525.604248046875,0
150.67,1525.5064697265625,0
150.68,1524.4337158203125,0
150.69,1523.5565185546875,0
150.7,1521.7041015625,0
150.71,1520.6341552734375,0
150.72,1519.4635009765625,0
150.73,1518.3907470703125,0
150.74,1518.29296875,0
150.75,1518.10009765625,0
150.76,1517.708984375,0
150.77,1516.150146484375,0
150.78,1515.37060546875,0
150.79,1515.1776123046875,0
150.8,1514.9820556640625,0
150.81,1514.9820556640625,0
150.82,1514.9820556640625,0
150.83,1514.1048583984375,0
150.84,1514.9820556640625,0
150.85,1514.9820556640625,0
150.86,1515.0799560546875,0
150.87,1515.0799560546875,0
150.88,1515.1776123046875,0
150.89,1515.2728271484375,0
150.9,1515.37060546875,0
150.91,1515.566162109375,0
150.92,1515.7615966796875,0
150.93,1515.7615966796875,0
150.94,1516.05224609375,0
150.95,1516.443359375,0
150.96,1516.5411376953125,0
150.97,1517.4183349609375,0
150.98,1517.904541015625,0
150.99,1518.0023193359375,0
151,1518.0023193359375,0
151.01,1518.0023193359375,0
151.02,1518.0023193359375,0
151.03,1517.904541015625,0
151.04,1517.4183349609375,0
151.05,1517.4183349609375,0
151.06,1517.904541015625,0
151.07,1517.125,0
151.08,1517.125,0
151.09,1518.488525390625,0
151.1,1518.488525390625,0
151.11,1518.488525390625,0
151.12,1519.36572265625,0
151.13,1519.36572265625,0
151.14,1518.488525390625,0
151.15,1518.29296875,0
151.16,1518.488525390625,0
151.17,1519.754150390625,0
151.18,1518.29296875,0
151.19,1518.1951904296875,0
151.2,1517.125,0
151.21,1517.125,0
151.22,1518.1951904296875,0
151.23,1518.1951904296875,0
151.24,1518.1951904296875,0
151.25,1516.929443359375,0
151.26,1516.831787109375,0
151.27,1516.6387939453125,0
151.28,1516.247802734375,0
151.29,1515.9544677734375,0
151.3,1515.9544677734375,0
151.31,1515.8594970703125,0
151.32,1515.8594970703125,0
151.33,1514.9820556640625,0
151.34,1514.9820556640625,0
151.35,1514.007080078125,0
151.36,1512.9368896484375,0
151.37,1512.35302734375,0
151.38,1512.0596923828125,0
151.39,1511.9620361328125,0
151.4,1511.08740234375,0
151.41,1510.5985107421875,0
151.42,1510.5985107421875,0
151.43,1510.5985107421875,0
151.44,1510.5008544921875,0
151.45,1510.5008544921875,0
151.46,1510.307861328125,0
151.47,1510.1123046875,0
151.48,1510.1123046875,0
151.49,1510.1123046875,0
151.5,1510.1123046875,0
151.51,1510.1123046875,0
151.52,1510.1123046875,0
151.53,1510.1123046875,0
151.54,1509.8216552734375,0
151.55,1509.8216552734375,0
151.56,1509.4306640625,0
151.57,1509.4306640625,0
151.58,1509.8216552734375,0
151.59,1509.8216552734375,0
151.6,1509.8216552734375,0
151.61,1509.2376708984375,0
151.62,1509.2376708984375,0
151.63,1508.65380859375,0
151.64,1509.2376708984375,0
151.65,1509.2376708984375,0
151.66,1509.2376708984375,0
151.67,1508.067138671875,0
151.68,1508.067138671875,0
151.69,1507.4832763671875,0
151.7,1507.192626953125,0
151.71,1506.608642578125,0
151.72,1506.608642578125,0
151.73,1506.608642578125,0
151.74,1506.608642578125,0
151.75,1506.608642578125,0
151.76,1507.38818359375,0
151.77,1506.608642578125,0
151.78,1506.608642578125,0
151.79,1506.608642578125,0
151.8,1506.5107421875,0
151.81,1506.5107421875,0
151.82,1506.024658203125,0
151.83,1506.024658203125,0
151.84,1505.2452392578125,0
151.85,1505.1474609375,0
151.86,1505.2452392578125,0
151.87,1505.1474609375,0
151.88,1505.05224609375,0
151.89,1505.05224609375,0
151.9,1504.95458984375,0
151.91,1504.95458984375,0
151.92,1505.05224609375,0
151.93,1505.1474609375,0
151.94,1505.8291015625,0
151.95,1505.8291015625,0
151.96,1506.4130859375,0
151.97,1506.4130859375,0
151.98,1506.8992919921875,0
151.99,1508.2628173828125,0
152,1508.2628173828125,0
152.01,1508.7489013671875,0
152.02,1508.7489013671875,0
152.03,1508.7489013671875,0
152.04,1508.2628173828125,0
152.05,1508.2628173828125,0
152.06,1508.2628173828125,0
152.07,1508.2628173828125,0
152.08,1508.2628173828125,0
152.09,1508.7489013671875,0
152.1,1508.2628173828125,0
152.11,1508.1649169921875,0
152.12,1508.1649169921875,0
152.13,1507.97216796875,0
152.14,1507.97216796875,0
152.15,1507.97216796875,0
152.16,1507.874267578125,0
152.17,1507.6788330078125,0
152.18,1506.8992919921875,0
152.19,1506.8992919921875,0
152.2,1506.8992919921875,0
152.21,1506.024658203125,0
152.22,1506.024658203125,0
152.23,1505.9268798828125,0
152.24,1505.8291015625,0
152.25,1505.7340087890625,0
152.26,1505.63623046875,0
152.27,1504.95458984375,0
152.28,1504.7589111328125,0
152.29,1504.7589111328125,0
152.3,1504.7589111328125,0
152.31,1504.7589111328125,0
152.32,1504.7589111328125,0
152.33,1504.95458984375,0
152.34,1504.95458984375,0
152.35,1504.95458984375,0
152.36,1504.95458984375,0
152.37,1505.5384521484375,0
152.38,1505.5384521484375,0
152.39,1505.5384521484375,0
152.4,1504.95458984375,0
152.41,1504.95458984375,0
152.42,1504.6612548828125,0
152.43,1504.6612548828125,0
152.44,1504.46826171875,0
152.45,1504.46826171875,0
152.46,1504.0772705078125,0
152.47,1504.0772705078125,0
152.48,1503.8843994140625,0
152.49,1503.8843994140625,0
152.5,1503.78662109375,0
152.51,1503.591064453125,0
152.52,1503.591064453125,0
152.53,1503.1048583984375,0
152.54,1502.7164306640625,0
152.55,1502.5208740234375,0
152.56,1502.230224609375,0
152.57,1501.93701171875,0
152.58,1501.93701171875,0
152.59,1501.45068359375,0
152.6,1501.0623779296875,0
152.61,1500.187744140625,0
152.62,1499.7015380859375,0
152.63,1499.7015380859375,0
152.64,1500.187744140625,0
152.65,1499.7015380859375,0
152.66,1499.7015380859375,0
152.67,1499.7015380859375,0
152.68,1499.7015380859375,0
152.69,1499.7015380859375,0
152.7,1499.7015380859375,0
152.71,1499.506103515625,0
152.72,1498.4359130859375,0
152.73,1498.4359130859375,0
152.74,1498.145263671875,0
152.75,1496.9774169921875,0
152.76,1496.3934326171875,0
152.77,1496.0050048828125,0
152.78,1495.2281494140625,0
152.79,1495.2281494140625,0
152.8,1495.2281494140625,0
152.81,1495.2281494140625,0
152.82,1495.325927734375,0
152.83,1495.4210205078125,0
152.84,1495.4210205078125,0
152.85,1495.4210205078125,0
152.86,1495.71435546875,0
152.87,1495.71435546875,0
152.88,1495.4210205078125,0
152.89,1495.4210205078125,0
152.9,1495.4210205078125,0
152.91,1495.2281494140625,0
152.92,1495.2281494140625,0
152.93,1494.9375,0
152.94,1494.9375,0
152.95,1494.2557373046875,0
152.96,1493.867431640625,0
152.97,1493.1856689453125,0
152.98,1493.1856689453125,0
152.99,1492.40869140625,0
153,1493.1856689453125,0
153.01,1493.1856689453125,0
153.02,1492.40869140625,0
153.03,1492.1180419921875,0
153.04,1492.0203857421875,0
153.05,1492.0203857421875,0
153.06,1491.729736328125,0
153.07,1491.729736328125,0
153.08,1491.4364013671875,0
153.09,1490.466796875,0
153.1,1490.466796875,0
153.11,1490.0782470703125,0
153.12,1490.0782470703125,0
153.13,1489.4942626953125,0
153.14,1489.3966064453125,0
153.15,1489.3966064453125,0
153.16,1489.20361328125,0
153.17,1488.4267578125,0
153.18,1488.133544921875,0
153.19,1487.4544677734375,0
153.2,1486.6776123046875,0
153.21,1486.38427734375,0
153.22,1486.2891845703125,0
153.23,1486.38427734375,0
153.24,1485.607421875,0
153.25,1485.3167724609375,0
153.26,1485.3167724609375,0
153.27,1485.1240234375,0
153.28,1484.8306884765625,0
153.29,1484.8306884765625,0
153.3,1484.1514892578125,0
153.31,1484.8306884765625,0
153.32,1484.34716796875,0
153.33,1484.8306884765625,0
153.34,1484.34716796875,0
153.35,1484.1514892578125,0
153.36,1484.1514892578125,0
153.37,1484.0538330078125,0
153.38,1484.34716796875,0
153.39,1484.34716796875,0
153.4,1483.4725341796875,0
153.41,1483.4725341796875,0
153.42,1483.2769775390625,0
153.43,1483.4725341796875,0
153.44,1483.4725341796875,0
153.45,1482.1116943359375,0
153.46,1482.8885498046875,0
153.47,1482.8885498046875,0
153.48,1482.986328125,0
153.49,1482.8885498046875,0
153.5,1482.8885498046875,0
153.51,1482.986328125,0
153.52,1482.8885498046875,0
153.53,1482.986328125,0
153.54,1482.986328125,0
153.55,1482.986328125,0
153.56,1482.8885498046875,0
153.57,1482.8885498046875,0
153.58,1483.3746337890625,0
153.59,1483.083984375,0
153.6,1482.8885498046875,0
153.61,1483.083984375,0
153.62,1482.8885498046875,0
153.63,1483.083984375,0
153.64,1483.4725341796875,0
153.65,1483.9586181640625,0
153.66,1484.0538330078125,0
153.67,1484.442138671875,0
153.68,1484.442138671875,0
153.69,1484.6378173828125,0
153.7,1484.6378173828125,0
153.71,1484.6378173828125,0
153.72,1484.6378173828125,0
153.73,1485.5123291015625,0
153.74,1485.9007568359375,0
153.75,1485.9007568359375,0
153.76,1485.9007568359375,0
153.77,1486.0936279296875,0
153.78,1485.9007568359375,0
153.79,1485.607421875,0
153.8,1485.607421875,0
153.81,1486.0936279296875,0
153.82,1486.96826171875,0
153.83,1486.96826171875,0
153.84,1487.06591796875,0
153.85,1487.06591796875,0
153.86,1487.06591796875,0
153.87,1487.4544677734375,0
153.88,1487.4544677734375,0
153.89,1487.4544677734375,0
153.9,1487.163818359375,0
153.91,1487.163818359375,0
153.92,1487.163818359375,0
153.93,1486.772705078125,0
153.94,1486.772705078125,0
153.95,1486.772705078125,0
153.96,1485.802978515625,0
153.97,1484.7354736328125,0
153.98,1484.1514892578125,0
153.99,1483.76318359375,0
154,1483.665283203125,0
154.01,1483.4725341796875,0
154.02,1482.6956787109375,0
154.03,1482.1116943359375,0
154.04,1481.72314453125,0
154.05,1480.9490966796875,0
154.06,1480.267333984375,0
154.07,1479.297607421875,0
154.08,1479.10205078125,0
154.09,1478.9093017578125,0
154.1,1478.71630859375,0
154.11,1478.71630859375,0
154.12,1478.71630859375,0
154.13,1477.939453125,0
154.14,1477.939453125,0
154.15,1478.13232421875,0
154.16,1478.13232421875,0
154.17,1477.939453125,0
154.18,1477.4532470703125,0
154.19,1477.8416748046875,0
154.2,1477.4532470703125,0
154.21,1477.4532470703125,0
154.22,1477.4532470703125,0
154.23,1477.4532470703125,0
154.24,1477.4532470703125,0
154.25,1477.35546875,0
154.26,1477.35546875,0
154.27,1477.4532470703125,0
154.28,1477.35546875,0
154.29,1477.35546875,0
154.3,1477.35546875,0
154.31,1477.35546875,0
154.32,1477.743896484375,0
154.33,1477.743896484375,0
154.34,1479.0069580078125,0
154.35,1479.10205078125,0
154.36,1479.0069580078125,0
154.37,1479.0069580078125,0
154.38,1479.10205078125,0
154.39,1479.10205078125,0
154.4,1479.68603515625,0
154.41,1479.68603515625,0
154.42,1479.0069580078125,0
154.43,1478.9093017578125,0
154.44,1478.2301025390625,0
154.45,1477.939453125,0
154.46,1477.939453125,0
154.47,1477.8416748046875,0
154.48,1477.8416748046875,0
154.49,1477.6488037109375,0
154.5,1476.676513671875,0
154.51,1476.676513671875,0
154.52,1476.581298828125,0
154.53,1476.4835205078125,0
154.54,1475.804443359375,0
154.55,1475.804443359375,0
154.56,1475.804443359375,0
154.57,1475.804443359375,0
154.58,1475.6090087890625,0
154.59,1474.15576171875,0
154.6,1473.9600830078125,0
154.61,1473.57177734375,0
154.62,1472.990478515625,0
154.63,1472.7974853515625,0
154.64,1472.4090576171875,0
154.65,1472.4090576171875,0
154.66,1472.4090576171875,0
154.67,1472.4090576171875,0
154.68,1472.213623046875,0
154.69,1472.0206298828125,0
154.7,1470.953125,0
154.71,1470.953125,0
154.72,1470.6624755859375,0
154.73,1469.79052734375,0
154.74,1469.306884765625,0
154.75,1469.306884765625,0
154.76,1469.306884765625,0
154.77,1469.306884765625,0
154.78,1469.402099609375,0
154.79,1469.402099609375,0
154.8,1469.402099609375,0
154.81,1468.7230224609375,0
154.82,1469.402099609375,0
154.83,1469.402099609375,0
154.84,1468.5301513671875,0
154.85,1467.85107421875,0
154.86,1467.7532958984375,0
154.87,1467.658203125,0
154.88,1467.658203125,0
154.89,1466.3978271484375,0
154.9,1465.9114990234375,0
154.91,1465.71875,0
154.92,1465.71875,0
154.93,1465.4281005859375,0
154.94,1465.03955078125,0
154.95,1463.974853515625,0
154.96,1463.779296875,0
154.97,1463.779296875,0
154.98,1463.779296875,0
154.99,1463.68408203125,0
155,1463.779296875,0
155.01,1463.5863037109375,0
155.02,1463.5863037109375,0
155.03,1462.521484375,0
155.04,1462.521484375,0
155.05,1462.521484375,0
155.06,1462.521484375,0
155.07,1462.2308349609375,0
155.08,1462.2308349609375,0
155.09,1461.7447509765625,0
155.1,1461.5517578125,0
155.11,1461.5517578125,0
155.12,1461.5517578125,0
155.13,1461.0682373046875,0
155.14,1461.0682373046875,0
155.15,1461.5517578125,0
155.16,1461.5517578125,0
155.17,1461.5517578125,0
155.18,1461.5517578125,0
155.19,1461.1634521484375,0
155.2,1461.0682373046875,0
155.21,1460.777587890625,0
155.22,1460.777587890625,0
155.23,1460.2913818359375,0
155.24,1460.2913818359375,0
155.25,1460.1962890625,0
155.26,1460.1962890625,0
155.27,1460.1962890625,0
155.28,1460.1962890625,0
155.29,1460.0985107421875,0
155.3,1460.1962890625,0
155.31,1460.1962890625,0
155.32,1461.2611083984375,0
155.33,1460.58203125,0
155.34,1461.35888671875,0
155.35,1461.35888671875,0
155.36,1460.58203125,0
155.37,1460.58203125,0
155.38,1461.0682373046875,0
155.39,1461.2611083984375,0
155.4,1461.2611083984375,0
155.41,1461.0682373046875,0
155.42,1461.0682373046875,0
155.43,1461.0682373046875,0
155.44,1461.0682373046875,0
155.45,1461.0682373046875,0
155.46,1461.0682373046875,0
155.47,1461.2611083984375,0
155.48,1462.71435546875,0
155.49,1462.71435546875,0
155.5,1462.71435546875,0
155.51,1463.68408203125,0
155.52,1462.71435546875,0
155.53,1463.197998046875,0
155.54,1463.197998046875,0
155.55,1463.68408203125,0
155.56,1463.779296875,0
155.57,1463.876953125,0
155.58,1463.876953125,0
155.59,1463.876953125,0
155.6,1464.2655029296875,0
155.61,1464.2655029296875,0
155.62,1464.2655029296875,0
155.63,1464.2655029296875,0
155.64,1463.876953125,0
155.65,1462.9073486328125,0
155.66,1461.7447509765625,0
155.67,1461.1634521484375,0
155.68,1460.970458984375,0
155.69,1460.777587890625,0
155.7,1460.6798095703125,0
155.71,1460.6798095703125,0
155.72,1460.777587890625,0
155.73,1460.970458984375,0
155.74,1461.1634521484375,0
155.75,1461.2611083984375,0
155.76,1461.5517578125,0
155.77,1461.5517578125,0
155.78,1462.4237060546875,0
155.79,1462.4237060546875,0
155.8,1462.4237060546875,0
155.81,1462.4237060546875,0
155.82,1462.4237060546875,0
155.83,1461.8424072265625,0
155.84,1462.4237060546875,0
155.85,1461.8424072265625,0
155.86,1461.8424072265625,0
155.87,1461.8424072265625,0
155.88,1461.4541015625,0
155.89,1460.6798095703125,0
155.9,1460.2913818359375,0
155.91,1459.2265625,0
155.92,1459.2265625,0
155.93,1459.2265625,0
155.94,1459.807861328125,0
155.95,1460.2913818359375,0
155.96,1460.38916015625,0
155.97,1460.6798095703125,0
155.98,1460.777587890625,0
155.99,1461.1634521484375,0
156,1461.1634521484375,0
156.01,1461.1634521484375,0
156.02,1461.1634521484375,0
156.03,1460.970458984375,0
156.04,1460.970458984375,0
156.05,1460.970458984375,0
156.06,1460.970458984375,0
156.07,1458.838134765625,0
156.08,1458.5474853515625,0
156.09,1457.9661865234375,0
156.1,1457.4825439453125,0
156.11,1457.4825439453125,0
156.12,1457.4825439453125,0
156.13,1457.4825439453125,0
156.14,1457.4825439453125,0
156.15,1456.610595703125,0
156.16,1456.610595703125,0
156.17,1456.610595703125,0
156.18,1456.4178466796875,0
156.19,1456.610595703125,0
156.2,1456.610595703125,0
156.21,1456.4178466796875,0
156.22,1456.610595703125,0
156.23,1456.70849609375,0
156.24,1457.5804443359375,0
156.25,1456.70849609375,0
156.26,1456.70849609375,0
156.27,1457.5804443359375,0
156.28,1456.70849609375,0
156.29,1455.7413330078125,0
156.3,1456.70849609375,0
156.31,1455.7413330078125,0
156.32,1455.7413330078125,0
156.33,1455.7413330078125,0
156.34,1455.7413330078125,0
156.35,1455.7413330078125,0
156.36,1455.7413330078125,0
156.37,1457.5804443359375,0
156.38,1457.5804443359375,0
156.39,1455.7413330078125,0
156.4,1455.6435546875,0
156.41,1455.5458984375,0
156.42,1455.5458984375,0
156.43,1454.1903076171875,0
156.44,1453.0277099609375,0
156.45,1453.0277099609375,0
156.46,1453.0277099609375,0
156.47,1452.73974609375,0
156.48,1452.73974609375,0
156.49,1452.3511962890625,0
156.5,1452.641845703125,0
156.51,1452.641845703125,0
156.52,1452.73974609375,0
156.53,1452.641845703125,0
156.54,1452.641845703125,0
156.55,1452.641845703125,0
156.56,1452.641845703125,0
156.57,1452.641845703125,0
156.58,1452.641845703125,0
156.59,1453.1253662109375,0
156.6,1453.318359375,0
156.61,1453.1253662109375,0
156.62,1453.1253662109375,0
156.63,1452.25341796875,0
156.64,1452.25341796875,0
156.65,1452.25341796875,0
156.66,1452.060546875,0
156.67,1452.25341796875,0
156.68,1452.060546875,0
156.69,1451.479248046875,0
156.7,1450.6099853515625,0
156.71,1450.3192138671875,0
156.72,1450.3192138671875,0
156.73,1450.028564453125,0
156.74,1450.028564453125,0
156.75,1450.028564453125,0
156.76,1448.5780029296875,0
156.77,1448.5780029296875,0
156.78,1448.5780029296875,0
156.79,1447.8988037109375,0
156.8,1447.51318359375,0
156.81,1447.51318359375,0
156.82,1447.4154052734375,0
156.83,1447.3201904296875,0
156.84,1446.8341064453125,0
156.85,1446.2554931640625,0
156.86,1445.96484375,0
156.87,1445.96484375,0
156.88,1445.96484375,0
156.89,1446.2554931640625,0
156.9,1446.64111328125,0
156.91,1446.2554931640625,0
156.92,1446.64111328125,0
156.93,1446.8341064453125,0
156.94,1446.8341064453125,0
156.95,1447.124755859375,0
156.96,1446.931884765625,0
156.97,1446.931884765625,0
156.98,1446.8341064453125,0
156.99,1446.8341064453125,0
157,1446.8341064453125,0
157.01,1446.8341064453125,0
157.02,1446.931884765625,0
157.03,1448.189697265625,0
157.04,1446.931884765625,0
157.05,1448.287353515625,0
157.06,1448.4803466796875,0
157.07,1448.4803466796875,0
157.08,1448.4803466796875,0
157.09,1448.287353515625,0
157.1,1446.931884765625,0
157.11,1446.931884765625,0
157.12,1446.546142578125,0
157.13,1446.546142578125,0
157.14,1446.546142578125,0
157.15,1446.546142578125,0
157.16,1446.546142578125,0
157.17,1446.931884765625,0
157.18,1446.2554931640625,0
157.19,1446.3504638671875,0
157.2,1446.3504638671875,0
157.21,1446.3504638671875,0
157.22,1445.866943359375,0
157.23,1445.6741943359375,0
157.24,1444.9976806640625,0
157.25,1444.9976806640625,0
157.26,1443.3541259765625,0
157.27,1443.3541259765625,0
157.28,1443.3541259765625,0
157.29,1443.3541259765625,0
157.3,1443.3541259765625,0
157.31,1442.1915283203125,0
157.32,1442.1915283203125,0
157.33,1442.1915283203125,0
157.34,1442.1915283203125,0
157.35,1442.1915283203125,0
157.36,1442.096435546875,0
157.37,1441.4200439453125,0
157.38,1441.4200439453125,0
157.39,1441.4200439453125,0
157.4,1441.4200439453125,0
157.41,1440.5479736328125,0
157.42,1440.9364013671875,0
157.43,1440.9364013671875,0
157.44,1440.5479736328125,0
157.45,1440.5479736328125,0
157.46,1440.9364013671875,0
157.47,1440.9364013671875,0
157.48,1440.452880859375,0
157.49,1440.3551025390625,0
157.5,1440.3551025390625,0
157.51,1440.3551025390625,0
157.52,1439.96923828125,0
157.53,1439.96923828125,0
157.54,1439.96923828125,0
157.55,1439.5809326171875,0
157.56,1438.22802734375,0
157.57,1438.4208984375,0
157.58,1438.22802734375,0
157.59,1437.9373779296875,0
157.6,1437.165771484375,0
157.61,1436.77734375,0
157.62,1436.77734375,0
157.63,1436.4893798828125,0
157.64,1436.2965087890625,0
157.65,1436.19873046875,0
157.66,1435.6201171875,0
157.67,1435.6201171875,0
157.68,1435.231689453125,0
157.69,1434.16943359375,0
157.7,1434.07421875,0
157.71,1433.3978271484375,0
157.72,1433.3978271484375,0
157.73,1433.2022705078125,0
157.74,1433.2022705078125,0
157.75,1432.721435546875,0
157.76,1432.721435546875,0
157.77,1432.2379150390625,0
157.78,1432.14013671875,0
157.79,1432.044921875,0
157.8,1432.044921875,0
157.81,1430.5943603515625,0
157.82,1430.5943603515625,0
157.83,1430.6920166015625,0
157.84,1430.6920166015625,0
157.85,1430.5943603515625,0
157.86,1430.5943603515625,0
157.87,1430.2086181640625,0
157.88,1430.2086181640625,0
157.89,1430.2086181640625,0
157.9,1429.91796875,0
157.91,1429.91796875,0
157.92,1429.5321044921875,0
157.93,1429.0487060546875,0
157.94,1428.7606201171875,0
157.95,1428.0841064453125,0
157.96,1428.0841064453125,0
157.97,1427.9864501953125,0
157.98,1427.9864501953125,0
157.99,1427.891357421875,0
158,1427.9864501953125,0
158.01,1427.9864501953125,0
158.02,1427.9864501953125,0
158.03,1428.0841064453125,0
158.04,1428.277099609375,0
158.05,1428.277099609375,0
158.06,1428.277099609375,0
158.07,1428.277099609375,0
158.08,1428.7606201171875,0
158.09,1429.72509765625,0
158.1,1430.1107177734375,0
158.11,1430.4013671875,0
158.12,1430.4013671875,0
158.13,1431.0780029296875,0
158.14,1431.463623046875,0
158.15,1431.947265625,0
158.16,1432.14013671875,0
158.17,1433.2022705078125,0
158.18,1433.2022705078125,0
158.19,1433.2022705078125,0
158.2,1433.3001708984375,0
158.21,1433.3978271484375,0
158.22,1433.3001708984375,0
158.23,1433.3978271484375,0
158.24,1433.3978271484375,0
158.25,1433.3978271484375,0
158.26,1433.6859130859375,0
158.27,1433.3978271484375,0
158.28,1433.6859130859375,0
158.29,1433.6859130859375,0
158.3,1433.107177734375,0
158.31,1433.6859130859375,0
158.32,1433.107177734375,0
158.33,1433.6859130859375,0
158.34,1433.107177734375,0
158.35,1432.914306640625,0
158.36,1432.8165283203125,0
158.37,1432.52587890625,0
158.38,1432.044921875,0
158.39,1432.044921875,0
158.4,1431.8494873046875,0
158.41,1431.8494873046875,0
158.42,1431.5615234375,0
158.43,1431.5615234375,0
158.44,1431.0780029296875,0
158.45,1431.0780029296875,0
158.46,1431.0780029296875,0
158.47,1428.7606201171875,0
158.48,1428.7606201171875,0
158.49,1428.7606201171875,0
158.5,1427.9864501953125,0
158.51,1427.9864501953125,0
158.52,1427.21484375,0
158.53,1426.345458984375,0
158.54,1426.345458984375,0
158.55,1426.8291015625,0
158.56,1426.8291015625,0
158.57,1426.345458984375,0
158.58,1426.345458984375,0
158.59,1426.345458984375,0
158.6,1426.8291015625,0
158.61,1426.345458984375,0
158.62,1426.152587890625,0
158.63,1424.8975830078125,0
158.64,1424.8975830078125,0
158.65,1424.8975830078125,0
158.66,1424.8975830078125,0
158.67,1424.8975830078125,0
158.68,1425.0904541015625,0
158.69,1425.0904541015625,0
158.7,1426.4432373046875,0
158.71,1426.4432373046875,0
158.72,1426.6361083984375,0
158.73,1426.6361083984375,0
158.74,1426.6361083984375,0
158.75,1426.4432373046875,0
158.76,1426.6361083984375,0
158.77,1426.6361083984375,0
158.78,1424.31884765625,0
158.79,1424.31884765625,0
158.8,1426.5384521484375,0
158.81,1426.5384521484375,0
158.82,1425.669189453125,0
158.83,1426.5384521484375,0
158.84,1426.8291015625,0
158.85,1426.8291015625,0
158.86,1426.8291015625,0
158.87,1427.0218505859375,0
158.88,1426.8291015625,0
158.89,1426.8291015625,0
158.9,1426.8291015625,0
158.91,1426.8291015625,0
158.92,1425.8619384765625,0
158.93,1425.573974609375,0
158.94,1424.6094970703125,0
158.95,1423.8353271484375,0
158.96,1423.256591796875,0
158.97,1422.677978515625,0
158.98,1421.4229736328125,0
158.99,1420.84423828125,0
159,1420.6513671875,0
159.01,1420.2655029296875,0
159.02,1417.3695068359375,0
159.03,1416.1171875,0
159.04,1415.9241943359375,0
159.05,1415.3455810546875,0
159.06,1415.152587890625,0
159.07,1413.8975830078125,0
159.08,1413.51171875,0
159.09,1413.4166259765625,0
159.1,1413.321533203125,0
159.11,1412.64501953125,0
159.12,1411.6806640625,0
159.13,1412.64501953125,0
159.14,1411.6806640625,0
159.15,1412.64501953125,0
159.16,1412.64501953125,0
159.17,1413.321533203125,0
159.18,1412.64501953125,0
159.19,1413.321533203125,0
159.2,1413.321533203125,0
159.21,1413.51171875,0
159.22,1413.51171875,0
159.23,1413.707275390625,0
159.24,1413.8975830078125,0
159.25,1414.669189453125,0
159.26,1415.7313232421875,0
159.27,1417.08154296875,0
159.28,1418.3341064453125,0
159.29,1418.8175048828125,0
159.3,1419.3011474609375,0
159.31,1419.3011474609375,0
159.32,1418.8175048828125,0
159.33,1419.3011474609375,0
159.34,1419.974853515625,0
159.35,1419.3011474609375,0
159.36,1418.8175048828125,0
159.37,1418.529541015625,0
159.38,1417.66015625,0
159.39,1417.66015625,0
159.4,1417.8531494140625,0
159.41,1417.8531494140625,0
159.42,1417.66015625,0
159.43,1417.2744140625,0
159.44,1416.7908935546875,0
159.45,1416.5028076171875,0
159.46,1415.9241943359375,0
159.47,1414.9598388671875,0
159.48,1414.669189453125,0
159.49,1414.669189453125,0
159.5,1414.669189453125,0
159.51,1414.669189453125,0
159.52,1414.669189453125,0
159.53,1414.2833251953125,0
159.54,1414.2833251953125,0
159.55,1414.0904541015625,0
159.56,1413.0308837890625,0
159.57,1412.8380126953125,0
159.58,1413.0308837890625,0
159.59,1412.8380126953125,0
159.6,1412.8380126953125,0
159.61,1412.4522705078125,0
159.62,1412.4522705078125,0
159.63,1412.4522705078125,0
159.64,1412.4522705078125,0
159.65,1411.9713134765625,0
159.66,1411.9713134765625,0
159.67,1411.9713134765625,0
159.68,1412.4522705078125,0
159.69,1413.321533203125,0
159.7,1413.9952392578125,0
159.71,1414.4761962890625,0
159.72,1415.5384521484375,0
159.73,1415.5384521484375,0
159.74,1415.5384521484375,0
159.75,1415.5384521484375,0
159.76,1415.5384521484375,0
159.77,1417.8531494140625,0
159.78,1417.9508056640625,0
159.79,1418.0460205078125,0
159.8,1417.9508056640625,0
159.81,1417.8531494140625,0
159.82,1417.8531494140625,0
159.83,1417.9508056640625,0
159.84,1417.8531494140625,0
159.85,1417.3695068359375,0
159.86,1414.4761962890625,0
159.87,1414.2833251953125,0
159.88,1413.9952392578125,0
159.89,1413.802490234375,0
159.9,1413.802490234375,0
159.91,1413.0308837890625,0
159.92,1410.0423583984375,0
159.93,1406.5731201171875,0
159.94,1406.475341796875,0
159.95,1405.801513671875,0
159.96,1405.0299072265625,0
159.97,1404.934814453125,0
159.98,1403.103759765625,0
159.99,1402.4298095703125,0
160,1400.4085693359375,0
160.01,1399.9249267578125,0
160.02,1399.7347412109375,0
160.03,1399.7347412109375,0
160.04,1399.251220703125,0
160.05,1399.1561279296875,0
160.06,1399.1561279296875,0
160.07,1399.7347412109375,0
160.08,1399.9249267578125,0
160.09,1399.9249267578125,0
160.1,1400.9844970703125,0
160.11,1401.3702392578125,0
160.12,1400.9844970703125,0
160.13,1400.9844970703125,0
160.14,1401.8511962890625,0
160.15,1401.8511962890625,0
160.16,1402.044189453125,0
160.17,1402.2369384765625,0
160.18,1404.8370361328125,0
160.19,1405.6085205078125,0
160.2,1406.0894775390625,0
160.21,1407.3446044921875,0
160.22,1407.3446044921875,0
160.23,1407.825439453125,0
160.24,1407.3446044921875,0
160.25,1407.439697265625,0
160.26,1407.439697265625,0
160.27,1407.3446044921875,0
160.28,1407.053955078125,0
160.29,1407.053955078125,0
160.3,1407.053955078125,0
160.31,1407.053955078125,0
160.32,1406.958740234375,0
160.33,1406.1873779296875,0
160.34,1406.0894775390625,0
160.35,1406.0894775390625,0
160.36,1406.0894775390625,0
160.37,1405.0299072265625,0
160.38,1403.970458984375,0
160.39,1403.103759765625,0
160.4,1402.4298095703125,0
160.41,1400.889404296875,0
160.42,1400.889404296875,0
160.43,1401.177490234375,0
160.44,1400.889404296875,0
160.45,1400.889404296875,0
160.46,1399.1561279296875,0
160.47,1398.770263671875,0
160.48,1398.770263671875,0
160.49,1398.289306640625,0
160.5,1398.770263671875,0
160.51,1398.289306640625,0
160.52,1398.289306640625,0
160.53,1398.770263671875,0
160.54,1397.8084716796875,0
160.55,1399.9249267578125,0
160.56,1400.696533203125,0
160.57,1400.696533203125,0
160.58,1400.696533203125,0
160.59,1400.696533203125,0
160.6,1400.9844970703125,0
160.61,1401.3702392578125,0
160.62,1401.3702392578125,0
160.63,1401.4681396484375,0
160.64,1402.3348388671875,0
160.65,1404.2611083984375,0
160.66,1404.2611083984375,0
160.67,1404.2611083984375,0
160.68,1404.2611083984375,0
160.69,1404.2611083984375,0
160.7,1404.2611083984375,0
160.71,1403.3944091796875,0
160.72,1403.008544921875,0
160.73,1403.008544921875,0
160.74,1403.008544921875,0
160.75,1403.3944091796875,0
160.76,1403.3944091796875,0
160.77,1403.3944091796875,0
160.78,1402.9107666015625,0
160.79,1402.9107666015625,0
160.8,1400.4085693359375,0
160.81,1400.4085693359375,0
160.82,1399.251220703125,0
160.83,1398.0965576171875,0
160.84,1397.903564453125,0
160.85,1395.30615234375,0
160.86,1393.86083984375,0
160.87,1392.130126953125,0
160.88,1391.8394775390625,0
160.89,1390.4945068359375,0
160.9,1388.47314453125,0
160.91,1388.1851806640625,0
160.92,1386.7425537109375,0
160.93,1386.549560546875,0
160.94,1386.1636962890625,0
160.95,1385.4925537109375,0
160.96,1385.4925537109375,0
160.97,1385.4925537109375,0
160.98,1385.4925537109375,0
160.99,1385.4925537109375,0
161,1385.4925537109375,0
161.01,1385.685546875,0
161.02,1385.875732421875,0
161.03,1386.068603515625,0
161.04,1386.935302734375,0
161.05,1386.935302734375,0
161.06,1386.935302734375,0
161.07,1387.1256103515625,0
161.08,1387.2232666015625,0
161.09,1387.2232666015625,0
161.1,1388.1851806640625,0
161.11,1389.53271484375,0
161.12,1389.722900390625,0
161.13,1389.722900390625,0
161.14,1390.203857421875,0
161.15,1391.7442626953125,0
161.16,1393.5728759765625,0
161.17,1394.8226318359375,0
161.18,1395.4012451171875,0
161.19,1395.4012451171875,0
161.2,1395.4012451171875,0
161.21,1395.4012451171875,0
161.22,1394.8226318359375,0
161.23,1394.8226318359375,0
161.24,1394.8226318359375,0
161.25,1395.4964599609375,0
161.26,1395.4964599609375,0
161.27,1394.8226318359375,0
161.28,1394.8226318359375,0
161.29,1394.8226318359375,0
161.3,1395.8822021484375,0
161.31,1395.8822021484375,0
161.32,1394.14892578125,0
161.33,1393.3798828125,0
161.34,1393.0919189453125,0
161.35,1392.3203125,0
161.36,1391.7442626953125,0
161.37,1391.2635498046875,0
161.38,1391.070556640625,0
161.39,1390.684814453125,0
161.4,1391.070556640625,0
161.41,1390.684814453125,0
161.42,1390.684814453125,0
161.43,1389.6279296875,0
161.44,1388.5682373046875,0
161.45,1387.897216796875,0
161.46,1387.897216796875,0
161.47,1387.3184814453125,0
161.48,1386.454345703125,0
161.49,1386.454345703125,0
161.5,1385.587646484375,0
161.51,1385.587646484375,0
161.52,1385.587646484375,0
161.53,1385.587646484375,0
161.54,1385.587646484375,0
161.55,1385.4925537109375,0
161.56,1384.9139404296875,0
161.57,1384.9139404296875,0
161.58,1384.0499267578125,0
161.59,1384.9139404296875,0
161.6,1384.7236328125,0
161.61,1384.9139404296875,0
161.62,1384.7236328125,0
161.63,1384.7236328125,0
161.64,1384.7236328125,0
161.65,1384.7236328125,0
161.66,1382.895263671875,0
161.67,1383.088134765625,0
161.68,1383.088134765625,0
161.69,1383.088134765625,0
161.7,1383.088134765625,0
161.71,1383.376220703125,0
161.72,1384.9139404296875,0
161.73,1385.01171875,0
161.74,1385.2996826171875,0
161.75,1385.875732421875,0
161.76,1385.9735107421875,0
161.77,1385.9735107421875,0
161.78,1386.068603515625,0
161.79,1386.356689453125,0
161.8,1386.454345703125,0
161.81,1386.356689453125,0
161.82,1386.068603515625,0
161.83,1385.875732421875,0
161.84,1385.587646484375,0
161.85,1385.587646484375,0
161.86,1385.587646484375,0
161.87,1385.2996826171875,0
161.88,1384.6259765625,0
161.89,1383.761962890625,0
161.9,1382.7022705078125,0
161.91,1381.0693359375,0
161.92,1380.78125,0
161.93,1380.686279296875,0
161.94,1380.205322265625,0
161.95,1379.819580078125,0
161.96,1378.474609375,0
161.97,1378.2816162109375,0
161.98,1377.610595703125,0
161.99,1377.322509765625,0
162,1376.265625,0
162.01,1375.208740234375,0
162.02,1375.208740234375,0
162.03,1375.208740234375,0
162.04,1374.6326904296875,0
162.05,1374.534912109375,0
162.06,1374.534912109375,0
162.07,1374.0567626953125,0
162.08,1373.86376953125,0
162.09,1373.6708984375,0
162.1,1373.6708984375,0
162.11,1373.0948486328125,0
162.12,1371.5596923828125,0
162.13,1371.5596923828125,0
162.14,1371.3668212890625,0
162.15,1371.3668212890625,0
162.16,1371.3668212890625,0
162.17,1371.3668212890625,0
162.18,1372.806884765625,0
162.19,1373.5758056640625,0
162.2,1373.86376953125,0
162.21,1374.0567626953125,0
162.22,1374.0567626953125,0
162.23,1374.0567626953125,0
162.24,1374.0567626953125,0
162.25,1374.15185546875,0
162.26,1374.534912109375,0
162.27,1376.265625,0
162.28,1376.74658203125,0
162.29,1377.129638671875,0
162.3,1377.8985595703125,0
162.31,1378.95556640625,0
162.32,1378.95556640625,0
162.33,1379.2435302734375,0
162.34,1379.2435302734375,0
162.35,1379.2435302734375,0
162.36,1379.6292724609375,0
162.37,1379.6292724609375,0
162.38,1379.6292724609375,0
162.39,1379.6292724609375,0
162.4,1379.7244873046875,0
162.41,1380.4932861328125,0
162.42,1380.4932861328125,0
162.43,1380.4932861328125,0
162.44,1380.4932861328125,0
162.45,1380.4932861328125,0
162.46,1380.4932861328125,0
162.47,1380.4932861328125,0
162.48,1380.012451171875,0
162.49,1379.917236328125,0
162.5,1379.6292724609375,0
162.51,1377.224853515625,0
162.52,1377.224853515625,0
162.53,1377.0345458984375,0
162.54,1376.74658203125,0
162.55,1376.6488037109375,0
162.56,1376.6488037109375,0
162.57,1375.9775390625,0
162.58,1375.8798828125,0
162.59,1375.3038330078125,0
162.6,1375.015869140625,0
162.61,1375.015869140625,0
162.62,1374.8228759765625,0
162.63,1374.8228759765625,0
162.64,1373.2877197265625,0
162.65,1372.6138916015625,0
162.66,1372.6138916015625,0
162.67,1371.8477783203125,0
162.68,1371.8477783203125,0
162.69,1371.8477783203125,0
162.7,1371.8477783203125,0
162.71,1371.65478515625,0
162.72,1370.405029296875,0
162.73,1370.2147216796875,0
162.74,1370.2147216796875,0
162.75,1370.2147216796875,0
162.76,1370.2147216796875,0
162.77,1370.0218505859375,0
162.78,1370.0218505859375,0
162.79,1370.0218505859375,0
162.8,1370.0218505859375,0
162.81,1370.0218505859375,0
162.82,1368.967529296875,0
162.83,1368.967529296875,0
162.84,1368.100830078125,0
162.85,1367.5247802734375,0
162.86,1366.951416015625,0
162.87,1366.7586669921875,0
162.88,1366.2777099609375,0
162.89,1366.2777099609375,0
162.9,1366.2777099609375,0
162.91,1366.2777099609375,0
162.92,1366.3753662109375,0
162.93,1366.2777099609375,0
162.94,1366.2777099609375,0
162.95,1366.3753662109375,0
162.96,1366.3753662109375,0
162.97,1366.3753662109375,0
162.98,1366.6634521484375,0
162.99,1366.6634521484375,0
163,1365.8946533203125,0
163.01,1365.318603515625,0
163.02,1365.8946533203125,0
163.03,1365.8946533203125,0
163.04,1365.0303955078125,0
163.05,1365.0303955078125,0
163.06,1365.0303955078125,0
163.07,1365.0303955078125,0
163.08,1365.1282958984375,0
163.09,1364.742431640625,0
163.1,1364.742431640625,0
163.11,1364.55224609375,0
163.12,1364.55224609375,0
163.13,1364.742431640625,0
163.14,1364.359375,0
163.15,1364.359375,0
163.16,1364.359375,0
163.17,1364.2642822265625,0
163.18,1364.359375,0
163.19,1364.359375,0
163.2,1365.223388671875,0
163.21,1363.87841796875,0
163.22,1363.59033203125,0
163.23,1363.59033203125,0
163.24,1363.87841796875,0
163.25,1362.5362548828125,0
163.26,1362.5362548828125,0
163.27,1361.960205078125,0
163.28,1362.5362548828125,0
163.29,1362.5362548828125,0
163.3,1362.5362548828125,0
163.31,1363.59033203125,0
163.32,1363.59033203125,0
163.33,1362.2481689453125,0
163.34,1362.6312255859375,0
163.35,1362.2481689453125,0
163.36,1362.6312255859375,0
163.37,1362.2481689453125,0
163.38,1362.1529541015625,0
163.39,1362.1529541015625,0
163.4,1362.1529541015625,0
163.41,1362.2481689453125,0
163.42,1362.1529541015625,0
163.43,1362.1529541015625,0
163.44,1362.1529541015625,0
163.45,1362.1529541015625,0
163.46,1362.2481689453125,0
163.47,1363.0169677734375,0
163.48,1363.0169677734375,0
163.49,1363.4002685546875,0
163.5,1363.4002685546875,0
163.51,1364.6473388671875,0
163.52,1364.6473388671875,0
163.53,1363.4002685546875,0
163.54,1362.5362548828125,0
163.55,1362.5362548828125,0
163.56,1362.34326171875,0
163.57,1362.1529541015625,0
163.58,1361.19384765625,0
163.59,1360.6177978515625,0
163.6,1360.4249267578125,0
163.61,1360.329833984375,0
163.62,1360.329833984375,0
163.63,1360.329833984375,0
163.64,1360.329833984375,0
163.65,1360.4249267578125,0
163.66,1360.4249267578125,0
163.67,1360.4249267578125,0
163.68,1360.80810546875,0
163.69,1360.80810546875,0
163.7,1361.09619140625,0
163.71,1361.09619140625,0
163.72,1361.48193359375,0
163.73,1361.3841552734375,0
163.74,1361.3841552734375,0
163.75,1361.09619140625,0
163.76,1361.3841552734375,0
163.77,1361.09619140625,0
163.78,1361.09619140625,0
163.79,1361.09619140625,0
163.8,1361.3841552734375,0
163.81,1361.3841552734375,0
163.82,1361.09619140625,0
163.83,1361.09619140625,0
163.84,1360.9058837890625,0
163.85,1360.9058837890625,0
163.86,1360.9058837890625,0
163.87,1360.9058837890625,0
163.88,1360.5225830078125,0
163.89,1360.5225830078125,0
163.9,1360.0418701171875,0
163.91,1360.5225830078125,0
163.92,1360.0418701171875,0
163.93,1360.0418701171875,0
163.94,1360.0418701171875,0
163.95,1360.0418701171875,0
163.96,1358.8924560546875,0
163.97,1358.8924560546875,0
163.98,1358.506591796875,0
163.99,1358.1234130859375,0
164,1357.9332275390625,0
164.01,1357.9332275390625,0
164.02,1357.5474853515625,0
164.03,1357.1644287109375,0
164.04,1357.1644287109375,0
164.05,1356.8763427734375,0
164.06,1356.68603515625,0
164.07,1356.5909423828125,0
164.08,1356.5909423828125,0
164.09,1356.5909423828125,0
164.1,1356.3980712890625,0
164.11,1356.3980712890625,0
164.12,1355.2486572265625,0
164.13,1355.5340576171875,0
164.14,1355.5340576171875,0
164.15,1355.1507568359375,0
164.16,1355.0556640625,0
164.17,1354.479736328125,0
164.18,1353.9063720703125,0
164.19,1353.330322265625,0
164.2,1353.2352294921875,0
164.21,1353.042236328125,0
164.22,1352.2760009765625,0
164.23,1352.2760009765625,0
164.24,1352.4688720703125,0
164.25,1352.2760009765625,0
164.26,1352.4688720703125,0
164.27,1352.4688720703125,0
164.28,1352.2760009765625,0
164.29,1352.2760009765625,0
164.3,1352.2760009765625,0
164.31,1352.2760009765625,0
164.32,1351.31689453125,0
164.33,1351.031494140625,0
164.34,1351.031494140625,0
164.35,1350.93359375,0
164.36,1350.93359375,0
164.37,1351.031494140625,0
164.38,1351.031494140625,0
164.39,1350.93359375,0
164.4,1351.031494140625,0
164.41,1350.3602294921875,0
164.42,1350.3602294921875,0
164.43,1350.3602294921875,0
164.44,1350.3602294921875,0
164.45,1350.072265625,0
164.46,1350.072265625,0
164.47,1350.2625732421875,0
164.48,1350.16748046875,0
164.49,1350.16748046875,0
164.5,1350.16748046875,0
164.51,1350.16748046875,0
164.52,1350.16748046875,0
164.53,1350.2625732421875,0
164.54,1350.7435302734375,0
164.55,1350.2625732421875,0
164.56,1350.16748046875,0
164.57,1349.8795166015625,0
164.58,1348.8277587890625,0
164.59,1348.8277587890625,0
164.6,1348.8277587890625,0
164.61,1348.8277587890625,0
164.62,1348.7301025390625,0
164.63,1348.7301025390625,0
164.64,1348.4420166015625,0
164.65,1348.7301025390625,0
164.66,1348.7301025390625,0
164.67,1348.9228515625,0
164.68,1348.9228515625,0
164.69,1349.01806640625,0
164.7,1349.01806640625,0
164.71,1349.01806640625,0
164.72,1348.9228515625,0
164.73,1349.4962158203125,0
164.74,1349.4962158203125,0
164.75,1349.4962158203125,0
164.76,1349.4962158203125,0
164.77,1348.9228515625,0
164.78,1348.9228515625,0
164.79,1348.9228515625,0
164.8,1348.9228515625,0
164.81,1348.9228515625,0
164.82,1347.9637451171875,0
164.83,1348.539794921875,0
164.84,1348.539794921875,0
164.85,1347.9637451171875,0
164.86,1347.9637451171875,0
164.87,1347.9637451171875,0
164.88,1347.9637451171875,0
164.89,1348.539794921875,0
164.9,1348.539794921875,0
164.91,1348.539794921875,0
164.92,1348.8277587890625,0
164.93,1348.8277587890625,0
164.94,1349.4962158203125,0
164.95,1349.4962158203125,0
164.96,1349.1131591796875,0
164.97,1348.8277587890625,0
164.98,1348.4420166015625,0
164.99,1348.4420166015625,0
165,1348.15673828125,0
165.01,1347.86865234375,0
165.02,1347.86865234375,0
165.03,1347.390380859375,0
165.04,1347.390380859375,0
165.05,1347.292724609375,0
165.06,1347.292724609375,0
165.07,1346.6214599609375,0
165.08,1346.43115234375,0
165.09,1346.43115234375,0
165.1,1344.898681640625,0
165.11,1344.515625,0
165.12,1344.13232421875,0
165.13,1344.13232421875,0
165.14,1343.942138671875,0
165.15,1343.5589599609375,0
165.16,1342.314453125,0
165.17,1342.216796875,0
165.18,1342.216796875,0
165.19,1342.0264892578125,0
165.2,1342.0264892578125,0
165.21,1341.5482177734375,0
165.22,1341.5482177734375,0
165.23,1341.5482177734375,0
165.24,1340.8770751953125,0
165.25,1340.589111328125,0
165.26,1340.0157470703125,0
165.27,1340.0157470703125,0
165.28,1339.4422607421875,0
165.29,1340.7818603515625,0
165.3,1340.7818603515625,0
165.31,1339.4422607421875,0
165.32,1338.4830322265625,0
165.33,1338.19775390625,0
165.34,1338.4830322265625,0
165.35,1338.19775390625,0
165.36,1338.1026611328125,0
165.37,1338.1026611328125,0
165.38,1337.90966796875,0
165.39,1337.90966796875,0
165.4,1337.90966796875,0
165.41,1337.90966796875,0
165.42,1337.90966796875,0
165.43,1337.8145751953125,0
165.44,1337.719482421875,0
165.45,1337.90966796875,0
165.46,1337.624267578125,0
165.47,1337.4315185546875,0
165.48,1336.377197265625,0
165.49,1335.9014892578125,0
165.5,1335.9014892578125,0
165.51,1335.8038330078125,0
165.52,1335.613525390625,0
165.53,1335.3255615234375,0
165.54,1335.3255615234375,0
165.55,1335.3255615234375,0
165.56,1335.23046875,0
165.57,1335.23046875,0
165.58,1335.23046875,0
165.59,1335.23046875,0
165.6,1335.23046875,0
165.61,1335.23046875,0
165.62,1335.23046875,0
165.63,1335.23046875,0
165.64,1333.0294189453125,0
165.65,1332.934326171875,0
165.66,1333.0294189453125,0
165.67,1333.3173828125,0
165.68,1333.3173828125,0
165.69,1333.3173828125,0
165.7,1332.934326171875,0
165.71,1333.3173828125,0
165.72,1332.839111328125,0
165.73,1333.0294189453125,0
165.74,1333.0294189453125,0
165.75,1332.646240234375,0
165.76,1332.646240234375,0
165.77,1331.404296875,0
165.78,1331.404296875,0
165.79,1331.689697265625,0
165.8,1331.404296875,0
165.81,1331.689697265625,0
165.82,1331.689697265625,0
165.83,1331.689697265625,0
165.84,1332.2657470703125,0
165.85,1331.689697265625,0
165.86,1331.689697265625,0
165.87,1331.689697265625,0
165.88,1331.3092041015625,0
165.89,1332.2657470703125,0
165.9,1331.3092041015625,0
165.91,1329.6815185546875,0
165.92,1329.4912109375,0
165.93,1329.4912109375,0
165.94,1329.4912109375,0
165.95,1328.9178466796875,0
165.96,1328.9178466796875,0
165.97,1329.6815185546875,0
165.98,1328.9178466796875,0
165.99,1327.7711181640625,0
166,1328.9178466796875,0
166.01,1327.7711181640625,0
166.02,1327.7711181640625,0
166.03,1327.7711181640625,0
166.04,1327.7711181640625,0
166.05,1327.578369140625,0
166.06,1327.19775390625,0
166.07,1326.90966796875,0
166.08,1326.90966796875,0
166.09,1326.526611328125,0
166.1,1326.526611328125,0
166.11,1326.526611328125,0
166.12,1326.526611328125,0
166.13,1325.4749755859375,0
166.14,1326.526611328125,0
166.15,1326.526611328125,0
166.16,1326.526611328125,0
166.17,1327.578369140625,0
166.18,1327.578369140625,0
166.19,1327.96142578125,0
166.2,1327.96142578125,0
166.21,1327.3880615234375,0
166.22,1327.3880615234375,0
166.23,1327.3880615234375,0
166.24,1327.0048828125,0
166.25,1327.0048828125,0
166.26,1326.4315185546875,0
166.27,1327.0048828125,0
166.28,1326.4315185546875,0
166.29,1325.28466796875,0
166.3,1325.1895751953125,0
166.31,1325.1895751953125,0
166.32,1324.901611328125,0
166.33,1324.901611328125,0
166.34,1324.901611328125,0
166.35,1324.901611328125,0
166.36,1324.4232177734375,0
166.37,1324.901611328125,0
166.38,1324.901611328125,0
166.39,1324.901611328125,0
166.4,1325.28466796875,0
166.41,1325.28466796875,0
166.42,1325.28466796875,0
166.43,1326.526611328125,0
166.44,1328.1517333984375,0
166.45,1328.344482421875,0
166.46,1328.344482421875,0
166.47,1328.344482421875,0
166.48,1328.344482421875,0
166.49,1328.1517333984375,0
166.5,1328.1517333984375,0
166.51,1325.4749755859375,0
166.52,1325.28466796875,0
166.53,1325.28466796875,0
166.54,1324.8065185546875,0
166.55,1324.4232177734375,0
166.56,1324.0428466796875,0
166.57,1323.7547607421875,0
166.58,1323.7547607421875,0
166.59,1323.7547607421875,0
166.6,1324.0428466796875,0
166.61,1323.7547607421875,0
166.62,1323.7547607421875,0
166.63,1324.137939453125,0
166.64,1324.137939453125,0
166.65,1324.137939453125,0
166.66,1324.137939453125,0
166.67,1322.1297607421875,0
166.68,1321.9395751953125,0
166.69,1321.8443603515625,0
166.7,1321.8443603515625,0
166.71,1321.8443603515625,0
166.72,1321.8443603515625,0
166.73,1321.8443603515625,0
166.74,1321.5589599609375,0
166.75,1321.5589599609375,0
166.76,1321.4613037109375,0
166.77,1320.6025390625,0
166.78,1320.0291748046875,0
166.79,1319.455810546875,0
166.8,1319.455810546875,0
166.81,1318.7872314453125,0
166.82,1318.1187744140625,0
166.83,1318.1187744140625,0
166.84,1317.8306884765625,0
166.85,1317.54541015625,0
166.86,1317.8306884765625,0
166.87,1318.023681640625,0
166.88,1318.023681640625,0
166.89,1318.023681640625,0
166.9,1318.1187744140625,0
166.91,1318.7872314453125,0
166.92,1318.7872314453125,0
166.93,1318.9775390625,0
166.94,1318.9775390625,0
166.95,1319.360595703125,0
166.96,1318.9775390625,0
166.97,1319.360595703125,0
166.98,1319.360595703125,0
166.99,1318.9775390625,0
167,1318.692138671875,0
167.01,1318.692138671875,0
167.02,1318.5970458984375,0
167.03,1318.692138671875,0
167.04,1318.692138671875,0
167.05,1318.692138671875,0
167.06,1318.692138671875,0
167.07,1321.9395751953125,0
167.08,1321.9395751953125,0
167.09,1322.3226318359375,0
167.1,1321.9395751953125,0
167.11,1321.9395751953125,0
167.12,1320.985595703125,0
167.13,1320.317138671875,0
167.14,1320.317138671875,0
167.15,1320.317138671875,0
167.16,1319.8388671875,0
167.17,1315.9202880859375,0
167.18,1315.2545166015625,0
167.19,1315.2545166015625,0
167.2,1314.8714599609375,0
167.21,1314.8714599609375,0
167.22,1314.7762451171875,0
167.23,1315.2545166015625,0
167.24,1314.7762451171875,0
167.25,1313.91748046875,0
167.26,1313.91748046875,0
167.27,1313.91748046875,0
167.28,1310.8629150390625,0
167.29,1310.8629150390625,0
167.3,1310.8629150390625,0
167.31,1310.8629150390625,0
167.32,1310.5748291015625,0
167.33,1310.5748291015625,0
167.34,1310.8629150390625,0
167.35,1310.8629150390625,0
167.36,1311.05322265625,0
167.37,1311.05322265625,0
167.38,1311.05322265625,0
167.39,1311.05322265625,0
167.4,1311.05322265625,0
167.41,1311.05322265625,0
167.42,1311.05322265625,0
167.43,1310.9581298828125,0
167.44,1310.9581298828125,0
167.45,1310.4798583984375,0
167.46,1310.1944580078125,0
167.47,1310.1944580078125,0
167.48,1310.1944580078125,0
167.49,1309.7161865234375,0
167.5,1309.7161865234375,0
167.51,1309.238037109375,0
167.52,1309.4307861328125,0
167.53,1309.238037109375,0
167.54,1308.4769287109375,0
167.55,1309.238037109375,0
167.56,1309.238037109375,0
167.57,1309.238037109375,0
167.58,1309.4307861328125,0
167.59,1308.3790283203125,0
167.6,1308.3790283203125,0
167.61,1308.3790283203125,0
167.62,1307.52294921875,0
167.63,1307.52294921875,0
167.64,1306.471435546875,0
167.65,1306.471435546875,0
167.66,1306.18603515625,0
167.67,1306.18603515625,0
167.68,1306.18603515625,0
167.69,1306.18603515625,0
167.7,1306.18603515625,0
167.71,1306.5665283203125,0
167.72,1306.18603515625,0
167.73,1306.18603515625,0
167.74,1305.5174560546875,0
167.75,1305.3272705078125,0
167.76,1305.3272705078125,0
167.77,1304.75390625,0
167.78,1304.4686279296875,0
167.79,1304.4686279296875,0
167.8,1304.4686279296875,0
167.81,1303.7999267578125,0
167.82,1303.7999267578125,0
167.83,1303.7999267578125,0
167.84,1304.4686279296875,0
167.85,1303.7999267578125,0
167.86,1303.7999267578125,0
167.87,1303.7999267578125,0
167.88,1303.7999267578125,0
167.89,1303.60986328125,0
167.9,1303.60986328125,0
167.91,1303.324462890625,0
167.92,1303.60986328125,0
167.93,1303.60986328125,0
167.94,1303.60986328125,0
167.95,1302.84619140625,0
167.96,1302.7510986328125,0
167.97,1302.7510986328125,0
167.98,1302.0850830078125,0
167.99,1301.797119140625,0
168,1301.797119140625,0
168.01,1301.797119140625,0
168.02,1301.797119140625,0
168.03,1301.7020263671875,0
168.04,1301.7020263671875,0
168.05,1301.7020263671875,0
168.06,1301.51171875,0
168.07,1301.51171875,0
168.08,1301.51171875,0
168.09,1301.51171875,0
168.1,1300.9383544921875,0
168.11,1300.6529541015625,0
168.12,1299.9871826171875,0
168.13,1299.9871826171875,0
168.14,1299.033203125,0
168.15,1299.033203125,0
168.16,1299.033203125,0
168.17,1299.033203125,0
168.18,1299.033203125,0
168.19,1298.9381103515625,0
168.2,1299.6065673828125,0
168.21,1299.6065673828125,0
168.22,1298.9381103515625,0
168.23,1298.9381103515625,0
168.24,1298.9381103515625,0
168.25,1298.65283203125,0
168.26,1298.65283203125,0
168.27,1298.65283203125,0
168.28,1298.65283203125,0
168.29,1298.65283203125,0
168.3,1298.65283203125,0
168.31,1298.65283203125,0
168.32,1298.65283203125,0
168.33,1298.36474609375,0
168.34,1297.603759765625,0
168.35,1297.5086669921875,0
168.36,1296.64990234375,0
168.37,1297.5086669921875,0
168.38,1297.5086669921875,0
168.39,1296.935302734375,0
168.4,1296.935302734375,0
168.41,1297.603759765625,0
168.42,1297.7940673828125,0
168.43,1298.079345703125,0
168.44,1298.36474609375,0
168.45,1298.36474609375,0
168.46,1298.36474609375,0
168.47,1298.747802734375,0
168.48,1299.033203125,0
168.49,1298.843017578125,0
168.5,1298.747802734375,0
168.51,1298.747802734375,0
168.52,1298.843017578125,0
168.53,1298.843017578125,0
168.54,1298.843017578125,0
168.55,1298.65283203125,0
168.56,1298.5577392578125,0
168.57,1297.5086669921875,0
168.58,1297.5086669921875,0
168.59,1297.5086669921875,0
168.6,1297.5086669921875,0
168.61,1297.0303955078125,0
168.62,1296.8402099609375,0
168.63,1296.0792236328125,0
168.64,1295.41064453125,0
168.65,1295.0301513671875,0
168.66,1295.41064453125,0
168.67,1294.83984375,0
168.68,1294.17138671875,0
168.69,1294.83984375,0
168.7,1294.83984375,0
168.71,1294.17138671875,0
168.72,1294.17138671875,0
168.73,1294.83984375,0
168.74,1294.17138671875,0
168.75,1293.6956787109375,0
168.76,1293.6956787109375,0
168.77,1294.7447509765625,0
168.78,1294.7447509765625,0
168.79,1294.7447509765625,0
168.8,1294.83984375,0
168.81,1295.125244140625,0
168.82,1294.93505859375,0
168.83,1295.125244140625,0
168.84,1295.125244140625,0
168.85,1294.93505859375,0
168.86,1294.93505859375,0
168.87,1294.93505859375,0
168.88,1294.83984375,0
168.89,1294.93505859375,0
168.9,1294.93505859375,0
168.91,1294.3616943359375,0
168.92,1293.885986328125,0
168.93,1293.885986328125,0
168.94,1293.885986328125,0
168.95,1292.5516357421875,0
168.96,1291.9808349609375,0
168.97,1291.8858642578125,0
168.98,1291.8858642578125,0
168.99,1291.3150634765625,0
169,1291.027099609375,0
169.01,1289.79052734375,0
169.02,1289.6002197265625,0
169.03,1289.6002197265625,0
169.04,1289.6002197265625,0
169.05,1289.02685546875,0
169.06,1288.8365478515625,0
169.07,1288.0755615234375,0
169.08,1288.2657470703125,0
169.09,1288.0755615234375,0
169.1,1287.98046875,0
169.11,1287.98046875,0
169.12,1288.0755615234375,0
169.13,1287.8853759765625,0
169.14,1287.5999755859375,0
169.15,1287.8853759765625,0
169.16,1288.0755615234375,0
169.17,1288.0755615234375,0
169.18,1288.0755615234375,0
169.19,1288.36083984375,0
169.2,1288.36083984375,0
169.21,1288.36083984375,0
169.22,1288.36083984375,0
169.23,1288.36083984375,0
169.24,1288.0755615234375,0
169.25,1287.40966796875,0
169.26,1287.40966796875,0
169.27,1287.026611328125,0
169.28,1287.026611328125,0
169.29,1286.931396484375,0
169.3,1286.931396484375,0
169.31,1286.0753173828125,0
169.32,1286.0753173828125,0
169.33,1286.0753173828125,0
169.34,1286.0753173828125,0
169.35,1285.980224609375,0
169.36,1285.1241455078125,0
169.37,1284.1702880859375,0
169.38,1283.5994873046875,0
169.39,1283.5994873046875,0
169.4,1283.5994873046875,0
169.41,1283.5994873046875,0
169.42,1283.314208984375,0
169.43,1283.314208984375,0
169.44,1283.314208984375,0
169.45,1283.02880859375,0
169.46,1283.02880859375,0
169.47,1283.02880859375,0
169.48,1282.36279296875,0
169.49,1281.982421875,0
169.5,1281.982421875,0
169.51,1281.8873291015625,0
169.52,1281.8873291015625,0
169.53,1281.982421875,0
169.54,1281.982421875,0
169.55,1281.982421875,0
169.56,1282.36279296875,0
169.57,1282.743408203125,0
169.58,1282.93359375,0
169.59,1282.743408203125,0
169.6,1282.743408203125,0
169.61,1282.743408203125,0
169.62,1282.743408203125,0
169.63,1282.743408203125,0
169.64,1282.743408203125,0
169.65,1282.743408203125,0
169.66,1282.1727294921875,0
169.67,1281.8873291015625,0
169.68,1280.5555419921875,0
169.69,1280.5555419921875,0
169.7,1281.8873291015625,0
169.71,1280.365234375,0
169.72,1280.365234375,0
169.73,1280.365234375,0
169.74,1279.8896484375,0
169.75,1279.4140625,0
169.76,1278.935791015625,0
169.77,1279.4140625,0
169.78,1279.4140625,0
169.79,1278.935791015625,0
169.8,1278.4600830078125,0
169.81,1278.4600830078125,0
169.82,1278.935791015625,0
169.83,1279.0308837890625,0
169.84,1279.0308837890625,0
169.85,1279.0308837890625,0
169.86,1278.7454833984375,0
169.87,1278.4600830078125,0
169.88,1278.4600830078125,0
169.89,1278.7454833984375,0
169.9,1278.4600830078125,0
169.91,1278.4600830078125,0
169.92,1278.364990234375,0
169.93,1278.0797119140625,0
169.94,1277.889404296875,0
169.95,1277.889404296875,0
169.96,1277.7943115234375,0
169.97,1277.7943115234375,0
169.98,1277.7943115234375,0
169.99,1277.7943115234375,0
170,1277.7943115234375,0
170.01,1277.413818359375,0
170.02,1277.413818359375,0
170.03,1277.318603515625,0
170.04,1277.413818359375,0
170.05,1277.318603515625,0
170.06,1277.2236328125,0
170.07,1276.0821533203125,0
170.08,1275.70166015625,0
170.09,1275.70166015625,0
170.1,1275.70166015625,0
170.11,1275.70166015625,0
170.12,1275.6064453125,0
170.13,1275.5113525390625,0
170.14,1275.321044921875,0
170.15,1275.321044921875,0
170.16,1275.321044921875,0
170.17,1275.321044921875,0
170.18,1274.940673828125,0
170.19,1274.940673828125,0
170.2,1274.940673828125,0
170.21,1274.8455810546875,0
170.22,1274.369873046875,0
170.23,1273.70654296875,0
170.24,1274.369873046875,0
170.25,1273.70654296875,0
170.26,1273.70654296875,0
170.27,1273.70654296875,0
170.28,1273.70654296875,0
170.29,1273.1358642578125,0
170.3,1273.1358642578125,0
170.31,1272.75537109375,0
170.32,1272.75537109375,0
170.33,1272.75537109375,0
170.34,1272.75537109375,0
170.35,1271.708984375,0
170.36,1271.708984375,0
170.37,1271.708984375,0
170.38,1271.708984375,0
170.39,1272.089599609375,0
170.4,1272.6602783203125,0
170.41,1272.089599609375,0
170.42,1272.089599609375,0
170.43,1271.8992919921875,0
170.44,1271.8992919921875,0
170.45,1271.8992919921875,0
170.46,1270.8529052734375,0
170.47,1270.2821044921875,0
170.48,1270.2821044921875,0
170.49,1270.2821044921875,0
170.5,1270.2821044921875,0
170.51,1270.8529052734375,0
170.52,1270.8529052734375,0
170.53,1270.1871337890625,0
170.54,1270.1871337890625,0
170.55,1270.1871337890625,0
170.56,1270.092041015625,0
170.57,1269.521240234375,0
170.58,1269.426025390625,0
170.59,1269.426025390625,0
170.6,1269.3309326171875,0
170.61,1269.3309326171875,0
170.62,1268.9505615234375,0
170.63,1268.9505615234375,0
170.64,1269.23583984375,0
170.65,1268.8553466796875,0
170.66,1268.3824462890625,0
170.67,1268.3824462890625,0
170.68,1268.3824462890625,0
170.69,1268.7628173828125,0
170.7,1268.7628173828125,0
170.71,1268.3824462890625,0
170.72,1268.2872314453125,0
170.73,1268.2872314453125,0
170.74,1268.2872314453125,0
170.75,1267.90673828125,0
170.76,1267.43115234375,0
170.77,1267.43115234375,0
170.78,1267.43115234375,0
170.79,1267.43115234375,0
170.8,1267.240966796875,0
170.81,1267.240966796875,0
170.82,1265.9091796875,0
170.83,1265.9091796875,0
170.84,1265.9091796875,0
170.85,1265.9091796875,0
170.86,1265.9091796875,0
170.87,1265.9091796875,0
170.88,1265.341064453125,0
170.89,1264.6751708984375,0
170.9,1264.6751708984375,0
170.91,1264.6751708984375,0
170.92,1264.6751708984375,0
170.93,1265.53125,0
170.94,1265.53125,0
170.95,1266.0042724609375,0
170.96,1265.53125,0
170.97,1265.53125,0
170.98,1266.0042724609375,0
170.99,1265.53125,0
171,1264.580078125,0
171.01,1266.0042724609375,0
171.02,1266.0042724609375,0
171.03,1266.0042724609375,0
171.04,1266.099365234375,0
171.05,1266.099365234375,0
171.06,1266.099365234375,0
171.07,1265.4361572265625,0
171.08,1265.4361572265625,0
171.09,1265.4361572265625,0
171.1,1264.7703857421875,0
171.11,1264.6751708984375,0
171.12,1264.580078125,0
171.13,1264.580078125,0
171.14,1263.7239990234375,0
171.15,1263.34619140625,0
171.16,1262.8704833984375,0
171.17,1262.489990234375,0
171.18,1262.489990234375,0
171.19,1262.489990234375,0
171.2,1262.394775390625,0
171.21,1262.489990234375,0
171.22,1262.394775390625,0
171.23,1262.394775390625,0
171.24,1261.4462890625,0
171.25,1262.394775390625,0
171.26,1262.965576171875,0
171.27,1260.5902099609375,0
171.28,1262.014404296875,0
171.29,1262.5850830078125,0
171.3,1262.014404296875,0
171.31,1262.014404296875,0
171.32,1262.014404296875,0
171.33,1262.2047119140625,0
171.34,1262.014404296875,0
171.35,1261.160888671875,0
171.36,1261.160888671875,0
171.37,1261.0657958984375,0
171.38,1260.780517578125,0
171.39,1260.685302734375,0
171.4,1260.5902099609375,0
171.41,1259.831787109375,0
171.42,1259.831787109375,0
171.43,1259.166015625,0
171.44,1259.166015625,0
171.45,1259.166015625,0
171.46,1259.166015625,0
171.47,1259.166015625,0
171.48,1259.166015625,0
171.49,1259.54638671875,0
171.5,1259.831787109375,0
171.51,1259.831787109375,0
171.52,1259.831787109375,0
171.53,1259.831787109375,0
171.54,1259.831787109375,0
171.55,1259.831787109375,0
171.56,1259.831787109375,0
171.57,1259.54638671875,0
171.58,1259.54638671875,0
171.59,1259.54638671875,0
171.6,1259.54638671875,0
171.61,1259.54638671875,0
171.62,1259.54638671875,0
171.63,1259.54638671875,0
171.64,1259.92431640625,0
171.65,1260.87548828125,0
171.66,1260.87548828125,0
171.67,1260.87548828125,0
171.68,1260.87548828125,0
171.69,1259.4512939453125,0
171.7,1259.4512939453125,0
171.71,1259.4512939453125,0
171.72,1259.260986328125,0
171.73,1259.166015625,0
171.74,1259.166015625,0
171.75,1258.5001220703125,0
171.76,1258.5001220703125,0
171.77,1257.9320068359375,0
171.78,1257.9320068359375,0
171.79,1257.9320068359375,0
171.8,1258.59521484375,0
171.81,1259.166015625,0
171.82,1258.7855224609375,0
171.83,1258.7855224609375,0
171.84,1258.7855224609375,0
171.85,1258.7855224609375,0
171.86,1258.7855224609375,0
171.87,1258.59521484375,0
171.88,1258.59521484375,0
171.89,1258.59521484375,0
171.9,1258.5001220703125,0
171.91,1258.5001220703125,0
171.92,1258.5001220703125,0
171.93,1258.5001220703125,0
171.94,1258.59521484375,0
171.95,1258.59521484375,0
171.96,1258.2174072265625,0
171.97,1256.8883056640625,0
171.98,1256.5076904296875,0
171.99,1256.5076904296875,0
172,1255.5592041015625,0
172.01,1254.893310546875,0
172.02,1254.3226318359375,0
172.03,1253.849609375,0
172.04,1253.3739013671875,0
172.05,1252.5205078125,0
172.06,1251.6669921875,0
172.07,1251.6669921875,0
172.08,1251.0963134765625,0
172.09,1251.001220703125,0
172.1,1251.001220703125,0
172.11,1251.001220703125,0
172.12,1249.10400390625,0
172.13,1248.8212890625,0
172.14,1248.4407958984375,0
172.15,1247.9677734375,0
172.16,1247.9677734375,0
172.17,1247.3970947265625,0
172.18,1247.3970947265625,0
172.19,1246.924072265625,0
172.2,1246.924072265625,0
172.21,1246.924072265625,0
172.22,1246.924072265625,0
172.23,1247.019287109375,0
172.24,1247.019287109375,0
172.25,1247.019287109375,0
172.26,1247.302001953125,0
172.27,1247.019287109375,0
172.28,1247.302001953125,0
172.29,1247.302001953125,0
172.3,1247.302001953125,0
172.31,1246.924072265625,0
172.32,1246.924072265625,0
172.33,1246.924072265625,0
172.34,1247.302001953125,0
172.35,1247.3970947265625,0
172.36,1247.7774658203125,0
172.37,1247.7774658203125,0
172.38,1247.7774658203125,0
172.39,1247.7774658203125,0
172.4,1247.7774658203125,0
172.41,1248.1553955078125,0
172.42,1248.535888671875,0
172.43,1248.631103515625,0
172.44,1249.389404296875,0
172.45,1249.484619140625,0
172.46,1249.7698974609375,0
172.47,1250.6234130859375,0
172.48,1250.6234130859375,0
172.49,1251.1915283203125,0
172.5,1251.476806640625,0
172.51,1252.330322265625,0
172.52,1252.7108154296875,0
172.53,1252.7108154296875,0
172.54,1252.7108154296875,0
172.55,1252.7108154296875,0
172.56,1252.7108154296875,0
172.57,1252.7108154296875,0
172.58,1252.044921875,0
172.59,1251.76220703125,0
172.6,1251.0963134765625,0
172.61,1251.001220703125,0
172.62,1250.2427978515625,0
172.63,1250.0526123046875,0
172.64,1249.19921875,0
172.65,1248.91650390625,0
172.66,1248.345703125,0
172.67,1248.345703125,0
172.68,1248.4407958984375,0
172.69,1248.345703125,0
172.7,1247.9677734375,0
172.71,1247.7774658203125,0
172.72,1246.924072265625,0
172.73,1246.165771484375,0
172.74,1245.78515625,0
172.75,1244.9317626953125,0
172.76,1244.55126953125,0
172.77,1244.55126953125,0
172.78,1244.55126953125,0
172.79,1243.8880615234375,0
172.8,1243.5101318359375,0
172.81,1243.5101318359375,0
172.82,1243.5101318359375,0
172.83,1243.5101318359375,0
172.84,1243.5101318359375,0
172.85,1243.5101318359375,0
172.86,1243.5101318359375,0
172.87,1243.5101318359375,0
172.88,1243.5101318359375,0
172.89,1242.65673828125,0
172.9,1242.371337890625,0
172.91,1242.371337890625,0
172.92,1242.371337890625,0
172.93,1242.371337890625,0
172.94,1242.5616455078125,0
172.95,1241.9935302734375,0
172.96,1242.371337890625,0
172.97,1242.371337890625,0
172.98,1242.5616455078125,0
172.99,1242.65673828125,0
173,1242.65673828125,0
173.01,1242.5616455078125,0
173.02,1243.1297607421875,0
173.03,1243.224853515625,0
173.04,1243.5101318359375,0
173.05,1243.5101318359375,0
173.06,1243.6053466796875,0
173.07,1244.1734619140625,0
173.08,1244.1734619140625,0
173.09,1244.1734619140625,0
173.1,1244.1734619140625,0
173.11,1244.1734619140625,0
173.12,1244.0782470703125,0
173.13,1243.7928466796875,0
173.14,1243.7928466796875,0
173.15,1243.7928466796875,0
173.16,1243.224853515625,0
173.17,1242.5616455078125,0
173.18,1242.5616455078125,0
173.19,1242.5616455078125,0
173.2,1242.5616455078125,0
173.21,1242.088623046875,0
173.22,1241.1400146484375,0
173.23,1239.147705078125,0
173.24,1238.389404296875,0
173.25,1237.53857421875,0
173.26,1237.253173828125,0
173.27,1236.68505859375,0
173.28,1236.4947509765625,0
173.29,1236.4947509765625,0
173.3,1234.4100341796875,0
173.31,1234.4100341796875,0
173.32,1234.0322265625,0
173.33,1233.2738037109375,0
173.34,1232.80078125,0
173.35,1232.6107177734375,0
173.36,1232.2327880859375,0
173.37,1232.2327880859375,0
173.38,1232.2327880859375,0
173.39,1232.1376953125,0
173.4,1232.1376953125,0
173.41,1232.2327880859375,0
173.42,1233.086181640625,0
173.43,1233.5592041015625,0
173.44,1233.5592041015625,0
173.45,1234.0322265625,0
173.46,1234.8857421875,0
173.47,1234.9808349609375,0
173.48,1235.6439208984375,0
173.49,1235.9266357421875,0
173.5,1235.9266357421875,0
173.51,1235.9266357421875,0
173.52,1235.9266357421875,0
173.53,1236.0218505859375,0
173.54,1237.0628662109375,0
173.55,1237.0628662109375,0
173.56,1237.8212890625,0
173.57,1237.8212890625,0
173.58,1237.8212890625,0
173.59,1238.106689453125,0
173.6,1238.106689453125,0
173.61,1238.106689453125,0
173.62,1238.106689453125,0
173.63,1237.8212890625,0
173.64,1236.2120361328125,0
173.65,1236.0218505859375,0
173.66,1235.8316650390625,0
173.67,1236.0218505859375,0
173.68,1236.0218505859375,0
173.69,1236.0218505859375,0
173.7,1235.8316650390625,0
173.71,1235.736572265625,0
173.72,1235.736572265625,0
173.73,1234.4100341796875,0
173.74,1234.317626953125,0
173.75,1234.317626953125,0
173.76,1233.2738037109375,0
173.77,1233.2738037109375,0
173.78,1233.2738037109375,0
173.79,1233.1788330078125,0
173.8,1233.1788330078125,0
173.81,1233.1788330078125,0
173.82,1232.8961181640625,0
173.83,1232.8961181640625,0
173.84,1233.464111328125,0
173.85,1233.464111328125,0
173.86,1232.8961181640625,0
173.87,1233.464111328125,0
173.88,1233.464111328125,0
173.89,1232.3280029296875,0
173.9,1232.2327880859375,0
173.91,1232.3280029296875,0
173.92,1232.3280029296875,0
173.93,1232.2327880859375,0
173.94,1230.5284423828125,0
173.95,1231.4744873046875,0
173.96,1231.4744873046875,0
173.97,1231.4744873046875,0
173.98,1231.4744873046875,0
173.99,1231.85498046875,0
174,1231.4744873046875,0
174.01,1231.4744873046875,0
174.02,1231.4744873046875,0
174.03,1231.4744873046875,0
174.04,1229.770263671875,0
174.05,1229.770263671875,0
174.06,1229.770263671875,0
174.07,1229.3922119140625,0
174.08,1229.3922119140625,0
174.09,1229.3922119140625,0
174.1,1229.2972412109375,0
174.11,1229.2972412109375,0
174.12,1228.91943359375,0
174.13,1229.2972412109375,0
174.14,1229.2972412109375,0
174.15,1229.2972412109375,0
174.16,1229.2972412109375,0
174.17,1229.10693359375,0
174.18,1229.2972412109375,0
174.19,1230.0555419921875,0
174.2,1229.4874267578125,0
174.21,1229.4874267578125,0
174.22,1229.2972412109375,0
174.23,1229.4874267578125,0
174.24,1229.4874267578125,0
174.25,1230.6236572265625,0
174.26,1230.6236572265625,0
174.27,1230.5284423828125,0
174.28,1230.5284423828125,0
174.29,1230.716064453125,0
174.3,1230.716064453125,0
174.31,1231.1917724609375,0
174.32,1230.716064453125,0
174.33,1230.5284423828125,0
174.34,1230.5284423828125,0
174.35,1229.865234375,0
174.36,1229.865234375,0
174.37,1229.770263671875,0
174.38,1229.2972412109375,0
174.39,1228.4464111328125,0
174.4,1228.4464111328125,0
174.41,1228.4464111328125,0
174.42,1228.4464111328125,0
174.43,1227.68798828125,0
174.44,1226.837158203125,0
174.45,1226.837158203125,0
174.46,1226.266357421875,0
174.47,1226.1739501953125,0
174.48,1225.1328125,0
174.49,1225.1328125,0
174.5,1224.8475341796875,0
174.51,1224.8475341796875,0
174.52,1224.8475341796875,0
174.53,1224.4697265625,0
174.54,1224.37451171875,0
174.55,1223.4285888671875,0
174.56,1223.33349609375,0
174.57,1222.0096435546875,0
174.58,1221.91455078125,0
174.59,1221.91455078125,0
174.6,1221.91455078125,0
174.61,1221.8193359375,0
174.62,1221.346435546875,0
174.63,1221.346435546875,0
174.64,1221.346435546875,0
174.65,1221.063720703125,0
174.66,1220.685791015625,0
174.67,1220.685791015625,0
174.68,1220.49560546875,0
174.69,1220.0225830078125,0
174.7,1219.7398681640625,0
174.71,1219.549560546875,0
174.72,1219.549560546875,0
174.73,1219.45458984375,0
174.74,1219.45458984375,0
174.75,1218.3209228515625,0
174.76,1218.2259521484375,0
174.77,1217.3751220703125,0
174.78,1217.2799072265625,0
174.79,1217.2799072265625,0
174.8,1217.184814453125,0
174.81,1217.184814453125,0
174.82,1216.902099609375,0
174.83,1216.8070068359375,0
174.84,1216.7117919921875,0
174.85,1216.7117919921875,0
174.86,1216.333984375,0
174.87,1215.3880615234375,0
174.88,1214.9150390625,0
174.89,1214.1593017578125,0
174.9,1213.1209716796875,0
174.91,1213.1209716796875,0
174.92,1213.0257568359375,0
174.93,1213.0257568359375,0
174.94,1213.1209716796875,0
174.95,1212.5528564453125,0
174.96,1212.2701416015625,0
174.97,1212.2701416015625,0
174.98,1212.1749267578125,0
174.99,1211.3240966796875,0
175,1210.4732666015625,0
175.01,1210.378173828125,0
175.02,1210.095458984375,0
175.03,1210.095458984375,0
175.04,1210.378173828125,0
175.05,1210.000244140625,0
175.06,1210.000244140625,0
175.07,1209.434814453125,0
175.08,1209.24462890625,0
175.09,1209.434814453125,0
175.1,1208.86669921875,0
175.11,1208.86669921875,0
175.12,1208.86669921875,0
175.13,1208.7716064453125,0
175.14,1208.7716064453125,0
175.15,1208.67919921875,0
175.16,1207.54296875,0
175.17,1207.54296875,0
175.18,1207.450439453125,0
175.19,1207.26025390625,0
175.2,1207.1650390625,0
175.21,1206.9775390625,0
175.22,1206.9775390625,0
175.23,1206.9775390625,0
175.24,1206.9775390625,0
175.25,1206.7872314453125,0
175.26,1206.7872314453125,0
175.27,1206.7872314453125,0
175.28,1206.88232421875,0
175.29,1206.9775390625,0
175.3,1206.9775390625,0
175.31,1206.88232421875,0
175.32,1205.466064453125,0
175.33,1204.89794921875,0
175.34,1204.89794921875,0
175.35,1204.8055419921875,0
175.36,1204.8055419921875,0
175.37,1204.33251953125,0
175.38,1204.2374267578125,0
175.39,1204.33251953125,0
175.4,1204.33251953125,0
175.41,1204.8055419921875,0
175.42,1204.0498046875,0
175.43,1204.0498046875,0
175.44,1204.142333984375,0
175.45,1204.8055419921875,0
175.46,1205.0882568359375,0
175.47,1205.748779296875,0
175.48,1205.0882568359375,0
175.49,1206.31689453125,0
175.5,1205.843994140625,0
175.51,1205.843994140625,0
175.52,1206.31689453125,0
175.53,1206.5045166015625,0
175.54,1207.1650390625,0
175.55,1206.7872314453125,0
175.56,1206.5045166015625,0
175.57,1206.599609375,0
175.58,1206.599609375,0
175.59,1206.599609375,0
175.6,1206.7872314453125,0
175.61,1206.599609375,0
175.62,1206.5045166015625,0
175.63,1206.409423828125,0
175.64,1206.2218017578125,0
175.65,1206.2218017578125,0
175.66,1206.2218017578125,0
175.67,1206.2218017578125,0
175.68,1206.5045166015625,0
175.69,1206.5045166015625,0
175.7,1206.5045166015625,0
175.71,1206.409423828125,0
175.72,1206.409423828125,0
175.73,1206.409423828125,0
175.74,1207.26025390625,0
175.75,1206.88232421875,0
175.76,1206.88232421875,0
175.77,1206.88232421875,0
175.78,1206.88232421875,0
175.79,1207.26025390625,0
175.8,1207.54296875,0
175.81,1207.733154296875,0
175.82,1208.111083984375,0
175.83,1208.111083984375,0
175.84,1208.393798828125,0
175.85,1208.393798828125,0
175.86,1209.24462890625,0
175.87,1209.52734375,0
175.88,1209.52734375,0
175.89,1209.52734375,0
175.9,1209.52734375,0
175.91,1209.24462890625,0
175.92,1209.24462890625,0
175.93,1209.24462890625,0
175.94,1209.24462890625,0
175.95,1209.52734375,0
175.96,1209.24462890625,0
175.97,1209.0570068359375,0
175.98,1209.0570068359375,0
175.99,1209.0570068359375,0
176,1207.828369140625,0
176.01,1207.733154296875,0
176.02,1206.88232421875,0
176.03,1205.9390869140625,0
176.04,1205.561279296875,0
176.05,1205.561279296875,0
176.06,1205.561279296875,0
176.07,1204.2374267578125,0
176.08,1204.2374267578125,0
176.09,1204.142333984375,0
176.1,1203.859619140625,0
176.11,1203.859619140625,0
176.12,1204.142333984375,0
176.13,1205.561279296875,0
176.14,1203.859619140625,0
176.15,1203.1038818359375,0
176.16,1203.1038818359375,0
176.17,1201.8779296875,0
176.18,1201.5950927734375,0
176.19,1200.744384765625,0
176.2,1200.744384765625,0
176.21,1200.556640625,0
176.22,1198.4771728515625,0
176.23,1198.4771728515625,0
176.24,1198.4771728515625,0
176.25,1198.4771728515625,0
176.26,1198.4771728515625,0
176.27,1198.4771728515625,0
176.28,1198.4771728515625,0
176.29,1198.9500732421875,0
176.3,1199.2327880859375,0
176.31,1199.2327880859375,0
176.32,1199.1376953125,0
176.33,1199.1376953125,0
176.34,1199.2327880859375,0
176.35,1199.1376953125,0
176.36,1199.1376953125,0
176.37,1199.1376953125,0
176.38,1198.4771728515625,0
176.39,1195.5521240234375,0
176.4,1195.5521240234375,0
176.41,1195.5521240234375,0
176.42,1195.5521240234375,0
176.43,1195.5521240234375,0
176.44,1195.8348388671875,0
176.45,1196.873291015625,0
176.46,1196.873291015625,0
176.47,1195.9300537109375,0
176.48,1196.873291015625,0
176.49,1196.873291015625,0
176.5,1196.307861328125,0
176.51,1195.9300537109375,0
176.52,1195.8348388671875,0
176.53,1195.9300537109375,0
176.54,1194.8916015625,0
176.55,1194.8916015625,0
176.56,1194.8916015625,0
176.57,1194.8916015625,0
176.58,1194.8916015625,0
176.59,1194.8916015625,0
176.6,1194.8916015625,0
176.61,1194.8916015625,0
176.62,1194.8916015625,0
176.63,1195.2694091796875,0
176.64,1196.2127685546875,0
176.65,1196.2127685546875,0
176.66,1198.3846435546875,0
176.67,1198.3846435546875,0
176.68,1198.3846435546875,0
176.69,1198.3846435546875,0
176.7,1198.3846435546875,0
176.71,1198.3846435546875,0
176.72,1197.8192138671875,0
176.73,1197.156005859375,0
176.74,1197.156005859375,0
176.75,1196.590576171875,0
176.76,1196.590576171875,0
176.77,1197.156005859375,0
176.78,1197.156005859375,0
176.79,1197.156005859375,0
176.8,1196.590576171875,0
176.81,1197.156005859375,0
176.82,1197.44140625,0
176.83,1197.5338134765625,0
176.84,1197.5338134765625,0
176.85,1197.44140625,0
176.86,1196.2127685546875,0
176.87,1196.2127685546875,0
176.88,1195.5521240234375,0
176.89,1194.421142578125,0
176.9,1193.9482421875,0
176.91,1192.9097900390625,0
176.92,1191.588623046875,0
176.93,1190.740478515625,0
176.94,1190.740478515625,0
176.95,1189.797119140625,0
176.96,1189.0440673828125,0
176.97,1188.666259765625,0
176.98,1188.100830078125,0
176.99,1187.1573486328125,0
177,1186.8746337890625,0
177.01,1186.4044189453125,0
177.02,1185.8389892578125,0
177.03,1185.365966796875,0
177.04,1185.1783447265625,0
177.05,1184.8956298828125,0
177.06,1184.04736328125,0
177.07,1184.04736328125,0
177.08,1183.8572998046875,0
177.09,1183.8572998046875,0
177.1,1183.8572998046875,0
177.11,1183.7646484375,0
177.12,1183.7646484375,0
177.13,1183.6695556640625,0
177.14,1183.3868408203125,0
177.15,1183.3868408203125,0
177.16,1183.19921875,0
177.17,1183.3868408203125,0
177.18,1183.3868408203125,0
177.19,1183.3868408203125,0
177.2,1183.19921875,0
177.21,1183.009033203125,0
177.22,1182.8214111328125,0
177.23,1182.726318359375,0
177.24,1182.726318359375,0
177.25,1182.068359375,0
177.26,1180.9373779296875,0
177.27,1180.9373779296875,0
177.28,1180.9373779296875,0
177.29,1181.030029296875,0
177.3,1181.312744140625,0
177.31,1182.068359375,0
177.32,1182.068359375,0
177.33,1182.5386962890625,0
177.34,1182.6337890625,0
177.35,1182.6337890625,0
177.36,1182.91650390625,0
177.37,1182.91650390625,0
177.38,1183.574462890625,0
177.39,1183.574462890625,0
177.4,1183.574462890625,0
177.41,1183.574462890625,0
177.42,1183.574462890625,0
177.43,1183.574462890625,0
177.44,1183.574462890625,0
177.45,1183.574462890625,0
177.46,1183.574462890625,0
177.47,1183.19921875,0
177.48,1183.19921875,0
177.49,1183.009033203125,0
177.5,1183.19921875,0
177.51,1183.009033203125,0
177.52,1183.009033203125,0
177.53,1183.009033203125,0
177.54,1183.009033203125,0
177.55,1183.009033203125,0
177.56,1183.291748046875,0
177.57,1183.3868408203125,0
177.58,1183.574462890625,0
177.59,1183.574462890625,0
177.6,1183.6695556640625,0
177.61,1183.6695556640625,0
177.62,1183.6695556640625,0
177.63,1183.574462890625,0
177.64,1184.7054443359375,0
177.65,1184.800537109375,0
177.66,1184.9881591796875,0
177.67,1185.8389892578125,0
177.68,1184.9881591796875,0
177.69,1184.7054443359375,0
177.7,1184.7054443359375,0
177.71,1184.1400146484375,0
177.72,1184.4227294921875,0
177.73,1184.1400146484375,0
177.74,1184.04736328125,0
177.75,1183.19921875,0
177.76,1183.19921875,0
177.77,1183.19921875,0
177.78,1183.19921875,0
177.79,1183.19921875,0
177.8,1183.19921875,0
177.81,1183.19921875,0
177.82,1183.19921875,0
177.83,1183.19921875,0
177.84,1182.160888671875,0
177.85,1182.160888671875,0
177.86,1182.160888671875,0
177.87,1181.9732666015625,0
177.88,1182.160888671875,0
177.89,1182.160888671875,0
177.9,1182.8214111328125,0
177.91,1182.160888671875,0
177.92,1181.6905517578125,0
177.93,1181.6905517578125,0
177.94,1181.125,0
177.95,1181.125,0
177.96,1179.8065185546875,0
177.97,1179.5238037109375,0
177.98,1178.2977294921875,0
177.99,1177.7322998046875,0
178,1177.357177734375,0
178.01,1177.357177734375,0
178.02,1176.979248046875,0
178.03,1175.8482666015625,0
178.04,1175.1904296875,0
178.05,1175.1904296875,0
178.06,1174.815185546875,0
178.07,1174.815185546875,0
178.08,1174.437255859375,0
178.09,1174.815185546875,0
178.1,1174.815185546875,0
178.11,1175.2855224609375,0
178.12,1175.2855224609375,0
178.13,1175.2855224609375,0
178.14,1175.2855224609375,0
178.15,1175.2855224609375,0
178.16,1175.2855224609375,0
178.17,1175.2855224609375,0
178.18,1174.3421630859375,0
178.19,1174.249755859375,0
178.2,1174.249755859375,0
178.21,1173.4967041015625,0
178.22,1173.4967041015625,0
178.23,1173.4967041015625,0
178.24,1173.4967041015625,0
178.25,1173.118896484375,0
178.26,1173.4967041015625,0
178.27,1174.625,0
178.28,1175.0028076171875,0
178.29,1174.625,0
178.3,1175.0028076171875,0
178.31,1175.0028076171875,0
178.32,1175.9434814453125,0
178.33,1176.1309814453125,0
178.34,1176.979248046875,0
178.35,1177.1668701171875,0
178.36,1177.1668701171875,0
178.37,1177.1668701171875,0
178.38,1177.1668701171875,0
178.39,1177.1668701171875,0
178.4,1177.1668701171875,0
178.41,1177.1668701171875,0
178.42,1176.5089111328125,0
178.43,1176.5089111328125,0
178.44,1176.5089111328125,0
178.45,1176.4136962890625,0
178.46,1176.4136962890625,0
178.47,1176.4136962890625,0
178.48,1176.2261962890625,0
178.49,1175.2855224609375,0
178.5,1175.2855224609375,0
178.51,1175.0953369140625,0
178.52,1174.437255859375,0
178.53,1174.3421630859375,0
178.54,1171.517578125,0
178.55,1170.9521484375,0
178.56,1170.7645263671875,0
178.57,1170.294189453125,0
178.58,1168.2225341796875,0
178.59,1167.9398193359375,0
178.6,1167.564697265625,0
178.61,1167.281982421875,0
178.62,1166.34130859375,0
178.63,1164.9302978515625,0
178.64,1164.74267578125,0
178.65,1164.74267578125,0
178.66,1164.74267578125,0
178.67,1164.74267578125,0
178.68,1164.9302978515625,0
178.69,1164.9302978515625,0
178.7,1165.025390625,0
178.71,1165.966064453125,0
178.72,1166.4364013671875,0
178.73,1166.8115234375,0
178.74,1167.564697265625,0
178.75,1168.5052490234375,0
178.76,1168.695556640625,0
178.77,1169.07080078125,0
178.78,1169.166015625,0
178.79,1169.5411376953125,0
178.8,1170.198974609375,0
178.81,1170.5770263671875,0
178.82,1170.7645263671875,0
178.83,1172.36572265625,0
178.84,1172.36572265625,0
178.85,1172.36572265625,0
178.86,1172.36572265625,0
178.87,1170.7645263671875,0
178.88,1170.7645263671875,0
178.89,1168.88330078125,0
178.9,1168.695556640625,0
178.91,1168.6004638671875,0
178.92,1166.999267578125,0
178.93,1166.999267578125,0
178.94,1166.6240234375,0
178.95,1166.6240234375,0
178.96,1165.683349609375,0
178.97,1165.30810546875,0
178.98,1165.30810546875,0
178.99,1164.4599609375,0
179,1164.3648681640625,0
179.01,1164.3648681640625,0
179.02,1164.3648681640625,0
179.03,1164.3648681640625,0
179.04,1164.3648681640625,0
179.05,1164.3648681640625,0
179.06,1164.3648681640625,0
179.07,1163.9896240234375,0
179.08,1164.3648681640625,0
179.09,1164.3648681640625,0
179.1,1164.74267578125,0
179.11,1166.248779296875,0
179.12,1166.4364013671875,0
179.13,1166.52880859375,0
179.14,1166.52880859375,0
179.15,1166.6240234375,0
179.16,1166.6240234375,0
179.17,1166.52880859375,0
179.18,1166.52880859375,0
179.19,1166.34130859375,0
179.2,1166.1536865234375,0
179.21,1165.966064453125,0
179.22,1165.2130126953125,0
179.23,1164.8350830078125,0
179.24,1164.3648681640625,0
179.25,1164.17724609375,0
179.26,1162.2958984375,0
179.27,1160.9801025390625,0
179.28,1160.134521484375,0
179.29,1159.0062255859375,0
179.3,1159.0062255859375,0
179.31,1157.8779296875,0
179.32,1157.02978515625,0
179.33,1156.937255859375,0
179.34,1156.749755859375,0
179.35,1156.749755859375,0
179.36,1156.749755859375,0
179.37,1157.02978515625,0
179.38,1157.3125,0
179.39,1157.3125,0
179.4,1157.3125,0
179.41,1157.78271484375,0
179.42,1157.8779296875,0
179.43,1157.970458984375,0
179.44,1159.6641845703125,0
179.45,1161.355224609375,0
179.46,1162.0130615234375,0
179.47,1162.2958984375,0
179.48,1162.57861328125,0
179.49,1162.57861328125,0
179.5,1163.0489501953125,0
179.51,1163.0489501953125,0
179.52,1163.14404296875,0
179.53,1163.14404296875,0
179.54,1163.0489501953125,0
179.55,1162.673828125,0
179.56,1162.673828125,0
179.57,1162.673828125,0
179.58,1162.673828125,0
179.59,1162.4835205078125,0
179.6,1161.072509765625,0
179.61,1161.072509765625,0
179.62,1161.072509765625,0
179.63,1158.6282958984375,0
179.64,1157.8779296875,0
179.65,1157.8779296875,0
179.66,1157.8779296875,0
179.67,1157.78271484375,0
179.68,1158.4407958984375,0
179.69,1157.78271484375,0
179.7,1157.59521484375,0
179.71,1157.21728515625,0
179.72,1156.371826171875,0
179.73,1155.3387451171875,0
179.74,1155.151123046875,0
179.75,1154.96337890625,0
179.76,1154.8682861328125,0
179.77,1154.8682861328125,0
179.78,1154.96337890625,0
179.79,1154.96337890625,0
179.8,1154.6806640625,0
179.81,1154.6806640625,0
179.82,1154.6806640625,0
179.83,1153.5523681640625,0
179.84,1153.5523681640625,0
179.85,1153.5523681640625,0
179.86,1153.3648681640625,0
179.87,1153.3648681640625,0
179.88,1153.5523681640625,0
179.89,1153.930419921875,0
179.9,1154.0228271484375,0
179.91,1157.3125,0
179.92,1157.3125,0
179.93,1157.5,0
179.94,1157.5,0
179.95,1157.5,0
179.96,1157.3125,0
179.97,1157.3125,0
179.98,1157.21728515625,0
179.99,1156.749755859375,0
180,1155.9041748046875,0
180.01,1155.9041748046875,0
180.02,1155.8089599609375,0
180.03,1155.5262451171875,0
180.04,1154.96337890625,0
180.05,1154.117919921875,0
180.06,1154.117919921875,0
180.07,1154.117919921875,0
180.08,1153.7401123046875,0
180.09,1153.6475830078125,0
180.1,1153.17724609375,0
180.11,1152.9896240234375,0
180.12,1152.3316650390625,0
180.13,1151.2984619140625,0
180.14,1149.2322998046875,0
180.15,1148.10400390625,0
180.16,1147.6336669921875,0
180.17,1147.353515625,0
180.18,1147.2584228515625,0
180.19,1147.2584228515625,0
180.2,1145.6624755859375,0
180.21,1145.570068359375,0
180.22,1145.3797607421875,0
180.23,1145.1922607421875,0
180.24,1144.536865234375,0
180.25,1143.503662109375,0
180.26,1143.503662109375,0
180.27,1143.4085693359375,0
180.28,1143.503662109375,0
180.29,1143.4085693359375,0
180.3,1143.4085693359375,0
180.31,1143.4085693359375,0
180.32,1143.12841796875,0
180.33,1143.12841796875,0
180.34,1143.0333251953125,0
180.35,1143.0333251953125,0
180.36,1143.0333251953125,0
180.37,1142.7532958984375,0
180.38,1142.7532958984375,0
180.39,1142.7532958984375,0
180.4,1142.7532958984375,0
180.41,1143.6912841796875,0
180.42,1142.7532958984375,0
180.43,1143.316162109375,0
180.44,1142.7532958984375,0
180.45,1143.316162109375,0
180.46,1143.6912841796875,0
180.47,1143.6912841796875,0
180.48,1143.316162109375,0
180.49,1143.6912841796875,0
180.5,1143.6912841796875,0
180.51,1143.6912841796875,0
180.52,1144.81689453125,0
180.53,1144.81689453125,0
180.54,1145.2872314453125,0
180.55,1145.2872314453125,0
180.56,1146.0377197265625,0
180.57,1146.1328125,0
180.58,1146.2252197265625,0
180.59,1146.5079345703125,0
180.6,1146.5079345703125,0
180.61,1146.790771484375,0
180.62,1146.88330078125,0
180.63,1147.166015625,0
180.64,1147.166015625,0
180.65,1147.166015625,0
180.66,1147.166015625,0
180.67,1147.166015625,0
180.68,1146.88330078125,0
180.69,1146.88330078125,0
180.7,1146.88330078125,0
180.71,1146.790771484375,0
180.72,1146.790771484375,0
180.73,1146.790771484375,0
180.74,1148.6668701171875,0
180.75,1149.32470703125,0
180.76,1149.32470703125,0
180.77,1149.32470703125,0
180.78,1149.32470703125,0
180.79,1148.6668701171875,0
180.8,1148.6668701171875,0
180.81,1148.6668701171875,0
180.82,1148.5743408203125,0
180.83,1146.9757080078125,0
180.84,1146.4129638671875,0
180.85,1144.81689453125,0
180.86,1144.7244873046875,0
180.87,1143.9713134765625,0
180.88,1143.9713134765625,0
180.89,1143.59619140625,0
180.9,1143.59619140625,0
180.91,1143.59619140625,0
180.92,1143.59619140625,0
180.93,1142.0953369140625,0
180.94,1142.0953369140625,0
180.95,1141.062255859375,0
180.96,1141.062255859375,0
180.97,1142.000244140625,0
180.98,1142.000244140625,0
180.99,1141.062255859375,0
181,1140.967041015625,0
181.01,1140.87451171875,0
181.02,1140.87451171875,0
181.03,1140.87451171875,0
181.04,1140.87451171875,0
181.05,1140.87451171875,0
181.06,1140.1241455078125,0
181.07,1139.5614013671875,0
181.08,1139.1861572265625,0
181.09,1138.7158203125,0
181.1,1138.7158203125,0
181.11,1138.7158203125,0
181.12,1138.7158203125,0
181.13,1137.7777099609375,0
181.14,1138.7158203125,0
181.15,1138.7158203125,0
181.16,1138.7158203125,0
181.17,1138.7158203125,0
181.18,1139.7489013671875,0
181.19,1138.7158203125,0
181.2,1138.4356689453125,0
181.21,1138.4356689453125,0
181.22,1138.7158203125,0
181.23,1139.373779296875,0
181.24,1138.4356689453125,0
181.25,1138.340576171875,0
181.26,1137.3074951171875,0
181.27,1137.3074951171875,0
181.28,1137.4949951171875,0
181.29,1137.2149658203125,0
181.3,1136.74462890625,0
181.31,1136.74462890625,0
181.32,1136.2769775390625,0
181.33,1136.2769775390625,0
181.34,1136.74462890625,0
181.35,1136.74462890625,0
181.36,1136.2769775390625,0
181.37,1135.5264892578125,0
181.38,1135.5264892578125,0
181.39,1135.5264892578125,0
181.4,1135.431396484375,0
181.41,1135.431396484375,0
181.42,1134.9637451171875,0
181.43,1134.3057861328125,0
181.44,1134.3057861328125,0
181.45,1133.8380126953125,0
181.46,1133.8380126953125,0
181.47,1133.8380126953125,0
181.48,1133.8380126953125,0
181.49,1134.493408203125,0
181.5,1134.493408203125,0
181.51,1135.1513671875,0
181.52,1135.1513671875,0
181.53,1135.1513671875,0
181.54,1135.5264892578125,0
181.55,1135.9017333984375,0
181.56,1135.9017333984375,0
181.57,1135.9017333984375,0
181.58,1135.806640625,0
181.59,1135.806640625,0
181.6,1135.806640625,0
181.61,1135.806640625,0
181.62,1135.806640625,0
181.63,1135.431396484375,0
181.64,1135.1513671875,0
181.65,1135.1513671875,0
181.66,1134.9637451171875,0
181.67,1135.1513671875,0
181.68,1134.9637451171875,0
181.69,1134.86865234375,0
181.7,1134.9637451171875,0
181.71,1134.776123046875,0
181.72,1134.9637451171875,0
181.73,1135.3388671875,0
181.74,1134.776123046875,0
181.75,1134.5885009765625,0
181.76,1134.5885009765625,0
181.77,1134.5885009765625,0
181.78,1134.5885009765625,0
181.79,1134.2132568359375,0
181.8,1134.2132568359375,0
181.81,1134.1181640625,0
181.82,1134.0257568359375,0
181.83,1133.5552978515625,0
181.84,1132.9000244140625,0
181.85,1132.71240234375,0
181.86,1132.4296875,0
181.87,1131.866943359375,0
181.88,1131.866943359375,0
181.89,1130.4613037109375,0
181.9,1130.0860595703125,0
181.91,1129.9935302734375,0
181.92,1128.117431640625,0
181.93,1127.7421875,0
181.94,1127.7421875,0
181.95,1127.462158203125,0
181.96,1127.462158203125,0
181.97,1126.806884765625,0
181.98,1126.7117919921875,0
181.99,1124.18310546875,0
182,1123.4326171875,0
182.01,1122.869873046875,0
182.02,1121.9344482421875,0
182.03,1121.746826171875,0
182.04,1121.2764892578125,0
182.05,1119.9659423828125,0
182.06,1119.498291015625,0
182.07,1119.123046875,0
182.08,1119.123046875,0
182.09,1119.123046875,0
182.1,1119.030517578125,0
182.11,1119.123046875,0
182.12,1119.123046875,0
182.13,1118.9354248046875,0
182.14,1118.4676513671875,0
182.15,1118.4676513671875,0
182.16,1118.4676513671875,0
182.17,1118.4676513671875,0
182.18,1118.2801513671875,0
182.19,1118.2801513671875,0
182.2,1118.2801513671875,0
182.21,1118,0
182.22,1117.9049072265625,0
182.23,1117.9049072265625,0
182.24,1117.9049072265625,0
182.25,1118.2801513671875,0
182.26,1118.2801513671875,0
182.27,1118.8428955078125,0
182.28,1119.7783203125,0
182.29,1119.9659423828125,0
182.3,1120.06103515625,0
182.31,1120.5286865234375,0
182.32,1121.464111328125,0
182.33,1121.83935546875,0
182.34,1123.14990234375,0
182.35,1123.6202392578125,0
182.36,1123.7127685546875,0
182.37,1123.807861328125,0
182.38,1124.9307861328125,0
182.39,1124.9307861328125,0
182.4,1124.9307861328125,0
182.41,1124.9307861328125,0
182.42,1124.9307861328125,0
182.43,1124.9307861328125,0
182.44,1125.2135009765625,0
182.45,1125.2135009765625,0
182.46,1125.868896484375,0
182.47,1125.3060302734375,0
182.48,1125.868896484375,0
182.49,1125.868896484375,0
182.5,1125.868896484375,0
182.51,1125.868896484375,0
182.52,1126.3365478515625,0
182.53,1125.868896484375,0
182.54,1125.4012451171875,0
182.55,1125.3060302734375,0
182.56,1124.9307861328125,0
182.57,1122.6822509765625,0
182.58,1122.2144775390625,0
182.59,1121.9344482421875,0
182.6,1121.5592041015625,0
182.61,1121.2764892578125,0
182.62,1121.2764892578125,0
182.63,1120.996337890625,0
182.64,1120.996337890625,0
182.65,1120.43359375,0
182.66,1118.747802734375,0
182.67,1118.747802734375,0
182.68,1118.747802734375,0
182.69,1118.747802734375,0
182.7,1118.092529296875,0
182.71,1118.092529296875,0
182.72,1118.092529296875,0
182.73,1117.437255859375,0
182.74,1117.3447265625,0
182.75,1116.689453125,0
182.76,1116.40673828125,0
182.77,1116.40673828125,0
182.78,1116.314208984375,0
182.79,1115.1912841796875,0
182.8,1114.908447265625,0
182.81,1114.908447265625,0
182.82,1114.908447265625,0
182.83,1114.908447265625,0
182.84,1114.908447265625,0
182.85,1114.908447265625,0
182.86,1114.7235107421875,0
182.87,1114.908447265625,0
182.88,1114.908447265625,0
182.89,1114.0682373046875,0
182.9,1113.50537109375,0
182.91,1114.0682373046875,0
182.92,1113.50537109375,0
182.93,1113.50537109375,0
182.94,1113.50537109375,0
182.95,1113.50537109375,0
182.96,1112.570068359375,0
182.97,1113.1302490234375,0
182.98,1112.570068359375,0
182.99,1113.1302490234375,0
183,1112.570068359375,0
183.01,1112.570068359375,0
183.02,1110.9793701171875,0
183.03,1110.9793701171875,0
183.04,1110.9793701171875,0
183.05,1111.6346435546875,0
183.06,1111.4471435546875,0
183.07,1111.4471435546875,0
183.08,1111.1644287109375,0
183.09,1111.4471435546875,0
183.1,1111.6346435546875,0
183.11,1112.570068359375,0
183.12,1111.914794921875,0
183.13,1112.570068359375,0
183.14,1113.225341796875,0
183.15,1113.225341796875,0
183.16,1113.225341796875,0
183.17,1113.6005859375,0
183.18,1113.6005859375,0
183.19,1114.8160400390625,0
183.2,1114.8160400390625,0
183.21,1114.8160400390625,0
183.22,1114.1607666015625,0
183.23,1113.4129638671875,0
183.24,1113.4129638671875,0
183.25,1114.1607666015625,0
183.26,1113.4129638671875,0
183.27,1113.4129638671875,0
183.28,1112.9453125,0
183.29,1112.6624755859375,0
183.3,1112.6624755859375,0
183.31,1112.6624755859375,0
183.32,1112.6624755859375,0
183.33,1112.102294921875,0
183.34,1112.102294921875,0
183.35,1112.6624755859375,0
183.36,1112.2900390625,0
183.37,1112.6624755859375,0
183.38,1113.693115234375,0
183.39,1113.7855224609375,0
183.4,1115.1912841796875,0
183.41,1113.7855224609375,0
183.42,1113.7855224609375,0
183.43,1113.693115234375,0
183.44,1113.0377197265625,0
183.45,1113.0377197265625,0
183.46,1113.0377197265625,0
183.47,1111.4471435546875,0
183.48,1111.4471435546875,0
183.49,1111.2593994140625,0
183.5,1110.9793701171875,0
183.51,1110.6966552734375,0
183.52,1109.5736083984375,0
183.53,1109.5736083984375,0
183.54,1110.0440673828125,0
183.55,1109.9488525390625,0
183.56,1109.5736083984375,0
183.57,1109.5736083984375,0
183.58,1109.9488525390625,0
183.59,1110.0440673828125,0
183.6,1110.0440673828125,0
183.61,1110.0440673828125,0
183.62,1110.41650390625,0
183.63,1110.41650390625,0
183.64,1110.41650390625,0
183.65,1110.41650390625,0
183.66,1110.41650390625,0
183.67,1109.9488525390625,0
183.68,1109.481201171875,0
183.69,1109.481201171875,0
183.7,1109.481201171875,0
183.71,1109.10595703125,0
183.72,1108.078125,0
183.73,1107.9830322265625,0
183.74,1107.9830322265625,0
183.75,1107.9830322265625,0
183.76,1106.2998046875,0
183.77,1104.896728515625,0
183.78,1104.896728515625,0
183.79,1104.80419921875,0
183.8,1104.4290771484375,0
183.81,1104.3365478515625,0
183.82,1104.3365478515625,0
183.83,1104.1490478515625,0
183.84,1102.56103515625,0
183.85,1102.56103515625,0
183.86,1101.9981689453125,0
183.87,1101.43798828125,0
183.88,1101.43798828125,0
183.89,1101.345458984375,0
183.9,1100.5025634765625,0
183.91,1099.662353515625,0
183.92,1099.4747314453125,0
183.93,1099.3822021484375,0
183.94,1097.88671875,0
183.95,1097.88671875,0
183.96,1096.8587646484375,0
183.97,1096.6712646484375,0
183.98,1096.2960205078125,0
183.99,1096.2960205078125,0
184,1096.2960205078125,0
184.01,1096.2960205078125,0
184.02,1096.015869140625,0
184.03,1095.4556884765625,0
184.04,1095.4556884765625,0
184.05,1095.0831298828125,0
184.06,1095.1756591796875,0
184.07,1095.0831298828125,0
184.08,1095.0831298828125,0
184.09,1094.33544921875,0
184.1,1094.2403564453125,0
184.11,1094.33544921875,0
184.12,1093.68017578125,0
184.13,1093.68017578125,0
184.14,1093.68017578125,0
184.15,1093.68017578125,0
184.16,1093.7752685546875,0
184.17,1093.7752685546875,0
184.18,1093.7752685546875,0
184.19,1093.960205078125,0
184.2,1093.7752685546875,0
184.21,1093.960205078125,0
184.22,1094.2403564453125,0
184.23,1096.2034912109375,0
184.24,1096.5760498046875,0
184.25,1097.3265380859375,0
184.26,1097.3265380859375,0
184.27,1097.3265380859375,0
184.28,1097.3265380859375,0
184.29,1098.166748046875,0
184.3,1098.634521484375,0
184.31,1098.91455078125,0
184.32,1099.3822021484375,0
184.33,1099.3822021484375,0
184.34,1099.662353515625,0
184.35,1100.034912109375,0
184.36,1100.034912109375,0
184.37,1100.78271484375,0
184.38,1100.78271484375,0
184.39,1100.78271484375,0
184.4,1100.78271484375,0
184.41,1100.78271484375,0
184.42,1100.78271484375,0
184.43,1100.78271484375,0
184.44,1100.78271484375,0
184.45,1100.78271484375,0
184.46,1099.1021728515625,0
184.47,1098.351806640625,0
184.48,1098.166748046875,0
184.49,1098.0716552734375,0
184.5,1097.7916259765625,0
184.51,1097.7916259765625,0
184.52,1097.138916015625,0
184.53,1097.138916015625,0
184.54,1097.138916015625,0
184.55,1095.643310546875,0
184.56,1091.9071044921875,0
184.57,1091.9071044921875,0
184.58,1091.9071044921875,0
184.59,1092.6549072265625,0
184.6,1092.6549072265625,0
184.61,1091.9071044921875,0
184.62,1092.6549072265625,0
184.63,1092.6549072265625,0
184.64,1092.6549072265625,0
184.65,1092.6549072265625,0
184.66,1092.092041015625,0
184.67,1092.092041015625,0
184.68,1091.9996337890625,0
184.69,1090.9716796875,0
184.7,1091.9996337890625,0
184.71,1090.8792724609375,0
184.72,1090.7867431640625,0
184.73,1090.8792724609375,0
184.74,1090.9716796875,0
184.75,1090.9716796875,0
184.76,1090.9716796875,0
184.77,1091.9071044921875,0
184.78,1092.3721923828125,0
184.79,1092.3721923828125,0
184.8,1092.3721923828125,0
184.81,1093.0274658203125,0
184.82,1093.0274658203125,0
184.83,1093.0274658203125,0
184.84,1091.9996337890625,0
184.85,1091.9996337890625,0
184.86,1091.9996337890625,0
184.87,1091.81201171875,0
184.88,1091.81201171875,0
184.89,1091.81201171875,0
184.9,1091.81201171875,0
184.91,1091.81201171875,0
184.92,1091.81201171875,0
184.93,1093.0274658203125,0
184.94,1093.215087890625,0
184.95,1093.215087890625,0
184.96,1093.86767578125,0
184.97,1093.86767578125,0
184.98,1093.86767578125,0
184.99,1093.86767578125,0
185,1093.0274658203125,0
185.01,1093.0274658203125,0
185.02,1091.9996337890625,0
185.03,1089.851318359375,0
185.04,1089.19873046875,0
185.05,1088.823486328125,0
185.06,1087.050537109375,0
185.07,1085.277587890625,0
185.08,1084.6221923828125,0
185.09,1084.249755859375,0
185.1,1083.409423828125,0
185.11,1083.409423828125,0
185.12,1082.1966552734375,0
185.13,1081.5439453125,0
185.14,1080.891357421875,0
185.15,1079.5833740234375,0
185.16,1079.5833740234375,0
185.17,1079.5833740234375,0
185.18,1079.5833740234375,0
185.19,1079.5833740234375,0
185.2,1079.5833740234375,0
185.21,1079.5833740234375,0
185.22,1079.5833740234375,0
185.23,1080.70361328125,0
185.24,1080.891357421875,0
185.25,1080.9837646484375,0
185.26,1080.9837646484375,0
185.27,1081.3563232421875,0
185.28,1082.9443359375,0
185.29,1082.9443359375,0
185.3,1083.31689453125,0
185.31,1084.6221923828125,0
185.32,1084.90234375,0
185.33,1085.277587890625,0
185.34,1085.7425537109375,0
185.35,1086.2103271484375,0
185.36,1086.4903564453125,0
185.37,1086.4903564453125,0
185.38,1086.4903564453125,0
185.39,1086.5828857421875,0
185.4,1086.5828857421875,0
185.41,1086.4903564453125,0
185.42,1087.423095703125,0
185.43,1086.4903564453125,0
185.44,1086.4903564453125,0
185.45,1086.4903564453125,0
185.46,1086.2103271484375,0
185.47,1085.277587890625,0
185.48,1083.2244873046875,0
185.49,1083.2244873046875,0
185.5,1083.2244873046875,0
185.51,1083.036865234375,0
185.52,1083.036865234375,0
185.53,1083.036865234375,0
185.54,1083.036865234375,0
185.55,1081.4488525390625,0
185.56,1080.9837646484375,0
185.57,1080.9837646484375,0
185.58,1080.9837646484375,0
185.59,1079.5833740234375,0
185.6,1079.5833740234375,0
185.61,1079.3983154296875,0
185.62,1079.3033447265625,0
185.63,1079.3033447265625,0
185.64,1079.3033447265625,0
185.65,1079.2108154296875,0
185.66,1079.2108154296875,0
185.67,1079.2108154296875,0
185.68,1079.2108154296875,0
185.69,1079.2108154296875,0
185.7,1080.1434326171875,0
185.71,1080.891357421875,0
185.72,1081.823974609375,0
185.73,1082.1966552734375,0
185.74,1082.664306640625,0
185.75,1083.2244873046875,0
185.76,1083.2244873046875,0
185.77,1083.2244873046875,0
185.78,1082.1966552734375,0
185.79,1082.1966552734375,0
185.8,1080.891357421875,0
185.81,1080.6112060546875,0
185.82,1080.2359619140625,0
185.83,1077.81298828125,0
185.84,1076.1324462890625,0
185.85,1074.8271484375,0
185.86,1074.45458984375,0
185.87,1073.9869384765625,0
185.88,1072.7767333984375,0
185.89,1071.843994140625,0
185.9,1070.0736083984375,0
185.91,1069.60595703125,0
185.92,1069.60595703125,0
185.93,1069.0484619140625,0
185.94,1069.0484619140625,0
185.95,1069.60595703125,0
185.96,1070.0736083984375,0
185.97,1070.1661376953125,0
185.98,1070.258544921875,0
185.99,1071.2838134765625,0
186,1071.75146484375,0
186.01,1072.0316162109375,0
186.02,1072.684326171875,0
186.03,1073.1492919921875,0
186.04,1073.70947265625,0
186.05,1075.0147705078125,0
186.06,1075.0147705078125,0
186.07,1076.1324462890625,0
186.08,1076.60009765625,0
186.09,1076.78515625,0
186.1,1076.78515625,0
186.11,1076.60009765625,0
186.12,1076.60009765625,0
186.13,1076.1324462890625,0
186.14,1075.8524169921875,0
186.15,1075.2947998046875,0
186.16,1073.8018798828125,0
186.17,1073.1492919921875,0
186.18,1072.49658203125,0
186.19,1072.0316162109375,0
186.2,1070.0736083984375,0
186.21,1070.0736083984375,0
186.22,1069.7010498046875,0
186.23,1069.7010498046875,0
186.24,1070.0736083984375,0
186.25,1070.0736083984375,0
186.26,1070.1661376953125,0
186.27,1070.1661376953125,0
186.28,1070.1661376953125,0
186.29,1070.1661376953125,0
186.3,1071.471435546875,0
186.31,1072.0316162109375,0
186.32,1072.49658203125,0
186.33,1072.8692626953125,0
186.34,1072.8692626953125,0
186.35,1072.49658203125,0
186.36,1072.49658203125,0
186.37,1072.49658203125,0
186.38,1072.49658203125,0
186.39,1072.49658203125,0
186.4,1072.49658203125,0
186.41,1071.843994140625,0
186.42,1071.471435546875,0
186.43,1071.2838134765625,0
186.44,1071.2838134765625,0
186.45,1071.2838134765625,0
186.46,1071.1912841796875,0
186.47,1070.5386962890625,0
186.48,1070.5386962890625,0
186.49,1068.9532470703125,0
186.5,1067.0904541015625,0
186.51,1065.9727783203125,0
186.52,1065.415283203125,0
186.53,1064.947509765625,0
186.54,1064.8551025390625,0
186.55,1062.527099609375,0
186.56,1062.0621337890625,0
186.57,1061.6895751953125,0
186.58,1061.036865234375,0
186.59,1061.036865234375,0
186.6,1060.849365234375,0
186.61,1060.849365234375,0
186.62,1060.849365234375,0
186.63,1060.849365234375,0
186.64,1061.036865234375,0
186.65,1061.036865234375,0
186.66,1061.036865234375,0
186.67,1062.1546630859375,0
186.68,1062.8045654296875,0
186.69,1064.482421875,0
186.7,1064.574951171875,0
186.71,1065.6002197265625,0
186.72,1065.8802490234375,0
186.73,1065.9727783203125,0
186.74,1066.905517578125,0
186.75,1067.1829833984375,0
186.76,1067.1829833984375,0
186.77,1067.1829833984375,0
186.78,1067.0904541015625,0
186.79,1067.0904541015625,0
186.8,1067.4630126953125,0
186.81,1067.0904541015625,0
186.82,1067.0904541015625,0
186.83,1067.0904541015625,0
186.84,1066.905517578125,0
186.85,1066.905517578125,0
186.86,1066.905517578125,0
186.87,1066.0653076171875,0
186.88,1065.8802490234375,0
186.89,1065.8802490234375,0
186.9,1064.574951171875,0
186.91,1063.5523681640625,0
186.92,1063.457275390625,0
186.93,1062.9921875,0
186.94,1062.61962890625,0
186.95,1062.2470703125,0
186.96,1061.967041015625,0
186.97,1061.967041015625,0
186.98,1061.594482421875,0
186.99,1061.594482421875,0
187,1061.594482421875,0
187.01,1060.4766845703125,0
187.02,1060.4766845703125,0
187.03,1060.4766845703125,0
187.04,1061.3170166015625,0
187.05,1060.4766845703125,0
187.06,1060.1993408203125,0
187.07,1060.1993408203125,0
187.08,1060.4766845703125,0
187.09,1060.1993408203125,0
187.1,1061.3170166015625,0
187.11,1061.3170166015625,0
187.12,1060.849365234375,0
187.13,1060.849365234375,0
187.14,1060.849365234375,0
187.15,1061.12939453125,0
187.16,1061.2218017578125,0
187.17,1061.12939453125,0
187.18,1061.12939453125,0
187.19,1060.9444580078125,0
187.2,1060.9444580078125,0
187.21,1061.12939453125,0
187.22,1060.9444580078125,0
187.23,1060.9444580078125,0
187.24,1060.7568359375,0
187.25,1060.7568359375,0
187.26,1060.7568359375,0
187.27,1060.7568359375,0
187.28,1059.82666015625,0
187.29,1059.82666015625,0
187.3,1059.7315673828125,0
187.31,1059.7315673828125,0
187.32,1059.7315673828125,0
187.33,1059.7315673828125,0
187.34,1058.056396484375,0
187.35,1058.056396484375,0
187.36,1058.056396484375,0
187.37,1059.08154296875,0
187.38,1059.08154296875,0
187.39,1059.7315673828125,0
187.4,1059.546630859375,0
187.41,1059.82666015625,0
187.42,1059.82666015625,0
187.43,1059.919189453125,0
187.44,1060.664306640625,0
187.45,1060.664306640625,0
187.46,1060.664306640625,0
187.47,1060.664306640625,0
187.48,1059.82666015625,0
187.49,1059.82666015625,0
187.5,1059.7315673828125,0
187.51,1058.9864501953125,0
187.52,1058.428955078125,0
187.53,1058.33642578125,0
187.54,1058.33642578125,0
187.55,1057.7762451171875,0
187.56,1057.7762451171875,0
187.57,1057.59130859375,0
187.58,1057.3111572265625,0
187.59,1057.3111572265625,0
187.6,1057.3111572265625,0
187.61,1057.3111572265625,0
187.62,1057.3111572265625,0
187.63,1057.3111572265625,0
187.64,1057.3111572265625,0
187.65,1057.126220703125,0
187.66,1056.6612548828125,0
187.67,1057.3111572265625,0
187.68,1057.3111572265625,0
187.69,1056.7537841796875,0
187.7,1056.6612548828125,0
187.71,1056.6612548828125,0
187.72,1056.6612548828125,0
187.73,1056.6612548828125,0
187.74,1056.6612548828125,0
187.75,1056.6612548828125,0
187.76,1056.6612548828125,0
187.77,1056.6612548828125,0
187.78,1055.9161376953125,0
187.79,1055.9161376953125,0
187.8,1055.9161376953125,0
187.81,1055.8236083984375,0
187.82,1054.9859619140625,0
187.83,1054.9859619140625,0
187.84,1054.9859619140625,0
187.85,1054.8934326171875,0
187.86,1054.6134033203125,0
187.87,1054.42578125,0
187.88,1054.42578125,0
187.89,1054.42578125,0
187.9,1054.42578125,0
187.91,1054.52099609375,0
187.92,1054.42578125,0
187.93,1053.310791015625,0
187.94,1054.42578125,0
187.95,1054.52099609375,0
187.96,1054.7984619140625,0
187.97,1054.7984619140625,0
187.98,1054.7059326171875,0
187.99,1054.7984619140625,0
188,1054.7984619140625,0
188.01,1055.0784912109375,0
188.02,1055.0784912109375,0
188.03,1055.0784912109375,0
188.04,1054.7059326171875,0
188.05,1054.1483154296875,0
188.06,1053.683349609375,0
188.07,1053.4033203125,0
188.08,1053.0306396484375,0
188.09,1052.9381103515625,0
188.1,1052.1005859375,0
188.11,1052.1005859375,0
188.12,1052.008056640625,0
188.13,1051.9156494140625,0
188.14,1051.8231201171875,0
188.15,1051.35546875,0
188.16,1051.35546875,0
188.17,1051.35546875,0
188.18,1051.35546875,0
188.19,1051.35546875,0
188.2,1051.262939453125,0
188.21,1051.35546875,0
188.22,1051.35546875,0
188.23,1050.890380859375,0
188.24,1050.890380859375,0
188.25,1050.890380859375,0
188.26,1050.2403564453125,0
188.27,1050.2403564453125,0
188.28,1050.6129150390625,0
188.29,1050.2403564453125,0
188.3,1050.2403564453125,0
188.31,1049.4027099609375,0
188.32,1049.310302734375,0
188.33,1048.84521484375,0
188.34,1048.10009765625,0
188.35,1048.84521484375,0
188.36,1048.5650634765625,0
188.37,1047.4500732421875,0
188.38,1047.0775146484375,0
188.39,1047.0775146484375,0
188.4,1047.26513671875,0
188.41,1047.4500732421875,0
188.42,1048.192626953125,0
188.43,1048.192626953125,0
188.44,1047.4500732421875,0
188.45,1047.26513671875,0
188.46,1047.1700439453125,0
188.47,1047.26513671875,0
188.48,1047.1700439453125,0
188.49,1047.1700439453125,0
188.5,1047.0775146484375,0
188.51,1046.52001953125,0
188.52,1046.054931640625,0
188.53,1046.054931640625,0
188.54,1045.9625244140625,0
188.55,1045.9625244140625,0
188.56,1045.4974365234375,0
188.57,1044.474853515625,0
188.58,1044.009765625,0
188.59,1043.7322998046875,0
188.6,1043.2646484375,0
188.61,1042.2447509765625,0
188.62,1040.5694580078125,0
188.63,1040.2921142578125,0
188.64,1040.1995849609375,0
188.65,1039.7344970703125,0
188.66,1039.4544677734375,0
188.67,1039.3619384765625,0
188.68,1038.991943359375,0
188.69,1038.89697265625,0
188.7,1038.804443359375,0
188.71,1037.969482421875,0
188.72,1038.33935546875,0
188.73,1038.33935546875,0
188.74,1038.33935546875,0
188.75,1037.50439453125,0
188.76,1037.0394287109375,0
188.77,1037.0394287109375,0
188.78,1036.9468994140625,0
188.79,1036.8543701171875,0
188.8,1036.9468994140625,0
188.81,1036.204345703125,0
188.82,1036.204345703125,0
188.83,1036.204345703125,0
188.84,1036.204345703125,0
188.85,1036.296875,0
188.86,1036.204345703125,0
188.87,1036.296875,0
188.88,1036.296875,0
188.89,1036.204345703125,0
188.9,1035.7392578125,0
188.91,1036.1119384765625,0
188.92,1034.904296875,0
188.93,1034.25439453125,0
188.94,1034.25439453125,0
188.95,1034.25439453125,0
188.96,1034.25439453125,0
188.97,1033.9742431640625,0
188.98,1033.9742431640625,0
188.99,1033.6043701171875,0
189,1033.6043701171875,0
189.01,1033.50927734375,0
189.02,1033.416748046875,0
189.03,1033.32421875,0
189.04,1033.2318115234375,0
189.05,1032.4892578125,0
189.06,1032.11669921875,0
189.07,1032.024169921875,0
189.08,1032.024169921875,0
189.09,1031.746826171875,0
189.1,1031.5592041015625,0
189.11,1031.5592041015625,0
189.12,1031.5592041015625,0
189.13,1031.28173828125,0
189.14,1030.9091796875,0
189.15,1030.7242431640625,0
189.16,1030.6317138671875,0
189.17,1030.7242431640625,0
189.18,1030.7242431640625,0
189.19,1031.189208984375,0
189.2,1030.7242431640625,0
189.21,1030.6317138671875,0
189.22,1030.6317138671875,0
189.23,1030.6317138671875,0
189.24,1030.6317138671875,0
189.25,1029.609130859375,0
189.26,1029.4241943359375,0
189.27,1029.4241943359375,0
189.28,1029.4241943359375,0
189.29,1029.4241943359375,0
189.3,1029.146728515625,0
189.31,1028.681640625,0
189.32,1028.681640625,0
189.33,1028.681640625,0
189.34,1028.681640625,0
189.35,1028.4041748046875,0
189.36,1027.5692138671875,0
189.37,1027.476806640625,0
189.38,1027.19677734375,0
189.39,1027.19677734375,0
189.4,1027.476806640625,0
189.41,1027.3817138671875,0
189.42,1027.19677734375,0
189.43,1027.104248046875,0
189.44,1026.8267822265625,0
189.45,1026.641845703125,0
189.46,1026.4542236328125,0
189.47,1026.3616943359375,0
189.48,1026.1767578125,0
189.49,1026.1767578125,0
189.5,1026.1767578125,0
189.51,1025.9918212890625,0
189.52,1025.9918212890625,0
189.53,1025.9918212890625,0
189.54,1026.1767578125,0
189.55,1025.9918212890625,0
189.56,1025.9918212890625,0
189.57,1025.9918212890625,0
189.58,1025.6192626953125,0
189.59,1025.6192626953125,0
189.6,1025.6192626953125,0
189.61,1025.6192626953125,0
189.62,1025.6192626953125,0
189.63,1025.249267578125,0
189.64,1024.96923828125,0
189.65,1024.96923828125,0
189.66,1025.1541748046875,0
189.67,1025.1541748046875,0
189.68,1025.1541748046875,0
189.69,1025.1541748046875,0
189.7,1025.1541748046875,0
189.71,1025.249267578125,0
189.72,1025.6192626953125,0
189.73,1025.6192626953125,0
189.74,1025.6192626953125,0
189.75,1025.6192626953125,0
189.76,1025.6192626953125,0
189.77,1025.249267578125,0
189.78,1025.6192626953125,0
189.79,1025.249267578125,0
189.8,1024.226806640625,0
189.81,1024.226806640625,0
189.82,1024.226806640625,0
189.83,1024.13427734375,0
189.84,1023.6718139648438,0
189.85,1023.6718139648438,0
189.86,1023.4841918945312,0
189.87,1023.2992553710938,0
189.88,1023.2992553710938,0
189.89,1023.1143188476562,0
189.9,1023.1143188476562,0
189.91,1023.1143188476562,0
189.92,1023.1143188476562,0
189.93,1022.8368530273438,0
189.94,1022.6492309570312,0
189.95,1022.4642944335938,0
189.96,1022.4642944335938,0
189.97,1021.9093627929688,0
189.98,1021.9093627929688,0
189.99,1021.3518676757812,0
190,1021.1669311523438,0
190.01,1020.3318481445312,0
190.02,1020.3318481445312,0
190.03,1020.3318481445312,0
190.04,1020.3318481445312,0
190.05,1020.2394409179688,0
190.06,1020.2394409179688,0
190.07,1020.0545043945312,0
190.08,1020.0545043945312,0
190.09,1020.0545043945312,0
190.1,1020.4243774414062,0
190.11,1020.0545043945312,0
190.12,1020.0545043945312,0
190.13,1020.0545043945312,0
190.14,1020.0545043945312,0
190.15,1020.0545043945312,0
190.16,1020.1469116210938,0
190.17,1020.1469116210938,0
190.18,1019.9592895507812,0
190.19,1019.9592895507812,0
190.2,1019.9592895507812,0
190.21,1019.9592895507812,0
190.22,1019.9592895507812,0
190.23,1018.9393920898438,0
190.24,1018.9393920898438,0
190.25,1018.9393920898438,0
190.26,1018.9393920898438,0
190.27,1018.9393920898438,0
190.28,1018.9393920898438,0
190.29,1018.9393920898438,0
190.3,1018.9393920898438,0
190.31,1019.1270141601562,0
190.32,1019.2194213867188,0
190.33,1019.2194213867188,0
190.34,1019.2194213867188,0
190.35,1018.4769897460938,0
190.36,1018.1995239257812,0
190.37,1017.2720336914062,0
190.38,1017.2720336914062,0
190.39,1017.2720336914062,0
190.4,1017.1796264648438,0
190.41,1016.8995971679688,0
190.42,1017.1796264648438,0
190.43,1017.1796264648438,0
190.44,1017.1796264648438,0
190.45,1016.8070678710938,0
190.46,1016.8995971679688,0
190.47,1016.8995971679688,0
190.48,1016.8995971679688,0
190.49,1016.8995971679688,0
190.5,1016.8995971679688,0
190.51,1016.8995971679688,0
190.52,1016.8995971679688,0
190.53,1016.8995971679688,0
190.54,1016.8995971679688,0
190.55,1016.8995971679688,0
190.56,1016.9946899414062,0
190.57,1016.9946899414062,0
190.58,1016.9946899414062,0
190.59,1016.9946899414062,0
190.6,1016.9946899414062,0
190.61,1016.9946899414062,0
190.62,1016.9946899414062,0
190.63,1016.9946899414062,0
190.64,1016.9946899414062,0
190.65,1016.8995971679688,0
190.66,1016.8995971679688,0
190.67,1016.8995971679688,0
190.68,1016.6221313476562,0
190.69,1016.6221313476562,0
190.7,1016.1596069335938,0
190.71,1016.1596069335938,0
190.72,1015.9721069335938,0
190.73,1015.9721069335938,0
190.74,1015.8795776367188,0
190.75,1015.9721069335938,0
190.76,1015.9721069335938,0
190.77,1015.9721069335938,0
190.78,1016.4370727539062,0
190.79,1016.4370727539062,0
190.8,1015.9721069335938,0
190.81,1015.8795776367188,0
190.82,1015.7871704101562,0
190.83,1015.8795776367188,0
190.84,1015.7871704101562,0
190.85,1015.7871704101562,0
190.86,1014.6747436523438,0
190.87,1014.6747436523438,0
190.88,1014.6747436523438,0
190.89,1014.3972778320312,0
190.9,1013.3773803710938,0
190.91,1013.1923217773438,0
190.92,1013.1923217773438,0
190.93,1013.0999145507812,0
190.94,1012.7299194335938,0
190.95,1012.7299194335938,0
190.96,1012.6373901367188,0
190.97,1012.6373901367188,0
190.98,1012.5449829101562,0
190.99,1012.3573608398438,0
191,1012.2649536132812,0
191.01,1011.8025512695312,0
191.02,1011.0599975585938,0
191.03,1011.0599975585938,0
191.04,1010.3201293945312,0
191.05,1009.1151733398438,0
191.06,1008.5603637695312,0
191.07,1008.3754272460938,0
191.08,1008.2803344726562,0
191.09,1008.2803344726562,0
191.1,1008.0952758789062,0
191.11,1008.0952758789062,0
191.12,1008.1878051757812,0
191.13,1008.1878051757812,0
191.14,1008.1878051757812,0
191.15,1008.2803344726562,0
191.16,1008.1878051757812,0
191.17,1008.3754272460938,0
191.18,1008.3754272460938,0
191.19,1009.1151733398438,0
191.2,1009.5776977539062,0
191.21,1010.0426635742188,0
191.22,1010.9675903320312,0
191.23,1011.2450561523438,0
191.24,1011.5250854492188,0
191.25,1011.8025512695312,0
191.26,1011.9874877929688,0
191.27,1011.9874877929688,0
191.28,1011.9874877929688,0
191.29,1011.9874877929688,0
191.3,1011.9874877929688,0
191.31,1011.8025512695312,0
191.32,1011.5250854492188,0
191.33,1010.8750610351562,0
191.34,1010.8750610351562,0
191.35,1010.5975952148438,0
191.36,1010.5975952148438,0
191.37,1010.5975952148438,0
191.38,1010.6901245117188,0
191.39,1010.6901245117188,0
191.4,1010.5050659179688,0
191.41,1010.0426635742188,0
191.42,1010.0426635742188,0
191.43,1009.3926391601562,0
191.44,1006.7053833007812,0
191.45,1006.5204467773438,0
191.46,1006.0581665039062,0
191.47,1005.9656372070312,0
191.48,1005.4107055664062,0
191.49,1005.9656372070312,0
191.5,1005.9656372070312,0
191.51,1004.4833374023438,0
191.52,1003.3734741210938,0
191.53,1003.0961303710938,0
191.54,1003.0961303710938,0
191.55,1002.3535766601562,0
191.56,1001.5213012695312,0
191.57,1001.0587768554688,0
191.58,1000.7813110351562,0
191.59,1000.7813110351562,0
191.6,999.6688842773438,0
191.61,999.6688842773438,0
191.62,999.6688842773438,0
191.63,998.5592651367188,0
191.64,998.5592651367188,0
191.65,998.5592651367188,0
191.66,998.3742065429688,0
191.67,998.3742065429688,0
191.68,998.3742065429688,0
191.69,998.3742065429688,0
191.7,998.2817993164062,0
191.71,998.2817993164062,0
191.72,998.2817993164062,0
191.73,998.2817993164062,0
191.74,999.1140747070312,0
191.75,999.3915405273438,0
191.76,999.3915405273438,0
191.77,999.3915405273438,0
191.78,999.9463500976562,0
191.79,1000.5039672851562,0
191.8,1000.5039672851562,0
191.81,1001.0587768554688,0
191.82,1001.9837036132812,0
191.83,1001.9837036132812,0
191.84,1002.0761108398438,0
191.85,1002.7261352539062,0
191.86,1003.2810668945312,0
191.87,1003.2810668945312,0
191.88,1003.2810668945312,0
191.89,1003.2810668945312,0
191.9,1003.3734741210938,0
191.91,1003.9284057617188,0
191.92,1005.2257690429688,0
191.93,1005.2257690429688,0
191.94,1005.5957641601562,0
191.95,1005.6881713867188,0
191.96,1005.5957641601562,0
191.97,1005.5957641601562,0
191.98,1005.6881713867188,0
191.99,1005.6881713867188,0
192,1005.6881713867188,0
192.01,1005.6881713867188,0
192.02,1005.6881713867188,0
192.03,1005.6881713867188,0
192.04,1005.5032348632812,0
192.05,1005.5032348632812,0
192.06,1005.5032348632812,0
192.07,1004.9483032226562,0
192.08,1003.0961303710938,0
192.09,1002.2610473632812,0
192.1,1001.9837036132812,0
192.11,1001.1513061523438,0
192.12,999.5764770507812,0
192.13,999.5764770507812,0
192.14,999.2066040039062,0
192.15,998.8367309570312,0
192.16,998.2817993164062,0
192.17,998.1892700195312,0
192.18,997.7268676757812,0
192.19,997.7268676757812,0
192.2,997.7268676757812,0
192.21,996.5245971679688,0
192.22,995.2272338867188,0
192.23,995.2272338867188,0
192.24,995.9671020507812,0
192.25,995.2272338867188,0
192.26,994.8572387695312,0
192.27,994.3948364257812,0
192.28,994.0249633789062,0
192.29,993.6550903320312,0
192.3,993.6550903320312,0
192.31,993.1001586914062,0
192.32,993.1001586914062,0
192.33,993.1001586914062,0
192.34,992.7301635742188,0
192.35,992.4528198242188,0
192.36,992.7301635742188,0
192.37,993.1926879882812,0
192.38,993.4700317382812,0
192.39,993.4700317382812,0
192.4,993.4700317382812,0
192.41,993.4700317382812,0
192.42,993.1926879882812,0
192.43,993.1926879882812,0
192.44,993.1926879882812,0
192.45,992.1753540039062,0
192.46,992.0829467773438,0
192.47,991.9904174804688,0
192.48,991.8054809570312,0
192.49,991.8054809570312,0
192.5,991.0654907226562,0
192.51,991.0654907226562,0
192.52,991.8054809570312,0
192.53,991.8054809570312,0
192.54,991.8054809570312,0
192.55,991.1580200195312,0
192.56,992.0829467773438,0
192.57,992.0829467773438,0
192.58,992.0829467773438,0
192.59,992.2678833007812,0
192.6,992.3602905273438,0
192.61,992.3602905273438,0
192.62,993.0076293945312,0
192.63,993.0076293945312,0
192.64,993.1926879882812,0
192.65,993.0076293945312,0
192.66,993.1926879882812,0
192.67,993.1926879882812,0
192.68,993.1926879882812,0
192.69,993.0076293945312,0
192.7,992.1753540039062,0
192.71,991.9904174804688,0
192.72,990.4182739257812,0
192.73,989.7708129882812,0
192.74,988.1986694335938,0
192.75,988.1986694335938,0
192.76,988.1061401367188,0
192.77,987.6437377929688,0
192.78,987.5512084960938,0
192.79,987.3662719726562,0
192.8,986.6265258789062,0
192.81,985.4268188476562,0
192.82,985.1493530273438,0
192.83,984.9644165039062,0
192.84,984.5945434570312,0
192.85,983.7622680664062,0
192.86,983.5772094726562,0
192.87,982.6524047851562,0
192.88,982.3750610351562,0
192.89,982.3750610351562,0
192.9,982.0975952148438,0
192.91,982.0975952148438,0
192.92,982.0975952148438,0
192.93,981.5453491210938,0
192.94,982.0975952148438,0
192.95,982.4674682617188,0
192.96,982.4674682617188,0
192.97,983.2997436523438,0
192.98,983.5772094726562,0
192.99,983.6697387695312,0
193,984.6869506835938,0
193.01,985.1493530273438,0
193.02,985.5193481445312,0
193.03,985.6118774414062,0
193.04,986.2565307617188,0
193.05,987.1813354492188,0
193.06,987.2738647460938,0
193.07,987.2738647460938,0
193.08,987.6437377929688,0
193.09,987.6437377929688,0
193.1,987.6437377929688,0
193.11,987.9212036132812,0
193.12,988.5686645507812,0
193.13,988.9385375976562,0
193.14,988.9385375976562,0
193.15,988.9385375976562,0
193.16,988.9385375976562,0
193.17,988.9385375976562,0
193.18,988.9385375976562,0
193.19,988.9385375976562,0
193.2,988.9385375976562,0
193.21,988.1986694335938,0
193.22,987.5512084960938,0
193.23,987.2738647460938,0
193.24,987.3662719726562,0
193.25,987.2738647460938,0
193.26,986.9963989257812,0
193.27,986.5339965820312,0
193.28,986.9963989257812,0
193.29,985.3344116210938,0
193.3,984.5945434570312,0
193.31,984.2246704101562,0
193.32,982.4674682617188,0
193.33,982.2825317382812,0
193.34,982.2825317382812,0
193.35,981.4528198242188,0
193.36,981.2678833007812,0
193.37,980.8978881835938,0
193.38,980.8978881835938,0
193.39,980.4354858398438,0
193.4,980.4354858398438,0
193.41,979.9730834960938,0
193.42,979.4208374023438,0
193.43,979.4208374023438,0
193.44,979.9730834960938,0
193.45,979.9730834960938,0
193.46,979.0509643554688,0
193.47,979.0509643554688,0
193.48,979.9730834960938,0
193.49,980.2505493164062,0
193.5,980.2505493164062,0
193.51,980.2505493164062,0
193.52,980.1580200195312,0
193.53,980.1580200195312,0
193.54,980.1580200195312,0
193.55,980.1580200195312,0
193.56,980.1580200195312,0
193.57,980.1580200195312,0
193.58,979.9730834960938,0
193.59,979.9730834960938,0
193.6,980.2505493164062,0
193.61,980.3430786132812,0
193.62,980.3430786132812,0
193.63,980.3430786132812,0
193.64,981.2678833007812,0
193.65,980.3430786132812,0
193.66,980.3430786132812,0
193.67,981.3604125976562,0
193.68,981.3604125976562,0
193.69,981.3604125976562,0
193.7,981.3604125976562,0
193.71,979.8806762695312,0
193.72,981.3604125976562,0
193.73,980.3430786132812,0
193.74,980.3430786132812,0
193.75,979.6957397460938,0
193.76,979.5133666992188,0
193.77,979.2359008789062,0
193.78,979.1434936523438,0
193.79,978.5885620117188,0
193.8,978.5885620117188,0
193.81,978.4960327148438,0
193.82,977.2039184570312,0
193.83,977.2039184570312,0
193.84,975.1720581054688,0
193.85,975.1720581054688,0
193.86,974.9869995117188,0
193.87,974.5245971679688,0
193.88,973.5100708007812,0
193.89,973.2326049804688,0
193.9,972.4028930664062,0
193.91,972.4028930664062,0
193.92,972.0328979492188,0
193.93,971.3855590820312,0
193.94,970.8333129882812,0
193.95,970.5558471679688,0
193.96,970.8333129882812,0
193.97,970.8333129882812,0
193.98,970.5558471679688,0
193.99,970.3709106445312,0
194,969.8161010742188,0
194.01,969.6337280273438,0
194.02,969.1713256835938,0
194.03,967.9717407226562,0
194.04,967.8792114257812,0
194.05,967.7866821289062,0
194.06,967.6017456054688,0
194.07,967.6017456054688,0
194.08,967.6017456054688,0
194.09,967.7866821289062,0
194.1,967.6017456054688,0
194.11,967.7866821289062,0
194.12,967.6942749023438,0
194.13,967.7866821289062,0
194.14,967.7866821289062,0
194.15,967.7866821289062,0
194.16,967.7866821289062,0
194.17,967.7866821289062,0
194.18,968.3416137695312,0
194.19,968.3416137695312,0
194.2,968.3416137695312,0
194.21,968.5238647460938,0
194.22,968.5238647460938,0
194.23,968.6163940429688,0
194.24,968.8013305664062,0
194.25,968.8013305664062,0
194.26,969.1713256835938,0
194.27,969.1713256835938,0
194.28,969.3562622070312,0
194.29,969.2638549804688,0
194.3,969.2638549804688,0
194.31,969.3562622070312,0
194.32,970.1859741210938,0
194.33,970.4634399414062,0
194.34,970.7407836914062,0
194.35,970.7407836914062,0
194.36,970.7407836914062,0
194.37,970.4634399414062,0
194.38,970.4634399414062,0
194.39,970.7407836914062,0
194.4,970.7407836914062,0
194.41,971.2930297851562,0
194.42,971.2930297851562,0
194.43,971.2930297851562,0
194.44,971.5704956054688,0
194.45,971.5704956054688,0
194.46,972.6776733398438,0
194.47,972.6776733398438,0
194.48,971.9404907226562,0
194.49,972.1254272460938,0
194.5,971.9404907226562,0
194.51,972.1254272460938,0
194.52,972.1254272460938,0
194.53,972.1254272460938,0
194.54,971.9404907226562,0
194.55,971.2006225585938,0
194.56,970.6483764648438,0
194.57,970.3709106445312,0
194.58,970.1859741210938,0
194.59,970.1859741210938,0
194.6,970.0935668945312,0
194.61,970.0935668945312,0
194.62,969.1713256835938,0
194.63,969.1713256835938,0
194.64,968.9863891601562,0
194.65,969.1713256835938,0
194.66,968.9863891601562,0
194.67,968.9863891601562,0
194.68,968.3416137695312,0
194.69,968.3416137695312,0
194.7,967.9717407226562,0
194.71,967.9717407226562,0
194.72,967.2344360351562,0
194.73,967.2344360351562,0
194.74,967.1420288085938,0
194.75,967.2344360351562,0
194.76,967.1420288085938,0
194.77,967.1420288085938,0
194.78,967.1420288085938,0
194.79,967.1420288085938,0
194.8,967.1420288085938,0
194.81,966.9569702148438,0
194.82,966.6796264648438,0
194.83,966.5870971679688,0
194.84,965.0202026367188,0
194.85,965.0202026367188,0
194.86,964.7428588867188,0
194.87,964.0055541992188,0
194.88,963.7280883789062,0
194.89,963.2656860351562,0
194.9,963.7280883789062,0
194.91,962.5285034179688,0
194.92,961.9762573242188,0
194.93,961.4214477539062,0
194.94,961.4214477539062,0
194.95,961.4214477539062,0
194.96,960.9616088867188,0
194.97,960.5917358398438,0
194.98,960.5917358398438,0
194.99,960.5917358398438,0
195,960.5917358398438,0
195.01,960.1318969726562,0
195.02,960.1318969726562,0
195.03,959.8545532226562,0
195.04,959.8545532226562,0
195.05,959.6696166992188,0
195.06,959.6696166992188,0
195.07,959.6696166992188,0
195.08,959.6696166992188,0
195.09,959.9469604492188,0
195.1,960.0394897460938,0
195.11,960.0394897460938,0
195.12,960.2244262695312,0
195.13,960.0394897460938,0
195.14,960.0394897460938,0
195.15,960.2244262695312,0
195.16,960.2244262695312,0
195.17,959.9469604492188,0
195.18,959.3947143554688,0
195.19,958.8399047851562,0
195.2,958.6575317382812,0
195.21,958.2876586914062,0
195.22,957.7354125976562,0
195.23,957.3654174804688,0
195.24,957.3654174804688,0
195.25,957.3654174804688,0
195.26,957.1804809570312,0
195.27,957.1804809570312,0
195.28,956.9057006835938,0
195.29,956.6282348632812,0
195.3,956.6282348632812,0
195.31,956.4432983398438,0
195.32,956.4432983398438,0
195.33,956.2609252929688,0
195.34,955.7985229492188,0
195.35,955.7985229492188,0
195.36,955.5237426757812,0
195.37,955.7985229492188,0
195.38,956.4432983398438,0
195.39,956.6282348632812,0
195.4,956.6282348632812,0
195.41,956.6282348632812,0
195.42,956.6282348632812,0
195.43,956.6282348632812,0
195.44,956.6282348632812,0
195.45,956.6282348632812,0
195.46,956.6282348632812,0
195.47,956.4432983398438,0
195.48,955.7985229492188,0
195.49,955.6135864257812,0
195.5,955.6135864257812,0
195.51,955.7985229492188,0
195.52,955.7985229492188,0
195.53,955.7061157226562,0
195.54,955.7061157226562,0
195.55,955.7061157226562,0
195.56,955.7985229492188,0
195.57,956.5357055664062,0
195.58,956.8131713867188,0
195.59,956.5357055664062,0
195.6,956.5357055664062,0
195.61,956.8131713867188,0
195.62,956.8131713867188,0
195.63,957.2730102539062,0
195.64,957.2730102539062,0
195.65,957.2730102539062,0
195.66,957.8278198242188,0
195.67,957.2730102539062,0
195.68,957.8278198242188,0
195.69,957.7354125976562,0
195.7,957.2730102539062,0
195.71,957.2730102539062,0
195.72,957.1804809570312,0
195.73,956.8131713867188,0
195.74,956.6282348632812,0
195.75,955.8910522460938,0
195.76,955.8910522460938,0
195.77,954.4165649414062,0
195.78,954.4165649414062,0
195.79,954.4165649414062,0
195.8,954.4165649414062,0
195.81,954.3241577148438,0
195.82,954.3241577148438,0
195.83,954.3241577148438,0
195.84,954.3241577148438,0
195.85,954.6016235351562,0
195.86,954.6016235351562,0
195.87,954.6016235351562,0
195.88,954.8790893554688,0
195.89,954.6016235351562,0
195.9,954.8790893554688,0
195.91,954.8790893554688,0
195.92,954.0493774414062,0
195.93,953.7719116210938,0
195.94,953.6793823242188,0
195.95,953.6793823242188,0
195.96,953.0347290039062,0
195.97,952.7599487304688,0
195.98,952.7599487304688,0
195.99,951.7451782226562,0
196,951.5602416992188,0
196.01,951.2854614257812,0
196.02,951.1005249023438,0
196.03,950.8230590820312,0
196.04,950.6381225585938,0
196.05,949.9960327148438,0
196.06,949.9960327148438,0
196.07,949.7185668945312,0
196.08,949.5336303710938,0
196.09,948.7963256835938,0
196.1,948.7066040039062,0
196.11,946.9546508789062,0
196.12,946.7723999023438,0
196.13,946.5874633789062,0
196.14,946.4024047851562,0
196.15,945.9426879882812,0
196.16,945.5753784179688,0
196.17,945.2980346679688,0
196.18,944.3784790039062,0
196.19,944.2859497070312,0
196.2,943.8261108398438,0
196.21,943.8261108398438,0
196.22,943.8261108398438,0
196.23,943.0889282226562,0
196.24,943.0889282226562,0
196.25,943.7337036132812,0
196.26,943.0889282226562,0
196.27,942.9039916992188,0
196.28,942.1693725585938,0
196.29,941.8920288085938,0
196.3,941.8920288085938,0
196.31,941.8920288085938,0
196.32,940.9724731445312,0
196.33,940.9724731445312,0
196.34,940.4202270507812,0
196.35,939.7754516601562,0
196.36,939.4082641601562,0
196.37,939.4082641601562,0
196.38,939.1307983398438,0
196.39,938.3963012695312,0
196.4,938.3963012695312,0
196.41,938.3963012695312,0
196.42,938.3963012695312,0
196.43,938.3963012695312,0
196.44,938.3963012695312,0
196.45,938.7634887695312,0
196.46,938.3963012695312,0
196.47,938.7634887695312,0
196.48,938.7634887695312,0
196.49,938.3963012695312,0
196.5,938.3963012695312,0
196.51,938.3963012695312,0
196.52,937.9364624023438,0
196.53,938.0263061523438,0
196.54,937.9364624023438,0
196.55,937.9364624023438,0
196.56,937.9364624023438,0
196.57,937.291748046875,0
196.58,937.291748046875,0
196.59,937.9364624023438,0
196.6,936.9244384765625,0
196.61,937.9364624023438,0
196.62,936.9244384765625,0
196.63,937.9364624023438,0
196.64,937.9364624023438,0
196.65,936.9244384765625,0
196.66,936.9244384765625,0
196.67,936.9244384765625,0
196.68,936.9244384765625,0
196.69,937.291748046875,0
196.7,936.9244384765625,0
196.71,936.9244384765625,0
196.72,936.3721923828125,0
196.73,936.3721923828125,0
196.74,936.0973510742188,0
196.75,936.0973510742188,0
196.76,935.8199462890625,0
196.77,935.8199462890625,0
196.78,935.8199462890625,0
196.79,935.8199462890625,0
196.8,935.4526977539062,0
196.81,935.3601684570312,0
196.82,935.2677001953125,0
196.83,935.0853881835938,0
196.84,935.0853881835938,0
196.85,934.9004516601562,0
196.86,934.3482055664062,0
196.87,934.3482055664062,0
196.88,933.9808959960938,0
196.89,933.6136474609375,0
196.9,933.6136474609375,0
196.91,933.6136474609375,0
196.92,933.6136474609375,0
196.93,933.9808959960938,0
196.94,933.9808959960938,0
196.95,934.0733642578125,0
196.96,933.9808959960938,0
196.97,933.7034301757812,0
196.98,933.7034301757812,0
196.99,933.7034301757812,0
197,933.9808959960938,0
197.01,933.7034301757812,0
197.02,933.7034301757812,0
197.03,933.2437133789062,0
197.04,933.0614013671875,0
197.05,933.0614013671875,0
197.06,933.0614013671875,0
197.07,933.0614013671875,0
197.08,933.15380859375,0
197.09,933.15380859375,0
197.1,933.0614013671875,0
197.11,933.15380859375,0
197.12,933.15380859375,0
197.13,933.7034301757812,0
197.14,934.2556762695312,0
197.15,934.2556762695312,0
197.16,934.2556762695312,0
197.17,934.2556762695312,0
197.18,933.7034301757812,0
197.19,933.7034301757812,0
197.2,933.7034301757812,0
197.21,933.7034301757812,0
197.22,933.7959594726562,0
197.23,933.5211181640625,0
197.24,933.5211181640625,0
197.25,933.7959594726562,0
197.26,934.1658935546875,0
197.27,934.1658935546875,0
197.28,934.1658935546875,0
197.29,934.1658935546875,0
197.3,934.1658935546875,0
197.31,934.1658935546875,0
197.32,934.8079223632812,0
197.33,934.440673828125,0
197.34,934.1658935546875,0
197.35,934.440673828125,0
197.36,933.888427734375,0
197.37,934.440673828125,0
197.38,934.440673828125,0
197.39,934.440673828125,0
197.4,934.440673828125,0
197.41,934.3482055664062,0
197.42,934.2556762695312,0
197.43,934.2556762695312,0
197.44,933.888427734375,0
197.45,933.2437133789062,0
197.46,933.2437133789062,0
197.47,933.2437133789062,0
197.48,933.7959594726562,0
197.49,933.7959594726562,0
197.5,933.2437133789062,0
197.51,933.2437133789062,0
197.52,933.2437133789062,0
197.53,933.0614013671875,0
197.54,933.0614013671875,0
197.55,932.0493774414062,0
197.56,931.4072875976562,0
197.57,931.1298217773438,0
197.58,931.1298217773438,0
197.59,930.9448852539062,0
197.6,929.38330078125,0
197.61,929.38330078125,0
197.62,929.1084594726562,0
197.63,929.1084594726562,0
197.64,929.4757080078125,0
197.65,929.4757080078125,0
197.66,929.4757080078125,0
197.67,929.4757080078125,0
197.68,930.6701049804688,0
197.69,930.6701049804688,0
197.7,931.1298217773438,0
197.71,931.1298217773438,0
197.72,930.6701049804688,0
197.73,929.6607055664062,0
197.74,929.6607055664062,0
197.75,929.6607055664062,0
197.76,929.6607055664062,0
197.77,929.6607055664062,0
197.78,929.6607055664062,0
197.79,929.6607055664062,0
197.8,929.6607055664062,0
197.81,929.200927734375,0
197.82,929.7505493164062,0
197.83,929.935546875,0
197.84,929.935546875,0
197.85,929.935546875,0
197.86,929.935546875,0
197.87,929.7505493164062,0
197.88,929.200927734375,0
197.89,929.1084594726562,0
197.9,927.8216552734375,0
197.91,927.454345703125,0
197.92,927.454345703125,0
197.93,926.99462890625,0
197.94,926.7171630859375,0
197.95,925.9826049804688,0
197.96,925.8002319335938,0
197.97,925.5228271484375,0
197.98,923.593994140625,0
197.99,923.041748046875,0
198,923.041748046875,0
198.01,923.041748046875,0
198.02,923.041748046875,0
198.03,923.041748046875,0
198.04,923.041748046875,0
198.05,923.041748046875,0
198.06,923.041748046875,0
198.07,923.041748046875,0
198.08,922.0323486328125,0
198.09,923.1341552734375,0
198.1,921.8499755859375,0
198.11,921.8499755859375,0
198.12,921.205322265625,0
198.13,921.205322265625,0
198.14,921.205322265625,0
198.15,921.205322265625,0
198.16,921.205322265625,0
198.17,923.1341552734375,0
198.18,923.2266845703125,0
198.19,923.3191528320312,0
198.2,923.2266845703125,0
198.21,923.2266845703125,0
198.22,923.1341552734375,0
198.23,923.1341552734375,0
198.24,923.1341552734375,0
198.25,923.1341552734375,0
198.26,922.7669067382812,0
198.27,922.7669067382812,0
198.28,922.7669067382812,0
198.29,922.7669067382812,0
198.3,922.4921264648438,0
198.31,921.4801025390625,0
198.32,921.205322265625,0
198.33,921.205322265625,0
198.34,921.205322265625,0
198.35,921.02294921875,0
198.36,920.8380126953125,0
198.37,920.8380126953125,0
198.38,920.2883911132812,0
198.39,920.1034545898438,0
198.4,919.921142578125,0
198.41,919.921142578125,0
198.42,919.7361450195312,0
198.43,919.7361450195312,0
198.44,920.0109252929688,0
198.45,920.1034545898438,0
198.46,920.0109252929688,0
198.47,920.0109252929688,0
198.48,920.0109252929688,0
198.49,920.0109252929688,0
198.5,918.174560546875,0
198.51,920.0109252929688,0
198.52,920.0109252929688,0
198.53,918.174560546875,0
198.54,918.174560546875,0
198.55,918.8192749023438,0
198.56,918.8192749023438,0
198.57,918.174560546875,0
198.58,918.8192749023438,0
198.59,920.1959838867188,0
198.6,918.8192749023438,0
198.61,917.8073120117188,0
198.62,918.8192749023438,0
198.63,917.8073120117188,0
198.64,917.8073120117188,0
198.65,918.5418701171875,0
198.66,919.82861328125,0
198.67,919.82861328125,0
198.68,919.82861328125,0
198.69,920.0109252929688,0
198.7,920.0109252929688,0
198.71,919.82861328125,0
198.72,920.5631713867188,0
198.73,920.5631713867188,0
198.74,920.7454833984375,0
198.75,920.7454833984375,0
198.76,920.5631713867188,0
198.77,920.3782348632812,0
198.78,919.368896484375,0
198.79,919.2763671875,0
198.8,918.9090576171875,0
198.81,918.5418701171875,0
198.82,918.0820922851562,0
198.83,916.5230712890625,0
198.84,916.338134765625,0
198.85,916.1558227539062,0
198.86,916.0632934570312,0
198.87,916.0632934570312,0
198.88,916.1558227539062,0
198.89,916.0632934570312,0
198.9,916.0632934570312,0
198.91,916.0632934570312,0
198.92,915.6035766601562,0
198.93,915.6035766601562,0
198.94,914.411865234375,0
198.95,915.3287963867188,0
198.96,915.3287963867188,0
198.97,914.7791748046875,0
198.98,915.3287963867188,0
198.99,915.3287963867188,0
199,914.7791748046875,0
199.01,915.3287963867188,0
199.02,916.1558227539062,0
199.03,916.1558227539062,0
199.04,916.1558227539062,0
199.05,916.1558227539062,0
199.06,916.1558227539062,0
199.07,915.2388916015625,0
199.08,915.146484375,0
199.09,915.2388916015625,0
199.1,915.146484375,0
199.11,914.8716430664062,0
199.12,914.7791748046875,0
199.13,914.0446166992188,0
199.14,913.5848388671875,0
199.15,913.4024658203125,0
199.16,912.9427490234375,0
199.17,913.4024658203125,0
199.18,912.9427490234375,0
199.19,913.4024658203125,0
199.2,912.9427490234375,0
199.21,912.9427490234375,0
199.22,912.3931274414062,0
199.23,912.3931274414062,0
199.24,912.02587890625,0
199.25,912.02587890625,0
199.26,911.4736328125,0
199.27,910.6492309570312,0
199.28,910.6492309570312,0
199.29,910.5567016601562,0
199.3,910.4642333984375,0
199.31,910.1895141601562,0
199.32,910.1895141601562,0
199.33,910.1895141601562,0
199.34,910.0071411132812,0
199.35,909.7322998046875,0
199.36,909.7322998046875,0
199.37,908.9052734375,0
199.38,908.9052734375,0
199.39,908.9052734375,0
199.4,908.5380249023438,0
199.41,908.5380249023438,0
199.42,907.4387817382812,0
199.43,907.4387817382812,0
199.44,907.1640014648438,0
199.45,907.1640014648438,0
199.46,906.7042236328125,0
199.47,906.7042236328125,0
199.48,905.787353515625,0
199.49,904.595703125,0
199.5,904.503173828125,0
199.51,904.3208618164062,0
199.52,903.129150390625,0
199.53,902.7619018554688,0
199.54,902.6693725585938,0
199.55,902.4871215820312,0
199.56,902.4871215820312,0
199.57,902.2122802734375,0
199.58,901.1104125976562,0
199.59,900.745849609375,0
199.6,900.6533203125,0
199.61,900.6533203125,0
199.62,900.4683837890625,0
199.63,900.4683837890625,0
199.64,900.1036987304688,0
199.65,899.8289184570312,0
199.66,899.8289184570312,0
199.67,899.7363891601562,0
199.68,898.9120483398438,0
199.69,898.9120483398438,0
199.7,898.6372680664062,0
199.71,898.6372680664062,0
199.72,898.6372680664062,0
199.73,898.6372680664062,0
199.74,898.6372680664062,0
199.75,898.6372680664062,0
199.76,898.6372680664062,0
199.77,898.6372680664062,0
199.78,898.819580078125,0
199.79,898.819580078125,0
199.8,898.819580078125,0
199.81,898.819580078125,0
199.82,898.819580078125,0
199.83,898.087646484375,0
199.84,897.2606201171875,0
199.85,896.7109985351562,0
199.86,896.7109985351562,0
199.87,895.8865966796875,0
199.88,895.8865966796875,0
199.89,896.5286865234375,0
199.9,895.8865966796875,0
199.91,896.5286865234375,0
199.92,896.5286865234375,0
199.93,896.5286865234375,0
199.94,896.5286865234375,0
199.95,896.5286865234375,0
199.96,896.9857788085938,0
199.97,896.5286865234375,0
199.98,896.9857788085938,0
199.99,897.0782470703125,0
200,897.0782470703125,0
200.01,897.35302734375,0
200.02,898.3624877929688,0
200.03,898.6372680664062,0
200.04,898.6372680664062,0
200.05,898.72705078125,0
200.06,898.9120483398438,0
200.07,899.1868286132812,0
200.08,899.1868286132812,0
200.09,899.1868286132812,0
200.1,899.279296875,0
200.11,899.3692016601562,0
200.12,900.01123046875,0
200.13,900.2860107421875,0
200.14,900.3785400390625,0
200.15,900.4683837890625,0
200.16,900.6533203125,0
200.17,901.1104125976562,0
200.18,901.1104125976562,0
200.19,900.6533203125,0
200.2,900.6533203125,0
200.21,900.6533203125,0
200.22,901.38525390625,0
200.23,901.38525390625,0
200.24,901.2029418945312,0
200.25,901.2029418945312,0
200.26,901.2029418945312,0
200.27,901.38525390625,0
200.28,901.38525390625,0
200.29,901.9375,0
200.3,902.2122802734375,0
200.31,902.9442138671875,0
200.32,902.9442138671875,0
200.33,902.9442138671875,0
200.34,902.9442138671875,0
200.35,902.9442138671875,0
200.36,902.3945922851562,0
200.37,901.0205688476562,0
200.38,901.0205688476562,0
200.39,900.193603515625,0
200.4,900.193603515625,0
200.41,900.193603515625,0
200.42,899.8289184570312,0
200.43,899.7363891601562,0
200.44,899.8289184570312,0
200.45,899.8289184570312,0
200.46,898.819580078125,0
200.47,899.6439819335938,0
200.48,898.819580078125,0
200.49,897.7203369140625,0
200.5,897.535400390625,0
200.51,897.535400390625,0
200.52,897.535400390625,0
200.53,897.2606201171875,0
200.54,897.2606201171875,0
200.55,897.2606201171875,0
200.56,896.9857788085938,0
200.57,895.7966918945312,0
200.58,895.7042846679688,0
200.59,895.2471923828125,0
200.6,894.6050415039062,0
200.61,894.3302612304688,0
200.62,894.2377319335938,0
200.63,893.5983276367188,0
200.64,893.0487060546875,0
200.65,892.9562377929688,0
200.66,892.9562377929688,0
200.67,892.9562377929688,0
200.68,892.86376953125,0
200.69,892.86376953125,0
200.7,892.1318359375,0
200.71,891.7645874023438,0
200.72,892.1318359375,0
200.73,892.1318359375,0
200.74,892.1318359375,0
200.75,891.7645874023438,0
200.76,892.1318359375,0
200.77,891.7645874023438,0
200.78,891.5822143554688,0
200.79,891.5822143554688,0
200.8,890.7578735351562,0
200.81,890.5755004882812,0
200.82,890.3006591796875,0
200.83,890.3006591796875,0
200.84,889.6586303710938,0
200.85,888.744384765625,0
200.86,888.4695434570312,0
200.87,888.4695434570312,0
200.88,888.4695434570312,0
200.89,888.2872314453125,0
200.9,888.102294921875,0
200.91,888.102294921875,0
200.92,888.102294921875,0
200.93,888.102294921875,0
200.94,888.102294921875,0
200.95,888.3771362304688,0
200.96,888.4695434570312,0
200.97,888.3771362304688,0
200.98,888.3771362304688,0
200.99,888.4695434570312,0
201,888.3771362304688,0
201.01,888.4695434570312,0
201.02,888.4695434570312,0
201.03,888.0098266601562,0
201.04,887.9200439453125,0
201.05,887.9200439453125,0
201.06,887.9200439453125,0
201.07,887.9200439453125,0
201.08,887.9200439453125,0
201.09,887.7376708984375,0
201.1,887.1880493164062,0
201.11,887.1880493164062,0
201.12,887.1880493164062,0
201.13,887.1880493164062,0
201.14,887.1880493164062,0
201.15,887.1880493164062,0
201.16,887.0057373046875,0
201.17,886.638427734375,0
201.18,885.906494140625,0
201.19,886.0888671875,0
201.2,885.906494140625,0
201.21,885.906494140625,0
201.22,885.906494140625,0
201.23,885.7242431640625,0
201.24,884.2577514648438,0
201.25,884.2577514648438,0
201.26,884.2577514648438,0
201.27,884.71484375,0
201.28,884.71484375,0
201.29,884.71484375,0
201.3,884.71484375,0
201.31,884.71484375,0
201.32,884.71484375,0
201.33,885.8140869140625,0
201.34,884.71484375,0
201.35,884.532470703125,0
201.36,884.3502197265625,0
201.37,884.2577514648438,0
201.38,881.147705078125,0
201.39,883.4359741210938,0
201.4,883.4359741210938,0
201.41,882.7041015625,0
201.42,882.7041015625,0
201.43,882.7041015625,0
201.44,882.7041015625,0
201.45,882.51904296875,0
201.46,882.51904296875,0
201.47,882.7041015625,0
201.48,882.51904296875,0
201.49,882.51904296875,0
201.5,881.6973266601562,0
201.51,881.6973266601562,0
201.52,881.330078125,0
201.53,881.6973266601562,0
201.54,881.6973266601562,0
201.55,881.879638671875,0
201.56,881.6973266601562,0
201.57,881.6973266601562,0
201.58,881.6973266601562,0
201.59,881.879638671875,0
201.6,881.9721069335938,0
201.61,882.0619506835938,0
201.62,882.2442626953125,0
201.63,882.0619506835938,0
201.64,882.0619506835938,0
201.65,882.2442626953125,0
201.66,882.4292602539062,0
201.67,882.2442626953125,0
201.68,882.0619506835938,0
201.69,882.0619506835938,0
201.7,881.9721069335938,0
201.71,880.7804565429688,0
201.72,881.9721069335938,0
201.73,881.9721069335938,0
201.74,881.9721069335938,0
201.75,881.9721069335938,0
201.76,883.2509765625,0
201.77,883.2509765625,0
201.78,883.2509765625,0
201.79,883.2509765625,0
201.8,883.2509765625,0
201.81,883.2509765625,0
201.82,883.343505859375,0
201.83,883.343505859375,0
201.84,883.2509765625,0
201.85,882.7041015625,0
201.86,882.7041015625,0
201.87,882.611572265625,0
201.88,882.51904296875,0
201.89,882.51904296875,0
201.9,882.2442626953125,0
201.91,881.147705078125,0
201.92,880.7804565429688,0
201.93,880.1409912109375,0
201.94,878.40234375,0
201.95,878.0376586914062,0
201.96,878.0376586914062,0
201.97,877.7628784179688,0
201.98,877.7628784179688,0
201.99,877.6704711914062,0
202,877.7628784179688,0
202.01,877.7628784179688,0
202.02,877.7628784179688,0
202.03,878.3125,0
202.04,878.3125,0
202.05,878.3125,0
202.06,878.3125,0
202.07,878.3125,0
202.08,878.3125,0
202.09,878.2200317382812,0
202.1,876.6663818359375,0
202.11,876.6663818359375,0
202.12,876.6663818359375,0
202.13,876.6663818359375,0
202.14,877.0309448242188,0
202.15,877.0309448242188,0
202.16,876.6663818359375,0
202.17,876.6663818359375,0
202.18,876.4813842773438,0
202.19,876.4813842773438,0
202.2,875.9343872070312,0
202.21,875.477294921875,0
202.22,875.477294921875,0
202.23,874.4705810546875,0
202.24,874.1058959960938,0
202.25,874.1058959960938,0
202.26,874.1058959960938,0
202.27,873.556396484375,0
202.28,873.556396484375,0
202.29,872.2774658203125,0
202.3,872.1849975585938,0
202.31,871.4556884765625,0
202.32,871.4556884765625,0
202.33,871.08837890625,0
202.34,871.08837890625,0
202.35,871.08837890625,0
202.36,871.08837890625,0
202.37,871.08837890625,0
202.38,871.08837890625,0
202.39,871.08837890625,0
202.4,871.08837890625,0
202.41,870.8162231445312,0
202.42,870.8162231445312,0
202.43,869.9918212890625,0
202.44,869.9918212890625,0
202.45,869.9918212890625,0
202.46,869.9918212890625,0
202.47,869.9918212890625,0
202.48,869.9918212890625,0
202.49,869.9918212890625,0
202.5,869.3524169921875,0
202.51,869.3524169921875,0
202.52,868.9877319335938,0
202.53,868.4381713867188,0
202.54,868.4381713867188,0
202.55,868.4381713867188,0
202.56,868.3483276367188,0
202.57,868.3483276367188,0
202.58,868.3483276367188,0
202.59,868.3483276367188,0
202.6,867.9810180664062,0
202.61,867.8911743164062,0
202.62,866.9769897460938,0
202.63,866.9769897460938,0
202.64,866.9769897460938,0
202.65,866.6123046875,0
202.66,866.4299926757812,0
202.67,866.4299926757812,0
202.68,866.4299926757812,0
202.69,866.4299926757812,0
202.7,866.4299926757812,0
202.71,866.6123046875,0
202.72,866.6123046875,0
202.73,865.79052734375,0
202.74,865.79052734375,0
202.75,865.79052734375,0
202.76,864.8763427734375,0
202.77,864.8763427734375,0
202.78,864.8763427734375,0
202.79,864.8763427734375,0
202.8,864.6940307617188,0
202.81,864.6940307617188,0
202.82,864.6940307617188,0
202.83,864.1444091796875,0
202.84,864.1444091796875,0
202.85,862.775634765625,0
202.86,862.775634765625,0
202.87,862.775634765625,0
202.88,862.775634765625,0
202.89,862.775634765625,0
202.9,862.6831665039062,0
202.91,862.6831665039062,0
202.92,862.6831665039062,0
202.93,862.6831665039062,0
202.94,862.4110717773438,0
202.95,862.4110717773438,0
202.96,862.0437622070312,0
202.97,862.1362915039062,0
202.98,862.0437622070312,0
202.99,862.1362915039062,0
203,862.1362915039062,0
203.01,862.0437622070312,0
203.02,862.0437622070312,0
203.03,862.0437622070312,0
203.04,861.2219848632812,0
203.05,860.8572998046875,0
203.06,860.8572998046875,0
203.07,861.2219848632812,0
203.08,860.9498291015625,0
203.09,861.2219848632812,0
203.1,861.2219848632812,0
203.11,861.0396728515625,0
203.12,860.9498291015625,0
203.13,860.9498291015625,0
203.14,860.9498291015625,0
203.15,860.5825805664062,0
203.16,860.5825805664062,0
203.17,860.1280517578125,0
203.18,860.0355834960938,0
203.19,860.0355834960938,0
203.2,859.7608032226562,0
203.21,859.1239624023438,0
203.22,859.0315551757812,0
203.23,859.7608032226562,0
203.24,859.4886474609375,0
203.25,858.7567138671875,0
203.26,859.3062744140625,0
203.27,858.7567138671875,0
203.28,858.7567138671875,0
203.29,858.8491821289062,0
203.3,858.8491821289062,0
203.31,858.8491821289062,0
203.32,858.8491821289062,0
203.33,858.5743408203125,0
203.34,858.5743408203125,0
203.35,858.4845581054688,0
203.36,858.4845581054688,0
203.37,858.4845581054688,0
203.38,857.7525634765625,0
203.39,857.7525634765625,0
203.4,857.7525634765625,0
203.41,857.7525634765625,0
203.42,857.2056884765625,0
203.43,857.2056884765625,0
203.44,857.7525634765625,0
203.45,857.2981567382812,0
203.46,856.4763793945312,0
203.47,856.4763793945312,0
203.48,856.4763793945312,0
203.49,856.4763793945312,0
203.5,856.3839111328125,0
203.51,856.3839111328125,0
203.52,856.3839111328125,0
203.53,856.3839111328125,0
203.54,856.3839111328125,0
203.55,856.3839111328125,0
203.56,856.2015380859375,0
203.57,856.2015380859375,0
203.58,856.2015380859375,0
203.59,856.2015380859375,0
203.6,855.5647583007812,0
203.61,855.5647583007812,0
203.62,856.2940673828125,0
203.63,855.5647583007812,0
203.64,855.4722900390625,0
203.65,855.2899780273438,0
203.66,855.4722900390625,0
203.67,855.4722900390625,0
203.68,855.4722900390625,0
203.69,854.8328857421875,0
203.7,854.0111083984375,0
203.71,854.0111083984375,0
203.72,854.0111083984375,0
203.73,854.0111083984375,0
203.74,853.8287963867188,0
203.75,852.73486328125,0
203.76,852.73486328125,0
203.77,852.73486328125,0
203.78,852.3701782226562,0
203.79,852.3701782226562,0
203.8,852.3701782226562,0
203.81,853.7389526367188,0
203.82,853.9212646484375,0
203.83,853.9212646484375,0
203.84,853.9212646484375,0
203.85,853.7389526367188,0
203.86,853.0096435546875,0
203.87,853.9212646484375,0
203.88,853.0096435546875,0
203.89,852.4600830078125,0
203.9,852.4600830078125,0
203.91,851.8232421875,0
203.92,851.8232421875,0
203.93,851.8232421875,0
203.94,853.464111328125,0
203.95,853.464111328125,0
203.96,853.464111328125,0
203.97,853.464111328125,0
203.98,853.8287963867188,0
203.99,854.285888671875,0
204,854.6505126953125,0
204.01,854.6505126953125,0
204.02,854.7430419921875,0
204.03,854.6505126953125,0
204.04,854.7430419921875,0
204.05,854.6505126953125,0
204.06,854.7430419921875,0
204.07,854.6505126953125,0
204.08,853.7389526367188,0
204.09,853.6464233398438,0
204.1,853.6464233398438,0
204.11,853.6464233398438,0
204.12,853.6464233398438,0
204.13,853.374267578125,0
204.14,853.0096435546875,0
204.15,851.5484008789062,0
204.16,851.5484008789062,0
204.17,851.3661499023438,0
204.18,851.3661499023438,0
204.19,850.9089965820312,0
204.2,851.5484008789062,0
204.21,851.09130859375,0
204.22,851.183837890625,0
204.23,851.183837890625,0
204.24,851.183837890625,0
204.25,851.09130859375,0
204.26,851.09130859375,0
204.27,851.09130859375,0
204.28,851.09130859375,0
204.29,851.09130859375,0
204.3,850.7267456054688,0
204.31,850.45458984375,0
204.32,850.45458984375,0
204.33,850.45458984375,0
204.34,850.362060546875,0
204.35,850.362060546875,0
204.36,850.272216796875,0
204.37,850.272216796875,0
204.38,849.8150634765625,0
204.39,849.5429077148438,0
204.4,848.9959716796875,0
204.41,848.6287231445312,0
204.42,848.448974609375,0
204.43,848.2666625976562,0
204.44,847.4448852539062,0
204.45,846.4408569335938,0
204.46,846.35107421875,0
204.47,846.0762329101562,0
204.48,846.0762329101562,0
204.49,846.0762329101562,0
204.5,845.4393920898438,0
204.51,845.4393920898438,0
204.52,846.35107421875,0
204.53,847.080322265625,0
204.54,847.080322265625,0
204.55,847.080322265625,0
204.56,847.080322265625,0
204.57,847.080322265625,0
204.58,847.080322265625,0
204.59,847.080322265625,0
204.6,846.98779296875,0
204.61,846.35107421875,0
204.62,845.9863891601562,0
204.63,845.9863891601562,0
204.64,845.257080078125,0
204.65,845.257080078125,0
204.66,844.8924560546875,0
204.67,844.52783203125,0
204.68,844.2530517578125,0
204.69,844.2530517578125,0
204.7,844.2530517578125,0
204.71,844.2530517578125,0
204.72,844.2530517578125,0
204.73,843.3413696289062,0
204.74,842.976806640625,0
204.75,842.5222778320312,0
204.76,842.5222778320312,0
204.77,842.5222778320312,0
204.78,842.065185546875,0
204.79,841.79296875,0
204.8,841.5208129882812,0
204.81,841.063720703125,0
204.82,840.5167846679688,0
204.83,840.5167846679688,0
204.84,840.5167846679688,0
204.85,839.8800048828125,0
204.86,839.8800048828125,0
204.87,839.8800048828125,0
204.88,840.5167846679688,0
204.89,840.5167846679688,0
204.9,840.8814086914062,0
204.91,841.4284057617188,0
204.92,841.4284057617188,0
204.93,841.3358764648438,0
204.94,841.3358764648438,0
204.95,841.3358764648438,0
204.96,841.3358764648438,0
204.97,841.3358764648438,0
204.98,840.6092529296875,0
204.99,840.33447265625,0
205,839.7874755859375,0
205.01,839.7874755859375,0
205.02,838.9683837890625,0
205.03,838.8759155273438,0
205.04,837.692138671875,0
205.05,837.692138671875,0
205.06,837.1451416015625,0
205.07,837.0553588867188,0
205.08,837.1451416015625,0
205.09,837.0553588867188,0
205.1,836.8729858398438,0
205.11,836.8729858398438,0
205.12,837.0553588867188,0
205.13,836.8729858398438,0
205.14,836.8729858398438,0
205.15,836.8729858398438,0
205.16,836.8729858398438,0
205.17,836.8729858398438,0
205.18,836.8729858398438,0
205.19,835.87158203125,0
205.2,835.6892700195312,0
205.21,835.6892700195312,0
205.22,835.6892700195312,0
205.23,835.3245849609375,0
205.24,835.3245849609375,0
205.25,835.232177734375,0
205.26,834.8701171875,0
205.27,835.232177734375,0
205.28,835.3245849609375,0
205.29,835.3245849609375,0
205.3,835.3245849609375,0
205.31,835.4144287109375,0
205.32,835.4144287109375,0
205.33,835.4144287109375,0
205.34,835.5069580078125,0
205.35,835.5069580078125,0
205.36,835.5069580078125,0
205.37,835.5967407226562,0
205.38,835.5069580078125,0
205.39,835.5069580078125,0
205.4,835.232177734375,0
205.41,835.232177734375,0
205.42,834.4130249023438,0
205.43,834.230712890625,0
205.44,834.4130249023438,0
205.45,834.230712890625,0
205.46,834.04833984375,0
205.47,833.5938720703125,0
205.48,833.41162109375,0
205.49,833.229248046875,0
205.5,833.41162109375,0
205.51,833.229248046875,0
205.52,832.41015625,0
205.53,832.41015625,0
205.54,831.9556274414062,0
205.55,832.41015625,0
205.56,832.41015625,0
205.57,831.5910034179688,0
205.58,832.41015625,0
205.59,830.9542236328125,0
205.6,830.7719116210938,0
205.61,830.7719116210938,0
205.62,830.8617553710938,0
205.63,830.9542236328125,0
205.64,830.8617553710938,0
205.65,830.9542236328125,0
205.66,831.5910034179688,0
205.67,831.4087524414062,0
205.68,831.4087524414062,0
205.69,831.4087524414062,0
205.7,831.4087524414062,0
205.71,831.4087524414062,0
205.72,831.31884765625,0
205.73,831.4087524414062,0
205.74,831.31884765625,0
205.75,831.0440673828125,0
205.76,830.8617553710938,0
205.77,830.589599609375,0
205.78,830.8617553710938,0
205.79,830.8617553710938,0
205.8,830.8617553710938,0
205.81,830.9542236328125,0
205.82,830.9542236328125,0
205.83,831.5011596679688,0
205.84,831.7733154296875,0
205.85,831.7733154296875,0
205.86,831.7733154296875,0
205.87,831.7733154296875,0
205.88,831.5011596679688,0
205.89,831.31884765625,0
205.9,831.31884765625,0
205.91,831.31884765625,0
205.92,830.499755859375,0
205.93,830.499755859375,0
205.94,831.31884765625,0
205.95,829.7704467773438,0
205.96,829.5881958007812,0
205.97,829.2235107421875,0
205.98,829.2235107421875,0
205.99,829.5881958007812,0
206,829.2235107421875,0
206.01,828.3145751953125,0
206.02,827.767578125,0
206.03,827.2232666015625,0
206.04,827.2232666015625,0
206.05,827.2232666015625,0
206.06,827.2232666015625,0
206.07,827.2232666015625,0
206.08,826.4940185546875,0
206.09,825.3101806640625,0
206.1,824.9456176757812,0
206.11,824.765869140625,0
206.12,824.765869140625,0
206.13,824.5835571289062,0
206.14,824.218994140625,0
206.15,824.218994140625,0
206.16,824.5835571289062,0
206.17,824.5835571289062,0
206.18,824.5835571289062,0
206.19,824.218994140625,0
206.2,823.7644653320312,0
206.21,822.9453125,0
206.22,822.9453125,0
206.23,822.8555297851562,0
206.24,822.6732177734375,0
206.25,822.6732177734375,0
206.26,822.6732177734375,0
206.27,822.1262817382812,0
206.28,822.1262817382812,0
206.29,822.3984375,0
206.3,822.3984375,0
206.31,822.3984375,0
206.32,822.3984375,0
206.33,822.3984375,0
206.34,823.03515625,0
206.35,822.5806884765625,0
206.36,822.5806884765625,0
206.37,822.3984375,0
206.38,822.3984375,0
206.39,822.3984375,0
206.4,822.5806884765625,0
206.41,821.6716918945312,0
206.42,821.6716918945312,0
206.43,821.6716918945312,0
206.44,821.6716918945312,0
206.45,821.6716918945312,0
206.46,821.6716918945312,0
206.47,821.8540649414062,0
206.48,821.8540649414062,0
206.49,820.7628173828125,0
206.5,821.8540649414062,0
206.51,821.6716918945312,0
206.52,820.7628173828125,0
206.53,820.7628173828125,0
206.54,820.7628173828125,0
206.55,820.7628173828125,0
206.56,820.5805053710938,0
206.57,820.5805053710938,0
206.58,820.5805053710938,0
206.59,820.5805053710938,0
206.6,820.3981323242188,0
206.61,820.3981323242188,0
206.62,820.5805053710938,0
206.63,820.3981323242188,0
206.64,820.3981323242188,0
206.65,820.3981323242188,0
206.66,820.3981323242188,0
206.67,820.945068359375,0
206.68,819.306884765625,0
206.69,820.0361938476562,0
206.7,820.945068359375,0
206.71,820.945068359375,0
206.72,820.945068359375,0
206.73,821.4894409179688,0
206.74,821.4894409179688,0
206.75,820.945068359375,0
206.76,821.4894409179688,0
206.77,821.5819091796875,0
206.78,822.036376953125,0
206.79,822.036376953125,0
206.8,821.5819091796875,0
206.81,821.5819091796875,0
206.82,821.4894409179688,0
206.83,821.3995971679688,0
206.84,821.3995971679688,0
206.85,820.5805053710938,0
206.86,820.1259765625,0
206.87,819.5817260742188,0
206.88,819.5817260742188,0
206.89,819.5817260742188,0
206.9,819.5817260742188,0
206.91,819.5817260742188,0
206.92,819.5817260742188,0
206.93,819.5817260742188,0
206.94,819.5817260742188,0
206.95,819.5817260742188,0
206.96,819.5817260742188,0
206.97,819.5817260742188,0
206.98,819.5817260742188,0
206.99,819.306884765625,0
207,818.0333251953125,0
207.01,817.216796875,0
207.02,816.9420166015625,0
207.03,816.5799560546875,0
207.04,815.306396484375,0
207.05,814.9443969726562,0
207.06,814.9443969726562,0
207.07,814.5797729492188,0
207.08,814.3974609375,0
207.09,814.1253051757812,0
207.1,813.1265258789062,0
207.11,812.4896850585938,0
207.12,811.9453125,0
207.13,811.9453125,0
207.14,811.9453125,0
207.15,811.7630615234375,0
207.16,811.7630615234375,0
207.17,811.0364379882812,0
207.18,810.21728515625,0
207.19,809.4906616210938,0
207.2,809.1286010742188,0
207.21,808.7640380859375,0
207.22,808.5843505859375,0
207.23,808.2197265625,0
207.24,807.7652587890625,0
207.25,807.7652587890625,0
207.26,806.7664184570312,0
207.27,807.7652587890625,0
207.28,806.7664184570312,0
207.29,806.129638671875,0
207.3,805.949951171875,0
207.31,805.5852661132812,0
207.32,805.5852661132812,0
207.33,805.5852661132812,0
207.34,805.5852661132812,0
207.35,805.0409545898438,0
207.36,805.0409545898438,0
207.37,805.0409545898438,0
207.38,805.0409545898438,0
207.39,805.0409545898438,0
207.4,804.858642578125,0
207.41,804.858642578125,0
207.42,804.4041748046875,0
207.43,803.952392578125,0
207.44,803.952392578125,0
207.45,803.952392578125,0
207.46,803.5877075195312,0
207.47,803.4978637695312,0
207.48,803.2257690429688,0
207.49,803.2257690429688,0
207.5,803.4053955078125,0
207.51,803.4053955078125,0
207.52,803.4978637695312,0
207.53,803.4978637695312,0
207.54,803.4978637695312,0
207.55,803.4978637695312,0
207.56,804.4967041015625,0
207.57,804.5864868164062,0
207.58,804.5864868164062,0
207.59,804.5864868164062,0
207.6,804.6790161132812,0
207.61,804.4967041015625,0
207.62,804.4967041015625,0
207.63,804.1320190429688,0
207.64,804.6790161132812,0
207.65,804.1320190429688,0
207.66,804.1320190429688,0
207.67,804.1320190429688,0
207.68,804.951171875,0
207.69,804.951171875,0
207.7,805.5852661132812,0
207.71,806.039794921875,0
207.72,806.039794921875,0
207.73,806.4942626953125,0
207.74,806.4942626953125,0
207.75,806.8562622070312,0
207.76,806.8562622070312,0
207.77,807.2208862304688,0
207.78,807.0386352539062,0
207.79,807.2208862304688,0
207.8,807.0386352539062,0
207.81,807.0386352539062,0
207.82,807.4931030273438,0
207.83,807.4931030273438,0
207.84,807.4931030273438,0
207.85,807.4931030273438,0
207.86,807.4931030273438,0
207.87,808.2197265625,0
207.88,808.2197265625,0
207.89,808.4918823242188,0
207.9,808.5843505859375,0
207.91,809.5831909179688,0
207.92,809.5831909179688,0
207.93,809.6729736328125,0
207.94,809.6729736328125,0
207.95,809.8553466796875,0
207.96,809.8553466796875,0
207.97,810.3995971679688,0
207.98,810.5819702148438,0
207.99,810.5819702148438,0
208,810.5819702148438,0
208.01,808.7640380859375,0
208.02,808.1298217773438,0
208.03,807.6753540039062,0
208.04,807.6753540039062,0
208.05,807.6753540039062,0
208.06,807.6753540039062,0
208.07,807.4031982421875,0
208.08,807.4031982421875,0
208.09,807.4031982421875,0
208.1,807.4031982421875,0
208.11,807.2208862304688,0
208.12,807.2208862304688,0
208.13,807.2208862304688,0
208.14,805.3131103515625,0
208.15,805.3131103515625,0
208.16,805.2233276367188,0
208.17,805.2233276367188,0
208.18,805.2233276367188,0
208.19,805.2233276367188,0
208.2,803.952392578125,0
208.21,803.952392578125,0
208.22,803.77001953125,0
208.23,803.77001953125,0
208.24,803.3155517578125,0
208.25,803.3155517578125,0
208.26,803.3155517578125,0
208.27,803.2257690429688,0
208.28,802.6787719726562,0
208.29,802.6787719726562,0
208.3,802.6787719726562,0
208.31,802.861083984375,0
208.32,802.6787719726562,0
208.33,802.6787719726562,0
208.34,802.4990234375,0
208.35,802.4990234375,0
208.36,802.0445556640625,0
208.37,801.8623046875,0
208.38,802.4990234375,0
208.39,802.4990234375,0
208.4,801.9547729492188,0
208.41,801.8623046875,0
208.42,801.7723999023438,0
208.43,801.4104614257812,0
208.44,801.7723999023438,0
208.45,801.9547729492188,0
208.46,802.4066162109375,0
208.47,801.9547729492188,0
208.48,800.4116821289062,0
208.49,800.0469970703125,0
208.5,800.4116821289062,0
208.51,800.4116821289062,0
208.52,799.8673706054688,0
208.53,799.7748413085938,0
208.54,799.1407470703125,0
208.55,799.1407470703125,0
208.56,798.7760620117188,0
208.57,798.32421875,0
208.58,798.32421875,0
208.59,798.2317504882812,0
208.6,798.32421875,0
208.61,798.32421875,0
208.62,798.9583740234375,0
208.63,799.2305297851562,0
208.64,799.2305297851562,0
208.65,799.2305297851562,0
208.66,799.4127807617188,0
208.67,799.2305297851562,0
208.68,799.4127807617188,0
208.69,799.8673706054688,0
208.7,799.8673706054688,0
208.71,799.8673706054688,0
208.72,799.8673706054688,0
208.73,799.8673706054688,0
208.74,799.5951538085938,0
208.75,798.8685302734375,0
208.76,798.8685302734375,0
208.77,798.8685302734375,0
208.78,798.5963745117188,0
208.79,796.96337890625,0
208.8,796.0545043945312,0
208.81,795.7823486328125,0
208.82,795.5101318359375,0
208.83,795.5101318359375,0
208.84,796.0545043945312,0
208.85,795.3305053710938,0
208.86,795.2379760742188,0
208.87,794.7835083007812,0
208.88,794.5113525390625,0
208.89,794.0595703125,0
208.9,793.4253540039062,0
208.91,793.3328247070312,0
208.92,793.1531982421875,0
208.93,792.69873046875,0
208.94,792.69873046875,0
208.95,792.5164184570312,0
208.96,792.5164184570312,0
208.97,792.69873046875,0
208.98,792.336669921875,0
208.99,792.336669921875,0
209,792.1544189453125,0
209.01,792.336669921875,0
209.02,792.9708862304688,0
209.03,792.336669921875,0
209.04,792.336669921875,0
209.05,792.0645141601562,0
209.06,791.9747314453125,0
209.07,791.9747314453125,0
209.08,792.0645141601562,0
209.09,792.0645141601562,0
209.1,792.0645141601562,0
209.11,792.0645141601562,0
209.12,793.2430419921875,0
209.13,793.60498046875,0
209.14,794.0595703125,0
209.15,794.0595703125,0
209.16,794.0595703125,0
209.17,794.1493530273438,0
209.18,794.1493530273438,0
209.19,794.3316650390625,0
209.2,794.3316650390625,0
209.21,794.8759765625,0
209.22,794.8759765625,0
209.23,794.8759765625,0
209.24,794.8759765625,0
209.25,795.2379760742188,0
209.26,795.2379760742188,0
209.27,795.2379760742188,0
209.28,795.2379760742188,0
209.29,795.2379760742188,0
209.3,795.2379760742188,0
209.31,794.8759765625,0
209.32,794.8759765625,0
209.33,794.1493530273438,0
209.34,792.60888671875,0
209.35,792.5164184570312,0
209.36,792.336669921875,0
209.37,792.1544189453125,0
209.38,789.9771728515625,0
209.39,789.163330078125,0
209.4,789.163330078125,0
209.41,788.98095703125,0
209.42,788.98095703125,0
209.43,788.98095703125,0
209.44,788.98095703125,0
209.45,788.98095703125,0
209.46,788.98095703125,0
209.47,788.98095703125,0
209.48,788.98095703125,0
209.49,788.89111328125,0
209.5,788.3468017578125,0
209.51,787.6201782226562,0
209.52,787.4405517578125,0
209.53,787.4405517578125,0
209.54,787.4405517578125,0
209.55,787.4405517578125,0
209.56,787.4405517578125,0
209.57,787.4405517578125,0
209.58,787.4405517578125,0
209.59,786.8961791992188,0
209.6,786.8063354492188,0
209.61,788.3468017578125,0
209.62,786.7138061523438,0
209.63,786.7138061523438,0
209.64,786.7138061523438,0
209.65,786.5341796875,0
209.66,786.5341796875,0
209.67,786.5341796875,0
209.68,786.5341796875,0
209.69,786.5341796875,0
209.7,786.3518676757812,0
209.71,786.5341796875,0
209.72,786.5341796875,0
209.73,786.5341796875,0
209.74,787.3480224609375,0
209.75,787.3480224609375,0
209.76,787.9848022460938,0
209.77,788.7088623046875,0
209.78,788.7088623046875,0
209.79,788.7088623046875,0
209.8,788.7088623046875,0
209.81,787.712646484375,0
209.82,787.712646484375,0
209.83,786.5341796875,0
209.84,787.0758666992188,0
209.85,786.6240234375,0
209.86,786.6240234375,0
209.87,786.6240234375,0
209.88,787.0758666992188,0
209.89,787.0758666992188,0
209.9,787.0758666992188,0
209.91,787.0758666992188,0
209.92,787.0758666992188,0
209.93,787.2581787109375,0
209.94,787.802490234375,0
209.95,787.802490234375,0
209.96,787.802490234375,0
209.97,787.712646484375,0
209.98,787.802490234375,0
209.99,787.802490234375,0
210,787.712646484375,0
210.01,787.712646484375,0
210.02,787.5303344726562,0
210.03,786.1695556640625,0
210.04,785.8075561523438,0
210.05,786.1695556640625,0
210.06,786.1695556640625,0
210.07,786.1695556640625,0
210.08,786.1695556640625,0
210.09,786.1695556640625,0
210.1,785.4454956054688,0
210.11,785.17333984375,0
210.12,785.17333984375,0
210.13,785.17333984375,0
210.14,784.9012451171875,0
210.15,783.6329345703125,0
210.16,783.6329345703125,0
210.17,782.998779296875,0
210.18,782.7265625,0
210.19,782.5469360351562,0
210.2,782.5469360351562,0
210.21,781.5481567382812,0
210.22,781.458251953125,0
210.23,781.458251953125,0
210.24,780.9139404296875,0
210.25,780.552001953125,0
210.26,780.0103149414062,0
210.27,780.0103149414062,0
210.28,780.552001953125,0
210.29,780.552001953125,0
210.3,780.0103149414062,0
210.31,780.0103149414062,0
210.32,779.8280029296875,0
210.33,779.5558471679688,0
210.34,779.5558471679688,0
210.35,779.3760986328125,0
210.36,778.921630859375,0
210.37,778.921630859375,0
210.38,778.921630859375,0
210.39,778.921630859375,0
210.4,776.5673217773438,0
210.41,775.6610107421875,0
210.42,775.6610107421875,0
210.43,775.4813842773438,0
210.44,775.6610107421875,0
210.45,775.4813842773438,0
210.46,775.3888549804688,0
210.47,775.3888549804688,0
210.48,775.1193237304688,0
210.49,774.2130737304688,0
210.5,774.2130737304688,0
210.51,774.2130737304688,0
210.52,774.3028564453125,0
210.53,774.0333251953125,0
210.54,774.3028564453125,0
210.55,774.3028564453125,0
210.56,774.3953857421875,0
210.57,774.3953857421875,0
210.58,774.3953857421875,0
210.59,774.3953857421875,0
210.6,774.3028564453125,0
210.61,773.8510131835938,0
210.62,773.8510131835938,0
210.63,773.8510131835938,0
210.64,773.4890747070312,0
210.65,773.4890747070312,0
210.66,773.4890747070312,0
210.67,773.3067016601562,0
210.68,773.3067016601562,0
210.69,772.9447631835938,0
210.7,772.9447631835938,0
210.71,772.9447631835938,0
210.72,772.9447631835938,0
210.73,773.0371704101562,0
210.74,773.0371704101562,0
210.75,773.7611694335938,0
210.76,773.7611694335938,0
210.77,773.7611694335938,0
210.78,774.9370727539062,0
210.79,774.9370727539062,0
210.8,774.9370727539062,0
210.81,774.9370727539062,0
210.82,773.7611694335938,0
210.83,773.7611694335938,0
210.84,773.3067016601562,0
210.85,773.3067016601562,0
210.86,772.6752319335938,0
210.87,772.6752319335938,0
210.88,772.403076171875,0
210.89,772.403076171875,0
210.9,772.313232421875,0
210.91,772.313232421875,0
210.92,772.313232421875,0
210.93,772.2207641601562,0
210.94,772.1309204101562,0
210.95,772.2207641601562,0
210.96,769.0552368164062,0
210.97,768.5109252929688,0
210.98,768.5109252929688,0
210.99,768.5109252929688,0
211,768.5109252929688,0
211.01,768.05908203125,0
211.02,768.05908203125,0
211.03,766.88330078125,0
211.04,764.8936157226562,0
211.05,764.1695556640625,0
211.06,764.5316162109375,0
211.07,764.1695556640625,0
211.08,764.1695556640625,0
211.09,763.8973999023438,0
211.1,763.8076171875,0
211.11,763.1734008789062,0
211.12,763.0836181640625,0
211.13,763.0836181640625,0
211.14,763.1734008789062,0
211.15,763.0836181640625,0
211.16,763.1734008789062,0
211.17,763.1734008789062,0
211.18,762.7215576171875,0
211.19,762.9038696289062,0
211.2,762.7215576171875,0
211.21,762.7215576171875,0
211.22,762.7215576171875,0
211.23,762.6317138671875,0
211.24,762.7215576171875,0
211.25,761.3661499023438,0
211.26,761.1837768554688,0
211.27,761.1837768554688,0
211.28,761.1837768554688,0
211.29,761.1837768554688,0
211.3,761.2762451171875,0
211.31,761.2762451171875,0
211.32,761.2762451171875,0
211.33,761.2762451171875,0
211.34,761.2762451171875,0
211.35,761.2762451171875,0
211.36,760.9142456054688,0
211.37,760.1902465820312,0
211.38,760.1902465820312,0
211.39,760.1902465820312,0
211.4,759.28662109375,0
211.41,760.1902465820312,0
211.42,760.1902465820312,0
211.43,761.0939331054688,0
211.44,761.5457763671875,0
211.45,763.445556640625,0
211.46,763.445556640625,0
211.47,764.0797729492188,0
211.48,761.8179321289062,0
211.49,763.6253051757812,0
211.5,761.8179321289062,0
211.51,761.8179321289062,0
211.52,761.8179321289062,0
211.53,762.7215576171875,0
211.54,761.8179321289062,0
211.55,761.8179321289062,0
211.56,761.8179321289062,0
211.57,761.2762451171875,0
211.58,760.824462890625,0
211.59,761.2762451171875,0
211.6,762.7215576171875,0
211.61,762.7215576171875,0
211.62,762.7215576171875,0
211.63,762.9038696289062,0
211.64,763.0836181640625,0
211.65,763.0836181640625,0
211.66,763.8973999023438,0
211.67,763.8973999023438,0
211.68,763.8973999023438,0
211.69,763.8973999023438,0
211.7,763.3557739257812,0
211.71,763.3557739257812,0
211.72,763.3557739257812,0
211.73,762.9937744140625,0
211.74,762.5419311523438,0
211.75,760.64208984375,0
211.76,758.4727172851562,0
211.77,758.4727172851562,0
211.78,758.2930908203125,0
211.79,757.2070922851562,0
211.8,756.3932495117188,0
211.81,756.2135620117188,0
211.82,756.1237182617188,0
211.83,755.579345703125,0
211.84,755.1275634765625,0
211.85,755.0377807617188,0
211.86,754.3163452148438,0
211.87,753.7747192382812,0
211.88,752.2368774414062,0
211.89,752.1470336914062,0
211.9,751.5155639648438,0
211.91,751.3331909179688,0
211.92,751.1535034179688,0
211.93,750.7017211914062,0
211.94,750.61181640625,0
211.95,750.1600341796875,0
211.96,749.4386596679688,0
211.97,748.804443359375,0
211.98,748.4451293945312,0
211.99,748.2628784179688,0
212,747.45166015625,0
212.01,747.45166015625,0
212.02,746.7276611328125,0
212.03,746.2783813476562,0
212.04,746.2783813476562,0
212.05,746.2783813476562,0
212.06,745.73681640625,0
212.07,745.9164428710938,0
212.08,745.554443359375,0
212.09,745.554443359375,0
212.1,745.554443359375,0
212.11,745.374755859375,0
212.12,744.3812255859375,0
212.13,743.570068359375,0
212.14,743.3877563476562,0
212.15,743.2978515625,0
212.16,743.2978515625,0
212.17,743.2080688476562,0
212.18,742.8460693359375,0
212.19,742.8460693359375,0
212.2,742.4867553710938,0
212.21,742.4867553710938,0
212.22,742.4867553710938,0
212.23,742.4867553710938,0
212.24,742.3968505859375,0
212.25,740.4098510742188,0
212.26,740.4098510742188,0
212.27,740.4098510742188,0
212.28,740.4098510742188,0
212.29,740.4098510742188,0
212.3,739.9580688476562,0
212.31,740.4098510742188,0
212.32,740.4098510742188,0
212.33,740.4996337890625,0
212.34,740.4996337890625,0
212.35,739.9580688476562,0
212.36,739.9580688476562,0
212.37,739.9580688476562,0
212.38,739.9580688476562,0
212.39,740.4996337890625,0
212.4,740.9515380859375,0
212.41,741.1312255859375,0
212.42,741.1312255859375,0
212.43,741.3134765625,0
212.44,741.3134765625,0
212.45,741.4033813476562,0
212.46,741.4033813476562,0
212.47,745.374755859375,0
212.48,745.374755859375,0
212.49,745.464599609375,0
212.5,745.554443359375,0
212.51,746.5479125976562,0
212.52,746.5479125976562,0
212.53,746.5479125976562,0
212.54,746.5479125976562,0
212.55,746.5479125976562,0
212.56,746.5479125976562,0
212.57,746.5479125976562,0
212.58,746.820068359375,0
212.59,746.3682861328125,0
212.6,745.8265991210938,0
212.61,746.3682861328125,0
212.62,746.3682861328125,0
212.63,746.3682861328125,0
212.64,746.3682861328125,0
212.65,746.3682861328125,0
212.66,745.9164428710938,0
212.67,745.9164428710938,0
212.68,745.8265991210938,0
212.69,744.9229125976562,0
212.7,744.5609130859375,0
212.71,744.3812255859375,0
212.72,744.3812255859375,0
212.73,744.3812255859375,0
212.74,744.3812255859375,0
212.75,744.3812255859375,0
212.76,744.3812255859375,0
212.77,744.3812255859375,0
212.78,744.3812255859375,0
212.79,744.4711303710938,0
212.8,744.7432861328125,0
212.81,744.7432861328125,0
212.82,744.7432861328125,0
212.83,744.7432861328125,0
212.84,744.6507568359375,0
212.85,744.4711303710938,0
212.86,744.2015991210938,0
212.87,744.2015991210938,0
212.88,743.8395385742188,0
212.89,743.8395385742188,0
212.9,743.2080688476562,0
212.91,740.5921630859375,0
212.92,740.4996337890625,0
212.93,740.4996337890625,0
212.94,740.4996337890625,0
212.95,740.4996337890625,0
212.96,740.4996337890625,0
212.97,740.5921630859375,0
212.98,740.5921630859375,0
212.99,741.4033813476562,0
213,741.4033813476562,0
213.01,741.4033813476562,0
213.02,739.6885375976562,0
213.03,738.9671630859375,0
213.04,738.3356323242188,0
213.05,738.3356323242188,0
213.06,737.0725708007812,0
213.07,738.3356323242188,0
213.08,738.3356323242188,0
213.09,738.3356323242188,0
213.1,738.3356323242188,0
213.11,738.3356323242188,0
213.12,739.4163818359375,0
213.13,739.4163818359375,0
213.14,739.4163818359375,0
213.15,740.4098510742188,0
213.16,740.4098510742188,0
213.17,740.7717895507812,0
213.18,739.4163818359375,0
213.19,740.7717895507812,0
213.2,739.4163818359375,0
213.21,738.3356323242188,0
213.22,740.0478515625,0
213.23,740.0478515625,0
213.24,737.5244140625,0
213.25,737.5244140625,0
213.26,736.4411010742188,0
213.27,736.0791015625,0
213.28,736.0791015625,0
213.29,736.4411010742188,0
213.3,736.4411010742188,0
213.31,736.4411010742188,0
213.32,736.0791015625,0
213.33,736.0791015625,0
213.34,736.0791015625,0
213.35,736.0791015625,0
213.36,735.6298828125,0
213.37,735.6298828125,0
213.38,735.4476318359375,0
213.39,734.3668823242188,0
213.4,734.3668823242188,0
213.41,734.5465087890625,0
213.42,735.4476318359375,0
213.43,735.4476318359375,0
213.44,735.4476318359375,0
213.45,735.6298828125,0
213.46,734.7261962890625,0
213.47,735.4476318359375,0
213.48,735.4476318359375,0
213.49,735.4476318359375,0
213.5,735.4476318359375,0
213.51,735.4476318359375,0
213.52,735.6298828125,0
213.53,735.5374145507812,0
213.54,735.4476318359375,0
213.55,735.4476318359375,0
213.56,735.5374145507812,0
213.57,735.6298828125,0
213.58,735.5374145507812,0
213.59,735.5374145507812,0
213.6,735.1781005859375,0
213.61,734.9983520507812,0
213.62,734.8186645507812,0
213.63,734.8186645507812,0
213.64,734.9983520507812,0
213.65,734.8186645507812,0
213.66,734.8186645507812,0
213.67,734.8186645507812,0
213.68,733.3733520507812,0
213.69,732.6520385742188,0
213.7,732.4722900390625,0
213.71,731.8408203125,0
213.72,731.8408203125,0
213.73,731.8408203125,0
213.74,731.8408203125,0
213.75,731.8408203125,0
213.76,731.9306640625,0
213.77,731.9306640625,0
213.78,733.4631958007812,0
213.79,733.4631958007812,0
213.8,733.4631958007812,0
213.81,733.4631958007812,0
213.82,733.4631958007812,0
213.83,732.3825073242188,0
213.84,732.3825073242188,0
213.85,732.2028198242188,0
213.86,732.0231323242188,0
213.87,731.3916015625,0
213.88,731.3916015625,0
213.89,731.3017578125,0
213.9,731.1194458007812,0
213.91,731.0296020507812,0
213.92,731.0296020507812,0
213.93,730.8499145507812,0
213.94,729.5869140625,0
213.95,729.4970703125,0
213.96,729.4970703125,0
213.97,729.4970703125,0
213.98,729.4970703125,0
213.99,729.3173828125,0
214,729.4970703125,0
214.01,729.4970703125,0
214.02,729.7692260742188,0
214.03,729.8590698242188,0
214.04,730.4905395507812,0
214.05,730.4905395507812,0
214.06,730.4905395507812,0
214.07,730.9398193359375,0
214.08,731.0296020507812,0
214.09,731.3916015625,0
214.1,731.3916015625,0
214.11,731.5712890625,0
214.12,731.5712890625,0
214.13,731.6611328125,0
214.14,731.6611328125,0
214.15,731.6611328125,0
214.16,731.5712890625,0
214.17,731.5712890625,0
214.18,729.9489135742188,0
214.19,728.5960693359375,0
214.2,728.3265380859375,0
214.21,728.2366333007812,0
214.22,728.2366333007812,0
214.23,728.2366333007812,0
214.24,726.9736328125,0
214.25,726.6143188476562,0
214.26,726.2522583007812,0
214.27,724.1807250976562,0
214.28,724.0908813476562,0
214.29,723.0101318359375,0
214.3,721.9295043945312,0
214.31,721.6599731445312,0
214.32,720.7589111328125,0
214.33,720.0375366210938,0
214.34,719.94775390625,0
214.35,719.94775390625,0
214.36,718.6873779296875,0
214.37,717.6066284179688,0
214.38,717.5167846679688,0
214.39,716.79541015625,0
214.4,716.4360961914062,0
214.41,716.3462524414062,0
214.42,715.8970336914062,0
214.43,714.3671264648438,0
214.44,714.094970703125,0
214.45,714.005126953125,0
214.46,714.005126953125,0
214.47,713.6458129882812,0
214.48,713.1067504882812,0
214.49,712.5650634765625,0
214.5,712.0260009765625,0
214.51,711.756591796875,0
214.52,710.765625,0
214.53,709.9571533203125,0
214.54,710.0469360351562,0
214.55,709.9571533203125,0
214.56,709.9571533203125,0
214.57,709.6876220703125,0
214.58,709.8672485351562,0
214.59,709.6876220703125,0
214.6,709.6876220703125,0
214.61,709.7774047851562,0
214.62,709.7774047851562,0
214.63,709.4180908203125,0
214.64,709.4180908203125,0
214.65,709.4180908203125,0
214.66,709.7774047851562,0
214.67,709.2384033203125,0
214.68,709.2384033203125,0
214.69,709.0560302734375,0
214.7,709.0560302734375,0
214.71,709.2384033203125,0
214.72,709.1459350585938,0
214.73,709.9571533203125,0
214.74,709.1459350585938,0
214.75,709.1459350585938,0
214.76,710.4063110351562,0
214.77,710.5859985351562,0
214.78,710.6758422851562,0
214.79,710.765625,0
214.8,711.756591796875,0
214.81,712.3854370117188,0
214.82,712.6549072265625,0
214.83,713.555908203125,0
214.84,714.005126953125,0
214.85,714.094970703125,0
214.86,714.3671264648438,0
214.87,714.3671264648438,0
214.88,714.45703125,0
214.89,714.7265625,0
214.9,715.2655029296875,0
214.91,715.4452514648438,0
214.92,715.4452514648438,0
214.93,715.9869384765625,0
214.94,715.9869384765625,0
214.95,715.9869384765625,0
214.96,716.1665649414062,0
214.97,716.1665649414062,0
214.98,716.1665649414062,0
214.99,715.0858764648438,0
215,714.7265625,0
215.01,713.7356567382812,0
215.02,713.555908203125,0
215.03,713.4661254882812,0
215.04,713.1965942382812,0
215.05,712.3854370117188,0
215.06,710.6758422851562,0
215.07,710.6758422851562,0
215.08,709.1459350585938,0
215.09,709.1459350585938,0
215.1,708.51708984375,0
215.11,708.51708984375,0
215.12,707.97802734375,0
215.13,707.97802734375,0
215.14,707.97802734375,0
215.15,707.97802734375,0
215.16,707.0769653320312,0
215.17,707.0769653320312,0
215.18,706.2684936523438,0
215.19,706.2684936523438,0
215.2,706.2684936523438,0
215.21,706.8972778320312,0
215.22,706.8972778320312,0
215.23,706.2684936523438,0
215.24,706.8972778320312,0
215.25,706.8972778320312,0
215.26,706.8972778320312,0
215.27,706.8972778320312,0
215.28,706.8972778320312,0
215.29,706.8972778320312,0
215.3,708.6068725585938,0
215.31,708.6068725585938,0
215.32,708.6068725585938,0
215.33,708.6068725585938,0
215.34,709.1459350585938,0
215.35,709.1459350585938,0
215.36,709.1459350585938,0
215.37,709.1459350585938,0
215.38,709.1459350585938,0
215.39,709.5079345703125,0
215.4,709.7774047851562,0
215.41,709.8672485351562,0
215.42,709.8672485351562,0
215.43,709.8672485351562,0
215.44,710.4063110351562,0
215.45,710.5859985351562,0
215.46,710.5859985351562,0
215.47,710.5859985351562,0
215.48,710.4063110351562,0
215.49,709.8672485351562,0
215.5,708.0678100585938,0
215.51,706.9871826171875,0
215.52,706.1785888671875,0
215.53,703.5706176757812,0
215.54,702.8518676757812,0
215.55,700.603271484375,0
215.56,700.51611328125,0
215.57,699.7947998046875,0
215.58,699.7947998046875,0
215.59,699.6150512695312,0
215.6,698.7166748046875,0
215.61,698.5370483398438,0
215.62,698.5370483398438,0
215.63,697.6386108398438,0
215.64,697.009765625,0
215.65,696.2910766601562,0
215.66,696.201171875,0
215.67,695.6621704101562,0
215.68,695.6621704101562,0
215.69,695.6621704101562,0
215.7,695.3028564453125,0
215.71,695.3028564453125,0
215.72,695.931640625,0
215.73,696.0215454101562,0
215.74,696.0215454101562,0
215.75,696.201171875,0
215.76,696.470703125,0
215.77,698.0878295898438,0
215.78,698.9862060546875,0
215.79,700.0643310546875,0
215.8,700.51611328125,0
215.81,700.78564453125,0
215.82,702.8518676757812,0
215.83,703.1213989257812,0
215.84,703.3909301757812,0
215.85,705.3700561523438,0
215.86,705.3700561523438,0
215.87,706.1785888671875,0
215.88,706.1785888671875,0
215.89,706.3582763671875,0
215.9,706.8972778320312,0
215.91,706.3582763671875,0
215.92,706.1785888671875,0
215.93,705.7294311523438,0
215.94,704.4716796875,0
215.95,703.9299926757812,0
215.96,703.6604614257812,0
215.97,703.3011474609375,0
215.98,703.3011474609375,0
215.99,701.8636474609375,0
216,699.7048950195312,0
216.01,699.3455200195312,0
216.02,698.8065795898438,0
216.03,698.4471435546875,0
216.04,698.1776733398438,0
216.05,697.6386108398438,0
216.06,696.470703125,0
216.07,696.470703125,0
216.08,696.380859375,0
216.09,696.111328125,0
216.1,695.6621704101562,0
216.11,695.1231079101562,0
216.12,695.1231079101562,0
216.13,695.1231079101562,0
216.14,695.7520141601562,0
216.15,695.7520141601562,0
216.16,695.7520141601562,0
216.17,695.7520141601562,0
216.18,695.5723266601562,0
216.19,695.5723266601562,0
216.2,695.7520141601562,0
216.21,695.5723266601562,0
216.22,695.5723266601562,0
216.23,693.7755737304688,0
216.24,693.7755737304688,0
216.25,693.7755737304688,0
216.26,695.3926391601562,0
216.27,694.7637939453125,0
216.28,695.3926391601562,0
216.29,695.3926391601562,0
216.3,695.3926391601562,0
216.31,695.1231079101562,0
216.32,695.3926391601562,0
216.33,696.380859375,0
216.34,696.380859375,0
216.35,696.380859375,0
216.36,696.380859375,0
216.37,696.201171875,0
216.38,696.111328125,0
216.39,696.111328125,0
216.4,696.111328125,0
216.41,696.111328125,0
216.42,695.4824829101562,0
216.43,695.2129516601562,0
216.44,695.2129516601562,0
216.45,695.2129516601562,0
216.46,695.2129516601562,0
216.47,694.4942626953125,0
216.48,694.2247314453125,0
216.49,694.4942626953125,0
216.5,694.0451049804688,0
216.51,694.0451049804688,0
216.52,694.0451049804688,0
216.53,693.6856689453125,0
216.54,693.4161376953125,0
216.55,693.3263549804688,0
216.56,693.3263549804688,0
216.57,692.877197265625,0
216.58,692.607666015625,0
216.59,692.607666015625,0
216.6,692.158447265625,0
216.61,691.439697265625,0
216.62,691.2600708007812,0
216.63,690.8108520507812,0
216.64,690.3616943359375,0
216.65,689.0167236328125,0
216.66,687.399658203125,0
216.67,687.130126953125,0
216.68,686.860595703125,0
216.69,686.860595703125,0
216.7,686.860595703125,0
216.71,686.770751953125,0
216.72,686.2343139648438,0
216.73,686.2343139648438,0
216.74,686.2343139648438,0
216.75,685.78515625,0
216.76,685.6055297851562,0
216.77,685.1563110351562,0
216.78,684.7071533203125,0
216.79,684.3477783203125,0
216.8,684.1680908203125,0
216.81,683.7215576171875,0
216.82,682.8231201171875,0
216.83,682.8231201171875,0
216.84,682.5535888671875,0
216.85,682.5535888671875,0
216.86,682.5535888671875,0
216.87,682.2840576171875,0
216.88,682.2840576171875,0
216.89,681.6578979492188,0
216.9,680.0433959960938,0
216.91,679.5941772460938,0
216.92,678.339111328125,0
216.93,678.2493286132812,0
216.94,678.159423828125,0
216.95,678.159423828125,0
216.96,678.159423828125,0
216.97,678.159423828125,0
216.98,677.8001098632812,0
216.99,677.3508911132812,0
217,676.9915771484375,0
217.01,676.9915771484375,0
217.02,676.9915771484375,0
217.03,676.3652954101562,0
217.04,676.2755126953125,0
217.05,675.6492309570312,0
217.06,675.6492309570312,0
217.07,675.4695434570312,0
217.08,675.6492309570312,0
217.09,675.6492309570312,0
217.1,675.6492309570312,0
217.11,675.6492309570312,0
217.12,675.4695434570312,0
217.13,675.4695434570312,0
217.14,675.8262939453125,0
217.15,675.8262939453125,0
217.16,675.8262939453125,0
217.17,675.4695434570312,0
217.18,675.4695434570312,0
217.19,675.4695434570312,0
217.2,675.4695434570312,0
217.21,675.5594482421875,0
217.22,675.5594482421875,0
217.23,675.5594482421875,0
217.24,675.5594482421875,0
217.25,676.5449829101562,0
217.26,676.5449829101562,0
217.27,676.5449829101562,0
217.28,677.2610473632812,0
217.29,677.9797973632812,0
217.3,678.069580078125,0
217.31,678.069580078125,0
217.32,678.2493286132812,0
217.33,678.6958618164062,0
217.34,678.6958618164062,0
217.35,678.6958618164062,0
217.36,679.50439453125,0
217.37,679.5941772460938,0
217.38,679.95361328125,0
217.39,680.5797729492188,0
217.4,680.759521484375,0
217.41,680.759521484375,0
217.42,682.0145263671875,0
217.43,682.0145263671875,0
217.44,682.2840576171875,0
217.45,682.0145263671875,0
217.46,680.5797729492188,0
217.47,681.6578979492188,0
217.48,681.6578979492188,0
217.49,681.3883666992188,0
217.5,681.6578979492188,0
217.51,681.6578979492188,0
217.52,682.8231201171875,0
217.53,681.6578979492188,0
217.54,682.1044311523438,0
217.55,682.5535888671875,0
217.56,682.8231201171875,0
217.57,682.8231201171875,0
217.58,682.8231201171875,0
217.59,682.5535888671875,0
217.6,682.3739624023438,0
217.61,682.1044311523438,0
217.62,682.1044311523438,0
217.63,680.8493041992188,0
217.64,680.400146484375,0
217.65,679.5941772460938,0
217.66,678.159423828125,0
217.67,678.159423828125,0
217.68,676.4551391601562,0
217.69,675.6492309570312,0
217.7,675.6492309570312,0
217.71,675.6492309570312,0
217.72,675.6492309570312,0
217.73,676.2755126953125,0
217.74,678.069580078125,0
217.75,676.2755126953125,0
217.76,676.9016723632812,0
217.77,676.9016723632812,0
217.78,676.9016723632812,0
217.79,676.2755126953125,0
217.8,674.5711669921875,0
217.81,673.8551635742188,0
217.82,673.0465698242188,0
217.83,673.0465698242188,0
217.84,673.8551635742188,0
217.85,673.0465698242188,0
217.86,673.0465698242188,0
217.87,671.7042236328125,0
217.88,671.7042236328125,0
217.89,671.3449096679688,0
217.9,671.7042236328125,0
217.91,671.3449096679688,0
217.92,670.895751953125,0
217.93,670.7186279296875,0
217.94,670.895751953125,0
217.95,670.3593139648438,0
217.96,671.0753784179688,0
217.97,669.7304077148438,0
217.98,671.0753784179688,0
217.99,670.3593139648438,0
218,669.3737182617188,0
218.01,670.3593139648438,0
218.02,670.3593139648438,0
218.03,670.3593139648438,0
218.04,670.3593139648438,0
218.05,670.3593139648438,0
218.06,670.7186279296875,0
218.07,670.3593139648438,0
218.08,670.5390014648438,0
218.09,670.7186279296875,0
218.1,670.7186279296875,0
218.11,670.8085327148438,0
218.12,670.8085327148438,0
218.13,671.2550659179688,0
218.14,671.9711303710938,0
218.15,671.9711303710938,0
218.16,671.9711303710938,0
218.17,671.9711303710938,0
218.18,671.2550659179688,0
218.19,671.2550659179688,0
218.2,671.2550659179688,0
218.21,671.1651611328125,0
218.22,670.4490966796875,0
218.23,670.2694702148438,0
218.24,670.2694702148438,0
218.25,670.4490966796875,0
218.26,670.4490966796875,0
218.27,670.6288452148438,0
218.28,670.4490966796875,0
218.29,670.6288452148438,0
218.3,670.6288452148438,0
218.31,671.3449096679688,0
218.32,671.3449096679688,0
218.33,672.2406616210938,0
218.34,672.2406616210938,0
218.35,672.4202880859375,0
218.36,672.4202880859375,0
218.37,672.4202880859375,0
218.38,672.2406616210938,0
218.39,671.3449096679688,0
218.4,670.9855346679688,0
218.41,668.11865234375,0
218.42,667.93896484375,0
218.43,667.133056640625,0
218.44,665.5211791992188,0
218.45,664.35595703125,0
218.46,663.8195190429688,0
218.47,663.550048828125,0
218.48,663.460205078125,0
218.49,663.013671875,0
218.5,662.744140625,0
218.51,660.5958862304688,0
218.52,660.0595703125,0
218.53,658.804443359375,0
218.54,657.372314453125,0
218.55,656.119873046875,0
218.56,655.9401245117188,0
218.57,655.67333984375,0
218.58,655.40380859375,0
218.59,655.31396484375,0
218.6,655.31396484375,0
218.61,654.867431640625,0
218.62,653.7919311523438,0
218.63,653.2555541992188,0
218.64,652.8988647460938,0
218.65,652.8988647460938,0
218.66,652.8090209960938,0
218.67,652.6293334960938,0
218.68,652.5394897460938,0
218.69,652.5394897460938,0
218.7,652.5394897460938,0
218.71,652.5394897460938,0
218.72,652.5394897460938,0
218.73,652.71923828125,0
218.74,652.5394897460938,0
218.75,651.9132690429688,0
218.76,651.9132690429688,0
218.77,652.2725830078125,0
218.78,651.5565185546875,0
218.79,651.5565185546875,0
218.8,652.2725830078125,0
218.81,652.2725830078125,0
218.82,652.2725830078125,0
218.83,652.2725830078125,0
218.84,652.6293334960938,0
218.85,652.3624877929688,0
218.86,652.3624877929688,0
218.87,652.3624877929688,0
218.88,651.8260498046875,0
218.89,651.8260498046875,0
218.9,652.3624877929688,0
218.91,652.3624877929688,0
218.92,652.3624877929688,0
218.93,652.3624877929688,0
218.94,653.0785522460938,0
218.95,653.7047729492188,0
218.96,653.7047729492188,0
218.97,653.7047729492188,0
218.98,654.1513671875,0
218.99,654.7775268554688,0
219,654.7775268554688,0
219.01,654.9572143554688,0
219.02,654.9572143554688,0
219.03,654.9572143554688,0
219.04,655.04443359375,0
219.05,655.04443359375,0
219.06,655.04443359375,0
219.07,655.13427734375,0
219.08,655.13427734375,0
219.09,655.31396484375,0
219.1,655.40380859375,0
219.11,655.40380859375,0
219.12,655.67333984375,0
219.13,655.760498046875,0
219.14,656.56640625,0
219.15,656.65625,0
219.16,656.65625,0
219.17,656.65625,0
219.18,656.65625,0
219.19,656.65625,0
219.2,656.65625,0
219.21,656.56640625,0
219.22,656.65625,0
219.23,656.56640625,0
219.24,656.299560546875,0
219.25,656.030029296875,0
219.26,655.850341796875,0
219.27,655.13427734375,0
219.28,655.13427734375,0
219.29,655.850341796875,0
219.3,655.850341796875,0
219.31,655.40380859375,0
219.32,655.40380859375,0
219.33,655.40380859375,0
219.34,655.850341796875,0
219.35,656.9257202148438,0
219.36,656.9257202148438,0
219.37,656.9257202148438,0
219.38,655.40380859375,0
219.39,654.9572143554688,0
219.4,654.7775268554688,0
219.41,654.418212890625,0
219.42,654.418212890625,0
219.43,654.418212890625,0
219.44,654.418212890625,0
219.45,654.418212890625,0
219.46,654.0614624023438,0
219.47,654.418212890625,0
219.48,654.2411499023438,0
219.49,654.0614624023438,0
219.5,654.0614624023438,0
219.51,653.9716186523438,0
219.52,653.8818359375,0
219.53,653.8818359375,0
219.54,654.0614624023438,0
219.55,653.8818359375,0
219.56,653.7047729492188,0
219.57,653.0785522460938,0
219.58,653.0785522460938,0
219.59,653.0785522460938,0
219.6,653.0785522460938,0
219.61,652.2725830078125,0
219.62,652.0929565429688,0
219.63,652.003173828125,0
219.64,652.003173828125,0
219.65,651.9132690429688,0
219.66,652.003173828125,0
219.67,651.7362670898438,0
219.68,650.8404541015625,0
219.69,650.6608276367188,0
219.7,650.5736083984375,0
219.71,650.4838256835938,0
219.72,650.3040771484375,0
219.73,650.0346069335938,0
219.74,649.2313232421875,0
219.75,649.1414794921875,0
219.76,648.2484130859375,0
219.77,646.9959106445312,0
219.78,646.9959106445312,0
219.79,646.9959106445312,0
219.8,646.8162841796875,0
219.81,646.2798461914062,0
219.82,646.0130004882812,0
219.83,645.923095703125,0
219.84,646.0130004882812,0
219.85,645.3867797851562,0
219.86,645.3867797851562,0
219.87,645.3867797851562,0
219.88,645.20703125,0
219.89,644.670654296875,0
219.9,643.4182739257812,0
219.91,643.0615234375,0
219.92,643.0615234375,0
219.93,642.7946166992188,0
219.94,642.7946166992188,0
219.95,642.614990234375,0
219.96,642.3480834960938,0
219.97,641.0956420898438,0
219.98,641.0956420898438,0
219.99,640.9185791015625,0
220,640.7389526367188,0
220.01,640.0228271484375,0
220.02,639.5762939453125,0
220.03,639.5762939453125,0
220.04,639.5762939453125,0
220.05,639.3093872070312,0
220.06,639.1296997070312,0
220.07,638.7730712890625,0
220.08,637.7901000976562,0
220.09,637.7901000976562,0
220.1,637.7901000976562,0
220.11,636.98681640625,0
220.12,636.98681640625,0
220.13,636.62744140625,0
220.14,636.62744140625,0
220.15,636.62744140625,0
220.16,636.62744140625,0
220.17,636.360595703125,0
220.18,635.0209350585938,0
220.19,635.0209350585938,0
220.2,634.9310913085938,0
220.21,634.7540283203125,0
220.22,634.5744018554688,0
220.23,634.4844970703125,0
220.24,634.4844970703125,0
220.25,634.4844970703125,0
220.26,633.1448974609375,0
220.27,633.1448974609375,0
220.28,633.1448974609375,0
220.29,633.1448974609375,0
220.3,633.1448974609375,0
220.31,633.1448974609375,0
220.32,632.3416137695312,0
220.33,632.1646118164062,0
220.34,632.3416137695312,0
220.35,632.3416137695312,0
220.36,632.3416137695312,0
220.37,632.1646118164062,0
220.38,632.1646118164062,0
220.39,632.1646118164062,0
220.4,632.1646118164062,0
220.41,632.4314575195312,0
220.42,632.4314575195312,0
220.43,632.9678344726562,0
220.44,632.9678344726562,0
220.45,632.8780517578125,0
220.46,632.8780517578125,0
220.47,632.8780517578125,0
220.48,632.8780517578125,0
220.49,632.8780517578125,0
220.5,632.5213012695312,0
220.51,632.5213012695312,0
220.52,632.4314575195312,0
220.53,632.4314575195312,0
220.54,632.5213012695312,0
220.55,632.6085205078125,0
220.56,632.4314575195312,0
220.57,632.4314575195312,0
220.58,632.6085205078125,0
220.59,633.1448974609375,0
220.6,633.4144287109375,0
220.61,633.9481201171875,0
220.62,633.9481201171875,0
220.63,635.2005615234375,0
220.64,635.4674682617188,0
220.65,635.5573120117188,0
220.66,636.0038452148438,0
220.67,636.09375,0
220.68,636.270751953125,0
220.69,636.540283203125,0
220.7,636.540283203125,0
220.71,636.71728515625,0
220.72,636.71728515625,0
220.73,636.71728515625,0
220.74,636.71728515625,0
220.75,636.540283203125,0
220.76,635.734375,0
220.77,635.734375,0
220.78,635.734375,0
220.79,635.734375,0
220.8,635.377685546875,0
220.81,635.734375,0
220.82,635.0209350585938,0
220.83,634.6641845703125,0
220.84,634.6641845703125,0
220.85,633.8609619140625,0
220.86,633.8609619140625,0
220.87,633.8609619140625,0
220.88,633.0576782226562,0
220.89,633.0576782226562,0
220.9,633.0576782226562,0
220.91,633.0576782226562,0
220.92,632.6085205078125,0
220.93,632.6085205078125,0
220.94,632.5213012695312,0
220.95,632.3416137695312,0
220.96,632.3416137695312,0
220.97,632.3416137695312,0
220.98,631.7180786132812,0
220.99,630.3783569335938,0
221,629.6649780273438,0
221.01,629.6649780273438,0
221.02,629.6649780273438,0
221.03,629.4852905273438,0
221.04,629.4852905273438,0
221.05,629.4852905273438,0
221.06,629.1285400390625,0
221.07,629.4852905273438,0
221.08,629.752197265625,0
221.09,629.752197265625,0
221.1,629.1285400390625,0
221.11,628.7718505859375,0
221.12,628.7718505859375,0
221.13,628.7718505859375,0
221.14,628.4151000976562,0
221.15,628.4151000976562,0
221.16,628.4151000976562,0
221.17,627.7889404296875,0
221.18,627.7889404296875,0
221.19,628.4151000976562,0
221.2,627.7889404296875,0
221.21,627.7889404296875,0
221.22,628.4151000976562,0
221.23,628.4151000976562,0
221.24,628.4151000976562,0
221.25,628.6820068359375,0
221.26,628.6820068359375,0
221.27,628.6820068359375,0
221.28,627.3424072265625,0
221.29,625.9154663085938,0
221.3,625.82568359375,0
221.31,625.648681640625,0
221.32,625.2919311523438,0
221.33,625.2020263671875,0
221.34,624.3089599609375,0
221.35,624.3089599609375,0
221.36,624.3089599609375,0
221.37,623.5955200195312,0
221.38,624.3089599609375,0
221.39,624.3089599609375,0
221.4,624.8453979492188,0
221.41,624.3089599609375,0
221.42,624.8453979492188,0
221.43,624.8453979492188,0
221.44,624.0421142578125,0
221.45,624.0421142578125,0
221.46,624.0421142578125,0
221.47,623.9522094726562,0
221.48,623.9522094726562,0
221.49,623.9522094726562,0
221.5,623.9522094726562,0
221.51,623.9522094726562,0
221.52,623.7752075195312,0
221.53,623.7752075195312,0
221.54,623.7752075195312,0
221.55,623.7752075195312,0
221.56,623.7752075195312,0
221.57,623.7752075195312,0
221.58,623.7752075195312,0
221.59,623.7752075195312,0
221.6,623.7752075195312,0
221.61,623.7752075195312,0
221.62,624.2217407226562,0
221.63,624.7554931640625,0
221.64,624.7554931640625,0
221.65,624.7554931640625,0
221.66,624.7554931640625,0
221.67,624.7554931640625,0
221.68,624.3988037109375,0
221.69,624.3988037109375,0
221.7,623.5955200195312,0
221.71,623.0591430664062,0
221.72,623.0591430664062,0
221.73,621.9017944335938,0
221.74,621.9017944335938,0
221.75,621.0087280273438,0
221.76,621.0087280273438,0
221.77,620.6519775390625,0
221.78,620.2953491210938,0
221.79,619.9385986328125,0
221.8,620.2953491210938,0
221.81,619.9385986328125,0
221.82,620.2953491210938,0
221.83,619.4920043945312,0
221.84,619.40478515625,0
221.85,619.40478515625,0
221.86,618.958251953125,0
221.87,619.40478515625,0
221.88,619.40478515625,0
221.89,619.40478515625,0
221.9,619.8486938476562,0
221.91,618.69140625,0
221.92,619.2251586914062,0
221.93,619.2251586914062,0
221.94,618.69140625,0
221.95,619.2251586914062,0
221.96,618.69140625,0
221.97,618.958251953125,0
221.98,618.51171875,0
221.99,617.9779663085938,0
222,617.8881225585938,0
222.01,617.7084350585938,0
222.02,617.8881225585938,0
222.03,617.8881225585938,0
222.04,617.7982788085938,0
222.05,617.4415283203125,0
222.06,616.9976806640625,0
222.07,617.4415283203125,0
222.08,617.4415283203125,0
222.09,617.4415283203125,0
222.1,617.2645263671875,0
222.11,617.2645263671875,0
222.12,617.2645263671875,0
222.13,617.2645263671875,0
222.14,617.2645263671875,0
222.15,617.2645263671875,0
222.16,616.9976806640625,0
222.17,616.6409912109375,0
222.18,616.6409912109375,0
222.19,616.4612426757812,0
222.2,615.8377075195312,0
222.21,615.8377075195312,0
222.22,615.8377075195312,0
222.23,615.8377075195312,0
222.24,616.7281494140625,0
222.25,616.7281494140625,0
222.26,616.7281494140625,0
222.27,616.4612426757812,0
222.28,618.1549682617188,0
222.29,618.1549682617188,0
222.3,618.1549682617188,0
222.31,618.244873046875,0
222.32,618.1549682617188,0
222.33,617.4415283203125,0
222.34,617.2645263671875,0
222.35,617.2645263671875,0
222.36,617.2645263671875,0
222.37,617.2645263671875,0
222.38,616.7281494140625,0
222.39,616.7281494140625,0
222.4,616.3714599609375,0
222.41,616.3714599609375,0
222.42,616.3714599609375,0
222.43,616.3714599609375,0
222.44,616.3714599609375,0
222.45,616.3714599609375,0
222.46,616.1943969726562,0
222.47,616.1943969726562,0
222.48,616.1943969726562,0
222.49,615.2140502929688,0
222.5,615.2140502929688,0
222.51,615.2140502929688,0
222.52,615.57080078125,0
222.53,615.57080078125,0
222.54,616.1943969726562,0
222.55,616.1943969726562,0
222.56,616.1943969726562,0
222.57,616.4612426757812,0
222.58,616.4612426757812,0
222.59,616.7281494140625,0
222.6,616.7281494140625,0
222.61,616.4612426757812,0
222.62,616.4612426757812,0
222.63,616.4612426757812,0
222.64,616.1943969726562,0
222.65,616.4612426757812,0
222.66,615.3911743164062,0
222.67,615.2140502929688,0
222.68,614.7675170898438,0
222.69,614.7675170898438,0
222.7,614.7675170898438,0
222.71,614.7675170898438,0
222.72,614.7675170898438,0
222.73,614.7675170898438,0
222.74,614.3236083984375,0
222.75,614.2338256835938,0
222.76,614.2338256835938,0
222.77,614.2338256835938,0
222.78,613.6974487304688,0
222.79,613.6102294921875,0
222.8,613.6102294921875,0
222.81,613.0737915039062,0
222.82,612.7171020507812,0
222.83,612.7171020507812,0
222.84,612.2732543945312,0
222.85,611.8265991210938,0
222.86,611.1132202148438,0
222.87,610.3126220703125,0
222.88,610.0457153320312,0
222.89,609.9558715820312,0
222.9,608.5316772460938,0
222.91,608.3519897460938,0
222.92,608.3519897460938,0
222.93,607.9952392578125,0
222.94,607.5513916015625,0
222.95,606.6609497070312,0
222.96,606.39404296875,0
222.97,606.30419921875,0
222.98,605.857666015625,0
222.99,605.857666015625,0
223,603.9895629882812,0
223.01,603.9895629882812,0
223.02,603.6328125,0
223.03,603.453125,0
223.04,603.453125,0
223.05,602.6524658203125,0
223.06,602.6524658203125,0
223.07,602.2958374023438,0
223.08,601.7620239257812,0
223.09,601.4951782226562,0
223.1,601.407958984375,0
223.11,600.604736328125,0
223.12,599.4500732421875,0
223.13,599.4500732421875,0
223.14,599.1831665039062,0
223.15,599.1831665039062,0
223.16,598.7366333007812,0
223.17,598.7366333007812,0
223.18,597.8461303710938,0
223.19,597.8461303710938,0
223.2,597.3123779296875,0
223.21,597.3123779296875,0
223.22,597.3123779296875,0
223.23,597.3123779296875,0
223.24,597.5792236328125,0
223.25,597.6691284179688,0
223.26,597.5792236328125,0
223.27,597.6691284179688,0
223.28,597.5792236328125,0
223.29,597.5792236328125,0
223.3,597.6691284179688,0
223.31,597.5792236328125,0
223.32,597.5792236328125,0
223.33,597.6691284179688,0
223.34,597.6691284179688,0
223.35,597.6691284179688,0
223.36,597.6691284179688,0
223.37,598.2926635742188,0
223.38,598.2926635742188,0
223.39,598.4697265625,0
223.4,598.6467895507812,0
223.41,598.4697265625,0
223.42,598.2926635742188,0
223.43,598.2926635742188,0
223.44,598.6467895507812,0
223.45,598.6467895507812,0
223.46,598.6467895507812,0
223.47,598.9136352539062,0
223.48,599.0933227539062,0
223.49,600.2506103515625,0
223.5,600.2506103515625,0
223.51,600.2506103515625,0
223.52,600.2506103515625,0
223.53,600.2506103515625,0
223.54,600.2506103515625,0
223.55,600.2506103515625,0
223.56,600.2506103515625,0
223.57,600.2506103515625,0
223.58,600.2506103515625,0
223.59,600.1608276367188,0
223.6,600.1608276367188,0
223.61,600.0709838867188,0
223.62,600.0709838867188,0
223.63,600.0709838867188,0
223.64,599.2703247070312,0
223.65,599.2703247070312,0
223.66,598.5595703125,0
223.67,598.202880859375,0
223.68,598.0231323242188,0
223.69,597.9359741210938,0
223.7,597.9359741210938,0
223.71,597.75634765625,0
223.72,597.0455322265625,0
223.73,597.0455322265625,0
223.74,596.334716796875,0
223.75,596.06787109375,0
223.76,596.334716796875,0
223.77,596.334716796875,0
223.78,595.4442749023438,0
223.79,595.0875854492188,0
223.8,594.7334594726562,0
223.81,593.843017578125,0
223.82,593.666015625,0
223.83,594.7334594726562,0
223.84,593.4862670898438,0
223.85,592.7755126953125,0
223.86,592.5985107421875,0
223.87,591.7978515625,0
223.88,591.7080688476562,0
223.89,591.7080688476562,0
223.9,591.7080688476562,0
223.91,591.7978515625,0
223.92,591.7978515625,0
223.93,591.7080688476562,0
223.94,591.7978515625,0
223.95,592.3316040039062,0
223.96,592.3316040039062,0
223.97,592.4188232421875,0
223.98,592.4188232421875,0
223.99,592.4188232421875,0
224,592.3316040039062,0
224.01,592.3316040039062,0
224.02,592.4188232421875,0
224.03,592.4188232421875,0
224.04,592.3316040039062,0
224.05,592.4188232421875,0
224.06,592.4188232421875,0
224.07,592.4188232421875,0
224.08,592.7755126953125,0
224.09,592.8653564453125,0
224.1,592.7755126953125,0
224.11,592.8653564453125,0
224.12,593.9328002929688,0
224.13,593.9328002929688,0
224.14,593.9328002929688,0
224.15,593.9328002929688,0
224.16,594.2869262695312,0
224.17,594.7334594726562,0
224.18,594.7334594726562,0
224.19,594.7334594726562,0
224.2,594.7334594726562,0
224.21,594.2869262695312,0
224.22,594.2869262695312,0
224.23,594.0200805664062,0
224.24,593.753173828125,0
224.25,593.3092651367188,0
224.26,592.064697265625,0
224.27,591.9749145507812,0
224.28,590.8201904296875,0
224.29,590.3736572265625,0
224.3,590.1965942382812,0
224.31,588.8622436523438,0
224.32,587.9744262695312,0
224.33,587.6177368164062,0
224.34,587.2636108398438,0
224.35,587.1737670898438,0
224.36,586.3731689453125,0
224.37,585.218505859375,0
224.38,585.0414428710938,0
224.39,584.8644409179688,0
224.4,584.8644409179688,0
224.41,584.8644409179688,0
224.42,583.7969360351562,0
224.43,583.7070922851562,0
224.44,583.619873046875,0
224.45,582.7294311523438,0
224.46,582.5524291992188,0
224.47,582.1983032226562,0
224.48,582.1983032226562,0
224.49,582.0186767578125,0
224.5,581.7517700195312,0
224.51,581.7517700195312,0
224.52,581.7517700195312,0
224.53,581.130859375,0
224.54,580.8639526367188,0
224.55,580.8639526367188,0
224.56,580.8639526367188,0
224.57,581.130859375,0
224.58,581.130859375,0
224.59,582.1085205078125,0
224.6,582.1085205078125,0
224.61,582.3753051757812,0
224.62,582.996337890625,0
224.63,582.996337890625,0
224.64,583.0861206054688,0
224.65,583.440185546875,0
224.66,583.88671875,0
224.67,584.0637817382812,0
224.68,584.2408447265625,0
224.69,584.2408447265625,0
224.7,584.5975341796875,0
224.71,585.128662109375,0
224.72,586.3731689453125,0
224.73,586.3731689453125,0
224.74,586.7298583984375,0
224.75,586.7298583984375,0
224.76,586.7298583984375,0
224.77,586.9967651367188,0
224.78,586.9967651367188,0
224.79,587.083984375,0
224.8,587.083984375,0
224.81,587.083984375,0
224.82,587.530517578125,0
224.83,587.530517578125,0
224.84,586.906982421875,0
224.85,586.906982421875,0
224.86,586.906982421875,0
224.87,586.9967651367188,0
224.88,586.906982421875,0
224.89,586.906982421875,0
224.9,586.906982421875,0
224.91,586.906982421875,0
224.92,586.906982421875,0
224.93,586.5528564453125,0
224.94,586.5528564453125,0
224.95,586.5528564453125,0
224.96,586.4630126953125,0
224.97,586.0191040039062,0
224.98,586.0191040039062,0
224.99,585.3955078125,0
225,585.218505859375,0
225.01,583.17333984375,0
225.02,583.17333984375,0
225.03,582.8192749023438,0
225.04,582.6422119140625,0
225.05,582.6422119140625,0
225.06,581.66455078125,0
225.07,582.6422119140625,0
225.08,581.66455078125,0
225.09,581.66455078125,0
225.1,581.66455078125,0
225.11,581.307861328125,0
225.12,581.307861328125,0
225.13,581.307861328125,0
225.14,581.307861328125,0
225.15,580.6868896484375,0
225.16,580.6868896484375,0
225.17,579.7092895507812,0
225.18,579.0883178710938,0
225.19,579.0883178710938,0
225.2,578.9984130859375,0
225.21,578.9112548828125,0
225.22,578.9112548828125,0
225.23,578.4674072265625,0
225.24,578.4674072265625,0
225.25,578.3775024414062,0
225.26,577.3998413085938,0
225.27,577.3998413085938,0
225.28,577.3126831054688,0
225.29,576.7789306640625,0
225.3,576.0681762695312,0
225.31,575.7140502929688,0
225.32,575.534423828125,0
225.33,575.534423828125,0
225.34,575.1802978515625,0
225.35,574.5593872070312,0
225.36,574.5593872070312,0
225.37,574.469482421875,0
225.38,574.3823852539062,0
225.39,574.29248046875,0
225.4,574.29248046875,0
225.41,573.4047241210938,0
225.42,573.4047241210938,0
225.43,573.4047241210938,0
225.44,573.4047241210938,0
225.45,573.4047241210938,0
225.46,573.4047241210938,0
225.47,573.0505981445312,0
225.48,572.9608154296875,0
225.49,573.4047241210938,0
225.5,573.8485717773438,0
225.51,572.9608154296875,0
225.52,573.8485717773438,0
225.53,573.8485717773438,0
225.54,572.9608154296875,0
225.55,572.9608154296875,0
225.56,573.4945068359375,0
225.57,573.4945068359375,0
225.58,573.2276611328125,0
225.59,572.8735961914062,0
225.6,572.8735961914062,0
225.61,572.8735961914062,0
225.62,572.8735961914062,0
225.63,572.8735961914062,0
225.64,572.8735961914062,0
225.65,572.8735961914062,0
225.66,572.3397827148438,0
225.67,572.3397827148438,0
225.68,572.3397827148438,0
225.69,572.1627807617188,0
225.7,572.1627807617188,0
225.71,571.6290283203125,0
225.72,571.097900390625,0
225.73,571.097900390625,0
225.74,571.097900390625,0
225.75,571.097900390625,0
225.76,571.6290283203125,0
225.77,571.6290283203125,0
225.78,571.6290283203125,0
225.79,571.6290283203125,0
225.8,572.0729370117188,0
225.81,572.0729370117188,0
225.82,569.412109375,0
225.83,569.145263671875,0
225.84,568.7012939453125,0
225.85,568.7012939453125,0
225.86,568.7012939453125,0
225.87,568.7012939453125,0
225.88,568.7012939453125,0
225.89,568.7012939453125,0
225.9,569.145263671875,0
225.91,569.6763305664062,0
225.92,569.9432373046875,0
225.93,569.9432373046875,0
225.94,569.9432373046875,0
225.95,569.6763305664062,0
225.96,570.564208984375,0
225.97,570.564208984375,0
225.98,571.097900390625,0
225.99,571.097900390625,0
226,571.097900390625,0
226.01,570.7412109375,0
226.02,570.7412109375,0
226.03,570.7412109375,0
226.04,570.7412109375,0
226.05,570.7412109375,0
226.06,570.7412109375,0
226.07,570.7412109375,0
226.08,569.8534545898438,0
226.09,569.3223266601562,0
226.1,569.3223266601562,0
226.11,569.3223266601562,0
226.12,569.3223266601562,0
226.13,569.3223266601562,0
226.14,569.055419921875,0
226.15,569.3223266601562,0
226.16,569.055419921875,0
226.17,569.3223266601562,0
226.18,569.055419921875,0
226.19,568.9682006835938,0
226.2,568.9682006835938,0
226.21,568.3446655273438,0
226.22,568.9682006835938,0
226.23,568.9682006835938,0
226.24,567.2824096679688,0
226.25,567.2824096679688,0
226.26,567.2824096679688,0
226.27,567.2824096679688,0
226.28,567.2824096679688,0
226.29,567.2824096679688,0
226.3,567.36962890625,0
226.31,567.2824096679688,0
226.32,566.5715942382812,0
226.33,567.36962890625,0
226.34,567.36962890625,0
226.35,568.4345092773438,0
226.36,568.4345092773438,0
226.37,568.7012939453125,0
226.38,568.7012939453125,0
226.39,569.412109375,0
226.4,569.412109375,0
226.41,569.412109375,0
226.42,567.1054077148438,0
226.43,568.2574462890625,0
226.44,567.1054077148438,0
226.45,567.1054077148438,0
226.46,566.9257202148438,0
226.47,566.2175903320312,0
226.48,566.2175903320312,0
226.49,565.86083984375,0
226.5,565.86083984375,0
226.51,566.1277465820312,0
226.52,566.1277465820312,0
226.53,565.86083984375,0
226.54,565.86083984375,0
226.55,565.773681640625,0
226.56,565.773681640625,0
226.57,565.0629272460938,0
226.58,564.7986450195312,0
226.59,564.44189453125,0
226.6,564.354736328125,0
226.61,563.998046875,0
226.62,563.998046875,0
226.63,563.998046875,0
226.64,563.998046875,0
226.65,563.998046875,0
226.66,563.998046875,0
226.67,563.998046875,0
226.68,564.087890625,0
226.69,564.8858032226562,0
226.7,564.9757080078125,0
226.71,564.9757080078125,0
226.72,565.0629272460938,0
226.73,565.0629272460938,0
226.74,565.0629272460938,0
226.75,564.9757080078125,0
226.76,564.7088012695312,0
226.77,564.7088012695312,0
226.78,564.6189575195312,0
226.79,564.354736328125,0
226.8,564.354736328125,0
226.81,563.998046875,0
226.82,563.998046875,0
226.83,564.354736328125,0
226.84,564.5317993164062,0
226.85,564.5317993164062,0
226.86,564.354736328125,0
226.87,562.9358520507812,0
226.88,562.9358520507812,0
226.89,562.3148803710938,0
226.9,562.3148803710938,0
226.91,562.7587280273438,0
226.92,561.9608154296875,0
226.93,561.8709716796875,0
226.94,561.516845703125,0
226.95,561.516845703125,0
226.96,561.516845703125,0
226.97,561.0729370117188,0
226.98,561.0729370117188,0
226.99,561.0729370117188,0
227,561.0729370117188,0
227.01,561.4270629882812,0
227.02,561.516845703125,0
227.03,561.9608154296875,0
227.04,561.9608154296875,0
227.05,562.2249755859375,0
227.06,562.3148803710938,0
227.07,562.8460083007812,0
227.08,562.8460083007812,0
227.09,562.3148803710938,0
227.1,562.3148803710938,0
227.11,562.2249755859375,0
227.12,561.33984375,0
227.13,560.6290283203125,0
227.14,560.6290283203125,0
227.15,560.4520263671875,0
227.16,560.4520263671875,0
227.17,560.2750244140625,0
227.18,560.0081176757812,0
227.19,559.9208984375,0
227.2,559.9208984375,0
227.21,559.9208984375,0
227.22,559.8310546875,0
227.23,559.56689453125,0
227.24,559.56689453125,0
227.25,559.56689453125,0
227.26,559.4769897460938,0
227.27,559.3871459960938,0
227.28,559.3871459960938,0
227.29,559.3871459960938,0
227.3,558.412109375,0
227.31,557.4371337890625,0
227.32,557.0830688476562,0
227.33,557.0830688476562,0
227.34,557.0830688476562,0
227.35,557.0830688476562,0
227.36,556.81884765625,0
227.37,556.81884765625,0
227.38,556.6417846679688,0
227.39,556.6417846679688,0
227.4,556.6417846679688,0
227.41,556.6417846679688,0
227.42,556.6417846679688,0
227.43,556.462158203125,0
227.44,556.0208129882812,0
227.45,556.462158203125,0
227.46,556.462158203125,0
227.47,556.462158203125,0
227.48,555.222900390625,0
227.49,555.222900390625,0
227.5,555.222900390625,0
227.51,555.222900390625,0
227.52,555.222900390625,0
227.53,555.222900390625,0
227.54,555.0458984375,0
227.55,555.0458984375,0
227.56,555.0458984375,0
227.57,555.0458984375,0
227.58,554.7789916992188,0
227.59,554.6019287109375,0
227.6,554.4248657226562,0
227.61,554.4248657226562,0
227.62,554.2478637695312,0
227.63,553.7167358398438,0
227.64,553.7167358398438,0
227.65,553.7167358398438,0
227.66,553.0059814453125,0
227.67,552.564697265625,0
227.68,553.0059814453125,0
227.69,553.0059814453125,0
227.7,551.9437866210938,0
227.71,551.8565673828125,0
227.72,551.50244140625,0
227.73,551.50244140625,0
227.74,551.50244140625,0
227.75,550.96875,0
227.76,550.96875,0
227.77,550.7916870117188,0
227.78,550.0835571289062,0
227.79,550.0835571289062,0
227.8,550.0835571289062,0
227.81,550.0835571289062,0
227.82,550.0835571289062,0
227.83,548.490234375,0
227.84,548.313232421875,0
227.85,548.223388671875,0
227.86,548.0463256835938,0
227.87,548.0463256835938,0
227.88,549.1983642578125,0
227.89,548.0463256835938,0
227.9,547.7821044921875,0
227.91,547.7821044921875,0
227.92,548.0463256835938,0
227.93,548.0463256835938,0
227.94,548.1361694335938,0
227.95,548.1361694335938,0
227.96,547.427978515625,0
227.97,547.2509765625,0
227.98,547.073974609375,0
227.99,547.073974609375,0
228,546.1887817382812,0
228.01,545.7449340820312,0
228.02,545.7449340820312,0
228.03,545.5678100585938,0
228.04,545.3908081054688,0
228.05,545.2138061523438,0
228.06,544.3285522460938,0
228.07,544.3285522460938,0
228.08,544.1515502929688,0
228.09,543.9745483398438,0
228.1,543.9745483398438,0
228.11,543.7974853515625,0
228.12,543.7076416015625,0
228.13,543.266357421875,0
228.14,543.176513671875,0
228.15,543.266357421875,0
228.16,543.176513671875,0
228.17,543.176513671875,0
228.18,543.08935546875,0
228.19,543.08935546875,0
228.2,543.08935546875,0
228.21,543.3536376953125,0
228.22,543.4434204101562,0
228.23,543.4434204101562,0
228.24,543.4434204101562,0
228.25,543.4434204101562,0
228.26,543.4434204101562,0
228.27,543.4434204101562,0
228.28,542.3812255859375,0
228.29,542.3812255859375,0
228.3,541.9373168945312,0
228.31,541.9373168945312,0
228.32,541.673095703125,0
228.33,541.673095703125,0
228.34,541.3189697265625,0
228.35,541.4061889648438,0
228.36,542.2913818359375,0
228.37,541.4061889648438,0
228.38,541.2318115234375,0
228.39,540.787841796875,0
228.4,540.2568359375,0
228.41,540.787841796875,0
228.42,540.0797119140625,0
228.43,539.6384887695312,0
228.44,539.6384887695312,0
228.45,539.6384887695312,0
228.46,539.6384887695312,0
228.47,539.46142578125,0
228.48,539.7257080078125,0
228.49,539.7257080078125,0
228.5,539.46142578125,0
228.51,539.46142578125,0
228.52,539.7257080078125,0
228.53,540.3466186523438,0
228.54,539.46142578125,0
228.55,539.46142578125,0
228.56,539.46142578125,0
228.57,539.46142578125,0
228.58,539.9027099609375,0
228.59,539.9027099609375,0
228.6,540.1695556640625,0
228.61,540.1695556640625,0
228.62,539.9027099609375,0
228.63,540.1695556640625,0
228.64,540.1695556640625,0
228.65,540.433837890625,0
228.66,540.2568359375,0
228.67,540.2568359375,0
228.68,540.2568359375,0
228.69,540.2568359375,0
228.7,540.2568359375,0
228.71,540.5236206054688,0
228.72,540.5236206054688,0
228.73,540.5236206054688,0
228.74,540.2568359375,0
228.75,539.7257080078125,0
228.76,539.7257080078125,0
228.77,539.7257080078125,0
228.78,537.6038818359375,0
228.79,537.6038818359375,0
228.8,537.6038818359375,0
228.81,537.6038818359375,0
228.82,537.6038818359375,0
228.83,537.6910400390625,0
228.84,538.5762939453125,0
228.85,538.5762939453125,0
228.86,538.5762939453125,0
228.87,538.5762939453125,0
228.88,538.5762939453125,0
228.89,538.5762939453125,0
228.9,538.5762939453125,0
228.91,537.4268798828125,0
228.92,537.4268798828125,0
228.93,537.1600341796875,0
228.94,537.1600341796875,0
228.95,537.1600341796875,0
228.96,537.1600341796875,0
228.97,537.6910400390625,0
228.98,537.6910400390625,0
228.99,537.1600341796875,0
229,537.6910400390625,0
229.01,537.6910400390625,0
229.02,537.9579467773438,0
229.03,537.6910400390625,0
229.04,537.6910400390625,0
229.05,537.9579467773438,0
229.06,537.9579467773438,0
229.07,537.9579467773438,0
229.08,538.8405151367188,0
229.09,537.9579467773438,0
229.1,538.8405151367188,0
229.11,538.045166015625,0
229.12,538.8405151367188,0
229.13,538.8405151367188,0
229.14,538.8405151367188,0
229.15,538.8405151367188,0
229.16,538.045166015625,0
229.17,537.6038818359375,0
229.18,537.6038818359375,0
229.19,537.5140380859375,0
229.2,537.4268798828125,0
229.21,535.9234008789062,0
229.22,534.8611450195312,0
229.23,534.8611450195312,0
229.24,534.7713623046875,0
229.25,534.1530151367188,0
229.26,534.1530151367188,0
229.27,534.1530151367188,0
229.28,534.1530151367188,0
229.29,534.1530151367188,0
229.3,534.0658569335938,0
229.31,534.0658569335938,0
229.32,533.8887329101562,0
229.33,533.2705078125,0
229.34,533.2705078125,0
229.35,532.3853149414062,0
229.36,531.94140625,0
229.37,530.5277709960938,0
229.38,530.3507080078125,0
229.39,530.3507080078125,0
229.4,530.3507080078125,0
229.41,529.2012939453125,0
229.42,529.3782958984375,0
229.43,529.0242919921875,0
229.44,529.0242919921875,0
229.45,528.9370727539062,0
229.46,528.9370727539062,0
229.47,528.9370727539062,0
229.48,528.849853515625,0
229.49,528.849853515625,0
229.5,528.849853515625,0
229.51,528.6728515625,0
229.52,528.5830078125,0
229.53,528.5830078125,0
229.54,528.5830078125,0
229.55,527.9647216796875,0
229.56,527.9647216796875,0
229.57,527.43359375,0
229.58,527.256591796875,0
229.59,527.256591796875,0
229.6,527.346435546875,0
229.61,527.256591796875,0
229.62,526.9051513671875,0
229.63,526.9051513671875,0
229.64,526.8153076171875,0
229.65,526.5510864257812,0
229.66,526.4638671875,0
229.67,526.4638671875,0
229.68,526.4638671875,0
229.69,526.197021484375,0
229.7,526.4638671875,0
229.71,526.4638671875,0
229.72,526.4638671875,0
229.73,526.197021484375,0
229.74,525.9327392578125,0
229.75,525.9327392578125,0
229.76,525.4016723632812,0
229.77,525.314453125,0
229.78,525.314453125,0
229.79,524.8705444335938,0
229.8,524.4293212890625,0
229.81,524.3421020507812,0
229.82,523.9008178710938,0
229.83,521.868896484375,0
229.84,520.6322631835938,0
229.85,520.1011352539062,0
229.86,520.6322631835938,0
229.87,520.1011352539062,0
229.88,520.1011352539062,0
229.89,520.1011352539062,0
229.9,520.1011352539062,0
229.91,520.719482421875,0
229.92,520.719482421875,0
229.93,520.719482421875,0
229.94,520.719482421875,0
229.95,520.5424194335938,0
229.96,520.719482421875,0
229.97,520.809326171875,0
229.98,520.809326171875,0
229.99,520.5424194335938,0
230,520.5424194335938,0
230.01,520.719482421875,0
230.02,520.719482421875,0
230.03,520.719482421875,0
230.04,520.719482421875,0
230.05,520.0139770507812,0
230.06,518.77734375,0
230.07,518.77734375,0
230.08,518.77734375,0
230.09,518.5131225585938,0
230.1,517.7177734375,0
230.11,517.7177734375,0
230.12,517.7177734375,0
230.13,518.5131225585938,0
230.14,518.8645629882812,0
230.15,518.8645629882812,0
230.16,518.5131225585938,0
230.17,518.8645629882812,0
230.18,520.2781982421875,0
230.19,520.2781982421875,0
230.2,520.2781982421875,0
230.21,520.2781982421875,0
230.22,520.2781982421875,0
230.23,520.0139770507812,0
230.24,520.0139770507812,0
230.25,520.0139770507812,0
230.26,520.0139770507812,0
230.27,519.8369140625,0
230.28,519.8369140625,0
230.29,516.2169799804688,0
230.3,516.1297607421875,0
230.31,515.511474609375,0
230.32,515.511474609375,0
230.33,515.511474609375,0
230.34,515.511474609375,0
230.35,515.1574096679688,0
230.36,514.9803466796875,0
230.37,514.9803466796875,0
230.38,514.7161254882812,0
230.39,514.62890625,0
230.4,514.62890625,0
230.41,514.62890625,0
230.42,514.62890625,0
230.43,514.62890625,0
230.44,514.62890625,0
230.45,514.1876220703125,0
230.46,514.62890625,0
230.47,515.3344116210938,0
230.48,515.3344116210938,0
230.49,515.3344116210938,0
230.5,514.8033447265625,0
230.51,514.8033447265625,0
230.52,515.421630859375,0
230.53,515.511474609375,0
230.54,515.511474609375,0
230.55,516.1297607421875,0
230.56,516.3041381835938,0
230.57,516.3041381835938,0
230.58,515.511474609375,0
230.59,516.3041381835938,0
230.6,516.3041381835938,0
230.61,515.511474609375,0
230.62,514.7161254882812,0
230.63,516.3041381835938,0
230.64,514.7161254882812,0
230.65,514.7161254882812,0
230.66,513.6565551757812,0
230.67,513.6565551757812,0
230.68,513.6565551757812,0
230.69,513.6565551757812,0
230.7,513.4794921875,0
230.71,513.4794921875,0
230.72,512.422607421875,0
230.73,513.4794921875,0
230.74,512.509765625,0
230.75,512.509765625,0
230.76,512.509765625,0
230.77,512.509765625,0
230.78,512.509765625,0
230.79,512.509765625,0
230.8,512.509765625,0
230.81,512.509765625,0
230.82,512.509765625,0
230.83,512.509765625,0
230.84,512.509765625,0
230.85,512.509765625,0
230.86,512.0684814453125,0
230.87,511.4501953125,0
230.88,508.00994873046875,0
230.89,507.9227294921875,0
230.9,507.9227294921875,0
230.91,507.4814453125,0
230.92,507.4814453125,0
230.93,507.74566650390625,0
230.94,507.74566650390625,0
230.95,507.74566650390625,0
230.96,507.4814453125,0
230.97,507.74566650390625,0
230.98,507.74566650390625,0
230.99,507.12738037109375,0
231,507.74566650390625,0
231.01,507.12738037109375,0
231.02,507.0401611328125,0
231.03,506.9503173828125,0
231.04,505.89337158203125,0
231.05,505.62921142578125,0
231.06,505.62921142578125,0
231.07,505.4521484375,0
231.08,505.62921142578125,0
231.09,505.4521484375,0
231.1,505.4521484375,0
231.11,505.62921142578125,0
231.12,505.4521484375,0
231.13,504.74664306640625,0
231.14,503.9539794921875,0
231.15,503.9539794921875,0
231.16,504.74664306640625,0
231.17,504.74664306640625,0
231.18,504.74664306640625,0
231.19,504.83380126953125,0
231.2,504.83380126953125,0
231.21,505.62921142578125,0
231.22,505.62921142578125,0
231.23,505.62921142578125,0
231.24,505.62921142578125,0
231.25,505.62921142578125,0
231.26,505.62921142578125,0
231.27,505.71636962890625,0
231.28,505.71636962890625,0
231.29,505.62921142578125,0
231.3,504.0411376953125,0
231.31,503.8641357421875,0
231.32,503.8641357421875,0
231.33,501.2191162109375,0
231.34,501.2191162109375,0
231.35,501.2191162109375,0
231.36,500.780517578125,0
231.37,499.810791015625,0
231.38,499.810791015625,0
231.39,501.2191162109375,0
231.4,499.810791015625,0
231.41,499.810791015625,0
231.42,501.2191162109375,0
231.43,501.2191162109375,0
231.44,500.07501220703125,0
231.45,500.07501220703125,0
231.46,501.04473876953125,0
231.47,500.07501220703125,0
231.48,499.98516845703125,0
231.49,499.98516845703125,0
231.5,499.98516845703125,0
231.51,499.01544189453125,0
231.52,499.01544189453125,0
231.53,498.3997802734375,0
231.54,498.3997802734375,0
231.55,498.3997802734375,0
231.56,498.13555908203125,0
231.57,498.13555908203125,0
231.58,498.13555908203125,0
231.59,496.72454833984375,0
231.6,496.72454833984375,0
231.61,496.63739013671875,0
231.62,496.72454833984375,0
231.63,498.48699951171875,0
231.64,496.72454833984375,0
231.65,496.72454833984375,0
231.66,496.901611328125,0
231.67,496.37310791015625,0
231.68,496.10888671875,0
231.69,496.02166748046875,0
231.7,496.02166748046875,0
231.71,495.931884765625,0
231.72,495.931884765625,0
231.73,495.84466552734375,0
231.74,495.84466552734375,0
231.75,495.84466552734375,0
231.76,495.931884765625,0
231.77,495.22637939453125,0
231.78,495.22637939453125,0
231.79,495.22637939453125,0
231.8,495.22637939453125,0
231.81,495.22637939453125,0
231.82,495.22637939453125,0
231.83,495.931884765625,0
231.84,495.4034423828125,0
231.85,495.4034423828125,0
231.86,495.84466552734375,0
231.87,495.931884765625,0
231.88,496.72454833984375,0
231.89,496.72454833984375,0
231.9,496.72454833984375,0
231.91,496.72454833984375,0
231.92,496.72454833984375,0
231.93,496.81439208984375,0
231.94,496.81439208984375,0
231.95,496.72454833984375,0
231.96,496.72454833984375,0
231.97,496.72454833984375,0
231.98,496.28594970703125,0
231.99,496.28594970703125,0
232,496.19610595703125,0
232.01,495.4906005859375,0
232.02,495.22637939453125,0
232.03,495.22637939453125,0
232.04,495.22637939453125,0
232.05,494.34649658203125,0
232.06,494.34649658203125,0
232.07,494.34649658203125,0
232.08,494.25927734375,0
232.09,494.25927734375,0
232.1,494.25927734375,0
232.11,494.25927734375,0
232.12,494.25927734375,0
232.13,494.25927734375,0
232.14,494.25927734375,0
232.15,493.90521240234375,0
232.16,493.02532958984375,0
232.17,493.02532958984375,0
232.18,493.02532958984375,0
232.19,493.02532958984375,0
232.2,493.02532958984375,0
232.21,493.02532958984375,0
232.22,493.02532958984375,0
232.23,493.02532958984375,0
232.24,493.02532958984375,0
232.25,493.02532958984375,0
232.26,493.02532958984375,0
232.27,492.23260498046875,0
232.28,492.23260498046875,0
232.29,492.05560302734375,0
232.3,492.05560302734375,0
232.31,491.79132080078125,0
232.32,491.35272216796875,0
232.33,491.35272216796875,0
232.34,490.91143798828125,0
232.35,490.91143798828125,0
232.36,490.91143798828125,0
232.37,490.82427978515625,0
232.38,489.59027099609375,0
232.39,489.59027099609375,0
232.4,489.41326904296875,0
232.41,489.41326904296875,0
232.42,488.797607421875,0
232.43,488.797607421875,0
232.44,488.3590087890625,0
232.45,488.3590087890625,0
232.46,488.3590087890625,0
232.47,488.3590087890625,0
232.48,488.26910400390625,0
232.49,488.3590087890625,0
232.5,488.00494384765625,0
232.51,487.74066162109375,0
232.52,487.38922119140625,0
232.53,487.125,0
232.54,487.125,0
232.55,486.7735595703125,0
232.56,486.7735595703125,0
232.57,486.5965576171875,0
232.58,486.15789794921875,0
232.59,485.7166748046875,0
232.6,485.62945556640625,0
232.61,485.27801513671875,0
232.62,485.27801513671875,0
232.63,485.10101318359375,0
232.64,485.10101318359375,0
232.65,485.10101318359375,0
232.66,485.27801513671875,0
232.67,485.62945556640625,0
232.68,485.62945556640625,0
232.69,485.7166748046875,0
232.7,485.7166748046875,0
232.71,486.06805419921875,0
232.72,486.06805419921875,0
232.73,485.7166748046875,0
232.74,485.7166748046875,0
232.75,486.33233642578125,0
232.76,485.54229736328125,0
232.77,485.54229736328125,0
232.78,484.662353515625,0
232.79,484.662353515625,0
232.8,484.3955078125,0
232.81,484.22113037109375,0
232.82,484.22113037109375,0
232.83,484.22113037109375,0
232.84,483.95684814453125,0
232.85,483.77984619140625,0
232.86,483.77984619140625,0
232.87,483.60546875,0
232.88,483.60546875,0
232.89,483.77984619140625,0
232.9,483.77984619140625,0
232.91,483.77984619140625,0
232.92,483.77984619140625,0
232.93,484.74957275390625,0
232.94,484.8367919921875,0
232.95,484.8367919921875,0
232.96,484.8367919921875,0
232.97,484.8367919921875,0
232.98,484.9239501953125,0
232.99,484.9239501953125,0
233,485.10101318359375,0
233.01,484.9239501953125,0
233.02,484.572509765625,0
233.03,483.515625,0
233.04,483.515625,0
233.05,482.37152099609375,0
233.06,482.37152099609375,0
233.07,482.02008056640625,0
233.08,481.84564208984375,0
233.09,481.4044189453125,0
233.1,481.31719970703125,0
233.11,479.20599365234375,0
233.12,479.20599365234375,0
233.13,479.20599365234375,0
233.14,479.0289306640625,0
233.15,479.0289306640625,0
233.16,478.9417724609375,0
233.17,478.1517333984375,0
233.18,477.62322998046875,0
233.19,477.3590087890625,0
233.2,476.39190673828125,0
233.21,476.30206298828125,0
233.22,476.21484375,0
233.23,475.95068359375,0
233.24,475.95068359375,0
233.25,475.0733642578125,0
233.26,474.0164794921875,0
233.27,474.0164794921875,0
233.28,474.0164794921875,0
233.29,474.0164794921875,0
233.3,473.92926025390625,0
233.31,473.92926025390625,0
233.32,473.2264404296875,0
233.33,472.962158203125,0
233.34,472.962158203125,0
233.35,473.04937744140625,0
233.36,472.875,0
233.37,472.78778076171875,0
233.38,472.78778076171875,0
233.39,472.875,0
233.4,472.875,0
233.41,473.04937744140625,0
233.42,473.04937744140625,0
233.43,473.04937744140625,0
233.44,474.45770263671875,0
233.45,474.45770263671875,0
233.46,474.80914306640625,0
233.47,475.5992431640625,0
233.48,475.5992431640625,0
233.49,475.7762451171875,0
233.5,475.7762451171875,0
233.51,475.95068359375,0
233.52,476.30206298828125,0
233.53,476.30206298828125,0
233.54,476.4791259765625,0
233.55,476.74334716796875,0
233.56,477.09478759765625,0
233.57,477.09478759765625,0
233.58,477.3590087890625,0
233.59,477.53338623046875,0
233.6,477.71044921875,0
233.61,477.71044921875,0
233.62,477.44622802734375,0
233.63,477.44622802734375,0
233.64,477.44622802734375,0
233.65,477.44622802734375,0
233.66,477.44622802734375,0
233.67,477.09478759765625,0
233.68,475.6890869140625,0
233.69,475.5992431640625,0
233.7,475.5992431640625,0
233.71,475.5992431640625,0
233.72,475.16058349609375,0
233.73,475.5992431640625,0
233.74,475.51202392578125,0
233.75,474.98358154296875,0
233.76,474.98358154296875,0
233.77,474.19354248046875,0
233.78,473.57781982421875,0
233.79,472.6107177734375,0
233.8,472.4337158203125,0
233.81,471.73089599609375,0
233.82,471.73089599609375,0
233.83,471.6436767578125,0
233.84,471.6436767578125,0
233.85,471.46661376953125,0
233.86,471.46661376953125,0
233.87,471.02801513671875,0
233.88,471.02801513671875,0
233.89,471.02801513671875,0
233.9,471.46661376953125,0
233.91,471.02801513671875,0
233.92,471.46661376953125,0
233.93,471.02801513671875,0
233.94,471.02801513671875,0
233.95,470.58935546875,0
233.96,470.502197265625,0
233.97,470.502197265625,0
233.98,470.1507568359375,0
233.99,470.1507568359375,0
234,470.502197265625,0
234.01,470.502197265625,0
234.02,470.7637939453125,0
234.03,471.11785888671875,0
234.04,471.11785888671875,0
234.05,471.90789794921875,0
234.06,471.90789794921875,0
234.07,474.367919921875,0
234.08,472.34649658203125,0
234.09,472.34649658203125,0
234.1,472.34649658203125,0
234.11,471.11785888671875,0
234.12,470.67657470703125,0
234.13,470.67657470703125,0
234.14,469.9737548828125,0
234.15,469.53509521484375,0
234.16,468.91943359375,0
234.17,468.5679931640625,0
234.18,468.39093017578125,0
234.19,468.03955078125,0
234.2,467.16229248046875,0
234.21,465.93096923828125,0
234.22,465.14093017578125,0
234.23,464.966552734375,0
234.24,463.9122314453125,0
234.25,463.73516845703125,0
234.26,463.20941162109375,0
234.27,462.94512939453125,0
234.28,462.41937255859375,0
234.29,461.980712890625,0
234.3,461.5394287109375,0
234.31,461.5394287109375,0
234.32,461.5394287109375,0
234.33,460.9263916015625,0
234.34,460.9263916015625,0
234.35,461.100830078125,0
234.36,461.100830078125,0
234.37,461.890869140625,0
234.38,461.980712890625,0
234.39,461.980712890625,0
234.4,462.50653076171875,0
234.41,462.94512939453125,0
234.42,462.94512939453125,0
234.43,463.47357177734375,0
234.44,463.9122314453125,0
234.45,463.560791015625,0
234.46,463.9122314453125,0
234.47,464.08660888671875,0
234.48,464.7022705078125,0
234.49,464.78948974609375,0
234.5,465.0537109375,0
234.51,465.22808837890625,0
234.52,465.22808837890625,0
234.53,466.1951904296875,0
234.54,466.8980712890625,0
234.55,467.60089111328125,0
234.56,468.03955078125,0
234.57,468.03955078125,0
234.58,468.03955078125,0
234.59,468.03955078125,0
234.6,467.60089111328125,0
234.61,465.93096923828125,0
234.62,465.3179931640625,0
234.63,465.3179931640625,0
234.64,464.966552734375,0
234.65,464.966552734375,0
234.66,464.966552734375,0
234.67,464.966552734375,0
234.68,464.263671875,0
234.69,464.263671875,0
234.7,464.263671875,0
234.71,463.73516845703125,0
234.72,462.85797119140625,0
234.73,462.770751953125,0
234.74,462.2423095703125,0
234.75,461.71649169921875,0
234.76,461.71649169921875,0
234.77,461.6292724609375,0
234.78,460.9263916015625,0
234.79,460.9263916015625,0
234.8,460.66217041015625,0
234.81,460.310791015625,0
234.82,459.3463134765625,0
234.83,459.2564697265625,0
234.84,459.16925048828125,0
234.85,459.16925048828125,0
234.86,459.08209228515625,0
234.87,458.73065185546875,0
234.88,458.73065185546875,0
234.89,458.73065185546875,0
234.9,458.6434326171875,0
234.91,458.73065185546875,0
234.92,458.73065185546875,0
234.93,459.08209228515625,0
234.94,459.16925048828125,0
234.95,459.16925048828125,0
234.96,459.16925048828125,0
234.97,459.08209228515625,0
234.98,459.08209228515625,0
234.99,459.08209228515625,0
235,459.08209228515625,0
235.01,459.60791015625,0
235.02,459.60791015625,0
235.03,459.60791015625,0
235.04,459.784912109375,0
235.05,459.87213134765625,0
235.06,460.574951171875,0
235.07,460.574951171875,0
235.08,460.574951171875,0
235.09,460.574951171875,0
235.1,460.574951171875,0
235.11,460.574951171875,0
235.12,460.574951171875,0
235.13,460.574951171875,0
235.14,460.574951171875,0
235.15,460.48779296875,0
235.16,460.574951171875,0
235.17,460.48779296875,0
235.18,459.9593505859375,0
235.19,460.48779296875,0
235.2,459.9593505859375,0
235.21,459.9593505859375,0
235.22,459.9593505859375,0
235.23,459.9593505859375,0
235.24,459.9593505859375,0
235.25,459.9593505859375,0
235.26,459.9593505859375,0
235.27,460.1363525390625,0
235.28,459.784912109375,0
235.29,459.784912109375,0
235.3,459.784912109375,0
235.31,458.905029296875,0
235.32,458.6434326171875,0
235.33,458.4664306640625,0
235.34,457.501953125,0
235.35,457.32757568359375,0
235.36,457.15057373046875,0
235.37,456.62469482421875,0
235.38,455.921875,0
235.39,455.65765380859375,0
235.4,454.95745849609375,0
235.41,454.95745849609375,0
235.42,454.95745849609375,0
235.43,453.113037109375,0
235.44,453.02587890625,0
235.45,452.85150146484375,0
235.46,451.79718017578125,0
235.47,451.2713623046875,0
235.48,451.1842041015625,0
235.49,450.74554443359375,0
235.5,450.30694580078125,0
235.51,450.30694580078125,0
235.52,449.60406494140625,0
235.53,449.60406494140625,0
235.54,449.60406494140625,0
235.55,449.34246826171875,0
235.56,449.34246826171875,0
235.57,448.46527099609375,0
235.58,448.46527099609375,0
235.59,448.46527099609375,0
235.6,448.46527099609375,0
235.61,447.6751708984375,0
235.62,447.5880126953125,0
235.63,447.5880126953125,0
235.64,447.32373046875,0
235.65,447.236572265625,0
235.66,447.06219482421875,0
235.67,446.9749755859375,0
235.68,446.9749755859375,0
235.69,446.79791259765625,0
235.7,445.83349609375,0
235.71,445.65911865234375,0
235.72,445.65911865234375,0
235.73,445.39483642578125,0
235.74,445.65911865234375,0
235.75,445.220458984375,0
235.76,445.13323974609375,0
235.77,445.13323974609375,0
235.78,444.430419921875,0
235.79,444.430419921875,0
235.8,444.430419921875,0
235.81,444.430419921875,0
235.82,444.430419921875,0
235.83,444.430419921875,0
235.84,444.430419921875,0
235.85,444.430419921875,0
235.86,444.25604248046875,0
235.87,444.08160400390625,0
235.88,443.8173828125,0
235.89,443.8173828125,0
235.9,443.46600341796875,0
235.91,442.85296630859375,0
235.92,442.67852783203125,0
235.93,442.50152587890625,0
235.94,442.50152587890625,0
235.95,442.67852783203125,0
235.96,442.32708740234375,0
235.97,442.32708740234375,0
235.98,442.32708740234375,0
235.99,441.714111328125,0
236,442.32708740234375,0
236.01,442.32708740234375,0
236.02,442.32708740234375,0
236.03,442.32708740234375,0
236.04,442.32708740234375,0
236.05,442.23992919921875,0
236.06,442.32708740234375,0
236.07,442.23992919921875,0
236.08,442.23992919921875,0
236.09,442.1527099609375,0
236.1,442.1527099609375,0
236.11,442.1527099609375,0
236.12,440.488037109375,0
236.13,439.8724365234375,0
236.14,439.4364013671875,0
236.15,439.4364013671875,0
236.16,439.4364013671875,0
236.17,439.697998046875,0
236.18,439.4364013671875,0
236.19,438.997802734375,0
236.2,439.4364013671875,0
236.21,439.697998046875,0
236.22,439.697998046875,0
236.23,439.8724365234375,0
236.24,439.8724365234375,0
236.25,439.697998046875,0
236.26,438.997802734375,0
236.27,439.8724365234375,0
236.28,439.8724365234375,0
236.29,438.82342529296875,0
236.3,438.297607421875,0
236.31,438.297607421875,0
236.32,438.297607421875,0
236.33,438.297607421875,0
236.34,438.297607421875,0
236.35,438.91058349609375,0
236.36,438.297607421875,0
236.37,438.91058349609375,0
236.38,438.91058349609375,0
236.39,438.91058349609375,0
236.4,438.997802734375,0
236.41,439.0849609375,0
236.42,439.0849609375,0
236.43,439.697998046875,0
236.44,439.4364013671875,0
236.45,439.4364013671875,0
236.46,439.4364013671875,0
236.47,439.4364013671875,0
236.48,439.8724365234375,0
236.49,439.8724365234375,0
236.5,439.8724365234375,0
236.51,440.39825439453125,0
236.52,440.488037109375,0
236.53,440.488037109375,0
236.54,440.92669677734375,0
236.55,441.013916015625,0
236.56,440.488037109375,0
236.57,441.013916015625,0
236.58,441.013916015625,0
236.59,441.27545166015625,0
236.6,441.44989013671875,0
236.61,441.44989013671875,0
236.62,441.53973388671875,0
236.63,441.53973388671875,0
236.64,441.44989013671875,0
236.65,441.62689208984375,0
236.66,441.80133056640625,0
236.67,441.88848876953125,0
236.68,441.9757080078125,0
236.69,442.0655517578125,0
236.7,442.32708740234375,0
236.71,442.50152587890625,0
236.72,442.7657470703125,0
236.73,442.7657470703125,0
236.74,442.7657470703125,0
236.75,443.1171875,0
236.76,442.7657470703125,0
236.77,442.7657470703125,0
236.78,442.67852783203125,0
236.79,442.41436767578125,0
236.8,442.41436767578125,0
236.81,442.41436767578125,0
236.82,442.41436767578125,0
236.83,442.41436767578125,0
236.84,441.714111328125,0
236.85,441.714111328125,0
236.86,441.53973388671875,0
236.87,441.53973388671875,0
236.88,441.53973388671875,0
236.89,441.44989013671875,0
236.9,441.10107421875,0
236.91,441.10107421875,0
236.92,440.31103515625,0
236.93,438.5592041015625,0
236.94,437.9461669921875,0
236.95,437.9461669921875,0
236.96,437.77178955078125,0
236.97,437.77178955078125,0
236.98,437.77178955078125,0
236.99,437.9461669921875,0
237,437.77178955078125,0
237.01,436.36871337890625,0
237.02,436.36871337890625,0
237.03,434.44244384765625,0
237.04,434.44244384765625,0
237.05,434.44244384765625,0
237.06,434.44244384765625,0
237.07,433.12921142578125,0
237.08,432.77777099609375,0
237.09,432.77777099609375,0
237.1,432.77777099609375,0
237.11,432.42901611328125,0
237.12,432.77777099609375,0
237.13,432.77777099609375,0
237.14,432.77777099609375,0
237.15,432.6033935546875,0
237.16,432.6033935546875,0
237.17,432.07757568359375,0
237.18,431.90313720703125,0
237.19,430.5899658203125,0
237.2,430.5899658203125,0
237.21,430.5899658203125,0
237.22,430.50274658203125,0
237.23,430.238525390625,0
237.24,429.88970947265625,0
237.25,429.88970947265625,0
237.26,429.88970947265625,0
237.27,429.10235595703125,0
237.28,428.83807373046875,0
237.29,428.83807373046875,0
237.3,428.83807373046875,0
237.31,428.75091552734375,0
237.32,428.83807373046875,0
237.33,428.75091552734375,0
237.34,428.75091552734375,0
237.35,428.48931884765625,0
237.36,428.48931884765625,0
237.37,428.75091552734375,0
237.38,428.75091552734375,0
237.39,428.48931884765625,0
237.4,428.48931884765625,0
237.41,428.0506591796875,0
237.42,428.48931884765625,0
237.43,428.312255859375,0
237.44,428.0506591796875,0
237.45,428.312255859375,0
237.46,428.312255859375,0
237.47,428.312255859375,0
237.48,428.312255859375,0
237.49,428.312255859375,0
237.5,428.312255859375,0
237.51,427.701904296875,0
237.52,427.701904296875,0
237.53,427.701904296875,0
237.54,427.612060546875,0
237.55,427.43768310546875,0
237.56,427.612060546875,0
237.57,427.701904296875,0
237.58,427.612060546875,0
237.59,427.612060546875,0
237.6,428.13787841796875,0
237.61,428.39947509765625,0
237.62,428.39947509765625,0
237.63,428.39947509765625,0
237.64,428.39947509765625,0
237.65,427.9635009765625,0
237.66,427.176025390625,0
237.67,427.43768310546875,0
237.68,427.43768310546875,0
237.69,427.3504638671875,0
237.7,427.176025390625,0
237.71,427.176025390625,0
237.72,425.7756652832031,0
237.73,425.86285400390625,0
237.74,425.86285400390625,0
237.75,427.176025390625,0
237.76,427.176025390625,0
237.77,425.86285400390625,0
237.78,425.86285400390625,0
237.79,425.86285400390625,0
237.8,425.95001220703125,0
237.81,425.95001220703125,0
237.82,425.95001220703125,0
237.83,425.86285400390625,0
237.84,424.9010314941406,0
237.85,424.63677978515625,0
237.86,424.9010314941406,0
237.87,424.63677978515625,0
237.88,424.63677978515625,0
237.89,423.5877685546875,0
237.9,423.5877685546875,0
237.91,424.63677978515625,0
237.92,424.63677978515625,0
237.93,424.63677978515625,0
237.94,424.63677978515625,0
237.95,424.3752136230469,0
237.96,424.3752136230469,0
237.97,424.3752136230469,0
237.98,424.3752136230469,0
237.99,424.3752136230469,0
238,424.02642822265625,0
238.01,423.6750183105469,0
238.02,423.5877685546875,0
238.03,422.538818359375,0
238.04,422.45159912109375,0
238.05,422.45159912109375,0
238.06,421.92578125,0
238.07,421.92578125,0
238.08,421.92578125,0
238.09,421.5769958496094,0
238.1,421.5769958496094,0
238.11,421.4871520996094,0
238.12,421.4871520996094,0
238.13,421.5769958496094,0
238.14,421.4871520996094,0
238.15,421.3999328613281,0
238.16,420.702392578125,0
238.17,420.702392578125,0
238.18,420.612548828125,0
238.19,420.702392578125,0
238.2,420.9639587402344,0
238.21,420.702392578125,0
238.22,420.5253601074219,0
238.23,420.5253601074219,0
238.24,419.7379455566406,0
238.25,419.56353759765625,0
238.26,419.1275634765625,0
238.27,417.3783264160156,0
238.28,416.3293151855469,0
238.29,416.06512451171875,0
238.3,416.3293151855469,0
238.31,416.06512451171875,0
238.32,416.3293151855469,0
238.33,416.3293151855469,0
238.34,416.3293151855469,0
238.35,416.41656494140625,0
238.36,416.8525390625,0
238.37,416.8525390625,0
238.38,416.8525390625,0
238.39,416.8525390625,0
238.4,416.8525390625,0
238.41,415.80352783203125,0
238.42,414.6673278808594,0
238.43,414.492919921875,0
238.44,414.492919921875,0
238.45,414.492919921875,0
238.46,414.492919921875,0
238.47,414.6673278808594,0
238.48,415.629150390625,0
238.49,415.629150390625,0
238.5,416.5037536621094,0
238.51,416.6781311035156,0
238.52,416.6781311035156,0
238.53,416.6781311035156,0
238.54,416.5037536621094,0
238.55,416.3293151855469,0
238.56,415.1931457519531,0
238.57,414.8417053222656,0
238.58,414.492919921875,0
238.59,414.2313537597656,0
238.6,413.9697570800781,0
238.61,413.5311279296875,0
238.62,413.3567199707031,0
238.63,413.0079345703125,0
238.64,411.8717346191406,0
238.65,411.25872802734375,0
238.66,410.82275390625,0
238.67,410.82275390625,0
238.68,410.82275390625,0
238.69,410.82275390625,0
238.7,410.82275390625,0
238.71,410.82275390625,0
238.72,410.90997314453125,0
238.73,410.64837646484375,0
238.74,410.64837646484375,0
238.75,409.4249572753906,0
238.76,409.4249572753906,0
238.77,409.4249572753906,0
238.78,409.2505798339844,0
238.79,409.2505798339844,0
238.8,409.2505798339844,0
238.81,409.2505798339844,0
238.82,409.2505798339844,0
238.83,409.2505798339844,0
238.84,409.2505798339844,0
238.85,409.16339111328125,0
238.86,408.3759765625,0
238.87,408.3759765625,0
238.88,408.3759765625,0
238.89,408.3759765625,0
238.9,408.3759765625,0
238.91,408.3759765625,0
238.92,408.2015686035156,0
238.93,408.1143798828125,0
238.94,408.0271911621094,0
238.95,407.9399719238281,0
238.96,406.016357421875,0
238.97,407.9399719238281,0
238.98,407.9399719238281,0
238.99,407.9399719238281,0
239,408.0271911621094,0
239.01,408.0271911621094,0
239.02,408.3759765625,0
239.03,408.4631652832031,0
239.04,409.0735168457031,0
239.05,409.5121765136719,0
239.06,409.5121765136719,0
239.07,409.4249572753906,0
239.08,409.4249572753906,0
239.09,409.4249572753906,0
239.1,409.4249572753906,0
239.11,409.4249572753906,0
239.12,409.4249572753906,0
239.13,409.0735168457031,0
239.14,408.4631652832031,0
239.15,408.3759765625,0
239.16,408.2015686035156,0
239.17,408.1143798828125,0
239.18,407.6757507324219,0
239.19,408.1143798828125,0
239.2,408.0271911621094,0
239.21,407.5911865234375,0
239.22,407.5911865234375,0
239.23,407.32696533203125,0
239.24,406.8909912109375,0
239.25,406.8909912109375,0
239.26,407.32696533203125,0
239.27,407.32696533203125,0
239.28,407.32696533203125,0
239.29,406.8909912109375,0
239.3,406.62939453125,0
239.31,406.62939453125,0
239.32,406.62939453125,0
239.33,406.80377197265625,0
239.34,406.80377197265625,0
239.35,405.05718994140625,0
239.36,405.05718994140625,0
239.37,404.6212158203125,0
239.38,405.05718994140625,0
239.39,405.05718994140625,0
239.4,405.05718994140625,0
239.41,403.9209899902344,0
239.42,402.7874450683594,0
239.43,402.7874450683594,0
239.44,402.7874450683594,0
239.45,402.7874450683594,0
239.46,402.96185302734375,0
239.47,402.4360046386719,0
239.48,402.34881591796875,0
239.49,402.34881591796875,0
239.5,402.1744689941406,0
239.51,401.47686767578125,0
239.52,401.47686767578125,0
239.53,401.47686767578125,0
239.54,400.95367431640625,0
239.55,400.95367431640625,0
239.56,400.6921081542969,0
239.57,400.6048889160156,0
239.58,400.6048889160156,0
239.59,400.5177001953125,0
239.6,400.5177001953125,0
239.61,400.5177001953125,0
239.62,399.8174743652344,0
239.63,399.5558776855469,0
239.64,399.5558776855469,0
239.65,399.20709228515625,0
239.66,398.9455261230469,0
239.67,398.33514404296875,0
239.68,398.1607666015625,0
239.69,397.9863586425781,0
239.7,397.8119812011719,0
239.71,397.7247619628906,0
239.72,397.4605407714844,0
239.73,396.58856201171875,0
239.74,396.3269958496094,0
239.75,395.71661376953125,0
239.76,395.5422058105469,0
239.77,395.01904296875,0
239.78,395.01904296875,0
239.79,394.9318542480469,0
239.8,394.9318542480469,0
239.81,394.2342834472656,0
239.82,394.2342834472656,0
239.83,393.9726867675781,0
239.84,392.9263000488281,0
239.85,392.9263000488281,0
239.86,392.83648681640625,0
239.87,392.83648681640625,0
239.88,392.83648681640625,0
239.89,392.57489013671875,0
239.9,392.2261047363281,0
239.91,391.8772888183594,0
239.92,391.8772888183594,0
239.93,391.70294189453125,0
239.94,391.70294189453125,0
239.95,391.70294189453125,0
239.96,391.52850341796875,0
239.97,391.52850341796875,0
239.98,391.2669372558594,0
239.99,391.2669372558594,0
240,390.8309631347656,0
240.01,390.8309631347656,0
240.02,390.8309631347656,0
240.03,390.7437438964844,0
240.04,390.7437438964844,0
240.05,390.7437438964844,0
240.06,391.96453857421875,0
240.07,392.0517272949219,0
240.08,391.96453857421875,0
240.09,392.0517272949219,0
240.1,392.0517272949219,0
240.11,392.3133239746094,0
240.12,392.66473388671875,0
240.13,392.7492980957031,0
240.14,392.7492980957031,0
240.15,392.7492980957031,0
240.16,393.3596496582031,0
240.17,393.6238708496094,0
240.18,393.6238708496094,0
240.19,393.7110595703125,0
240.2,393.7983093261719,0
240.21,393.7983093261719,0
240.22,394.1470947265625,0
240.23,394.1470947265625,0
240.24,395.01904296875,0
240.25,395.45501708984375,0
240.26,395.5422058105469,0
240.27,395.6294250488281,0
240.28,395.8038024902344,0
240.29,395.6294250488281,0
240.3,395.6294250488281,0
240.31,395.6294250488281,0
240.32,395.6294250488281,0
240.33,395.8909912109375,0
240.34,395.8909912109375,0
240.35,395.8909912109375,0
240.36,395.5422058105469,0
240.37,394.9318542480469,0
240.38,394.4958801269531,0
240.39,394.4958801269531,0
240.4,394.4958801269531,0
240.41,393.9726867675781,0
240.42,393.6238708496094,0
240.43,393.27508544921875,0
240.44,393.27508544921875,0
240.45,392.7492980957031,0
240.46,391.7901306152344,0
240.47,391.7901306152344,0
240.48,390.7437438964844,0
240.49,390.5693664550781,0
240.5,390.5693664550781,0
240.51,390.0461730957031,0
240.52,388.5638427734375,0
240.53,388.5638427734375,0
240.54,388.5638427734375,0
240.55,388.3022766113281,0
240.56,388.3022766113281,0
240.57,388.5638427734375,0
240.58,388.5638427734375,0
240.59,388.5638427734375,0
240.6,389.1742248535156,0
240.61,389.1742248535156,0
240.62,388.5638427734375,0
240.63,388.5638427734375,0
240.64,389.1742248535156,0
240.65,390.482177734375,0
240.66,390.8309631347656,0
240.67,390.8309631347656,0
240.68,390.8309631347656,0
240.69,389.6974182128906,0
240.7,390.39495849609375,0
240.71,391.96453857421875,0
240.72,391.52850341796875,0
240.73,391.52850341796875,0
240.74,391.52850341796875,0
240.75,390.39495849609375,0
240.76,390.8309631347656,0
240.77,390.8309631347656,0
240.78,390.8309631347656,0
240.79,390.8309631347656,0
240.8,388.7382507324219,0
240.81,388.3022766113281,0
240.82,384.4682312011719,0
240.83,384.2066955566406,0
240.84,383.6834716796875,0
240.85,383.0730895996094,0
240.86,381.9395446777344,0
240.87,381.9395446777344,0
240.88,380.721435546875,0
240.89,380.54705810546875,0
240.9,379.8494873046875,0
240.91,379.8494873046875,0
240.92,379.8494873046875,0
240.93,378.62872314453125,0
240.94,378.62872314453125,0
240.95,380.54705810546875,0
240.96,380.8059997558594,0
240.97,381.3291931152344,0
240.98,381.677978515625,0
240.99,382.37554931640625,0
241,382.6371154785156,0
241.01,385.1631774902344,0
241.02,385.2530212402344,0
241.03,385.7735595703125,0
241.04,386.03515625,0
241.05,386.6455078125,0
241.06,386.6455078125,0
241.07,387.1687316894531,0
241.08,387.1687316894531,0
241.09,386.6455078125,0
241.1,386.7326965332031,0
241.11,386.6455078125,0
241.12,384.4682312011719,0
241.13,383.7706604003906,0
241.14,383.24749755859375,0
241.15,383.24749755859375,0
241.16,382.8987121582031,0
241.17,382.8987121582031,0
241.18,382.288330078125,0
241.19,380.9830322265625,0
241.2,380.9830322265625,0
241.21,380.721435546875,0
241.22,380.721435546875,0
241.23,379.7622985839844,0
241.24,379.7622985839844,0
241.25,379.7622985839844,0
241.26,380.28546142578125,0
241.27,380.28546142578125,0
241.28,381.59075927734375,0
241.29,381.59075927734375,0
241.3,381.7651672363281,0
241.31,382.2011413574219,0
241.32,382.288330078125,0
241.33,382.98590087890625,0
241.34,383.421875,0
241.35,382.98590087890625,0
241.36,382.98590087890625,0
241.37,382.98590087890625,0
241.38,382.98590087890625,0
241.39,382.288330078125,0
241.4,381.4163818359375,0
241.41,381.24200439453125,0
241.42,380.1110534667969,0
241.43,377.32342529296875,0
241.44,377.2362365722656,0
241.45,375.92828369140625,0
241.46,375.75653076171875,0
241.47,374.5357666015625,0
241.48,373.5792541503906,0
241.49,373.40484619140625,0
241.5,373.3176574707031,0
241.51,373.0560607910156,0
241.52,372.9688720703125,0
241.53,372.9688720703125,0
241.54,371.83795166015625,0
241.55,371.83795166015625,0
241.56,371.83795166015625,0
241.57,372.9688720703125,0
241.58,373.23046875,0
241.59,373.23046875,0
241.6,373.40484619140625,0
241.61,374.0126037597656,0
241.62,374.1869812011719,0
241.63,375.5821228027344,0
241.64,377.9338073730469,0
241.65,378.1927490234375,0
241.66,378.2799377441406,0
241.67,378.62872314453125,0
241.68,378.8031311035156,0
241.69,379.2391052246094,0
241.7,379.5007019042969,0
241.71,379.6750793457031,0
241.72,379.6750793457031,0
241.73,379.6750793457031,0
241.74,379.6750793457031,0
241.75,379.6750793457031,0
241.76,379.587890625,0
241.77,379.41351318359375,0
241.78,376.2770690917969,0
241.79,375.5821228027344,0
241.8,373.66644287109375,0
241.81,373.4920654296875,0
241.82,373.1432800292969,0
241.83,372.3584899902344,0
241.84,372.01239013671875,0
241.85,371.6636047363281,0
241.86,371.57635498046875,0
241.87,371.57635498046875,0
241.88,371.4891662597656,0
241.89,371.4891662597656,0
241.9,371.4891662597656,0
241.91,371.4891662597656,0
241.92,371.2275695800781,0
241.93,371.0531921386719,0
241.94,371.0531921386719,0
241.95,371.0531921386719,0
241.96,371.0531921386719,0
241.97,371.7507629394531,0
241.98,371.7507629394531,0
241.99,371.9251403808594,0
242,371.9251403808594,0
242.01,373.23046875,0
242.02,373.23046875,0
242.03,373.5792541503906,0
242.04,373.5792541503906,0
242.05,373.5792541503906,0
242.06,372.79449462890625,0
242.07,372.4457092285156,0
242.08,372.0995788574219,0
242.09,372.0995788574219,0
242.1,371.4891662597656,0
242.11,371.0531921386719,0
242.12,369.486328125,0
242.13,368.7041931152344,0
242.14,368.2681884765625,0
242.15,368.09381103515625,0
242.16,368.09381103515625,0
242.17,366.44232177734375,0
242.18,366.00634765625,0
242.19,364.6138916015625,0
242.2,364.6138916015625,0
242.21,363.5701599121094,0
242.22,363.4829406738281,0
242.23,363.4829406738281,0
242.24,363.2239990234375,0
242.25,362.78802490234375,0
242.26,362.00592041015625,0
242.27,361.918701171875,0
242.28,361.6571350097656,0
242.29,361.6571350097656,0
242.3,361.6571350097656,0
242.31,361.308349609375,0
242.32,361.308349609375,0
242.33,361.6571350097656,0
242.34,361.6571350097656,0
242.35,362.78802490234375,0
242.36,364.35491943359375,0
242.37,365.04986572265625,0
242.38,365.2242431640625,0
242.39,365.3114318847656,0
242.4,365.6575622558594,0
242.41,367.0500793457031,0
242.42,367.39886474609375,0
242.43,368.8785705566406,0
242.44,368.8785705566406,0
242.45,369.2247009277344,0
242.46,369.2247009277344,0
242.47,369.2247009277344,0
242.48,369.2247009277344,0
242.49,369.2247009277344,0
242.5,369.5735168457031,0
242.51,369.5735168457031,0
242.52,369.5735168457031,0
242.53,369.5735168457031,0
242.54,368.96575927734375,0
242.55,369.2247009277344,0
242.56,369.2247009277344,0
242.57,369.2247009277344,0
242.58,367.9220275878906,0
242.59,366.5295715332031,0
242.6,366.3551330566406,0
242.61,366.1807556152344,0
242.62,366.1807556152344,0
242.63,365.48583984375,0
242.64,365.48583984375,0
242.65,365.2242431640625,0
242.66,364.09332275390625,0
242.67,364.09332275390625,0
242.68,364.0061340332031,0
242.69,363.395751953125,0
242.7,363.395751953125,0
242.71,363.395751953125,0
242.72,363.2239990234375,0
242.73,362.8752136230469,0
242.74,362.8752136230469,0
242.75,363.2239990234375,0
242.76,362.78802490234375,0
242.77,362.78802490234375,0
242.78,362.3520202636719,0
242.79,362.3520202636719,0
242.8,361.5699157714844,0
242.81,361.3955383300781,0
242.82,361.3955383300781,0
242.83,360.7005920410156,0
242.84,360.6134033203125,0
242.85,360.6134033203125,0
242.86,360.7005920410156,0
242.87,360.6134033203125,0
242.88,360.5262145996094,0
242.89,360.6134033203125,0
242.9,360.6134033203125,0
242.91,360.7005920410156,0
242.92,359.395263671875,0
242.93,359.48248291015625,0
242.94,359.395263671875,0
242.95,358.44140625,0
242.96,358.2669982910156,0
242.97,358.2669982910156,0
242.98,358.2669982910156,0
242.99,358.44140625,0
243,358.2669982910156,0
243.01,358.2669982910156,0
243.02,358.1798095703125,0
243.03,358.2669982910156,0
243.04,358.1798095703125,0
243.05,356.52838134765625,0
243.06,356.00518798828125,0
243.07,355.3974609375,0
243.08,355.3974609375,0
243.09,355.3974609375,0
243.1,355.31024169921875,0
243.11,355.31024169921875,0
243.12,355.31024169921875,0
243.13,355.2230529785156,0
243.14,355.31024169921875,0
243.15,355.2230529785156,0
243.16,355.2230529785156,0
243.17,355.2230529785156,0
243.18,355.4846496582031,0
243.19,355.4846496582031,0
243.2,355.2230529785156,0
243.21,355.2230529785156,0
243.22,355.4846496582031,0
243.23,355.4846496582031,0
243.24,355.4846496582031,0
243.25,355.4846496582031,0
243.26,355.7462463378906,0
243.27,356.26678466796875,0
243.28,356.52838134765625,0
243.29,356.9617004394531,0
243.3,356.9617004394531,0
243.31,356.52838134765625,0
243.32,356.9617004394531,0
243.33,357.31048583984375,0
243.34,357.6566467285156,0
243.35,358.5259704589844,0
243.36,357.6566467285156,0
243.37,357.31048583984375,0
243.38,357.31048583984375,0
243.39,357.31048583984375,0
243.4,357.31048583984375,0
243.41,356.9617004394531,0
243.42,356.6155700683594,0
243.43,356.52838134765625,0
243.44,356.52838134765625,0
243.45,356.52838134765625,0
243.46,355.31024169921875,0
243.47,355.31024169921875,0
243.48,355.31024169921875,0
243.49,355.2230529785156,0
243.5,354.2691955566406,0
243.51,354.2691955566406,0
243.52,354.2691955566406,0
243.53,354.2691955566406,0
243.54,354.2691955566406,0
243.55,355.05133056640625,0
243.56,355.05133056640625,0
243.57,354.0075988769531,0
243.58,354.0075988769531,0
243.59,353.92041015625,0
243.6,353.92041015625,0
243.61,355.05133056640625,0
243.62,355.2230529785156,0
243.63,355.2230529785156,0
243.64,357.3976745605469,0
243.65,357.9182434082031,0
243.66,358.00543212890625,0
243.67,358.0926208496094,0
243.68,358.0926208496094,0
243.69,358.0926208496094,0
243.7,358.0926208496094,0
243.71,358.0926208496094,0
243.72,356.9617004394531,0
243.73,354.87689208984375,0
243.74,352.9638671875,0
243.75,351.5740051269531,0
243.76,351.5740051269531,0
243.77,351.48681640625,0
243.78,351.48681640625,0
243.79,351.1406555175781,0
243.8,351.1406555175781,0
243.81,350.532958984375,0
243.82,351.1406555175781,0
243.83,351.2279052734375,0
243.84,351.2279052734375,0
243.85,351.1406555175781,0
243.86,350.1841735839844,0
243.87,350.09698486328125,0
243.88,350.09698486328125,0
243.89,350.009765625,0
243.9,349.4892272949219,0
243.91,349.055908203125,0
243.92,348.4481506347656,0
243.93,348.1865539550781,0
243.94,346.8839111328125,0
243.95,346.7967224121094,0
243.96,346.01458740234375,0
243.97,345.7556457519531,0
243.98,345.4940185546875,0
243.99,345.0606994628906,0
244,344.7991027832031,0
244.01,344.7991027832031,0
244.02,344.6273498535156,0
244.03,344.278564453125,0
244.04,343.5836486816406,0
244.05,342.1964111328125,0
244.06,342.1964111328125,0
244.07,342.1964111328125,0
244.08,341.5887145996094,0
244.09,341.50152587890625,0
244.1,340.80657958984375,0
244.11,340.547607421875,0
244.12,340.547607421875,0
244.13,340.547607421875,0
244.14,339.93988037109375,0
244.15,339.7655029296875,0
244.16,339.4193420410156,0
244.17,338.1166687011719,0
244.18,339.2449645996094,0
244.19,338.8988342285156,0
244.2,337.9422912597656,0
244.21,337.9422912597656,0
244.22,337.6833190917969,0
244.23,337.77056884765625,0
244.24,337.77056884765625,0
244.25,337.59613037109375,0
244.26,337.59613037109375,0
244.27,337.4217529296875,0
244.28,337.25,0
244.29,336.9012145996094,0
244.3,336.9012145996094,0
244.31,336.9012145996094,0
244.32,336.9012145996094,0
244.33,337.4217529296875,0
244.34,346.01458740234375,0
244.35,346.5377502441406,0
244.36,346.5377502441406,0
244.37,346.5377502441406,0
244.38,346.5377502441406,0
244.39,346.5377502441406,0
244.4,336.5550537109375,0
244.41,334.99346923828125,0
244.42,334.29852294921875,0
244.43,334.29852294921875,0
244.44,333.7806396484375,0
244.45,333.085693359375,0
244.46,333.7806396484375,0
244.47,333.085693359375,0
244.48,333.085693359375,0
244.49,333.085693359375,0
244.5,332.565185546875,0
244.51,332.565185546875,0
244.52,332.47796630859375,0
244.53,332.47796630859375,0
244.54,332.47796630859375,0
244.55,332.30621337890625,0
244.56,332.30621337890625,0
244.57,331.6112976074219,0
244.58,331.26513671875,0
244.59,331.26513671875,0
244.6,331.1779479980469,0
244.61,331.1779479980469,0
244.62,331.1779479980469,0
244.63,331.09075927734375,0
244.64,331.09075927734375,0
244.65,331.09075927734375,0
244.66,331.09075927734375,0
244.67,330.74462890625,0
244.68,330.74462890625,0
244.69,331.09075927734375,0
244.7,330.3984680175781,0
244.71,330.3984680175781,0
244.72,330.3984680175781,0
244.73,330.3984680175781,0
244.74,330.22406005859375,0
244.75,329.96514892578125,0
244.76,329.96514892578125,0
244.77,329.96514892578125,0
244.78,329.3573913574219,0
244.79,329.53179931640625,0
244.8,329.53179931640625,0
244.81,329.53179931640625,0
244.82,329.3573913574219,0
244.83,329.27020263671875,0
244.84,329.27020263671875,0
244.85,329.1830139160156,0
244.86,328.1445617675781,0
244.87,328.66510009765625,0
244.88,328.057373046875,0
244.89,328.057373046875,0
244.9,328.057373046875,0
244.91,328.5779113769531,0
244.92,328.66510009765625,0
244.93,328.66510009765625,0
244.94,328.5779113769531,0
244.95,328.5779113769531,0
244.96,328.5779113769531,0
244.97,328.5779113769531,0
244.98,327.71124267578125,0
244.99,327.71124267578125,0
245,327.71124267578125,0
245.01,327.71124267578125,0
245.02,327.97015380859375,0
245.03,329.444580078125,0
245.04,329.6163330078125,0
245.05,329.6163330078125,0
245.06,329.7035217285156,0
245.07,329.7035217285156,0
245.08,329.6163330078125,0
245.09,329.6163330078125,0
245.1,329.6163330078125,0
245.11,329.6163330078125,0
245.12,329.6163330078125,0
245.13,329.7035217285156,0
245.14,330.74462890625,0
245.15,331.0035705566406,0
245.16,331.1779479980469,0
245.17,331.1779479980469,0
245.18,331.3523254394531,0
245.19,331.4369201660156,0
245.2,331.698486328125,0
245.21,332.1318359375,0
245.22,332.1318359375,0
245.23,331.8728942871094,0
245.24,331.8728942871094,0
245.25,332.1318359375,0
245.26,331.8728942871094,0
245.27,331.8728942871094,0
245.28,331.8728942871094,0
245.29,331.0035705566406,0
245.3,330.8318176269531,0
245.31,330.8318176269531,0
245.32,330.8318176269531,0
245.33,330.5701904296875,0
245.34,329.96514892578125,0
245.35,329.96514892578125,0
245.36,330.5701904296875,0
245.37,329.01123046875,0
245.38,329.1830139160156,0
245.39,329.01123046875,0
245.4,329.01123046875,0
245.41,328.7496643066406,0
245.42,328.7496643066406,0
245.43,329.01123046875,0
245.44,328.7496643066406,0
245.45,327.8829650878906,0
245.46,327.8829650878906,0
245.47,326.1496276855469,0
245.48,326.0624084472656,0
245.49,325.89068603515625,0
245.5,325.2829284667969,0
245.51,324.8495788574219,0
245.52,324.8495788574219,0
245.53,324.6778564453125,0
245.54,324.416259765625,0
245.55,324.15728759765625,0
245.56,324.15728759765625,0
245.57,323.98291015625,0
245.58,324.416259765625,0
245.59,323.98291015625,0
245.6,323.8957214355469,0
245.61,323.20343017578125,0
245.62,323.03167724609375,0
245.63,322.8572998046875,0
245.64,321.90338134765625,0
245.65,321.5572509765625,0
245.66,321.5572509765625,0
245.67,321.4726867675781,0
245.68,321.4726867675781,0
245.69,321.5572509765625,0
245.7,321.4726867675781,0
245.71,321.4726867675781,0
245.72,321.4726867675781,0
245.73,321.29833984375,0
245.74,321.29833984375,0
245.75,321.2111511230469,0
245.76,321.2111511230469,0
245.77,320.9521789550781,0
245.78,320.5188293457031,0
245.79,320.5188293457031,0
245.8,320.2598876953125,0
245.81,320.2598876953125,0
245.82,320.2598876953125,0
245.83,320.2598876953125,0
245.84,320.2598876953125,0
245.85,320.2598876953125,0
245.86,320.2598876953125,0
245.87,322.1650085449219,0
245.88,320.34442138671875,0
245.89,321.4726867675781,0
245.9,321.4726867675781,0
245.91,320.9521789550781,0
245.92,321.4726867675781,0
245.93,321.4726867675781,0
245.94,320.9521789550781,0
245.95,320.864990234375,0
245.96,320.34442138671875,0
245.97,319.56494140625,0
245.98,319.3060302734375,0
245.99,318.78546142578125,0
246,317.65985107421875,0
246.01,317.5726623535156,0
246.02,315.4085693359375,0
246.03,315.4085693359375,0
246.04,315.149658203125,0
246.05,314.9752502441406,0
246.06,314.4573669433594,0
246.07,314.0240173339844,0
246.08,313.0727844238281,0
246.09,312.985595703125,0
246.1,312.3804931640625,0
246.11,312.3804931640625,0
246.12,312.3804931640625,0
246.13,312.3804931640625,0
246.14,313.33172607421875,0
246.15,313.33172607421875,0
246.16,313.9367980957031,0
246.17,314.1112060546875,0
246.18,314.1983947753906,0
246.19,314.4573669433594,0
246.2,314.89068603515625,0
246.21,315.32403564453125,0
246.22,315.4085693359375,0
246.23,315.92913818359375,0
246.24,316.18804931640625,0
246.25,316.447021484375,0
246.26,316.7958068847656,0
246.27,317.48809814453125,0
246.28,317.48809814453125,0
246.29,317.65985107421875,0
246.3,318.1803894042969,0
246.31,318.1803894042969,0
246.32,318.0931701660156,0
246.33,318.0931701660156,0
246.34,318.0931701660156,0
246.35,318.0931701660156,0
246.36,318.0931701660156,0
246.37,318.1803894042969,0
246.38,318.78546142578125,0
246.39,318.78546142578125,0
246.4,318.78546142578125,0
246.41,318.78546142578125,0
246.42,319.3060302734375,0
246.43,319.3932189941406,0
246.44,319.3060302734375,0
246.45,317.92144775390625,0
246.46,317.22650146484375,0
246.47,316.88037109375,0
246.48,315.4085693359375,0
246.49,314.4573669433594,0
246.5,314.1983947753906,0
246.51,313.1573181152344,0
246.52,313.1573181152344,0
246.53,313.1573181152344,0
246.54,312.8138122558594,0
246.55,311.9471435546875,0
246.56,311.9471435546875,0
246.57,311.9471435546875,0
246.58,311.9471435546875,0
246.59,311.77276611328125,0
246.6,310.4753723144531,0
246.61,310.4753723144531,0
246.62,310.4753723144531,0
246.63,310.38818359375,0
246.64,309.87030029296875,0
246.65,309.87030029296875,0
246.66,310.38818359375,0
246.67,309.87030029296875,0
246.68,310.38818359375,0
246.69,310.6497802734375,0
246.7,310.9959411621094,0
246.71,311.0804748535156,0
246.72,311.0804748535156,0
246.73,311.77276611328125,0
246.74,311.9471435546875,0
246.75,311.9471435546875,0
246.76,312.20611572265625,0
246.77,312.3804931640625,0
246.78,312.3804931640625,0
246.79,312.3804931640625,0
246.8,312.20611572265625,0
246.81,312.20611572265625,0
246.82,312.3804931640625,0
246.83,312.3804931640625,0
246.84,312.3804931640625,0
246.85,312.20611572265625,0
246.86,312.0343322753906,0
246.87,310.56256103515625,0
246.88,311.16766357421875,0
246.89,310.56256103515625,0
246.9,310.4753723144531,0
246.91,310.30364990234375,0
246.92,309.87030029296875,0
246.93,308.3985290527344,0
246.94,307.7934265136719,0
246.95,307.3600769042969,0
246.96,306.66778564453125,0
246.97,306.583251953125,0
246.98,306.2370910644531,0
246.99,304.8525085449219,0
247,303.9012756347656,0
247.01,303.46795654296875,0
247.02,303.208984375,0
247.03,301.9988098144531,0
247.04,301.9988098144531,0
247.05,301.6526794433594,0
247.06,301.6526794433594,0
247.07,301.6526794433594,0
247.08,299.9245910644531,0
247.09,299.9245910644531,0
247.1,299.9245910644531,0
247.11,300.3553161621094,0
247.12,300.3553161621094,0
247.13,300.3553161621094,0
247.14,301.56549072265625,0
247.15,301.7398681640625,0
247.16,301.7398681640625,0
247.17,303.8140869140625,0
247.18,304.1602478027344,0
247.19,305.1986389160156,0
247.2,305.37042236328125,0
247.21,305.37042236328125,0
247.22,305.5447998046875,0
247.23,306.14990234375,0
247.24,306.14990234375,0
247.25,306.3216552734375,0
247.26,308.1395568847656,0
247.27,308.1395568847656,0
247.28,307.7934265136719,0
247.29,306.583251953125,0
247.3,307.7934265136719,0
247.31,307.7934265136719,0
247.32,307.3600769042969,0
247.33,307.3600769042969,0
247.34,306.583251953125,0
247.35,306.4960632324219,0
247.36,306.0627136230469,0
247.37,304.9397277832031,0
247.38,303.98846435546875,0
247.39,301.91162109375,0
247.4,301.8270568847656,0
247.41,301.8270568847656,0
247.42,301.8270568847656,0
247.43,301.8270568847656,0
247.44,301.8270568847656,0
247.45,301.8270568847656,0
247.46,301.8270568847656,0
247.47,301.9988098144531,0
247.48,302.86285400390625,0
247.49,304.6807861328125,0
247.5,304.6807861328125,0
247.51,303.9012756347656,0
247.52,303.9012756347656,0
247.53,303.2961730957031,0
247.54,302.86285400390625,0
247.55,302.86285400390625,0
247.56,302.69110107421875,0
247.57,299.6656494140625,0
247.58,299.6656494140625,0
247.59,299.6656494140625,0
247.6,299.6656494140625,0
247.61,300.96038818359375,0
247.62,300.96038818359375,0
247.63,300.96038818359375,0
247.64,300.96038818359375,0
247.65,301.6526794433594,0
247.66,301.6526794433594,0
247.67,300.96038818359375,0
247.68,299.9245910644531,0
247.69,299.2323303222656,0
247.7,299.2323303222656,0
247.71,298.9733581542969,0
247.72,298.9733581542969,0
247.73,299.6656494140625,0
247.74,298.9733581542969,0
247.75,298.9733581542969,0
247.76,298.9733581542969,0
247.77,298.9733581542969,0
247.78,299.6656494140625,0
247.79,299.6656494140625,0
247.8,299.83740234375,0
247.81,299.6656494140625,0
247.82,299.83740234375,0
247.83,300.0963439941406,0
247.84,300.2707214355469,0
247.85,301.3937072753906,0
247.86,301.3937072753906,0
247.87,300.2707214355469,0
247.88,300.0963439941406,0
247.89,298.7989807128906,0
247.9,298.7989807128906,0
247.91,297.0708923339844,0
247.92,295.60174560546875,0
247.93,294.8249206542969,0
247.94,294.3070373535156,0
247.95,294.0480651855469,0
247.96,293.61474609375,0
247.97,292.7507019042969,0
247.98,292.32000732421875,0
247.99,292.0610656738281,0
248,291.973876953125,0
248.01,290.07403564453125,0
248.02,289.8150939941406,0
248.03,289.46893310546875,0
248.04,289.3843994140625,0
248.05,288.345947265625,0
248.06,288.345947265625,0
248.07,288.2613830566406,0
248.08,287.9152526855469,0
248.09,288.2613830566406,0
248.1,287.9152526855469,0
248.11,288.2613830566406,0
248.12,288.345947265625,0
248.13,288.2613830566406,0
248.14,288.2613830566406,0
248.15,288.2613830566406,0
248.16,288.345947265625,0
248.17,288.4331359863281,0
248.18,288.9510498046875,0
248.19,289.0382385253906,0
248.2,290.07403564453125,0
248.21,290.07403564453125,0
248.22,290.07403564453125,0
248.23,290.6791076660156,0
248.24,290.6791076660156,0
248.25,290.6791076660156,0
248.26,290.6791076660156,0
248.27,290.6791076660156,0
248.28,290.6791076660156,0
248.29,290.7636413574219,0
248.3,290.7636413574219,0
248.31,290.7636413574219,0
248.32,292.0610656738281,0
248.33,292.2327880859375,0
248.34,292.4045715332031,0
248.35,292.4045715332031,0
248.36,293.0096435546875,0
248.37,293.09686279296875,0
248.38,293.4429931640625,0
248.39,293.4429931640625,0
248.4,293.4429931640625,0
248.41,294.13262939453125,0
248.42,294.13262939453125,0
248.43,294.13262939453125,0
248.44,294.13262939453125,0
248.45,294.912109375,0
248.46,294.912109375,0
248.47,294.13262939453125,0
248.48,294.13262939453125,0
248.49,294.13262939453125,0
248.5,292.6661376953125,0
248.51,292.32000732421875,0
248.52,291.5431823730469,0
248.53,289.8150939941406,0
248.54,289.8150939941406,0
248.55,289.7279052734375,0
248.56,288.1742248535156,0
248.57,287.9152526855469,0
248.58,287.9152526855469,0
248.59,286.9640197753906,0
248.6,286.0154113769531,0
248.61,286.0154113769531,0
248.62,286.0154113769531,0
248.63,286.0154113769531,0
248.64,286.7922668457031,0
248.65,286.0154113769531,0
248.66,286.7922668457031,0
248.67,286.0154113769531,0
248.68,285.41033935546875,0
248.69,285.41033935546875,0
248.7,285.1513977050781,0
248.71,284.720703125,0
248.72,285.1513977050781,0
248.73,285.1513977050781,0
248.74,284.720703125,0
248.75,284.63348388671875,0
248.76,284.63348388671875,0
248.77,284.63348388671875,0
248.78,283.7720947265625,0
248.79,283.7720947265625,0
248.8,283.59771728515625,0
248.81,283.59771728515625,0
248.82,283.3387451171875,0
248.83,283.25421142578125,0
248.84,282.47735595703125,0
248.85,282.47735595703125,0
248.86,282.0440368652344,0
248.87,282.0440368652344,0
248.88,282.0440368652344,0
248.89,282.0440368652344,0
248.9,282.0440368652344,0
248.91,282.5619201660156,0
248.92,282.736328125,0
248.93,282.9952392578125,0
248.94,283.1670227050781,0
248.95,283.59771728515625,0
248.96,283.1670227050781,0
248.97,283.59771728515625,0
248.98,283.1670227050781,0
248.99,282.9952392578125,0
249,283.59771728515625,0
249.01,284.3745422363281,0
249.02,284.3745422363281,0
249.03,285.1513977050781,0
249.04,285.1513977050781,0
249.05,286.44610595703125,0
249.06,286.44610595703125,0
249.07,286.5332946777344,0
249.08,286.5332946777344,0
249.09,286.705078125,0
249.1,286.5332946777344,0
249.11,286.44610595703125,0
249.12,285.3257751464844,0
249.13,284.3745422363281,0
249.14,284.2027893066406,0
249.15,284.2027893066406,0
249.16,284.0310363769531,0
249.17,282.1312255859375,0
249.18,282.0440368652344,0
249.19,281.4415588378906,0
249.2,281.0108642578125,0
249.21,279.9750671386719,0
249.22,279.88787841796875,0
249.23,279.3699951171875,0
249.24,279.1110534667969,0
249.25,278.2496643066406,0
249.26,278.1624755859375,0
249.27,276.5242004394531,0
249.28,275.8345947265625,0
249.29,275.66015625,0
249.3,274.1963195800781,0
249.31,273.9374084472656,0
249.32,273.9374084472656,0
249.33,272.5580749511719,0
249.34,272.2119445800781,0
249.35,271.26336669921875,0
249.36,271.1788024902344,0
249.37,270.91986083984375,0
249.38,270.7454528808594,0
249.39,270.660888671875,0
249.4,270.5736999511719,0
249.41,270.4019775390625,0
249.42,270.14300537109375,0
249.43,270.14300537109375,0
249.44,270.0584716796875,0
249.45,270.0584716796875,0
249.46,269.453369140625,0
249.47,269.3661804199219,0
249.48,269.2816162109375,0
249.49,268.93548583984375,0
249.5,268.5047912597656,0
249.51,268.2458190917969,0
249.52,267.81512451171875,0
249.53,267.64337158203125,0
249.54,267.64337158203125,0
249.55,267.81512451171875,0
249.56,267.81512451171875,0
249.57,267.64337158203125,0
249.58,267.47161865234375,0
249.59,267.47161865234375,0
249.6,267.47161865234375,0
249.61,267.47161865234375,0
249.62,267.47161865234375,0
249.63,267.47161865234375,0
249.64,267.47161865234375,0
249.65,267.47161865234375,0
249.66,267.5588073730469,0
249.67,267.5588073730469,0
249.68,267.5588073730469,0
249.69,267.5588073730469,0
249.7,267.3844299316406,0
249.71,267.47161865234375,0
249.72,267.29986572265625,0
249.73,266.6102294921875,0
249.74,266.6102294921875,0
249.75,266.1795349121094,0
249.76,266.1795349121094,0
249.77,266.6102294921875,0
249.78,266.781982421875,0
249.79,266.781982421875,0
249.8,266.1795349121094,0
249.81,266.4384765625,0
249.82,266.4384765625,0
249.83,266.4384765625,0
249.84,266.4384765625,0
249.85,266.4384765625,0
249.86,266.4384765625,0
249.87,266.1795349121094,0
249.88,266.1795349121094,0
249.89,266.0923156738281,0
249.9,266.0923156738281,0
249.91,265.92059326171875,0
249.92,265.8334045410156,0
249.93,265.5744323730469,0
249.94,265.318115234375,0
249.95,265.318115234375,0
249.96,265.318115234375,0
249.97,265.2309265136719,0
249.98,265.2309265136719,0
249.99,265.2309265136719,0
250,264.7130432128906,0
250.01,264.5412902832031,0
250.02,264.5412902832031,0
250.03,264.110595703125,0
250.04,263.8516540527344,0
250.05,263.4209289550781,0
250.06,263.4209289550781,0
250.07,263.4209289550781,0
250.08,263.3363952636719,0
250.09,263.3363952636719,0
250.1,263.3363952636719,0
250.11,263.07745361328125,0
250.12,262.646728515625,0
250.13,262.12884521484375,0
250.14,261.9571228027344,0
250.15,261.7008056640625,0
250.16,261.9571228027344,0
250.17,261.9571228027344,0
250.18,261.7008056640625,0
250.19,261.7008056640625,0
250.2,261.2674560546875,0
250.21,261.2674560546875,0
250.22,261.095703125,0
250.23,260.4932556152344,0
250.24,260.23431396484375,0
250.25,259.8036193847656,0
250.26,259.1166076660156,0
250.27,258.9448547363281,0
250.28,258.9448547363281,0
250.29,258.6859130859375,0
250.3,258.6859130859375,0
250.31,258.6859130859375,0
250.32,258.857666015625,0
250.33,258.857666015625,0
250.34,258.857666015625,0
250.35,258.6859130859375,0
250.36,258.6859130859375,0
250.37,257.82452392578125,0
250.38,257.82452392578125,0
250.39,257.7373352050781,0
250.4,257.1348571777344,0
250.41,256.7913513183594,0
250.42,256.7913513183594,0
250.43,256.70416259765625,0
250.44,256.70416259765625,0
250.45,256.61962890625,0
250.46,256.61962890625,0
250.47,256.61962890625,0
250.48,256.70416259765625,0
250.49,256.70416259765625,0
250.5,256.2734680175781,0
250.51,255.84542846679688,0
250.52,255.84542846679688,0
250.53,255.75823974609375,0
250.54,255.84542846679688,0
250.55,255.84542846679688,0
250.56,255.84542846679688,0
250.57,255.67367553710938,0
250.58,255.67367553710938,0
250.59,255.07122802734375,0
250.6,255.07122802734375,0
250.61,255.07122802734375,0
250.62,255.07122802734375,0
250.63,255.07122802734375,0
250.64,255.07122802734375,0
250.65,255.07122802734375,0
250.66,253.86367797851562,0
250.67,253.86367797851562,0
250.68,254.89682006835938,0
250.69,254.29437255859375,0
250.7,254.29437255859375,0
250.71,254.89682006835938,0
250.72,254.46875,0
250.73,254.46875,0
250.74,254.29437255859375,0
250.75,254.29437255859375,0
250.76,253.95086669921875,0
250.77,253.95086669921875,0
250.78,253.95086669921875,0
250.79,253.86367797851562,0
250.8,252.7459716796875,0
250.81,252.14352416992188,0
250.82,252.7459716796875,0
250.83,252.14352416992188,0
250.84,252.0589599609375,0
250.85,251.97177124023438,0
250.86,251.97177124023438,0
250.87,252.0589599609375,0
250.88,252.0589599609375,0
250.89,252.14352416992188,0
250.9,252.14352416992188,0
250.91,252.14352416992188,0
250.92,252.14352416992188,0
250.93,252.14352416992188,0
250.94,252.14352416992188,0
250.95,251.88458251953125,0
250.96,251.19757080078125,0
250.97,251.02584838867188,0
250.98,250.5079345703125,0
250.99,250.07986450195312,0
251,249.47744750976562,0
251.01,249.47744750976562,0
251.02,249.47744750976562,0
251.03,249.39022827148438,0
251.04,249.39022827148438,0
251.05,249.39022827148438,0
251.06,249.39022827148438,0
251.07,249.47744750976562,0
251.08,249.47744750976562,0
251.09,249.47744750976562,0
251.1,249.47744750976562,0
251.11,249.47744750976562,0
251.12,249.47744750976562,0
251.13,248.87496948242188,0
251.14,248.01358032226562,0
251.15,248.01358032226562,0
251.16,248.01358032226562,0
251.17,248.01358032226562,0
251.18,248.44427490234375,0
251.19,248.44427490234375,0
251.2,248.10076904296875,0
251.21,248.10076904296875,0
251.22,248.01358032226562,0
251.23,247.67007446289062,0
251.24,247.67007446289062,0
251.25,247.32656860351562,0
251.26,247.32656860351562,0
251.27,247.32656860351562,0
251.28,247.32656860351562,0
251.29,247.32656860351562,0
251.3,247.15484619140625,0
251.31,247.15484619140625,0
251.32,246.5523681640625,0
251.33,246.2088623046875,0
251.34,246.5523681640625,0
251.35,246.38064575195312,0
251.36,246.2088623046875,0
251.37,246.38064575195312,0
251.38,245.8653564453125,0
251.39,245.8653564453125,0
251.4,246.38064575195312,0
251.41,245.8653564453125,0
251.42,245.6064453125,0
251.43,245.43466186523438,0
251.44,245.09115600585938,0
251.45,245.43466186523438,0
251.46,244.40155029296875,0
251.47,245.262939453125,0
251.48,245.262939453125,0
251.49,244.31695556640625,0
251.5,244.31695556640625,0
251.51,244.05804443359375,0
251.52,243.97344970703125,0
251.53,243.97344970703125,0
251.54,243.97344970703125,0
251.55,244.31695556640625,0
251.56,244.31695556640625,0
251.57,244.57327270507812,0
251.58,244.57327270507812,0
251.59,244.57327270507812,0
251.6,244.57327270507812,0
251.61,244.74765014648438,0
251.62,244.83224487304688,0
251.63,244.83224487304688,0
251.64,244.83224487304688,0
251.65,244.83224487304688,0
251.66,244.83224487304688,0
251.67,244.83224487304688,0
251.68,245.09115600585938,0
251.69,245.09115600585938,0
251.7,246.03713989257812,0
251.71,246.29342651367188,0
251.72,246.98306274414062,0
251.73,247.4111328125,0
251.74,247.58554077148438,0
251.75,247.58554077148438,0
251.76,248.95953369140625,0
251.77,248.95953369140625,0
251.78,248.95953369140625,0
251.79,248.95953369140625,0
251.8,248.95953369140625,0
251.81,248.87496948242188,0
251.82,248.53146362304688,0
251.83,248.10076904296875,0
251.84,248.10076904296875,0
251.85,248.01358032226562,0
251.86,248.01358032226562,0
251.87,248.01358032226562,0
251.88,248.01358032226562,0
251.89,248.01358032226562,0
251.9,247.92904663085938,0
251.91,247.75726318359375,0
251.92,246.63955688476562,0
251.93,246.46783447265625,0
251.94,246.38064575195312,0
251.95,245.34747314453125,0
251.96,244.83224487304688,0
251.97,243.97344970703125,0
251.98,243.88626098632812,0
251.99,243.62734985351562,0
252,243.62734985351562,0
252.01,243.28384399414062,0
252.02,243.28384399414062,0
252.03,242.94033813476562,0
252.04,243.28384399414062,0
252.05,242.5096435546875,0
252.06,242.1661376953125,0
252.07,242.5096435546875,0
252.08,241.1356201171875,0
252.09,241.1356201171875,0
252.1,241.1356201171875,0
252.11,241.1356201171875,0
252.12,241.1356201171875,0
252.13,241.1356201171875,0
252.14,241.1356201171875,0
252.15,241.39459228515625,0
252.16,241.1356201171875,0
252.17,241.1356201171875,0
252.18,240.4486083984375,0
252.19,240.01791381835938,0
252.2,240.01791381835938,0
252.21,239.41549682617188,0
252.22,239.41549682617188,0
252.23,239.41549682617188,0
252.24,239.41549682617188,0
252.25,239.41549682617188,0
252.26,239.41549682617188,0
252.27,241.56631469726562,0
252.28,241.73809814453125,0
252.29,241.99435424804688,0
252.3,241.99435424804688,0
252.31,241.73809814453125,0
252.32,241.73809814453125,0
252.33,241.73809814453125,0
252.34,241.8226318359375,0
252.35,241.8226318359375,0
252.36,241.90982055664062,0
252.37,241.90982055664062,0
252.38,241.90982055664062,0
252.39,241.90982055664062,0
252.4,241.90982055664062,0
252.41,241.90982055664062,0
252.42,241.90982055664062,0
252.43,240.36141967773438,0
252.44,240.01791381835938,0
252.45,239.502685546875,0
252.46,237.86972045898438,0
252.47,237.78518676757812,0
252.48,237.2698974609375,0
252.49,236.92376708984375,0
252.5,236.75201416015625,0
252.51,235.72149658203125,0
252.52,234.60647583007812,0
252.53,233.832275390625,0
252.54,232.88629150390625,0
252.55,232.62997436523438,0
252.56,231.2559814453125,0
252.57,231.2559814453125,0
252.58,231.2559814453125,0
252.59,230.5689697265625,0
252.6,229.966552734375,0
252.61,229.966552734375,0
252.62,229.966552734375,0
252.63,229.8819580078125,0
252.64,229.8819580078125,0
252.65,229.966552734375,0
252.66,230.31005859375,0
252.67,230.39724731445312,0
252.68,230.39724731445312,0
252.69,230.48178100585938,0
252.7,230.48178100585938,0
252.71,231.2559814453125,0
252.72,231.68405151367188,0
252.73,233.31698608398438,0
252.74,233.31698608398438,0
252.75,233.48876953125,0
252.76,233.74505615234375,0
252.77,234.26031494140625,0
252.78,234.34750366210938,0
252.79,234.51925659179688,0
252.8,234.69100952148438,0
252.81,234.949951171875,0
252.82,234.949951171875,0
252.83,235.89328002929688,0
252.84,235.4652099609375,0
252.85,235.98046875,0
252.86,235.4652099609375,0
252.87,235.636962890625,0
252.88,235.98046875,0
252.89,235.98046875,0
252.9,235.636962890625,0
252.91,235.4652099609375,0
252.92,235.37799072265625,0
252.93,235.37799072265625,0
252.94,235.29345703125,0
252.95,233.145263671875,0
252.96,232.88629150390625,0
252.97,232.8017578125,0
252.98,230.2254638671875,0
252.99,230.2254638671875,0
253,228.85150146484375,0
253.01,228.85150146484375,0
253.02,228.85150146484375,0
253.03,229.45126342773438,0
253.04,229.45126342773438,0
253.05,229.45126342773438,0
253.06,229.45126342773438,0
253.07,229.45126342773438,0
253.08,229.45126342773438,0
253.09,229.79476928710938,0
253.1,229.966552734375,0
253.11,229.79476928710938,0
253.12,228.59515380859375,0
253.13,228.59515380859375,0
253.14,228.59515380859375,0
253.15,228.59515380859375,0
253.16,229.10775756835938,0
253.17,229.10775756835938,0
253.18,227.30572509765625,0
253.19,227.30572509765625,0
253.2,229.10775756835938,0
253.21,229.19500732421875,0
253.22,229.279541015625,0
253.23,229.623046875,0
253.24,230.48178100585938,0
253.25,231.16879272460938,0
253.26,231.16879272460938,0
253.27,231.16879272460938,0
253.28,230.48178100585938,0
253.29,230.48178100585938,0
253.3,230.39724731445312,0
253.31,230.39724731445312,0
253.32,229.79476928710938,0
253.33,229.45126342773438,0
253.34,228.67971801757812,0
253.35,228.67971801757812,0
253.36,228.67971801757812,0
253.37,228.67971801757812,0
253.38,228.16448974609375,0
253.39,227.73641967773438,0
253.4,227.64923095703125,0
253.41,227.39291381835938,0
253.42,226.44699096679688,0
253.43,226.10348510742188,0
253.44,225.07559204101562,0
253.45,224.9884033203125,0
253.46,223.87335205078125,0
253.47,223.70159912109375,0
253.48,222.67108154296875,0
253.49,221.47146606445312,0
253.5,221.29971313476562,0
253.51,220.95623779296875,0
253.52,220.52816772460938,0
253.53,220.09747314453125,0
253.54,219.92572021484375,0
253.55,219.1541748046875,0
253.56,218.4671630859375,0
253.57,217.78280639648438,0
253.58,217.95455932617188,0
253.59,217.78280639648438,0
253.6,217.09579467773438,0
253.61,217.09579467773438,0
253.62,217.09579467773438,0
253.63,216.58319091796875,0
253.64,216.58319091796875,0
253.65,216.58319091796875,0
253.66,216.58319091796875,0
253.67,216.58319091796875,0
253.68,216.58319091796875,0
253.69,216.41143798828125,0
253.7,216.15249633789062,0
253.71,216.15249633789062,0
253.72,216.15249633789062,0
253.73,215.72442626953125,0
253.74,215.72442626953125,0
253.75,215.72442626953125,0
253.76,215.639892578125,0
253.77,215.55267333984375,0
253.78,215.55267333984375,0
253.79,215.639892578125,0
253.8,215.72442626953125,0
253.81,215.72442626953125,0
253.82,216.06793212890625,0
253.83,216.75228881835938,0
253.84,217.09579467773438,0
253.85,217.09579467773438,0
253.86,217.69561767578125,0
253.87,217.69561767578125,0
253.88,217.69561767578125,0
253.89,217.69561767578125,0
253.9,217.78280639648438,0
253.91,217.95455932617188,0
253.92,218.638916015625,0
253.93,218.89785766601562,0
253.94,218.982421875,0
253.95,219.41311645507812,0
253.96,220.87167358398438,0
253.97,221.29971313476562,0
253.98,221.29971313476562,0
253.99,221.29971313476562,0
254,221.29971313476562,0
254.01,221.38427734375,0
254.02,221.29971313476562,0
254.03,220.697265625,0
254.04,220.09747314453125,0
254.05,220.09747314453125,0
254.06,220.09747314453125,0
254.07,220.09747314453125,0
254.08,220.09747314453125,0
254.09,220.09747314453125,0
254.1,220.09747314453125,0
254.11,220.09747314453125,0
254.12,220.09747314453125,0
254.13,220.09747314453125,0
254.14,217.78280639648438,0
254.15,217.26754760742188,0
254.16,217.26754760742188,0
254.17,217.26754760742188,0
254.18,217.26754760742188,0
254.19,217.01126098632812,0
254.2,216.41143798828125,0
254.21,216.41143798828125,0
254.22,216.58319091796875,0
254.23,217.26754760742188,0
254.24,218.29806518554688,0
254.25,218.29806518554688,0
254.26,216.58319091796875,0
254.27,216.41143798828125,0
254.28,216.41143798828125,0
254.29,216.41143798828125,0
254.3,216.15249633789062,0
254.31,216.06793212890625,0
254.32,215.38092041015625,0
254.33,215.29638671875,0
254.34,214.7811279296875,0
254.35,214.0941162109375,0
254.36,214.0941162109375,0
254.37,214.7811279296875,0
254.38,214.0941162109375,0
254.39,212.80996704101562,0
254.4,212.80996704101562,0
254.41,212.29470825195312,0
254.42,211.35140991210938,0
254.43,211.0950927734375,0
254.44,211.35140991210938,0
254.45,211.35140991210938,0
254.46,211.0950927734375,0
254.47,211.0950927734375,0
254.48,211.35140991210938,0
254.49,212.29470825195312,0
254.5,212.55364990234375,0
254.51,212.55364990234375,0
254.52,212.55364990234375,0
254.53,211.52316284179688,0
254.54,209.55197143554688,0
254.55,208.69586181640625,0
254.56,208.69586181640625,0
254.57,208.60867309570312,0
254.58,208.52410888671875,0
254.59,208.52410888671875,0
254.6,208.35235595703125,0
254.61,208.35235595703125,0
254.62,207.580810546875,0
254.63,207.580810546875,0
254.64,206.8118896484375,0
254.65,206.8118896484375,0
254.66,206.8118896484375,0
254.67,206.72470092773438,0
254.68,206.72470092773438,0
254.69,206.72470092773438,0
254.7,206.8118896484375,0
254.71,207.7525634765625,0
254.72,207.7525634765625,0
254.73,208.01150512695312,0
254.74,208.01150512695312,0
254.75,208.01150512695312,0
254.76,208.01150512695312,0
254.77,208.01150512695312,0
254.78,208.01150512695312,0
254.79,206.64013671875,0
254.8,206.64013671875,0
254.81,206.64013671875,0
254.82,206.64013671875,0
254.83,206.64013671875,0
254.84,206.64013671875,0
254.85,206.72470092773438,0
254.86,206.72470092773438,0
254.87,206.72470092773438,0
254.88,206.72470092773438,0
254.89,206.72470092773438,0
254.9,206.72470092773438,0
254.91,205.26876831054688,0
254.92,205.18423461914062,0
254.93,205.26876831054688,0
254.94,205.26876831054688,0
254.95,205.18423461914062,0
254.96,204.92529296875,0
254.97,204.92529296875,0
254.98,204.92529296875,0
254.99,204.92529296875,0
255,204.92529296875,0
255.01,204.92529296875,0
255.02,204.92529296875,0
255.03,204.92529296875,0
255.04,204.92529296875,0
255.05,204.92529296875,0
255.06,204.49722290039062,0
255.07,205.18423461914062,0
255.08,204.49722290039062,0
255.09,204.49722290039062,0
255.1,201.84432983398438,0
255.11,201.41629028320312,0
255.12,201.41629028320312,0
255.13,201.41629028320312,0
255.14,201.41629028320312,0
255.15,200.81646728515625,0
255.16,200.81646728515625,0
255.17,199.70404052734375,0
255.18,199.53231811523438,0
255.19,199.70404052734375,0
255.2,199.70404052734375,0
255.21,199.96035766601562,0
255.22,199.70404052734375,0
255.23,199.18881225585938,0
255.24,199.18881225585938,0
255.25,199.104248046875,0
255.26,199.104248046875,0
255.27,199.104248046875,0
255.28,198.5889892578125,0
255.29,198.5889892578125,0
255.3,197.9918212890625,0
255.31,197.4765625,0
255.32,197.4765625,0
255.33,197.4765625,0
255.34,197.39202880859375,0
255.35,197.39202880859375,0
255.36,197.39202880859375,0
255.37,196.7076416015625,0
255.38,196.6204833984375,0
255.39,196.6204833984375,0
255.4,196.7076416015625,0
255.41,195.93609619140625,0
255.42,195.93609619140625,0
255.43,196.7076416015625,0
255.44,196.7076416015625,0
255.45,196.9639892578125,0
255.46,196.9639892578125,0
255.47,196.9639892578125,0
255.48,197.22027587890625,0
255.49,197.39202880859375,0
255.5,197.39202880859375,0
255.51,196.9639892578125,0
255.52,196.19241333007812,0
255.53,196.19241333007812,0
255.54,196.10784912109375,0
255.55,196.19241333007812,0
255.56,196.19241333007812,0
255.57,196.19241333007812,0
255.58,196.10784912109375,0
255.59,196.10784912109375,0
255.6,196.10784912109375,0
255.61,194.99545288085938,0
255.62,194.48281860351562,0
255.63,194.13931274414062,0
255.64,194.05477905273438,0
255.65,194.05477905273438,0
255.66,193.96759033203125,0
255.67,193.02691650390625,0
255.68,193.02691650390625,0
255.69,192.94235229492188,0
255.7,192.94235229492188,0
255.71,193.02691650390625,0
255.72,194.31106567382812,0
255.73,194.31106567382812,0
255.74,193.88302612304688,0
255.75,194.31106567382812,0
255.76,194.31106567382812,0
255.77,193.88302612304688,0
255.78,194.31106567382812,0
255.79,193.88302612304688,0
255.8,193.19866943359375,0
255.81,192.77059936523438,0
255.82,193.19866943359375,0
255.83,193.19866943359375,0
255.84,192.94235229492188,0
255.85,192.342529296875,0
255.86,192.94235229492188,0
255.87,192.94235229492188,0
255.88,193.53952026367188,0
255.89,194.3956298828125,0
255.9,194.3956298828125,0
255.91,194.3956298828125,0
255.92,194.05477905273438,0
255.93,194.05477905273438,0
255.94,194.05477905273438,0
255.95,191.8299560546875,0
255.96,191.74273681640625,0
255.97,191.74273681640625,0
255.98,190.97384643554688,0
255.99,190.97384643554688,0
256,190.97384643554688,0
256.01,190.46121215820312,0
256.02,190.97384643554688,0
256.03,190.97384643554688,0
256.04,190.46121215820312,0
256.05,193.19866943359375,0
256.06,191.74273681640625,0
256.07,191.74273681640625,0
256.08,190.46121215820312,0
256.09,190.46121215820312,0
256.1,191.05838012695312,0
256.11,190.28945922851562,0
256.12,190.28945922851562,0
256.13,191.05838012695312,0
256.14,191.05838012695312,0
256.15,190.11770629882812,0
256.16,191.05838012695312,0
256.17,191.57363891601562,0
256.18,191.05838012695312,0
256.19,191.57363891601562,0
256.2,192.25799560546875,0
256.21,192.25799560546875,0
256.22,192.25799560546875,0
256.23,192.25799560546875,0
256.24,192.25799560546875,0
256.25,193.53952026367188,0
256.26,193.96759033203125,0
256.27,193.96759033203125,0
256.28,193.96759033203125,0
256.29,193.53952026367188,0
256.3,193.53952026367188,0
256.31,192.94235229492188,0
256.32,191.658203125,0
256.33,191.57363891601562,0
256.34,191.57363891601562,0
256.35,191.57363891601562,0
256.36,191.57363891601562,0
256.37,191.658203125,0
256.38,192.25799560546875,0
256.39,192.42709350585938,0
256.4,192.42709350585938,0
256.41,192.85516357421875,0
256.42,192.85516357421875,0
256.43,192.42709350585938,0
256.44,192.25799560546875,0
256.45,192.17080688476562,0
256.46,191.658203125,0
256.47,191.05838012695312,0
256.48,190.28945922851562,0
256.49,190.11770629882812,0
256.5,189.34881591796875,0
256.51,189.34881591796875,0
256.52,189.17706298828125,0
256.53,188.49267578125,0
256.54,188.06463623046875,0
256.55,187.63922119140625,0
256.56,187.63922119140625,0
256.57,187.8955078125,0
256.58,188.06463623046875,0
256.59,188.06463623046875,0
256.6,188.06463623046875,0
256.61,187.8955078125,0
256.62,187.8955078125,0
256.63,186.0987548828125,0
256.64,185.58615112304688,0
256.65,185.5015869140625,0
256.66,184.47634887695312,0
256.67,184.22006225585938,0
256.68,183.27938842773438,0
256.69,182.51046752929688,0
256.7,182.3387451171875,0
256.71,182.25418090820312,0
256.72,180.8009033203125,0
256.73,180.02932739257812,0
256.74,179.6884765625,0
256.75,179.6884765625,0
256.76,179.17587280273438,0
256.77,178.15066528320312,0
256.78,177.80978393554688,0
256.79,177.29718017578125,0
256.8,175.75936889648438,0
256.81,175.6748046875,0
256.82,175.5030517578125,0
256.83,174.9058837890625,0
256.84,174.734130859375,0
256.85,173.88064575195312,0
256.86,173.79345703125,0
256.87,173.79345703125,0
256.88,173.88064575195312,0
256.89,172.77090454101562,0
256.9,172.59915161132812,0
256.91,172.59915161132812,0
256.92,172.59915161132812,0
256.93,172.59915161132812,0
256.94,172.6837158203125,0
256.95,172.6837158203125,0
256.96,172.59915161132812,0
256.97,172.59915161132812,0
256.98,172.59915161132812,0
256.99,172.51458740234375,0
257,172.6837158203125,0
257.01,172.85543823242188,0
257.02,172.94000244140625,0
257.03,172.94000244140625,0
257.04,173.02719116210938,0
257.05,173.1962890625,0
257.06,173.1962890625,0
257.07,173.1962890625,0
257.08,173.62435913085938,0
257.09,173.88064575195312,0
257.1,174.39328002929688,0
257.11,175.24673461914062,0
257.12,175.41848754882812,0
257.13,176.10018920898438,0
257.14,176.18740844726562,0
257.15,176.18740844726562,0
257.16,176.18740844726562,0
257.17,176.18740844726562,0
257.18,176.18740844726562,0
257.19,176.27194213867188,0
257.2,176.27194213867188,0
257.21,176.27194213867188,0
257.22,176.35653686523438,0
257.23,176.35653686523438,0
257.24,176.52828979492188,0
257.25,176.52828979492188,0
257.26,176.35653686523438,0
257.27,176.35653686523438,0
257.28,176.35653686523438,0
257.29,176.52828979492188,0
257.3,176.52828979492188,0
257.31,176.18740844726562,0
257.32,175.331298828125,0
257.33,174.9058837890625,0
257.34,174.9058837890625,0
257.35,173.9652099609375,0
257.36,172.34283447265625,0
257.37,172.17373657226562,0
257.38,171.83023071289062,0
257.39,171.317626953125,0
257.4,171.14849853515625,0
257.41,171.317626953125,0
257.42,171.06396484375,0
257.43,170.46414184570312,0
257.44,170.123291015625,0
257.45,169.95416259765625,0
257.46,169.95416259765625,0
257.47,169.44155883789062,0
257.48,169.44155883789062,0
257.49,169.44155883789062,0
257.5,169.44155883789062,0
257.51,169.44155883789062,0
257.52,169.44155883789062,0
257.53,169.44155883789062,0
257.54,169.44155883789062,0
257.55,169.09808349609375,0
257.56,169.09808349609375,0
257.57,169.6978759765625,0
257.58,169.6978759765625,0
257.59,169.09808349609375,0
257.6,169.09808349609375,0
257.61,168.67266845703125,0
257.62,169.09808349609375,0
257.63,169.09808349609375,0
257.64,169.09808349609375,0
257.65,169.09808349609375,0
257.66,169.09808349609375,0
257.67,169.09808349609375,0
257.68,168.928955078125,0
257.69,168.928955078125,0
257.7,168.928955078125,0
257.71,168.928955078125,0
257.72,168.928955078125,0
257.73,168.84442138671875,0
257.74,168.50091552734375,0
257.75,167.6474609375,0
257.76,167.39114379882812,0
257.77,167.39114379882812,0
257.78,167.39114379882812,0
257.79,167.6474609375,0
257.8,167.39114379882812,0
257.81,167.6474609375,0
257.82,167.39114379882812,0
257.83,167.6474609375,0
257.84,167.6474609375,0
257.85,167.73199462890625,0
257.86,167.73199462890625,0
257.87,167.90374755859375,0
257.88,170.20782470703125,0
257.89,170.46414184570312,0
257.9,170.80764770507812,0
257.91,170.80764770507812,0
257.92,171.317626953125,0
257.93,171.4893798828125,0
257.94,171.4893798828125,0
257.95,171.317626953125,0
257.96,171.317626953125,0
257.97,171.317626953125,0
257.98,171.317626953125,0
257.99,171.317626953125,0
258,171.317626953125,0
258.01,171.57391357421875,0
258.02,171.57391357421875,0
258.03,172.00198364257812,0
258.04,172.00198364257812,0
258.05,172.00198364257812,0
258.06,171.57391357421875,0
258.07,171.57391357421875,0
258.08,170.97674560546875,0
258.09,168.331787109375,0
258.1,167.90374755859375,0
258.11,166.96572875976562,0
258.12,166.2813720703125,0
258.13,164.8333740234375,0
258.14,163.80816650390625,0
258.15,162.95468139648438,0
258.16,162.95468139648438,0
258.17,162.8701171875,0
258.18,161.07864379882812,0
258.19,160.65322875976562,0
258.2,160.14059448242188,0
258.21,158.34912109375,0
258.22,158.34912109375,0
258.23,157.9237060546875,0
258.24,157.24197387695312,0
258.25,157.15478515625,0
258.26,157.15478515625,0
258.27,156.81393432617188,0
258.28,156.7293701171875,0
258.29,156.04763793945312,0
258.3,155.70681762695312,0
258.31,155.70681762695312,0
258.32,155.70681762695312,0
258.33,155.70681762695312,0
258.34,155.10964965820312,0
258.35,154.76876831054688,0
258.36,154.76876831054688,0
258.37,154.76876831054688,0
258.38,154.76876831054688,0
258.39,155.79135131835938,0
258.4,156.21676635742188,0
258.41,156.303955078125,0
258.42,156.303955078125,0
258.43,156.98568725585938,0
258.44,157.07022094726562,0
258.45,157.58285522460938,0
258.46,157.66738891601562,0
258.47,157.83914184570312,0
258.48,159.3717041015625,0
258.49,159.45889282226562,0
258.5,159.62799072265625,0
258.51,159.79974365234375,0
258.52,160.22515869140625,0
258.53,160.22515869140625,0
258.54,160.73776245117188,0
258.55,161.67578125,0
258.56,161.93209838867188,0
258.57,162.27294921875,0
258.58,161.93209838867188,0
258.59,161.76034545898438,0
258.6,161.76034545898438,0
258.61,161.76034545898438,0
258.62,161.76034545898438,0
258.63,161.76034545898438,0
258.64,161.59124755859375,0
258.65,161.59124755859375,0
258.66,161.33493041992188,0
258.67,161.33493041992188,0
258.68,161.33493041992188,0
258.69,159.79974365234375,0
258.7,159.45889282226562,0
258.71,157.41110229492188,0
258.72,156.81393432617188,0
258.73,155.70681762695312,0
258.74,155.70681762695312,0
258.75,155.36593627929688,0
258.76,155.36593627929688,0
258.77,155.02508544921875,0
258.78,154.25881958007812,0
258.79,154.25881958007812,0
258.8,155.02508544921875,0
258.81,155.02508544921875,0
258.82,153.91531372070312,0
258.83,153.91531372070312,0
258.84,153.91531372070312,0
258.85,153.74618530273438,0
258.86,153.14901733398438,0
258.87,153.14901733398438,0
258.88,153.14901733398438,0
258.89,153.14901733398438,0
258.9,153.14901733398438,0
258.91,154.25881958007812,0
258.92,153.66165161132812,0
258.93,153.66165161132812,0
258.94,153.91531372070312,0
258.95,153.91531372070312,0
258.96,153.91531372070312,0
258.97,154.08706665039062,0
258.98,154.08706665039062,0
258.99,153.91531372070312,0
259,153.91531372070312,0
259.01,153.91531372070312,0
259.02,153.91531372070312,0
259.03,153.91531372070312,0
259.04,153.91531372070312,0
259.05,153.91531372070312,0
259.06,153.83074951171875,0
259.07,153.83074951171875,0
259.08,153.83074951171875,0
259.09,153.83074951171875,0
259.1,153.83074951171875,0
259.11,152.5518798828125,0
259.12,152.46731567382812,0
259.13,152.46731567382812,0
259.14,152.38275146484375,0
259.15,152.21099853515625,0
259.16,152.21099853515625,0
259.17,152.21099853515625,0
259.18,152.38275146484375,0
259.19,153.83074951171875,0
259.2,154.25881958007812,0
259.21,154.76876831054688,0
259.22,154.76876831054688,0
259.23,154.76876831054688,0
259.24,154.76876831054688,0
259.25,154.42791748046875,0
259.26,154.42791748046875,0
259.27,153.74618530273438,0
259.28,153.32077026367188,0
259.29,153.23358154296875,0
259.3,152.5518798828125,0
259.31,152.12646484375,0
259.32,151.95733642578125,0
259.33,150.2530517578125,0
259.34,150.081298828125,0
259.35,149.23046875,0
259.36,148.29244995117188,0
259.37,148.12332153320312,0
259.38,147.10076904296875,0
259.39,146.92901611328125,0
259.4,146.33450317382812,0
259.41,145.56558227539062,0
259.42,145.39645385742188,0
259.43,145.05560302734375,0
259.44,144.79928588867188,0
259.45,144.3739013671875,0
259.46,144.1202392578125,0
259.47,143.60760498046875,0
259.48,142.84133911132812,0
259.49,142.50048828125,0
259.5,141.99050903320312,0
259.51,141.8214111328125,0
259.52,140.88339233398438,0
259.53,140.71426391601562,0
259.54,140.62973022460938,0
259.55,140.62973022460938,0
259.56,140.62973022460938,0
259.57,140.54251098632812,0
259.58,140.62973022460938,0
259.59,140.54251098632812,0
259.6,140.54251098632812,0
259.61,140.20166015625,0
259.62,140.03256225585938,0
259.63,139.69171142578125,0
259.64,139.00997924804688,0
259.65,138.84088134765625,0
259.66,138.84088134765625,0
259.67,138.58721923828125,0
259.68,138.33090209960938,0
259.69,138.15914916992188,0
259.7,137.90548706054688,0
259.71,138.15914916992188,0
259.72,138.0745849609375,0
259.73,138.0745849609375,0
259.74,137.13922119140625,0
259.75,136.96746826171875,0
259.76,137.05465698242188,0
259.77,136.96746826171875,0
259.78,136.96746826171875,0
259.79,137.05465698242188,0
259.8,136.96746826171875,0
259.81,136.96746826171875,0
259.82,135.86297607421875,0
259.83,135.86297607421875,0
259.84,136.20382690429688,0
259.85,135.86297607421875,0
259.86,135.86297607421875,0
259.87,135.86297607421875,0
259.88,135.86297607421875,0
259.89,135.86297607421875,0
259.9,135.35299682617188,0
259.91,135.18124389648438,0
259.92,135.18124389648438,0
259.93,135.18124389648438,0
259.94,135.86297607421875,0
259.95,135.60665893554688,0
259.96,135.86297607421875,0
259.97,135.86297607421875,0
259.98,135.94754028320312,0
259.99,136.03207397460938,0
260,136.03207397460938,0
260.01,136.28839111328125,0
260.02,136.88290405273438,0
260.03,136.96746826171875,0
260.04,137.39553833007812,0
260.05,137.39553833007812,0
260.06,137.649169921875,0
260.07,137.649169921875,0
260.08,137.649169921875,0
260.09,137.73373413085938,0
260.1,137.73373413085938,0
260.11,137.73373413085938,0
260.12,139.18173217773438,0
260.13,139.350830078125,0
260.14,139.350830078125,0
260.15,139.350830078125,0
260.16,139.5225830078125,0
260.17,140.28884887695312,0
260.18,139.5225830078125,0
260.19,139.5225830078125,0
260.2,139.5225830078125,0
260.21,139.86346435546875,0
260.22,139.86346435546875,0
260.23,140.28884887695312,0
260.24,140.71426391601562,0
260.25,140.71426391601562,0
260.26,140.71426391601562,0
260.27,140.71426391601562,0
260.28,139.86346435546875,0
260.29,139.86346435546875,0
260.3,139.43804931640625,0
260.31,139.09716796875,0
260.32,138.58721923828125,0
260.33,138.15914916992188,0
260.34,137.39553833007812,0
260.35,137.39553833007812,0
260.36,136.96746826171875,0
260.37,137.05465698242188,0
260.38,136.96746826171875,0
260.39,136.96746826171875,0
260.4,136.45748901367188,0
260.41,136.45748901367188,0
260.42,135.01214599609375,0
260.43,134.9276123046875,0
260.44,134.41497802734375,0
260.45,133.99221801757812,0
260.46,133.99221801757812,0
260.47,133.31048583984375,0
260.48,132.29055786132812,0
260.49,131.69338989257812,0
260.5,131.01431274414062,0
260.51,131.01431274414062,0
260.52,131.01431274414062,0
260.53,130.84521484375,0
260.54,130.84521484375,0
260.55,130.58889770507812,0
260.56,130.58889770507812,0
260.57,130.50433349609375,0
260.58,130.50433349609375,0
260.59,130.58889770507812,0
260.6,130.58889770507812,0
260.61,130.58889770507812,0
260.62,130.58889770507812,0
260.63,130.58889770507812,0
260.64,130.84521484375,0
260.65,131.26797485351562,0
260.66,131.26797485351562,0
260.67,130.84521484375,0
260.68,131.26797485351562,0
260.69,131.26797485351562,0
260.7,131.26797485351562,0
260.71,131.26797485351562,0
260.72,130.84521484375,0
260.73,130.58889770507812,0
260.74,130.41714477539062,0
260.75,130.58889770507812,0
260.76,130.58889770507812,0
260.77,130.58889770507812,0
260.78,129.90719604492188,0
260.79,129.90719604492188,0
260.8,128.80270385742188,0
260.81,128.292724609375,0
260.82,128.292724609375,0
260.83,128.292724609375,0
260.84,128.292724609375,0
260.85,127.78276824951172,0
260.86,127.78276824951172,0
260.87,128.46182250976562,0
260.88,129.397216796875,0
260.89,130.50433349609375,0
260.9,130.75802612304688,0
260.91,130.50433349609375,0
260.92,130.75802612304688,0
260.93,130.50433349609375,0
260.94,130.50433349609375,0
260.95,130.75802612304688,0
260.96,130.50433349609375,0
260.97,130.33258056640625,0
260.98,130.33258056640625,0
260.99,129.90719604492188,0
261,130.33258056640625,0
261.01,129.90719604492188,0
261.02,129.90719604492188,0
261.03,130.33258056640625,0
261.04,130.33258056640625,0
261.05,130.33258056640625,0
261.06,130.50433349609375,0
261.07,130.50433349609375,0
261.08,130.50433349609375,0
261.09,128.9718017578125,0
261.1,129.1435546875,0
261.11,129.1435546875,0
261.12,128.9718017578125,0
261.13,128.88723754882812,0
261.14,127.9518814086914,0
261.15,127.6982192993164,0
261.16,127.35735321044922,0
261.17,127.10369110107422,0
261.18,127.01648712158203,0
261.19,126.59371185302734,0
261.2,126.33740997314453,0
261.21,125.82746124267578,0
261.22,123.95667266845703,0
261.23,123.70301055908203,0
261.24,123.70301055908203,0
261.25,123.2776107788086,0
261.26,122.34223175048828,0
261.27,121.8322525024414,0
261.28,121.49405670166016,0
261.29,120.98407745361328,0
261.3,120.47411346435547,0
261.31,119.87958526611328,0
261.32,119.87958526611328,0
261.33,119.5387191772461,0
261.34,119.28507232666016,0
261.35,119.20049285888672,0
261.36,118.69054412841797,0
261.37,118.26512908935547,0
261.38,116.99153900146484,0
261.39,116.73523712158203,0
261.4,116.05614471435547,0
261.41,115.29253387451172,0
261.42,114.69800567626953,0
261.43,114.35977935791016,0
261.44,114.27259063720703,0
261.45,114.18802642822266,0
261.46,113.93436431884766,0
261.47,113.93436431884766,0
261.48,114.18802642822266,0
261.49,113.93436431884766,0
261.5,113.33983612060547,0
261.51,113.33983612060547,0
261.52,112.66077423095703,0
261.53,112.66077423095703,0
261.54,112.23535919189453,0
261.55,112.06624603271484,0
261.56,112.23535919189453,0
261.57,111.89713287353516,0
261.58,112.23535919189453,0
261.59,112.91443634033203,0
261.6,112.06624603271484,0
261.61,112.91443634033203,0
261.62,112.91443634033203,0
261.63,112.91443634033203,0
261.64,113.33983612060547,0
261.65,113.33983612060547,0
261.66,113.33983612060547,0
261.67,113.50894927978516,0
261.68,113.50894927978516,0
261.69,114.44432830810547,0
261.7,114.44432830810547,0
261.71,114.78255462646484,0
261.72,114.8670883178711,0
261.73,115.20795440673828,0
261.74,115.71793365478516,0
261.75,115.71793365478516,0
261.76,115.80248260498047,0
261.77,116.31246185302734,0
261.78,116.90697479248047,0
261.79,116.90697479248047,0
261.8,118.60599517822266,0
261.81,118.85965728759766,0
261.82,119.20049285888672,0
261.83,120.2177963256836,0
261.84,120.6432113647461,0
261.85,120.72777557373047,0
261.86,120.72777557373047,0
261.87,120.72777557373047,0
261.88,120.2177963256836,0
261.89,120.2177963256836,0
261.9,120.13324737548828,0
261.91,120.13324737548828,0
261.92,119.7950210571289,0
261.93,119.7950210571289,0
261.94,119.7950210571289,0
261.95,119.7950210571289,0
261.96,119.7950210571289,0
261.97,119.70783233642578,0
261.98,119.20049285888672,0
261.99,118.18058013916016,0
262,118.01146697998047,0
262.01,118.01146697998047,0
262.02,117.5014877319336,0
262.03,117.41429901123047,0
262.04,117.41429901123047,0
262.05,116.39701080322266,0
262.06,116.22525787353516,0
262.07,116.22525787353516,0
262.08,116.22525787353516,0
262.09,116.05614471435547,0
262.1,115.63072967529297,0
262.11,115.29253387451172,0
262.12,113.76525115966797,0
262.13,113.76525115966797,0
262.14,113.50894927978516,0
262.15,113.76525115966797,0
262.16,113.50894927978516,0
262.17,113.50894927978516,0
262.18,113.50894927978516,0
262.19,114.35977935791016,0
262.2,113.50894927978516,0
262.21,114.35977935791016,0
262.22,114.61344146728516,0
262.23,115.12342071533203,0
262.24,115.12342071533203,0
262.25,115.12342071533203,0
262.26,112.82988739013672,0
262.27,115.12342071533203,0
262.28,112.82988739013672,0
262.29,112.31990814208984,0
262.3,112.31990814208984,0
262.31,112.23535919189453,0
262.32,112.23535919189453,0
262.33,111.55628204345703,0
262.34,111.38716888427734,0
262.35,111.38716888427734,0
262.36,110.45442962646484,0
262.37,109.18082427978516,0
262.38,109.18082427978516,0
262.39,109.18082427978516,0
262.4,108.2454605102539,0
262.41,107.99178314208984,0
262.42,108.07634735107422,0
262.43,107.99178314208984,0
262.44,108.07634735107422,0
262.45,107.99178314208984,0
262.46,107.48181915283203,0
262.47,107.48181915283203,0
262.48,107.48181915283203,0
262.49,107.48181915283203,0
262.5,107.48181915283203,0
262.51,107.39725494384766,0
262.52,106.6336441040039,0
262.53,106.54907989501953,0
262.54,106.54907989501953,0
262.55,106.54907989501953,0
262.56,105.61634063720703,0
262.57,105.53179168701172,0
262.58,105.53179168701172,0
262.59,105.0218276977539,0
262.6,105.0218276977539,0
262.61,105.0218276977539,0
262.62,105.0218276977539,0
262.63,105.0218276977539,0
262.64,105.53179168701172,0
262.65,106.04175567626953,0
262.66,106.04175567626953,0
262.67,106.04175567626953,0
262.68,106.04175567626953,0
262.69,106.04175567626953,0
262.7,106.04175567626953,0
262.71,105.70088958740234,0
262.72,105.70088958740234,0
262.73,104.85271453857422,0
262.74,104.17363739013672,0
262.75,104.85271453857422,0
262.76,104.17363739013672,0
262.77,103.91997528076172,0
262.78,103.91997528076172,0
262.79,103.91997528076172,0
262.8,103.91997528076172,0
262.81,103.91997528076172,0
262.82,103.91997528076172,0
262.83,103.91997528076172,0
262.84,103.49456024169922,0
262.85,103.49456024169922,0
262.86,102.56446075439453,0
262.87,102.56446075439453,0
262.88,102.2236099243164,0
262.89,101.88538360595703,0
262.9,101.88538360595703,0
262.91,101.88538360595703,0
262.92,101.88538360595703,0
262.93,101.88538360595703,0
262.94,102.39270782470703,0
262.95,102.6463851928711,0
262.96,102.6463851928711,0
262.97,102.6463851928711,0
262.98,102.6463851928711,0
262.99,102.6463851928711,0
263,102.6463851928711,0
263.01,102.6463851928711,0
263.02,102.6463851928711,0
263.03,102.8181381225586,0
263.04,102.8181381225586,0
263.05,102.8181381225586,0
263.06,102.98723602294922,0
263.07,102.98723602294922,0
263.08,102.98723602294922,0
263.09,102.98723602294922,0
263.1,102.98723602294922,0
263.11,102.98723602294922,0
263.12,102.6463851928711,0
263.13,102.05449676513672,0
263.14,102.6463851928711,0
263.15,102.05449676513672,0
263.16,102.6463851928711,0
263.17,102.05449676513672,0
263.18,101.62908172607422,0
263.19,101.62908172607422,0
263.2,101.62908172607422,0
263.21,101.45996856689453,0
263.22,101.62908172607422,0
263.23,101.12175750732422,0
263.24,101.12175750732422,0
263.25,99.67903900146484,0
263.26,99.67903900146484,0
263.27,99.3408432006836,0
263.28,99.67903900146484,0
263.29,99.67903900146484,0
263.3,101.0372085571289,0
263.31,99.67903900146484,0
263.32,99.67903900146484,0
263.33,100.44268035888672,0
263.34,100.44268035888672,0
263.35,100.10445404052734,0
263.36,100.10445404052734,0
263.37,99.84815216064453,0
263.38,99.0871810913086,0
263.39,98.6617660522461,0
263.4,98.6617660522461,0
263.41,98.32353973388672,0
263.42,96.6271743774414,0
263.43,96.6271743774414,0
263.44,96.6271743774414,0
263.45,96.6271743774414,0
263.46,96.03528594970703,0
263.47,96.03528594970703,0
263.48,96.03528594970703,0
263.49,95.6944351196289,0
263.5,98.06987762451172,0
263.51,98.06987762451172,0
263.52,97.81356048583984,0
263.53,97.4753646850586,0
263.54,97.4753646850586,0
263.55,97.4753646850586,0
263.56,97.4753646850586,0
263.57,96.3735122680664,0
263.58,96.3735122680664,0
263.59,96.3735122680664,0
263.6,95.52533721923828,0
263.61,95.52533721923828,0
263.62,95.52533721923828,0
263.63,95.1871109008789,0
263.64,95.52533721923828,0
263.65,95.52533721923828,0
263.66,95.1871109008789,0
263.67,95.1871109008789,0
263.68,95.1871109008789,0
263.69,95.1871109008789,0
263.7,95.95075225830078,0
263.71,95.6944351196289,0
263.72,95.95075225830078,0
263.73,95.95075225830078,0
263.74,95.6944351196289,0
263.75,95.95075225830078,0
263.76,96.03528594970703,0
263.77,96.71172332763672,0
263.78,96.03528594970703,0
263.79,96.03528594970703,0
263.8,96.03528594970703,0
263.81,96.03528594970703,0
263.82,95.8661880493164,0
263.83,96.03528594970703,0
263.84,95.8661880493164,0
263.85,95.52533721923828,0
263.86,95.52533721923828,0
263.87,95.52533721923828,0
263.88,94.76433563232422,0
263.89,93.7470474243164,0
263.9,93.4933853149414,0
263.91,93.4933853149414,0
263.92,92.89885711669922,0
263.93,92.3069839477539,0
263.94,92.0506820678711,0
263.95,91.3742446899414,0
263.96,91.3742446899414,0
263.97,91.3742446899414,0
263.98,91.12056732177734,0
263.99,90.86426544189453,0
264,90.61060333251953,0
264.01,90.27239227294922,0
264.02,89.76506805419922,0
264.03,89.2551040649414,0
264.04,88.83234405517578,0
264.05,87.73047637939453,0
264.06,87.47681427001953,0
264.07,86.8003921508789,0
264.08,86.63127899169922,0
264.09,86.03675079345703,0
264.1,85.95220184326172,0
264.11,85.1066665649414,0
264.12,83.07471466064453,0
264.13,82.73650360107422,0
264.14,81.80376434326172,0
264.15,81.55010223388672,0
264.16,81.55010223388672,0
264.17,81.38098907470703,0
264.18,81.04276275634766,0
264.19,80.87366485595703,0
264.2,80.70455169677734,0
264.21,80.53543853759766,0
264.22,80.28179168701172,0
264.23,80.28179168701172,0
264.24,80.28179168701172,0
264.25,80.28179168701172,0
264.26,80.28179168701172,0
264.27,80.11267852783203,0
264.28,80.02812957763672,0
264.29,80.02812957763672,0
264.3,80.11267852783203,0
264.31,80.87366485595703,0
264.32,81.04276275634766,0
264.33,81.04276275634766,0
264.34,81.04276275634766,0
264.35,81.38098907470703,0
264.36,81.7192153930664,0
264.37,82.05741119384766,0
264.38,82.05741119384766,0
264.39,82.05741119384766,0
264.4,82.05741119384766,0
264.41,82.05741119384766,0
264.42,82.1446304321289,0
264.43,83.32837677001953,0
264.44,83.32837677001953,0
264.45,83.75113677978516,0
264.46,84.43022918701172,0
264.47,84.43022918701172,0
264.48,84.68389129638672,0
264.49,85.44486236572266,0
264.5,85.44486236572266,0
264.51,86.03675079345703,0
264.52,86.12395477294922,0
264.53,86.8003921508789,0
264.54,86.8003921508789,0
264.55,87.30770111083984,0
264.56,87.30770111083984,0
264.57,87.47681427001953,0
264.58,87.30770111083984,0
264.59,87.13858795166016,0
264.6,87.0540542602539,0
264.61,86.8003921508789,0
264.62,86.5467300415039,0
264.63,86.5467300415039,0
264.64,86.5467300415039,0
264.65,85.1066665649414,0
264.66,84.8530044555664,0
264.67,84.00481414794922,0
264.68,82.90560150146484,0
264.69,82.90560150146484,0
264.7,82.90560150146484,0
264.71,82.65193939208984,0
264.72,82.65193939208984,0
264.73,80.61998748779297,0
264.74,80.61998748779297,0
264.75,80.61998748779297,0
264.76,80.61998748779297,0
264.77,80.61998748779297,0
264.78,80.61998748779297,0
264.79,80.61998748779297,0
264.8,80.61998748779297,0
264.81,80.4509048461914,0
264.82,80.4509048461914,0
264.83,80.36632537841797,0
264.84,80.36632537841797,0
264.85,80.19722747802734,0
264.86,79.52079010009766,0
264.87,78.50350189208984,0
264.88,78.41895294189453,0
264.89,77.91162872314453,0
264.9,77.74251556396484,0
264.91,76.98152923583984,0
264.92,76.98152923583984,0
264.93,76.98152923583984,0
264.94,77.06609344482422,0
264.95,76.98152923583984,0
264.96,76.64331817626953,0
264.97,76.22054290771484,0
264.98,76.13597869873047,0
264.99,76.22054290771484,0
265,77.06609344482422,0
265.01,77.06609344482422,0
265.02,77.06609344482422,0
265.03,77.06609344482422,0
265.04,77.06609344482422,0
265.05,77.15062713623047,0
265.06,77.15062713623047,0
265.07,77.40428924560547,0
265.08,77.15062713623047,0
265.09,77.40428924560547,0
265.1,77.15062713623047,0
265.11,77.15062713623047,0
265.12,76.64331817626953,0
265.13,77.74251556396484,0
265.14,77.74251556396484,0
265.15,79.09537506103516,0
265.16,79.09537506103516,0
265.17,79.09537506103516,0
265.18,79.09537506103516,0
265.19,79.09537506103516,0
265.2,78.67259979248047,0
265.21,79.09537506103516,0
265.22,78.67259979248047,0
265.23,78.16529083251953,0
265.24,78.16529083251953,0
265.25,78.16529083251953,0
265.26,78.16529083251953,0
265.27,78.16529083251953,0
265.28,78.16529083251953,0
265.29,77.40428924560547,0
265.3,77.31974029541016,0
265.31,77.31974029541016,0
265.32,77.31974029541016,0
265.33,77.31974029541016,0
265.34,75.88231658935547,0
265.35,75.88231658935547,0
265.36,75.71320343017578,0
265.37,74.86502838134766,0
265.38,74.52945709228516,0
265.39,74.52945709228516,0
265.4,74.52945709228516,0
265.41,74.52945709228516,0
265.42,74.86502838134766,0
265.43,74.95223236083984,0
265.44,75.20589447021484,0
265.45,75.62866973876953,0
265.46,76.22054290771484,0
265.47,76.22054290771484,0
265.48,76.64331817626953,0
265.49,76.64331817626953,0
265.5,76.72786712646484,0
265.51,76.72786712646484,0
265.52,76.64331817626953,0
265.53,76.13597869873047,0
265.54,76.13597869873047,0
265.55,75.45955657958984,0
265.56,75.45955657958984,0
265.57,73.59671783447266,0
265.58,73.42760467529297,0
265.59,72.75116729736328,0
265.6,71.56742095947266,0
265.61,70.63732147216797,0
265.62,70.55277252197266,0
265.63,70.46820831298828,0
265.64,70.46820831298828,0
265.65,70.0454330444336,0
265.66,69.7917709350586,0
265.67,69.45355987548828,0
265.68,69.19988250732422,0
265.69,68.5234603881836,0
265.7,68.3543472290039,0
265.71,67.93157196044922,0
265.72,67.3396987915039,0
265.73,67.1732406616211,0
265.74,66.91692352294922,0
265.75,66.6659164428711,0
265.76,66.07402801513672,0
265.77,65.7358169555664,0
265.78,65.7358169555664,0
265.79,65.56670379638672,0
265.8,65.31304168701172,0
265.81,65.31304168701172,0
265.82,65.05937957763672,0
265.83,65.31304168701172,0
265.84,65.05937957763672,0
265.85,65.05937957763672,0
265.86,65.05937957763672,0
265.87,64.4675064086914,0
265.88,63.87561798095703,0
265.89,63.706520080566406,0
265.9,63.030067443847656,0
265.91,62.691856384277344,0
265.92,62.691856384277344,0
265.93,62.691856384277344,0
265.94,62.691856384277344,0
265.95,62.691856384277344,0
265.96,62.691856384277344,0
265.97,62.691856384277344,0
265.98,62.691856384277344,0
265.99,62.609947204589844,0
266,62.609947204589844,0
266.01,62.01807403564453,0
266.02,61.933509826660156,0
266.03,61.933509826660156,0
266.04,61.933509826660156,0
266.05,61.933509826660156,0
266.06,61.933509826660156,0
266.07,61.933509826660156,0
266.08,61.933509826660156,0
266.09,61.76441192626953,0
266.1,61.933509826660156,0
266.11,61.933509826660156,0
266.12,61.933509826660156,0
266.13,61.76441192626953,0
266.14,61.76441192626953,0
266.15,61.51074981689453,0
266.16,61.76441192626953,0
266.17,61.848960876464844,0
266.18,61.848960876464844,0
266.19,61.087974548339844,0
266.2,61.848960876464844,0
266.21,60.918861389160156,0
266.22,60.918861389160156,0
266.23,60.74976348876953,0
266.24,60.918861389160156,0
266.25,60.918861389160156,0
266.26,60.74976348876953,0
266.27,60.918861389160156,0
266.28,61.51074981689453,0
266.29,61.51074981689453,0
266.3,62.609947204589844,0
266.31,62.609947204589844,0
266.32,62.945533752441406,0
266.33,62.945533752441406,0
266.34,63.36829376220703,0
266.35,63.53740692138672,0
266.36,63.62195587158203,0
266.37,63.53740692138672,0
266.38,62.945533752441406,0
266.39,62.52539825439453,0
266.4,62.27173614501953,0
266.41,62.27173614501953,0
266.42,61.848960876464844,0
266.43,61.848960876464844,0
266.44,61.848960876464844,0
266.45,61.426185607910156,0
266.46,61.426185607910156,0
266.47,61.172523498535156,0
266.48,61.172523498535156,0
266.49,61.426185607910156,0
266.5,61.426185607910156,0
266.51,61.426185607910156,0
266.52,60.74976348876953,0
266.53,60.157875061035156,0
266.54,59.98877716064453,0
266.55,59.98877716064453,0
266.56,59.98877716064453,0
266.57,59.98877716064453,0
266.58,59.98877716064453,0
266.59,60.157875061035156,0
266.6,60.665199279785156,0
266.61,61.426185607910156,0
266.62,61.426185607910156,0
266.63,61.51074981689453,0
266.64,61.848960876464844,0
266.65,61.848960876464844,0
266.66,61.848960876464844,0
266.67,62.102622985839844,0
266.68,62.440834045410156,0
266.69,62.440834045410156,0
266.7,62.609947204589844,0
266.71,62.609947204589844,0
266.72,62.440834045410156,0
266.73,62.52539825439453,0
266.74,62.440834045410156,0
266.75,61.933509826660156,0
266.76,61.51074981689453,0
266.77,61.00341033935547,0
266.78,61.00341033935547,0
266.79,59.904212951660156,0
266.8,59.822303771972656,0
266.81,58.89220428466797,0
266.82,58.38488006591797,0
266.83,58.38488006591797,0
266.84,58.046669006347656,0
266.85,58.046669006347656,0
266.86,57.87755584716797,0
266.87,57.54198455810547,0
266.88,56.61188507080078,0
266.89,56.10456085205078,0
266.9,56.10456085205078,0
266.91,56.10456085205078,0
266.92,54.923439025878906,0
266.93,54.923439025878906,0
266.94,54.923439025878906,0
266.95,54.669776916503906,0
266.96,54.669776916503906,0
266.97,54.585227966308594,0
266.98,53.826881408691406,0
266.99,53.826881408691406,0
267,53.319557189941406,0
267.01,53.15044403076172,0
267.02,52.812217712402344,0
267.03,52.812217712402344,0
267.04,52.812217712402344,0
267.05,52.64311981201172,0
267.06,52.64311981201172,0
267.07,52.64311981201172,0
267.08,52.476646423339844,0
267.09,52.13843536376953,0
267.1,51.715660095214844,0
267.11,51.715660095214844,0
267.12,51.715660095214844,0
267.13,51.37744903564453,0
267.14,51.37744903564453,0
267.15,51.37744903564453,0
267.16,51.12378692626953,0
267.17,50.872764587402344,0
267.18,50.28089141845703,0
267.19,49.18431854248047,0
267.2,48.846107482910156,0
267.21,48.003196716308594,0
267.22,47.83409881591797,0
267.23,47.41132354736328,0
267.24,47.07575225830078,0
267.25,46.56842803955078,0
267.26,46.56842803955078,0
267.27,46.56842803955078,0
267.28,46.23021697998047,0
267.29,46.56842803955078,0
267.3,47.160316467285156,0
267.31,47.160316467285156,0
267.32,47.160316467285156,0
267.33,47.160316467285156,0
267.34,47.242210388183594,0
267.35,47.242210388183594,0
267.36,47.242210388183594,0
267.37,47.242210388183594,0
267.38,47.242210388183594,0
267.39,47.242210388183594,0
267.4,46.399314880371094,0
267.41,46.399314880371094,0
267.42,46.399314880371094,0
267.43,45.640968322753906,0
267.44,44.88262176513672,0
267.45,44.88262176513672,0
267.46,44.713523864746094,0
267.47,44.713523864746094,0
267.48,44.713523864746094,0
267.49,44.798072814941406,0
267.5,44.798072814941406,0
267.51,44.798072814941406,0
267.52,44.798072814941406,0
267.53,44.798072814941406,0
267.54,44.290748596191406,0
267.55,44.290748596191406,0
267.56,44.290748596191406,0
267.57,43.36328887939453,0
267.58,43.36328887939453,0
267.59,43.27873992919922,0
267.6,43.27873992919922,0
267.61,43.36328887939453,0
267.62,43.36328887939453,0
267.63,43.61695098876953,0
267.64,43.61695098876953,0
267.65,43.61695098876953,0
267.66,43.701515197753906,0
267.67,43.701515197753906,0
267.68,43.701515197753906,0
267.69,43.61695098876953,0
267.7,41.93115997314453,0
267.71,43.61695098876953,0
267.72,40.665489196777344,0
267.73,40.160797119140625,0
267.74,39.73802947998047,0
267.75,39.73802947998047,0
267.76,40.160797119140625,0
267.77,41.172813415527344,0
267.78,40.665489196777344,0
267.79,40.665489196777344,0
267.8,40.665489196777344,0
267.81,41.172813415527344,0
267.82,41.172813415527344,0
267.83,41.172813415527344,0
267.84,41.172813415527344,0
267.85,40.665489196777344,0
267.86,40.160797119140625,0
267.87,40.160797119140625,0
267.88,41.003700256347656,0
267.89,40.160797119140625,0
267.9,39.56892395019531,0
267.91,39.56892395019531,0
267.92,39.56892395019531,0
267.93,39.73802947998047,0
267.94,39.73802947998047,0
267.95,39.73802947998047,0
267.96,39.73802947998047,0
267.97,39.73802947998047,0
267.98,39.73802947998047,0
267.99,39.99169921875,0
268,39.73802947998047,0
268.01,39.653472900390625,0
268.02,39.48436737060547,0
268.03,39.653472900390625,0
268.04,39.653472900390625,0
268.05,39.14879608154297,0
268.06,38.13677978515625,0
268.07,38.05223846435547,0
268.08,37.88312530517578,0
268.09,38.05223846435547,0
268.1,37.88312530517578,0
268.11,37.88312530517578,0
268.12,37.714012145996094,0
268.13,37.54754638671875,0
268.14,37.714012145996094,0
268.15,37.54754638671875,0
268.16,37.54754638671875,0
268.17,37.54754638671875,0
268.18,37.20933532714844,0
268.19,37.54754638671875,0
268.2,36.366432189941406,0
268.21,35.60808563232422,0
268.22,35.10340118408203,0
268.23,35.10340118408203,0
268.24,35.10340118408203,0
268.25,35.10340118408203,0
268.26,35.10340118408203,0
268.27,34.934295654296875,0
268.28,34.84973907470703,0
268.29,34.84973907470703,0
268.3,34.934295654296875,0
268.31,34.934295654296875,0
268.32,34.934295654296875,0
268.33,34.84973907470703,0
268.34,34.84973907470703,0
268.35,34.345054626464844,0
268.36,34.345054626464844,0
268.37,34.84973907470703,0
268.38,34.51152801513672,0
268.39,34.345054626464844,0
268.4,34.260498046875,0
268.41,34.175941467285156,0
268.42,34.260498046875,0
268.43,34.175941467285156,0
268.44,34.175941467285156,0
268.45,34.175941467285156,0
268.46,34.175941467285156,0
268.47,34.175941467285156,0
268.48,33.837730407714844,0
268.49,33.837730407714844,0
268.5,33.837730407714844,0
268.51,33.6712646484375,0
268.52,33.6712646484375,0
268.53,34.76518249511719,0
268.54,34.76518249511719,0
268.55,34.76518249511719,0
268.56,34.42961120605469,0
268.57,35.01884460449219,0
268.58,35.01884460449219,0
268.59,34.42961120605469,0
268.6,34.42961120605469,0
268.61,34.42961120605469,0
268.62,34.260498046875,0
268.63,34.260498046875,0
268.64,34.175941467285156,0
268.65,33.6712646484375,0
268.66,33.41759490966797,0
268.67,33.6712646484375,0
268.68,33.6712646484375,0
268.69,33.6712646484375,0
268.7,33.6712646484375,0
268.71,33.586708068847656,0
268.72,33.41759490966797,0
268.73,33.41759490966797,0
268.74,33.41759490966797,0
268.75,33.41759490966797,0
268.76,32.743812561035156,0
268.77,32.743812561035156,0
268.78,31.73180389404297,0
268.79,31.73180389404297,0
268.8,31.73180389404297,0
268.81,32.743812561035156,0
268.82,32.743812561035156,0
268.83,32.743812561035156,0
268.84,33.079383850097656,0
268.85,33.079383850097656,0
268.86,32.743812561035156,0
268.87,32.743812561035156,0
268.88,32.743812561035156,0
268.89,32.32103729248047,0
268.9,32.07002258300781,0
268.91,31.73180389404297,0
268.92,31.565330505371094,0
268.93,31.22711944580078,0
268.94,31.22711944580078,0
268.95,31.22711944580078,0
268.96,31.22711944580078,0
268.97,30.97345733642578,0
268.98,30.38421630859375,0
268.99,30.217758178710938,0
269,29.628509521484375,0
269.01,29.036636352539062,0
269.02,28.87017059326172,0
269.03,28.87017059326172,0
269.04,28.701065063476562,0
269.05,28.61650848388672,0
269.06,28.11182403564453,0
269.07,27.85816192626953,0
269.08,27.184371948242188,0
269.09,27.184371948242188,0
269.1,27.099815368652344,0
269.11,26.848800659179688,0
269.12,26.005897521972656,0
269.13,24.91197967529297,0
269.14,24.40729522705078,0
269.15,24.40729522705078,0
269.16,24.15363311767578,0
269.17,23.987159729003906,0
269.18,23.733505249023438,0
269.19,23.313369750976562,0
269.2,23.144264221191406,0
269.21,23.059707641601562,0
269.22,21.881240844726562,0
269.23,21.630210876464844,0
269.24,21.125534057617188,0
269.25,21.040977478027344,0
269.26,20.787307739257812,0
269.27,20.620849609375,0
269.28,20.0316162109375,0
269.29,20.0316162109375,0
269.3,20.0316162109375,0
269.31,19.862503051757812,0
269.32,19.862503051757812,0
269.33,19.862503051757812,0
269.34,19.862503051757812,0
269.35,19.862503051757812,0
269.36,19.862503051757812,0
269.37,19.862503051757812,0
269.38,19.862503051757812,0
269.39,19.862503051757812,0
269.4,19.862503051757812,0
269.41,21.040977478027344,0
269.42,21.040977478027344,0
269.43,21.461105346679688,0
269.44,21.461105346679688,0
269.45,21.965782165527344,0
269.46,22.38591766357422,0
269.47,22.63958740234375,0
269.48,22.63958740234375,0
269.49,22.808685302734375,0
269.5,22.89324188232422,0
269.51,22.97515869140625,0
269.52,22.97515869140625,0
269.53,22.97515869140625,0
269.54,23.313369750976562,0
269.55,24.069076538085938,0
269.56,24.238182067871094,0
269.57,24.238182067871094,0
269.58,24.322738647460938,0
269.59,24.238182067871094,0
269.6,24.238182067871094,0
269.61,24.238182067871094,0
269.62,24.238182067871094,0
269.63,24.238182067871094,0
269.64,24.069076538085938,0
269.65,23.987159729003906,0
269.66,24.069076538085938,0
269.67,23.987159729003906,0
269.68,24.069076538085938,0
269.69,24.069076538085938,0
269.7,24.069076538085938,0
269.71,24.40729522705078,0
269.72,24.40729522705078,0
269.73,24.40729522705078,0
269.74,24.40729522705078,0
269.75,24.40729522705078,0
269.76,24.40729522705078,0
269.77,23.733505249023438,0
269.78,23.648948669433594,0
269.79,22.89324188232422,0
269.8,22.13489532470703,0
269.81,22.13489532470703,0
269.82,22.13489532470703,0
269.83,21.965782165527344,0
269.84,21.125534057617188,0
269.85,20.536293029785156,0
269.86,19.357818603515625,0
269.87,17.590110778808594,0
269.88,17.50555419921875,0
269.89,16.66529083251953,0
269.9,16.66529083251953,0
269.91,16.66529083251953,0
269.92,16.07605743408203,0
269.93,16.66529083251953,0
269.94,16.66529083251953,0
269.95,16.66529083251953,0
269.96,16.07605743408203,0
269.97,15.991500854492188,0
269.98,15.991500854492188,0
269.99,15.991500854492188,0
270,15.991500854492188,0
270.01,16.918960571289062,0
270.02,15.655929565429688,0
270.03,15.320350646972656,0
270.04,15.320350646972656,0
270.05,14.815666198730469,0
270.06,14.815666198730469,0
270.07,14.815666198730469,0
270.08,14.815666198730469,0
270.09,14.815666198730469,0
270.1,14.477455139160156,0
270.11,14.477455139160156,0
270.12,13.470733642578125,0
270.13,13.386177062988281,0
270.14,13.05059814453125,0
270.15,13.386177062988281,0
270.16,13.386177062988281,0
270.17,13.386177062988281,0
270.18,13.386177062988281,0
270.19,13.386177062988281,0
270.2,12.966041564941406,0
270.21,13.552642822265625,0
270.22,13.552642822265625,0
270.23,13.552642822265625,0
270.24,13.552642822265625,0
270.25,13.552642822265625,0
270.26,13.217071533203125,0
270.27,13.132514953613281,0
270.28,12.46136474609375,0
270.29,12.12579345703125,0
270.3,12.12579345703125,0
270.31,11.956680297851562,0
270.32,11.787574768066406,0
270.33,11.787574768066406,0
270.34,10.947319030761719,0
270.35,10.947319030761719,0
270.36,10.947319030761719,0
270.37,10.611740112304688,0
270.38,10.947319030761719,0
270.39,10.947319030761719,0
270.4,11.787574768066406,0
270.41,11.787574768066406,0
270.42,11.787574768066406,0
270.43,11.787574768066406,0
270.44,11.703018188476562,0
270.45,11.703018188476562,0
270.46,11.787574768066406,0
270.47,11.787574768066406,0
270.48,12.627830505371094,0
270.49,12.712387084960938,0
270.5,13.975418090820312,0
270.51,14.057319641113281,0
270.52,14.477455139160156,0
270.53,15.320350646972656,0
270.54,15.320350646972656,0
270.55,15.320350646972656,0
270.56,15.320350646972656,0
270.57,14.477455139160156,0
270.58,14.477455139160156,0
270.59,13.637199401855469,0
270.6,13.637199401855469,0
270.61,13.637199401855469,0
270.62,13.637199401855469,0
270.63,13.470733642578125,0
270.64,13.132514953613281,0
270.65,13.05059814453125,0
270.66,13.05059814453125,0
270.67,12.966041564941406,0
270.68,12.966041564941406,0
270.69,12.796943664550781,0
270.7,12.12579345703125,0
270.71,11.536552429199219,0
270.72,10.778205871582031,0
270.73,10.273529052734375,0
270.74,7.752754211425781,0
270.75,7.586280822753906,0
270.76,6.746025085449219,0
270.77,6.407806396484375,0
270.78,4.476280212402344,0
270.79,4.3917236328125,0
270.8,4.307167053222656,0
270.81,4.140693664550781,0
270.82,4.05615234375,0
270.83,3.3850021362304688,0
270.84,2.8803176879882812,0
270.85,2.2910690307617188,0
270.86,2.2910690307617188,0
270.87,2.2910690307617188,0
270.88,2.20916748046875,0
270.89,2.0400543212890625,0
270.9,2.0400543212890625,0
270.91,1.7044830322265625,0
270.92,1.7044830322265625,0
270.93,1.7044830322265625,0
270.94,1.7044830322265625,0
270.95,1.453460693359375,0
270.96,1.453460693359375,0
270.97,1.7044830322265625,0
270.98,1.7044830322265625,0
270.99,1.9554977416992188,0
271,2.20916748046875,0
271.01,2.20916748046875,0
271.02,2.2910690307617188,0
271.03,3.8051223754882812,0
271.04,4.3917236328125,0
271.05,4.476280212402344,0
271.06,4.560829162597656,0
271.07,5.231971740722656,0
271.08,5.736663818359375,0
271.09,6.746025085449219,0
271.1,6.82794189453125,0
271.11,6.997047424316406,0
271.12,6.997047424316406,0
271.13,6.997047424316406,0
271.14,6.746025085449219,0
271.15,6.156791687011719,0
271.16,6.156791687011719,0
271.17,6.156791687011719,0
271.18,6.072235107421875,0
271.19,4.811851501464844,0
271.2,3.8051223754882812,0
271.21,3.7205734252929688,0
271.22,3.5514602661132812,0
271.23,3.3850021362304688,0
271.24,2.7112045288085938,0
271.25,1.3689041137695312,0
271.26,0.7796707153320312,0
271.27,0.3595428466796875,0
271.28,0.27762603759765625,0
271.29,0.27762603759765625,0
271.3,0.27762603759765625,0
271.31,0.27762603759765625,0
271.32,0.3595428466796875,0
271.33,0.44409942626953125,0
271.34,0.44409942626953125,0
271.35,0.44409942626953125,0
271.36,0.44409942626953125,0
271.37,0.44409942626953125,0
271.38,0.44409942626953125,0
271.39,0.44409942626953125,0
271.4,-0.22705078125,0
271.41,-0.7317352294921875,0
271.42,-0.7317352294921875,0
271.43,-0.6471786499023438,0
271.44,-0.47808074951171875,0
271.45,-0.47808074951171875,0
271.46,-0.47808074951171875,0
271.47,-0.47808074951171875,0
271.48,0.27762603759765625,0
271.49,0.27762603759765625,0
271.5,1.6199264526367188,0
271.51,1.6199264526367188,0
271.52,3.300445556640625,0
271.53,3.300445556640625,0
271.54,1.1998062133789062,0
271.55,1.1998062133789062,0
271.56,1.1998062133789062,0
271.57,1.7890396118164062,0
271.58,1.7890396118164062,0
271.59,1.7890396118164062,0
271.6,2.8803176879882812,0
271.61,2.6292953491210938,0
271.62,2.7957611083984375,0
271.63,2.8803176879882812,0
271.64,2.7957611083984375,0
271.65,2.6292953491210938,0
271.66,2.6292953491210938,0
271.67,2.6292953491210938,0
271.68,0.44409942626953125,0
271.69,0.1085205078125,0
271.7,-0.982757568359375,0
271.71,-1.0673065185546875,0
271.72,-1.4874420166015625,0
271.73,-1.8230133056640625,0
271.74,-3.9210128784179688,0
271.75,-4.1746826171875,0
271.76,-5.0968475341796875,0
271.77,-5.0968475341796875,0
271.78,-5.432426452636719,0
271.79,-6.272682189941406,0
271.8,-6.6082611083984375,0
271.81,-6.9438323974609375,0
271.82,-7.445869445800781,0
271.83,-7.865997314453125,0
271.84,-7.865997314453125,0
271.85,-7.865997314453125,0
271.86,-7.950553894042969,0
271.87,-7.950553894042969,0
271.88,-8.2861328125,0
271.89,-8.370689392089844,0
271.9,-8.370689392089844,0
271.91,-8.370689392089844,0
271.92,-8.370689392089844,0
271.93,-8.370689392089844,0
271.94,-8.370689392089844,0
271.95,-7.781440734863281,0
271.96,-7.781440734863281,0
271.97,-7.363960266113281,0
271.98,-7.363960266113281,0
271.99,-7.028388977050781,0
272,-6.43914794921875,0
272.01,-6.43914794921875,0
272.02,-6.43914794921875,0
272.03,-5.347869873046875,0
272.04,-5.181404113769531,0
272.05,-5.181404113769531,0
272.06,-4.845832824707031,0
272.07,-4.845832824707031,0
272.08,-4.845832824707031,0
272.09,-4.1746826171875,0
272.1,-4.1746826171875,0
272.11,-4.1746826171875,0
272.12,-4.0055694580078125,0
272.13,-4.0055694580078125,0
272.14,-4.0055694580078125,0
272.15,-4.0055694580078125,0
272.16,-3.5035247802734375,0
272.17,-4.0055694580078125,0
272.18,-4.341148376464844,0
272.19,-4.0055694580078125,0
272.2,-4.0055694580078125,0
272.21,-4.341148376464844,0
272.22,-4.341148376464844,0
272.23,-4.341148376464844,0
272.24,-4.341148376464844,0
272.25,-4.341148376464844,0
272.26,-4.341148376464844,0
272.27,-5.347869873046875,0
272.28,-5.937110900878906,0
272.29,-6.859275817871094,0
272.3,-7.2794036865234375,0
272.31,-7.2794036865234375,0
272.32,-7.614982604980469,0
272.33,-7.781440734863281,0
272.34,-7.781440734863281,0
272.35,-8.201576232910156,0
272.36,-8.455238342285156,0
272.37,-8.455238342285156,0
272.38,-8.455238342285156,0
272.39,-8.455238342285156,0
272.4,-9.041831970214844,0
272.41,-10.133110046386719,0
272.42,-10.133110046386719,0
272.43,-11.221748352050781,0
272.44,-11.475410461425781,0
272.45,-11.475410461425781,0
272.46,-11.475410461425781,0
272.47,-11.221748352050781,0
272.48,-10.215019226074219,0
272.49,-10.719703674316406,0
272.5,-10.719703674316406,0
272.51,-10.719703674316406,0
272.52,-10.719703674316406,0
272.53,-10.384132385253906,0
272.54,-10.719703674316406,0
272.55,-11.810981750488281,0
272.56,-12.228469848632812,0
272.57,-12.564048767089844,0
272.58,-12.564048767089844,0
272.59,-12.3975830078125,0
272.6,-12.3975830078125,0
272.61,-12.3975830078125,0
272.62,-12.564048767089844,0
272.63,-12.3975830078125,0
272.64,-12.313026428222656,0
272.65,-12.313026428222656,0
272.66,-12.313026428222656,0
272.67,-12.313026428222656,0
272.68,-11.977447509765625,0
272.69,-11.892890930175781,0
272.7,-11.475410461425781,0
272.71,-10.719703674316406,0
272.72,-10.719703674316406,0
272.73,-10.719703674316406,0
272.74,-10.719703674316406,0
272.75,-10.719703674316406,0
272.76,-10.55059814453125,0
272.77,-10.55059814453125,0
272.78,-10.048553466796875,0
272.79,-10.048553466796875,0
272.8,-10.55059814453125,0
272.81,-10.55059814453125,0
272.82,-12.228469848632812,0
272.83,-12.228469848632812,0
272.84,-13.990898132324219,0
272.85,-14.577491760253906,0
272.86,-15.248641967773438,0
272.87,-15.919792175292969,0
272.88,-16.926513671875,0
272.89,-17.93059539794922,0
272.9,-17.93059539794922,0
272.91,-18.517189025878906,0
272.92,-19.021873474121094,0
272.93,-20.279617309570312,0
272.94,-20.279617309570312,0
272.95,-20.361534118652344,0
272.96,-21.45281219482422,0
272.97,-21.45281219482422,0
272.98,-21.45281219482422,0
272.99,-21.954849243164062,0
273,-21.954849243164062,0
273.01,-21.954849243164062,0
273.02,-22.039398193359375,0
273.03,-22.039398193359375,0
273.04,-22.039398193359375,0
273.05,-21.954849243164062,0
273.06,-21.954849243164062,0
273.07,-21.53472137451172,0
273.08,-21.368255615234375,0
273.09,-20.279617309570312,0
273.1,-19.52391815185547,0
273.11,-19.27289581298828,0
273.12,-18.517189025878906,0
273.13,-18.01514434814453,0
273.14,-17.59502410888672,0
273.15,-15.750679016113281,0
273.16,-15.584213256835938,0
273.17,-15.584213256835938,0
273.18,-14.157363891601562,0
273.19,-13.655319213867188,0
273.2,-13.655319213867188,0
273.21,-13.655319213867188,0
273.22,-14.157363891601562,0
273.23,-14.577491760253906,0
273.24,-14.74395751953125,0