ts,height,velocity,acceleration
-0.75,0.1136820986866951,0.13254399597644806,0.016265440732240677
-0.74,0.13107715547084808,0.14933042228221893,0.0165242999792099
-0.73,0.14847275614738464,0.16594631969928741,0.016780460253357887
-0.72,0.1654825508594513,0.1819937378168106,0.017027730122208595
-0.71,0.18230119347572327,0.19767984747886658,0.017269335687160492
-0.7,0.1903081089258194,0.20409002900123596,0.01736646145582199
-0.69,0.1982138454914093,0.21033017337322235,0.01746092550456524
-0.68,0.21463976800441742,0.22532117366790771,0.017691638320684433
-0.67,0.22567704319953918,0.23458462953567505,0.017833130434155464
-0.66,0.22623784840106964,0.23291534185409546,0.017804360017180443
-0.65,0.23535163700580597,0.24011141061782837,0.017913641408085823
-0.64,0.23576845228672028,0.23823679983615875,0.017881661653518677
-0.63,0.2361583709716797,0.23635342717170715,0.017849549651145935
-0.62,0.2365218549966812,0.23446188867092133,0.017817316576838493
-0.61,0.2420814484357834,0.2379651516675949,0.017869092524051666
-0.6,0.24233943223953247,0.23594796657562256,0.017834899947047234
-0.59,0.2425719052553177,0.23383082449436188,0.008341132663190365
-0.58,0.24277886748313904,0.23170886933803558,0.008306792005896568
-0.57,0.239475816488266,0.22597728669643402,0.008216248825192451
-0.56,0.23452170193195343,0.21859599649906158,0.00810003187507391
-0.55,0.2278730720281601,0.20953688025474548,0.007957706227898598
-0.54,0.22299551963806152,0.20240230858325958,0.007845371030271053
-0.53,0.21814796328544617,0.19537146389484406,0.00773466844111681
-0.52,0.21333080530166626,0.18844370543956757,0.0076255882158875465
-0.51,0.22066786885261536,0.19416052103042603,0.007713420316576958
-0.5,0.21578724682331085,0.18717941641807556,0.007603513076901436
-0.49,0.20921452343463898,0.17851890623569489,0.007467471994459629
-0.48,0.1890377402305603,0.15587271749973297,0.007113673724234104
-0.47,0.16728520393371582,0.13182714581489563,0.006738140247762203
-0.46,0.14750969409942627,0.11007189005613327,0.006398328579962254
-0.45,0.1279260516166687,0.08873681724071503,0.006065113469958305
-0.44,0.11551613360643387,0.07504063099622726,0.0058508990332484245
-0.43,0.1032261997461319,0.061608120799064636,0.005640823394060135
-0.42,0.09105636924505234,0.048436734825372696,0.005434846505522728
-0.41,0.08071555942296982,0.0372917503118515,0.00526045635342598
-0.4,0.07223380357027054,0.028183601796627045,0.005117809399962425
-0.39,0.06383605301380157,0.019161056727170944,-0.004482458345592022
-0.38,0.055521901696920395,0.010316942818462849,-0.0046194763854146
-0.37,0.04900910705327988,0.0034265276044607162,-0.004726051352918148
-0.36,0.039239391684532166,-0.006763070821762085,-0.004883983172476292
-0.35,0.032892730087041855,-0.013307547196745872,-0.00498513039201498
-0.34,0.023289134725928307,-0.023154743015766144,-0.005137689411640167
-0.33,0.01710854470729828,-0.02936035767197609,-0.005233519710600376
-0.32,0.014547301456332207,-0.03166426718235016,0.004190395586192608
-0.31,0.012015940621495247,-0.033913787454366684,0.00415471475571394
-0.3,0.011213358491659164,-0.034351903945207596,0.0041472455486655235
-0.29,0.012198453769087791,-0.03293614462018013,0.004168645478785038
-0.28,0.011401710100471973,-0.033378198742866516,0.004161112941801548
-0.27,0.01239248737692833,-0.031966496258974075,0.004182447679340839
-0.26,0.013376803137362003,-0.03057587333023548,0.004203450866043568
-0.25,0.0143545838072896,-0.029206188395619392,0.004224124364554882
-0.24,0.013550223782658577,-0.02969415858387947,0.004215868189930916
-0.23,0.012757555581629276,-0.030165065079927444,0.004207879304885864
-0.22,0.008513253182172775,-0.03429614007472992,-0.0053160786628723145
-0.21,0.004315401427447796,-0.03833705186843872,-0.005378173664212227
-0.2,-0.004994870629161596,-0.04753165319561958,0.003938466310501099
-0.19,-0.014205011539161205,-0.05662308633327484,-0.005662689916789532
-0.18,-0.02331559732556343,-0.06551887094974518,-0.005800329148769379
-0.17,-0.032326750457286835,-0.07422112673521042,-0.005934933200478554
-0.16,-0.04299978166818619,-0.08445984870195389,0.003365534357726574
-0.15,-0.046674422919750214,-0.08726005256175995,0.01277942955493927
-0.14,-0.05542410537600517,-0.09528205543756485,0.012652525678277016
-0.13,-0.06407179683446884,-0.10283447802066803,0.040908925235271454
-0.12,-0.07437269389629364,-0.11192619800567627,0.05021996051073074
-0.11,-0.08455170691013336,-0.1207992434501648,0.05007397383451462
-0.1,-0.09460826218128204,-0.12926703691482544,0.06885132193565369
-0.09,-0.10970218479633331,-0.142577663064003,0.0970083475112915
-0.08,-0.12249799072742462,-0.15309299528598785,0.12520453333854675
-0.07,-0.13671576976776123,-0.15160875022411346,1.468316912651062
-0.06,-0.16274705529212952,-0.09733306616544724,8.00476360321045
-0.05,-0.1952851116657257,0.0800827145576477,21.115772247314453
-0.04,-0.22414937615394592,0.5927978157997131,54.622501373291016
-0.03,-0.2601449489593506,1.2755886316299438,72.99305725097656
-0.02,-0.28810977935791016,2.0826187133789062,85.35652923583984
-0.01,-0.29337596893310547,2.9464662075042725,89.54680633544922
0,-0.2693646550178528,3.8428597450256348,90.67237854003906
0.01,-0.22651764750480652,4.752419948577881,90.9561767578125
0.02,-0.1745784729719162,5.66245174407959,91.00347900390625
0.03,-0.11344815045595169,6.573336601257324,91.088623046875
0.04,-0.04317284747958183,7.49301815032959,91.96839904785156
0.05,0.03632208704948425,8.413456916809082,92.04407501220703
0.06,0.12510059773921967,9.33475112915039,92.12921905517578
0.07,0.22331835329532623,10.262210845947266,92.7441177368164
0.08,0.3305293917655945,11.194090843200684,93.18873596191406
0.09,0.4470227062702179,12.126911163330078,93.28334045410156
0.1,0.5731511116027832,13.059767723083496,93.28334045410156
0.11,0.708397626876831,13.99515151977539,93.53875732421875
0.12,0.8531307578086853,14.931877136230469,93.67118835449219
0.13,1.0072805881500244,15.868612289428711,93.67118835449219
0.14,1.1707797050476074,16.805347442626953,93.67118835449219
0.15,1.3435598611831665,17.742067337036133,93.67118835449219
0.16,1.5256538391113281,18.67991065979004,93.78471374511719
0.17,1.7171425819396973,19.61775779724121,93.78471374511719
0.18,1.9180587530136108,20.55448341369629,93.67118835449219
0.19,2.128288984298706,21.491195678710938,93.67118835449219
0.2,2.347778558731079,22.411537170410156,92.03462219238281
0.21,2.576463222503662,23.329607009887695,91.80757141113281
0.22,2.8143117427825928,24.24993896484375,92.03462219238281
0.23,3.061333656311035,25.17026138305664,92.03462219238281
0.24,3.3175277709960938,26.0905704498291,92.03462219238281
0.25,3.582932710647583,27.010881423950195,92.03462219238281
0.26,3.8575098514556885,27.939865112304688,92.9049301147461
0.27,4.141381740570068,28.86884880065918,92.9049301147461
0.28,4.434505939483643,29.797813415527344,92.9049301147461
0.29,4.736995220184326,30.726806640625,92.9049301147461
0.3,5.048734664916992,31.655780792236328,92.9049301147461
0.31,5.369736671447754,32.58143615722656,92.57383728027344
0.32,5.699951648712158,33.50706100463867,92.57383728027344
0.33,6.03948450088501,34.43252944946289,92.55491638183594
0.34,6.388246536254883,35.35797882080078,92.55491638183594
0.35,6.746369361877441,36.28348159790039,92.55491638183594
0.36,7.113719463348389,37.20896911621094,92.55491638183594
0.37,7.4902729988098145,38.13442611694336,92.55491638183594
0.38,7.876186847686768,39.059940338134766,92.55491638183594
0.39,8.271393775939941,39.985477447509766,92.55491638183594
0.4,8.675810813903809,40.910987854003906,92.55491638183594
0.41,9.089423179626465,41.829097747802734,91.8170394897461
0.42,9.512147903442383,42.7433967590332,91.43863677978516
0.43,9.943975448608398,43.65766906738281,91.43863677978516
0.44,10.384903907775879,44.5719108581543,91.43863677978516
0.45,10.834917068481445,45.486106872558594,91.43863677978516
0.46,11.294082641601562,46.404075622558594,91.8170394897461
0.47,11.762468338012695,47.32225799560547,91.8359603881836
0.48,12.239986419677734,48.243228912353516,92.11975860595703
0.49,12.726673126220703,49.16416549682617,92.11975860595703
0.5,13.222565650939941,50.0850944519043,92.11975860595703
0.51,13.727580070495605,51.00595474243164,92.11975860595703
0.52,14.241753578186035,51.9267692565918,92.11975860595703
0.53,14.765119552612305,52.846435546875,92.00624084472656
0.54,15.297731399536133,53.76434326171875,91.82649993896484
0.55,15.839435577392578,54.68199157714844,91.80757141113281
0.56,16.390213012695312,55.5972900390625,91.58053588867188
0.57,16.950063705444336,56.512516021728516,91.58053588867188
0.58,17.51898193359375,57.427001953125,91.51431274414062
0.59,18.0969295501709,58.33921813964844,91.29673767089844
0.6,18.68401336669922,59.251251220703125,91.27781677246094
0.61,19.28023338317871,60.1631965637207,91.26836395263672
0.62,19.885587692260742,61.07524108886719,91.27781677246094
0.63,20.500028610229492,61.9874382019043,91.29673767089844
0.64,21.12350082397461,62.899261474609375,91.26836395263672
0.65,21.756031036376953,63.8110237121582,91.26836395263672
0.66,22.39764976501465,64.72218322753906,91.21160125732422
0.67,23.048418045043945,65.63337707519531,91.21160125732422
0.68,23.708356857299805,66.54518127441406,91.26836395263672
0.69,24.377275466918945,67.45845794677734,91.4291763305664
0.7,25.05517578125,68.37158203125,91.4291763305664
0.71,25.742084503173828,69.28459167480469,91.4291763305664
0.72,26.437957763671875,70.19743347167969,91.4291763305664
0.73,27.142993927001953,71.11246490478516,91.64675903320312
0.74,27.85700035095215,72.02741241455078,91.65621948242188
0.75,28.5799503326416,72.94244384765625,91.68460083007812
0.76,29.312171936035156,73.85890197753906,91.8170394897461
0.77,30.053443908691406,74.77523803710938,91.8170394897461
0.78,30.804325103759766,75.69200134277344,91.8170394897461
0.79,31.56432342529297,76.60909271240234,91.8548812866211
0.8,32.33330535888672,77.52599334716797,91.8548812866211
0.81,33.111427307128906,78.44389343261719,91.95893096923828
0.82,33.89856719970703,79.36201477050781,91.99677276611328
0.83,34.69464874267578,80.27989959716797,91.99677276611328
0.84,35.49971008300781,81.19766998291016,92.00624084472656
0.85,36.31441879272461,82.11702728271484,92.11975860595703
0.86,37.138214111328125,83.03636932373047,92.12921905517578
0.87,37.97093200683594,83.9554443359375,92.12921905517578
0.88,38.81277084350586,84.87445068359375,92.12921905517578
0.89,39.663822174072266,85.79696655273438,92.47924041748047
0.9,40.52389144897461,86.72021484375,92.57383728027344
0.91,41.39332962036133,87.64359283447266,92.57383728027344
0.92,42.2720832824707,88.56705474853516,92.57383728027344
0.93,43.15992736816406,89.49037170410156,92.57383728027344
0.94,44.056880950927734,90.41356658935547,92.57383728027344
0.95,44.96299362182617,91.3366928100586,92.57383728027344
0.96,45.878238677978516,92.2611312866211,92.71573638916016
0.97,46.80286407470703,93.18702697753906,92.84817504882812
0.98,47.73648452758789,94.11454772949219,93.0373764038086
0.99,48.6796875,95.0440673828125,93.20765686035156
1,49.63212203979492,95.97352600097656,93.20765686035156
1.01,50.59345626831055,96.9043960571289,93.38739013671875
1.02,51.56371307373047,97.83525848388672,93.42523956298828
1.03,52.54304885864258,98.76590728759766,93.42523956298828
1.04,53.53195571899414,99.69681549072266,93.42523956298828
1.05,54.5300407409668,100.62760162353516,93.42523956298828
1.06,55.537113189697266,101.55977630615234,93.59551239013672
1.07,56.5540885925293,102.49374389648438,93.71849822998047
1.08,57.580177307128906,103.42750549316406,93.71849822998047
1.09,58.61524963378906,104.36140441894531,93.76579284667969
1.1,59.65913391113281,105.29544830322266,93.83201599121094
1.11,60.71238708496094,106.23065948486328,93.9455337524414
1.12,61.775917053222656,107.17204284667969,94.47528839111328
1.13,62.849205017089844,108.11649322509766,94.7496337890625
1.14,63.93167495727539,109.06182861328125,94.86315155029297
1.15,65.02397918701172,110.00829315185547,94.93883514404297
1.16,66.12515258789062,110.95419311523438,94.93883514404297
1.17,67.23516082763672,111.89950561523438,94.93883514404297
1.18,68.354248046875,112.8437271118164,94.86315155029297
1.19,69.48243713378906,113.78763580322266,94.86315155029297
1.2,70.62014770507812,114.73191833496094,94.89153289794922
1.21,71.76776885986328,115.6766586303711,94.89153289794922
1.22,72.924072265625,116.62116241455078,94.93883514404297
1.23,74.0893325805664,117.56521606445312,94.93883514404297
1.24,75.26345825195312,118.5082778930664,94.89153289794922
1.25,76.44700622558594,119.45135498046875,94.89153289794922
1.26,77.63983154296875,120.39768981933594,95.23209381103516
1.27,78.84205627441406,121.34549713134766,95.38345336914062
1.28,80.05357360839844,122.29446411132812,95.5158920288086
1.29,81.27387237548828,123.24478149414062,95.71454620361328
1.3,82.50310516357422,124.1946029663086,95.71454620361328
1.31,83.74276733398438,125.14208984375,95.39290618896484
1.32,84.99109649658203,126.09300231933594,95.80915069580078
1.33,86.24856567382812,127.0436019897461,95.80915069580078
1.34,87.51458740234375,127.99374389648438,95.84699249267578
1.35,88.79039001464844,128.94415283203125,95.84699249267578
1.36,90.07475280761719,129.89337158203125,95.80915069580078
1.37,91.36788940429688,130.84178161621094,95.79022979736328
1.38,92.66943359375,131.7892608642578,95.79022979736328
1.39,93.98267364501953,132.73875427246094,95.79022979736328
1.4,95.30499267578125,133.6879119873047,95.79022979736328
1.41,96.63580322265625,134.63548278808594,95.71454620361328
1.42,97.97534942626953,135.5819549560547,95.66725158691406
1.43,99.32540130615234,136.5279541015625,95.52535247802734
1.44,100.68413543701172,137.4715118408203,95.34561157226562
1.45,102.05113220214844,138.41351318359375,95.28884887695312
1.46,103.42792510986328,139.35447692871094,95.14695739746094
1.47,104.81266021728516,140.2941131591797,95.13748931884766
1.48,106.2066879272461,141.23370361328125,95.13748931884766
1.49,107.6097640991211,142.17303466796875,95.13748931884766
1.5,109.02185821533203,143.11029052734375,94.95774841308594
1.51,110.4439468383789,144.0469970703125,94.84423065185547
1.52,111.87432098388672,144.98036193847656,94.59827423095703
1.53,113.31422424316406,145.9125213623047,94.45637512207031
1.54,114.76441955566406,146.8433837890625,94.2387924194336
1.55,116.22233581542969,147.76739501953125,93.68065643310547
1.56,117.69136047363281,148.68650817871094,93.02791595458984
1.57,119.16876220703125,149.60443115234375,92.97115325927734
1.58,120.65377807617188,150.51919555664062,92.7819595336914
1.59,122.14763641357422,151.43215942382812,92.62113952636719
1.6,123.64962768554688,152.3441619873047,92.60221862792969
1.61,125.16069030761719,153.25465393066406,92.45085906982422
1.62,126.68130493164062,154.1655731201172,92.45085906982422
1.63,128.21047973632812,155.07504272460938,92.34679412841797
1.64,129.74908447265625,155.98455810546875,92.31841278076172
1.65,131.2959747314453,156.89273071289062,92.24273681640625
1.66,132.85060119628906,157.7997589111328,92.2332763671875
1.67,134.41676330566406,158.708251953125,92.176513671875
1.68,135.99037170410156,159.6106719970703,91.69405364990234
1.69,137.5709991455078,160.50730895996094,91.26836395263672
1.7,139.15977478027344,161.40211486816406,91.14537811279297
1.71,140.75640869140625,162.2949981689453,91.0318603515625
1.72,142.3606414794922,163.18507385253906,90.85211944580078
1.73,143.9773712158203,164.07403564453125,90.44534301757812
1.74,145.6009063720703,164.95269775390625,89.57501983642578
1.75,147.23094177246094,165.8292694091797,89.53717803955078
1.76,148.87167358398438,166.7019500732422,88.9885025024414
1.77,150.5205078125,167.57281494140625,88.84660339355469
1.78,152.17543029785156,168.4416046142578,88.83714294433594
1.79,153.8370819091797,169.30885314941406,88.82768249511719
1.8,155.50604248046875,170.17503356933594,88.81822967529297
1.81,157.1826629638672,171.03929138183594,88.69524383544922
1.82,158.86607360839844,171.9020233154297,88.67632293701172
1.83,160.55514526367188,172.76173400878906,88.59117889404297
1.84,162.25547790527344,173.6210174560547,88.33576202392578
1.85,163.96188354492188,174.4775390625,88.24116516113281
1.86,165.679443359375,175.3302459716797,87.65464782714844
1.87,167.40390014648438,176.17880249023438,87.3519287109375
1.88,169.13404846191406,177.020263671875,86.8410873413086
1.89,170.8732147216797,177.85745239257812,86.35862731933594
1.9,172.61724853515625,178.68988037109375,86.13158416748047
1.91,174.36720275878906,179.5189208984375,85.9613037109375
1.92,176.12680053710938,180.348876953125,85.94239044189453
1.93,177.89144897460938,181.17625427246094,85.91400909423828
1.94,179.66244506835938,182.0010986328125,85.79103088378906
1.95,181.44725036621094,182.82467651367188,85.24235534667969
1.96,183.237060546875,183.6422119140625,84.86395263671875
1.97,185.03221130371094,184.4530792236328,84.39095306396484
1.98,186.8330535888672,185.25987243652344,84.1449966430664
1.99,188.6429901123047,186.0647735595703,83.87065124511719
2,190.45848083496094,186.8670654296875,83.77605438232422
2.01,192.28353881835938,187.67059326171875,83.77605438232422
2.02,194.11251831054688,188.47071838378906,83.71929168701172
2.03,195.95068359375,189.27154541015625,83.69091033935547
2.04,197.7948760986328,190.06277465820312,82.85843658447266
2.05,199.6426239013672,190.84681701660156,82.4327392578125
2.06,201.49737548828125,191.62757873535156,82.14893341064453
2.07,203.36312866210938,192.40872192382812,81.95027923583984
2.08,205.233642578125,193.18702697753906,81.86514282226562
2.09,207.11106872558594,193.9630584716797,81.6854019165039
2.1,208.99176025390625,194.7338409423828,81.45835876464844
2.11,210.87710571289062,195.50216674804688,81.41105651855469
2.12,212.76541137695312,196.26324462890625,80.99481964111328
2.13,214.65750122070312,197.0152587890625,80.33262634277344
2.14,216.5528106689453,197.75863647460938,79.74610137939453
2.15,218.45401000976562,198.49925231933594,79.55690002441406
2.16,220.36143493652344,199.23867797851562,79.5001449584961
2.17,222.2727813720703,199.9747772216797,79.38662719726562
2.18,224.1908721923828,200.7086639404297,79.18795776367188
2.19,226.11334228515625,201.43914794921875,79.02714538574219
2.2,228.04095458984375,202.16705322265625,78.89469909667969
2.21,229.97084045410156,202.88999938964844,78.71495819091797
2.22,231.90243530273438,203.60897827148438,78.66766357421875
2.23,233.8403778076172,204.32130432128906,78.03384399414062
2.24,235.77952575683594,205.02980041503906,78.0243911743164
2.25,237.72193908691406,205.73045349121094,77.46624755859375
2.26,239.671142578125,206.43072509765625,77.4189453125
2.27,241.62184143066406,207.1273193359375,77.39056396484375
2.28,243.5847930908203,207.8210906982422,76.73782348632812
2.29,245.55023193359375,208.50955200195312,76.47294616699219
2.3,247.52940368652344,209.20130920410156,76.33104705810547
2.31,249.5126495361328,209.8900146484375,76.18914794921875
2.32,251.49746704101562,210.57286071777344,75.92427062988281
2.33,253.4883270263672,211.2528076171875,75.65939331054688
2.34,255.48275756835938,211.9297637939453,75.54586791992188
2.35,257.4798889160156,212.5982208251953,74.93096923828125
2.36,259.4815673828125,213.25830078125,74.20255279541016
2.37,261.4871826171875,213.91629028320312,74.1363296508789
2.38,263.5052185058594,214.57623291015625,73.93767547607422
2.39,265.530029296875,215.23484802246094,73.76739501953125
2.4,267.5558776855469,215.89007568359375,73.7579345703125
2.41,269.5831604003906,216.541015625,73.62548828125
2.42,271.61651611328125,217.19015502929688,73.44575500488281
2.43,273.6540832519531,217.83773803710938,73.40791320800781
2.44,275.6941833496094,218.4831085205078,73.40791320800781
2.45,277.73504638671875,219.11611938476562,72.49976348876953
2.46,279.7761535644531,219.74044799804688,71.97945404052734
2.47,281.83087158203125,220.36952209472656,71.9699935913086
2.48,283.8876953125,220.9928741455078,71.62944030761719
2.49,285.95166015625,221.6143341064453,71.35509490966797
2.5,288.0155944824219,222.22891235351562,71.02399444580078
2.51,290.0824890136719,222.83985900878906,70.8253402709961
2.52,292.1640319824219,223.45111083984375,70.30504608154297
2.53,294.24554443359375,224.0587921142578,70.29557800292969
2.54,296.3245544433594,224.66085815429688,70.22935485839844
2.55,298.4129333496094,225.2642822265625,70.13475799560547
2.56,300.5025329589844,225.8639373779297,70.021240234375
2.57,302.6011657714844,226.4631805419922,69.76582336425781
2.58,304.7030334472656,227.060302734375,69.69014739990234
2.59,306.8115234375,227.65420532226562,69.30228424072266
2.6,308.92724609375,228.24755859375,69.14146423339844
2.61,311.04095458984375,228.82948303222656,68.4414291381836
2.62,313.1528015136719,229.40060424804688,67.78868865966797
2.63,315.2699890136719,229.97154235839844,67.76030731201172
2.64,317.38568115234375,230.53436279296875,67.34407043457031
2.65,319.51190185546875,231.0970458984375,67.01296997070312
2.66,321.64569091796875,231.65985107421875,66.88053131103516
2.67,323.7837219238281,232.21827697753906,66.49266815185547
2.68,325.9208984375,232.76644897460938,65.81155395507812
2.69,328.06658935546875,233.31573486328125,65.71694946289062
2.7,330.21331787109375,233.86148071289062,65.5939712524414
2.71,332.36029052734375,234.40318298339844,65.46153259277344
2.72,334.5028991699219,234.9370880126953,65.21556854248047
2.73,336.6507263183594,235.46604919433594,64.69526672363281
2.74,338.8020324707031,235.99258422851562,64.52499389648438
2.75,340.95562744140625,236.5157470703125,64.32633209228516
2.76,343.1103820800781,237.030029296875,63.635746002197266
2.77,345.260498046875,237.53439331054688,63.17221450805664
2.78,347.4114685058594,238.02871704101562,62.36811447143555
2.79,349.5734558105469,238.52682495117188,62.36811447143555
2.8,351.73626708984375,239.02261352539062,62.3397331237793
2.81,353.89764404296875,239.51492309570312,62.3208122253418
2.82,356.0578308105469,240.00205993652344,62.11269760131836
2.83,358.218994140625,240.48658752441406,62.03701400756836
2.84,360.3973693847656,240.97808837890625,62.00863265991211
2.85,362.5782165527344,241.4674530029297,61.89511489868164
2.86,364.76654052734375,241.95639038085938,61.67753982543945
2.87,366.9569396972656,242.44400024414062,61.66807174682617
2.88,369.14239501953125,242.92459106445312,61.4788703918457
2.89,371.32391357421875,243.4006805419922,61.4788703918457
2.9,373.52349853515625,243.88417053222656,61.45048904418945
2.91,375.7277526855469,244.3656463623047,61.223453521728516
2.92,377.9351501464844,244.84349060058594,60.92073440551758
2.93,380.1492004394531,245.32241821289062,60.89235305786133
2.94,382.3663330078125,245.79893493652344,60.71261215209961
2.95,384.59014892578125,246.2767333984375,60.70315170288086
2.96,386.8170471191406,246.74964904785156,60.2774543762207
2.97,389.05389404296875,247.2126922607422,58.971981048583984
2.98,391.2973327636719,247.67568969726562,58.830081939697266
2.99,393.53863525390625,248.1328887939453,58.5841178894043
3,395.77728271484375,248.5865020751953,58.5841178894043
3.01,398.02587890625,249.04002380371094,58.25301742553711
3.02,400.2869873046875,249.49815368652344,58.25301742553711
3.03,402.5577697753906,249.9583282470703,58.15842056274414
3.04,404.8313293457031,250.41122436523438,57.496219635009766
3.05,407.125,250.87135314941406,57.3637809753418
3.06,409.4123229980469,251.32376098632812,57.14620590209961
3.07,411.7040100097656,251.763427734375,55.85018539428711
3.08,414.00885009765625,252.20413208007812,55.46232986450195
3.09,416.3139953613281,252.64031982421875,55.197452545166016
3.1,418.61407470703125,253.06678771972656,54.69607162475586
3.11,420.9183349609375,253.4932098388672,54.66769027709961
3.12,423.2177734375,253.91307067871094,54.45956802368164
3.13,425.5131530761719,254.324462890625,54.014949798583984
3.14,427.8125305175781,254.7355194091797,53.95819091796875
3.15,430.1200866699219,255.14642333984375,53.70276641845703
3.16,432.42291259765625,255.552734375,53.67438888549805
3.17,434.7278747558594,255.95590209960938,53.42843246459961
3.18,437.0302429199219,256.3503723144531,52.87029266357422
3.19,439.3271179199219,256.7399597167969,52.84191131591797
3.2,441.6141662597656,257.12042236328125,52.605411529541016
3.21,443.8935546875,257.4899597167969,52.066192626953125
3.22,446.16278076171875,257.8455505371094,51.34723663330078
3.23,448.42694091796875,258.1968688964844,51.32831573486328
3.24,450.6854248046875,258.53924560546875,50.86477279663086
3.25,452.9574279785156,258.8860778808594,50.76071548461914
3.26,455.23968505859375,259.2328186035156,50.37285614013672
3.27,457.51318359375,259.5736999511719,50.37285614013672
3.28,459.7969665527344,259.9183044433594,50.36339569091797
3.29,462.0748596191406,260.258544921875,50.36339569091797
3.3,464.3616027832031,260.60186767578125,50.36339569091797
3.31,466.63787841796875,260.93853759765625,50.36339569091797
3.32,468.9075622558594,261.2701721191406,50.325557708740234
3.33,471.1676025390625,261.5946350097656,50.22149658203125
3.34,473.4304504394531,261.91632080078125,49.92823791503906
3.35,475.68450927734375,262.2320861816406,49.89985656738281
3.36,477.9448547363281,262.5497131347656,49.89039611816406
3.37,480.2023620605469,262.8631896972656,49.73904037475586
3.38,482.4743957519531,263.18267822265625,49.73904037475586
3.39,484.7497253417969,263.5013732910156,49.616058349609375
3.4,487.02783203125,263.82012939453125,49.606597900390625
3.41,489.29632568359375,264.1294860839844,49.26604080200195
3.42,491.55450439453125,264.429443359375,48.94439697265625
3.43,493.8190002441406,264.7305603027344,48.85926055908203
3.44,496.0830383300781,265.02777099609375,48.60383987426758
3.45,498.3354797363281,265.3150634765625,48.28219985961914
3.46,500.5957946777344,265.6018371582031,47.95110321044922
3.47,502.8628845214844,265.883056640625,47.165924072265625
3.48,505.13360595703125,266.1601257324219,46.67400360107422
3.49,507.39447021484375,266.43060302734375,46.588863372802734
3.5,509.6690368652344,266.69940185546875,45.85098648071289
3.51,511.9422607421875,266.9637756347656,45.56718826293945
3.52,514.215087890625,267.223876953125,45.245548248291016
3.53,516.4946899414062,267.4837646484375,44.99012756347656
3.54,518.7679443359375,267.73736572265625,44.75362777709961
3.55,521.0336303710938,267.9832763671875,44.43199157714844
3.56,523.2938842773438,268.2244873046875,44.2995491027832
3.57,525.5614013671875,268.4670104980469,44.16710662841797
3.58,527.819091796875,268.70281982421875,44.04412841796875
3.59,530.0662231445312,268.9328918457031,44.04412841796875
3.6,532.3267822265625,269.1666259765625,43.84546661376953
3.61,534.587890625,269.3990478515625,43.76033020019531
3.62,536.8417358398438,269.6263732910156,43.66572952270508
3.63,539.0905151367188,269.845703125,43.17381286621094
3.64,541.3685302734375,270.0694580078125,42.30349349975586
3.65,543.6373291015625,270.2846984863281,41.95347213745117
3.66,545.9173583984375,270.49774169921875,41.27235412597656
3.67,548.19775390625,270.7078552246094,41.02639389038086
3.68,550.4910278320312,270.91845703125,40.53447341918945
3.69,552.7846069335938,271.1258239746094,40.260135650634766
3.7,555.0738525390625,271.3235778808594,39.560096740722656
3.71,557.3599243164062,271.51177978515625,38.81275939941406
3.72,559.6754760742188,271.7071533203125,38.20732116699219
3.73,561.980224609375,271.89007568359375,37.52620315551758
3.74,564.2953491210938,272.05474853515625,35.26526641845703
3.75,566.606689453125,272.1960144042969,33.13677215576172
3.76,568.9071044921875,272.3050842285156,30.45013427734375
3.77,571.1989135742188,272.34576416015625,24.007888793945312
3.78,573.5228271484375,272.36669921875,20.536075592041016
3.79,575.84033203125,272.3507995605469,17.12102508544922
3.8,578.1433715820312,272.2926940917969,13.51677131652832
3.81,580.4688110351562,272.2069396972656,9.657100677490234
3.82,582.801025390625,272.0939025878906,6.544765472412109
3.83,585.1303100585938,271.9461364746094,3.1202526092529297
3.84,587.4794921875,271.7763366699219,-0.09614089131355286
3.85,589.8191528320312,271.5749206542969,-2.9341354370117188
3.86,592.168701171875,271.3514709472656,-5.715369701385498
3.87,594.54248046875,271.1133728027344,-8.41146469116211
3.88,596.9046630859375,270.8484191894531,-10.71023941040039
3.89,599.24853515625,270.55615234375,-12.763055801391602
3.9,601.6077270507812,270.257080078125,-14.295573234558105
3.91,603.967041015625,269.941162109375,-16.149730682373047
3.92,606.3538208007812,269.6246032714844,-17.61602783203125
3.93,608.732421875,269.2919006347656,-19.035024642944336
3.94,611.11767578125,268.9530944824219,-20.113462448120117
3.95,613.5155639648438,268.6136474609375,-20.917560577392578
3.96,615.9100952148438,268.2635803222656,-22.00545883178711
3.97,618.2857055664062,267.8974914550781,-22.94199562072754
3.98,620.6572875976562,267.52349853515625,-23.73663330078125
3.99,623.0234985351562,267.13934326171875,-24.701553344726562
4,625.37060546875,266.74029541015625,-25.53403091430664
4.01,627.6985473632812,266.32659912109375,-26.34758758544922
4.02,630.0216674804688,265.9033508300781,-27.29358673095703
4.03,632.336181640625,265.4766845703125,-27.4638671875
4.04,634.6551513671875,265.0439147949219,-28.485546112060547
4.05,636.9597778320312,264.6058044433594,-28.599063873291016
4.06,639.3053588867188,264.1816101074219,-29.23288345336914
4.07,641.6315307617188,263.74749755859375,-29.573444366455078
4.08,643.95458984375,263.3064270019531,-30.349163055419922
4.09,646.2771606445312,262.8614807128906,-30.926219940185547
4.1,648.6137084960938,262.41802978515625,-31.607337951660156
4.11,650.9332275390625,261.9586181640625,-32.6668586730957
4.12,653.2431640625,261.4971618652344,-32.67631530761719
4.13,655.5914916992188,261.0546569824219,-32.67631530761719
4.14,658.0006103515625,260.6407470703125,-32.67631530761719
4.15,660.4476318359375,260.2452697753906,-32.67631530761719
4.16,662.9114990234375,259.8589782714844,-32.6668586730957
4.17,665.3954467773438,259.48736572265625,-32.25061798095703
4.18,667.9033813476562,259.13134765625,-31.900596618652344
4.19,670.40771484375,258.78253173828125,-31.181640625
4.2,672.9382934570312,258.4466247558594,-31.181640625
4.21,675.4472045898438,258.1028137207031,-31.181640625
4.22,677.9344482421875,257.7511901855469,-31.181640625
4.23,680.4000854492188,257.3918151855469,-31.181640625
4.24,682.8441162109375,257.02410888671875,-31.247859954833984
4.25,685.2575073242188,256.6434326171875,-31.389759063720703
4.26,687.6239013671875,256.2369384765625,-32.12763977050781
4.27,689.9595947265625,255.81661987304688,-32.383056640625
4.28,692.2672729492188,255.3852081298828,-32.487117767333984
4.29,694.5208129882812,254.93081665039062,-32.6668586730957
4.3,696.7262573242188,254.45794677734375,-32.6668586730957
4.31,698.9025268554688,253.97666931152344,-32.487117767333984
4.32,701.0577392578125,253.48880004882812,-32.468196868896484
4.33,703.1918334960938,252.99423217773438,-32.468196868896484
4.34,705.29638671875,252.48939514160156,-32.468196868896484
4.35,707.3799438476562,251.97850036621094,-32.4208984375
4.36,709.4570922851562,251.46737670898438,-32.41143798828125
4.37,711.5134887695312,250.95132446289062,-32.26007843017578
4.38,713.5616455078125,250.43751525878906,-31.928977966308594
4.39,715.5897827148438,249.92510986328125,-31.181640625
4.4,717.6265869140625,249.4222412109375,-30.831619262695312
4.41,719.7144775390625,248.94619750976562,-30.538360595703125
4.42,721.84423828125,248.49179077148438,-30.358623504638672
4.43,724.0106811523438,248.05929565429688,-29.91400146484375
4.44,726.2464599609375,247.65904235839844,-29.80048370361328
4.45,728.5322875976562,247.284423828125,-29.516685485839844
4.46,730.863525390625,246.933349609375,-29.23288345336914
4.47,733.2026977539062,246.58872985839844,-29.072063446044922
4.48,735.6041870117188,246.27195739746094,-29.043685913085938
4.49,737.991943359375,245.95120239257812,-29.005844116210938
4.5,740.431396484375,245.65480041503906,-28.86394500732422
4.51,742.87060546875,245.3603973388672,-28.778804779052734
4.52,745.29541015625,245.0613250732422,-28.769344329833984
4.53,747.7139892578125,244.76138305664062,-28.7220458984375
4.54,750.1223754882812,244.4589080810547,-28.67474365234375
4.55,752.5130615234375,244.15084838867188,-28.627445220947266
4.56,754.8827514648438,243.83566284179688,-28.599063873291016
4.57,757.2335205078125,243.51397705078125,-28.599063873291016
4.58,759.5633544921875,243.1850128173828,-28.599063873291016
4.59,761.8723754882812,242.8487548828125,-28.608524322509766
4.6,764.16064453125,242.50535583496094,-28.608524322509766
4.61,766.4241333007812,242.15328979492188,-28.599063873291016
4.62,768.6669311523438,241.7942352294922,-28.599063873291016
4.63,770.8892211914062,241.4283447265625,-28.589603424072266
4.64,773.0910034179688,241.05569458007812,-28.580142974853516
4.65,775.2901000976562,240.68544006347656,-28.390945434570312
4.66,777.46875,240.30955505371094,-28.277423858642578
4.67,779.6495971679688,239.93801879882812,-28.097686767578125
4.68,781.82861328125,239.56893920898438,-27.936866760253906
4.69,784.0106201171875,239.20382690429688,-27.823345184326172
4.7,786.197021484375,238.84368896484375,-27.66252899169922
4.71,788.4140014648438,238.50088500976562,-27.33142852783203
4.72,790.6738891601562,238.1787567138672,-27.161148071289062
4.73,792.9346923828125,237.85845947265625,-27.151687622070312
4.74,795.2150268554688,237.54916381835938,-26.981407165527344
4.75,797.5079956054688,237.24754333496094,-26.858428955078125
4.76,799.8226318359375,236.95748901367188,-26.707069396972656
4.77,802.1470947265625,236.67282104492188,-26.688148498535156
4.78,804.472412109375,236.3909454345703,-26.565170288085938
4.79,806.7862548828125,236.10658264160156,-26.461109161376953
4.8,809.098388671875,235.82354736328125,-26.37596893310547
4.81,811.4253540039062,235.5477752685547,-26.36650848388672
4.82,813.752685546875,235.27383422851562,-26.309749603271484
4.83,816.0906982421875,235.00535583496094,-26.309749603271484
4.84,818.413818359375,234.73202514648438,-26.300289154052734
4.85,820.7164916992188,234.4518585205078,-26.27191162109375
4.86,823.0169067382812,234.17190551757812,-26.27191162109375
4.87,825.2997436523438,233.88601684570312,-26.27191162109375
4.88,827.5936279296875,233.60543823242188,-26.300289154052734
4.89,829.904052734375,233.33265686035156,-26.300289154052734
4.9,832.2052612304688,233.05711364746094,-26.319210052490234
4.91,834.4874877929688,232.7749786376953,-26.328670501708984
4.92,836.7523193359375,232.4868927001953,-26.338130950927734
4.93,838.9976196289062,232.19187927246094,-26.36650848388672
4.94,841.2562866210938,231.9027557373047,-26.432727813720703
4.95,843.5143432617188,231.61456298828125,-26.432727813720703
4.96,845.7801513671875,231.3306427001953,-26.432727813720703
4.97,848.0767822265625,231.0601043701172,-26.442188262939453
4.98,850.3629760742188,230.7860870361328,-26.480030059814453
4.99,852.64501953125,230.5114288330078,-26.489490509033203
5,854.9530639648438,230.2476806640625,-26.546249389648438
5.01,857.2646484375,229.9863739013672,-26.546249389648438
5.02,859.5741577148438,229.72593688964844,-26.480030059814453
5.03,861.8689575195312,229.46070861816406,-26.480030059814453
5.04,864.1856689453125,229.20521545410156,-26.480030059814453
5.05,866.48486328125,228.9441680908203,-26.442188262939453
5.06,868.83837890625,228.71109008789062,-25.902969360351562
5.07,871.1737060546875,228.48094177246094,-24.97589111328125
5.08,873.537353515625,228.2630157470703,-24.966432571411133
5.09,875.8955688476562,228.04574584960938,-24.767772674560547
5.1,878.2532348632812,227.8297576904297,-24.701553344726562
5.11,880.6287231445312,227.622314453125,-24.635334014892578
5.12,882.9937744140625,227.4117431640625,-24.616413116455078
5.13,885.3667602539062,227.20521545410156,-24.606952667236328
5.14,887.7272338867188,226.99473571777344,-24.588031768798828
5.15,890.085205078125,226.7838592529297,-24.606952667236328
5.16,892.45751953125,226.57945251464844,-24.606952667236328
5.17,894.8145751953125,226.36952209472656,-24.635334014892578
5.18,897.1676635742188,226.15884399414062,-24.635334014892578
5.19,899.538818359375,225.9560546875,-24.635334014892578
5.2,901.9109497070312,225.75413513183594,-24.663713455200195
5.21,904.2698974609375,225.54782104492188,-24.663713455200195
5.22,906.62353515625,225.34019470214844,-24.663713455200195
5.23,908.9818115234375,225.1350860595703,-24.673171997070312
5.24,911.35107421875,224.93505859375,-24.673171997070312
5.25,913.7022094726562,224.7287139892578,-24.673171997070312
5.26,916.0637817382812,224.52720642089844,-24.673171997070312
5.27,918.4058837890625,224.31884765625,-24.673171997070312
5.28,920.7760620117188,224.12228393554688,-24.673171997070312
5.29,923.1275024414062,223.91969299316406,-24.616413116455078
5.3,925.4957275390625,223.72451782226562,-24.606952667236328
5.31,927.8551635742188,223.5281524658203,-24.45559310913086
5.32,930.1973266601562,223.3259735107422,-24.43667221069336
5.33,932.55859375,223.13226318359375,-24.408294677734375
5.34,934.9047241210938,222.93357849121094,-24.389373779296875
5.35,937.2705688476562,222.7433624267578,-24.389373779296875
5.36,939.6376953125,222.55459594726562,-24.360992431640625
5.37,942.00390625,222.36666870117188,-24.31369400024414
5.38,944.3621826171875,222.1767120361328,-24.275854110717773
5.39,946.7323608398438,221.99278259277344,-24.209632873535156
5.4,949.1024169921875,221.8098602294922,-24.171794891357422
5.41,951.4730834960938,221.62794494628906,-24.162334442138672
5.42,953.8251953125,221.43946838378906,-24.162334442138672
5.43,956.1907958984375,221.2568359375,-24.171794891357422
5.44,958.5662841796875,221.07872009277344,-24.171794891357422
5.45,960.9238891601562,220.89442443847656,-24.162334442138672
5.46,963.2785034179688,220.70968627929688,-24.162334442138672
5.47,965.6324462890625,220.52452087402344,-24.247474670410156
5.48,967.9963989257812,220.3439178466797,-24.247474670410156
5.49,970.35888671875,220.1634063720703,-24.247474670410156
5.5,972.7192993164062,219.9825439453125,-24.266393661499023
5.51,975.0654296875,219.79684448242188,-24.266393661499023
5.52,977.4130859375,219.6119384765625,-24.31369400024414
5.53,979.7586059570312,219.4269256591797,-24.31369400024414
5.54,982.1156616210938,219.24685668945312,-24.332612991333008
5.55,984.45849609375,219.06187438964844,-24.342073440551758
5.56,986.7957763671875,218.87542724609375,-24.342073440551758
5.57,989.1575317382812,218.6990966796875,-24.342073440551758
5.58,991.5143432617188,218.52151489257812,-24.342073440551758
5.59,993.8626708984375,218.34132385253906,-24.342073440551758
5.6,996.211181640625,218.16184997558594,-24.342073440551758
5.61,998.5562744140625,217.98220825195312,-24.29477310180664
5.62,1000.898681640625,217.8028564453125,-24.228553771972656
5.63,1003.2513427734375,217.62875366210938,-24.162334442138672
5.64,1005.6048583984375,217.4574432373047,-23.982593536376953
5.65,1007.9837036132812,217.29722595214844,-23.90691375732422
5.66,1010.3662719726562,217.13909912109375,-23.89745330810547
5.67,1012.7626342773438,216.9873046875,-23.850154876708984
5.68,1015.1455078125,216.83143615722656,-23.793394088745117
5.69,1017.53076171875,216.67759704589844,-23.73663330078125
5.7,1019.9176025390625,216.52491760253906,-23.73663330078125
5.71,1022.2945556640625,216.3690185546875,-23.73663330078125
5.72,1024.654541015625,216.20681762695312,-23.77447509765625
5.73,1027.00830078125,216.0428466796875,-23.77447509765625
5.74,1029.38037109375,215.8863525390625,-23.783935546875
5.75,1031.740478515625,215.72576904296875,-23.793394088745117
5.76,1034.082275390625,215.5583953857422,-23.831233978271484
5.77,1036.42236328125,215.39077758789062,-23.850154876708984
5.78,1038.771484375,215.2272186279297,-23.850154876708984
5.79,1041.1065673828125,215.05892944335938,-23.850154876708984
5.8,1043.4378662109375,214.8899688720703,-23.831233978271484
5.81,1045.7645263671875,214.7198944091797,-23.831233978271484
5.82,1048.1025390625,214.55494689941406,-23.812314987182617
5.83,1050.43310546875,214.38804626464844,-23.783935546875
5.84,1052.7506103515625,214.21685791015625,-23.77447509765625
5.85,1055.07373046875,214.04861450195312,-23.75555419921875
5.86,1057.3995361328125,213.8826904296875,-23.689334869384766
5.87,1059.7078857421875,213.71104431152344,-23.660953521728516
5.88,1062.02197265625,213.5422821044922,-23.651493072509766
5.89,1064.33447265625,213.3748016357422,-23.528514862060547
5.9,1066.6549072265625,213.2113037109375,-23.49067497253418
5.91,1068.969482421875,213.04638671875,-23.471755981445312
5.92,1071.292724609375,212.88572692871094,-23.433914184570312
5.93,1073.6383056640625,212.73419189453125,-23.424455642700195
5.94,1075.98291015625,212.5828857421875,-23.424455642700195
5.95,1078.3160400390625,212.4279022216797,-23.405536651611328
5.96,1080.65625,212.27618408203125,-23.405536651611328
5.97,1082.984130859375,212.120361328125,-23.405536651611328
5.98,1085.310546875,211.9642791748047,-23.433914184570312
5.99,1087.6312255859375,211.80657958984375,-23.433914184570312
6,1089.965576171875,211.65521240234375,-23.377155303955078
6.01,1092.295654296875,211.5019989013672,-23.452835083007812
6.02,1094.6077880859375,211.34254455566406,-23.452835083007812
6.03,1096.950927734375,211.19532775878906,-23.462295532226562
6.04,1099.27685546875,211.04209899902344,-23.462295532226562
6.05,1101.5977783203125,210.88754272460938,-23.462295532226562
6.06,1103.9044189453125,210.7241668701172,-23.859615325927734
6.07,1106.2449951171875,210.5738525390625,-23.89745330810547
6.08,1108.5732421875,210.4192657470703,-23.91637420654297
6.09,1110.8843994140625,210.25767517089844,-24.020435333251953
6.1,1113.209228515625,210.1016082763672,-24.048812866210938
6.11,1115.51904296875,209.9405059814453,-24.03935432434082
6.12,1117.834716796875,209.7822265625,-24.03935432434082
6.13,1120.1533203125,209.6256561279297,-24.03935432434082
6.14,1122.488037109375,209.47691345214844,-23.91637420654297
6.15,1124.8046875,209.32212829589844,-23.89745330810547
6.16,1127.1287841796875,209.1709747314453,-23.869075775146484
6.17,1129.4609375,209.02359008789062,-23.850154876708984
6.18,1131.78173828125,208.873291015625,-23.7650146484375
6.19,1134.0897216796875,208.71910095214844,-23.727174758911133
6.2,1136.428955078125,208.57772827148438,-23.679874420166016
6.21,1138.7698974609375,208.43772888183594,-23.651493072509766
6.22,1141.114501953125,208.2998504638672,-23.63257598876953
6.23,1143.441162109375,208.1562957763672,-23.575815200805664
6.24,1145.75146484375,208.0072784423828,-23.556896209716797
6.25,1148.086669921875,207.8683624267578,-23.537975311279297
6.26,1150.422119140625,207.73086547851562,-23.452835083007812
6.27,1152.7410888671875,207.5878143310547,-23.443374633789062
6.28,1155.0474853515625,207.4405059814453,-23.443374633789062
6.29,1157.372314453125,207.30093383789062,-23.414995193481445
6.3,1159.687255859375,207.1585693359375,-23.377155303955078
6.31,1162.0054931640625,207.01803588867188,-23.367694854736328
6.32,1164.3270263671875,206.87998962402344,-23.292015075683594
6.33,1166.645263671875,206.74160766601562,-23.25417709350586
6.34,1168.9537353515625,206.60006713867188,-23.25417709350586
6.35,1171.2562255859375,206.45693969726562,-23.23525619506836
6.36,1173.561279296875,206.31552124023438,-23.21633529663086
6.37,1175.88134765625,206.1805877685547,-23.178495407104492
6.38,1178.197509765625,206.04505920410156,-23.140655517578125
6.39,1180.49609375,205.90350341796875,-23.131195068359375
6.4,1182.80029296875,205.76455688476562,-23.131195068359375
6.41,1185.0869140625,205.61962890625,-23.121736526489258
6.42,1187.3863525390625,205.48025512695312,-23.102815628051758
6.43,1189.678466796875,205.3386993408203,-23.093355178833008
6.44,1191.98779296875,205.20440673828125,-23.06497573852539
6.45,1194.3084716796875,205.07534790039062,-23.017677307128906
6.46,1196.626220703125,204.94595336914062,-22.979835510253906
6.47,1198.9566650390625,204.82269287109375,-22.894695281982422
6.48,1201.2818603515625,204.69845581054688,-22.837936401367188
6.49,1203.589599609375,204.56838989257812,-22.809555053710938
6.5,1205.8963623046875,204.43885803222656,-22.771717071533203
6.51,1208.2117919921875,204.31320190429688,-22.752796173095703
6.52,1210.509033203125,204.1814727783203,-22.724416732788086
6.53,1212.821533203125,204.05616760253906,-22.69603729248047
6.54,1215.1461181640625,203.93609619140625,-22.67711639404297
6.55,1217.4713134765625,203.81668090820312,-22.67711639404297
6.56,1219.787109375,203.6941375732422,-22.67711639404297
6.57,1222.1224365234375,203.57933044433594,-22.67711639404297
6.58,1224.4459228515625,203.46055603027344,-22.67711639404297
6.59,1226.7576904296875,203.3378448486328,-22.67711639404297
6.6,1229.060791015625,203.21194458007812,-22.71495819091797
6.61,1231.36181640625,203.085693359375,-22.71495819091797
6.62,1233.662841796875,202.9599151611328,-22.71495819091797
6.63,1235.9688720703125,202.8365020751953,-22.71495819091797
6.64,1238.2684326171875,202.7111053466797,-22.71495819091797
6.65,1240.55078125,202.57969665527344,-22.71495819091797
6.66,1242.827392578125,202.44760131835938,-22.620357513427734
6.67,1245.107177734375,202.31808471679688,-22.5257568359375
6.68,1247.3828125,202.1876678466797,-22.5068359375
6.69,1249.64697265625,202.053955078125,-22.459537506103516
6.7,1251.9150390625,201.9225616455078,-22.421695709228516
6.71,1254.18408203125,201.79296875,-22.327098846435547
6.72,1256.441162109375,201.6601104736328,-22.25141716003418
6.73,1258.708740234375,201.53182983398438,-22.232498168945312
6.74,1260.97802734375,201.4054412841797,-22.156818389892578
6.75,1263.2462158203125,201.27947998046875,-22.118976593017578
6.76,1265.50244140625,201.14987182617188,-22.081138610839844
6.77,1267.759765625,201.02127075195312,-22.071678161621094
6.78,1270.0081787109375,200.88995361328125,-22.052757263183594
6.79,1272.267822265625,200.76390075683594,-21.99599838256836
6.8,1274.52001953125,200.6357879638672,-21.96761703491211
6.81,1276.76318359375,200.50479125976562,-21.96761703491211
6.82,1279.0162353515625,200.37815856933594,-21.948698043823242
6.83,1281.25537109375,200.24685668945312,-21.939239501953125
6.84,1283.508056640625,200.12120056152344,-21.929779052734375
6.85,1285.7467041015625,199.9907989501953,-21.929779052734375
6.86,1287.9677734375,199.85450744628906,-21.910858154296875
6.87,1290.19970703125,199.72291564941406,-21.891939163208008
6.88,1292.4183349609375,199.58718872070312,-21.863557815551758
6.89,1294.6290283203125,199.4492645263672,-21.83517837524414
6.9,1296.8411865234375,199.3123779296875,-21.83517837524414
6.91,1299.067138671875,199.18112182617188,-21.83517837524414
6.92,1301.29296875,199.05059814453125,-21.806798934936523
6.93,1303.5078125,198.91696166992188,-21.759498596191406
6.94,1305.724853515625,198.784912109375,-21.731117248535156
6.95,1307.9383544921875,198.652099609375,-21.72165870666504
6.96,1310.135986328125,198.51393127441406,-21.71219825744629
6.97,1312.3387451171875,198.3785858154297,-21.674358367919922
6.98,1314.5263671875,198.23915100097656,-21.57029914855957
6.99,1316.701171875,198.09542846679688,-21.57029914855957
7,1318.8819580078125,197.95486450195312,-21.532459259033203
7.01,1321.0447998046875,197.80825805664062,-21.522998809814453
7.02,1323.2216796875,197.6676025390625,-21.504077911376953
7.03,1325.4207763671875,197.53585815429688,-21.48516082763672
7.04,1327.60693359375,197.4004669189453,-21.4189395904541
7.05,1329.781005859375,197.26107788085938,-21.4189395904541
7.06,1331.971435546875,197.12835693359375,-21.40947914123535
7.07,1334.1722412109375,197.0006561279297,-21.343259811401367
7.08,1336.35791015625,196.86793518066406,-21.33380126953125
7.09,1338.5286865234375,196.73023986816406,-21.3243408203125
7.1,1340.6976318359375,196.5925750732422,-21.305419921875
7.11,1342.8597412109375,196.45359802246094,-21.229740142822266
7.12,1345.0113525390625,196.31124877929688,-21.229740142822266
7.13,1347.1759033203125,196.17428588867188,-21.220279693603516
7.14,1349.3380126953125,196.03738403320312,-21.1729793548584
7.15,1351.5135498046875,195.90667724609375,-21.106760025024414
7.16,1353.677978515625,195.7723846435547,-21.097301483154297
7.17,1355.8377685546875,195.63705444335938,-21.078380584716797
7.18,1358.0096435546875,195.50692749023438,-21.059459686279297
7.19,1360.1842041015625,195.37901306152344,-20.983779907226562
7.2,1362.3431396484375,195.24591064453125,-20.974319458007812
7.21,1364.5048828125,195.1143035888672,-20.974319458007812
7.22,1366.65771484375,194.9800567626953,-20.955400466918945
7.23,1368.8170166015625,194.84915161132812,-20.908100128173828
7.24,1370.9876708984375,194.72308349609375,-20.898639678955078
7.25,1373.1473388671875,194.59344482421875,-20.889179229736328
7.26,1375.3060302734375,194.46444702148438,-20.841880798339844
7.27,1377.4720458984375,194.3388671875,-20.813499450683594
7.28,1379.620361328125,194.20692443847656,-20.841880798339844
7.29,1381.7679443359375,194.0769805908203,-20.662139892578125
7.3,1383.9090576171875,193.94515991210938,-20.652681350708008
7.31,1386.064697265625,193.8193359375,-20.643220901489258
7.32,1388.204345703125,193.6881103515625,-20.633760452270508
7.33,1390.34033203125,193.55601501464844,-20.633760452270508
7.34,1392.485107421875,193.42767333984375,-20.633760452270508
7.35,1394.629150390625,193.29971313476562,-20.61484146118164
7.36,1396.7557373046875,193.1661376953125,-20.57699966430664
7.37,1398.8787841796875,193.03184509277344,-20.567541122436523
7.38,1401.00927734375,192.9010009765625,-20.548622131347656
7.39,1403.12451171875,192.7651824951172,-20.529701232910156
7.4,1405.2392578125,192.6297607421875,-20.520240783691406
7.41,1407.35205078125,192.4941864013672,-20.510780334472656
7.42,1409.459228515625,192.35723876953125,-20.491859436035156
7.43,1411.5513916015625,192.2152099609375,-20.491859436035156
7.44,1413.658447265625,192.0792236328125,-20.491859436035156
7.45,1415.77587890625,191.9477081298828,-20.48240089416504
7.46,1417.8812255859375,191.81227111816406,-20.47294044494629
7.47,1419.978759765625,191.67445373535156,-20.47294044494629
7.48,1422.077392578125,191.53839111328125,-20.387802124023438
7.49,1424.16259765625,191.39793395996094,-20.378341674804688
7.5,1426.259765625,191.2626495361328,-20.359420776367188
7.51,1428.3697509765625,191.13259887695312,-20.359420776367188
7.52,1430.4779052734375,191.00233459472656,-20.359420776367188
7.53,1432.569580078125,190.866943359375,-20.312122344970703
7.54,1434.64501953125,190.72711181640625,-20.19860076904297
7.55,1436.740478515625,190.5956573486328,-20.160762786865234
7.56,1438.8292236328125,190.46261596679688,-20.113462448120117
7.57,1440.9256591796875,190.3334197998047,-20.066162109375
7.58,1443.0093994140625,190.20018005371094,-20.0472412109375
7.59,1445.1031494140625,190.07142639160156,-20.018861770629883
7.6,1447.194580078125,189.94224548339844,-20.018861770629883
7.61,1449.2777099609375,189.81068420410156,-19.999942779541016
7.62,1451.362060546875,189.68026733398438,-19.981021881103516
7.63,1453.447021484375,189.55072021484375,-19.96210289001465
7.64,1455.5274658203125,189.4199676513672,-19.96210289001465
7.65,1457.60546875,189.28883361816406,-19.96210289001465
7.66,1459.6885986328125,189.16001892089844,-19.96210289001465
7.67,1461.76708984375,189.0303955078125,-19.92426300048828
7.68,1463.8330078125,188.89678955078125,-19.90534210205078
7.69,1465.9091796875,188.7674560546875,-19.90534210205078
7.7,1467.977294921875,188.6361541748047,-19.848583221435547
7.71,1470.0416259765625,188.50396728515625,-19.848583221435547
7.72,1472.0928955078125,188.36740112304688,-19.848583221435547
7.73,1474.13037109375,188.22622680664062,-19.848583221435547
7.74,1476.194091796875,188.0953369140625,-19.848583221435547
7.75,1478.2418212890625,187.958984375,-19.848583221435547
7.76,1480.2744140625,187.81748962402344,-19.848583221435547
7.77,1482.3194580078125,187.68325805664062,-19.64046287536621
7.78,1484.3726806640625,187.55264282226562,-19.63100242614746
7.79,1486.411376953125,187.41769409179688,-19.574243545532227
7.8,1488.46337890625,187.28817749023438,-19.574243545532227
7.81,1490.501708984375,187.154052734375,-19.574243545532227
7.82,1492.53955078125,187.02041625976562,-19.55532455444336
7.83,1494.581298828125,186.88897705078125,-19.52694320678711
7.84,1496.6107177734375,186.7544403076172,-19.432342529296875
7.85,1498.65869140625,186.62782287597656,-19.37558364868164
7.86,1500.7135009765625,186.50430297851562,-19.36612319946289
7.87,1502.7515869140625,186.37545776367188,-19.328283309936523
7.88,1504.8017578125,186.2515106201172,-19.328283309936523
7.89,1506.8477783203125,186.12667846679688,-19.309364318847656
7.9,1508.8924560546875,186.00186157226562,-19.309364318847656
7.91,1510.926513671875,185.87335205078125,-19.328283309936523
7.92,1512.9638671875,185.74688720703125,-19.290443420410156
7.93,1514.9970703125,185.619384765625,-19.290443420410156
7.94,1517.0343017578125,185.4942169189453,-19.25260353088379
7.95,1519.0601806640625,185.3649139404297,-19.290443420410156
7.96,1521.076904296875,185.2327117919922,-19.290443420410156
7.97,1523.0859375,185.0981903076172,-19.290443420410156
7.98,1525.095458984375,184.96470642089844,-19.25260353088379
7.99,1527.101806640625,184.83053588867188,-19.25260353088379
8,1529.120361328125,184.7013702392578,-19.25260353088379
8.01,1531.123291015625,184.56689453125,-19.25260353088379
8.02,1533.1297607421875,184.43418884277344,-19.25260353088379
8.03,1535.1396484375,184.3036346435547,-19.214763641357422
8.04,1537.1551513671875,184.1758270263672,-19.195842742919922
8.05,1539.162353515625,184.04580688476562,-19.158004760742188
8.06,1541.1737060546875,183.91781616210938,-19.158004760742188
8.07,1543.1724853515625,183.7858123779297,-19.139083862304688
8.08,1545.166015625,183.65234375,-19.139083862304688
8.09,1547.171875,183.5247802734375,-19.053943634033203
8.1,1549.176025390625,183.3970947265625,-19.053943634033203
8.11,1551.169189453125,183.26625061035156,-19.00664520263672
8.12,1553.1541748046875,183.1329803466797,-18.99718475341797
8.13,1555.144287109375,183.0020751953125,-18.99718475341797
8.14,1557.1300048828125,182.87001037597656,-18.99718475341797
8.15,1559.12890625,182.74501037597656,-18.826904296875
8.16,1561.136474609375,182.62408447265625,-18.789064407348633
8.17,1563.12939453125,182.4981689453125,-18.789064407348633
8.18,1565.1207275390625,182.37217712402344,-18.789064407348633
8.19,1567.1048583984375,182.2442169189453,-18.760684967041016
8.2,1569.0853271484375,182.11605834960938,-18.69446563720703
8.21,1571.059326171875,181.98529052734375,-18.760684967041016
8.22,1573.0311279296875,181.85433959960938,-18.751224517822266
8.23,1575.003173828125,181.72390747070312,-18.751224517822266
8.24,1576.98486328125,181.59780883789062,-18.72284507751465
8.25,1578.956298828125,181.46841430664062,-18.72284507751465
8.26,1580.9140625,181.33441162109375,-18.72284507751465
8.27,1582.8778076171875,181.20343017578125,-18.69446563720703
8.28,1584.8388671875,181.07162475585938,-18.72284507751465
8.29,1586.797119140625,180.93930053710938,-18.72284507751465
8.3,1588.7564697265625,180.80812072753906,-18.69446563720703
8.31,1590.7086181640625,180.6749725341797,-18.67554473876953
8.32,1592.68603515625,180.5516357421875,-18.67554473876953
8.33,1594.650390625,180.42422485351562,-18.64716339111328
8.34,1596.614990234375,180.2975616455078,-18.628246307373047
8.35,1598.584228515625,180.17355346679688,-18.580944061279297
8.36,1600.5509033203125,180.0493927001953,-18.543106079101562
8.37,1602.50830078125,179.92236328125,-18.533645629882812
8.38,1604.4747314453125,179.7993621826172,-18.514724731445312
8.39,1606.4326171875,179.6739501953125,-18.486345291137695
8.4,1608.392333984375,179.55032348632812,-18.420124053955078
8.41,1610.3436279296875,179.4241180419922,-18.410663604736328
8.42,1612.3062744140625,179.3026885986328,-18.40120506286621
8.43,1614.2818603515625,179.1872100830078,-18.32552719116211
8.44,1616.24462890625,179.06756591796875,-18.30660629272461
8.45,1618.2032470703125,178.94715881347656,-18.27822494506836
8.46,1620.1585693359375,178.82608032226562,-18.26876449584961
8.47,1622.1217041015625,178.70831298828125,-18.26876449584961
8.48,1624.0911865234375,178.59347534179688,-18.249845504760742
8.49,1626.0601806640625,178.47901916503906,-18.240386962890625
8.5,1628.013427734375,178.35943603515625,-18.212005615234375
8.51,1629.9921875,178.25,-18.183626174926758
8.52,1631.9610595703125,178.1377716064453,-18.13632583618164
8.53,1633.9288330078125,178.02557373046875,-18.13632583618164
8.54,1635.881591796875,177.90850830078125,-18.10794448852539
8.55,1637.8231201171875,177.7877197265625,-18.10794448852539
8.56,1639.7784423828125,177.67247009277344,-18.10794448852539
8.57,1641.7291259765625,177.55601501464844,-18.098485946655273
8.58,1643.6751708984375,177.43838500976562,-18.089025497436523
8.59,1645.613037109375,177.31822204589844,-18.079566955566406
8.6,1647.5491943359375,177.19808959960938,-18.060646057128906
8.61,1649.4793701171875,177.0763702392578,-18.041725158691406
8.62,1651.4263916015625,176.96131896972656,-18.041725158691406
8.63,1653.3880615234375,176.85226440429688,-18.02280616760254
8.64,1655.3509521484375,176.7444610595703,-17.984966278076172
8.65,1657.31298828125,176.63671875,-17.984966278076172
8.66,1659.261474609375,176.52439880371094,-17.984966278076172
8.67,1661.220947265625,176.4166259765625,-17.975505828857422
8.68,1663.170654296875,176.30604553222656,-17.937665939331055
8.69,1665.1121826171875,176.1928253173828,-17.937665939331055
8.7,1667.05810546875,176.08172607421875,-17.928207397460938
8.71,1668.997314453125,175.96884155273438,-17.899826049804688
8.72,1670.92236328125,175.85137939453125,-17.880905151367188
8.73,1672.8482666015625,175.734619140625,-17.880905151367188
8.74,1674.7763671875,175.61912536621094,-17.880905151367188
8.75,1676.6964111328125,175.50125122070312,-17.86198616027832
8.76,1678.6385498046875,175.39199829101562,-17.86198616027832
8.77,1680.5675048828125,175.2782440185547,-17.86198616027832
8.78,1682.4927978515625,175.16355895996094,-17.86198616027832
8.79,1684.408447265625,175.04588317871094,-17.85252571105957
8.8,1686.3309326171875,174.9315948486328,-17.805225372314453
8.81,1688.246826171875,174.81541442871094,-17.795766830444336
8.82,1690.15478515625,174.69688415527344,-17.776845932006836
8.83,1692.0533447265625,174.5756072998047,-17.74846649169922
8.84,1693.9609375,174.45849609375,-17.71062660217285
8.85,1695.8673095703125,174.34190368652344,-17.653865814208984
8.86,1697.7716064453125,174.22500610351562,-17.653865814208984
8.87,1699.662841796875,174.1037139892578,-17.653865814208984
8.88,1701.5869140625,173.99522399902344,-17.625486373901367
8.89,1703.4970703125,173.88278198242188,-17.549806594848633
8.9,1705.416259765625,173.77420043945312,-17.540348052978516
8.91,1707.3232421875,173.66165161132812,-17.521427154541016
8.92,1709.2281494140625,173.549072265625,-17.493045806884766
8.93,1711.135498046875,173.4378204345703,-17.493045806884766
8.94,1713.0513916015625,173.3306427001953,-17.43628692626953
8.95,1714.95263671875,173.21861267089844,-17.42682647705078
8.96,1716.8446044921875,173.10374450683594,-17.407907485961914
8.97,1718.7332763671875,172.9883575439453,-17.379528045654297
8.98,1720.623046875,172.87380981445312,-17.379528045654297
8.99,1722.5361328125,172.76844787597656,-17.360607147216797
9,1724.4346923828125,172.65823364257812,-17.351146697998047
9.01,1726.3255615234375,172.54576110839844,-17.33222770690918
9.02,1728.2049560546875,172.42965698242188,-17.313308715820312
9.03,1730.074462890625,172.31051635742188,-17.294387817382812
9.04,1731.956298828125,172.19703674316406,-17.228168487548828
9.05,1733.838623046875,172.0841522216797,-17.228168487548828
9.06,1735.7066650390625,171.96640014648438,-17.228168487548828
9.07,1737.560302734375,171.84381103515625,-17.228168487548828
9.08,1739.436767578125,171.73008728027344,-17.228168487548828
9.09,1741.2989501953125,171.6110382080078,-17.275466918945312
9.1,1743.1602783203125,171.49209594726562,-17.275466918945312
9.11,1745.017822265625,171.37216186523438,-17.275466918945312
9.12,1746.875244140625,171.2526092529297,-17.275466918945312
9.13,1748.7265625,171.1312713623047,-17.275466918945312
9.14,1750.5784912109375,171.0106201171875,-17.275466918945312
9.15,1752.419189453125,170.88636779785156,-17.266006469726562
9.16,1754.25537109375,170.7609100341797,-17.266006469726562
9.17,1756.081298828125,170.63247680664062,-17.228168487548828
9.18,1757.93310546875,170.5144500732422,-17.190326690673828
9.19,1759.7760009765625,170.3938446044922,-17.161949157714844
9.2,1761.6092529296875,170.2702178955078,-17.152488708496094
9.21,1763.4403076171875,170.14671325683594,-17.105188369750977
9.22,1765.268310546875,170.02296447753906,-17.06734848022461
9.23,1767.0927734375,169.89842224121094,-17.05788803100586
9.24,1768.93212890625,169.7805938720703,-16.982208251953125
9.25,1770.76416015625,169.6605682373047,-16.972747802734375
9.26,1772.58447265625,169.53684997558594,-16.953828811645508
9.27,1774.40478515625,169.413818359375,-16.934907913208008
9.28,1776.2215576171875,169.28993225097656,-16.934907913208008
9.29,1778.025146484375,169.1619415283203,-16.90652847290039
9.3,1779.8275146484375,169.03404235839844,-16.89706802368164
9.31,1781.627197265625,168.9061737060547,-16.840309143066406
9.32,1783.4205322265625,168.7771759033203,-16.764629364013672
9.33,1785.20068359375,168.64402770996094,-16.745708465576172
9.34,1787.001220703125,168.5189666748047,-16.736248016357422
9.35,1788.791748046875,168.39064025878906,-16.736248016357422
9.36,1790.578125,168.2612762451172,-16.736248016357422
9.37,1792.3603515625,168.13096618652344,-16.726787567138672
9.38,1794.1378173828125,167.9994659423828,-16.717329025268555
9.39,1795.9061279296875,167.865234375,-16.698410034179688
9.4,1797.672607421875,167.73085021972656,-16.698410034179688
9.41,1799.434326171875,167.5955047607422,-16.670028686523438
9.42,1801.18310546875,167.45591735839844,-16.670028686523438
9.43,1802.92578125,167.31466674804688,-16.660568237304688
9.44,1804.68603515625,167.18052673339844,-16.651107788085938
9.45,1806.4453125,167.04661560058594,-16.64164924621582
9.46,1808.1932373046875,166.9091033935547,-16.63218879699707
9.47,1809.9366455078125,166.77069091796875,-16.603809356689453
9.48,1811.66650390625,166.6280059814453,-16.584888458251953
9.49,1813.393310546875,166.48492431640625,-16.565969467163086
9.5,1815.111083984375,166.3390655517578,-16.565969467163086
9.51,1816.828857421875,166.1939239501953,-16.547048568725586
9.52,1818.55126953125,166.0509490966797,-16.547048568725586
9.53,1820.263916015625,165.905029296875,-16.53759002685547
9.54,1821.9654541015625,165.7555694580078,-16.53759002685547
9.55,1823.658203125,165.60340881347656,-16.53759002685547
9.56,1825.3524169921875,165.45249938964844,-16.52812957763672
9.57,1827.0416259765625,165.3003692626953,-16.51866912841797
9.58,1828.7391357421875,165.15176391601562,-16.52812957763672
9.59,1830.439697265625,165.0049285888672,-16.51866912841797
9.6,1832.13671875,164.85740661621094,-16.50920867919922
9.61,1833.82275390625,164.70657348632812,-16.49028968811035
9.62,1835.509765625,164.55673217773438,-16.4808292388916
9.63,1837.1864013671875,164.40426635742188,-16.424068450927734
9.64,1838.85888671875,164.25108337402344,-16.395689010620117
9.65,1840.5517578125,164.10679626464844,-16.310548782348633
9.66,1842.2330322265625,163.958740234375,-16.310548782348633
9.67,1843.9129638671875,163.8111572265625,-16.272708892822266
9.68,1845.609619140625,163.67062377929688,-16.2348690032959
9.69,1847.300537109375,163.5286865234375,-16.21595001220703
9.7,1848.9827880859375,163.38446044921875,-16.178110122680664
9.71,1850.663818359375,163.2405242919922,-16.159189224243164
9.72,1852.33935546875,163.09523010253906,-16.140270233154297
9.73,1854.01220703125,162.9495086669922,-16.140270233154297
9.74,1855.679443359375,162.80227661132812,-16.140270233154297
9.75,1857.353759765625,162.6583709716797,-16.121349334716797
9.76,1859.01806640625,162.51168823242188,-16.08350944519043
9.77,1860.685791015625,162.36679077148438,-16.08350944519043
9.78,1862.3419189453125,162.2183837890625,-16.064590454101562
9.79,1864.009033203125,162.0746307373047,-16.055130004882812
9.8,1865.669921875,161.92921447753906,-16.045669555664062
9.81,1867.3311767578125,161.78468322753906,-16.026750564575195
9.82,1868.9840087890625,161.6375732421875,-16.026750564575195
9.83,1870.640380859375,161.49229431152344,-16.026750564575195
9.84,1872.29052734375,161.34527587890625,-16.026750564575195
9.85,1873.9337158203125,161.19625854492188,-16.026750564575195
9.86,1875.58056640625,161.04872131347656,-16.064590454101562
9.87,1877.230224609375,160.9029541015625,-16.045669555664062
9.88,1878.866943359375,160.75279235839844,-16.064590454101562
9.89,1880.495361328125,160.60003662109375,-16.074050903320312
9.9,1882.115478515625,160.44480895996094,-16.074050903320312
9.91,1883.7513427734375,160.29588317871094,-16.074050903320312
9.92,1885.3929443359375,160.14964294433594,-16.074050903320312
9.93,1887.0277099609375,160.00143432617188,-16.074050903320312
9.94,1888.655029296875,159.85101318359375,-16.074050903320312
9.95,1890.2755126953125,159.69895935058594,-16.045669555664062
9.96,1891.89306640625,159.54635620117188,-16.045669555664062
9.97,1893.5247802734375,159.3996124267578,-16.036209106445312
9.98,1895.14306640625,159.2490234375,-15.979449272155762
9.99,1896.7547607421875,159.09730529785156,-15.903769493103027
10,1898.37548828125,158.94972229003906,-15.87539005279541
10.01,1899.9827880859375,158.79788208007812,-15.86592960357666
10.02,1901.591796875,158.64718627929688,-15.86592960357666
10.03,1903.194091796875,158.4947052001953,-15.85646915435791
10.04,1904.7957763671875,158.34283447265625,-15.828089714050293
10.05,1906.4095458984375,158.19642639160156,-15.780789375305176
10.06,1908.0234375,158.05059814453125,-15.780789375305176
10.07,1909.6383056640625,157.90573120117188,-15.771328926086426
10.08,1911.2406005859375,157.7571563720703,-15.733489990234375
10.09,1912.8355712890625,157.60675048828125,-15.705109596252441
10.1,1914.44873046875,157.46372985839844,-15.686189651489258
10.11,1916.060546875,157.3208465576172,-15.676730155944824
10.12,1917.659912109375,157.17408752441406,-15.65781021118164
10.13,1919.263916015625,157.02969360351562,-15.648350715637207
10.14,1920.8599853515625,156.88308715820312,-15.629429817199707
10.15,1922.454833984375,156.73666381835938,-15.619969367980957
10.16,1924.044677734375,156.58895874023438,-15.619969367980957
10.17,1925.6378173828125,156.44308471679688,-15.610509872436523
10.18,1927.2177734375,156.29293823242188,-15.610509872436523
10.19,1928.79443359375,156.1420135498047,-15.619969367980957
10.2,1930.3743896484375,155.9928741455078,-15.619969367980957
10.21,1931.947265625,155.84176635742188,-15.610509872436523
10.22,1933.5115966796875,155.6880645751953,-15.610509872436523
10.23,1935.0867919921875,155.53892517089844,-15.610509872436523
10.24,1936.6728515625,155.39450073242188,-15.59158992767334
10.25,1938.247314453125,155.24636840820312,-15.59158992767334
10.26,1939.8282470703125,155.1011199951172,-15.59158992767334
10.27,1941.3961181640625,154.9517364501953,-15.582130432128906
10.28,1942.9622802734375,154.80271911621094,-15.534830093383789
10.29,1944.5220947265625,154.65196228027344,-15.534830093383789
10.3,1946.077880859375,154.50030517578125,-15.534830093383789
10.31,1947.635009765625,154.34994506835938,-15.506449699401855
10.32,1949.1866455078125,154.19815063476562,-15.506449699401855
10.33,1950.7314453125,154.04429626464844,-15.515910148620605
10.34,1952.28125,153.89295959472656,-15.506449699401855
10.35,1953.8370361328125,153.7443084716797,-15.506449699401855
10.36,1955.380615234375,153.5917510986328,-15.506449699401855
10.37,1956.9315185546875,153.44273376464844,-15.478070259094238
10.38,1958.4786376953125,153.2928466796875,-15.478070259094238
10.39,1960.0211181640625,153.1419219970703,-15.468609809875488
10.4,1961.56494140625,152.9920654296875,-15.468609809875488
10.41,1963.104248046875,152.84107971191406,-15.468609809875488
10.42,1964.6593017578125,152.69647216796875,-15.459150314331055
10.43,1966.2037353515625,152.5487060546875,-15.440230369567871
10.44,1967.7435302734375,152.3998260498047,-15.440230369567871
10.45,1969.2789306640625,152.25010681152344,-15.411850929260254
10.46,1970.8232421875,152.10421752929688,-15.411850929260254
10.47,1972.365966796875,151.9582977294922,-15.411850929260254
10.48,1973.898193359375,151.80935668945312,-15.38347053527832
10.49,1975.419189453125,151.65687561035156,-15.38347053527832
10.5,1976.9305419921875,151.50167846679688,-15.355090141296387
10.51,1978.4427490234375,151.34823608398438,-15.269949913024902
10.52,1979.9490966796875,151.19320678710938,-15.269949913024902
10.53,1981.4541015625,151.0382537841797,-15.269949913024902
10.54,1982.9818115234375,150.892333984375,-15.251030921936035
10.55,1984.5133056640625,150.74855041503906,-15.232110023498535
10.56,1986.0479736328125,150.606689453125,-15.203730583190918
10.57,1987.571533203125,150.46165466308594,-15.16589069366455
10.58,1989.087646484375,150.31484985351562,-15.128050804138184
10.59,1990.6175537109375,150.173583984375,-15.128050804138184
10.6,1992.13623046875,150.02886962890625,-15.118590354919434
10.61,1993.6490478515625,149.88255310058594,-15.118590354919434
10.62,1995.16064453125,149.73629760742188,-15.118590354919434
10.63,1996.6822509765625,149.59442138671875,-15.099671363830566
10.64,1998.193603515625,149.44940185546875,-15.090210914611816
10.65,1999.7239990234375,149.3118438720703,-15.090210914611816
10.66,2001.2440185546875,149.1710205078125,-15.090210914611816
10.67,2002.7545166015625,149.02723693847656,-15.090210914611816
10.68,2004.260009765625,148.8821563720703,-15.090210914611816
10.69,2005.7567138671875,148.7351837158203,-15.014531135559082
10.7,2007.26806640625,148.59417724609375,-15.005070686340332
10.71,2008.767822265625,148.4494171142578,-15.005070686340332
10.72,2010.2694091796875,148.30593872070312,-14.995611190795898
10.73,2011.7674560546875,148.1617431640625,-14.995611190795898
10.74,2013.2711181640625,148.02003479003906,-15.005070686340332
10.75,2014.7655029296875,147.87542724609375,-15.005070686340332
10.76,2016.2633056640625,147.73275756835938,-14.986151695251465
10.77,2017.75390625,147.5880126953125,-14.986151695251465
10.78,2019.234375,147.44041442871094,-14.957771301269531
10.79,2020.7122802734375,147.29241943359375,-14.957771301269531
10.8,2022.2027587890625,147.14962768554688,-14.948311805725098
10.81,2023.7034912109375,147.01107788085938,-14.948311805725098
10.82,2025.2001953125,146.8716278076172,-14.938851356506348
10.83,2026.6890869140625,146.7300262451172,-14.919931411743164
10.84,2028.1685791015625,146.58584594726562,-14.89155101776123
10.85,2029.6373291015625,146.43846130371094,-14.872631072998047
10.86,2031.108154296875,146.2923583984375,-14.872631072998047
10.87,2032.57275390625,146.1448211669922,-14.84425163269043
10.88,2034.0274658203125,145.99440002441406,-14.825331687927246
10.89,2035.4888916015625,145.84695434570312,-14.825331687927246
10.9,2036.959228515625,145.70327758789062,-14.825331687927246
10.91,2038.422607421875,145.5579071044922,-14.796951293945312
10.92,2039.9031982421875,145.41941833496094,-14.787491798400879
10.93,2041.376220703125,145.27862548828125,-14.787491798400879
10.94,2042.8385009765625,145.13465881347656,-14.768571853637695
10.95,2044.296875,144.99009704589844,-14.740191459655762
10.96,2045.7628173828125,144.84878540039062,-14.740191459655762
10.97,2047.2174072265625,144.70394897460938,-14.730731010437012
10.98,2048.661376953125,144.5557861328125,-14.730731010437012
10.99,2050.113525390625,144.4111785888672,-14.730731010437012
11,2051.571044921875,144.26930236816406,-14.702351570129395
11.01,2053.023193359375,144.1260223388672,-14.702351570129395
11.02,2054.467041015625,143.98025512695312,-14.702351570129395
11.03,2055.905029296875,143.83302307128906,-14.683432579040527
11.04,2057.345947265625,143.687744140625,-14.655051231384277
11.05,2058.7763671875,143.5394744873047,-14.62667179107666
11.06,2060.210693359375,143.39317321777344,-14.62667179107666
11.07,2061.64306640625,143.24679565429688,-14.607751846313477
11.08,2063.090576171875,143.1064910888672,-14.607751846313477
11.09,2064.535400390625,142.96580505371094,-14.588831901550293
11.1,2065.982421875,142.8264923095703,-14.588831901550293
11.11,2067.4189453125,142.68408203125,-14.56991195678711
11.12,2068.853271484375,142.54161071777344,-14.550992012023926
11.13,2070.277587890625,142.39588928222656,-14.550992012023926
11.14,2071.69287109375,142.2476806640625,-14.532072067260742
11.15,2073.098388671875,142.09654235839844,-14.532072067260742
11.16,2074.52392578125,141.95327758789062,-14.522612571716309
11.17,2075.95947265625,141.8141632080078,-14.522612571716309
11.18,2077.39013671875,141.67372131347656,-14.522612571716309
11.19,2078.811767578125,141.53057861328125,-14.522612571716309
11.2,2080.23828125,141.38970947265625,-14.522612571716309
11.21,2081.660400390625,141.2478790283203,-14.513152122497559
11.22,2083.089111328125,141.10885620117188,-14.513152122497559
11.23,2084.524658203125,140.9731903076172,-14.484772682189941
11.24,2085.95361328125,140.83583068847656,-14.465851783752441
11.25,2087.380126953125,140.69815063476562,-14.446932792663574
11.26,2088.796142578125,140.55735778808594,-14.437472343444824
11.27,2090.219970703125,140.419921875,-14.437472343444824
11.28,2091.63525390625,140.28018188476562,-14.399632453918457
11.29,2093.065185546875,140.146484375,-14.380712509155273
11.3,2094.486328125,140.01019287109375,-14.37125301361084
11.31,2095.90185546875,139.87232971191406,-14.37125301361084
11.32,2097.329833984375,139.73959350585938,-14.36179256439209
11.33,2098.76416015625,139.6099395751953,-14.333412170410156
11.34,2100.188232421875,139.4771270751953,-14.323952674865723
11.35,2101.608154296875,139.34329223632812,-14.323952674865723
11.36,2103.030029296875,139.21072387695312,-14.314492225646973
11.37,2104.44921875,139.0776824951172,-14.314492225646973
11.38,2105.874267578125,138.94728088378906,-14.305032730102539
11.39,2107.288330078125,138.81350708007812,-14.295573234558105
11.4,2108.69384765625,138.6770782470703,-14.295573234558105
11.41,2110.10205078125,138.5421600341797,-14.295573234558105
11.42,2111.50927734375,138.40744018554688,-14.286112785339355
11.43,2112.916748046875,138.27337646484375,-14.286112785339355
11.44,2114.322021484375,138.13888549804688,-14.286112785339355
11.45,2115.72998046875,138.00637817382812,-14.238812446594238
11.46,2117.13916015625,137.8748016357422,-14.238812446594238
11.47,2118.54052734375,137.74105834960938,-14.219893455505371
11.48,2119.953857421875,137.6123046875,-14.200972557067871
11.49,2121.38134765625,137.4891357421875,-14.200972557067871
11.5,2122.798828125,137.3628387451172,-14.191512107849121
11.51,2124.2158203125,137.23692321777344,-14.191512107849121
11.52,2125.62646484375,137.10935974121094,-14.172593116760254
11.53,2127.036376953125,136.9820098876953,-14.163132667541504
11.54,2128.442138671875,136.8536834716797,-14.163132667541504
11.55,2129.851806640625,136.7274169921875,-14.134753227233887
11.56,2131.257080078125,136.6001739501953,-14.134753227233887
11.57,2132.662353515625,136.47341918945312,-14.125292778015137
11.58,2134.060791015625,136.3446044921875,-14.125292778015137
11.59,2135.449951171875,136.21302795410156,-14.115832328796387
11.6,2136.860107421875,136.08956909179688,-14.115832328796387
11.61,2138.26953125,135.96641540527344,-14.09691333770752
11.62,2139.67578125,135.84266662597656,-14.08745288848877
11.63,2141.07421875,135.71658325195312,-14.08745288848877
11.64,2142.482666015625,135.59466552734375,-14.068533897399902
11.65,2143.884765625,135.4710693359375,-14.059073448181152
11.66,2145.281494140625,135.34597778320312,-14.059073448181152
11.67,2146.685791015625,135.2240447998047,-14.059073448181152
11.68,2148.080322265625,135.09896850585938,-14.059073448181152
11.69,2149.46337890625,134.97032165527344,-14.049612998962402
11.7,2150.856201171875,134.84588623046875,-14.030693054199219
11.71,2152.244384765625,134.72035217285156,-14.021233558654785
11.72,2153.636474609375,134.5966339111328,-14.021233558654785
11.73,2155.020263671875,134.47064208984375,-13.992853164672852
11.74,2156.404052734375,134.34512329101562,-13.992853164672852
11.75,2157.790283203125,134.22088623046875,-13.992853164672852
11.76,2159.1787109375,134.0979461669922,-13.992853164672852
11.77,2160.565673828125,133.97491455078125,-13.992853164672852
11.78,2161.943603515625,133.84906005859375,-13.992853164672852
11.79,2163.329833984375,133.72698974609375,-13.964472770690918
11.8,2164.718505859375,133.60621643066406,-13.964472770690918
11.81,2166.103515625,133.48489379882812,-13.92663288116455
11.82,2167.48486328125,133.36268615722656,-13.92663288116455
11.83,2168.866455078125,133.24105834960938,-13.917173385620117
11.84,2170.2412109375,133.1176300048828,-13.898253440856934
11.85,2171.61669921875,132.99497985839844,-13.898253440856934
11.86,2172.98779296875,132.87127685546875,-13.888792991638184
11.87,2174.355224609375,132.7467041015625,-13.888792991638184
11.88,2175.718505859375,132.6210174560547,-13.888792991638184
11.89,2177.08349609375,132.49630737304688,-13.898253440856934
11.9,2178.447265625,132.37167358398438,-13.888792991638184
11.91,2179.833984375,132.25579833984375,-13.888792991638184
11.92,2181.21630859375,132.13894653320312,-13.869874000549316
11.93,2182.592529296875,132.0203857421875,-13.869874000549316
11.94,2183.967041015625,131.9016876220703,-13.850953102111816
11.95,2185.331787109375,131.78012084960938,-13.83203411102295
11.96,2186.689208984375,131.6564483642578,-13.8225736618042
11.97,2188.04931640625,131.534423828125,-13.794193267822266
11.98,2189.406494140625,131.41184997558594,-13.794193267822266
11.99,2190.767822265625,131.29139709472656,-13.775273323059082
12,2192.12646484375,131.17039489746094,-13.775273323059082
12.01,2193.4755859375,131.04637145996094,-13.775273323059082
12.02,2194.831787109375,130.92539978027344,-13.775273323059082
12.03,2196.185302734375,130.8038787841797,-13.775273323059082
12.04,2197.542236328125,130.6844940185547,-13.727973937988281
12.05,2198.888916015625,130.56201171875,-13.709053993225098
12.06,2200.2412109375,130.44203186035156,-13.709053993225098
12.07,2201.5908203125,130.3217010498047,-13.690134048461914
12.08,2202.943115234375,130.202880859375,-13.680673599243164
12.09,2204.29052734375,130.0827178955078,-13.680673599243164
12.1,2205.627685546875,129.9593963623047,-13.67121410369873
12.11,2206.956298828125,129.8336639404297,-13.642833709716797
12.12,2208.302001953125,129.714599609375,-13.642833709716797
12.13,2209.649658203125,129.59677124023438,-13.633374214172363
12.14,2210.990234375,129.4768829345703,-13.623913764953613
12.15,2212.328857421875,129.35696411132812,-13.60499382019043
12.16,2213.657470703125,129.23382568359375,-13.60499382019043
12.17,2214.9833984375,129.1102294921875,-13.60499382019043
12.18,2216.30615234375,128.98609924316406,-13.586073875427246
12.19,2217.6484375,128.8695526123047,-13.576614379882812
12.2,2218.980712890625,128.75006103515625,-13.548233985900879
12.21,2220.3046875,128.62791442871094,-13.548233985900879
12.22,2221.627685546875,128.50596618652344,-13.538774490356445
12.23,2222.947509765625,128.38357543945312,-13.510394096374512
12.24,2224.278564453125,128.26577758789062,-13.500934600830078
12.25,2225.603271484375,128.14614868164062,-13.500934600830078
12.26,2226.935302734375,128.02963256835938,-13.500934600830078
12.27,2228.256591796875,127.90973663330078,-13.491474151611328
12.28,2229.570068359375,127.78767395019531,-13.472554206848145
12.29,2230.8759765625,127.66328430175781,-13.472554206848145
12.3,2232.179443359375,127.53849029541016,-13.472554206848145
12.31,2233.49365234375,127.41796875,-13.472554206848145
12.32,2234.8076171875,127.29785919189453,-13.472554206848145
12.33,2236.11083984375,127.1744155883789,-13.463093757629395
12.34,2237.405029296875,127.04802703857422,-13.472554206848145
12.35,2238.69091796875,126.91917419433594,-13.463093757629395
12.36,2239.9814453125,126.79244995117188,-13.463093757629395
12.37,2241.268798828125,126.66529846191406,-13.444174766540527
12.38,2242.55322265625,126.5377197265625,-13.425253868103027
12.39,2243.82861328125,126.40753936767578,-13.40633487701416
12.4,2245.099609375,126.2762222290039,-13.40633487701416
12.41,2246.392822265625,126.15336608886719,-13.40633487701416
12.42,2247.685302734375,126.03070068359375,-13.40633487701416
12.43,2248.970947265625,125.90604400634766,-13.40633487701416
12.44,2250.25830078125,125.78260803222656,-13.38741397857666
12.45,2251.537353515625,125.65664672851562,-13.38741397857666
12.46,2252.80908203125,125.52873229980469,-13.359034538269043
12.47,2254.080322265625,125.40106964111328,-13.359034538269043
12.48,2255.352294921875,125.27420806884766,-13.359034538269043
12.49,2256.618408203125,125.14568328857422,-13.359034538269043
12.5,2257.87646484375,125.01477813720703,-13.349574089050293
12.51,2259.1455078125,124.88825988769531,-13.349574089050293
12.52,2260.4052734375,124.75899505615234,-13.349574089050293
12.53,2261.6630859375,124.62975311279297,-13.321194648742676
12.54,2262.926513671875,124.50308227539062,-13.311734199523926
12.55,2264.18115234375,124.37387084960938,-13.292815208435059
12.56,2265.431396484375,124.24368286132812,-13.283354759216309
12.57,2266.68505859375,124.11516571044922,-13.283354759216309
12.58,2267.939208984375,123.98722839355469,-13.283354759216309
12.59,2269.1875,123.85768127441406,-13.283354759216309
12.6,2270.427734375,123.72579956054688,-13.273894309997559
12.61,2271.6669921875,123.59427642822266,-13.245514869689941
12.62,2272.900390625,123.46127319335938,-13.236054420471191
12.63,2274.13427734375,123.32889556884766,-13.236054420471191
12.64,2275.358642578125,123.19368743896484,-13.226594924926758
12.65,2276.59716796875,123.06405639648438,-13.226594924926758
12.66,2277.8271484375,122.93185424804688,-13.217134475708008
12.67,2279.049072265625,122.79728698730469,-13.217134475708008
12.68,2280.27392578125,122.6645736694336,-13.17929458618164
12.69,2281.4990234375,122.53252410888672,-13.17929458618164
12.7,2282.736083984375,122.40532684326172,-13.169835090637207
12.71,2283.971435546875,122.2779312133789,-13.169835090637207
12.72,2285.201904296875,122.14933776855469,-13.160374641418457
12.73,2286.42529296875,122.01875305175781,-13.150915145874023
12.74,2287.64013671875,121.88572692871094,-13.13199520111084
12.75,2288.845458984375,121.74993133544922,-13.12253475189209
12.76,2290.0615234375,121.61849212646484,-13.11307430267334
12.77,2291.281005859375,121.48902130126953,-13.094155311584473
12.78,2292.495849609375,121.35848999023438,-13.075234413146973
12.79,2293.70068359375,121.22481536865234,-13.075234413146973
12.8,2294.90283203125,121.09075927734375,-13.075234413146973
12.81,2296.0966796875,120.95423889160156,-13.065774917602539
12.82,2297.30322265625,120.82310485839844,-13.037394523620605
12.83,2298.502197265625,120.68958282470703,-13.046854972839355
12.84,2299.692626953125,120.55359649658203,-13.037394523620605
12.85,2300.899169921875,120.42401885986328,-13.018475532531738
12.86,2302.105712890625,120.29487609863281,-13.018475532531738
12.87,2303.30517578125,120.16371154785156,-13.018475532531738
12.88,2304.4970703125,120.03036499023438,-13.009015083312988
12.89,2305.683349609375,119.89558410644531,-13.009015083312988
12.9,2306.86669921875,119.76029205322266,-12.999554634094238
12.91,2308.046142578125,119.6241226196289,-12.999554634094238
12.92,2309.222900390625,119.48745727539062,-12.990095138549805
12.93,2310.391845703125,119.34867095947266,-12.980635643005371
12.94,2311.560302734375,119.21015167236328,-12.980635643005371
12.95,2312.725830078125,119.0711669921875,-12.971175193786621
12.96,2313.895263671875,118.93419647216797,-12.961714744567871
12.97,2315.06640625,118.7984848022461,-12.942795753479004
12.98,2316.22998046875,118.66057586669922,-12.942795753479004
12.99,2317.3837890625,118.51966094970703,-12.942795753479004
13,2318.532470703125,118.37751007080078,-12.933335304260254
13.01,2319.697509765625,118.24188232421875,-12.91441535949707
13.02,2320.8603515625,118.10616302490234,-12.895495414733887
13.03,2322.022705078125,117.9707260131836,-12.895495414733887
13.04,2323.181396484375,117.83457946777344,-12.886034965515137
13.05,2324.330322265625,117.69544219970703,-12.886034965515137
13.06,2325.473388671875,117.5547103881836,-12.886034965515137
13.07,2326.6083984375,117.41158294677734,-12.886034965515137
13.08,2327.761962890625,117.27564239501953,-12.886034965515137
13.09,2328.906005859375,117.13691711425781,-12.86711597442627
13.1,2330.041015625,116.99552154541016,-12.86711597442627
13.11,2331.181640625,116.85684967041016,-12.84819507598877
13.12,2332.3173828125,116.71697998046875,-12.838735580444336
13.13,2333.468017578125,116.58292388916016,-12.838735580444336
13.14,2334.60888671875,116.44590759277344,-12.838735580444336
13.15,2335.7412109375,116.30660247802734,-12.800895690917969
13.16,2336.866943359375,116.16547393798828,-12.800895690917969
13.17,2337.98779296875,116.02318572998047,-12.791435241699219
13.18,2339.098876953125,115.87801361083984,-12.791435241699219
13.19,2340.208984375,115.73308563232422,-12.781975746154785
13.2,2341.319580078125,115.58885192871094,-12.781975746154785
13.21,2342.43701171875,115.44749450683594,-12.781975746154785
13.22,2343.549560546875,115.3049087524414,-12.781975746154785
13.23,2344.654296875,115.1600112915039,-12.781975746154785
13.24,2345.754150390625,115.01390838623047,-12.781975746154785
13.25,2346.84521484375,114.86544036865234,-12.763055801391602
13.26,2347.947021484375,114.72127532958984,-12.763055801391602
13.27,2349.046142578125,114.57682800292969,-12.753595352172852
13.28,2350.137451171875,114.43020629882812,-12.744135856628418
13.29,2351.22705078125,114.28350830078125,-12.744135856628418
13.3,2352.323486328125,114.13983917236328,-12.734675407409668
13.31,2353.41357421875,113.99444580078125,-12.734675407409668
13.32,2354.509033203125,113.8514404296875,-12.734675407409668
13.33,2355.604248046875,113.70899963378906,-12.725215911865234
13.34,2356.697265625,113.56629943847656,-12.715755462646484
13.35,2357.78466796875,113.42215728759766,-12.715755462646484
13.36,2358.87353515625,113.27904510498047,-12.715755462646484
13.37,2359.953857421875,113.13359832763672,-12.6968355178833
13.38,2361.044921875,112.99248504638672,-12.6968355178833
13.39,2362.12744140625,112.84884643554688,-12.6968355178833
13.4,2363.202880859375,112.7032470703125,-12.6968355178833
13.41,2364.274658203125,112.55680847167969,-12.6968355178833
13.42,2365.353271484375,112.41363525390625,-12.668456077575684
13.43,2366.42578125,112.26898193359375,-12.6495361328125
13.44,2367.492431640625,112.12276458740234,-12.64007568359375
13.45,2368.55224609375,111.9746322631836,-12.64007568359375
13.46,2369.609619140625,111.82624053955078,-12.64007568359375
13.47,2370.66015625,111.6761474609375,-12.621155738830566
13.48,2371.704833984375,111.52454376220703,-12.611696243286133
13.49,2372.7626953125,111.37818145751953,-12.611696243286133
13.5,2373.813720703125,111.22992706298828,-12.611696243286133
13.51,2374.859619140625,111.08045196533203,-12.602235794067383
13.52,2375.910400390625,110.9332046508789,-12.602235794067383
13.53,2376.9521484375,110.78336334228516,-12.59277629852295
13.54,2377.994873046875,110.6347885131836,-12.554936408996582
13.55,2379.033203125,110.48517608642578,-12.554936408996582
13.56,2380.079833984375,110.33927917480469,-12.545475959777832
13.57,2381.126708984375,110.19397735595703,-12.545475959777832
13.58,2382.174072265625,110.04927062988281,-12.545475959777832
13.59,2383.214111328125,109.90261840820312,-12.526556015014648
13.6,2384.256591796875,109.75740051269531,-12.526556015014648
13.61,2385.291748046875,109.61006927490234,-12.526556015014648
13.62,2386.334716796875,109.4660873413086,-12.526556015014648
13.63,2387.37255859375,109.32080841064453,-12.526556015014648
13.64,2388.40380859375,109.17378997802734,-12.517096519470215
13.65,2389.43017578125,109.02568054199219,-12.498176574707031
13.66,2390.45751953125,108.87850189208984,-12.498176574707031
13.67,2391.480712890625,108.73033142089844,-12.498176574707031
13.68,2392.505126953125,108.58309936523438,-12.498176574707031
13.69,2393.521484375,108.4336166381836,-12.488716125488281
13.7,2394.53564453125,108.28408813476562,-12.479256629943848
13.71,2395.544189453125,108.13306427001953,-12.479256629943848
13.72,2396.564697265625,107.9869155883789,-12.469796180725098
13.73,2397.58935546875,107.8428955078125,-12.460335731506348
13.74,2398.609130859375,107.69782257080078,-12.44141674041748
13.75,2399.62158203125,107.55068969726562,-12.44141674041748
13.76,2400.625244140625,107.40116119384766,-12.42249584197998
13.77,2401.6494140625,107.25952911376953,-12.413036346435547
13.78,2402.664794921875,107.1153793334961,-12.403576850891113
13.79,2403.67529296875,106.97000122070312,-12.403576850891113
13.8,2404.68017578125,106.82313537597656,-12.403576850891113
13.81,2405.68408203125,106.67643737792969,-12.403576850891113
13.82,2406.681640625,106.52809143066406,-12.394116401672363
13.83,2407.697998046875,106.38702392578125,-12.394116401672363
13.84,2408.708984375,106.24454498291016,-12.384655952453613
13.85,2409.723388671875,106.10385131835938,-12.384655952453613
13.86,2410.733642578125,105.96240234375,-12.365736961364746
13.87,2411.741455078125,105.82074737548828,-12.346816062927246
13.88,2412.745849609375,105.67861938476562,-12.327897071838379
13.89,2413.743408203125,105.53446960449219,-12.327897071838379
13.9,2414.7353515625,105.38887023925781,-12.327897071838379
13.91,2415.740234375,105.24838256835938,-12.327897071838379
13.92,2416.7412109375,105.10706329345703,-12.318436622619629
13.93,2417.7373046875,104.96475219726562,-12.299516677856445
13.94,2418.726318359375,104.82044982910156,-12.299516677856445
13.95,2419.71826171875,104.67781829833984,-12.290056228637695
13.96,2420.710205078125,104.53565216064453,-12.290056228637695
13.97,2421.699951171875,104.39305114746094,-12.299516677856445
13.98,2422.68798828125,104.25057220458984,-12.280596733093262
13.99,2423.678955078125,104.10966491699219,-12.280596733093262
14,2424.666748046875,103.96824645996094,-12.271136283874512
14.01,2425.65087890625,103.82613372802734,-12.252216339111328
14.02,2426.638671875,103.68588256835938,-12.252216339111328
14.03,2427.619384765625,103.54376220703125,-12.242756843566895
14.04,2428.59716796875,103.40105438232422,-12.242756843566895
14.05,2429.568603515625,103.25676727294922,-12.233296394348145
14.06,2430.559326171875,103.11981964111328,-12.233296394348145
14.07,2431.54248046875,102.98062896728516,-12.233296394348145
14.08,2432.51708984375,102.83893585205078,-12.233296394348145
14.09,2433.487060546875,102.69612884521484,-12.233296394348145
14.1,2434.45751953125,102.55404663085938,-12.214376449584961
14.11,2435.427490234375,102.41222381591797,-12.214376449584961
14.12,2436.398193359375,102.27130889892578,-12.204916954040527
14.13,2437.364990234375,102.12965393066406,-12.195456504821777
14.14,2438.32568359375,101.98635864257812,-12.195456504821777
14.15,2439.27880859375,101.84089660644531,-12.195456504821777
14.16,2440.232177734375,101.69600677490234,-12.195456504821777
14.17,2441.2001953125,101.55687713623047,-12.195456504821777
14.18,2442.170166015625,101.41883087158203,-12.195456504821777
14.19,2443.138671875,101.28077697753906,-12.195456504821777
14.2,2444.10107421875,101.14127349853516,-12.176536560058594
14.21,2445.060791015625,101.00122833251953,-12.176536560058594
14.22,2446.0205078125,100.8618392944336,-12.16707706451416
14.23,2446.98193359375,100.7236557006836,-12.15761661529541
14.24,2447.948974609375,100.58793640136719,-12.15761661529541
14.25,2448.92138671875,100.45467376708984,-12.15761661529541
14.26,2449.887939453125,100.32003784179688,-12.129237174987793
14.27,2450.850830078125,100.18458557128906,-12.129237174987793
14.28,2451.809326171875,100.04805755615234,-12.129237174987793
14.29,2452.7626953125,99.9102783203125,-12.119776725769043
14.3,2453.70751953125,99.77001953125,-12.119776725769043
14.31,2454.64404296875,99.62724304199219,-12.119776725769043
14.32,2455.572021484375,99.48194885253906,-12.119776725769043
14.33,2456.50390625,99.33856201171875,-12.119776725769043
14.34,2457.44384765625,99.19869995117188,-12.10085678100586
14.35,2458.39404296875,99.0631103515625,-12.091397285461426
14.36,2459.3388671875,98.92608642578125,-12.091397285461426
14.37,2460.28857421875,98.79141235351562,-12.081936836242676
14.38,2461.23681640625,98.6567153930664,-12.081936836242676
14.39,2462.17822265625,98.52000427246094,-12.081936836242676
14.4,2463.1171875,98.38299560546875,-12.081936836242676
14.41,2464.052490234375,98.24531555175781,-12.063016891479492
14.42,2464.982421875,98.10618591308594,-12.063016891479492
14.43,2465.91015625,97.96687316894531,-12.053557395935059
14.44,2466.831787109375,97.82592010498047,-12.044096946716309
14.45,2467.75439453125,97.68598175048828,-12.034636497497559
14.46,2468.69140625,97.55169677734375,-12.034636497497559
14.47,2469.628173828125,97.417724609375,-12.034636497497559
14.48,2470.566162109375,97.2847671508789,-12.025177001953125
14.49,2471.50048828125,97.15113067626953,-12.006257057189941
14.5,2472.430908203125,97.01663208007812,-12.006257057189941
14.51,2473.356689453125,96.88105773925781,-11.996796607971191
14.52,2474.2734375,96.74299621582031,-11.977877616882324
14.53,2475.185791015625,96.6037826538086,-11.977877616882324
14.54,2476.08984375,96.46218872070312,-11.977877616882324
14.55,2477.0126953125,96.32795715332031,-11.958956718444824
14.56,2477.940673828125,96.19596099853516,-11.958956718444824
14.57,2478.861328125,96.06185913085938,-11.958956718444824
14.58,2479.774658203125,95.92584228515625,-11.940037727355957
14.59,2480.687744140625,95.79022979736328,-11.940037727355957
14.6,2481.60791015625,95.65763854980469,-11.930577278137207
14.61,2482.528564453125,95.52586364746094,-11.921116828918457
14.62,2483.445556640625,95.39324188232422,-11.921116828918457
14.63,2484.35595703125,95.25890350341797,-11.911657333374023
14.64,2485.26025390625,95.12284851074219,-11.90219783782959
14.65,2486.158935546875,94.98532104492188,-11.90219783782959
14.66,2487.059326171875,94.84889221191406,-11.90219783782959
14.67,2487.96240234375,94.71400451660156,-11.89273738861084
14.68,2488.867919921875,94.58074188232422,-11.873817443847656
14.69,2489.76904296875,94.4463119506836,-11.873817443847656
14.7,2490.674072265625,94.31366729736328,-11.873817443847656
14.71,2491.578857421875,94.1814956665039,-11.873817443847656
14.72,2492.478271484375,94.04801177978516,-11.854897499084473
14.73,2493.3701171875,93.9123764038086,-11.854897499084473
14.74,2494.267822265625,93.77943420410156,-11.835977554321289
14.75,2495.16552734375,93.64700317382812,-11.835977554321289
14.76,2496.057861328125,93.51307678222656,-11.835977554321289
14.77,2496.940673828125,93.37631225585938,-11.835977554321289
14.78,2497.82861328125,93.24177551269531,-11.835977554321289
14.79,2498.710693359375,93.10584259033203,-11.826518058776855
14.8,2499.58642578125,92.96808624267578,-11.826518058776855
14.81,2500.45751953125,92.82937622070312,-11.807597160339355
14.82,2501.336669921875,92.694091796875,-11.798137664794922
14.83,2502.221923828125,92.56143951416016,-11.798137664794922
14.84,2503.137451171875,92.44014739990234,-11.788677215576172
14.85,2504.04345703125,92.31591033935547,-11.788677215576172
14.86,2504.94580078125,92.1908187866211,-11.788677215576172
14.87,2505.840576171875,92.0635986328125,-11.779217720031738
14.88,2506.72900390625,91.93449401855469,-11.779217720031738
14.89,2507.60791015625,91.80247497558594,-11.779217720031738
14.9,2508.490966796875,91.67247009277344,-11.779217720031738
14.91,2509.37646484375,91.54376983642578,-11.779217720031738
14.92,2510.265625,91.41683197021484,-11.769757270812988
14.93,2511.157958984375,91.29155731201172,-11.769757270812988
14.94,2512.040771484375,91.16332244873047,-11.769757270812988
14.95,2512.9140625,91.03213500976562,-11.769757270812988
14.96,2513.783935546875,90.90015411376953,-11.769757270812988
14.97,2514.653076171875,90.76866149902344,-11.750837326049805
14.98,2515.52392578125,90.63809967041016,-11.760297775268555
14.99,2516.392333984375,90.5071029663086,-11.760297775268555
15,2517.259033203125,90.37615203857422,-11.750837326049805
15.01,2518.12646484375,90.24588775634766,-11.750837326049805
15.02,2518.99951171875,90.11813354492188,-11.750837326049805
15.03,2519.864990234375,89.98812103271484,-11.750837326049805
15.04,2520.72412109375,89.85651397705078,-11.722457885742188
15.05,2521.57470703125,89.72230529785156,-11.722457885742188
15.06,2522.43408203125,89.59187316894531,-11.712997436523438
15.07,2523.290283203125,89.460693359375,-11.712997436523438
15.08,2524.14697265625,89.3303451538086,-11.703537940979004
15.09,2525.00048828125,89.19943237304688,-11.68461799621582
15.1,2525.849609375,89.06739044189453,-11.68461799621582
15.11,2526.701416015625,88.9368667602539,-11.68461799621582
15.12,2527.556396484375,88.807861328125,-11.68461799621582
15.13,2528.41650390625,88.68112182617188,-11.68461799621582
15.14,2529.270751953125,88.55286407470703,-11.68461799621582
15.15,2530.12060546875,88.42375183105469,-11.656237602233887
15.16,2530.97265625,88.2958984375,-11.646778106689453
15.17,2531.8212890625,88.16729736328125,-11.646778106689453
15.18,2532.66845703125,88.03872680664062,-11.646778106689453
15.19,2533.516845703125,87.91095733642578,-11.646778106689453
15.2,2534.3671875,87.78437805175781,-11.646778106689453
15.21,2535.2099609375,87.65560150146484,-11.637317657470703
15.22,2536.0537109375,87.52766418457031,-11.637317657470703
15.23,2536.89404296875,87.39899444580078,-11.637317657470703
15.24,2537.73876953125,87.27233123779297,-11.637317657470703
15.25,2538.579345703125,87.14463806152344,-11.62785816192627
15.26,2539.431640625,87.02181243896484,-11.61839771270752
15.27,2540.294921875,86.9035415649414,-11.599477767944336
15.28,2541.155029296875,86.78459167480469,-11.590018272399902
15.29,2542.00634765625,86.66297912597656,-11.580557823181152
15.3,2542.85546875,86.54102325439453,-11.580557823181152
15.31,2543.69580078125,86.41642761230469,-11.571098327636719
15.32,2544.530517578125,86.2904052734375,-11.561637878417969
15.33,2545.365234375,86.16487884521484,-11.561637878417969
15.34,2546.197998046875,86.03914642333984,-11.552178382873535
15.35,2547.038818359375,85.9167251586914,-11.552178382873535
15.36,2547.876220703125,85.79368591308594,-11.542717933654785
15.37,2548.715087890625,85.67154693603516,-11.542717933654785
15.38,2549.545166015625,85.54666900634766,-11.542717933654785
15.39,2550.374267578125,85.4218978881836,-11.542717933654785
15.4,2551.2080078125,85.29937744140625,-11.533258438110352
15.41,2552.032958984375,85.17402648925781,-11.542717933654785
15.42,2552.853759765625,85.04768371582031,-11.533258438110352
15.43,2553.679443359375,84.92353820800781,-11.533258438110352
15.44,2554.509765625,84.80158996582031,-11.533258438110352
15.45,2555.339111328125,84.6799545288086,-11.514338493347168
15.46,2556.167724609375,84.55854034423828,-11.504878044128418
15.47,2556.986572265625,84.4339599609375,-11.504878044128418
15.48,2557.81591796875,84.3136978149414,-11.504878044128418
15.49,2558.643310546875,84.19334411621094,-11.485958099365234
15.5,2559.465576171875,84.07156372070312,-11.4764986038208
15.51,2560.285888671875,83.94952392578125,-11.4764986038208
15.52,2561.097412109375,83.82472229003906,-11.4764986038208
15.53,2561.910400390625,83.70096588134766,-11.4764986038208
15.54,2562.734130859375,83.58161163330078,-11.4764986038208
15.55,2563.557373046875,83.46241760253906,-11.4764986038208
15.56,2564.3740234375,83.34146881103516,-11.457578659057617
15.57,2565.1865234375,83.21953582763672,-11.448118209838867
15.58,2565.99365234375,83.09611511230469,-11.448118209838867
15.59,2566.80029296875,82.97281646728516,-11.457578659057617
15.6,2567.6005859375,82.84770965576172,-11.448118209838867
15.61,2568.396484375,82.72157287597656,-11.448118209838867
15.62,2569.204833984375,82.60040283203125,-11.448118209838867
15.63,2570.0126953125,82.47965240478516,-11.429198265075684
15.64,2570.812744140625,82.3565444946289,-11.429198265075684
15.65,2571.607666015625,82.23196411132812,-11.429198265075684
15.66,2572.412841796875,82.11174774169922,-11.4102783203125
15.67,2573.21142578125,81.98960876464844,-11.4102783203125
15.68,2574.006103515625,81.8664321899414,-11.4102783203125
15.69,2574.7919921875,81.74048614501953,-11.4102783203125
15.7,2575.591796875,81.62019348144531,-11.400818824768066
15.71,2576.398193359375,81.50288391113281,-11.391358375549316
15.72,2577.19921875,81.38407135009766,-11.391358375549316
15.73,2577.990234375,81.26201629638672,-11.391358375549316
15.74,2578.773681640625,81.13761138916016,-11.391358375549316
15.75,2579.55322265625,81.01220703125,-11.391358375549316
15.76,2580.333740234375,80.88758087158203,-11.391358375549316
15.77,2581.11767578125,80.76464080810547,-11.391358375549316
15.78,2581.906005859375,80.64380645751953,-11.391358375549316
15.79,2582.71826171875,80.5322265625,-11.391358375549316
15.8,2583.524169921875,80.41866302490234,-11.391358375549316
15.81,2584.31982421875,80.3017807006836,-11.391358375549316
15.82,2585.114013671875,80.18494415283203,-11.372438430786133
15.83,2585.9052734375,80.06761169433594,-11.3629789352417
15.84,2586.6904296875,79.94844055175781,-11.35351848602295
15.85,2587.47412109375,79.82916259765625,-11.35351848602295
15.86,2588.2685546875,79.71440887451172,-11.3440580368042
15.87,2589.06982421875,79.60279083251953,-11.334598541259766
15.88,2589.863525390625,79.48873138427734,-11.334598541259766
15.89,2590.6484375,79.37181854248047,-11.334598541259766
15.9,2591.43798828125,79.25708770751953,-11.334598541259766
15.91,2592.2333984375,79.14508819580078,-11.325139045715332
15.92,2593.03857421875,79.03707885742188,-11.325139045715332
15.93,2593.83447265625,78.92613983154297,-11.325139045715332
15.94,2594.62548828125,78.81369018554688,-11.325139045715332
15.95,2595.4111328125,78.69973754882812,-11.325139045715332
15.96,2596.19189453125,78.58430480957031,-11.325139045715332
15.97,2596.9638671875,78.46609497070312,-11.315678596496582
15.98,2597.741943359375,78.35063171386719,-11.315678596496582
15.99,2598.513671875,78.2334213256836,-11.296758651733398
16,2599.28271484375,78.11579132080078,-11.287299156188965
16.01,2600.059326171875,78.00139617919922,-11.287299156188965
16.02,2600.828369140625,77.88460540771484,-11.287299156188965
16.03,2601.592529296875,77.76646423339844,-11.277838706970215
16.04,2602.352783203125,77.6475601196289,-11.258918762207031
16.05,2603.1181640625,77.53101348876953,-11.258918762207031
16.06,2603.875,77.41161346435547,-11.258918762207031
16.07,2604.639404296875,77.29564666748047,-11.249458312988281
16.08,2605.408935546875,77.18203735351562,-11.249458312988281
16.09,2606.169677734375,77.0655517578125,-11.249458312988281
16.1,2606.938232421875,76.95240783691406,-11.249458312988281
16.11,2607.697998046875,76.83646392822266,-11.239998817443848
16.12,2608.457763671875,76.72110748291016,-11.230538368225098
16.13,2609.221435546875,76.6076889038086,-11.230538368225098
16.14,2609.9765625,76.49156951904297,-11.211618423461914
16.15,2610.7216796875,76.37210083007812,-11.211618423461914
16.16,2611.474609375,76.25608825683594,-11.211618423461914
16.17,2612.21875,76.13720703125,-11.211618423461914
16.18,2612.962158203125,76.01849365234375,-11.20215892791748
16.19,2613.70849609375,75.90150451660156,-11.183238983154297
16.2,2614.451171875,75.78361511230469,-11.183238983154297
16.21,2615.194091796875,75.66629791259766,-11.183238983154297
16.22,2615.92724609375,75.54571533203125,-11.173778533935547
16.23,2616.655517578125,75.42377471923828,-11.173778533935547
16.24,2617.40625,75.31085968017578,-11.173778533935547
16.25,2618.156005859375,75.19800567626953,-11.173778533935547
16.26,2618.8984375,75.08293914794922,-11.154858589172363
16.27,2619.635986328125,74.96646881103516,-11.154858589172363
16.28,2620.38818359375,74.85608673095703,-11.154858589172363
16.29,2621.143310546875,74.74727630615234,-11.154858589172363
16.3,2621.8974609375,74.63851928710938,-11.154858589172363
16.31,2622.654541015625,74.53131866455078,-11.154858589172363
16.32,2623.42236328125,74.4286880493164,-11.154858589172363
16.33,2624.182861328125,74.32363891601562,-11.14539909362793
16.34,2624.935546875,74.21619415283203,-11.13593864440918
16.35,2625.6953125,74.1119384765625,-11.126479148864746
16.36,2626.447509765625,74.00518798828125,-11.126479148864746
16.37,2627.193603515625,73.896484375,-11.126479148864746
16.38,2627.9453125,73.79051208496094,-11.117018699645996
16.39,2628.701416015625,73.68675231933594,-11.107559204101562
16.4,2629.447509765625,73.5795669555664,-11.098098754882812
16.41,2630.186279296875,73.46991729736328,-11.098098754882812
16.42,2630.924072265625,73.36040496826172,-11.098098754882812
16.43,2631.661376953125,73.25102233886719,-11.098098754882812
16.44,2632.42138671875,73.1512451171875,-11.079178810119629
16.45,2633.173828125,73.04893493652344,-11.079178810119629
16.46,2633.9267578125,72.94722747802734,-11.079178810119629
16.47,2634.675048828125,72.84403228759766,-11.079178810119629
16.48,2635.413330078125,72.7373046875,-11.079178810119629
16.49,2636.144287109375,72.62821960449219,-11.069719314575195
16.5,2636.8681640625,72.51670837402344,-11.069719314575195
16.51,2637.592529296875,72.40592193603516,-11.069719314575195
16.52,2638.322998046875,72.29794311523438,-11.069719314575195
16.53,2639.04736328125,72.1881332397461,-11.060258865356445
16.54,2639.77392578125,72.07958984375,-11.060258865356445
16.55,2640.494384765625,71.96922302246094,-11.050799369812012
16.56,2641.205322265625,71.85537719726562,-11.050799369812012
16.57,2641.923583984375,71.7449722290039,-11.050799369812012
16.58,2642.633544921875,71.63180541992188,-11.031879425048828
16.59,2643.333740234375,71.51517486572266,-11.031879425048828
16.6,2644.053466796875,71.40696716308594,-11.022418975830078
16.61,2644.768798828125,71.29739379882812,-11.022418975830078
16.62,2645.476806640625,71.18539428710938,-11.022418975830078
16.63,2646.181884765625,71.07260131835938,-11.022418975830078
16.64,2646.890380859375,70.96173095703125,-11.022418975830078
16.65,2647.592041015625,70.84844207763672,-11.022418975830078
16.66,2648.294677734375,70.73619079589844,-11.003499031066895
16.67,2649.01025390625,70.62969207763672,-11.003499031066895
16.68,2649.72412109375,70.52291870117188,-11.003499031066895
16.69,2650.437744140625,70.41641998291016,-11.003499031066895
16.7,2651.14794921875,70.3091049194336,-11.003499031066895
16.71,2651.8486328125,70.1983413696289,-10.994039535522461
16.72,2652.546142578125,70.08680725097656,-10.994039535522461
16.73,2653.234130859375,69.97184753417969,-10.984579086303711
16.74,2653.92724609375,69.8594970703125,-10.984579086303711
16.75,2654.61865234375,69.7469482421875,-10.984579086303711
16.76,2655.305908203125,69.63311767578125,-10.984579086303711
16.77,2655.9833984375,69.51588439941406,-10.975119590759277
16.78,2656.658203125,69.39796447753906,-10.975119590759277
16.79,2657.34130859375,69.2839584350586,-10.965659141540527
16.8,2658.01611328125,69.16700744628906,-10.965659141540527
16.81,2658.68115234375,69.04656982421875,-10.965659141540527
16.82,2659.362548828125,68.93341064453125,-10.965659141540527
16.83,2660.063232421875,68.8286361694336,-10.965659141540527
16.84,2660.781494140625,68.7317123413086,-10.956198692321777
16.85,2661.492431640625,68.6322250366211,-10.956198692321777
16.86,2662.193603515625,68.52915954589844,-10.946739196777344
16.87,2662.891845703125,68.42530822753906,-10.946739196777344
16.88,2663.58447265625,68.31954956054688,-10.946739196777344
16.89,2664.2685546875,68.21083068847656,-10.93727970123291
16.9,2664.9541015625,68.10323333740234,-10.92781925201416
16.91,2665.646728515625,67.99915313720703,-10.908899307250977
16.92,2666.345947265625,67.89838409423828,-10.908899307250977
16.93,2667.045166015625,67.79798889160156,-10.908899307250977
16.94,2667.734619140625,67.69400787353516,-10.899439811706543
16.95,2668.417236328125,67.5875473022461,-10.899439811706543
16.96,2669.09814453125,67.48096466064453,-10.899439811706543
16.97,2669.7724609375,67.37194061279297,-10.899439811706543
16.98,2670.44970703125,67.26458740234375,-10.899439811706543
16.99,2671.1171875,67.15361022949219,-10.899439811706543
17,2671.783447265625,67.04267120361328,-10.889979362487793
17.01,2672.4541015625,66.9340591430664,-10.889979362487793
17.02,2673.119384765625,66.8236083984375,-10.889979362487793
17.03,2673.78759765625,66.71491241455078,-10.889979362487793
17.04,2674.44921875,66.6038818359375,-10.880518913269043
17.05,2675.114990234375,66.49522399902344,-10.880518913269043
17.06,2675.77978515625,66.38652801513672,-10.880518913269043
17.07,2676.44482421875,66.27841186523438,-10.880518913269043
17.08,2677.113037109375,66.17208099365234,-10.880518913269043
17.09,2677.78125,66.06641387939453,-10.87105941772461
17.1,2678.4609375,65.9661636352539,-10.87105941772461
17.11,2679.131103515625,65.86216735839844,-10.87105941772461
17.12,2679.812744140625,65.76371002197266,-10.861599922180176
17.13,2680.48486328125,65.66167449951172,-10.842679023742676
17.14,2681.147216796875,65.555908203125,-10.842679023742676
17.15,2681.818359375,65.4544448852539,-10.842679023742676
17.16,2682.48828125,65.35302734375,-10.833219528198242
17.17,2683.150146484375,65.24858093261719,-10.823759078979492
17.18,2683.806640625,65.14226531982422,-10.823759078979492
17.19,2684.471923828125,65.04042053222656,-10.814299583435059
17.2,2685.140380859375,64.9404296875,-10.814299583435059
17.21,2685.80078125,64.83720397949219,-10.823759078979492
17.22,2686.460205078125,64.7339859008789,-10.823759078979492
17.23,2687.110107421875,64.62711334228516,-10.814299583435059
17.24,2687.757568359375,64.5196762084961,-10.814299583435059
17.25,2688.39990234375,64.41043090820312,-10.814299583435059
17.26,2689.035400390625,64.29894256591797,-10.795379638671875
17.27,2689.670166015625,64.18757629394531,-10.795379638671875
17.28,2690.30859375,64.0782699584961,-10.795379638671875
17.29,2690.96630859375,63.97801971435547,-10.795379638671875
17.3,2691.615966796875,63.87459945678711,-10.795379638671875
17.31,2692.25732421875,63.7680549621582,-10.795379638671875
17.32,2692.890869140625,63.658512115478516,-10.785919189453125
17.33,2693.51611328125,63.54589080810547,-10.785919189453125
17.34,2694.149658203125,63.437339782714844,-10.785919189453125
17.35,2694.779296875,63.327754974365234,-10.776459693908691
17.36,2695.405517578125,63.217041015625,-10.776459693908691
17.37,2696.0556640625,63.11763381958008,-10.776459693908691
17.38,2696.69775390625,63.01512145996094,-10.766999244689941
17.39,2697.346435546875,62.916107177734375,-10.757539749145508
17.4,2697.987060546875,62.81390380859375,-10.757539749145508
17.41,2698.6181640625,62.707881927490234,-10.757539749145508
17.42,2699.260498046875,62.60733413696289,-10.757539749145508
17.43,2699.900390625,62.50625228881836,-10.757539749145508
17.44,2700.5498046875,62.40996551513672,-10.757539749145508
17.45,2701.189697265625,62.309871673583984,-10.748079299926758
17.46,2701.820068359375,62.206111907958984,-10.729159355163574
17.47,2702.458740234375,62.106571197509766,-10.729159355163574
17.48,2703.0908203125,62.004512786865234,-10.729159355163574
17.49,2703.731201171875,61.90657424926758,-10.738619804382324
17.5,2704.364990234375,61.80619812011719,-10.729159355163574
17.51,2705.011474609375,61.71209716796875,-10.729159355163574
17.52,2705.66748046875,61.62285232543945,-10.729159355163574
17.53,2706.315185546875,61.53028869628906,-10.729159355163574
17.54,2706.975341796875,61.4439697265625,-10.729159355163574
17.55,2707.62744140625,61.35429000854492,-10.729159355163574
17.56,2708.27294921875,61.26215362548828,-10.71023941040039
17.57,2708.932373046875,61.177005767822266,-10.71023941040039
17.58,2709.586669921875,61.08994674682617,-10.700779914855957
17.59,2710.232666015625,60.99953842163086,-10.700779914855957
17.6,2710.875244140625,60.90788650512695,-10.700779914855957
17.61,2711.50830078125,60.812339782714844,-10.691319465637207
17.62,2712.137939453125,60.71562194824219,-10.691319465637207
17.63,2712.758056640625,60.61506271362305,-10.681859970092773
17.64,2713.368896484375,60.5106086730957,-10.681859970092773
17.65,2713.977783203125,60.40577697753906,-10.681859970092773
17.66,2714.62060546875,60.31760025024414,-10.66294002532959
17.67,2715.25390625,60.225372314453125,-10.66294002532959
17.68,2715.88671875,60.133358001708984,-10.66294002532959
17.69,2716.5205078125,60.04236602783203,-10.65347957611084
17.7,2717.146240234375,59.948062896728516,-10.65347957611084
17.71,2717.791015625,59.86322784423828,-10.65347957611084
17.72,2718.4306640625,59.77640914916992,-10.65347957611084
17.73,2719.06982421875,59.68979263305664,-10.65347957611084
17.74,2719.70703125,59.6026611328125,-10.65347957611084
17.75,2720.34375,59.51581954956055,-10.644020080566406
17.76,2720.972412109375,59.42570495605469,-10.634559631347656
17.77,2721.6005859375,59.33584213256836,-10.634559631347656
17.78,2722.220947265625,59.24264907836914,-10.634559631347656
17.79,2722.842529296875,59.150482177734375,-10.634559631347656
17.8,2723.46826171875,59.06088638305664,-10.625100135803223
17.81,2724.09521484375,58.972293853759766,-10.625100135803223
17.82,2724.71728515625,58.881900787353516,-10.615639686584473
17.83,2725.33447265625,58.78972244262695,-10.606180191040039
17.84,2725.9482421875,58.69641876220703,-10.606180191040039
17.85,2726.558837890625,58.60200881958008,-10.606180191040039
17.86,2727.167724609375,58.50734329223633,-10.596719741821289
17.87,2727.779296875,58.4145393371582,-10.596719741821289
17.88,2728.387939453125,58.32063293457031,-10.596719741821289
17.89,2729.012939453125,58.23525619506836,-10.596719741821289
17.9,2729.63916015625,58.15102767944336,-10.587260246276855
17.91,2730.256103515625,58.06254196166992,-10.596719741821289
17.92,2730.86962890625,57.972991943359375,-10.587260246276855
17.93,2731.493896484375,57.88905334472656,-10.587260246276855
17.94,2732.122314453125,57.80767059326172,-10.587260246276855
17.95,2732.747314453125,57.725067138671875,-10.587260246276855
17.96,2733.379638671875,57.64653396606445,-10.587260246276855
17.97,2734.025390625,57.575130462646484,-10.577799797058105
17.98,2734.673583984375,57.505393981933594,-10.577799797058105
17.99,2735.315185546875,57.43280029296875,-10.577799797058105
18,2735.947265625,57.355873107910156,-10.577799797058105
18.01,2736.56982421875,57.27476119995117,-10.568340301513672
18.02,2737.19677734375,57.196346282958984,-10.558879852294922
18.03,2737.8173828125,57.115203857421875,-10.558879852294922
18.04,2738.431640625,57.03153991699219,-10.539959907531738
18.05,2739.048828125,56.94980239868164,-10.539959907531738
18.06,2739.658447265625,56.86451721191406,-10.549420356750488
18.07,2740.270751953125,56.78117752075195,-10.549420356750488
18.08,2740.890869140625,56.70218276977539,-10.539959907531738
18.09,2741.50927734375,56.62278747558594,-10.539959907531738
18.1,2742.124267578125,56.54221725463867,-10.539959907531738
18.11,2742.730224609375,56.4573974609375,-10.539959907531738
18.12,2743.328125,56.36915969848633,-10.539959907531738
18.13,2743.940185546875,56.288604736328125,-10.521039962768555
18.14,2744.54296875,56.203792572021484,-10.521039962768555
18.15,2745.150390625,56.1218147277832,-10.521039962768555
18.16,2745.762451171875,56.04273986816406,-10.511580467224121
18.17,2746.365478515625,55.959381103515625,-10.511580467224121
18.18,2746.965087890625,55.875022888183594,-10.502120018005371
18.19,2747.58056640625,55.79905700683594,-10.502120018005371
18.2,2748.196044921875,55.72349548339844,-10.502120018005371
18.21,2748.806396484375,55.64595413208008,-10.502120018005371
18.22,2749.412353515625,55.56648254394531,-10.502120018005371
18.23,2750.013671875,55.48509216308594,-10.502120018005371
18.24,2750.60595703125,55.39952850341797,-10.492660522460938
18.25,2751.1982421875,55.31454849243164,-10.492660522460938
18.26,2751.781494140625,55.225341796875,-10.492660522460938
18.27,2752.355712890625,55.132049560546875,-10.483200073242188
18.28,2752.9287109375,55.038639068603516,-10.483200073242188
18.29,2753.498779296875,54.9443244934082,-10.483200073242188
18.3,2754.08203125,54.857200622558594,-10.483200073242188
18.31,2754.671875,54.77396774291992,-10.483200073242188
18.32,2755.252685546875,54.68645477294922,-10.483200073242188
18.33,2755.841552734375,54.60367202758789,-10.483200073242188
18.34,2756.433837890625,54.52324676513672,-10.473740577697754
18.35,2757.021484375,54.440940856933594,-10.473740577697754
18.36,2757.60009765625,54.354331970214844,-10.473740577697754
18.37,2758.183837890625,54.27097702026367,-10.464280128479004
18.38,2758.76171875,54.18507385253906,-10.45482063293457
18.39,2759.33203125,54.09564208984375,-10.464280128479004
18.4,2759.9013671875,54.0062370300293,-10.45482063293457
18.41,2760.46484375,53.914249420166016,-10.45482063293457
18.42,2761.052490234375,53.83557891845703,-10.45482063293457
18.43,2761.631103515625,53.752532958984375,-10.45482063293457
18.44,2762.222900390625,53.67689514160156,-10.45482063293457
18.45,2762.826171875,53.607749938964844,-10.45482063293457
18.46,2763.420166015625,53.5341796875,-10.44536018371582
18.47,2764.0048828125,53.456153869628906,-10.44536018371582
18.48,2764.58056640625,53.37373352050781,-10.44536018371582
18.49,2765.14697265625,53.28697204589844,-10.44536018371582
18.5,2765.70947265625,53.198570251464844,-10.435900688171387
18.51,2766.280517578125,53.11525344848633,-10.435900688171387
18.52,2766.864990234375,53.039554595947266,-10.435900688171387
18.53,2767.443359375,52.9611930847168,-10.426440238952637
18.54,2768.01904296875,52.88185501098633,-10.426440238952637
18.55,2768.59375,52.80241775512695,-10.426440238952637
18.56,2769.165771484375,52.722023010253906,-10.426440238952637
18.57,2769.759033203125,52.653621673583984,-10.426440238952637
18.58,2770.344970703125,52.581520080566406,-10.426440238952637
18.59,2770.920166015625,52.5041389465332,-10.416980743408203
18.6,2771.48779296875,52.423187255859375,-10.416980743408203
18.61,2772.04638671875,52.33784484863281,-10.416980743408203
18.62,2772.59619140625,52.248165130615234,-10.416980743408203
18.63,2773.146728515625,52.15952682495117,-10.407520294189453
18.64,2773.694580078125,52.0701904296875,-10.39806079864502
18.65,2774.246826171875,51.98359680175781,-10.39806079864502
18.66,2774.796630859375,51.89619445800781,-10.39806079864502
18.67,2775.353759765625,51.81330490112305,-10.39806079864502
18.68,2775.91650390625,51.733978271484375,-10.39806079864502
18.69,2776.481689453125,51.65642547607422,-10.39806079864502
18.7,2777.041259765625,51.57617950439453,-10.39806079864502
18.71,2777.603271484375,51.49783706665039,-10.38860034942627
18.72,2778.160888671875,51.4177131652832,-10.38860034942627
18.73,2778.732666015625,51.3456916809082,-10.38860034942627
18.74,2779.309814453125,51.27718734741211,-10.38860034942627
18.75,2779.8779296875,51.20406723022461,-10.38860034942627
18.76,2780.43701171875,51.126399993896484,-10.38860034942627
18.77,2780.995361328125,51.04875946044922,-10.38860034942627
18.78,2781.54638671875,50.96762466430664,-10.379140853881836
18.79,2782.088623046875,50.88204574584961,-10.379140853881836
18.8,2782.630126953125,50.796722412109375,-10.369680404663086
18.81,2783.162841796875,50.70700454711914,-10.369680404663086
18.82,2783.70166015625,50.621177673339844,-10.369680404663086
18.83,2784.236328125,50.5337028503418,-10.369680404663086
18.84,2784.783935546875,50.453800201416016,-10.369680404663086
18.85,2785.329345703125,50.37309646606445,-10.369680404663086
18.86,2785.868896484375,50.289764404296875,-10.369680404663086
18.87,2786.4013671875,50.203102111816406,-10.350760459899902
18.88,2786.925048828125,50.11204147338867,-10.350760459899902
18.89,2787.44677734375,50.020355224609375,-10.350760459899902
18.9,2787.9814453125,49.936641693115234,-10.331840515136719
18.91,2788.522216796875,49.857017517089844,-10.322380065917969
18.92,2789.055908203125,49.77382278442383,-10.322380065917969
18.93,2789.584228515625,49.68813705444336,-10.312920570373535
18.94,2790.11865234375,49.606502532958984,-10.312920570373535
18.95,2790.654296875,49.52604293823242,-10.312920570373535
18.96,2791.1845703125,49.44308090209961,-10.303460121154785
18.97,2791.724365234375,49.36608123779297,-10.303460121154785
18.98,2792.2587890625,49.28641891479492,-10.303460121154785
18.99,2792.789306640625,49.205081939697266,-10.303460121154785
19,2793.31591796875,49.122108459472656,-10.303460121154785
19.01,2793.847412109375,49.042423248291016,-10.294000625610352
19.02,2794.371826171875,48.95915985107422,-10.294000625610352
19.03,2794.892578125,48.874290466308594,-10.294000625610352
19.04,2795.4130859375,48.78976821899414,-10.294000625610352
19.05,2795.92822265625,48.702701568603516,-10.294000625610352
19.06,2796.439697265625,48.61418151855469,-10.284540176391602
19.07,2796.9443359375,48.52212905883789,-10.294000625610352
19.08,2797.440185546875,48.425682067871094,-10.294000625610352
19.09,2797.94140625,48.33281326293945,-10.284540176391602
19.1,2798.456298828125,48.24824523925781,-10.294000625610352
19.11,2798.962158203125,48.15916442871094,-10.294000625610352
19.12,2799.463134765625,48.067604064941406,-10.294000625610352
19.13,2799.991455078125,47.992637634277344,-10.275080680847168
19.14,2800.514404296875,47.91499710083008,-10.275080680847168
19.15,2801.028564453125,47.83272933959961,-10.275080680847168
19.16,2801.537109375,47.74789810180664,-10.275080680847168
19.17,2802.037109375,47.65863800048828,-10.265620231628418
19.18,2802.54052734375,47.57194137573242,-10.265620231628418
19.19,2803.052734375,47.49078369140625,-10.265620231628418
19.2,2803.568115234375,47.412200927734375,-10.256160736083984
19.21,2804.074951171875,47.3290901184082,-10.246700286865234
19.22,2804.5732421875,47.24150466918945,-10.2372407913208
19.23,2805.06787109375,47.15248107910156,-10.2372407913208
19.24,2805.5556640625,47.05996322631836,-10.2372407913208
19.25,2806.0595703125,46.97723388671875,-10.246700286865234
19.26,2806.5615234375,46.89391326904297,-10.256160736083984
19.27,2807.06201171875,46.81013488769531,-10.256160736083984
19.28,2807.5537109375,46.721778869628906,-10.256160736083984
19.29,2808.03515625,46.62787628173828,-10.256160736083984
19.3,2808.5185546875,46.535728454589844,-10.256160736083984
19.31,2809.00048828125,46.443275451660156,-10.256160736083984
19.32,2809.477294921875,46.34870910644531,-10.22778034210205
19.33,2809.973876953125,46.266517639160156,-10.218320846557617
19.34,2810.468994140625,46.18388748168945,-10.218320846557617
19.35,2810.95556640625,46.09663772583008,-10.218320846557617
19.36,2811.433349609375,46.00483322143555,-10.218320846557617
19.37,2811.907958984375,45.91171646118164,-10.218320846557617
19.38,2812.38134765625,45.81834030151367,-10.218320846557617
19.39,2812.849853515625,45.72269821166992,-10.208860397338867
19.4,2813.31005859375,45.62260055541992,-10.208860397338867
19.41,2813.76171875,45.518096923828125,-10.208860397338867
19.42,2814.233642578125,45.426414489746094,-10.208860397338867
19.43,2814.717041015625,45.34215545654297,-10.199400901794434
19.44,2815.198974609375,45.257591247558594,-10.199400901794434
19.45,2815.677734375,45.171627044677734,-10.199400901794434
19.46,2816.149658203125,45.08213424682617,-10.199400901794434
19.47,2816.61865234375,44.9913215637207,-10.199400901794434
19.48,2817.0791015625,44.89604568481445,-10.189940452575684
19.49,2817.551025390625,44.808326721191406,-10.189940452575684
19.5,2818.019775390625,44.71931076049805,-10.189940452575684
19.51,2818.4892578125,44.631187438964844,-10.189940452575684
19.52,2818.95751953125,44.542884826660156,-10.189940452575684
19.53,2819.420654296875,44.452178955078125,-10.189940452575684
19.54,2819.87744140625,44.3580322265625,-10.189940452575684
19.55,2820.331298828125,44.26268005371094,-10.189940452575684
19.56,2820.77685546875,44.162906646728516,-10.18048095703125
19.57,2821.236083984375,44.072017669677734,-10.189940452575684
19.58,2821.692138671875,43.9799919128418,-10.18048095703125
19.59,2822.1435546875,43.885658264160156,-10.18048095703125
19.6,2822.59423828125,43.791378021240234,-10.1710205078125
19.61,2823.04931640625,43.700469970703125,-10.1710205078125
19.62,2823.5087890625,43.61294174194336,-10.1710205078125
19.63,2823.96533203125,43.52425765991211,-10.161561012268066
19.64,2824.421142578125,43.435516357421875,-10.161561012268066
19.65,2824.868408203125,43.342132568359375,-10.161561012268066
19.66,2825.312744140625,43.24772644042969,-10.152100563049316
19.67,2825.75048828125,43.149906158447266,-10.152100563049316
19.68,2826.185546875,43.051021575927734,-10.152100563049316
19.69,2826.62744140625,42.9569206237793,-10.152100563049316
19.7,2827.06494140625,42.86064910888672,-10.142641067504883
19.71,2827.494140625,42.759918212890625,-10.133180618286133
19.72,2827.931884765625,42.66514205932617,-10.142641067504883
19.73,2828.361572265625,42.56587600708008,-10.133180618286133
19.74,2828.803466796875,42.47495651245117,-10.142641067504883
19.75,2829.237060546875,42.37938690185547,-10.142641067504883
19.76,2829.666259765625,42.28159713745117,-10.142641067504883
19.77,2830.08349609375,42.1768798828125,-10.142641067504883
19.78,2830.492431640625,42.06769561767578,-10.142641067504883
19.79,2830.889404296875,41.95170974731445,-10.142641067504883
19.8,2831.285888671875,41.836181640625,-10.142641067504883
19.81,2831.676513671875,41.71769714355469,-10.1237211227417
19.82,2832.0859375,41.61180877685547,-10.133180618286133
19.83,2832.490966796875,41.503990173339844,-10.1237211227417
19.84,2832.889892578125,41.39292907714844,-10.1237211227417
19.85,2833.311767578125,41.29710006713867,-10.1237211227417
19.86,2833.7470703125,41.210208892822266,-10.1237211227417
19.87,2834.177734375,41.12099838256836,-10.1237211227417
19.88,2834.599853515625,41.02704620361328,-10.1237211227417
19.89,2835.021484375,40.93339920043945,-10.1237211227417
19.9,2835.45068359375,40.84504699707031,-10.1237211227417
19.91,2835.877197265625,40.75568771362305,-10.1237211227417
19.92,2836.29541015625,40.661582946777344,-10.1237211227417
19.93,2836.707275390625,40.56405258178711,-10.1237211227417
19.94,2837.114990234375,40.46439743041992,-10.1237211227417
19.95,2837.514404296875,40.3602409362793,-10.11426067352295
19.96,2837.931396484375,40.268028259277344,-10.11426067352295
19.97,2838.347900390625,40.17628860473633,-10.104801177978516
19.98,2838.75634765625,40.0798225402832,-10.104801177978516
19.99,2839.148681640625,39.97357940673828,-10.104801177978516
20,2839.544677734375,39.870540618896484,-10.104801177978516
20.01,2839.932861328125,39.76302719116211,-10.095340728759766
20.02,2840.31689453125,39.65357208251953,-10.095340728759766
20.03,2840.700927734375,39.54482650756836,-10.095340728759766
20.04,2841.0849609375,39.43679428100586,-10.095340728759766
20.05,2841.485107421875,39.33994674682617,-10.095340728759766
20.06,2841.88720703125,39.24497604370117,-10.095340728759766
20.07,2842.282958984375,39.146724700927734,-10.085881233215332
20.08,2842.6748046875,39.04644012451172,-10.085881233215332
20.09,2843.05859375,38.9415168762207,-10.085881233215332
20.1,2843.458740234375,38.84797668457031,-10.085881233215332
20.11,2843.8505859375,38.749691009521484,-10.085881233215332
20.12,2844.234375,38.646732330322266,-10.085881233215332
20.13,2844.646728515625,38.56332778930664,-10.085881233215332
20.14,2845.051025390625,38.47500228881836,-10.085881233215332
20.15,2845.447021484375,38.381839752197266,-10.085881233215332
20.16,2845.82861328125,38.27985763549805,-10.085881233215332
20.17,2846.20849609375,38.17731857299805,-10.085881233215332
20.18,2846.580322265625,38.070152282714844,-10.085881233215332
20.19,2846.944091796875,37.9586181640625,-10.066961288452148
20.2,2847.3125,37.850830078125,-10.066961288452148
20.21,2847.6728515625,37.738487243652344,-10.066961288452148
20.22,2848.0380859375,37.62992477416992,-10.066961288452148
20.23,2848.397216796875,37.518314361572266,-10.057500839233398
20.24,2848.757080078125,37.40773010253906,-10.057500839233398
20.25,2849.113037109375,37.29542541503906,-10.057500839233398
20.26,2849.482421875,37.19267272949219,-10.057500839233398
20.27,2849.826904296875,37.07398223876953,-10.057500839233398
20.28,2850.18896484375,36.96784973144531,-10.057500839233398
20.29,2850.572509765625,36.877017974853516,-10.057500839233398
20.3,2850.947998046875,36.78141784667969,-10.048041343688965
20.31,2851.317626953125,36.682456970214844,-10.048041343688965
20.32,2851.687744140625,36.58441162109375,-10.057500839233398
20.33,2852.05615234375,36.48603439331055,-10.048041343688965
20.34,2852.42919921875,36.3915901184082,-10.048041343688965
20.35,2852.798828125,36.29524612426758,-10.048041343688965
20.36,2853.160400390625,36.194122314453125,-10.048041343688965
20.37,2853.52490234375,36.09556579589844,-10.048041343688965
20.38,2853.881103515625,35.99216842651367,-10.057500839233398
20.39,2854.236083984375,35.88850784301758,-10.057500839233398
20.4,2854.583251953125,35.78017044067383,-10.057500839233398
20.41,2854.922607421875,35.66731262207031,-10.048041343688965
20.42,2855.258544921875,35.55298614501953,-10.038580894470215
20.43,2855.5869140625,35.434226989746094,-10.029121398925781
20.44,2855.907470703125,35.310997009277344,-10.029121398925781
20.45,2856.2314453125,35.19086456298828,-10.029121398925781
20.46,2856.5478515625,35.06636428833008,-10.019660949707031
20.47,2856.856689453125,34.93754959106445,-10.010201454162598
20.48,2857.164794921875,34.8089599609375,-10.010201454162598
20.49,2857.46533203125,34.67609786987305,-10.000741004943848
20.5,2857.771728515625,34.54820251464844,-10.000741004943848
20.51,2858.0751953125,34.418941497802734,-10.010201454162598
20.52,2858.404541015625,34.30880355834961,-10.000741004943848
20.53,2858.750732421875,34.2111930847168,-10.010201454162598
20.54,2859.095703125,34.11345672607422,-10.010201454162598
20.55,2859.437255859375,34.014041900634766,-10.010201454162598
20.56,2859.784423828125,33.91921615600586,-10.019660949707031
20.57,2860.132568359375,33.82592010498047,-10.010201454162598
20.58,2860.47314453125,33.727699279785156,-10.010201454162598
20.59,2860.807861328125,33.626224517822266,-10.010201454162598
20.6,2861.143798828125,33.526363372802734,-10.010201454162598
20.61,2861.47216796875,33.42169189453125,-10.010201454162598
20.62,2861.80419921875,33.32045364379883,-10.000741004943848
20.63,2862.128662109375,33.21442413330078,-10.000741004943848
20.64,2862.44970703125,33.1069450378418,-10.000741004943848
20.65,2862.763427734375,32.994869232177734,-9.991281509399414
20.66,2863.0693359375,32.878170013427734,-9.991281509399414
20.67,2863.3681640625,32.75691223144531,-9.991281509399414
20.68,2863.659423828125,32.63115692138672,-9.991281509399414
20.69,2863.93896484375,32.497623443603516,-9.991281509399414
20.7,2864.215576171875,32.363101959228516,-9.991281509399414
20.71,2864.485107421875,32.2242431640625,-9.991281509399414
20.72,2864.78466796875,32.108123779296875,-9.991281509399414
20.73,2865.07666015625,31.987407684326172,-9.991281509399414
20.74,2865.377685546875,31.87412452697754,-9.991281509399414
20.75,2865.676025390625,31.759632110595703,-9.991281509399414
20.76,2865.997314453125,31.66284942626953,-9.991281509399414
20.77,2866.31103515625,31.561138153076172,-9.991281509399414
20.78,2866.62890625,31.46324920654297,-9.991281509399414
20.79,2866.939208984375,31.360450744628906,-9.991281509399414
20.8,2867.241943359375,31.25292205810547,-9.981821060180664
20.81,2867.55126953125,31.151044845581055,-9.991281509399414
20.82,2867.85302734375,31.04442024230957,-9.981821060180664
20.83,2868.156982421875,30.940065383911133,-9.981821060180664
20.84,2868.44384765625,30.8238582611084,-9.981821060180664
20.85,2868.7236328125,30.703039169311523,-9.981821060180664
20.86,2868.99609375,30.577770233154297,-9.97236156463623
20.87,2869.26123046875,30.448022842407227,-9.97236156463623
20.88,2869.52880859375,30.32105255126953,-9.97236156463623
20.89,2869.789306640625,30.189620971679688,-9.97236156463623
20.9,2870.05029296875,30.059253692626953,-9.97236156463623
20.91,2870.306396484375,29.92641830444336,-9.96290111541748
20.92,2870.570068359375,29.80034828186035,-9.953441619873047
20.93,2870.831787109375,29.67350959777832,-9.953441619873047
20.94,2871.086181640625,29.542194366455078,-9.953441619873047
20.95,2871.350830078125,29.419565200805664,-9.953441619873047
20.96,2871.635498046875,29.313108444213867,-9.953441619873047
20.97,2871.912841796875,29.20183563232422,-9.953441619873047
20.98,2872.187744140625,29.089637756347656,-9.953441619873047
20.99,2872.463134765625,28.978439331054688,-9.953441619873047
21,2872.73876953125,28.8682918548584,-9.953441619873047
21.01,2873.0068359375,28.75339126586914,-9.953441619873047
21.02,2873.275390625,28.639602661132812,-9.953441619873047
21.03,2873.5341796875,28.5191593170166,-9.953441619873047
21.04,2873.78857421875,28.396108627319336,-9.953441619873047
21.05,2874.051025390625,28.28024673461914,-9.953441619873047
21.06,2874.306396484375,28.15972328186035,-9.953441619873047
21.07,2874.574951171875,28.05042266845703,-9.953441619873047
21.08,2874.856689453125,27.95221710205078,-9.953441619873047
21.09,2875.131103515625,27.84902572631836,-9.953441619873047
21.1,2875.3984375,27.740943908691406,-9.953441619873047
21.11,2875.666015625,27.634071350097656,-9.953441619873047
21.12,2875.931640625,27.52641487121582,-9.953441619873047
21.13,2876.184814453125,27.409900665283203,-9.953441619873047
21.14,2876.43115234375,27.288734436035156,-9.953441619873047
21.15,2876.670654296875,27.16299057006836,-9.953441619873047
21.16,2876.9111328125,27.038888931274414,-9.953441619873047
21.17,2877.152587890625,26.916473388671875,-9.953441619873047
21.18,2877.386962890625,26.789684295654297,-9.934521675109863
21.19,2877.625,26.666717529296875,-9.934521675109863
21.2,2877.869140625,26.549869537353516,-9.91560173034668
21.21,2878.09326171875,26.417835235595703,-9.91560173034668
21.22,2878.34765625,26.31117820739746,-9.90614128112793
21.23,2878.615966796875,26.216594696044922,-9.91560173034668
21.24,2878.8955078125,26.13187599182129,-9.91560173034668
21.25,2879.16748046875,26.041872024536133,-9.91560173034668
21.26,2879.4140625,25.93168830871582,-9.91560173034668
21.27,2879.653564453125,25.816740036010742,-9.91560173034668
21.28,2879.904541015625,25.71226692199707,-9.91560173034668
21.29,2880.169921875,25.620290756225586,-9.91560173034668
21.3,2880.427978515625,25.523195266723633,-9.91560173034668
21.31,2880.66064453125,25.40578269958496,-9.91560173034668
21.32,2880.907958984375,25.301353454589844,-9.91560173034668
21.33,2881.148193359375,25.192153930664062,-9.90614128112793
21.34,2881.3818359375,25.07817840576172,-9.90614128112793
21.35,2881.608642578125,24.959514617919922,-9.90614128112793
21.36,2881.833984375,24.840816497802734,-9.896681785583496
21.37,2882.052734375,24.71751594543457,-9.896681785583496
21.38,2882.264892578125,24.589685440063477,-9.896681785583496
21.39,2882.484130859375,24.46877670288086,-9.896681785583496
21.4,2882.69677734375,24.34329605102539,-9.896681785583496
21.41,2882.903076171875,24.213319778442383,-9.896681785583496
21.42,2883.10302734375,24.07891273498535,-9.896681785583496
21.43,2883.3046875,23.947126388549805,-9.896681785583496
21.44,2883.505615234375,23.81563377380371,-9.896681785583496
21.45,2883.716552734375,23.69392967224121,-9.896681785583496
21.46,2883.932373046875,23.57720947265625,-9.887221336364746
21.47,2884.158203125,23.47007942199707,-9.896681785583496
21.48,2884.360595703125,23.343713760375977,-9.896681785583496
21.49,2884.56494140625,23.220136642456055,-9.896681785583496
21.5,2884.771484375,23.09928321838379,-9.896681785583496
21.51,2884.985595703125,22.986021041870117,-9.896681785583496
21.52,2885.193359375,22.868038177490234,-9.896681785583496
21.53,2885.417236328125,22.76514434814453,-9.896681785583496
21.54,2885.63427734375,22.657329559326172,-9.896681785583496
21.55,2885.8447265625,22.544694900512695,-9.896681785583496
21.56,2886.048583984375,22.427343368530273,-9.896681785583496
21.57,2886.260498046875,22.31797981262207,-9.887221336364746
21.58,2886.4658203125,22.203840255737305,-9.887221336364746
21.59,2886.6904296875,22.107881546020508,-9.877761840820312
21.6,2886.914306640625,22.01188850402832,-9.877761840820312
21.61,2887.125732421875,21.905803680419922,-9.877761840820312
21.62,2887.33642578125,21.79986000061035,-9.887221336364746
21.63,2887.54931640625,21.69683265686035,-9.887221336364746
21.64,2887.767333984375,21.599334716796875,-9.877761840820312
21.65,2887.978759765625,21.49673843383789,-9.887221336364746
21.66,2888.183837890625,21.38924789428711,-9.887221336364746
21.67,2888.38232421875,21.276968002319336,-9.887221336364746
21.68,2888.57470703125,21.159997940063477,-9.887221336364746
21.69,2888.760986328125,21.038427352905273,-9.887221336364746
21.7,2888.949951171875,20.9202880859375,-9.887221336364746
21.71,2889.132568359375,20.797664642333984,-9.877761840820312
21.72,2889.32958984375,20.689443588256836,-9.868301391601562
21.73,2889.540771484375,20.595355987548828,-9.868301391601562
21.74,2889.745849609375,20.49629783630371,-9.858841896057129
21.75,2889.956298828125,20.403179168701172,-9.858841896057129
21.76,2890.166259765625,20.310447692871094,-9.858841896057129
21.77,2890.36962890625,20.212635040283203,-9.858841896057129
21.78,2890.57568359375,20.118152618408203,-9.858841896057129
21.79,2890.775390625,20.018640518188477,-9.858841896057129
21.8,2890.968994140625,19.914215087890625,-9.858841896057129
21.81,2891.156494140625,19.805065155029297,-9.858841896057129
21.82,2891.3525390625,19.70513153076172,-9.858841896057129
21.83,2891.542724609375,19.60034942626953,-9.868301391601562
21.84,2891.72705078125,19.490997314453125,-9.868301391601562
21.85,2891.905517578125,19.37735366821289,-9.858841896057129
21.86,2892.0615234375,19.243242263793945,-9.858841896057129
21.87,2892.212646484375,19.105548858642578,-9.858841896057129
21.88,2892.375732421875,18.98053550720215,-9.858841896057129
21.89,2892.5390625,18.857105255126953,-9.858841896057129
21.9,2892.697265625,18.729896545410156,-9.858841896057129
21.91,2892.856201171875,18.604278564453125,-9.868301391601562
21.92,2893.029296875,18.49365997314453,-9.858841896057129
21.93,2893.197265625,18.37901496887207,-9.858841896057129
21.94,2893.360107421875,18.260486602783203,-9.858841896057129
21.95,2893.531494140625,18.151260375976562,-9.868301391601562
21.96,2893.697509765625,18.03807258605957,-9.868301391601562
21.97,2893.861572265625,17.923810958862305,-9.858841896057129
21.98,2894.0205078125,17.805782318115234,-9.858841896057129
21.99,2894.174560546875,17.68430519104004,-9.839921951293945
22,2894.344970703125,17.580198287963867,-9.839921951293945
22.01,2894.52099609375,17.482587814331055,-9.839921951293945
22.02,2894.71826171875,17.406877517700195,-9.839921951293945
22.03,2894.91015625,17.326587677001953,-9.839921951293945
22.04,2895.07080078125,17.215970993041992,-9.839921951293945
22.05,2895.249755859375,17.124980926513672,-9.839921951293945
22.06,2895.423583984375,17.02988052368164,-9.839921951293945
22.07,2895.60302734375,16.941133499145508,-9.839921951293945
22.08,2895.777587890625,16.848365783691406,-9.830461502075195
22.09,2895.94970703125,16.7541561126709,-9.830461502075195
22.1,2896.132080078125,16.671476364135742,-9.830461502075195
22.11,2896.3095703125,16.584524154663086,-9.839921951293945
22.12,2896.482177734375,16.493610382080078,-9.830461502075195
22.13,2896.65771484375,16.406503677368164,-9.830461502075195
22.14,2896.828369140625,16.31539535522461,-9.830461502075195
22.15,2896.994140625,16.220401763916016,-9.830461502075195
22.16,2897.1552734375,16.121639251708984,-9.830461502075195
22.17,2897.31201171875,16.01912498474121,-9.839921951293945
22.18,2897.464111328125,15.913150787353516,-9.830461502075195
22.19,2897.619384765625,15.811296463012695,-9.839921951293945
22.2,2897.770263671875,15.706019401550293,-9.830461502075195
22.21,2897.916748046875,15.597236633300781,-9.839921951293945
22.22,2898.05908203125,15.48514175415039,-9.839921951293945
22.23,2898.197021484375,15.369836807250977,-9.839921951293945
22.24,2898.3310546875,15.25151252746582,-9.830461502075195
22.25,2898.4658203125,15.135284423828125,-9.830461502075195
22.26,2898.601318359375,15.021129608154297,-9.830461502075195
22.27,2898.75244140625,14.924369812011719,-9.830461502075195
22.28,2898.886962890625,14.811450004577637,-9.830461502075195
22.29,2899.025146484375,14.70303726196289,-9.839921951293945
22.3,2899.17626953125,14.609452247619629,-9.830461502075195
22.31,2899.322998046875,14.512452125549316,-9.830461502075195
22.32,2899.472900390625,14.419830322265625,-9.830461502075195
22.33,2899.638427734375,14.344232559204102,-9.830461502075195
22.34,2899.799560546875,14.264885902404785,-9.830461502075195
22.35,2899.956298828125,14.181897163391113,-9.830461502075195
22.36,2900.10888671875,14.095361709594727,-9.830461502075195
22.37,2900.25732421875,14.005380630493164,-9.830461502075195
22.38,2900.433349609375,13.945230484008789,-9.830461502075195
22.39,2900.604736328125,13.881093978881836,-9.830461502075195
22.4,2900.77197265625,13.81307315826416,-9.830461502075195
22.41,2900.9033203125,13.708094596862793,-9.830461502075195
22.42,2901.062255859375,13.633332252502441,-9.830461502075195
22.43,2901.1708984375,13.50651741027832,-9.830461502075195
22.44,2901.331787109375,13.436016082763672,-9.821001052856445
22.45,2901.45703125,13.328714370727539,-9.821001052856445
22.46,2901.6123046875,13.254267692565918,-9.821001052856445
22.47,2901.76123046875,13.173797607421875,-9.821001052856445
22.48,2901.874755859375,13.056814193725586,-9.821001052856445
22.49,2901.984619140625,12.937285423278809,-9.821001052856445
22.5,2902.122314453125,12.848437309265137,-9.821001052856445
22.51,2902.256103515625,12.756487846374512,-9.821001052856445
22.52,2902.388671875,12.664033889770508,-9.821001052856445
22.53,2902.51513671875,12.566083908081055,-9.821001052856445
22.54,2902.64501953125,12.47288703918457,-9.821001052856445
22.55,2902.771240234375,12.376768112182617,-9.821001052856445
22.56,2902.901123046875,12.285477638244629,-9.821001052856445
22.57,2903.039306640625,12.203959465026855,-9.821001052856445
22.58,2903.178466796875,12.12456226348877,-9.811541557312012
22.59,2903.328369140625,12.057287216186523,-9.811541557312012
22.6,2903.4599609375,11.9713716506958,-9.811541557312012
22.61,2903.587890625,11.882685661315918,-9.792621612548828
22.62,2903.726806640625,11.806370735168457,-9.792621612548828
22.63,2903.86181640625,11.726736068725586,-9.811541557312012
22.64,2903.9931640625,11.644064903259277,-9.811541557312012
22.65,2904.156982421875,11.596571922302246,-9.811541557312012
22.66,2904.316650390625,11.545373916625977,-9.811541557312012
22.67,2904.472412109375,11.49056625366211,-9.811541557312012
22.68,2904.58837890625,11.39412784576416,-9.811541557312012
22.69,2904.708251953125,11.302583694458008,-9.821001052856445
22.7,2904.853271484375,11.238859176635742,-9.821001052856445
22.71,2905.00634765625,11.18451976776123,-9.821001052856445
22.72,2905.15576171875,11.126723289489746,-9.821001052856445
22.73,2905.29443359375,11.057979583740234,-9.821001052856445
22.74,2905.4150390625,10.970847129821777,-9.821001052856445
22.75,2905.54638671875,10.89627456665039,-9.821001052856445
22.76,2905.659912109375,10.80349063873291,-9.821001052856445
22.77,2905.78466796875,10.72341537475586,-9.821001052856445
22.78,2905.90576171875,10.64063835144043,-9.811541557312012
22.79,2906.023681640625,10.555143356323242,-9.811541557312012
22.8,2906.13818359375,10.467008590698242,-9.811541557312012
22.81,2906.2421875,10.368683815002441,-9.811541557312012
22.82,2906.35986328125,10.285778999328613,-9.811541557312012
22.83,2906.48828125,10.215320587158203,-9.821001052856445
22.84,2906.61328125,10.141979217529297,-9.821001052856445
22.85,2906.741943359375,10.073382377624512,-9.821001052856445
22.86,2906.867431640625,10.001893043518066,-9.821001052856445
22.87,2906.989501953125,9.927589416503906,-9.821001052856445
22.88,2907.1083984375,9.850549697875977,-9.821001052856445
22.89,2907.218994140625,9.765865325927734,-9.821001052856445
22.9,2907.336181640625,9.688800811767578,-9.821001052856445
22.91,2907.4501953125,9.609113693237305,-9.821001052856445
22.92,2907.551513671875,9.516790390014648,-9.821001052856445
22.93,2907.668701171875,9.442378997802734,-9.821001052856445
22.94,2907.78271484375,9.365346908569336,-9.821001052856445
22.95,2907.898193359375,9.290803909301758,-9.821001052856445
22.96,2908.02001953125,9.223752975463867,-9.821001052856445
22.97,2908.129150390625,9.14390754699707,-9.821001052856445
22.98,2908.2470703125,9.074235916137695,-9.821001052856445
22.99,2908.357177734375,8.996843338012695,-9.821001052856445
23,2908.464111328125,8.91699504852295,-9.821001052856445
23.01,2908.56787109375,8.834768295288086,-9.821001052856445
23.02,2908.6806640625,8.762821197509766,-9.821001052856445
23.03,2908.790283203125,8.688358306884766,-9.821001052856445
23.04,2908.896728515625,8.611452102661133,-9.821001052856445
23.05,2909.000244140625,8.53217601776123,-9.821001052856445
23.06,2909.1005859375,8.450695991516113,-9.811541557312012
23.07,2909.193359375,8.3618745803833,-9.821001052856445
23.08,2909.288330078125,8.276009559631348,-9.821001052856445
23.09,2909.37548828125,8.183030128479004,-9.821001052856445
23.1,2909.4599609375,8.088126182556152,-9.821001052856445
23.11,2909.541748046875,7.991453170776367,-9.811541557312012
23.12,2909.620849609375,7.892978668212891,-9.811541557312012
23.13,2909.697265625,7.792952537536621,-9.792621612548828
23.14,2909.75927734375,7.678706169128418,-9.792621612548828
23.15,2909.81884765625,7.563107013702393,-9.792621612548828
23.16,2909.8759765625,7.446215629577637,-9.792621612548828
23.17,2909.930908203125,7.328181743621826,-9.783161163330078
23.18,2910.009521484375,7.236464500427246,-9.783161163330078
23.19,2910.08544921875,7.1429243087768555,-9.792621612548828
23.2,2910.1591796875,7.047711372375488,-9.792621612548828
23.21,2910.216064453125,6.935915946960449,-9.792621612548828
23.22,2910.28466796875,6.837848663330078,-9.792621612548828
23.23,2910.35107421875,6.738185882568359,-9.802081108093262
23.24,2910.4150390625,6.63707160949707,-9.802081108093262
23.25,2910.476806640625,6.5345611572265625,-9.802081108093262
23.26,2910.53857421875,6.4331374168396,-9.811541557312012
23.27,2910.59814453125,6.330367565155029,-9.811541557312012
23.28,2910.6552734375,6.226305961608887,-9.811541557312012
23.29,2910.710205078125,6.120908260345459,-9.821001052856445
23.3,2910.80322265625,6.056713104248047,-9.811541557312012
23.31,2910.853271484375,5.948177814483643,-9.811541557312012
23.32,2910.941650390625,5.88083028793335,-9.811541557312012
23.33,2911.031982421875,5.816502094268799,-9.811541557312012
23.34,2911.122314453125,5.752696514129639,-9.811541557312012
23.35,2911.207763671875,5.684378147125244,-9.811541557312012
23.36,2911.285888671875,5.609213829040527,-9.811541557312012
23.37,2911.371337890625,5.5423150062561035,-9.811541557312012
23.38,2911.45166015625,5.471027851104736,-9.811541557312012
23.39,2911.52978515625,5.397974491119385,-9.811541557312012
23.4,2911.60791015625,5.325710296630859,-9.811541557312012
23.41,2911.68359375,5.251635551452637,-9.821001052856445
23.42,2911.757080078125,5.175899982452393,-9.821001052856445
23.43,2911.828125,5.09855318069458,-9.821001052856445
23.44,2911.8994140625,5.022092819213867,-9.821001052856445
23.45,2911.9755859375,4.951526641845703,-9.821001052856445
23.46,2912.04931640625,4.8792901039123535,-9.821001052856445
23.47,2912.120849609375,4.805532455444336,-9.811541557312012
23.48,2912.190185546875,4.730208873748779,-9.811541557312012
23.49,2912.2548828125,4.650770664215088,-9.821001052856445
23.5,2912.3173828125,4.570019245147705,-9.811541557312012
23.51,2912.377685546875,4.487809658050537,-9.821001052856445
23.52,2912.447998046875,4.416752815246582,-9.811541557312012
23.53,2912.523193359375,4.351501941680908,-9.821001052856445
23.54,2912.595947265625,4.284699440002441,-9.811541557312012
23.55,2912.666748046875,4.216206073760986,-9.821001052856445
23.56,2912.7353515625,4.146070957183838,-9.830461502075195
23.57,2912.8017578125,4.074532508850098,-9.821001052856445
23.58,2912.865966796875,4.0016398429870605,-9.811541557312012
23.59,2912.911865234375,3.9100706577301025,-9.811541557312012
23.6,2912.955810546875,3.8176090717315674,-9.802081108093262
23.61,2912.983642578125,3.709367036819458,-9.802081108093262
23.62,2913.010009765625,3.600538969039917,-9.802081108093262
23.63,2913.03466796875,3.4911625385284424,-9.802081108093262
23.64,2913.06005859375,3.3838577270507812,-9.792621612548828
23.65,2913.083984375,3.2760205268859863,-9.792621612548828
23.66,2913.11328125,3.175089120864868,-9.792621612548828
23.67,2913.143310546875,3.075876235961914,-9.802081108093262
23.68,2913.171875,2.976027488708496,-9.802081108093262
23.69,2913.196533203125,2.8731441497802734,-9.802081108093262
23.7,2913.221923828125,2.7720797061920166,-9.811541557312012
23.71,2913.27880859375,2.704936981201172,-9.811541557312012
23.72,2913.301025390625,2.60211181640625,-9.811541557312012
23.73,2913.32177734375,2.4988231658935547,-9.811541557312012
23.74,2913.3759765625,2.432117223739624,-9.802081108093262
23.75,2913.4287109375,2.3642303943634033,-9.802081108093262
23.76,2913.489013671875,2.3050174713134766,-9.802081108093262
23.77,2913.537841796875,2.2345855236053467,-9.811541557312012
23.78,2913.585205078125,2.1630918979644775,-9.811541557312012
23.79,2913.640380859375,2.1003851890563965,-9.811541557312012
23.8,2913.68408203125,2.0266740322113037,-9.811541557312012
23.81,2913.735595703125,1.9618268013000488,-9.811541557312012
23.82,2913.785400390625,1.895864725112915,-9.811541557312012
23.83,2913.82666015625,1.8214415311813354,-9.811541557312012
23.84,2913.8662109375,1.7460349798202515,-9.821001052856445
23.85,2913.90185546875,1.6673543453216553,-9.821001052856445
23.86,2913.935791015625,1.5880086421966553,-9.811541557312012
23.87,2913.956787109375,1.495564341545105,-9.821001052856445
23.88,2913.976318359375,1.4026825428009033,-9.821001052856445
23.89,2914.008544921875,1.3240892887115479,-9.821001052856445
23.9,2914.039306640625,1.2448062896728516,-9.821001052856445
23.91,2914.0546875,1.150176763534546,-9.821001052856445
23.92,2914.06884765625,1.0552328824996948,-9.821001052856445
23.93,2914.09814453125,0.9771586060523987,-9.821001052856445
23.94,2914.142578125,0.9155136942863464,-9.830461502075195
23.95,2914.185302734375,0.8529114723205566,-9.830461502075195
23.96,2914.22900390625,0.7917976975440979,-9.830461502075195
23.97,2914.2685546875,0.7273298501968384,-9.830461502075195
23.98,2914.29052734375,0.6448676586151123,-9.830461502075195
23.99,2914.31103515625,0.5619462132453918,-9.830461502075195
24,2914.33056640625,0.47859230637550354,-9.830461502075195
24.01,2914.353515625,0.3997145891189575,-9.830461502075195
24.02,2914.375,0.32035624980926514,-9.830461502075195
24.03,2914.395263671875,0.2406386137008667,-9.821001052856445
24.04,2914.41455078125,0.16039921343326569,-9.830461502075195
24.05,2914.4326171875,0.07975402474403381,-9.830461502075195
24.06,2914.45654296875,0.006187710911035538,-9.821001052856445
24.07,2914.479248046875,-0.06788584589958191,-9.821001052856445
24.08,2914.500732421875,-0.14243993163108826,-9.821001052856445
24.09,2914.52099609375,-0.21744783222675323,-9.821001052856445
24.1,2914.523681640625,-0.3100012540817261,-9.821001052856445
24.11,2914.52294921875,-0.4050596356391907,-9.821001052856445
24.12,2914.51904296875,-0.5024951100349426,-9.821001052856445
24.13,2914.51416015625,-0.5998245477676392,-9.821001052856445
24.14,2914.508544921875,-0.697026789188385,-9.821001052856445
24.15,2914.499755859375,-0.7965521216392517,-9.821001052856445
24.16,2914.492431640625,-0.8933992981910706,-9.821001052856445
24.17,2914.486572265625,-0.9876536726951599,-9.821001052856445
24.18,2914.522216796875,-1.0377531051635742,-9.821001052856445
24.19,2914.556396484375,-1.0887095928192139,-9.830461502075195
24.2,2914.589599609375,-1.1403073072433472,-9.821001052856445
24.21,2914.62158203125,-1.1928086280822754,-9.839921951293945
24.22,2914.647705078125,-1.2509320974349976,-9.839921951293945
24.23,2914.665771484375,-1.3168971538543701,-9.839921951293945
24.24,2914.682861328125,-1.3832411766052246,-9.839921951293945
24.25,2914.69873046875,-1.4499428272247314,-9.839921951293945
24.26,2914.7138671875,-1.5168861150741577,-9.830461502075195
24.27,2914.706787109375,-1.6061627864837646,-9.830461502075195
24.28,2914.698974609375,-1.6952654123306274,-9.830461502075195
24.29,2914.690673828125,-1.7841832637786865,-9.830461502075195
24.3,2914.681640625,-1.8729004859924316,-9.830461502075195
24.31,2914.674072265625,-1.9589383602142334,-9.830461502075195
24.32,2914.637939453125,-2.074179172515869,-9.839921951293945
24.33,2914.62939453125,-2.159323215484619,-9.839921951293945
24.34,2914.620361328125,-2.2442667484283447,-9.839921951293945
24.35,2914.58251953125,-2.3582756519317627,-9.839921951293945
24.36,2914.567626953125,-2.4470279216766357,-9.839921951293945
24.37,2914.52880859375,-2.5598490238189697,-9.839921951293945
24.38,2914.513427734375,-2.549211263656616,0
24.39,2914.498779296875,-2.538041353225708,0
24.4,2914.470458984375,-2.54121732711792,0
24.41,2914.442626953125,-2.543779134750366,0
24.42,2914.396728515625,-2.5652153491973877,0
24.43,2914.34228515625,-2.5953938961029053,0
24.44,2914.28857421875,-2.624385356903076,0
24.45,2914.23583984375,-2.6522059440612793,0
24.46,2914.211669921875,-2.649655342102051,0
24.47,2914.16015625,-2.675795793533325,0
24.48,2914.090576171875,-2.7203330993652344,0
24.49,2914.022216796875,-2.763355016708374,0
24.5,2913.957275390625,-2.8024227619171143,0
24.51,2913.900146484375,-2.832801580429077,0
24.52,2913.86962890625,-2.8350818157196045,0
24.53,2913.81396484375,-2.863553762435913,0
24.54,2913.75244140625,-2.8980815410614014,0
24.55,2913.691650390625,-2.9312644004821777,0
24.56,2913.638916015625,-2.95585560798645,0
24.57,2913.593994140625,-2.9719724655151367,0
24.58,2913.5498046875,-2.987110137939453,0
24.59,2913.501708984375,-3.006150484085083,0
24.6,2913.454345703125,-3.0241429805755615,0
24.61,2913.407958984375,-3.0411036014556885,0
24.62,2913.366943359375,-3.0521936416625977,0
24.63,2913.333740234375,-3.055065155029297,0
24.64,2913.294189453125,-3.064546823501587,0
24.65,2913.255126953125,-3.0731661319732666,0
24.66,2913.217041015625,-3.080939292907715,0
24.67,2913.1796875,-3.0878872871398926,0
24.68,2913.16162109375,-3.074509859085083,0
24.69,2913.14404296875,-3.060741662979126,0
24.7,2913.1083984375,-3.0661134719848633,0
24.71,2913.0732421875,-3.0707080364227295,0
24.72,2913.038818359375,-3.0745410919189453,0
24.73,2913.009765625,-3.0727646350860596,0
24.74,2912.981201171875,-3.070359230041504,0
24.75,2912.953369140625,-3.067335367202759,0
24.76,2912.926025390625,-3.063708782196045,0
24.77,2912.899658203125,-3.059495687484741,0
24.78,2912.873779296875,-3.0547115802764893,0
24.79,2912.848388671875,-3.0493674278259277,0
24.8,2912.78857421875,-3.079972982406616,0
24.81,2912.69482421875,-3.1457762718200684,0
24.82,2912.59521484375,-3.216853380203247,0
24.83,2912.4970703125,-3.285756826400757,0
24.84,2912.400146484375,-3.352518081665039,0
24.85,2912.311767578125,-3.409848928451538,0
24.86,2912.224609375,-3.465249538421631,0
24.87,2912.138671875,-3.518751621246338,0
24.88,2912.08447265625,-3.538750410079956,0
24.89,2912.031005859375,-3.557570457458496,0
24.9,2911.978515625,-3.5752272605895996,0
24.91,2911.927001953125,-3.591747522354126,0
24.92,2911.87646484375,-3.607147216796875,0
24.93,2911.82666015625,-3.6214475631713867,0
24.94,2911.74755859375,-3.666297674179077,0
24.95,2911.641845703125,-3.7386474609375,0
24.96,2911.528076171875,-3.818415403366089,0
24.97,2911.390380859375,-3.922468662261963,0
24.98,2911.24267578125,-4.035698890686035,0
24.99,2911.00634765625,-4.240528106689453,0
25,2910.77294921875,-4.440191745758057,0
25.01,2910.54248046875,-4.634758472442627,0
25.02,2910.417236328125,-4.7172932624816895,0
25.03,2910.32861328125,-4.760615348815918,0
25.04,2910.104248046875,-4.945488452911377,0
25.05,2909.882568359375,-5.125461101531982,0
25.06,2909.614990234375,-5.351662635803223,0
25.07,2909.350830078125,-5.572022914886475,0
25.08,2909.09228515625,-5.784159183502197,0
25.09,2908.8369140625,-5.990649700164795,0
25.1,2908.5849609375,-6.191568851470947,0
25.11,2908.333740234375,-6.389441967010498,0
25.12,2908.067138671875,-6.601276397705078,0
25.13,2907.80419921875,-6.807296276092529,0
25.14,2907.54443359375,-7.0075764656066895,0
25.15,2907.2626953125,-7.228890895843506,0
25.16,2906.984619140625,-7.444058418273926,0
25.17,2906.710205078125,-7.653158664703369,0
25.18,2906.416259765625,-7.8805766105651855,0
25.19,2906.1259765625,-8.101578712463379,0
25.2,2905.839599609375,-8.31624984741211,0
25.21,2905.556884765625,-8.524674415588379,0
25.22,2905.289794921875,-8.714760780334473,0
25.23,2905.079833984375,-8.843161582946777,0
25.24,2904.9775390625,-8.857625007629395,0
25.25,2904.877197265625,-8.869869232177734,0
25.26,2904.779052734375,-8.879942893981934,0
25.27,2904.689697265625,-8.880571365356445,0
25.28,2904.60205078125,-8.879266738891602,0
25.29,2904.516357421875,-8.876066207885742,0
25.3,2904.432373046875,-8.871011734008789,0
25.31,2904.25732421875,-8.961385726928711,0
25.32,2904.038330078125,-9.09654426574707,0
25.33,2903.8203125,-9.229330062866211,0
25.34,2903.466064453125,-9.503084182739258,0
25.35,2903.109619140625,-9.776371002197266,0
25.36,2902.758056640625,-10.041885375976562,0
25.37,2902.4111328125,-10.29973316192627,0
25.38,2902.068603515625,-10.55001449584961,0
25.39,2901.730712890625,-10.792830467224121,0
25.4,2901.49267578125,-10.928763389587402,0
25.41,2901.25830078125,-11.059514045715332,0
25.42,2901.027587890625,-11.18516731262207,0
25.43,2900.921142578125,-11.179542541503906,0
25.44,2900.833251953125,-11.15457820892334,0
25.45,2900.747314453125,-11.127717971801758,0
25.46,2900.66357421875,-11.099004745483398,0
25.47,2900.5654296875,-11.085522651672363,0
25.48,2900.460205078125,-11.079639434814453,0
25.49,2900.26416015625,-11.168585777282715,0
25.5,2900.071533203125,-11.253274917602539,0
25.51,2899.974853515625,-11.236672401428223,0
25.52,2899.88037109375,-11.217984199523926,0
25.53,2899.783447265625,-11.202052116394043,0
25.54,2899.600341796875,-11.276329040527344,0
25.55,2899.345947265625,-11.42435359954834,0
25.56,2899.095458984375,-11.566842079162598,0
25.57,2898.8603515625,-11.691702842712402,0
25.58,2898.62890625,-11.811450958251953,0
25.59,2898.40087890625,-11.926165580749512,0
25.6,2898.160400390625,-12.052897453308105,0
25.61,2897.905029296875,-12.193831443786621,0
25.62,2897.64208984375,-12.341384887695312,0
25.63,2897.3828125,-12.483213424682617,0
25.64,2897.118408203125,-12.629063606262207,0
25.65,2896.774658203125,-12.856534957885742,0
25.66,2896.435546875,-13.076517105102539,0
25.67,2896.101318359375,-13.289115905761719,0
25.68,2895.77197265625,-13.494441986083984,0
25.69,2895.447265625,-13.692595481872559,0
25.7,2895.132080078125,-13.878830909729004,0
25.71,2894.863525390625,-14.014554023742676,0
25.72,2894.631591796875,-14.11043643951416,0
25.73,2894.408203125,-14.196423530578613,0
25.74,2894.188720703125,-14.277563095092773,0
25.75,2893.972900390625,-14.353934288024902,0
25.76,2893.7607421875,-14.42562198638916,0
25.77,2893.554443359375,-14.49030876159668,0
25.78,2893.3564453125,-14.545656204223633,0
25.79,2893.17138671875,-14.586997032165527,0
25.8,2893.066650390625,-14.544231414794922,0
25.81,2892.96875,-14.494402885437012,0
25.82,2892.933837890625,-14.379337310791016,0
25.83,2892.90771484375,-14.256291389465332,0
25.84,2892.92529296875,-14.08894157409668,0
25.85,2892.946533203125,-13.9196138381958,0
25.86,2892.9736328125,-13.745922088623047,0
25.87,2893.020263671875,-13.553435325622559,0
25.88,2893.0703125,-13.359546661376953,0
25.89,2893.121337890625,-13.166784286499023,0
25.9,2893.184814453125,-12.96306037902832,0
25.91,2893.25341796875,-12.755891799926758,0
25.92,2893.32275390625,-12.550256729125977,0
25.93,2893.387939453125,-12.35102653503418,0
25.94,2893.45361328125,-12.153249740600586,0
25.95,2893.519775390625,-11.956936836242676,0
25.96,2893.59130859375,-11.757238388061523,0
25.97,2893.66796875,-11.554280281066895,0
25.98,2893.7451171875,-11.353029251098633,0
25.99,2893.831787109375,-11.143773078918457,0
26,2893.963134765625,-10.89028549194336,0
26.01,2894.10791015625,-10.625131607055664,0
26.02,2894.412841796875,-10.195455551147461,0
26.03,2894.715576171875,-9.772465705871582,0
26.04,2895.016357421875,-9.356120109558105,0
26.05,2895.31494140625,-8.946371078491211,0
26.06,2895.611572265625,-8.543169975280762,0
26.07,2895.798828125,-8.25825309753418,0
26.08,2895.896728515625,-8.069753646850586,0
26.09,2895.908203125,-7.9732513427734375,0
26.1,2895.918212890625,-7.879478454589844,0
26.11,2895.928955078125,-7.785943984985352,0
26.12,2895.9404296875,-7.69266414642334,0
26.13,2895.95263671875,-7.599654197692871,0
26.14,2895.96533203125,-7.506930351257324,0
26.15,2895.981201171875,-7.412044048309326,0
26.16,2896.006591796875,-7.307871341705322,0
26.17,2896.072265625,-7.162977695465088,0
26.18,2896.203125,-6.951523303985596,0
26.19,2896.3564453125,-6.718668460845947,0
26.2,2896.509033203125,-6.489182472229004,0
26.21,2896.66064453125,-6.263044357299805,0
26.22,2896.81103515625,-6.040233135223389,0
26.23,2896.942138671875,-5.840139865875244,0
26.24,2897.072509765625,-5.642924785614014,0
26.25,2897.15087890625,-5.50202751159668,0
26.26,2897.1943359375,-5.399232387542725,0
26.27,2897.235595703125,-5.29985237121582,0
26.28,2897.014404296875,-5.475489616394043,0
26.29,2896.78466796875,-5.658469200134277,0
26.3,2896.406982421875,-5.99393367767334,0
26.31,2895.982666015625,-6.374441623687744,0
26.32,2895.378173828125,-6.939327716827393,0
26.33,2894.78076171875,-7.491023063659668,0
26.34,2894.190185546875,-8.029681205749512,0
26.35,2893.606689453125,-8.555455207824707,0
26.36,2893.0302734375,-9.068503379821777,0
26.37,2892.48388671875,-9.54482650756836,0
26.38,2892.057373046875,-9.890639305114746,0
26.39,2891.75927734375,-10.098795890808105,0
26.4,2891.697265625,-10.05807876586914,0
26.41,2891.757568359375,-9.889910697937012,0
26.42,2891.818359375,-9.723084449768066,0
26.43,2891.879638671875,-9.557610511779785,0
26.44,2891.941162109375,-9.393499374389648,0
26.45,2892.00537109375,-9.228297233581543,0
26.46,2892.06982421875,-9.064521789550781,0
26.47,2892.072021484375,-8.967658996582031,0
26.48,2892.0751953125,-8.870865821838379,0
26.49,2892.0791015625,-8.774163246154785,0
26.5,2892.083984375,-8.677566528320312,0
26.51,2892.138427734375,-8.53017807006836,0
26.52,2892.21875,-8.357281684875488,0
26.53,2892.359375,-8.123072624206543,0
26.54,2892.499267578125,-7.891952037811279,0
26.55,2892.638671875,-7.663908958435059,0
26.56,2892.77734375,-7.43892765045166,0
26.57,2892.915283203125,-7.216992378234863,0
26.58,2893.041015625,-7.010250091552734,0
26.59,2893.154541015625,-6.818373680114746,0
26.6,2893.258544921875,-6.638693809509277,0
26.61,2893.3154296875,-6.509824275970459,0
26.62,2893.27490234375,-6.484106540679932,0
26.63,2893.228515625,-6.464765548706055,0
26.64,2893.1484375,-6.480788707733154,0
26.65,2893.00732421875,-6.560560703277588,0
26.66,2892.83349609375,-6.673622131347656,0
26.67,2892.57861328125,-6.870129108428955,0
26.68,2892.303955078125,-7.085288047790527,0
26.69,2892.032958984375,-7.294464111328125,0
26.7,2891.7607421875,-7.502583026885986,0
26.71,2891.4921875,-7.704777240753174,0
26.72,2891.22705078125,-7.901121139526367,0
26.73,2890.95849609375,-8.098944664001465,0
26.74,2890.658935546875,-8.327221870422363,0
26.75,2890.280029296875,-8.636136054992676,0
26.76,2889.87109375,-8.973092079162598,0
26.77,2889.46728515625,-9.30113697052002,0
26.78,2889.033935546875,-9.65669059753418,0
26.79,2888.60595703125,-10.002800941467285,0
26.8,2888.148681640625,-10.375885963439941,0
26.81,2887.697265625,-10.739011764526367,0
26.82,2887.251708984375,-11.092304229736328,0
26.83,2886.828125,-11.418947219848633,0
26.84,2886.409912109375,-11.736364364624023,0
26.85,2885.997314453125,-12.044676780700684,0
26.86,2885.59033203125,-12.344011306762695,0
26.87,2885.188720703125,-12.63448429107666,0
26.88,2884.790283203125,-12.918611526489258,0
26.89,2884.399658203125,-13.191678047180176,0
26.9,2884.01904296875,-13.451391220092773,0
26.91,2883.680908203125,-13.66413688659668,0
26.92,2883.34765625,-13.86953067779541,0
26.93,2883.072509765625,-14.012040138244629,0
26.94,2882.813232421875,-14.136473655700684,0
26.95,2882.674072265625,-14.134248733520508,0
26.96,2882.55859375,-14.107221603393555,0
26.97,2882.466552734375,-14.055910110473633,0
26.98,2882.3837890625,-13.995372772216797,0
26.99,2882.305908203125,-13.930612564086914,0
27,2882.230224609375,-13.864181518554688,0
27.01,2882.15673828125,-13.796133041381836,0
27.02,2882.08544921875,-13.726513862609863,0
27.03,2882.013916015625,-13.65782356262207,0
27.04,2881.9052734375,-13.628747940063477,0
27.05,2881.664794921875,-13.73769474029541,0
27.06,2881.411865234375,-13.858369827270508,0
27.07,2881.135009765625,-14.002593994140625,0
27.08,2880.85791015625,-14.14565658569336,0
27.09,2880.439453125,-14.4349946975708,0
27.1,2880.01513671875,-14.727324485778809,0
27.11,2879.578369140625,-15.029767990112305,0
27.12,2879.13134765625,-15.3396577835083,0
27.13,2878.68603515625,-15.644615173339844,0
27.14,2878.246826171875,-15.939885139465332,0
27.15,2877.813720703125,-16.22560691833496,0
27.16,2877.38671875,-16.501909255981445,0
27.17,2876.97998046875,-16.754446029663086,0
27.18,2876.5791015625,-16.998146057128906,0
27.19,2876.2373046875,-17.177560806274414,0
27.2,2875.928466796875,-17.320575714111328,0
27.21,2875.645751953125,-17.435096740722656,0
27.22,2875.41162109375,-17.497570037841797,0
27.23,2875.202392578125,-17.533233642578125,0
27.24,2875.02978515625,-17.530487060546875,0
27.25,2874.881591796875,-17.50221824645996,0
27.26,2874.739013671875,-17.46836280822754,0
27.27,2874.61572265625,-17.414493560791016,0
27.28,2874.50048828125,-17.353124618530273,0
27.29,2874.387939453125,-17.28927993774414,0
27.3,2874.278564453125,-17.2230224609375,0
27.31,2874.16748046875,-17.159273147583008,0
27.32,2874.040771484375,-17.112470626831055,0
27.33,2873.868408203125,-17.113767623901367,0
27.34,2873.6162109375,-17.19833755493164,0
27.35,2873.364013671875,-17.282297134399414,0
27.36,2873.0859375,-17.3922119140625,0
27.37,2872.798828125,-17.510595321655273,0
27.38,2872.490966796875,-17.649335861206055,0
27.39,2872.148681640625,-17.822463989257812,0
27.4,2871.793212890625,-18.00750160217285,0
27.41,2871.427001953125,-18.201702117919922,0
27.42,2871.064208984375,-18.390409469604492,0
27.43,2870.66552734375,-18.614709854125977,0
27.44,2870.27294921875,-18.830354690551758,0
27.45,2869.886474609375,-19.0374755859375,0
27.46,2869.501220703125,-19.240995407104492,0
27.47,2869.121826171875,-19.436155319213867,0
27.48,2868.725341796875,-19.64726448059082,0
27.49,2868.3349609375,-19.84976577758789,0
27.5,2867.9482421875,-20.046194076538086,0
27.51,2867.544677734375,-20.25835609436035,0
27.52,2867.172607421875,-20.43523597717285,0
27.53,2866.785888671875,-20.625720977783203,0
27.54,2866.4052734375,-20.80781364440918,0
27.55,2866.03076171875,-20.981653213500977,0
27.56,2865.662353515625,-21.147371292114258,0
27.57,2865.29296875,-21.312345504760742,0
27.58,2864.9365234375,-21.46206283569336,0
27.59,2864.5859375,-21.604053497314453,0
27.6,2864.259521484375,-21.71916961669922,0
27.61,2863.938720703125,-21.827213287353516,0
27.62,2863.64453125,-21.90658187866211,0
27.63,2863.353271484375,-21.981983184814453,0
27.64,2863.0859375,-22.0317440032959,0
27.65,2862.83056640625,-22.06854248046875,0
27.66,2862.60302734375,-22.075639724731445,0
27.67,2862.38720703125,-22.070581436157227,0
27.68,2862.17578125,-22.06086540222168,0
27.69,2861.96875,-22.046586990356445,0
27.7,2861.75927734375,-22.035091400146484,0
27.71,2861.600341796875,-21.97077751159668,0
27.72,2861.46630859375,-21.88132667541504,0
27.73,2861.33837890625,-21.78660774230957,0
27.74,2861.220947265625,-21.68190574645996,0
27.75,2861.099853515625,-21.58193588256836,0
27.76,2860.97998046875,-21.481773376464844,0
27.77,2860.861328125,-21.381437301635742,0
27.78,2860.73681640625,-21.28825569152832,0
27.79,2860.61572265625,-21.19240951538086,0
27.8,2860.498046875,-21.09397315979004,0
27.81,2860.353759765625,-21.02437973022461,0
27.82,2860.19921875,-20.966171264648438,0
27.83,2860.0390625,-20.91433334350586,0
27.84,2859.87353515625,-20.868680953979492,0
27.85,2859.7119140625,-20.819467544555664,0
27.86,2859.52392578125,-20.798194885253906,0
27.87,2859.335693359375,-20.777660369873047,0
27.88,2859.130615234375,-20.774795532226562,0
27.89,2858.904296875,-20.794071197509766,0
27.9,2858.6708984375,-20.820484161376953,0
27.91,2858.412109375,-20.873218536376953,0
27.92,2858.1328125,-20.946924209594727,0
27.93,2857.828369140625,-21.045944213867188,0
27.94,2857.51318359375,-21.15524673461914,0
27.95,2857.194091796875,-21.26735496520996,0
27.96,2856.8759765625,-21.377403259277344,0
27.97,2856.556396484375,-21.48774528503418,0
27.98,2856.235595703125,-21.598407745361328,0
27.99,2855.894775390625,-21.728635787963867,0
28,2855.525146484375,-21.887680053710938,0
28.01,2855.138427734375,-22.06282615661621,0
28.02,2854.7255859375,-22.26327896118164,0
28.03,2854.307861328125,-22.466806411743164,0
28.04,2853.883056640625,-22.675762176513672,0
28.05,2853.450927734375,-22.889982223510742,0
28.06,2853.025634765625,-23.094831466674805,0
28.07,2852.602783203125,-23.29524803161621,0
28.08,2852.18212890625,-23.491344451904297,0
28.09,2851.759033203125,-23.687955856323242,0
28.1,2851.338134765625,-23.88018226623535,0
28.11,2850.896240234375,-24.09218406677246,0
28.12,2850.440673828125,-24.316265106201172,0
28.13,2849.9921875,-24.53046989440918,0
28.14,2849.551025390625,-24.73495101928711,0
28.15,2849.12158203125,-24.925079345703125,0
28.16,2848.698974609375,-25.105899810791016,0
28.17,2848.283447265625,-25.277565002441406,0
28.18,2847.863525390625,-25.45225715637207,0
28.19,2847.461669921875,-25.605819702148438,0
28.2,2847.071533203125,-25.745840072631836,0
28.21,2846.68798828125,-25.877412796020508,0
28.22,2846.31103515625,-26.00068473815918,0
28.23,2845.9384765625,-26.11824607849121,0
28.24,2845.55859375,-26.242162704467773,0
28.25,2845.185302734375,-26.357858657836914,0
28.26,2844.8115234375,-26.472715377807617,0
28.27,2844.444580078125,-26.57948875427246,0
28.28,2844.083984375,-26.678319931030273,0
28.29,2843.718505859375,-26.7813777923584,0
28.3,2843.357177734375,-26.878921508789062,0
28.31,2843.00244140625,-26.968650817871094,0
28.32,2842.644775390625,-27.06033706665039,0
28.33,2842.2822265625,-27.156320571899414,0
28.34,2841.937744140625,-27.23243522644043,0
28.35,2841.560546875,-27.342023849487305,0
28.36,2841.20849609375,-27.42418670654297,0
28.37,2840.844482421875,-27.518001556396484,0
28.38,2840.487060546875,-27.603944778442383,0
28.39,2840.129150390625,-27.68939781188965,0
28.4,2839.78466796875,-27.75987434387207,0
28.41,2839.465087890625,-27.80364418029785,0
28.42,2839.15625,-27.83572006225586,0
28.43,2838.848876953125,-27.865921020507812,0
28.44,2838.5478515625,-27.889488220214844,0
28.45,2838.18798828125,-27.973966598510742,0
28.46,2837.85546875,-28.02901268005371,0
28.47,2837.529296875,-28.07687759399414,0
28.48,2837.20947265625,-28.11769676208496,0
28.49,2836.895751953125,-28.151607513427734,0
28.5,2836.588134765625,-28.178747177124023,0
28.51,2836.286865234375,-28.199249267578125,0
28.52,2835.993896484375,-28.21079444885254,0
28.53,2835.71826171875,-28.20399284362793,0
28.54,2835.480712890625,-28.15758514404297,0
28.55,2835.24853515625,-28.10606575012207,0
28.56,2835.031005859375,-28.039920806884766,0
28.57,2834.82763671875,-27.959463119506836,0
28.58,2834.62939453125,-27.87464141845703,0
28.59,2834.44287109375,-27.778322219848633,0
28.6,2834.270263671875,-27.668437957763672,0
28.61,2834.164794921875,-27.489843368530273,0
28.62,2834.0654296875,-27.306623458862305,0
28.63,2833.997802734375,-27.092418670654297,0
28.64,2833.933349609375,-26.876800537109375,0
28.65,2833.8818359375,-26.650156021118164,0
28.66,2833.83349609375,-26.422449111938477,0
28.67,2833.78857421875,-26.193754196166992,0
28.68,2833.7626953125,-25.947338104248047,0
28.69,2833.7421875,-25.697959899902344,0
28.7,2833.72900390625,-25.44341468811035,0
28.71,2833.691162109375,-25.2175235748291,0
28.72,2833.669921875,-24.976459503173828,0
28.73,2833.651611328125,-24.7349910736084,0
28.74,2833.635986328125,-24.493183135986328,0
28.75,2833.630126953125,-24.243860244750977,0
28.76,2833.633544921875,-23.987228393554688,0
28.77,2833.639404296875,-23.730724334716797,0
28.78,2833.69384765625,-23.42620849609375,0
28.79,2833.75,-23.12293243408203,0
28.8,2833.810546875,-22.81854820251465,0
28.81,2833.888916015625,-22.49867057800293,0
28.82,2833.97314453125,-22.175769805908203,0
28.83,2834.10302734375,-21.8089599609375,0
28.84,2834.275390625,-21.401687622070312,0
28.85,2834.45947265625,-20.98619842529297,0
28.86,2834.643798828125,-20.574769973754883,0
28.87,2834.828369140625,-20.167407989501953,0
28.88,2835.01318359375,-19.764118194580078,0
28.89,2835.14501953125,-19.420263290405273,0
28.9,2835.277587890625,-19.07933235168457,0
28.91,2835.431640625,-18.719688415527344,0
28.92,2835.553466796875,-18.397167205810547,0
28.93,2835.67578125,-18.07734489440918,0
28.94,2835.799072265625,-17.760234832763672,0
28.95,2835.955078125,-17.412128448486328,0
28.96,2836.125244140625,-17.052995681762695,0
28.97,2836.29541015625,-16.697612762451172,0
28.98,2836.46533203125,-16.34597396850586,0
28.99,2836.63525390625,-15.998075485229492,0
29,2836.791259765625,-15.668388366699219,0
29.01,2836.947265625,-15.342135429382324,0
29.02,2837.05029296875,-15.074687957763672,0
29.03,2837.15380859375,-14.809521675109863,0
29.04,2837.222900390625,-14.582747459411621,0
29.05,2837.267578125,-14.384060859680176,0
29.06,2837.313232421875,-14.186380386352539,0
29.07,2837.35986328125,-13.989727973937988,0
29.08,2837.405029296875,-13.796513557434082,0
29.09,2837.474365234375,-13.580225944519043,0
29.1,2837.549072265625,-13.360640525817871,0
29.11,2837.661376953125,-13.104216575622559,0
29.12,2837.73681640625,-12.888765335083008,0
29.13,2837.87744140625,-12.607614517211914,0
29.14,2838.020263671875,-12.327113151550293,0
29.15,2838.17431640625,-12.037737846374512,0
29.16,2838.37646484375,-11.701175689697266,0
29.17,2838.593994140625,-11.352192878723145,0
29.18,2838.8681640625,-10.947722434997559,0
29.19,2839.140625,-10.549253463745117,0
29.2,2839.353515625,-10.216996192932129,0
29.21,2839.583984375,-9.87009334564209,0
29.22,2839.81298828125,-9.528233528137207,0
29.23,2840.04052734375,-9.191386222839355,0
29.24,2840.259765625,-8.866753578186035,0
29.25,2840.466064453125,-8.558992385864258,0
29.26,2840.65478515625,-8.272595405578613,0
29.27,2840.747802734375,-8.089071273803711,0
29.28,2840.62646484375,-8.131388664245605,0
29.29,2840.421875,-8.26002311706543,0
29.3,2840.107421875,-8.501978874206543,0
29.31,2839.794921875,-8.739492416381836,0
29.32,2839.43115234375,-9.027900695800781,0
29.33,2839.039794921875,-9.341997146606445,0
29.34,2838.639404296875,-9.662056922912598,0
29.35,2838.1845703125,-10.0358247756958,0
29.36,2837.650390625,-10.488472938537598,0
29.37,2837.10888671875,-10.943910598754883,0
29.38,2836.562744140625,-11.39959716796875,0
29.39,2836.0234375,-11.843411445617676,0
29.4,2835.449462890625,-12.318666458129883,0
29.41,2834.859619140625,-12.80541706085205,0
29.42,2834.251953125,-13.305763244628906,0
29.43,2833.64501953125,-13.800076484680176,0
29.44,2833.034423828125,-14.293217658996582,0
29.45,2832.410888671875,-14.794672012329102,0
29.46,2831.765380859375,-15.31372356414795,0
29.47,2831.10302734375,-15.845112800598145,0
29.48,2830.448974609375,-16.362110137939453,0
29.49,2829.796630859375,-16.872133255004883,0
29.5,2829.138916015625,-17.3823299407959,0
29.51,2828.485107421875,-17.88301658630371,0
29.52,2827.82861328125,-18.381521224975586,0
29.53,2827.173828125,-18.872941970825195,0
29.54,2826.523193359375,-19.35492706298828,0
29.55,2825.87646484375,-19.827571868896484,0
29.56,2825.224853515625,-20.300580978393555,0
29.57,2824.595703125,-20.745038986206055,0
29.58,2823.940673828125,-21.211816787719727,0
29.59,2823.294677734375,-21.664379119873047,0
29.6,2822.64404296875,-22.117273330688477,0
29.61,2822.01611328125,-22.541698455810547,0
29.62,2821.38330078125,-22.96685028076172,0
29.63,2820.75927734375,-23.378271102905273,0
29.64,2820.14404296875,-23.776155471801758,0
29.65,2819.542236328125,-24.15591049194336,0
29.66,2818.94921875,-24.522619247436523,0
29.67,2818.3740234375,-24.866907119750977,0
29.68,2817.798095703125,-25.208284378051758,0
29.69,2817.230712890625,-25.53717803955078,0
29.7,2816.667236328125,-25.858562469482422,0
29.71,2816.1123046875,-26.16773796081543,0
29.72,2815.565673828125,-26.464887619018555,0
29.73,2815.027587890625,-26.75019645690918,0
29.74,2814.49755859375,-27.023847579956055,0
29.75,2813.971435546875,-27.290802001953125,0
29.76,2813.45361328125,-27.546361923217773,0
29.77,2812.944091796875,-27.790712356567383,0
29.78,2812.442626953125,-28.024032592773438,0
29.79,2811.948974609375,-28.246496200561523,0
29.8,2811.46337890625,-28.458276748657227,0
29.81,2810.955810546875,-28.69068145751953,0
29.82,2810.486572265625,-28.880970001220703,0
29.83,2810.025146484375,-29.061105728149414,0
29.84,2809.571533203125,-29.231264114379883,0
29.85,2809.12548828125,-29.391613006591797,0
29.86,2808.689453125,-29.53992462158203,0
29.87,2808.260986328125,-29.678810119628906,0
29.88,2807.85595703125,-29.79170036315918,0
29.89,2807.467529296875,-29.886232376098633,0
29.9,2807.099853515625,-29.958024978637695,0
29.91,2806.739013671875,-30.021881103515625,0
29.92,2806.385009765625,-30.07794761657715,0
29.93,2806.04931640625,-30.1143798828125,0
29.94,2805.727294921875,-30.136402130126953,0
29.95,2805.41162109375,-30.1514835357666,0
29.96,2805.113525390625,-30.147808074951172,0
29.97,2804.837890625,-30.120922088623047,0
29.98,2804.568115234375,-30.088104248046875,0
29.99,2804.306640625,-30.047094345092773,0
30,2804.05078125,-30.000457763671875,0
30.01,2803.805419921875,-29.94354248046875,0
30.02,2803.58642578125,-29.85978889465332,0
30.03,2803.377197265625,-29.766555786132812,0
30.04,2803.17333984375,-29.668838500976562,0
30.05,2802.98388671875,-29.55713653564453,0
30.06,2802.79931640625,-29.441375732421875,0
30.07,2802.624267578125,-29.31688690185547,0
30.08,2802.45849609375,-29.183876037597656,0
30.09,2802.297607421875,-29.04732894897461,0
30.1,2802.173583984375,-28.87376594543457,0
30.11,2802.0537109375,-28.69757080078125,0
30.12,2801.95654296875,-28.499662399291992,0
30.13,2801.867919921875,-28.294919967651367,0
30.14,2801.782958984375,-28.088314056396484,0
30.15,2801.711181640625,-27.870372772216797,0
30.16,2801.633544921875,-27.66048240661621,0
30.17,2801.559814453125,-27.448970794677734,0
30.18,2801.48974609375,-27.235919952392578,0
30.19,2801.41845703125,-27.026187896728516,0
30.2,2801.341552734375,-26.8245849609375,0
30.21,2801.259033203125,-26.63092803955078,0
30.22,2801.1708984375,-26.445154190063477,0
30.23,2801.08642578125,-26.257524490356445,0
30.24,2800.99609375,-26.077678680419922,0
30.25,2800.88671875,-25.91988182067871,0
30.26,2800.7626953125,-25.778942108154297,0
30.27,2800.63330078125,-25.644916534423828,0
30.28,2800.471435546875,-25.546493530273438,0
30.29,2800.3046875,-25.454158782958984,0
30.3,2800.043212890625,-25.46123504638672,0
30.31,2799.7802734375,-25.469846725463867,0
30.32,2799.48828125,-25.50870132446289,0
30.33,2799.156005859375,-25.5891056060791,0
30.34,2798.809326171875,-25.68384552001953,0
30.35,2798.459716796875,-25.78066062927246,0
30.36,2798.09326171875,-25.893877029418945,0
30.37,2797.682861328125,-26.051742553710938,0
30.38,2797.256591796875,-26.224693298339844,0
30.39,2796.816650390625,-26.40993309020996,0
30.4,2796.37939453125,-26.590435028076172,0
30.41,2795.883056640625,-26.83077621459961,0
30.42,2795.353271484375,-27.103391647338867,0
30.43,2794.758544921875,-27.441001892089844,0
30.44,2794.161376953125,-27.777677536010742,0
30.45,2793.559326171875,-28.115755081176758,0
30.46,2792.936767578125,-28.4718017578125,0
30.47,2792.30517578125,-28.833480834960938,0
30.48,2791.664794921875,-29.200538635253906,0
30.49,2791.02490234375,-29.563278198242188,0
30.5,2790.378662109375,-29.928890228271484,0
30.51,2789.730712890625,-30.292455673217773,0
30.52,2789.07421875,-30.661043167114258,0
30.53,2788.427734375,-31.01541519165039,0
30.54,2787.7822265625,-31.365346908569336,0
30.55,2787.146240234375,-31.70130157470703,0
30.56,2786.520263671875,-32.023494720458984,0
30.57,2785.87646484375,-32.36075210571289,0
30.58,2785.236083984375,-32.69124221801758,0
30.59,2784.5986328125,-33.01504135131836,0
30.6,2783.97802734375,-33.317874908447266,0
30.61,2783.3671875,-33.60728073120117,0
30.62,2782.736328125,-33.91453170776367,0
30.63,2782.10888671875,-34.215240478515625,0
30.64,2781.491455078125,-34.502376556396484,0
30.65,2780.884033203125,-34.77615737915039,0
30.66,2780.286376953125,-35.03680419921875,0
30.67,2779.698486328125,-35.284523010253906,0
30.68,2779.127197265625,-35.512428283691406,0
30.69,2778.565185546875,-35.72798156738281,0
30.7,2778.072509765625,-35.86933517456055,0
30.71,2777.5908203125,-35.99765396118164,0
30.72,2777.126953125,-36.10602951049805,0
30.73,2776.71728515625,-36.156673431396484,0
30.74,2776.31787109375,-36.19609451293945,0
30.75,2775.971923828125,-36.179195404052734,0
30.76,2775.637939453125,-36.15007019042969,0
30.77,2775.311279296875,-36.11376190185547,0
30.78,2775.0009765625,-36.060874938964844,0
30.79,2774.71337890625,-35.98466110229492,0
30.8,2774.434814453125,-35.89982986450195,0
30.81,2774.165283203125,-35.80669021606445,0
30.82,2773.902099609375,-35.707767486572266,0
30.83,2773.65673828125,-35.59125518798828,0
30.84,2773.4404296875,-35.44560623168945,0
30.85,2773.280517578125,-35.242774963378906,0
30.86,2773.125732421875,-35.03654479980469,0
30.87,2772.978515625,-34.82464599609375,0
30.88,2772.836669921875,-34.6096305847168,0
30.89,2772.699462890625,-34.391605377197266,0
30.9,2772.60400390625,-34.1324577331543,0
30.91,2772.52001953125,-33.8641471862793,0
30.92,2772.4404296875,-33.59408950805664,0
30.93,2772.37890625,-33.30805206298828,0
30.94,2772.3076171875,-33.03508377075195,0
30.95,2772.240478515625,-32.76063919067383,0
30.96,2772.140625,-32.52302932739258,0
30.97,2772.06591796875,-32.2618293762207,0
30.98,2771.995361328125,-31.999082565307617,0
30.99,2771.908203125,-31.756366729736328,0
31,2771.820556640625,-31.516605377197266,0
31.01,2771.737060546875,-31.275012969970703,0
31.02,2771.62109375,-31.06989097595215,0
31.03,2771.4794921875,-30.89336395263672,0
31.04,2771.333740234375,-30.723384857177734,0
31.05,2771.142333984375,-30.602794647216797,0
31.06,2770.928466796875,-30.50676727294922,0
31.07,2770.712890625,-30.413267135620117,0
31.08,2770.482177734375,-30.336639404296875,0
31.09,2770.236328125,-30.27655601501465,0
31.1,2769.980224609375,-30.227863311767578,0
31.11,2769.67041015625,-30.235706329345703,0
31.12,2769.35791015625,-30.246435165405273,0
31.13,2769.040283203125,-30.262317657470703,0
31.14,2768.728759765625,-30.271358489990234,0
31.15,2768.42138671875,-30.276086807250977,0
31.16,2768.07470703125,-30.321903228759766,0
31.17,2767.727783203125,-30.367351531982422,0
31.18,2767.38525390625,-30.40771484375,0
31.19,2767.02197265625,-30.469295501708984,0
31.2,2766.665771484375,-30.523048400878906,0
31.21,2766.311767578125,-30.573902130126953,0
31.22,2765.964599609375,-30.61712646484375,0
31.23,2765.614990234375,-30.662425994873047,0
31.24,2765.2607421875,-30.712074279785156,0
31.25,2764.88134765625,-30.787464141845703,0
31.26,2764.509033203125,-30.854673385620117,0
31.27,2764.1435546875,-30.913856506347656,0
31.28,2763.8173828125,-30.931791305541992,0
31.29,2763.49755859375,-30.94270133972168,0
31.3,2763.19580078125,-30.93484878540039,0
31.31,2762.902587890625,-30.91811180114746,0
31.32,2762.61572265625,-30.89507293701172,0
31.33,2762.3349609375,-30.86586570739746,0
31.34,2762.06005859375,-30.830623626708984,0
31.35,2761.788818359375,-30.79186248779297,0
31.36,2761.526123046875,-30.74488639831543,0
31.37,2761.269287109375,-30.69226837158203,0
31.38,2761.01806640625,-30.634136199951172,0
31.39,2760.77490234375,-30.568225860595703,0
31.4,2760.537353515625,-30.497098922729492,0
31.41,2760.3330078125,-30.392276763916016,0
31.42,2760.17724609375,-30.23777198791504,0
31.43,2760.04443359375,-30.0609073638916,0
31.44,2759.916259765625,-29.881229400634766,0
31.45,2759.79248046875,-29.69883155822754,0
31.46,2759.673095703125,-29.51381492614746,0
31.47,2759.557861328125,-29.32626724243164,0
31.48,2759.44921875,-29.133899688720703,0
31.49,2759.346923828125,-28.936847686767578,0
31.5,2759.269287109375,-28.716209411621094,0
31.51,2759.209228515625,-28.47962760925293,0
31.52,2759.196044921875,-28.196491241455078,0
31.53,2759.208740234375,-27.88932228088379,0
31.54,2759.224365234375,-27.582496643066406,0
31.55,2759.242431640625,-27.276073455810547,0
31.56,2759.26318359375,-26.970109939575195,0
31.57,2759.286376953125,-26.664657592773438,0
31.58,2759.30078125,-26.371707916259766,0
31.59,2759.14404296875,-26.260229110717773,0
31.6,2758.970947265625,-26.166893005371094,0
31.61,2758.68115234375,-26.196035385131836,0
31.62,2758.3447265625,-26.27367401123047,0
31.63,2757.8798828125,-26.484455108642578,0
31.64,2757.413330078125,-26.694683074951172,0
31.65,2756.890625,-26.961444854736328,0
31.66,2756.314453125,-27.281078338623047,0
31.67,2755.735595703125,-27.600126266479492,0
31.68,2755.1630859375,-27.90903091430664,0
31.69,2754.599609375,-28.205554962158203,0
31.7,2754.044921875,-28.48989486694336,0
31.71,2753.498779296875,-28.762237548828125,0
31.72,2752.974853515625,-29.00851058959961,0
31.73,2752.477783203125,-29.224416732788086,0
31.74,2752.00244140625,-29.415372848510742,0
31.75,2751.630859375,-29.49614906311035,0
31.76,2751.30712890625,-29.526113510131836,0
31.77,2751.010498046875,-29.527740478515625,0
31.78,2750.754150390625,-29.487295150756836,0
31.79,2750.670166015625,-29.267547607421875,0
31.8,2750.610595703125,-29.024612426757812,0
31.81,2750.56591796875,-28.768573760986328,0
31.82,2750.5751953125,-28.459238052368164,0
31.83,2750.6259765625,-28.109643936157227,0
31.84,2750.731689453125,-27.70643424987793,0
31.85,2750.841552734375,-27.30320167541504,0
31.86,2750.964599609375,-26.89048957824707,0
31.87,2751.089111328125,-26.480514526367188,0
31.88,2751.21484375,-26.073305130004883,0
31.89,2751.342041015625,-25.66889190673828,0
31.9,2751.459228515625,-25.27924156188965,0
31.91,2751.500244140625,-24.973180770874023,0
31.92,2751.4609375,-24.753822326660156,0
31.93,2751.383544921875,-24.57651138305664,0
31.94,2751.2841796875,-24.423770904541016,0
31.95,2751.138427734375,-24.321273803710938,0
31.96,2750.9736328125,-24.23947525024414,0
31.97,2750.81298828125,-24.15414810180664,0
31.98,2750.65673828125,-24.065387725830078,0
31.99,2750.50439453125,-23.973283767700195,0
32,2750.356201171875,-23.877925872802734,0
32.01,2750.2119140625,-23.779401779174805,0
32.02,2750.071533203125,-23.677797317504883,0
32.03,2749.8916015625,-23.61842155456543,0
32.04,2749.716064453125,-23.555192947387695,0
32.05,2749.544677734375,-23.48819923400879,0
32.06,2749.373046875,-23.422256469726562,0
32.07,2749.08935546875,-23.473955154418945,0
32.08,2748.80859375,-23.52192497253418,0
32.09,2748.533203125,-23.563846588134766,0
32.1,2748.2470703125,-23.616483688354492,0
32.11,2747.96630859375,-23.66295623779297,0
32.12,2747.69091796875,-23.703380584716797,0
32.13,2747.420654296875,-23.737873077392578,0
32.14,2747.1171875,-23.80695152282715,0
32.15,2746.81689453125,-23.87181282043457,0
32.16,2746.51513671875,-23.93735694885254,0
32.17,2746.194091796875,-24.022544860839844,0
32.18,2745.851318359375,-24.12932586669922,0
32.19,2745.4873046875,-24.257234573364258,0
32.2,2745.111328125,-24.39626693725586,0
32.21,2744.703125,-24.56757926940918,0
32.22,2744.301513671875,-24.73007583618164,0
32.23,2743.89306640625,-24.898103713989258,0
32.24,2743.486572265625,-25.062088012695312,0
32.25,2743.061767578125,-25.243427276611328,0
32.26,2742.64404296875,-25.41559410095215,0
32.27,2742.2333984375,-25.5787410736084,0
32.28,2741.8203125,-25.742511749267578,0
32.29,2741.407470703125,-25.904464721679688,0
32.3,2741.00830078125,-26.05040740966797,0
32.31,2740.609130859375,-26.19483184814453,0
32.32,2740.216796875,-26.33064079284668,0
32.33,2739.831298828125,-26.45798110961914,0
32.34,2739.454833984375,-26.574623107910156,0
32.35,2739.0849609375,-26.683149337768555,0
32.36,2738.723876953125,-26.781307220458984,0
32.37,2738.417236328125,-26.821861267089844,0
32.38,2738.116455078125,-26.855812072753906,0
32.39,2737.773681640625,-26.933109283447266,0
32.4,2737.444091796875,-26.99591827392578,0
32.41,2737.12060546875,-27.051624298095703,0
32.42,2736.796630859375,-27.107467651367188,0
32.43,2736.471923828125,-27.163494110107422,0
32.44,2736.139404296875,-27.226783752441406,0
32.45,2735.806396484375,-27.290010452270508,0
32.46,2735.479736328125,-27.34606170654297,0
32.47,2735.166015625,-27.387983322143555,0
32.48,2734.8583984375,-27.42314910888672,0
32.49,2734.556884765625,-27.451696395874023,0
32.5,2734.26123046875,-27.473756790161133,0
32.51,2733.971435546875,-27.489456176757812,0
32.52,2733.685302734375,-27.501243591308594,0
32.53,2733.405029296875,-27.506879806518555,0
32.54,2733.13037109375,-27.506486892700195,0
32.55,2732.861328125,-27.50018882751465,0
32.56,2732.597900390625,-27.48811149597168,0
32.57,2732.340087890625,-27.47037124633789,0
32.58,2732.094482421875,-27.43999481201172,0
32.59,2731.9111328125,-27.344985961914062,0
32.6,2731.746337890625,-27.231855392456055,0
32.61,2731.617919921875,-27.081924438476562,0
32.62,2731.495849609375,-26.92693519592285,0
32.63,2731.38232421875,-26.764589309692383,0
32.64,2731.288818359375,-26.58319854736328,0
32.65,2731.198974609375,-26.39983558654785,0
32.66,2731.11279296875,-26.214584350585938,0
32.67,2731.07568359375,-25.98003578186035,0
32.68,2731.041748046875,-25.74474334716797,0
32.69,2731.02197265625,-25.496898651123047,0
32.7,2731.021240234375,-25.23204231262207,0
32.71,2731.059326171875,-24.929229736328125,0
32.72,2731.099853515625,-24.62730598449707,0
32.73,2731.142333984375,-24.326318740844727,0
32.74,2731.18701171875,-24.026315689086914,0
32.75,2731.233642578125,-23.727336883544922,0
32.76,2731.291259765625,-23.419937133789062,0
32.77,2731.341796875,-23.123334884643555,0
32.78,2731.39404296875,-22.827882766723633,0
32.79,2731.423095703125,-22.559741973876953,0
32.8,2731.4541015625,-22.292285919189453,0
32.81,2731.473388671875,-22.039806365966797,0
32.82,2731.508544921875,-21.773544311523438,0
32.83,2731.57958984375,-21.472488403320312,0
32.84,2731.668212890625,-21.15638542175293,0
32.85,2731.78759765625,-20.81136131286621,0
32.86,2731.908203125,-20.468982696533203,0
32.87,2732,-20.160167694091797,0
32.88,2732.122314453125,-19.82249641418457,0
32.89,2732.268310546875,-19.463733673095703,0
32.9,2732.4150390625,-19.10818862915039,0
32.91,2732.56201171875,-18.75587272644043,0
32.92,2732.686767578125,-18.430593490600586,0
32.93,2732.7822265625,-18.138959884643555,0
32.94,2732.878662109375,-17.849443435668945,0
32.95,2732.95556640625,-17.583419799804688,0
32.96,2733.05859375,-17.292984008789062,0
32.97,2733.13720703125,-17.03095054626465,0
32.98,2733.15283203125,-16.837156295776367,0
32.99,2733.169921875,-16.643739700317383,0
33,2733.181884765625,-16.4578914642334,0
33.01,2733.18408203125,-16.284212112426758,0
33.02,2733.2060546875,-16.09159278869629,0
33.03,2733.2294921875,-15.89948844909668,0
33.04,2733.25439453125,-15.707931518554688,0
33.05,2733.28076171875,-15.516952514648438,0
33.06,2733.31494140625,-15.31948471069336,0
33.07,2733.3505859375,-15.12279987335205,0
33.08,2733.387451171875,-14.926924705505371,0
33.09,2733.425537109375,-14.731884956359863,0
33.1,2733.464599609375,-14.53770637512207,0
33.11,2733.461669921875,-14.389488220214844,0
33.12,2733.40087890625,-14.302964210510254,0
33.13,2733.335205078125,-14.222306251525879,0
33.14,2733.200927734375,-14.213786125183105,0
33.15,2733.044677734375,-14.22850227355957,0
33.16,2732.859619140625,-14.273075103759766,0
33.17,2732.564208984375,-14.432157516479492,0
33.18,2732.216552734375,-14.644142150878906,0
33.19,2731.85791015625,-14.865185737609863,0
33.2,2731.456787109375,-15.128207206726074,0
33.21,2731.04541015625,-15.39913272857666,0
33.22,2730.63525390625,-15.66592788696289,0
33.23,2730.187744140625,-15.968819618225098,0
33.24,2729.737548828125,-16.271509170532227,0
33.25,2729.275634765625,-16.583425521850586,0
33.26,2728.77685546875,-16.930315017700195,0
33.27,2728.248779296875,-17.30428123474121,0
33.28,2727.714111328125,-17.68100357055664,0
33.29,2727.175537109375,-18.05802345275879,0
33.3,2726.521484375,-18.551136016845703,0
33.31,2725.83544921875,-19.072603225708008,0
33.32,2725.113037109375,-19.62651252746582,0
33.33,2724.397705078125,-20.167158126831055,0
33.34,2723.651123046875,-20.734840393066406,0
33.35,2722.909912109375,-21.291126251220703,0
33.36,2722.167236328125,-21.843170166015625,0
33.37,2721.361572265625,-22.45475196838379,0
33.38,2720.566650390625,-23.04888916015625,0
33.39,2719.768798828125,-23.63995361328125,0
33.4,2718.981689453125,-24.213747024536133,0
33.41,2718.205078125,-24.770498275756836,0
33.42,2717.4345703125,-25.315155029296875,0
33.43,2716.6767578125,-25.840810775756836,0
33.44,2715.927490234375,-26.352399826049805,0
33.45,2715.186279296875,-26.85015869140625,0
33.46,2714.45751953125,-27.329498291015625,0
33.47,2713.741455078125,-27.790748596191406,0
33.48,2713.0380859375,-28.234127044677734,0
33.49,2712.3447265625,-28.662296295166016,0
33.5,2711.6591796875,-29.077857971191406,0
33.51,2710.983642578125,-29.478599548339844,0
33.52,2710.320556640625,-29.862356185913086,0
33.53,2709.68310546875,-30.21526336669922,0
33.54,2709.055419921875,-30.55439567565918,0
33.55,2708.42138671875,-30.896484375,0
33.56,2707.797119140625,-31.22487449645996,0
33.57,2707.17578125,-31.5468807220459,0
33.58,2706.550537109375,-31.869661331176758,0
33.59,2705.94873046875,-32.16474533081055,0
33.6,2705.36328125,-32.43973922729492,0
33.61,2704.7802734375,-32.709190368652344,0
33.62,2704.204345703125,-32.96843719482422,0
33.63,2703.63330078125,-33.219974517822266,0
33.64,2703.075927734375,-33.4544677734375,0
33.65,2702.5234375,-33.68165588378906,0
33.66,2701.984375,-33.89220428466797,0
33.67,2701.463623046875,-34.0816535949707,0
33.68,2700.942626953125,-34.269351959228516,0
33.69,2700.426025390625,-34.45052719116211,0
33.7,2699.893310546875,-34.64656448364258,0
33.71,2699.36962890625,-34.83111572265625,0
33.72,2698.864013671875,-34.99489212036133,0
33.73,2698.3583984375,-35.157257080078125,0
33.74,2697.861328125,-35.30872344970703,0
33.75,2697.3505859375,-35.47303771972656,0
33.76,2696.8486328125,-35.6263427734375,0
33.77,2696.355712890625,-35.76883316040039,0
33.78,2695.8623046875,-35.91017532348633,0
33.79,2695.402587890625,-36.014892578125,0
33.8,2694.951416015625,-36.109710693359375,0
33.81,2694.4814453125,-36.22314453125,0
33.82,2694.02001953125,-36.32645797729492,0
33.83,2693.560302734375,-36.42692947387695,0
33.84,2693.109130859375,-36.51750564575195,0
33.85,2692.655029296875,-36.610172271728516,0
33.86,2692.209228515625,-36.69306182861328,0
33.87,2691.77197265625,-36.766361236572266,0
33.88,2691.336181640625,-36.83735275268555,0
33.89,2690.890380859375,-36.91786193847656,0
33.9,2690.42138671875,-37.02180862426758,0
33.91,2689.958984375,-37.11798858642578,0
33.92,2689.505126953125,-37.20421600341797,0
33.93,2689.05517578125,-37.28544616699219,0
33.94,2688.61376953125,-37.35699462890625,0
33.95,2688.176025390625,-37.42375564575195,0
33.96,2687.733154296875,-37.4952278137207,0
33.97,2687.29638671875,-37.55955505371094,0
33.98,2686.8681640625,-37.6144905090332,0
33.99,2686.425537109375,-37.68376159667969,0
34,2685.9912109375,-37.74351119995117,0
34.01,2685.549560546875,-37.81044006347656,0
34.02,2685.100341796875,-37.884376525878906,0
34.03,2684.65966796875,-37.94865036010742,0
34.04,2684.218505859375,-38.01287078857422,0
34.05,2683.7744140625,-38.079402923583984,0
34.06,2683.334228515625,-38.141090393066406,0
34.07,2682.88232421875,-38.21453857421875,0
34.08,2682.436767578125,-38.2806510925293,0
34.09,2681.997314453125,-38.33955764770508,0
34.1,2681.55517578125,-38.400760650634766,0
34.11,2681.10107421875,-38.47368240356445,0
34.12,2680.637451171875,-38.55573272705078,0
34.13,2680.180419921875,-38.6301383972168,0
34.14,2679.732177734375,-38.69470977783203,0
34.15,2679.272216796875,-38.7708625793457,0
34.16,2678.800537109375,-38.858341217041016,0
34.17,2678.323974609375,-38.949798583984375,0
34.18,2677.854248046875,-39.03333282470703,0
34.19,2677.393310546875,-39.10675811767578,0
34.2,2676.941162109375,-39.17026901245117,0
34.21,2676.4638671875,-39.2594108581543,0
34.22,2676.02490234375,-39.307640075683594,0
34.23,2675.594482421875,-39.346431732177734,0
34.24,2675.172607421875,-39.37596893310547,0
34.25,2674.759033203125,-39.39644241333008,0
34.26,2674.324462890625,-39.43867111206055,0
34.27,2673.89404296875,-39.47627258300781,0
34.28,2673.435791015625,-39.54235076904297,0
34.29,2672.986328125,-39.59857177734375,0
34.3,2672.5322265625,-39.659202575683594,0
34.31,2672.082275390625,-39.71483612060547,0
34.32,2671.6318359375,-39.770206451416016,0
34.33,2671.190185546875,-39.815895080566406,0
34.34,2670.720947265625,-39.8897705078125,0
34.35,2670.25390625,-39.9605827331543,0
34.36,2669.77783203125,-40.040191650390625,0
34.37,2669.310791015625,-40.109561920166016,0
34.38,2668.852783203125,-40.168888092041016,0
34.39,2668.403564453125,-40.21836853027344,0
34.4,2667.963134765625,-40.25819396972656,0
34.41,2667.531494140625,-40.288551330566406,0
34.42,2667.1083984375,-40.309635162353516,0
34.43,2666.6982421875,-40.316917419433594,0
34.44,2666.30126953125,-40.31068420410156,0
34.45,2665.93505859375,-40.27238082885742,0
34.46,2665.57666015625,-40.226219177246094,0
34.47,2665.26904296875,-40.12761306762695,0
34.48,2664.97314453125,-40.01777267456055,0
34.49,2664.70263671875,-39.88270950317383,0
34.5,2664.52490234375,-39.652400970458984,0
34.51,2664.455078125,-39.31224060058594,0
34.52,2664.399169921875,-38.961238861083984,0
34.53,2664.438232421875,-38.5147705078125,0
34.54,2664.480712890625,-38.069236755371094,0
34.55,2664.531494140625,-37.6200065612793,0
34.56,2664.594482421875,-37.16254425048828,0
34.57,2664.6630859375,-36.70415496826172,0
34.58,2664.759765625,-36.22141647338867,0
34.59,2664.863525390625,-35.736148834228516,0
34.6,2664.9697265625,-35.25321578979492,0
34.61,2665.07861328125,-34.77267074584961,0
34.62,2665.162841796875,-34.3228759765625,0
34.63,2665.249755859375,-33.87498474121094,0
34.64,2665.3369140625,-33.4313850402832,0
34.65,2665.40185546875,-33.01573944091797,0
34.66,2665.469482421875,-32.60158157348633,0
34.67,2665.49462890625,-32.236106872558594,0
34.68,2665.5,-31.89484977722168,0
34.69,2665.47021484375,-31.59383773803711,0
34.7,2665.44384765625,-31.29224967956543,0
34.71,2665.41650390625,-30.9948673248291,0
34.72,2665.383544921875,-30.706377029418945,0
34.73,2665.34033203125,-30.431425094604492,0
34.74,2665.287353515625,-30.169734954833984,0
34.75,2665.2265625,-29.918701171875,0
34.76,2665.169677734375,-29.66642189025879,0
34.77,2665.116455078125,-29.412975311279297,0
34.78,2665.066650390625,-29.15843963623047,0
34.79,2665.0205078125,-28.902894973754883,0
34.8,2664.975341796875,-28.648792266845703,0
34.81,2664.933837890625,-28.393779754638672,0
34.82,2664.89794921875,-28.13555145263672,0
34.83,2664.865478515625,-27.876611709594727,0
34.84,2664.813232421875,-27.640628814697266,0
34.85,2664.764404296875,-27.40357780456543,0
34.86,2664.689697265625,-27.19615936279297,0
34.87,2664.618408203125,-26.987180709838867,0
34.88,2664.541748046875,-26.786130905151367,0
34.89,2664.4345703125,-26.618818283081055,0
34.9,2664.331298828125,-26.449241638183594,0
34.91,2664.2294921875,-26.279808044433594,0
34.92,2664.124755859375,-26.11532211303711,0
34.93,2664.023681640625,-25.948619842529297,0
34.94,2663.910400390625,-25.79623031616211,0
34.95,2663.79638671875,-25.64615249633789,0
34.96,2663.66845703125,-25.512495040893555,0
34.97,2663.489990234375,-25.432662963867188,0
34.98,2663.277587890625,-25.388999938964844,0
34.99,2663.056396484375,-25.35491180419922,0
35,2662.7880859375,-25.370193481445312,0
35.01,2662.52294921875,-25.38209342956543,0
35.02,2662.236083984375,-25.416484832763672,0
35.03,2661.923095703125,-25.477664947509766,0
35.04,2661.58203125,-25.5673885345459,0
35.05,2661.2451171875,-25.652101516723633,0
35.06,2660.889404296875,-25.755420684814453,0
35.07,2660.510498046875,-25.881654739379883,0
35.08,2660.131591796875,-26.00676155090332,0
35.09,2659.75927734375,-26.123708724975586,0
35.1,2659.38427734375,-26.242050170898438,0
35.11,2659.015869140625,-26.35231590270996,0
35.12,2658.654052734375,-26.454652786254883,0
35.13,2658.30322265625,-26.544490814208984,0
35.14,2657.9677734375,-26.617366790771484,0
35.15,2657.640869140625,-26.680706024169922,0
35.16,2657.364990234375,-26.68999671936035,0
35.17,2657.106201171875,-26.681629180908203,0
35.18,2656.852783203125,-26.667707443237305,0
35.19,2656.622802734375,-26.62952995300293,0
35.2,2656.52880859375,-26.449975967407227,0
35.21,2656.456787109375,-26.249677658081055,0
35.22,2656.44921875,-25.984304428100586,0
35.23,2656.47607421875,-25.685880661010742,0
35.24,2656.543701171875,-25.34805679321289,0
35.25,2656.61328125,-25.011760711669922,0
35.26,2656.72314453125,-24.63700294494629,0
35.27,2656.87060546875,-24.227031707763672,0
35.28,2657.03271484375,-23.806196212768555,0
35.29,2657.195556640625,-23.388931274414062,0
35.3,2657.35888671875,-22.97525405883789,0
35.31,2657.52294921875,-22.56517219543457,0
35.32,2657.67431640625,-22.172822952270508,0
35.33,2657.783203125,-21.82854652404785,0
35.34,2657.893310546875,-21.486682891845703,0
35.35,2658,-21.151962280273438,0
35.36,2658.08056640625,-20.84783935546875,0
35.37,2658.155517578125,-20.55260467529297,0
35.38,2658.22509765625,-20.26607322692871,0
35.39,2658.2939453125,-19.983484268188477,0
35.4,2658.29833984375,-19.77069664001465,0
35.41,2658.273193359375,-19.59099578857422,0
35.42,2658.180419921875,-19.483715057373047,0
35.43,2658.079345703125,-19.386205673217773,0
35.44,2657.933837890625,-19.3359375,0
35.45,2657.755615234375,-19.320205688476562,0
35.46,2657.502197265625,-19.38286781311035,0
35.47,2657.2421875,-19.451873779296875,0
35.48,2656.92138671875,-19.5833797454834,0
35.49,2656.57666015625,-19.73853302001953,0
35.5,2656.226318359375,-19.89799690246582,0
35.51,2655.85205078125,-20.080411911010742,0
35.52,2655.391357421875,-20.351030349731445,0
35.53,2654.863037109375,-20.68914794921875,0
35.54,2654.33349609375,-21.02521514892578,0
35.55,2653.743896484375,-21.420263290405273,0
35.56,2653.15576171875,-21.80960464477539,0
35.57,2652.571533203125,-22.19089126586914,0
35.58,2651.972900390625,-22.583030700683594,0
35.59,2651.34912109375,-22.997390747070312,0
35.6,2650.72509765625,-23.407682418823242,0
35.61,2650.0849609375,-23.83028793334961,0
35.62,2649.4541015625,-24.23906707763672,0
35.63,2648.83203125,-24.634218215942383,0
35.64,2648.243896484375,-24.990140914916992,0
35.65,2647.6708984375,-25.32633399963379,0
35.66,2647.070556640625,-25.687639236450195,0
35.67,2646.51513671875,-25.998506546020508,0
35.68,2645.968017578125,-26.297388076782227,0
35.69,2645.429443359375,-26.58446502685547,0
35.7,2644.89892578125,-26.859922409057617,0
35.71,2644.376708984375,-27.123937606811523,0
35.72,2643.86279296875,-27.376689910888672,0
35.73,2643.345703125,-27.630043029785156,0
35.74,2642.825439453125,-27.883975982666016,0
35.75,2642.32470703125,-28.114959716796875,0
35.76,2641.82080078125,-28.346879959106445,0
35.77,2641.336181640625,-28.55620765686035,0
35.78,2640.86181640625,-28.752763748168945,0
35.79,2640.410888671875,-28.922714233398438,0
35.8,2639.9677734375,-29.08295249938965,0
35.81,2639.5322265625,-29.233652114868164,0
35.82,2639.11767578125,-29.360858917236328,0
35.83,2638.71484375,-29.4744930267334,0
35.84,2638.3193359375,-29.579463958740234,0
35.85,2637.95556640625,-29.650127410888672,0
35.86,2637.614501953125,-29.696533203125,0
35.87,2637.316162109375,-29.698089599609375,0
35.88,2637.066650390625,-29.6486873626709,0
35.89,2636.843017578125,-29.572856903076172,0
35.9,2636.631591796875,-29.48521614074707,0
35.91,2636.48828125,-29.327354431152344,0
35.92,2636.467041015625,-29.04435157775879,0
35.93,2636.466796875,-28.742191314697266,0
35.94,2636.48095703125,-28.428363800048828,0
35.95,2636.547607421875,-28.06321144104004,0
35.96,2636.6591796875,-27.654956817626953,0
35.97,2636.817626953125,-27.202190399169922,0
35.98,2636.99072265625,-26.738811492919922,0
35.99,2637.1669921875,-26.276927947998047,0
36,2637.407470703125,-25.7530574798584,0
36.01,2637.650390625,-25.232131958007812,0
36.02,2637.908935546875,-24.700096130371094,0
36.03,2638.183349609375,-24.157228469848633,0
36.04,2638.45751953125,-23.620370864868164,0
36.05,2638.72900390625,-23.091894149780273,0
36.06,2639.002197265625,-22.566972732543945,0
36.07,2639.27294921875,-22.050411224365234,0
36.08,2639.54296875,-21.539772033691406,0
36.09,2639.799072265625,-21.049150466918945,0
36.1,2640.038818359375,-20.580564498901367,0
36.11,2640.273681640625,-20.121925354003906,0
36.12,2640.474365234375,-19.70368194580078,0
36.13,2640.63427734375,-19.332124710083008,0
36.14,2640.740234375,-19.02047348022461,0
36.15,2640.779541015625,-18.781612396240234,0
36.16,2640.8203125,-18.54364776611328,0
36.17,2640.862548828125,-18.30660629272461,0
36.18,2640.90625,-18.070524215698242,0
36.19,2640.9560546875,-17.830730438232422,0
36.2,2641.007080078125,-17.592060089111328,0
36.21,2641.059326171875,-17.35453224182129,0
36.22,2641.11279296875,-17.11817741394043,0
36.23,2641.16748046875,-16.883024215698242,0
36.24,2641.223388671875,-16.649091720581055,0
36.25,2641.244384765625,-16.453990936279297,0
36.26,2641.266845703125,-16.259382247924805,0
36.27,2641.265869140625,-16.091140747070312,0
36.28,2641.239501953125,-15.95108413696289,0
36.29,2641.17236328125,-15.855093955993652,0
36.3,2641.105224609375,-15.760009765625,0
36.31,2641.017578125,-15.686965942382812,0
36.32,2640.939208984375,-15.60503101348877,0
36.33,2640.863525390625,-15.52143669128418,0
36.34,2640.783447265625,-15.443263053894043,0
36.35,2640.687744140625,-15.3821439743042,0
36.36,2640.590087890625,-15.323691368103027,0
36.37,2640.458740234375,-15.30073070526123,0
36.38,2640.3125,-15.293719291687012,0
36.39,2640.156005859375,-15.297630310058594,0
36.4,2639.9912109375,-15.309908866882324,0
36.41,2639.81396484375,-15.335026741027832,0
36.42,2639.64013671875,-15.356337547302246,0
36.43,2639.462890625,-15.38100528717041,0
36.44,2639.2890625,-15.40186595916748,0
36.45,2639.09375,-15.444775581359863,0
36.46,2638.877197265625,-15.509267807006836,0
36.47,2638.66015625,-15.573812484741211,0
36.48,2638.435546875,-15.64536190032959,0
36.49,2638.190185546875,-15.737860679626465,0
36.5,2637.948974609375,-15.825075149536133,0
36.51,2637.7119140625,-15.907100677490234,0
36.52,2637.467529296875,-15.99575424194336,0
36.53,2637.218505859375,-16.08855438232422,0
36.54,2636.966796875,-16.183019638061523,0
36.55,2636.678955078125,-16.314228057861328,0
36.56,2636.395751953125,-16.439237594604492,0
36.57,2636.108154296875,-16.56749153137207,0
36.58,2635.77099609375,-16.745756149291992,0
36.59,2635.421142578125,-16.93551254272461,0
36.6,2635.072021484375,-17.122425079345703,0
36.61,2634.69921875,-17.33224868774414,0
36.62,2634.33203125,-17.534029006958008,0
36.63,2633.970458984375,-17.72789192199707,0
36.64,2633.58984375,-17.939680099487305,0
36.65,2633.205810546875,-18.152660369873047,0
36.66,2632.83642578125,-18.34795379638672,0
36.67,2632.44580078125,-18.563386917114258,0
36.68,2632.08837890625,-18.74229621887207,0
36.69,2631.760986328125,-18.88777732849121,0
36.7,2631.44140625,-19.023818969726562,0
36.71,2631.102294921875,-19.17875862121582,0
36.72,2630.7685546875,-19.32638931274414,0
36.73,2630.465087890625,-19.44105339050293,0
36.74,2630.166748046875,-19.54918670654297,0
36.75,2629.886962890625,-19.636844635009766,0
36.76,2629.6123046875,-19.718486785888672,0
36.77,2629.30859375,-19.8293514251709,0
36.78,2629.005615234375,-19.938379287719727,0
36.79,2628.707763671875,-20.040882110595703,0
36.8,2628.3701171875,-20.183778762817383,0
36.81,2628.037841796875,-20.31940269470215,0
36.82,2627.711181640625,-20.4478759765625,0
36.83,2627.356201171875,-20.60444450378418,0
36.84,2626.998046875,-20.762718200683594,0
36.85,2626.645751953125,-20.913280487060547,0
36.86,2626.296875,-21.058570861816406,0
36.87,2625.9267578125,-21.224454879760742,0
36.88,2625.560546875,-21.384695053100586,0
36.89,2625.2001953125,-21.537044525146484,0
36.9,2624.845947265625,-21.6816349029541,0
36.91,2624.499755859375,-21.816274642944336,0
36.92,2624.1591796875,-21.943458557128906,0
36.93,2623.824462890625,-22.063312530517578,0
36.94,2623.49560546875,-22.17596435546875,0
36.95,2623.17236328125,-22.28154182434082,0
36.96,2622.86376953125,-22.370813369750977,0
36.97,2622.576416015625,-22.43707847595215,0
36.98,2622.29443359375,-22.49716567993164,0
36.99,2622.017578125,-22.551197052001953,0
37,2621.7548828125,-22.589874267578125,0
37.01,2621.56689453125,-22.550395965576172,0
37.02,2621.401123046875,-22.488142013549805,0
37.03,2621.239501953125,-22.42234992980957,0
37.04,2621.06396484375,-22.371858596801758,0
37.05,2620.892333984375,-22.31761360168457,0
37.06,2620.724853515625,-22.259700775146484,0
37.07,2620.451171875,-22.3128719329834,0
37.08,2620.17578125,-22.367189407348633,0
37.09,2619.885498046875,-22.436601638793945,0
37.1,2619.490234375,-22.61432647705078,0
37.11,2619.063232421875,-22.82330322265625,0
37.12,2618.6181640625,-23.048797607421875,0
37.13,2618.088134765625,-23.360441207885742,0
37.14,2617.559326171875,-23.667675018310547,0
37.15,2617.007080078125,-23.996200561523438,0
37.16,2616.41357421875,-24.36418914794922,0
37.17,2615.826416015625,-24.72169303894043,0
37.18,2615.214111328125,-25.101537704467773,0
37.19,2614.60400390625,-25.475194931030273,0
37.2,2613.906494140625,-25.936016082763672,0
37.21,2613.196533203125,-26.405126571655273,0
37.22,2612.496337890625,-26.858909606933594,0
37.23,2611.80615234375,-27.297584533691406,0
37.24,2611.1259765625,-27.72136688232422,0
37.25,2610.451171875,-28.13517189025879,0
37.26,2609.783935546875,-28.5367431640625,0
37.27,2609.12646484375,-28.923919677734375,0
37.28,2608.49658203125,-29.27822494506836,0
37.29,2607.880859375,-29.61430549621582,0
37.3,2607.2744140625,-29.937110900878906,0
37.31,2606.677490234375,-30.24684715270996,0
37.32,2606.089599609375,-30.543716430664062,0
37.33,2605.510986328125,-30.827919006347656,0
37.34,2604.954833984375,-31.085664749145508,0
37.35,2604.407958984375,-31.33143424987793,0
37.36,2603.885498046875,-31.549057006835938,0
37.37,2603.371826171875,-31.755430221557617,0
37.38,2602.843994140625,-31.97408103942871,0
37.39,2602.324951171875,-32.18136978149414,0
37.4,2601.799072265625,-32.39385986328125,0
37.41,2601.24365234375,-32.63467788696289,0
37.42,2600.681640625,-32.87984848022461,0
37.43,2600.115478515625,-33.12690734863281,0
37.44,2599.54736328125,-33.373443603515625,0
37.45,2598.950439453125,-33.6473388671875,0
37.46,2598.32275390625,-33.95035171508789,0
37.47,2597.696044921875,-34.249183654785156,0
37.48,2597.074951171875,-34.539161682128906,0
37.49,2596.427734375,-34.85303497314453,0
37.5,2595.752685546875,-35.19261169433594,0
37.51,2595.034912109375,-35.57354736328125,0
37.52,2594.327880859375,-35.93901443481445,0
37.53,2593.629638671875,-36.291568756103516,0
37.54,2592.93994140625,-36.63139343261719,0
37.55,2592.254638671875,-36.96333694458008,0
37.56,2591.5400390625,-37.32242202758789,0
37.57,2590.83642578125,-37.66611099243164,0
37.58,2590.14404296875,-37.99464416503906,0
37.59,2589.462646484375,-38.308265686035156,0
37.6,2588.810302734375,-38.58858108520508,0
37.61,2588.16845703125,-38.85485076904297,0
37.62,2587.54638671875,-39.0980224609375,0
37.63,2586.93701171875,-39.32548904418945,0
37.64,2586.36669921875,-39.50953674316406,0
37.65,2585.806640625,-39.68132400512695,0
37.66,2585.27880859375,-39.81779098510742,0
37.67,2584.76708984375,-39.935951232910156,0
37.68,2584.282470703125,-40.02448272705078,0
37.69,2583.82080078125,-40.088619232177734,0
37.7,2583.3701171875,-40.140525817871094,0
37.71,2583.015625,-40.09186935424805,0
37.72,2582.751708984375,-39.949371337890625,0
37.73,2582.496826171875,-39.79893112182617,0
37.74,2582.349609375,-39.53812026977539,0
37.75,2582.225830078125,-39.25552749633789,0
37.76,2582.136474609375,-38.940040588378906,0
37.77,2582.058837890625,-38.615684509277344,0
37.78,2581.988037109375,-38.287410736083984,0
37.79,2581.975830078125,-37.90169143676758,0
37.8,2582.0439453125,-37.43645095825195,0
37.81,2582.124267578125,-36.96342849731445,0
37.82,2582.2119140625,-36.48752975463867,0
37.83,2582.302490234375,-36.01361083984375,0
37.84,2582.41162109375,-35.52543640136719,0
37.85,2582.568115234375,-34.99298858642578,0
37.86,2582.746826171875,-34.44300079345703,0
37.87,2582.92724609375,-33.8969612121582,0
37.88,2583.109375,-33.35491180419922,0
37.89,2583.29296875,-32.8168830871582,0
37.9,2583.415283203125,-32.3482551574707,0
37.91,2583.530517578125,-31.891691207885742,0
37.92,2583.64794921875,-31.437698364257812,0
37.93,2583.76513671875,-30.988698959350586,0
37.94,2583.88427734375,-30.542312622070312,0
37.95,2584.00537109375,-30.098575592041016,0
37.96,2584.128173828125,-29.657529830932617,0
37.97,2584.255126953125,-29.21683120727539,0
37.98,2584.419677734375,-28.741579055786133,0
37.99,2584.596923828125,-28.258296966552734,0
38,2584.775146484375,-27.778921127319336,0
38.01,2584.954345703125,-27.303464889526367,0
38.02,2585.134521484375,-26.83195686340332,0
38.03,2585.304443359375,-26.376073837280273,0
38.04,2585.470703125,-25.92863655090332,0
38.05,2585.637939453125,-25.4848575592041,0
38.06,2585.797119140625,-25.05409812927246,0
38.07,2585.955078125,-24.629173278808594,0
38.08,2586.084716796875,-24.238069534301758,0
38.09,2586.21533203125,-23.849828720092773,0
38.1,2586.329345703125,-23.4831600189209,0
38.11,2586.41748046875,-23.14703941345215,0
38.12,2586.49365234375,-22.826868057250977,0
38.13,2586.47509765625,-22.608728408813477,0
38.14,2586.456787109375,-22.392566680908203,0
38.15,2586.378173828125,-22.241397857666016,0
38.16,2586.302734375,-22.08857536315918,0
38.17,2586.22802734375,-21.936492919921875,0
38.18,2586.140625,-21.799152374267578,0
38.19,2586.056396484375,-21.659971237182617,0
38.2,2585.957275390625,-21.53769302368164,0
38.21,2585.845703125,-21.429624557495117,0
38.22,2585.7353515625,-21.321514129638672,0
38.23,2585.6171875,-21.222726821899414,0
38.24,2585.48681640625,-21.13773536682129,0
38.25,2585.357421875,-21.052282333374023,0
38.26,2585.231689453125,-20.964078903198242,0
38.27,2585.084716796875,-20.898845672607422,0
38.28,2584.934814453125,-20.837448120117188,0
38.29,2584.788330078125,-20.77284812927246,0
38.3,2584.64111328125,-20.709823608398438,0
38.31,2584.502197265625,-20.63896369934082,0
38.32,2584.366943359375,-20.565143585205078,0
38.33,2584.2216796875,-20.50248146057129,0
38.34,2584.064208984375,-20.45301628112793,0
38.35,2583.894775390625,-20.4164981842041,0
38.36,2583.724853515625,-20.381000518798828,0
38.37,2583.556396484375,-20.34419059753418,0
38.38,2583.3896484375,-20.30609893798828,0
38.39,2583.22216796875,-20.269142150878906,0
38.4,2583.053955078125,-20.233247756958008,0
38.41,2582.87841796875,-20.205419540405273,0
38.42,2582.7021484375,-20.17848014831543,0
38.43,2582.41552734375,-20.26653480529785,0
38.44,2582.12060546875,-20.362424850463867,0
38.45,2581.82861328125,-20.45429229736328,0
38.46,2581.541748046875,-20.53988265991211,0
38.47,2581.255615234375,-20.623950958251953,0
38.48,2580.963134765625,-20.713531494140625,0
38.49,2580.6513671875,-20.822418212890625,0
38.5,2580.3291015625,-20.940902709960938,0
38.51,2579.985595703125,-21.080366134643555,0
38.52,2579.64794921875,-21.21244239807129,0
38.53,2579.29345703125,-21.360519409179688,0
38.54,2578.94482421875,-21.50096893310547,0
38.55,2578.60205078125,-21.6339168548584,0
38.56,2578.26513671875,-21.75949478149414,0
38.57,2577.925048828125,-21.88711166381836,0
38.58,2577.590576171875,-22.007415771484375,0
38.59,2577.261962890625,-22.120527267456055,0
38.6,2576.934326171875,-22.231212615966797,0
38.61,2576.61669921875,-22.330211639404297,0
38.62,2576.302490234375,-22.424707412719727,0
38.63,2575.991455078125,-22.514766693115234,0
38.64,2575.668212890625,-22.616777420043945,0
38.65,2575.326171875,-22.737422943115234,0
38.66,2574.98779296875,-22.853036880493164,0
38.67,2574.6484375,-22.968387603759766,0
38.68,2574.296875,-23.095014572143555,0
38.69,2573.931396484375,-23.235031127929688,0
38.7,2573.522705078125,-23.41829490661621,0
38.71,2573.105224609375,-23.609067916870117,0
38.72,2572.685546875,-23.80013656616211,0
38.73,2572.232421875,-24.02400779724121,0
38.74,2571.763916015625,-24.261381149291992,0
38.75,2571.300537109375,-24.49099349975586,0
38.76,2570.828857421875,-24.72687530517578,0
38.77,2570.25732421875,-25.064105987548828,0
38.78,2569.665283203125,-25.419191360473633,0
38.79,2569.08203125,-25.761518478393555,0
38.8,2568.4873046875,-26.112159729003906,0
38.81,2567.9013671875,-26.449981689453125,0
38.82,2567.308837890625,-26.791431427001953,0
38.83,2566.722900390625,-27.12242889404297,0
38.84,2566.14794921875,-27.43848419189453,0
38.85,2565.58154296875,-27.74215316772461,0
38.86,2565.02392578125,-28.033626556396484,0
38.87,2564.47509765625,-28.313091278076172,0
38.88,2563.9345703125,-28.580734252929688,0
38.89,2563.431640625,-28.80656623840332,0
38.9,2562.936767578125,-29.021575927734375,0
38.91,2562.4677734375,-29.207378387451172,0
38.92,2562.03369140625,-29.355243682861328,0
38.93,2561.671875,-29.426433563232422,0
38.94,2561.3369140625,-29.46891212463379,0
38.95,2561.142333984375,-29.364809036254883,0
38.96,2560.970703125,-29.237932205200195,0
38.97,2560.80810546875,-29.102766036987305,0
38.98,2560.77099609375,-28.838560104370117,0
38.99,2560.820068359375,-28.48758888244629,0
39,2560.90966796875,-28.098127365112305,0
39.01,2561.01220703125,-27.699066162109375,0
39.02,2561.138916015625,-27.27902603149414,0
39.03,2561.267333984375,-26.861797332763672,0
39.04,2561.397216796875,-26.44740867614746,0
39.05,2561.5283203125,-26.0358943939209,0
39.06,2561.660888671875,-25.627277374267578,0
39.07,2561.756591796875,-25.261144638061523,0
39.08,2561.8271484375,-24.925045013427734,0
39.09,2561.8994140625,-24.590532302856445,0
39.1,2561.910888671875,-24.32278060913086,0
39.11,2561.9248046875,-24.055334091186523,0
39.12,2561.941162109375,-23.788244247436523,0
39.13,2561.959716796875,-23.521562576293945,0
39.14,2561.98046875,-23.25533676147461,0
39.15,2562.003173828125,-22.989608764648438,0
39.16,2562.01025390625,-22.7430419921875,0
39.17,2562.01953125,-22.496679306030273,0
39.18,2561.975341796875,-22.308698654174805,0
39.19,2561.911376953125,-22.143068313598633,0
39.2,2561.83251953125,-21.99472427368164,0
39.21,2561.716552734375,-21.886545181274414,0
39.22,2561.534912109375,-21.848003387451172,0
39.23,2561.3193359375,-21.845022201538086,0
39.24,2561.085693359375,-21.860681533813477,0
39.25,2560.816650390625,-21.913162231445312,0
39.26,2560.55029296875,-21.962181091308594,0
39.27,2560.2578125,-22.03797149658203,0
39.28,2559.934814453125,-22.144662857055664,0
39.29,2559.617431640625,-22.244415283203125,0
39.3,2559.303466796875,-22.339664459228516,0
39.31,2558.97265625,-22.451374053955078,0
39.32,2558.645263671875,-22.55828857421875,0
39.33,2558.32373046875,-22.658170700073242,0
39.34,2558.0078125,-22.751144409179688,0
39.35,2557.6572265625,-22.87909698486328,0
39.36,2557.29931640625,-23.0134334564209,0
39.37,2556.960693359375,-23.12615394592285,0
39.38,2556.601318359375,-23.259443283081055,0
39.39,2556.248046875,-23.3850040435791,0
39.4,2555.900634765625,-23.502971649169922,0
39.41,2555.559326171875,-23.613473892211914,0
39.42,2555.22412109375,-23.716644287109375,0
39.43,2554.894775390625,-23.8126163482666,0
39.44,2554.56005859375,-23.913108825683594,0
39.45,2554.242431640625,-23.994815826416016,0
39.46,2553.919189453125,-24.081296920776367,0
39.47,2553.60205078125,-24.160839080810547,0
39.48,2553.29052734375,-24.23356819152832,0
39.49,2552.95556640625,-24.32976722717285,0
39.5,2552.644287109375,-24.4002742767334,0
39.51,2552.3212890625,-24.482601165771484,0
39.52,2551.96826171875,-24.595109939575195,0
39.53,2551.62158203125,-24.700037002563477,0
39.54,2551.28076171875,-24.797513961791992,0
39.55,2550.95947265625,-24.873754501342773,0
39.56,2550.64404296875,-24.943098068237305,0
39.57,2550.31884765625,-25.021915435791016,0
39.58,2550.00390625,-25.089111328125,0
39.59,2549.6904296875,-25.15418815612793,0
39.6,2549.38720703125,-25.20789909362793,0
39.61,2549.089599609375,-25.255102157592773,0
39.62,2548.7978515625,-25.295927047729492,0
39.63,2548.51171875,-25.330493927001953,0
39.64,2548.23095703125,-25.358922958374023,0
39.65,2547.955810546875,-25.38133430480957,0
39.66,2547.68603515625,-25.39784812927246,0
39.67,2547.421875,-25.408586502075195,0
39.68,2547.162841796875,-25.41366195678711,0
39.69,2546.90234375,-25.420148849487305,0
39.7,2546.647216796875,-25.421058654785156,0
39.71,2546.384033203125,-25.43042755126953,0
39.72,2546.119384765625,-25.441112518310547,0
39.73,2545.860107421875,-25.446130752563477,0
39.74,2545.601806640625,-25.45023536682129,0
39.75,2545.348876953125,-25.448808670043945,0
39.76,2545.10107421875,-25.441965103149414,0
39.77,2544.8583984375,-25.42981719970703,0
39.78,2544.614013671875,-25.419429779052734,0
39.79,2544.350341796875,-25.429336547851562,0
39.8,2544.05615234375,-25.470706939697266,0
39.81,2543.76123046875,-25.512672424316406,0
39.82,2543.45166015625,-25.569190979003906,0
39.83,2543.130126953125,-25.63762855529785,0
39.84,2542.767822265625,-25.747821807861328,0
39.85,2542.40966796875,-25.85254669189453,0
39.86,2542.042236328125,-25.965816497802734,0
39.87,2541.583251953125,-26.1730899810791,0
39.88,2541.1162109375,-26.38667106628418,0
39.89,2540.647705078125,-26.599483489990234,0
39.9,2540.06201171875,-26.931819915771484,0
39.91,2539.467529296875,-27.270051956176758,0
39.92,2538.879638671875,-27.597801208496094,0
39.93,2538.274169921875,-27.94066619873047,0
39.94,2537.655517578125,-28.29363250732422,0
39.95,2537.01708984375,-28.663318634033203,0
39.96,2536.385986328125,-29.02157211303711,0
39.97,2535.764404296875,-29.366233825683594,0
39.98,2535.147705078125,-29.7021484375,0
39.99,2534.527099609375,-30.038652420043945,0
40,2533.916015625,-30.361801147460938,0
40.01,2533.32763671875,-30.65792465209961,0
40.02,2532.7529296875,-30.936750411987305,0
40.03,2532.187255859375,-31.20321273803711,0
40.04,2531.637451171875,-31.450544357299805,0
40.05,2531.0986328125,-31.683794021606445,0
40.06,2530.599853515625,-31.873043060302734,0
40.07,2530.11376953125,-32.04692840576172,0
40.08,2529.66943359375,-32.175689697265625,0
40.09,2529.310791015625,-32.21391296386719,0
40.1,2528.95947265625,-32.24445343017578,0
40.11,2528.62158203125,-32.260555267333984,0
40.12,2528.355224609375,-32.2022705078125,0
40.13,2528.119140625,-32.11284255981445,0
40.14,2527.9111328125,-31.995243072509766,0
40.15,2527.71728515625,-31.86393928527832,0
40.16,2527.549072265625,-31.7076416015625,0
40.17,2527.46142578125,-31.469032287597656,0
40.18,2527.39794921875,-31.207786560058594,0
40.19,2527.36962890625,-30.91277313232422,0
40.2,2527.35595703125,-30.605621337890625,0
40.21,2527.36083984375,-30.28206443786621,0
40.22,2527.40478515625,-29.921579360961914,0
40.23,2527.45556640625,-29.55746841430664,0
40.24,2527.51123046875,-29.192203521728516,0
40.25,2527.5693359375,-28.828210830688477,0
40.26,2527.6298828125,-28.46554183959961,0
40.27,2527.7216796875,-28.0741024017334,0
40.28,2527.8466796875,-27.65224838256836,0
40.29,2527.97314453125,-27.2331600189209,0
40.3,2528.101318359375,-26.816875457763672,0
40.31,2528.23095703125,-26.403425216674805,0
40.32,2528.339599609375,-26.016029357910156,0
40.33,2528.41162109375,-25.670461654663086,0
40.34,2528.468017578125,-25.345073699951172,0
40.35,2528.470703125,-25.07887840270996,0
40.36,2528.455810546875,-24.83367156982422,0
40.37,2528.39892578125,-24.634525299072266,0
40.38,2528.333984375,-24.44580078125,0
40.39,2528.250244140625,-24.278858184814453,0
40.4,2528.169677734375,-24.11016082763672,0
40.41,2528.09228515625,-23.93977165222168,0
40.42,2528.018310546875,-23.767763137817383,0
40.43,2527.947509765625,-23.594207763671875,0
40.44,2527.8798828125,-23.419179916381836,0
40.45,2527.83984375,-23.2172908782959,0
40.46,2527.802490234375,-23.01458740234375,0
40.47,2527.80126953125,-22.776344299316406,0
40.48,2527.802490234375,-22.538127899169922,0
40.49,2527.772705078125,-22.334774017333984,0
40.5,2527.689697265625,-22.18868637084961,0
40.51,2527.60986328125,-22.04085350036621,0
40.52,2527.501953125,-21.923748016357422,0
40.53,2527.384033203125,-21.81827163696289,0
40.54,2527.242919921875,-21.738067626953125,0
40.55,2527.087890625,-21.673351287841797,0
40.56,2526.86083984375,-21.684005737304688,0
40.57,2526.573974609375,-21.756872177124023,0
40.58,2526.287841796875,-21.828224182128906,0
40.59,2525.97802734375,-21.923524856567383,0
40.6,2525.669189453125,-22.016813278198242,0
40.61,2525.252197265625,-22.22132682800293,0
40.62,2524.842041015625,-22.416872024536133,0
40.63,2524.389404296875,-22.65444564819336,0
40.64,2523.9326171875,-22.89380645751953,0
40.65,2523.48291015625,-23.123336791992188,0
40.66,2523.05126953125,-23.331666946411133,0
40.67,2522.615478515625,-23.542236328125,0
40.68,2522.1689453125,-23.761934280395508,0
40.69,2521.724853515625,-23.976661682128906,0
40.7,2521.287841796875,-24.18183708190918,0
40.71,2520.8466796875,-24.3891544342041,0
40.72,2520.41259765625,-24.58698081970215,0
40.73,2519.98095703125,-24.780113220214844,0
40.74,2519.552001953125,-24.968542098999023,0
40.75,2519.12109375,-25.157028198242188,0
40.76,2518.683837890625,-25.350107192993164,0
40.77,2518.253662109375,-25.533784866333008,0
40.78,2517.8193359375,-25.719749450683594,0
40.79,2517.387939453125,-25.901016235351562,0
40.8,2516.93896484375,-26.09839630126953,0
40.81,2516.497314453125,-26.28612518310547,0
40.82,2516.06298828125,-26.464359283447266,0
40.83,2515.635986328125,-26.63326072692871,0
40.84,2515.216064453125,-26.792985916137695,0
40.85,2514.825439453125,-26.92057228088379,0
40.86,2514.483642578125,-26.99593734741211,0
40.87,2514.148193359375,-27.06397247314453,0
40.88,2513.823486328125,-27.12017822265625,0
40.89,2513.52490234375,-27.14860725402832,0
40.9,2513.234375,-27.168325424194336,0
40.91,2512.94970703125,-27.181821823120117,0
40.92,2512.68408203125,-27.175363540649414,0
40.93,2512.512939453125,-27.070823669433594,0
40.94,2512.39501953125,-26.91180992126465,0
40.95,2512.28125,-26.75031089782715,0
40.96,2512.17578125,-26.581768035888672,0
40.97,2512.07421875,-26.411006927490234,0
40.98,2511.976318359375,-26.238109588623047,0
40.99,2511.882080078125,-26.063154220581055,0
41,2511.79150390625,-25.886219024658203,0
41.01,2511.704833984375,-25.707387924194336,0
41.02,2511.643798828125,-25.50360870361328,0
41.03,2511.63037109375,-25.2523136138916,0
41.04,2511.619873046875,-25.000789642333984,0
41.05,2511.612060546875,-24.749094009399414,0
41.06,2511.606689453125,-24.497283935546875,0
41.07,2511.586181640625,-24.263965606689453,0
41.08,2511.586181640625,-24.011709213256836,0
41.09,2511.588623046875,-23.759506225585938,0
41.1,2511.60693359375,-23.49355697631836,0
41.11,2511.62744140625,-23.228059768676758,0
41.12,2511.710205078125,-22.900636672973633,0
41.13,2511.79443359375,-22.575054168701172,0
41.14,2511.888916015625,-22.2420711517334,0
41.15,2511.98486328125,-21.911184310913086,0
41.16,2512.08203125,-21.58242416381836,0
41.17,2512.17138671875,-21.265087127685547,0
41.18,2512.261962890625,-20.949729919433594,0
41.19,2512.353759765625,-20.636381149291992,0
41.2,2512.444580078125,-20.32737922668457,0
41.21,2512.536376953125,-20.0203857421875,0
41.22,2512.62060546875,-19.724645614624023,0
41.23,2512.672607421875,-19.465486526489258,0
41.24,2512.72607421875,-19.207500457763672,0
41.25,2512.781005859375,-18.95071029663086,0
41.26,2512.768310546875,-18.7668514251709,0
41.27,2512.7509765625,-18.589649200439453,0
41.28,2512.729248046875,-18.419076919555664,0
41.29,2512.669677734375,-18.289697647094727,0
41.3,2512.5302734375,-18.244556427001953,0
41.31,2512.394287109375,-18.196443557739258,0
41.32,2512.261474609375,-18.145431518554688,0
41.33,2512.107421875,-18.116971969604492,0
41.34,2511.923583984375,-18.119882583618164,0
41.35,2511.73681640625,-18.125749588012695,0
41.36,2511.49169921875,-18.192296981811523,0
41.37,2511.226318359375,-18.27897834777832,0
41.38,2510.956787109375,-18.369169235229492,0
41.39,2510.60107421875,-18.548166275024414,0
41.4,2510.230712890625,-18.74031639099121,0
41.41,2509.84375,-18.947566986083984,0
41.42,2509.462890625,-19.146495819091797,0
41.43,2509.0859375,-19.339494705200195,0
41.44,2508.71484375,-19.524385452270508,0
41.45,2508.34716796875,-19.7036075592041,0
41.46,2507.974365234375,-19.886459350585938,0
41.47,2507.51416015625,-20.158140182495117,0
41.48,2507.0517578125,-20.429128646850586,0
41.49,2506.605224609375,-20.680952072143555,0
41.5,2506.16552734375,-20.923168182373047,0
41.51,2505.732421875,-21.155921936035156,0
41.52,2505.305908203125,-21.379356384277344,0
41.53,2504.885986328125,-21.593616485595703,0
41.54,2504.481689453125,-21.789636611938477,0
41.55,2504.085693359375,-21.974637985229492,0
41.56,2503.751708984375,-22.09351921081543,0
41.57,2503.48095703125,-22.145252227783203,0
41.58,2503.27294921875,-22.131200790405273,0
41.59,2503.069580078125,-22.11270523071289,0
41.6,2502.870361328125,-22.08985710144043,0
41.61,2502.695556640625,-22.04200553894043,0
41.62,2502.555908203125,-21.958086013793945,0
41.63,2502.388916015625,-21.90353775024414,0
41.64,2502.210205078125,-21.861595153808594,0
41.65,2502.03125,-21.820419311523438,0
41.66,2501.851806640625,-21.780054092407227,0
41.67,2501.676513671875,-21.73586082458496,0
41.68,2501.51416015625,-21.678712844848633,0
41.69,2501.364501953125,-21.60882568359375,0
41.7,2501.21875,-21.53575325012207,0
41.71,2501.06787109375,-21.468854904174805,0
41.72,2500.9296875,-21.389467239379883,0
41.73,2500.80615234375,-21.295612335205078,0
41.74,2500.785888671875,-21.095294952392578,0
41.75,2500.82568359375,-20.834552764892578,0
41.76,2500.87841796875,-20.563186645507812,0
41.77,2500.932861328125,-20.293006896972656,0
41.78,2501.031005859375,-19.980182647705078,0
41.79,2501.130126953125,-19.669527053833008,0
41.8,2501.22998046875,-19.361055374145508,0
41.81,2501.277587890625,-19.11018943786621,0
41.82,2501.324462890625,-18.862709045410156,0
41.83,2501.326171875,-18.664785385131836,0
41.84,2501.267578125,-18.53154945373535,0
41.85,2501.189453125,-18.420154571533203,0
41.86,2501.052001953125,-18.371732711791992,0
41.87,2500.857666015625,-18.38266372680664,0
41.88,2500.6162109375,-18.442459106445312,0
41.89,2500.37939453125,-18.497079849243164,0
41.9,2500.135498046875,-18.558149337768555,0
41.91,2499.88525390625,-18.62552261352539,0
41.92,2499.577392578125,-18.752023696899414,0
41.93,2499.25244140625,-18.894969940185547,0
41.94,2498.917236328125,-19.04704475402832,0
41.95,2498.580810546875,-19.198867797851562,0
41.96,2498.249755859375,-19.343461990356445,0
41.97,2497.910888671875,-19.49472999572754,0
41.98,2497.519775390625,-19.698631286621094,0
41.99,2497.099365234375,-19.93097496032715,0
42,2496.6455078125,-20.19571304321289,0
42.01,2496.19384765625,-20.4553165435791,0
42.02,2495.7158203125,-20.73967933654785,0
42.03,2495.205078125,-21.055192947387695,0
42.04,2494.67724609375,-21.38503646850586,0
42.05,2494.1416015625,-21.719619750976562,0
42.06,2493.59375,-22.06336212158203,0
42.07,2493.04931640625,-22.399944305419922,0
42.08,2492.470703125,-22.768495559692383,0
42.09,2491.88037109375,-23.14527130126953,0
42.1,2491.285400390625,-23.523136138916016,0
42.11,2490.658935546875,-23.92961883544922,0
42.12,2490.037109375,-24.327190399169922,0
42.13,2489.39111328125,-24.745853424072266,0
42.14,2488.71875,-25.18739891052246,0
42.15,2488.055908203125,-25.614465713500977,0
42.16,2487.393798828125,-26.03642463684082,0
42.17,2486.739013671875,-26.446443557739258,0
42.18,2486.091552734375,-26.844690322875977,0
42.19,2485.453369140625,-27.22899627685547,0
42.2,2484.818115234375,-27.60646629333496,0
42.21,2484.19189453125,-27.97026252746582,0
42.22,2483.5751953125,-28.32058334350586,0
42.23,2482.974365234375,-28.650745391845703,0
42.24,2482.406982421875,-28.942655563354492,0
42.25,2481.877197265625,-29.19253158569336,0
42.26,2481.384521484375,-29.40111541748047,0
42.27,2480.913330078125,-29.5853328704834,0
42.28,2480.4697265625,-29.738744735717773,0
42.29,2480.067138671875,-29.848161697387695,0
42.3,2479.74462890625,-29.87303352355957,0
42.31,2479.437255859375,-29.88179588317871,0
42.32,2479.2314453125,-29.785017013549805,0
42.33,2479.126220703125,-29.584840774536133,0
42.34,2479.02734375,-29.380142211914062,0
42.35,2478.94140625,-29.164159774780273,0
42.36,2479.00537109375,-28.79435920715332,0
42.37,2479.07177734375,-28.42601203918457,0
42.38,2479.140625,-28.05916404724121,0
42.39,2479.21142578125,-27.69386863708496,0
42.4,2479.34423828125,-27.2679500579834,0
42.41,2479.478515625,-26.84496307373047,0
42.42,2479.600830078125,-26.438722610473633,0
42.43,2479.6337890625,-26.129680633544922,0
42.44,2479.669189453125,-25.821413040161133,0
42.45,2479.706787109375,-25.513967514038086,0
42.46,2479.768798828125,-25.18439292907715,0
42.47,2479.9013671875,-24.784725189208984,0
42.48,2480.03515625,-24.387983322143555,0
42.49,2480.101318359375,-24.065675735473633,0
42.5,2480.127197265625,-23.78858757019043,0
42.51,2480.1552734375,-23.512117385864258,0
42.52,2480.169921875,-23.252477645874023,0
42.53,2480.144775390625,-23.036945343017578,0
42.54,2480.06005859375,-22.88540267944336,0
42.55,2479.854736328125,-22.860980987548828,0
42.56,2479.654052734375,-22.83217430114746,0
42.57,2479.45751953125,-22.799081802368164,0
42.58,2479.265380859375,-22.761791229248047,0
42.59,2479.1064453125,-22.69045066833496,0
42.6,2478.922607421875,-22.64567756652832,0
42.61,2478.738525390625,-22.6015567779541,0
42.62,2478.591796875,-22.51898193359375,0
42.63,2478.45361328125,-22.4287109375,0
42.64,2478.36767578125,-22.284870147705078,0
42.65,2478.284912109375,-22.139223098754883,0
42.66,2478.209716796875,-21.98726463317871,0
42.67,2478.128662109375,-21.84288215637207,0
42.68,2478.00634765625,-21.742849349975586,0
42.69,2477.887451171875,-21.640222549438477,0
42.7,2477.772216796875,-21.535078048706055,0
42.71,2477.656005859375,-21.432069778442383,0
42.72,2477.44140625,-21.43243980407715,0
42.73,2477.2177734375,-21.4420108795166,0
42.74,2476.848388671875,-21.6031551361084,0
42.75,2476.431884765625,-21.811506271362305,0
42.76,2475.860595703125,-22.178565979003906,0
42.77,2475.209228515625,-22.625099182128906,0
42.78,2474.535888671875,-23.089746475219727,0
42.79,2473.82763671875,-23.58578109741211,0
42.8,2473.1005859375,-24.096343994140625,0
42.81,2472.359130859375,-24.616506576538086,0
42.82,2471.6103515625,-25.139005661010742,0
42.83,2470.87158203125,-25.645376205444336,0
42.84,2470.13671875,-26.142738342285156,0
42.85,2469.4052734375,-26.631160736083984,0
42.86,2468.677490234375,-27.11073112487793,0
42.87,2467.960205078125,-27.57463836669922,0
42.88,2467.259765625,-28.01620864868164,0
42.89,2466.60009765625,-28.410612106323242,0
42.9,2465.958984375,-28.7816104888916,0
42.91,2465.344970703125,-29.12051010131836,0
42.92,2464.7734375,-29.411800384521484,0
42.93,2464.2373046875,-29.66328239440918,0
42.94,2463.720947265625,-29.891775131225586,0
42.95,2463.212890625,-30.10917854309082,0
42.96,2462.717529296875,-30.311098098754883,0
42.97,2462.225830078125,-30.50695037841797,0
42.98,2461.742431640625,-30.692245483398438,0
42.99,2461.267333984375,-30.86716651916504,0
43,2460.793701171875,-31.038787841796875,0
43.01,2460.328125,-31.20024299621582,0
43.02,2459.870361328125,-31.35170555114746,0
43.03,2459.420654296875,-31.493349075317383,0
43.04,2458.98974609375,-31.613874435424805,0
43.05,2458.56640625,-31.72515869140625,0
43.06,2458.164306640625,-31.813583374023438,0
43.07,2457.78271484375,-31.879606246948242,0
43.08,2457.4169921875,-31.92829704284668,0
43.09,2457.060546875,-31.96684455871582,0
43.1,2456.73095703125,-31.97713851928711,0
43.11,2456.407958984375,-31.98038101196289,0
43.12,2456.091552734375,-31.976716995239258,0
43.13,2455.79736328125,-31.95018768310547,0
43.14,2455.50927734375,-31.917373657226562,0
43.15,2455.26513671875,-31.83942413330078,0
43.16,2455.06201171875,-31.719541549682617,0
43.17,2454.8642578125,-31.5953426361084,0
43.18,2454.674072265625,-31.464628219604492,0
43.19,2454.489013671875,-31.32987403869629,0
43.2,2454.309326171875,-31.191194534301758,0
43.21,2454.134521484375,-31.0487003326416,0
43.22,2453.964599609375,-30.90250015258789,0
43.23,2453.799560546875,-30.75269889831543,0
43.24,2453.63720703125,-30.601713180541992,0
43.25,2453.47314453125,-30.45418930053711,0
43.26,2453.30517578125,-30.312345504760742,0
43.27,2453.137451171875,-30.171566009521484,0
43.28,2452.968017578125,-30.03407096862793,0
43.29,2452.78369140625,-29.91365623474121,0
43.3,2452.59326171875,-29.80079460144043,0
43.31,2452.3701171875,-29.722929000854492,0
43.32,2452.141357421875,-29.65178108215332,0
43.33,2451.915771484375,-29.578012466430664,0
43.34,2451.693359375,-29.50174903869629,0
43.35,2451.47412109375,-29.423011779785156,0
43.36,2451.253662109375,-29.346498489379883,0
43.37,2451.0361328125,-29.267601013183594,0
43.38,2450.821533203125,-29.186386108398438,0
43.39,2450.59033203125,-29.123538970947266,0
43.4,2450.353271484375,-29.067228317260742,0
43.41,2450.07080078125,-29.058568954467773,0
43.42,2449.79443359375,-29.043874740600586,0
43.43,2449.510498046875,-29.037052154541016,0
43.44,2449.232666015625,-29.0241641998291,0
43.45,2448.96044921875,-29.00533676147461,0
43.46,2448.694091796875,-28.980693817138672,0
43.47,2448.46875,-28.91364288330078,0
43.48,2448.27099609375,-28.818859100341797,0
43.49,2448.100341796875,-28.69693374633789,0
43.5,2447.943115234375,-28.562231063842773,0
43.51,2447.869873046875,-28.34160614013672,0
43.52,2447.80029296875,-28.119462966918945,0
43.53,2447.734130859375,-27.8958797454834,0
43.54,2447.671630859375,-27.670928955078125,0
43.55,2447.61279296875,-27.4446964263916,0
43.56,2447.53515625,-27.24018669128418,0
43.57,2447.449951171875,-27.0455322265625,0
43.58,2447.368408203125,-26.849098205566406,0
43.59,2447.29052734375,-26.650964736938477,0
43.6,2447.216064453125,-26.451208114624023,0
43.61,2447.145263671875,-26.249906539916992,0
43.62,2447.077880859375,-26.047134399414062,0
43.63,2447.022705078125,-25.83380889892578,0
43.64,2446.997314453125,-25.59178924560547,0
43.65,2446.974853515625,-25.349279403686523,0
43.66,2446.955322265625,-25.106342315673828,0
43.67,2446.9384765625,-24.863040924072266,0
43.68,2446.917724609375,-24.626317977905273,0
43.69,2446.888427734375,-24.400665283203125,0
43.7,2446.8623046875,-24.1744384765625,0
43.71,2446.8388671875,-23.947702407836914,0
43.72,2446.705322265625,-23.837499618530273,0
43.73,2446.56689453125,-23.733680725097656,0
43.74,2446.432373046875,-23.626924514770508,0
43.75,2446.310302734375,-23.508100509643555,0
43.76,2446.18310546875,-23.395906448364258,0
43.77,2446.05322265625,-23.287845611572266,0
43.78,2445.927001953125,-23.177030563354492,0
43.79,2445.773681640625,-23.095685958862305,0
43.8,2445.61767578125,-23.01791763305664,0
43.81,2445.465576171875,-22.936830520629883,0
43.82,2445.319580078125,-22.850248336791992,0
43.83,2445.17529296875,-22.76282501220703,0
43.84,2445.03271484375,-22.67465591430664,0
43.85,2444.884765625,-22.59260368347168,0
43.86,2444.71435546875,-22.53491973876953,0
43.87,2444.548095703125,-22.473602294921875,0
43.88,2444.38134765625,-22.413314819335938,0
43.89,2444.21875,-22.349477767944336,0
43.9,2444.06005859375,-22.282180786132812,0
43.91,2443.9052734375,-22.211502075195312,0
43.92,2443.72998046875,-22.162778854370117,0
43.93,2443.556640625,-22.112585067749023,0
43.94,2443.38720703125,-22.058696746826172,0
43.95,2443.16455078125,-22.060779571533203,0
43.96,2442.946533203125,-22.058101654052734,0
43.97,2442.733154296875,-22.050769805908203,0
43.98,2442.524169921875,-22.038875579833984,0
43.99,2442.31494140625,-22.02709197998047,0
44,2442.10595703125,-22.015413284301758,0
44.01,2441.879150390625,-22.022146224975586,0
44.02,2441.661376953125,-22.01951026916504,0
44.03,2441.44384765625,-22.016738891601562,0
44.04,2441.226318359375,-22.013952255249023,0
44.05,2440.9404296875,-22.08208465576172,0
44.06,2440.642333984375,-22.162391662597656,0
44.07,2440.3671875,-22.21800994873047,0
44.08,2440.09716796875,-22.267736434936523,0
44.09,2439.832275390625,-22.311681747436523,0
44.1,2439.572265625,-22.34995460510254,0
44.11,2439.3173828125,-22.38266372680664,0
44.12,2439.0673828125,-22.409914016723633,0
44.13,2438.8046875,-22.450111389160156,0
44.14,2438.546875,-22.484683990478516,0
44.15,2438.2587890625,-22.550336837768555,0
44.16,2437.97607421875,-22.60981559753418,0
44.17,2437.68310546875,-22.67928123474121,0
44.18,2437.410888671875,-22.726428985595703,0
44.19,2437.143798828125,-22.76774787902832,0
44.2,2436.8818359375,-22.803346633911133,0
44.21,2436.662353515625,-22.79448699951172,0
44.22,2436.462890625,-22.76490020751953,0
44.23,2436.292236328125,-22.70587158203125,0
44.24,2436.12548828125,-22.643205642700195,0
44.25,2435.962890625,-22.57699203491211,0
44.26,2435.80419921875,-22.507314682006836,0
44.27,2435.6494140625,-22.434261322021484,0
44.28,2435.392822265625,-22.467756271362305,0
44.29,2435.059814453125,-22.580419540405273,0
44.3,2434.71923828125,-22.699663162231445,0
44.31,2434.3095703125,-22.889360427856445,0
44.32,2433.902099609375,-23.074840545654297,0
44.33,2433.4462890625,-23.308727264404297,0
44.34,2432.977783203125,-23.553367614746094,0
44.35,2432.476806640625,-23.829116821289062,0
44.36,2431.954833984375,-24.12380027770996,0
44.37,2431.365966796875,-24.48492431640625,0
44.38,2430.757080078125,-24.863082885742188,0
44.39,2430.128662109375,-25.257801055908203,0
44.4,2429.482666015625,-25.666439056396484,0
44.41,2428.82861328125,-26.079421997070312,0
44.42,2428.162109375,-26.50115394592285,0
44.43,2427.4765625,-26.938262939453125,0
44.44,2426.754638671875,-27.40850830078125,0
44.45,2426.029541015625,-27.876941680908203,0
44.46,2425.310546875,-28.33429527282715,0
44.47,2424.599609375,-28.778493881225586,0
44.48,2423.896728515625,-29.209667205810547,0
44.49,2423.204345703125,-29.625728607177734,0
44.5,2422.522216796875,-30.026901245117188,0
44.51,2421.849853515625,-30.413406372070312,0
44.52,2421.189697265625,-30.783193588256836,0
44.53,2420.57470703125,-31.102258682250977,0
44.54,2419.98681640625,-31.389875411987305,0
44.55,2419.42138671875,-31.651199340820312,0
44.56,2418.86962890625,-31.89580535888672,0
44.57,2418.3662109375,-32.08746337890625,0
44.58,2417.884521484375,-32.25465393066406,0
44.59,2417.4814453125,-32.338443756103516,0
44.6,2417.085693359375,-32.413597106933594,0
44.61,2416.747802734375,-32.427757263183594,0
44.62,2416.44775390625,-32.40268325805664,0
44.63,2416.19140625,-32.33240509033203,0
44.64,2415.993896484375,-32.20177459716797,0
44.65,2415.825927734375,-32.04182434082031,0
44.66,2415.70263671875,-31.837156295776367,0
44.67,2415.59912109375,-31.613914489746094,0
44.68,2415.510986328125,-31.377103805541992,0
44.69,2415.427001953125,-31.13846206665039,0
44.7,2415.38232421875,-30.86149024963379,0
44.71,2415.345458984375,-30.57904624938965,0
44.72,2415.31201171875,-30.29587173461914,0
44.73,2415.2822265625,-30.012046813964844,0
44.74,2415.27783203125,-29.70478057861328,0
44.75,2415.25439453125,-29.420352935791016,0
44.76,2415.234375,-29.135486602783203,0
44.77,2415.217529296875,-28.850255966186523,0
44.78,2415.203857421875,-28.56472396850586,0
44.79,2415.186767578125,-28.28579330444336,0
44.8,2415.095458984375,-28.086570739746094,0
44.81,2415.00390625,-27.8900146484375,0
44.82,2414.9072265625,-27.700695037841797,0
44.83,2414.814208984375,-27.509347915649414,0
44.84,2414.718505859375,-27.322940826416016,0
44.85,2414.626708984375,-27.134531021118164,0
44.86,2414.505615234375,-26.978473663330078,0
44.87,2414.38623046875,-26.822124481201172,0
44.88,2414.261962890625,-26.672395706176758,0
44.89,2414.091064453125,-26.572614669799805,0
44.9,2413.861328125,-26.535438537597656,0
44.91,2413.6298828125,-26.500192642211914,0
44.92,2413.394775390625,-26.469161987304688,0
44.93,2413.13623046875,-26.46280860900879,0
44.94,2412.843505859375,-26.491975784301758,0
44.95,2412.530029296875,-26.542329788208008,0
44.96,2412.1435546875,-26.668123245239258,0
44.97,2411.746337890625,-26.803865432739258,0
44.98,2411.29443359375,-26.99494743347168,0
44.99,2410.779541015625,-27.249277114868164,0
45,2410.259765625,-27.506277084350586,0
45.01,2409.748046875,-27.752113342285156,0
45.02,2409.244384765625,-27.986961364746094,0
45.03,2408.7490234375,-28.211000442504883,0
45.04,2408.270263671875,-28.415250778198242,0
45.05,2407.788330078125,-28.620637893676758,0
45.06,2407.314453125,-28.815685272216797,0
45.07,2406.85498046875,-28.993724822998047,0
45.08,2406.403076171875,-29.16190528869629,0
45.09,2405.958984375,-29.320396423339844,0
45.1,2405.502685546875,-29.489864349365234,0
45.11,2405.049560546875,-29.65411376953125,0
45.12,2404.5625,-29.851947784423828,0
45.13,2404.0703125,-30.052993774414062,0
45.14,2403.51416015625,-30.318683624267578,0
45.15,2402.964599609375,-30.574689865112305,0
45.16,2402.318603515625,-30.928207397460938,0
45.17,2401.673583984375,-31.276987075805664,0
45.18,2401.02978515625,-31.621004104614258,0
45.19,2400.395751953125,-31.951190948486328,0
45.2,2399.771484375,-32.267757415771484,0
45.21,2399.156982421875,-32.57091522216797,0
45.22,2398.56103515625,-32.85178756713867,0
45.23,2397.978759765625,-33.115291595458984,0
45.24,2397.4169921875,-33.354896545410156,0
45.25,2396.877685546875,-33.568782806396484,0
45.26,2396.353759765625,-33.76426315307617,0
45.27,2395.882568359375,-33.90300750732422,0
45.28,2395.529296875,-33.917720794677734,0
45.29,2395.18994140625,-33.91805648803711,0
45.3,2394.86181640625,-33.90657043457031,0
45.31,2394.5712890625,-33.85617446899414,0
45.32,2394.350830078125,-33.73347854614258,0
45.33,2394.15576171875,-33.58560562133789,0
45.34,2393.9814453125,-33.41761779785156,0
45.35,2393.814697265625,-33.243682861328125,0
45.36,2393.6552734375,-33.06391143798828,0
45.37,2393.511962890625,-32.86937713623047,0
45.38,2393.380126953125,-32.66498947143555,0
45.39,2393.31005859375,-32.39854431152344,0
45.4,2393.270263671875,-32.10328674316406,0
45.41,2393.256103515625,-31.784433364868164,0
45.42,2393.245361328125,-31.465347290039062,0
45.43,2393.238037109375,-31.146099090576172,0
45.44,2393.23388671875,-30.826763153076172,0
45.45,2393.2373046875,-30.502840042114258,0
45.46,2393.244140625,-30.17906379699707,0
45.47,2393.24951171875,-29.860071182250977,0
45.48,2393.246826171875,-29.552663803100586,0
45.49,2393.212158203125,-29.281795501708984,0
45.5,2393.1787109375,-29.01249885559082,0
45.51,2393.082763671875,-28.81096649169922,0
45.52,2392.916015625,-28.6849308013916,0
45.53,2392.663818359375,-28.64879035949707,0
45.54,2392.4130859375,-28.611841201782227,0
45.55,2392.0185546875,-28.724382400512695,0
45.56,2391.5390625,-28.924043655395508,0
45.57,2391.045654296875,-29.13616943359375,0
45.58,2390.536376953125,-29.362773895263672,0
45.59,2389.956298828125,-29.660295486450195,0
45.6,2389.27587890625,-30.059049606323242,0
45.61,2388.5771484375,-30.472707748413086,0
45.62,2387.849365234375,-30.91227149963379,0
45.63,2387.116943359375,-31.352115631103516,0
45.64,2386.390869140625,-31.780733108520508,0
45.65,2385.66455078125,-32.2050895690918,0
45.66,2384.94677734375,-32.616153717041016,0
45.67,2384.23974609375,-33.01179504394531,0
45.68,2383.545654296875,-33.389930725097656,0
45.69,2382.862060546875,-33.75315475463867,0
45.7,2382.1953125,-34.09492111206055,0
45.71,2381.5390625,-34.422367095947266,0
45.72,2380.949951171875,-34.6766242980957,0
45.73,2380.40576171875,-34.88188934326172,0
45.74,2379.879150390625,-35.066402435302734,0
45.75,2379.4755859375,-35.12142562866211,0
45.76,2379.2197265625,-35.02218246459961,0
45.77,2378.99658203125,-34.89017105102539,0
45.78,2378.816650390625,-34.71475601196289,0
45.79,2378.648681640625,-34.52871322631836,0
45.8,2378.608642578125,-34.21160888671875,0
45.81,2378.574951171875,-33.89140701293945,0
45.82,2378.636962890625,-33.474876403808594,0
45.83,2378.787353515625,-32.97085952758789,0
45.84,2378.955078125,-32.454246520996094,0
45.85,2379.124267578125,-31.941326141357422,0
45.86,2379.295166015625,-31.432132720947266,0
45.87,2379.467529296875,-30.926700592041016,0
45.88,2379.625732421875,-30.44097900390625,0
45.89,2379.713134765625,-30.033981323242188,0
45.9,2379.7763671875,-29.656259536743164,0
45.91,2379.71484375,-29.412099838256836,0
45.92,2379.656982421875,-29.16667938232422,0
45.93,2379.57861328125,-28.945133209228516,0
45.94,2379.50390625,-28.721961975097656,0
45.95,2379.43310546875,-28.49724769592285,0
45.96,2379.365966796875,-28.271068572998047,0
45.97,2379.3505859375,-27.993385314941406,0
45.98,2379.338134765625,-27.715431213378906,0
45.99,2379.328857421875,-27.437274932861328,0
46,2379.322265625,-27.158979415893555,0
46.01,2379.2705078125,-26.930723190307617,0
46.02,2379.132080078125,-26.794710159301758,0
46.03,2378.9912109375,-26.662593841552734,0
46.04,2378.69921875,-26.68903923034668,0
46.05,2378.397705078125,-26.72515869140625,0
46.06,2378.088623046875,-26.768484115600586,0
46.07,2377.750732421875,-26.84154510498047,0
46.08,2377.41455078125,-26.911951065063477,0
46.09,2377.067138671875,-26.993330001831055,0
46.1,2376.710693359375,-27.083181381225586,0
46.11,2376.330078125,-27.197240829467773,0
46.12,2375.9560546875,-27.303144454956055,0
46.13,2375.58447265625,-27.405553817749023,0
46.14,2375.219482421875,-27.5,0
46.15,2374.861083984375,-27.586633682250977,0
46.16,2374.50927734375,-27.665590286254883,0
46.17,2374.163818359375,-27.737016677856445,0
46.18,2373.837890625,-27.787443161010742,0
46.19,2373.518310546875,-27.83089828491211,0
46.2,2373.204833984375,-27.867515563964844,0
46.21,2372.8974609375,-27.897432327270508,0
46.22,2372.595947265625,-27.920772552490234,0
46.23,2372.296142578125,-27.942184448242188,0
46.24,2371.956298828125,-28.004880905151367,0
46.25,2371.622802734375,-28.060306549072266,0
46.26,2371.280517578125,-28.124507904052734,0
46.27,2370.9072265625,-28.22004508972168,0
46.28,2370.540771484375,-28.307586669921875,0
46.29,2370.18115234375,-28.387285232543945,0
46.3,2369.827880859375,-28.45928192138672,0
46.31,2369.57958984375,-28.42145538330078,0
46.32,2369.25830078125,-28.460115432739258,0
46.33,2368.943115234375,-28.49190330505371,0
46.34,2368.634033203125,-28.51695442199707,0
46.35,2368.36181640625,-28.503620147705078,0
46.36,2368.09521484375,-28.484472274780273,0
46.37,2367.8037109375,-28.491413116455078,0
46.38,2367.51806640625,-28.492128372192383,0
46.39,2367.23828125,-28.48674201965332,0
46.4,2366.91845703125,-28.523122787475586,0
46.41,2366.598388671875,-28.55943489074707,0
46.42,2366.290771484375,-28.58213233947754,0
46.43,2365.9892578125,-28.598255157470703,0
46.44,2365.6875,-28.61470603942871,0
46.45,2365.391845703125,-28.624706268310547,0
46.46,2365.089111328125,-28.64204978942871,0
46.47,2364.7705078125,-28.675609588623047,0
46.48,2364.45361328125,-28.70686912536621,0
46.49,2364.1298828125,-28.74501609802246,0
46.5,2363.80810546875,-28.78075408935547,0
46.51,2363.450927734375,-28.852725982666016,0
46.52,2363.085205078125,-28.932966232299805,0
46.53,2362.72607421875,-29.005380630493164,0
46.54,2362.3583984375,-29.086023330688477,0
46.55,2361.990966796875,-29.165569305419922,0
46.56,2361.625732421875,-29.2418155670166,0
46.57,2361.267333984375,-29.310245513916016,0
46.58,2360.90478515625,-29.38235092163086,0
46.59,2360.509521484375,-29.487491607666016,0
46.6,2360.05810546875,-29.64997673034668,0
46.61,2359.59716796875,-29.820903778076172,0
46.62,2359.14404296875,-29.981948852539062,0
46.63,2358.69189453125,-30.140104293823242,0
46.64,2358.245361328125,-30.29082489013672,0
46.65,2357.802001953125,-30.43655014038086,0
46.66,2357.366455078125,-30.57277488708496,0
46.67,2356.934326171875,-30.704187393188477,0
46.68,2356.485595703125,-30.851276397705078,0
46.69,2356.029296875,-31.00461196899414,0
46.7,2355.5810546875,-31.148170471191406,0
46.71,2355.129638671875,-31.29346466064453,0
46.72,2354.681640625,-31.43360137939453,0
46.73,2354.241455078125,-31.56414031982422,0
46.74,2353.802490234375,-31.69207763671875,0
46.75,2353.3671875,-31.815128326416016,0
46.76,2352.939697265625,-31.928855895996094,0
46.77,2352.515380859375,-32.03794479370117,0
46.78,2352.094482421875,-32.142520904541016,0
46.79,2351.665771484375,-32.253936767578125,0
46.8,2351.240478515625,-32.36069107055664,0
46.81,2350.81640625,-32.46516799926758,0
46.82,2350.406494140625,-32.55373764038086,0
46.83,2350.004150390625,-32.63353729248047,0
46.84,2349.598388671875,-32.716064453125,0
46.85,2349.2001953125,-32.78990936279297,0
46.86,2348.809326171875,-32.8552360534668,0
46.87,2348.42578125,-32.912200927734375,0
46.88,2348.060546875,-32.949623107910156,0
46.89,2347.697998046875,-32.98380661010742,0
46.9,2347.3427734375,-33.01024627685547,0
46.91,2346.98583984375,-33.038116455078125,0
46.92,2346.644775390625,-33.04933547973633,0
46.93,2346.319091796875,-33.0441780090332,0
46.94,2345.99169921875,-33.041160583496094,0
46.95,2345.6708984375,-33.031150817871094,0
46.96,2345.356689453125,-33.01428985595703,0
46.97,2345.04931640625,-32.990726470947266,0
46.98,2344.744140625,-32.965118408203125,0
46.99,2344.45849609375,-32.919395446777344,0
47,2344.185791015625,-32.860755920410156,0
47.01,2343.93017578125,-32.78496551513672,0
47.02,2343.680419921875,-32.703731536865234,0
47.03,2343.456298828125,-32.59680938720703,0
47.04,2343.23779296875,-32.485130310058594,0
47.05,2343.051025390625,-32.341609954833984,0
47.06,2342.86962890625,-32.194129943847656,0
47.07,2342.693359375,-32.042808532714844,0
47.08,2342.483154296875,-31.92855453491211,0
47.09,2342.300048828125,-31.787151336669922,0
47.1,2342.1220703125,-31.641868591308594,0
47.11,2341.9404296875,-31.501903533935547,0
47.12,2341.763916015625,-31.35809326171875,0
47.13,2341.59912109375,-31.203773498535156,0
47.14,2341.43896484375,-31.04596519470215,0
47.15,2341.285888671875,-30.882455825805664,0
47.16,2341.1376953125,-30.715713500976562,0
47.17,2340.994140625,-30.54584503173828,0
47.18,2340.85302734375,-30.375261306762695,0
47.19,2340.71630859375,-30.201702117919922,0
47.2,2340.584228515625,-30.02526092529297,0
47.21,2340.45654296875,-29.846036911010742,0
47.22,2340.333251953125,-29.664127349853516,0
47.23,2340.21435546875,-29.479623794555664,0
47.24,2340.099853515625,-29.29262351989746,0
47.25,2339.9892578125,-29.103214263916016,0
47.26,2339.8828125,-28.91148567199707,0
47.27,2339.76513671875,-28.733379364013672,0
47.28,2339.651611328125,-28.552797317504883,0
47.29,2339.542236328125,-28.369829177856445,0
47.3,2339.4150390625,-28.207191467285156,0
47.31,2339.28564453125,-28.048704147338867,0
47.32,2339.160400390625,-27.88748550415039,0
47.33,2339.028564453125,-27.734968185424805,0
47.34,2338.900634765625,-27.579668045043945,0
47.35,2338.77685546875,-27.421667098999023,0
47.36,2338.653076171875,-27.265575408935547,0
47.37,2338.513671875,-27.127239227294922,0
47.38,2338.36962890625,-26.99504280090332,0
47.39,2338.229736328125,-26.859798431396484,0
47.4,2338.072509765625,-26.744277954101562,0
47.41,2337.869384765625,-26.67749786376953,0
47.42,2337.644775390625,-26.633586883544922,0
47.43,2337.42529296875,-26.584890365600586,0
47.44,2337.20654296875,-26.53603172302246,0
47.45,2336.990478515625,-26.484769821166992,0
47.46,2336.779296875,-26.428905487060547,0
47.47,2336.572998046875,-26.36854362487793,0
47.48,2336.310791015625,-26.367141723632812,0
47.49,2336.04736328125,-26.366975784301758,0
47.5,2335.76318359375,-26.388315200805664,0
47.51,2335.4453125,-26.444313049316406,0
47.52,2335.120361328125,-26.50711441040039,0
47.53,2334.753662109375,-26.612714767456055,0
47.54,2334.3564453125,-26.748943328857422,0
47.55,2333.96142578125,-26.881174087524414,0
47.56,2333.5517578125,-27.02756118774414,0
47.57,2333.14453125,-27.16968536376953,0
47.58,2332.72265625,-27.32571029663086,0
47.59,2332.25146484375,-27.53141975402832,0
47.6,2331.785400390625,-27.72933578491211,0
47.61,2331.28564453125,-27.960187911987305,0
47.62,2330.744140625,-28.232280731201172,0
47.63,2330.2001953125,-28.504037857055664,0
47.64,2329.658203125,-28.770889282226562,0
47.65,2329.12255859375,-29.028369903564453,0
47.66,2328.58447265625,-29.28569793701172,0
47.67,2328.03955078125,-29.547273635864258,0
47.68,2327.486083984375,-29.815217971801758,0
47.69,2326.9130859375,-30.100679397583008,0
47.7,2326.34912109375,-30.373844146728516,0
47.71,2325.7939453125,-30.634910583496094,0
47.72,2325.239013671875,-30.893089294433594,0
47.73,2324.67138671875,-31.161930084228516,0
47.74,2324.11279296875,-31.418594360351562,0
47.75,2323.55419921875,-31.67230224609375,0
47.76,2323.0048828125,-31.914031982421875,0
47.77,2322.462158203125,-32.146240234375,0
47.78,2321.90869140625,-32.387115478515625,0
47.79,2321.30126953125,-32.68156051635742,0
47.8,2320.703369140625,-32.962974548339844,0
47.81,2320.115234375,-33.231563568115234,0
47.82,2319.536376953125,-33.4875373840332,0
47.83,2318.966796875,-33.73109817504883,0
47.84,2318.40673828125,-33.96244430541992,0
47.85,2317.85595703125,-34.181785583496094,0
47.86,2317.3359375,-34.366756439208984,0
47.87,2316.8291015625,-34.536067962646484,0
47.88,2316.34619140625,-34.67873001098633,0
47.89,2315.87646484375,-34.806541442871094,0
47.9,2315.45849609375,-34.87916946411133,0
47.91,2315.113525390625,-34.8751106262207,0
47.92,2314.81494140625,-34.823020935058594,0
47.93,2314.553466796875,-34.73297882080078,0
47.94,2314.298095703125,-34.63737106323242,0
47.95,2314.06201171875,-34.52273941040039,0
47.96,2313.9189453125,-34.3127326965332,0
47.97,2313.861572265625,-34.01606369018555,0
47.98,2313.832275390625,-33.693359375,0
47.99,2313.84814453125,-33.32711410522461,0
48,2313.8671875,-32.96128845214844,0
48.01,2313.889404296875,-32.595947265625,0
48.02,2313.914794921875,-32.23115921020508,0
48.03,2313.90185546875,-31.909975051879883,0
48.04,2313.874755859375,-31.606693267822266,0
48.05,2313.838134765625,-31.316431045532227,0
48.06,2313.757080078125,-31.07520294189453,0
48.07,2313.541015625,-30.97692108154297,0
48.08,2313.330322265625,-30.874048233032227,0
48.09,2313.105224609375,-30.787002563476562,0
48.1,2312.818359375,-30.765233993530273,0
48.11,2312.50927734375,-30.766672134399414,0
48.12,2312.193603515625,-30.775053024291992,0
48.13,2311.88427734375,-30.776689529418945,0
48.14,2311.5791015625,-30.77397918701172,0
48.15,2311.278076171875,-30.767005920410156,0
48.16,2310.9833984375,-30.753612518310547,0
48.17,2310.688232421875,-30.740703582763672,0
48.18,2310.392822265625,-30.72826385498047,0
48.19,2310.0751953125,-30.738847732543945,0
48.2,2309.757568359375,-30.749422073364258,0
48.21,2309.427001953125,-30.773576736450195,0
48.22,2309.08544921875,-30.808717727661133,0
48.23,2308.74609375,-30.8410701751709,0
48.24,2308.41357421875,-30.866172790527344,0
48.25,2308.087646484375,-30.884172439575195,0
48.26,2307.759521484375,-30.904232025146484,0
48.27,2307.43798828125,-30.917282104492188,0
48.28,2307.123046875,-30.9234676361084,0
48.29,2306.809814453125,-30.927438735961914,0
48.3,2306.503173828125,-30.924724578857422,0
48.31,2306.20703125,-30.910951614379883,0
48.32,2305.917236328125,-30.89086151123047,0
48.33,2305.622802734375,-30.875816345214844,0
48.34,2305.33447265625,-30.8544864654541,0
48.35,2305.05224609375,-30.827007293701172,0
48.36,2304.760986328125,-30.80930519104004,0
48.37,2304.475830078125,-30.785390853881836,0
48.38,2304.194580078125,-30.75770378112793,0
48.39,2303.91943359375,-30.724018096923828,0
48.4,2303.628662109375,-30.70697784423828,0
48.41,2303.339599609375,-30.688243865966797,0
48.42,2303.04150390625,-30.679134368896484,0
48.43,2302.760498046875,-30.652379989624023,0
48.44,2302.474609375,-30.63091468811035,0
48.45,2302.1708984375,-30.6281681060791,0
48.46,2301.871337890625,-30.62119483947754,0
48.47,2301.55859375,-30.628135681152344,0
48.48,2301.21728515625,-30.664493560791016,0
48.49,2300.88037109375,-30.695817947387695,0
48.5,2300.54150390625,-30.728912353515625,0
48.51,2300.194091796875,-30.770559310913086,0
48.52,2299.853515625,-30.804784774780273,0
48.53,2299.493408203125,-30.858797073364258,0
48.54,2299.14013671875,-30.90511131286621,0
48.55,2298.77197265625,-30.966381072998047,0
48.56,2298.40234375,-31.0288028717041,0
48.57,2298.03515625,-31.087831497192383,0
48.58,2297.66650390625,-31.148038864135742,0
48.59,2297.2958984375,-31.209381103515625,0
48.6,2296.912841796875,-31.283052444458008,0
48.61,2296.5283203125,-31.35755729675293,0
48.62,2296.14013671875,-31.435115814208984,0
48.63,2295.759033203125,-31.50436782836914,0
48.64,2295.38525390625,-31.565475463867188,0
48.65,2295.018310546875,-31.618589401245117,0
48.66,2294.658447265625,-31.663860321044922,0
48.67,2294.3056640625,-31.701440811157227,0
48.68,2293.959716796875,-31.73148536682129,0
48.69,2293.637939453125,-31.73609161376953,0
48.7,2293.32275390625,-31.733829498291016,0
48.71,2293.029296875,-31.709104537963867,0
48.72,2292.75927734375,-31.660076141357422,0
48.73,2292.50634765625,-31.59401512145996,0
48.74,2292.2939453125,-31.486534118652344,0
48.75,2292.16943359375,-31.288877487182617,0
48.76,2292.1123046875,-31.023244857788086,0
48.77,2292.087158203125,-30.72712516784668,0
48.78,2292.082763671875,-30.412487030029297,0
48.79,2292.103271484375,-30.075267791748047,0
48.8,2292.126708984375,-29.73855972290039,0
48.81,2292.166015625,-29.38888931274414,0
48.82,2292.26025390625,-28.985942840576172,0
48.83,2292.365234375,-28.576072692871094,0
48.84,2292.480712890625,-28.159507751464844,0
48.85,2292.60888671875,-27.734220504760742,0
48.86,2292.7470703125,-27.302734375,0
48.87,2292.89990234375,-26.860761642456055,0
48.88,2293.064697265625,-26.41080665588379,0
48.89,2293.239013671875,-25.955440521240234,0
48.9,2293.418701171875,-25.499387741088867,0
48.91,2293.6123046875,-25.033733367919922,0
48.92,2293.8173828125,-24.56103515625,0
48.93,2294.011962890625,-24.104089736938477,0
48.94,2294.20703125,-23.651397705078125,0
48.95,2294.389404296875,-23.21649932861328,0
48.96,2294.572265625,-22.78558921813965,0
48.97,2294.755615234375,-22.358675003051758,0
48.98,2294.865478515625,-22.01251220703125,0
48.99,2294.8916015625,-21.756790161132812,0
49,2294.90673828125,-21.51516342163086,0
49.01,2294.847900390625,-21.35285758972168,0
49.02,2294.537841796875,-21.452951431274414,0
49.03,2294.22021484375,-21.55994415283203,0
49.04,2293.773681640625,-21.79970359802246,0
49.05,2293.26025390625,-22.106340408325195,0
49.06,2292.73291015625,-22.42445945739746,0
49.07,2292.128662109375,-22.818937301635742,0
49.08,2291.45947265625,-23.276844024658203,0
49.09,2290.7822265625,-23.738359451293945,0
49.1,2290.114501953125,-24.185321807861328,0
49.11,2289.455810546875,-24.61793327331543,0
49.12,2288.806640625,-25.03639793395996,0
49.13,2288.181884765625,-25.425189971923828,0
49.14,2287.568359375,-25.798309326171875,0
49.15,2286.963623046875,-26.15825080871582,0
49.16,2286.400390625,-26.471494674682617,0
49.17,2285.897705078125,-26.71874237060547,0
49.18,2285.40283203125,-26.955209732055664,0
49.19,2284.94189453125,-27.154054641723633,0
49.2,2284.5078125,-27.32277488708496,0
49.21,2284.08544921875,-27.477741241455078,0
49.22,2283.67236328125,-27.62140655517578,0
49.23,2283.266357421875,-27.756223678588867,0
49.24,2282.865234375,-27.884601593017578,0
49.25,2282.466796875,-28.008848190307617,0
49.26,2282.071044921875,-28.129077911376953,0
49.27,2281.6865234375,-28.236324310302734,0
49.28,2281.304443359375,-28.3398494720459,0
49.29,2280.922607421875,-28.441967010498047,0
49.3,2280.547607421875,-28.53591537475586,0
49.31,2280.179443359375,-28.621841430664062,0
49.32,2279.818115234375,-28.699893951416016,0
49.33,2279.4697265625,-28.76344871520996,0
49.34,2279.13232421875,-28.815046310424805,0
49.35,2278.81005859375,-28.850467681884766,0
49.36,2278.53955078125,-28.831754684448242,0
49.37,2278.30078125,-28.780319213867188,0
49.38,2278.073974609375,-28.717037200927734,0
49.39,2277.8740234375,-28.62643051147461,0
49.4,2277.68115234375,-28.529321670532227,0
49.41,2277.504150390625,-28.416839599609375,0
49.42,2277.375244140625,-28.255611419677734,0
49.43,2277.296142578125,-28.044422149658203,0
49.44,2277.220703125,-27.831586837768555,0
49.45,2277.14892578125,-27.617189407348633,0
49.46,2277.080810546875,-27.401308059692383,0
49.47,2277.0009765625,-27.199748992919922,0
49.48,2276.9248046875,-26.99652862548828,0
49.49,2276.841064453125,-26.803003311157227,0
49.5,2276.72412109375,-26.646018981933594,0
49.51,2276.53125,-26.569793701171875,0
49.52,2276.291015625,-26.543428421020508,0
49.53,2275.999755859375,-26.57040786743164,0
49.54,2275.6015625,-26.70804786682129,0
49.55,2275.201416015625,-26.84612464904785,0
49.56,2274.764892578125,-27.02056884765625,0
49.57,2274.220947265625,-27.3046817779541,0
49.58,2273.68115234375,-27.581642150878906,0
49.59,2273.143310546875,-27.853731155395508,0
49.6,2272.5166015625,-28.21526336669922,0
49.61,2271.8818359375,-28.581270217895508,0
49.62,2271.24560546875,-28.944873809814453,0
49.63,2270.608154296875,-29.30604362487793,0
49.64,2269.96533203125,-29.669265747070312,0
49.65,2269.293212890625,-30.059064865112305,0
49.66,2268.5966796875,-30.470294952392578,0
49.67,2267.901611328125,-30.875537872314453,0
49.68,2267.193115234375,-31.290557861328125,0
49.69,2266.4951171875,-31.690370559692383,0
49.7,2265.80322265625,-32.079654693603516,0
49.71,2265.1455078125,-32.4294548034668,0
49.72,2264.498046875,-32.7651481628418,0
49.73,2263.8603515625,-33.086952209472656,0
49.74,2263.211181640625,-33.417518615722656,0
49.75,2262.572021484375,-33.734161376953125,0
49.76,2261.96435546875,-34.0146598815918,0
49.77,2261.36669921875,-34.282135009765625,0
49.78,2260.78515625,-34.53009033203125,0
49.79,2260.2197265625,-34.758819580078125,0
49.8,2259.6806640625,-34.95750045776367,0
49.81,2259.18310546875,-35.11103820800781,0
49.82,2258.7548828125,-35.19106674194336,0
49.83,2258.334716796875,-35.261940002441406,0
49.84,2258.004638671875,-35.23859405517578,0
49.85,2257.71826171875,-35.1700439453125,0
49.86,2257.533447265625,-34.996620178222656,0
49.87,2257.39111328125,-34.7811279296875,0
49.88,2257.268798828125,-34.54690933227539,0
49.89,2257.164306640625,-34.29666519165039,0
49.9,2257.1337890625,-33.97230529785156,0
49.91,2257.15234375,-33.60017776489258,0
49.92,2257.1787109375,-33.22407531738281,0
49.93,2257.2080078125,-32.84861373901367,0
49.94,2257.24267578125,-32.47160720825195,0
49.95,2257.282470703125,-32.093162536621094,0
49.96,2257.333740234375,-31.70662498474121,0
49.97,2257.3876953125,-31.321266174316406,0
49.98,2257.435791015625,-30.946165084838867,0
49.99,2257.477783203125,-30.581132888793945,0
50,2257.48583984375,-30.255298614501953,0
50.01,2257.447265625,-29.981407165527344,0
50.02,2257.40771484375,-29.711261749267578,0
50.03,2257.3369140625,-29.476240158081055,0
50.04,2257.237548828125,-29.27347183227539,0
50.05,2257.114013671875,-29.09782600402832,0
50.06,2256.962158203125,-28.953235626220703,0
50.07,2256.786865234375,-28.83464241027832,0
50.08,2256.56884765625,-28.761720657348633,0
50.09,2256.211181640625,-28.834455490112305,0
50.1,2255.834228515625,-28.92643165588379,0
50.11,2255.45556640625,-29.01930809020996,0
50.12,2254.992919921875,-29.198284149169922,0
50.13,2254.510009765625,-29.39643669128418,0
50.14,2254.013427734375,-29.6066837310791,0
50.15,2253.52490234375,-29.806289672851562,0
50.16,2253.044677734375,-29.99542999267578,0
50.17,2252.572265625,-30.174283981323242,0
50.18,2252.140380859375,-30.30942153930664,0
50.19,2251.7333984375,-30.417394638061523,0
50.2,2251.39404296875,-30.453859329223633,0
50.21,2251.072265625,-30.471860885620117,0
50.22,2250.845458984375,-30.391050338745117,0
50.23,2250.699462890625,-30.226951599121094,0
50.24,2250.57763671875,-30.039533615112305,0
50.25,2250.59228515625,-29.71263885498047,0
50.26,2250.648681640625,-29.345701217651367,0
50.27,2250.746337890625,-28.93962860107422,0
50.28,2250.90234375,-28.477327346801758,0
50.29,2251.059814453125,-28.01845359802246,0
50.3,2251.23779296875,-27.54279899597168,0
50.31,2251.416748046875,-27.071046829223633,0
50.32,2251.5771484375,-26.62344741821289,0
50.33,2251.73876953125,-26.179370880126953,0
50.34,2251.8408203125,-25.801748275756836,0
50.35,2251.942138671875,-25.42858123779297,0
50.36,2251.94775390625,-25.158727645874023,0
50.37,2251.934326171875,-24.911483764648438,0
50.38,2251.908447265625,-24.67974090576172,0
50.39,2251.867919921875,-24.465471267700195,0
50.4,2251.819580078125,-24.26160430908203,0
50.41,2251.765625,-24.065710067749023,0
50.42,2251.688720703125,-23.89565086364746,0
50.43,2251.593505859375,-23.746423721313477,0
50.44,2251.4951171875,-23.601905822753906,0
50.45,2251.378662109375,-23.477752685546875,0
50.46,2251.263671875,-23.353397369384766,0
50.47,2251.152099609375,-23.226613998413086,0
50.48,2251.04443359375,-23.097482681274414,0
50.49,2250.93994140625,-22.966081619262695,0
50.5,2250.8388671875,-22.832477569580078,0
50.51,2250.741455078125,-22.696748733520508,0
50.52,2250.647216796875,-22.55896759033203,0
50.53,2250.547607421875,-22.428171157836914,0
50.54,2250.453369140625,-22.29302215576172,0
50.55,2250.362548828125,-22.155893325805664,0
50.56,2250.259765625,-22.032581329345703,0
50.57,2250.160400390625,-21.907108306884766,0
50.58,2250.06201171875,-21.78179168701172,0
50.59,2249.967041015625,-21.654403686523438,0
50.6,2249.892333984375,-21.507038116455078,0
50.61,2249.803466796875,-21.376089096069336,0
50.62,2249.72607421875,-21.234312057495117,0
50.63,2249.64306640625,-21.09987449645996,0
50.64,2249.5546875,-20.972665786743164,0
50.65,2249.46923828125,-20.843597412109375,0
50.66,2249.38671875,-20.712732315063477,0
50.67,2249.2900390625,-20.598058700561523,0
50.68,2249.196533203125,-20.48134422302246,0
50.69,2249.093017578125,-20.376134872436523,0
50.7,2249.005615234375,-20.255266189575195,0
50.71,2248.921142578125,-20.132558822631836,0
50.72,2248.85693359375,-19.990156173706055,0
50.73,2248.82568359375,-19.815017700195312,0
50.74,2248.805419921875,-19.630285263061523,0
50.75,2248.791748046875,-19.44065284729004,0
50.76,2248.810546875,-19.219379425048828,0
50.77,2248.8310546875,-18.998554229736328,0
50.78,2248.853271484375,-18.778213500976562,0
50.79,2248.877197265625,-18.558395385742188,0
50.8,2248.90283203125,-18.339134216308594,0
50.81,2248.943115234375,-18.10699462890625,0
50.82,2248.98681640625,-17.873506546020508,0
50.83,2249.055908203125,-17.61631965637207,0
50.84,2249.13671875,-17.34944725036621,0
50.85,2249.222900390625,-17.07984733581543,0
50.86,2249.309814453125,-16.812143325805664,0
50.87,2249.397705078125,-16.546350479125977,0
50.88,2249.525146484375,-16.24213218688965,0
50.89,2249.666259765625,-15.92723274230957,0
50.9,2249.807373046875,-15.615411758422852,0
50.91,2249.991943359375,-15.261738777160645,0
50.92,2250.195556640625,-14.891907691955566,0
50.93,2250.398681640625,-14.526498794555664,0
50.94,2250.581787109375,-14.185675621032715,0
50.95,2250.764404296875,-13.848832130432129,0
50.96,2250.94677734375,-13.51595687866211,0
50.97,2251.121826171875,-13.193804740905762,0
50.98,2251.2578125,-12.915870666503906,0
50.99,2251.3935546875,-12.640894889831543,0
51,2251.511962890625,-12.386796951293945,0
51.01,2251.63037109375,-12.135282516479492,0
51.02,2251.640625,-11.998560905456543,0
51.03,2251.518310546875,-12.001128196716309,0
51.04,2251.253662109375,-12.15122127532959,0
51.05,2250.859130859375,-12.43450927734375,0
51.06,2250.41845703125,-12.763032913208008,0
51.07,2249.890625,-13.178289413452148,0
51.08,2249.26416015625,-13.691761016845703,0
51.09,2248.559326171875,-14.281201362609863,0
51.1,2247.841796875,-14.877851486206055,0
51.11,2247.1181640625,-15.474682807922363,0
51.12,2246.36669921875,-16.093935012817383,0
51.13,2245.60546875,-16.717147827148438,0
51.14,2244.853515625,-17.32398796081543,0
51.15,2244.111083984375,-17.914657592773438,0
51.16,2243.378173828125,-18.48936653137207,0
51.17,2242.669921875,-19.03265380859375,0
51.18,2241.970703125,-19.560712814331055,0
51.19,2241.28515625,-20.06929588317871,0
51.2,2240.6689453125,-20.500587463378906,0
51.21,2240.063232421875,-20.916391372680664,0
51.22,2239.48095703125,-21.303569793701172,0
51.23,2238.9326171875,-21.651424407958984,0
51.24,2238.409423828125,-21.969642639160156,0
51.25,2237.90478515625,-22.265419006347656,0
51.26,2237.45703125,-22.49896812438965,0
51.27,2237.050537109375,-22.687131881713867,0
51.28,2236.655029296875,-22.862136840820312,0
51.29,2236.2705078125,-23.024160385131836,0
51.3,2235.920166015625,-23.14887046813965,0
51.31,2235.634033203125,-23.205663681030273,0
51.32,2235.355224609375,-23.254146575927734,0
51.33,2235.079833984375,-23.298870086669922,0
51.34,2234.751220703125,-23.39812660217285,0
51.35,2234.428466796875,-23.490352630615234,0
51.36,2234.111328125,-23.575674057006836,0
51.37,2233.78466796875,-23.669878005981445,0
51.38,2233.4638671875,-23.757095336914062,0
51.39,2233.14892578125,-23.837453842163086,0
51.4,2232.83544921875,-23.915531158447266,0
51.41,2232.523193359375,-23.991405487060547,0
51.42,2232.220947265625,-24.056100845336914,0
51.43,2231.92431640625,-24.11433982849121,0
51.44,2231.633056640625,-24.166236877441406,0
51.45,2231.3515625,-24.207460403442383,0
51.46,2231.060302734375,-24.258331298828125,0
51.47,2230.774658203125,-24.302980422973633,0
51.48,2230.486083984375,-24.350492477416992,0
51.49,2230.1943359375,-24.40074348449707,0
51.5,2229.907958984375,-24.444761276245117,0
51.51,2229.592529296875,-24.518442153930664,0
51.52,2229.250732421875,-24.618911743164062,0
51.53,2228.85888671875,-24.770174026489258,0
51.54,2228.467041015625,-24.919748306274414,0
51.55,2228.081787109375,-25.06093406677246,0
51.56,2227.68603515625,-25.21179962158203,0
51.57,2227.268798828125,-25.383209228515625,0
51.58,2226.8583984375,-25.545684814453125,0
51.59,2226.444091796875,-25.710527420043945,0
51.6,2226.03662109375,-25.866498947143555,0
51.61,2225.63623046875,-26.013748168945312,0
51.62,2225.242431640625,-26.152421951293945,0
51.63,2224.86181640625,-26.275964736938477,0
51.64,2224.513671875,-26.36459732055664,0
51.65,2224.171875,-26.445783615112305,0
51.66,2223.836181640625,-26.519664764404297,0
51.67,2223.483154296875,-26.61094093322754,0
51.68,2223.136474609375,-26.69466781616211,0
51.69,2222.796142578125,-26.770984649658203,0
51.7,2222.4619140625,-26.840023040771484,0
51.71,2222.101806640625,-26.935396194458008,0
51.72,2221.748046875,-27.023069381713867,0
51.73,2221.400634765625,-27.10317611694336,0
51.74,2221.0595703125,-27.175859451293945,0
51.75,2220.744140625,-27.22119140625,0
51.76,2220.41552734375,-27.279848098754883,0
51.77,2220.093017578125,-27.331485748291016,0
51.78,2219.774658203125,-27.378488540649414,0
51.79,2219.4580078125,-27.42314338684082,0
51.8,2219.147216796875,-27.461034774780273,0
51.81,2218.827392578125,-27.50795555114746,0
51.82,2218.500732421875,-27.561450958251953,0
51.83,2218.1630859375,-27.62583351135254,0
51.84,2217.801513671875,-27.714221954345703,0
51.85,2217.440185546875,-27.801584243774414,0
51.86,2217.078857421875,-27.88792610168457,0
51.87,2216.69189453125,-28.000076293945312,0
51.88,2216.311767578125,-28.103946685791016,0
51.89,2215.923583984375,-28.215299606323242,0
51.9,2215.507568359375,-28.35407257080078,0
51.91,2215.081787109375,-28.501806259155273,0
51.92,2214.650390625,-28.65378189086914,0
51.93,2214.23046875,-28.792070388793945,0
51.94,2213.813720703125,-28.92582893371582,0
51.95,2213.397705078125,-29.057374954223633,0
51.96,2212.989013671875,-29.180023193359375,0
51.97,2212.58740234375,-29.293930053710938,0
51.98,2212.19287109375,-29.399246215820312,0
51.99,2211.809814453125,-29.491619110107422,0
52,2211.440185546875,-29.569154739379883,0
52.01,2211.096923828125,-29.618680953979492,0
52.02,2210.818115234375,-29.60064125061035,0
52.03,2210.560302734375,-29.560997009277344,0
52.04,2210.3232421875,-29.50025177001953,0
52.05,2210.091796875,-29.434467315673828,0
52.06,2209.89990234375,-29.328039169311523,0
52.07,2209.71533203125,-29.215343475341797,0
52.08,2209.535400390625,-29.09873390197754,0
52.09,2209.36474609375,-28.97381019592285,0
52.1,2209.222412109375,-28.820707321166992,0
52.11,2209.09130859375,-28.657899856567383,0
52.12,2208.964111328125,-28.492328643798828,0
52.13,2208.84130859375,-28.324081420898438,0
52.14,2208.741943359375,-28.133193969726562,0
52.15,2208.646728515625,-27.940229415893555,0
52.16,2208.55517578125,-27.745277404785156,0
52.17,2208.48681640625,-27.52829933166504,0
52.18,2208.421875,-27.309906005859375,0
52.19,2208.392578125,-27.056650161743164,0
52.2,2208.3837890625,-26.78496551513672,0
52.21,2208.423095703125,-26.46622085571289,0
52.22,2208.529296875,-26.081331253051758,0
52.23,2208.63720703125,-25.698789596557617,0
52.24,2208.7744140625,-25.28955841064453,0
52.25,2208.927978515625,-24.867734909057617,0
52.26,2209.08447265625,-24.447021484375,0
52.27,2209.239990234375,-24.031993865966797,0
52.28,2209.353271484375,-23.665048599243164,0
52.29,2209.4677734375,-23.30059814453125,0
52.3,2209.585693359375,-22.936418533325195,0
52.31,2209.69189453125,-22.588241577148438,0
52.32,2209.812255859375,-22.228994369506836,0
52.33,2209.93359375,-21.872390747070312,0
52.34,2210.055908203125,-21.518449783325195,0
52.35,2210.17919921875,-21.167194366455078,0
52.36,2210.32275390625,-20.798526763916016,0
52.37,2210.467041015625,-20.433000564575195,0
52.38,2210.61181640625,-20.070629119873047,0
52.39,2210.75732421875,-19.711423873901367,0
52.4,2210.98095703125,-19.274946212768555,0
52.41,2211.12646484375,-18.92378044128418,0
52.42,2211.2509765625,-18.598159790039062,0
52.43,2211.302734375,-18.351268768310547,0
52.44,2211.353759765625,-18.107730865478516,0
52.45,2211.384521484375,-17.8877010345459,0
52.46,2211.41259765625,-17.67282485961914,0
52.47,2211.351806640625,-17.552400588989258,0
52.48,2211.28271484375,-17.441913604736328,0
52.49,2211.188232421875,-17.35899543762207,0
52.5,2210.995361328125,-17.378984451293945,0
52.51,2210.793212890625,-17.408266067504883,0
52.52,2210.580078125,-17.44883155822754,0
52.53,2210.317138671875,-17.540618896484375,0
52.54,2210.03515625,-17.65129280090332,0
52.55,2209.75146484375,-17.762632369995117,0
52.56,2209.442138671875,-17.899166107177734,0
52.57,2209.071533203125,-18.098148345947266,0
52.58,2208.672119140625,-18.32485008239746,0
52.59,2208.278564453125,-18.54298210144043,0
52.6,2207.8544921875,-18.790592193603516,0
52.61,2207.4345703125,-19.03130531311035,0
52.62,2207.010009765625,-19.274166107177734,0
52.63,2206.5771484375,-19.52353286743164,0
52.64,2206.1162109375,-19.799274444580078,0
52.65,2205.644775390625,-20.08293342590332,0
52.66,2205.1416015625,-20.39658546447754,0
52.67,2204.508544921875,-20.8419246673584,0
52.68,2203.87548828125,-21.282562255859375,0
52.69,2203.246826171875,-21.71406364440918,0
52.7,2202.626953125,-22.13207244873047,0
52.71,2202.0048828125,-22.54792594909668,0
52.72,2201.3828125,-22.959321975708008,0
52.73,2200.76123046875,-23.366220474243164,0
52.74,2200.1484375,-23.759777069091797,0
52.75,2199.54443359375,-24.14018440246582,0
52.76,2198.974609375,-24.48098373413086,0
52.77,2198.4130859375,-24.809560775756836,0
52.78,2197.855712890625,-25.13054847717285,0
52.79,2197.306640625,-25.43958282470703,0
52.8,2196.77001953125,-25.732393264770508,0
52.81,2196.24169921875,-26.01369857788086,0
52.82,2195.72119140625,-26.28367805480957,0
52.83,2195.20458984375,-26.546951293945312,0
52.84,2194.6962890625,-26.799158096313477,0
52.85,2194.19580078125,-27.040470123291016,0
52.86,2193.705322265625,-27.26880645751953,0
52.87,2193.22705078125,-27.482187271118164,0
52.88,2192.75634765625,-27.68532371520996,0
52.89,2192.29345703125,-27.87838363647461,0
52.9,2191.8466796875,-28.052631378173828,0
52.91,2191.45458984375,-28.168365478515625,0
52.92,2191.07373046875,-28.271263122558594,0
52.93,2190.701904296875,-28.363759994506836,0
52.94,2190.347412109375,-28.437217712402344,0
52.95,2190.005859375,-28.49639320373535,0
52.96,2189.726806640625,-28.490428924560547,0
52.97,2189.464111328125,-28.467361450195312,0
52.98,2189.23291015625,-28.41193389892578,0
52.99,2189.01123046875,-28.347143173217773,0
53,2188.796875,-28.275440216064453,0
53.01,2188.6669921875,-28.116775512695312,0
53.02,2188.54345703125,-27.953113555908203,0
53.03,2188.42626953125,-27.784664154052734,0
53.04,2188.349609375,-27.57583999633789,0
53.05,2188.276611328125,-27.36542510986328,0
53.06,2188.230712890625,-27.128995895385742,0
53.07,2188.188232421875,-26.89164161682129,0
53.08,2188.14892578125,-26.653432846069336,0
53.09,2188.091064453125,-26.43668556213379,0
53.1,2188.0625,-26.19205093383789,0
53.11,2188.010986328125,-25.973560333251953,0
53.12,2187.921875,-25.796375274658203,0
53.13,2187.83642578125,-25.617326736450195,0
53.14,2187.79541015625,-25.394142150878906,0
53.15,2187.716552734375,-25.212488174438477,0
53.16,2187.640869140625,-25.029190063476562,0
53.17,2187.56884765625,-24.84432029724121,0
53.18,2187.497802734375,-24.66020965576172,0
53.19,2187.35498046875,-24.552587509155273,0
53.2,2187.216064453125,-24.44194221496582,0
53.21,2187.076904296875,-24.332805633544922,0
53.22,2186.872802734375,-24.291980743408203,0
53.23,2186.66259765625,-24.257917404174805,0
53.24,2186.4462890625,-24.230531692504883,0
53.25,2186.1748046875,-24.26084327697754,0
53.26,2185.852783203125,-24.34320640563965,0
53.27,2185.51513671875,-24.440937042236328,0
53.28,2185.18359375,-24.531450271606445,0
53.29,2184.853515625,-24.619380950927734,0
53.3,2184.529541015625,-24.700260162353516,0
53.31,2184.215576171875,-24.769704818725586,0
53.32,2183.9072265625,-24.832439422607422,0
53.33,2183.604736328125,-24.88858985900879,0
53.34,2183.36376953125,-24.880434036254883,0
53.35,2183.15576171875,-24.838247299194336,0
53.36,2182.952392578125,-24.791635513305664,0
53.37,2182.725830078125,-24.769594192504883,0
53.38,2182.525390625,-24.720474243164062,0
53.39,2182.3359375,-24.660446166992188,0
53.4,2182.18115234375,-24.56524658203125,0
53.41,2182.030517578125,-24.466768264770508,0
53.42,2181.8837890625,-24.365100860595703,0
53.43,2181.70458984375,-24.298120498657227,0
53.44,2181.458984375,-24.300785064697266,0
53.45,2181.17578125,-24.342710494995117,0
53.46,2180.897705078125,-24.378589630126953,0
53.47,2180.485595703125,-24.553064346313477,0
53.48,2179.9990234375,-24.803146362304688,0
53.49,2179.43017578125,-25.136079788208008,0
53.5,2178.737060546875,-25.594472885131836,0
53.51,2178.0517578125,-26.040191650390625,0
53.52,2177.3759765625,-26.471202850341797,0
53.53,2176.7099609375,-26.887720108032227,0
53.54,2176.053466796875,-27.289949417114258,0
53.55,2175.40869140625,-27.675899505615234,0
53.56,2174.86083984375,-27.956998825073242,0
53.57,2174.370849609375,-28.175277709960938,0
53.58,2173.9873046875,-28.28089141845703,0
53.59,2173.77978515625,-28.20274543762207,0
53.6,2173.57958984375,-28.117938995361328,0
53.61,2173.52783203125,-27.879844665527344,0
53.62,2173.5009765625,-27.61845588684082,0
53.63,2173.477294921875,-27.35655403137207,0
53.64,2173.45654296875,-27.094200134277344,0
53.65,2173.438720703125,-26.83146095275879,0
53.66,2173.402587890625,-26.590641021728516,0
53.67,2173.36083984375,-26.358009338378906,0
53.68,2173.315673828125,-26.131179809570312,0
53.69,2173.26953125,-25.907947540283203,0
53.7,2173.22216796875,-25.688228607177734,0
53.71,2173.154541015625,-25.491989135742188,0
53.72,2173.090087890625,-25.29435157775879,0
53.73,2172.953857421875,-25.1732177734375,0
53.74,2172.804443359375,-25.067005157470703,0
53.75,2172.6591796875,-24.95762825012207,0
53.76,2172.490234375,-24.874073028564453,0
53.77,2172.325439453125,-24.78693199157715,0
53.78,2172.19287109375,-24.667407989501953,0
53.79,2172.064208984375,-24.54508399963379,0
53.8,2171.939453125,-24.4200439453125,0
53.81,2171.792724609375,-24.319067001342773,0
53.82,2171.64990234375,-24.214982986450195,0
53.83,2171.510986328125,-24.10787582397461,0
53.84,2171.3759765625,-23.997835159301758,0
53.85,2171.244873046875,-23.884937286376953,0
53.86,2171.11767578125,-23.769271850585938,0
53.87,2170.993896484375,-23.650915145874023,0
53.88,2170.895263671875,-23.507699966430664,0
53.89,2170.821533203125,-23.340167999267578,0
53.9,2170.7509765625,-23.17110252380371,0
53.91,2170.68359375,-23.000568389892578,0
53.92,2170.619384765625,-22.828636169433594,0
53.93,2170.560302734375,-22.653175354003906,0
53.94,2170.516845703125,-22.463144302368164,0
53.95,2170.48486328125,-22.263330459594727,0
53.96,2170.4833984375,-22.0339298248291,0
53.97,2170.48388671875,-21.80454444885254,0
53.98,2170.48681640625,-21.57522201538086,0
53.99,2170.491943359375,-21.346010208129883,0
54,2170.499267578125,-21.116960525512695,0
54.01,2170.508544921875,-20.888113021850586,0
54.02,2170.47705078125,-20.704002380371094,0
54.03,2170.336669921875,-20.6348819732666,0
54.04,2170.1142578125,-20.65165901184082,0
54.05,2169.746337890625,-20.81913185119629,0
54.06,2169.279541015625,-21.08747673034668,0
54.07,2168.69775390625,-21.472246170043945,0
54.08,2168.0556640625,-21.91549301147461,0
54.09,2167.390380859375,-22.37824249267578,0
54.1,2166.719482421875,-22.84220314025879,0
54.11,2166.04052734375,-23.30950355529785,0
54.12,2165.281494140625,-23.855266571044922,0
54.13,2164.500732421875,-24.417966842651367,0
54.14,2163.72607421875,-24.968353271484375,0
54.15,2162.9619140625,-25.502107620239258,0
54.16,2162.208251953125,-26.019460678100586,0
54.17,2161.46923828125,-26.516189575195312,0
54.18,2160.74072265625,-26.99706268310547,0
54.19,2160.022216796875,-27.462305068969727,0
54.2,2159.32470703125,-27.901039123535156,0
54.21,2158.64794921875,-28.313770294189453,0
54.22,2157.983154296875,-28.709739685058594,0
54.23,2157.349609375,-29.06932258605957,0
54.24,2156.736083984375,-29.404287338256836,0
54.25,2156.149169921875,-29.708362579345703,0
54.26,2155.592529296875,-29.977678298950195,0
54.27,2155.057373046875,-30.221778869628906,0
54.28,2154.5458984375,-30.438936233520508,0
54.29,2154.05126953125,-30.63630485534668,0
54.3,2153.56494140625,-30.823089599609375,0
54.31,2153.103759765625,-30.981727600097656,0
54.32,2152.695556640625,-31.08393096923828,0
54.33,2152.299072265625,-31.172964096069336,0
54.34,2151.93310546875,-31.229196548461914,0
54.35,2151.595458984375,-31.25543212890625,0
54.36,2151.268798828125,-31.270017623901367,0
54.37,2150.94873046875,-31.27763557434082,0
54.38,2150.63525390625,-31.278430938720703,0
54.39,2150.328125,-31.272546768188477,0
54.4,2150.02734375,-31.260116577148438,0
54.41,2149.728759765625,-31.245729446411133,0
54.42,2149.391357421875,-31.271495819091797,0
54.43,2149.05859375,-31.29231834411621,0
54.44,2148.72802734375,-31.31049346923828,0
54.45,2148.3701171875,-31.357040405273438,0
54.46,2148.014892578125,-31.40040397644043,0
54.47,2147.630126953125,-31.47385597229004,0
54.48,2147.25048828125,-31.541288375854492,0
54.49,2146.8779296875,-31.600614547729492,0
54.5,2146.512451171875,-31.65199089050293,0
54.51,2146.154052734375,-31.695566177368164,0
54.52,2145.791748046875,-31.742586135864258,0
54.53,2145.43017578125,-31.78851890563965,0
54.54,2145.069091796875,-31.833385467529297,0
54.55,2144.706298828125,-31.879384994506836,0
54.56,2144.34619140625,-31.92209243774414,0
54.57,2143.9931640625,-31.95711326599121,0
54.58,2143.64697265625,-31.98460578918457,0
54.59,2143.303466796875,-32.009159088134766,0
54.6,2142.962646484375,-32.030784606933594,0
54.61,2142.62841796875,-32.04513931274414,0
54.62,2142.296630859375,-32.05681610107422,0
54.63,2141.9716796875,-32.06142044067383,0
54.64,2141.65771484375,-32.05465316772461,0
54.65,2141.345947265625,-32.0456428527832,0
54.66,2141.04052734375,-32.02998733520508,0
54.67,2140.741455078125,-32.00782775878906,0
54.68,2140.4638671875,-31.96381187438965,0
54.69,2140.1923828125,-31.913890838623047,0
54.7,2139.92919921875,-31.855945587158203,0
54.71,2139.676025390625,-31.788005828857422,0
54.72,2139.4287109375,-31.71468734741211,0
54.73,2139.193603515625,-31.629470825195312,0
54.74,2138.97705078125,-31.525970458984375,0
54.75,2138.787353515625,-31.39569664001465,0
54.76,2138.611328125,-31.252567291259766,0
54.77,2138.4404296875,-31.1057186126709,0
54.78,2138.2744140625,-30.955259323120117,0
54.79,2138.083251953125,-30.832317352294922,0
54.8,2137.897216796875,-30.7053279876709,0
54.81,2137.712158203125,-30.57879638671875,0
54.82,2137.527587890625,-30.452791213989258,0
54.83,2137.326904296875,-30.345016479492188,0
54.84,2137.13134765625,-30.232986450195312,0
54.85,2136.941162109375,-30.1168155670166,0
54.86,2136.755859375,-29.996612548828125,0
54.87,2136.575439453125,-29.872486114501953,0
54.88,2136.555908203125,-29.582822799682617,0
54.89,2136.53955078125,-29.29280662536621,0
54.9,2136.558349609375,-28.969228744506836,0
54.91,2136.603515625,-28.621740341186523,0
54.92,2136.653564453125,-28.273038864135742,0
54.93,2136.7099609375,-27.92108154296875,0
54.94,2136.80712890625,-27.530481338500977,0
54.95,2136.90625,-27.14203453063965,0
54.96,2137.007080078125,-26.75578498840332,0
54.97,2137.109619140625,-26.371767044067383,0
54.98,2137.2138671875,-25.990018844604492,0
54.99,2137.319580078125,-25.610570907592773,0
55,2137.456787109375,-25.20237922668457,0
55.01,2137.595458984375,-24.79720115661621,0
55.02,2137.66455078125,-24.46826171875,0
55.03,2137.7353515625,-24.140869140625,0
55.04,2137.807861328125,-23.815052032470703,0
55.05,2137.88232421875,-23.490854263305664,0
55.06,2137.966796875,-23.159467697143555,0
55.07,2138.052734375,-22.82994842529297,0
55.08,2138.108154296875,-22.53555679321289,0
55.09,2138.1630859375,-22.24466323852539,0
55.1,2138.20068359375,-21.974933624267578,0
55.11,2138.239990234375,-21.70606231689453,0
55.12,2138.24267578125,-21.478004455566406,0
55.13,2138.14501953125,-21.356414794921875,0
55.14,2138.016357421875,-21.2681884765625,0
55.15,2137.878662109375,-21.190526962280273,0
55.16,2137.72509765625,-21.1298770904541,0
55.17,2137.5712890625,-21.070419311523438,0
55.18,2137.369873046875,-21.06084632873535,0
55.19,2137.14697265625,-21.07355499267578,0
55.2,2136.89453125,-21.116931915283203,0
55.21,2136.6318359375,-21.170406341552734,0
55.22,2136.3740234375,-21.218273162841797,0
55.23,2136.099609375,-21.282760620117188,0
55.24,2135.806884765625,-21.365711212158203,0
55.25,2135.51513671875,-21.446849822998047,0
55.26,2135.196533203125,-21.554922103881836,0
55.27,2134.83642578125,-21.704824447631836,0
55.28,2134.46728515625,-21.86250877380371,0
55.29,2134.1044921875,-22.012296676635742,0
55.3,2133.670654296875,-22.23392677307129,0
55.31,2133.237060546875,-22.45290756225586,0
55.32,2132.80615234375,-22.667055130004883,0
55.33,2132.375732421875,-22.878564834594727,0
55.34,2131.909423828125,-23.125104904174805,0
55.35,2131.446044921875,-23.366052627563477,0
55.36,2130.98974609375,-23.597074508666992,0
55.37,2130.51708984375,-23.842639923095703,0
55.38,2130.04736328125,-24.082477569580078,0
55.39,2129.5830078125,-24.314449310302734,0
55.4,2129.113037109375,-24.549760818481445,0
55.41,2128.650390625,-24.775005340576172,0
55.42,2128.154541015625,-25.03229522705078,0
55.43,2127.66650390625,-25.278966903686523,0
55.44,2127.177734375,-25.524024963378906,0
55.45,2126.681640625,-25.774097442626953,0
55.46,2126.188720703125,-26.017988204956055,0
55.47,2125.697265625,-26.257909774780273,0
55.48,2125.21337890625,-26.487308502197266,0
55.49,2124.739501953125,-26.704158782958984,0
55.5,2124.273193359375,-26.910863876342773,0
55.51,2123.814453125,-27.10759162902832,0
55.52,2123.36328125,-27.29450225830078,0
55.53,2122.91943359375,-27.471757888793945,0
55.54,2122.483154296875,-27.6395206451416,0
55.55,2122.05419921875,-27.797950744628906,0
55.56,2121.63232421875,-27.94720458984375,0
55.57,2121.228271484375,-28.076398849487305,0
55.58,2120.820556640625,-28.207996368408203,0
55.59,2120.41162109375,-28.339717864990234,0
55.6,2120.009521484375,-28.462696075439453,0
55.61,2119.601806640625,-28.590307235717773,0
55.62,2119.197021484375,-28.713653564453125,0
55.63,2118.79931640625,-28.82834815979004,0
55.64,2118.37890625,-28.965452194213867,0
55.65,2117.955322265625,-29.10460662841797,0
55.66,2117.5283203125,-29.245737075805664,0
55.67,2117.097900390625,-29.388776779174805,0
55.68,2116.6728515625,-29.524808883666992,0
55.69,2116.23193359375,-29.676076889038086,0
55.7,2115.770751953125,-29.846569061279297,0
55.71,2115.31103515625,-30.01384162902832,0
55.72,2114.822998046875,-30.208782196044922,0
55.73,2114.30908203125,-30.42858123779297,0
55.74,2113.760986328125,-30.6815242767334,0
55.75,2113.206787109375,-30.938156127929688,0
55.76,2112.66162109375,-31.182926177978516,0
55.77,2112.108154296875,-31.433704376220703,0
55.78,2111.55712890625,-31.679224014282227,0
55.79,2110.989501953125,-31.939411163330078,0
55.8,2110.392822265625,-32.227142333984375,0
55.81,2109.773681640625,-32.53519821166992,0
55.82,2109.153564453125,-32.84096908569336,0
55.83,2108.5390625,-33.13791275024414,0
55.84,2107.923583984375,-33.43267822265625,0
55.85,2107.31591796875,-33.716461181640625,0
55.86,2106.71337890625,-33.9916877746582,0
55.87,2106.12060546875,-34.25402069091797,0
55.88,2105.537353515625,-34.503665924072266,0
55.89,2104.9638671875,-34.74082946777344,0
55.9,2104.399658203125,-34.96572494506836,0
55.91,2103.83642578125,-35.18733215332031,0
55.92,2103.28271484375,-35.39689254760742,0
55.93,2102.69775390625,-35.63648986816406,0
55.94,2102.122314453125,-35.86357116699219,0
55.95,2101.5673828125,-36.06731414794922,0
55.96,2101.021728515625,-36.25918960571289,0
55.97,2100.474853515625,-36.45043182373047,0
55.98,2099.90966796875,-36.658634185791016,0
55.99,2099.35400390625,-36.8547477722168,0
56,2098.807861328125,-37.03898239135742,0
56.01,2098.2626953125,-37.22032928466797,0
56.02,2097.7353515625,-37.38123321533203,0
56.03,2097.208984375,-37.53965759277344,0
56.04,2096.691650390625,-37.686832427978516,0
56.05,2096.162109375,-37.84501647949219,0
56.06,2095.637939453125,-37.99627685546875,0
56.07,2095.123046875,-38.13633728027344,0
56.08,2094.587646484375,-38.29624938964844,0
56.09,2094.048828125,-38.457889556884766,0
56.1,2093.515380859375,-38.61246871948242,0
56.11,2092.976318359375,-38.77101516723633,0
56.12,2092.44677734375,-38.91804504394531,0
56.13,2091.909912109375,-39.071380615234375,0
56.14,2091.371826171875,-39.224281311035156,0
56.15,2090.84326171875,-39.365684509277344,0
56.16,2090.320068359375,-39.50018310546875,0
56.17,2089.810302734375,-39.61912155151367,0
56.18,2089.309814453125,-39.7271728515625,0
56.19,2088.81884765625,-39.82453918457031,0
56.2,2088.3115234375,-39.93782043457031,0
56.21,2087.8134765625,-40.04026794433594,0
56.22,2087.3564453125,-40.099098205566406,0
56.23,2086.908203125,-40.1481819152832,0
56.24,2086.4921875,-40.163448333740234,0
56.25,2086.114013671875,-40.1390495300293,0
56.26,2085.750244140625,-40.09995651245117,0
56.27,2085.415771484375,-40.03112030029297,0
56.28,2085.118408203125,-39.92431640625,0
56.29,2084.900390625,-39.73633575439453,0
56.3,2084.7099609375,-39.52167892456055,0
56.31,2084.527587890625,-39.300819396972656,0
56.32,2084.376708984375,-39.04966735839844,0
56.33,2084.318603515625,-38.7049560546875,0
56.34,2084.2841796875,-38.339263916015625,0
56.35,2084.273193359375,-37.95304870605469,0
56.36,2084.26611328125,-37.56667709350586,0
56.37,2084.262939453125,-37.180240631103516,0
56.38,2084.263671875,-36.793819427490234,0
56.39,2084.26806640625,-36.40749740600586,0
56.4,2084.27197265625,-36.02579879760742,0
56.41,2084.25830078125,-35.6662712097168,0
56.42,2084.193115234375,-35.3638916015625,0
56.43,2084.132080078125,-35.060184478759766,0
56.44,2084.075439453125,-34.755245208740234,0
56.45,2084.02294921875,-34.44916534423828,0
56.46,2083.93408203125,-34.18391036987305,0
56.47,2083.849853515625,-33.91682052612305,0
56.48,2083.78466796875,-33.63257598876953,0
56.49,2083.689453125,-33.38223648071289,0
56.5,2083.6328125,-33.094688415527344,0
56.51,2083.580078125,-32.805992126464844,0
56.52,2083.49951171875,-32.549278259277344,0
56.53,2083.423095703125,-32.2909049987793,0
56.54,2083.3505859375,-32.03095626831055,0
56.55,2083.29296875,-31.75848960876465,0
56.56,2083.243408203125,-31.480457305908203,0
56.57,2083.19775390625,-31.201433181762695,0
56.58,2083.162109375,-30.914852142333984,0
56.59,2083.1298828125,-30.627574920654297,0
56.6,2083.109375,-30.330890655517578,0
56.61,2083.10302734375,-30.02280616760254,0
56.62,2083.099853515625,-29.714649200439453,0
56.63,2083.099853515625,-29.406494140625,0
56.64,2083.109375,-29.091766357421875,0
56.65,2083.149169921875,-28.748653411865234,0
56.66,2083.19775390625,-28.399871826171875,0
56.67,2083.2490234375,-28.052204132080078,0
56.68,2083.302490234375,-27.70570182800293,0
56.69,2083.37744140625,-27.340545654296875,0
56.7,2083.435302734375,-26.996931076049805,0
56.71,2083.514404296875,-26.634756088256836,0
56.72,2083.595458984375,-26.27434539794922,0
56.73,2083.672119140625,-25.922380447387695,0
56.74,2083.73779296875,-25.58534812927246,0
56.75,2083.80322265625,-25.251981735229492,0
56.76,2083.870849609375,-24.92008399963379,0
56.77,2083.935791015625,-24.59408950805664,0
56.78,2083.97509765625,-24.298200607299805,0
56.79,2084.01025390625,-24.00985336303711,0
56.8,2084.041015625,-23.728960037231445,0
56.81,2084.046142578125,-23.477428436279297,0
56.82,2084.051513671875,-23.228254318237305,0
56.83,2084.059326171875,-22.979251861572266,0
56.84,2084.06298828125,-22.73705291748047,0
56.85,2084.069091796875,-22.494983673095703,0
56.86,2084.058349609375,-22.272905349731445,0
56.87,2083.996826171875,-22.105751037597656,0
56.88,2083.931884765625,-21.943910598754883,0
56.89,2083.86767578125,-21.78296661376953,0
56.9,2083.800048828125,-21.62727928161621,0
56.91,2083.73095703125,-21.474573135375977,0
56.92,2083.65185546875,-21.333650588989258,0
56.93,2083.56103515625,-21.206499099731445,0
56.94,2083.473388671875,-21.07744026184082,0
56.95,2083.38671875,-20.948740005493164,0
56.96,2083.2626953125,-20.86009407043457,0
56.97,2083.131591796875,-20.779804229736328,0
56.98,2082.989013671875,-20.712158203125,0
56.99,2082.82666015625,-20.665693283081055,0
57,2082.668212890625,-20.615779876708984,0
57.01,2082.511474609375,-20.564697265625,0
57.02,2082.2841796875,-20.587339401245117,0
57.03,2082.0146484375,-20.653539657592773,0
57.04,2081.698974609375,-20.76677703857422,0
57.05,2081.388671875,-20.87326431274414,0
57.06,2081.083740234375,-20.973121643066406,0
57.07,2080.783935546875,-21.06646156311035,0
57.08,2080.4619140625,-21.18198013305664,0
57.09,2080.1494140625,-21.286224365234375,0
57.1,2079.838134765625,-21.388181686401367,0
57.11,2079.532470703125,-21.48348617553711,0
57.12,2079.234130859375,-21.570064544677734,0
57.13,2078.94091796875,-21.6502685546875,0
57.14,2078.6552734375,-21.722015380859375,0
57.15,2078.374755859375,-21.787662506103516,0
57.16,2078.097412109375,-21.849519729614258,0
57.17,2077.824951171875,-21.905452728271484,0
57.18,2077.528076171875,-21.986356735229492,0
57.19,2077.265869140625,-22.030132293701172,0
57.2,2076.979248046875,-22.099102020263672,0
57.21,2076.68701171875,-22.172927856445312,0
57.22,2076.400146484375,-22.240514755249023,0
57.23,2076.118408203125,-22.30197525024414,0
57.24,2075.835693359375,-22.3640079498291,0
57.25,2075.55810546875,-22.420001983642578,0
57.26,2075.28564453125,-22.470073699951172,0
57.27,2075.07763671875,-22.452762603759766,0
57.28,2074.8740234375,-22.431020736694336,0
57.29,2074.6875,-22.391780853271484,0
57.3,2074.509521484375,-22.34418487548828,0
57.31,2074.337890625,-22.290613174438477,0
57.32,2074.2041015625,-22.198165893554688,0
57.33,2074.10791015625,-22.067718505859375,0
57.34,2074.0234375,-21.926464080810547,0
57.35,2073.93359375,-21.792224884033203,0
57.36,2073.855224609375,-21.647315979003906,0
57.37,2073.771484375,-21.509552001953125,0
57.38,2073.688720703125,-21.372230529785156,0
57.39,2073.611328125,-21.23098373413086,0
57.4,2073.545166015625,-21.07933235168457,0
57.41,2073.49267578125,-20.915279388427734,0
57.42,2073.478759765625,-20.712766647338867,0
57.43,2073.53515625,-20.439546585083008,0
57.44,2073.6396484375,-20.11912727355957,0
57.45,2073.747314453125,-19.79880714416504,0
57.46,2073.85595703125,-19.48084831237793,0
57.47,2073.969482421875,-19.1608829498291,0
57.48,2074.0859375,-18.841209411621094,0
57.49,2074.201171875,-18.52627944946289,0
57.5,2074.317138671875,-18.213871002197266,0
57.51,2074.433837890625,-17.904001235961914,0
57.52,2074.546875,-17.60107421875,0
57.53,2074.652099609375,-17.309452056884766,0
57.54,2074.60302734375,-17.180809020996094,0
57.55,2074.503173828125,-17.106128692626953,0
57.56,2074.25341796875,-17.187646865844727,0
57.57,2074.00390625,-17.268217086791992,0
57.58,2073.754638671875,-17.34784698486328,0
57.59,2073.430908203125,-17.50347137451172,0
57.6,2073.063720703125,-17.70270538330078,0
57.61,2072.66845703125,-17.92919158935547,0
57.62,2072.2685546875,-18.158187866210938,0
57.63,2071.86181640625,-18.391780853271484,0
57.64,2071.41455078125,-18.664949417114258,0
57.65,2070.920654296875,-18.98345375061035,0
57.66,2070.387451171875,-19.339603424072266,0
57.67,2069.84912109375,-19.69748878479004,0
57.68,2069.309814453125,-20.0526123046875,0
57.69,2068.776123046875,-20.39837074279785,0
57.7,2068.2392578125,-20.743654251098633,0
57.71,2067.669677734375,-21.119131088256836,0
57.72,2067.0595703125,-21.532819747924805,0
57.73,2066.45166015625,-21.940013885498047,0
57.74,2065.847900390625,-22.338560104370117,0
57.75,2065.244384765625,-22.732940673828125,0
57.76,2064.640869140625,-23.123167037963867,0
57.77,2064.03955078125,-23.507038116455078,0
57.78,2063.43408203125,-23.891132354736328,0
57.79,2062.828857421875,-24.271024703979492,0
57.8,2062.221923828125,-24.648923873901367,0
57.81,2061.62353515625,-25.013813018798828,0
57.82,2061.021240234375,-25.379045486450195,0
57.83,2060.419189453125,-25.74009132385254,0
57.84,2059.81982421875,-26.094829559326172,0
57.85,2059.229248046875,-26.436723709106445,0
57.86,2058.638916015625,-26.774744033813477,0
57.87,2058.046875,-27.111093521118164,0
57.88,2057.474365234375,-27.423789978027344,0
57.89,2056.89990234375,-27.73520278930664,0
57.9,2056.334228515625,-28.034313201904297,0
57.91,2055.775146484375,-28.32350730895996,0
57.92,2055.224609375,-28.600730895996094,0
57.93,2054.682861328125,-28.866172790527344,0
57.94,2054.151611328125,-29.11782455444336,0
57.95,2053.6435546875,-29.342741012573242,0
57.96,2053.143798828125,-29.55678939819336,0
57.97,2052.652099609375,-29.760149002075195,0
57.98,2052.16845703125,-29.952993392944336,0
57.99,2051.669677734375,-30.159637451171875,0
58,2051.16650390625,-30.368730545043945,0
58.01,2050.70751953125,-30.52980613708496,0
58.02,2050.197021484375,-30.742464065551758,0
58.03,2049.688720703125,-30.950790405273438,0
58.04,2049.186767578125,-31.150386810302734,0
58.05,2048.691162109375,-31.341440200805664,0
58.06,2048.186767578125,-31.53945541381836,0
58.07,2047.6907958984375,-31.726686477661133,0
58.08,2047.2032470703125,-31.903316497802734,0
58.09,2046.717529296875,-32.076107025146484,0
58.1,2046.231689453125,-32.24724197387695,0
58.11,2045.7520751953125,-32.410186767578125,0
58.12,2045.2723388671875,-32.5716667175293,0
58.13,2044.7882080078125,-32.73600769042969,0
58.14,2044.284912109375,-32.91847229003906,0
58.15,2043.76904296875,-33.11206817626953,0
58.16,2043.24072265625,-33.31658172607422,0
58.17,2042.7213134765625,-33.509803771972656,0
58.18,2042.20849609375,-33.694114685058594,0
58.19,2041.7001953125,-33.87185287475586,0
58.2,2041.1942138671875,-34.045257568359375,0
58.21,2040.673828125,-34.23193359375,0
58.22,2040.1412353515625,-34.42937469482422,0
58.23,2039.6175537109375,-34.61543273925781,0
58.24,2039.0921630859375,-34.801273345947266,0
58.25,2038.5716552734375,-34.98021697998047,0
58.26,2038.06005859375,-35.14803695678711,0
58.27,2037.551025390625,-35.31150817871094,0
58.28,2037.042236328125,-35.47288513183594,0
58.29,2036.512939453125,-35.65399932861328,0
58.3,2035.99267578125,-35.82380294799805,0
58.31,2035.4814453125,-35.98249053955078,0
58.32,2035.0086669921875,-36.09965133666992,0
58.33,2034.55712890625,-36.19355010986328,0
58.34,2034.1160888671875,-36.27561950683594,0
58.35,2033.6832275390625,-36.3482780456543,0
58.36,2033.258544921875,-36.411705017089844,0
58.37,2032.842041015625,-36.46607208251953,0
58.38,2032.4356689453125,-36.509422302246094,0
58.39,2032.037109375,-36.54410934448242,0
58.4,2031.6484375,-36.56810760498047,0
58.41,2031.267578125,-36.583824157714844,0
58.42,2030.8944091796875,-36.591426849365234,0
58.43,2030.52880859375,-36.59107971191406,0
58.44,2030.170654296875,-36.58294677734375,0
58.45,2029.8199462890625,-36.56719207763672,0
58.46,2029.518798828125,-36.50019073486328,0
58.47,2029.235107421875,-36.41582107543945,0
58.48,2028.97705078125,-36.30573654174805,0
58.49,2028.7254638671875,-36.190181732177734,0
58.5,2028.4505615234375,-36.09995651245117,0
58.51,2028.177978515625,-36.00823211669922,0
58.52,2027.911865234375,-35.91072082519531,0
58.53,2027.6141357421875,-35.847007751464844,0
58.54,2027.3231201171875,-35.77696990966797,0
58.55,2027.0029296875,-35.73794174194336,0
58.56,2026.689697265625,-35.69210433959961,0
58.57,2026.3812255859375,-35.64179611206055,0
58.58,2026.0732421875,-35.591514587402344,0
58.59,2025.7720947265625,-35.53468704223633,0
58.6,2025.4776611328125,-35.471458435058594,0
58.61,2025.154052734375,-35.43916702270508,0
58.62,2024.8079833984375,-35.43059539794922,0
58.63,2024.454345703125,-35.429962158203125,0
58.64,2024.0889892578125,-35.44149398803711,0
58.65,2023.7099609375,-35.46712875366211,0
58.66,2023.306884765625,-35.517433166503906,0
58.67,2022.89453125,-35.57664108276367,0
58.68,2022.490234375,-35.62705993652344,0
58.69,2022.0936279296875,-35.668853759765625,0
58.7,2021.704833984375,-35.70219421386719,0
58.71,2021.3046875,-35.7469482421875,0
58.72,2020.9312744140625,-35.76347351074219,0
58.73,2020.5653076171875,-35.77204513549805,0
58.74,2020.21533203125,-35.764102935791016,0
58.75,2019.8851318359375,-35.735599517822266,0
58.76,2019.597900390625,-35.662879943847656,0
58.77,2019.342529296875,-35.55784225463867,0
58.78,2019.09765625,-35.442996978759766,0
58.79,2018.8758544921875,-35.30546569824219,0
58.8,2018.74853515625,-35.07136154174805,0
58.81,2018.6451416015625,-34.81490707397461,0
58.82,2018.5654296875,-34.536556243896484,0
58.83,2018.59130859375,-34.15152359008789,0
58.84,2018.620361328125,-33.767120361328125,0
58.85,2018.6654052734375,-33.37025833129883,0
58.86,2018.7132568359375,-32.97443771362305,0
58.87,2018.7830810546875,-32.56003189086914,0
58.88,2018.857666015625,-32.14500427246094,0
58.89,2018.9327392578125,-31.73385238647461,0
58.9,2018.9996337890625,-31.33535385131836,0
58.91,2019.0606689453125,-30.94709014892578,0
58.92,2019.124267578125,-30.560209274291992,0
58.93,2019.1904296875,-30.174766540527344,0
58.94,2019.267333984375,-29.78209114074707,0
58.95,2019.3485107421875,-29.38894271850586,0
58.96,2019.4298095703125,-28.999801635742188,0
58.97,2019.509033203125,-28.616804122924805,0
58.98,2019.5841064453125,-28.242164611816406,0
58.99,2019.6612548828125,-27.86920166015625,0
59,2019.740478515625,-27.497962951660156,0
59.01,2019.8216552734375,-27.128490447998047,0
59.02,2019.9049072265625,-26.760828018188477,0
59.03,2019.989990234375,-26.395015716552734,0
59.04,2020.0770263671875,-26.03109359741211,0
59.05,2020.1573486328125,-25.677879333496094,0
59.06,2020.2393798828125,-25.326448440551758,0
59.07,2020.3316650390625,-24.96806526184082,0
59.08,2020.438232421875,-24.598615646362305,0
59.09,2020.571533203125,-24.20524024963379,0
59.1,2020.775634765625,-23.742490768432617,0
59.11,2020.9801025390625,-23.2841854095459,0
59.12,2021.18701171875,-22.828140258789062,0
59.13,2021.3941650390625,-22.376596450805664,0
59.14,2021.6014404296875,-21.929561614990234,0
59.15,2021.8067626953125,-21.48923110961914,0
59.16,2022.01220703125,-21.05336570739746,0
59.17,2022.2197265625,-20.619773864746094,0
59.18,2022.4146728515625,-20.20380401611328,0
59.19,2022.609619140625,-19.79207420349121,0
59.2,2022.779296875,-19.410913467407227,0
59.21,2022.9281005859375,-19.055330276489258,0
59.22,2023.0645751953125,-18.716157913208008,0
59.23,2023.2080078125,-18.373384475708008,0
59.24,2023.351806640625,-18.03373908996582,0
59.25,2023.4896240234375,-17.70380973815918,0
59.26,2023.625732421875,-17.37902069091797,0
59.27,2023.76220703125,-17.05719757080078,0
59.28,2023.899169921875,-16.738351821899414,0
59.29,2024.036376953125,-16.4224910736084,0
59.3,2024.1527099609375,-16.131561279296875,0
59.31,2024.2252197265625,-15.889131546020508,0
59.32,2024.273193359375,-15.674571990966797,0
59.33,2024.2843017578125,-15.500456809997559,0
59.34,2024.326416015625,-15.296013832092285,0
59.35,2024.36962890625,-15.092512130737305,0
59.36,2024.384521484375,-14.920576095581055,0
59.37,2024.398681640625,-14.751192092895508,0
59.38,2024.412109375,-14.58434009552002,0
59.39,2024.4267578125,-14.417808532714844,0
59.4,2024.3626708984375,-14.334773063659668,0
59.41,2024.2733154296875,-14.278861045837402,0
59.42,2024.18408203125,-14.223250389099121,0
59.43,2024.072021484375,-14.19196605682373,0
59.44,2023.96044921875,-14.160494804382324,0
59.45,2023.8388671875,-14.139765739440918,0
59.46,2023.686279296875,-14.151445388793945,0
59.47,2023.519775390625,-14.177370071411133,0
59.48,2023.3037109375,-14.254426956176758,0
59.49,2023.0069580078125,-14.414284706115723,0
59.5,2022.6832275390625,-14.600537300109863,0
59.51,2022.3453369140625,-14.799542427062988,0
59.52,2022.0040283203125,-15.000033378601074,0
59.53,2021.6593017578125,-15.201935768127441,0
59.54,2021.290283203125,-15.427056312561035,0
59.55,2020.9139404296875,-15.657380104064941,0
59.56,2020.54296875,-15.87964153289795,0
59.57,2020.177490234375,-16.093957901000977,0
59.58,2019.802734375,-16.315750122070312,0
59.59,2019.4481201171875,-16.514211654663086,0
59.6,2019.098876953125,-16.705081939697266,0
59.61,2018.73193359375,-16.91249656677246,0
59.62,2018.37890625,-17.103336334228516,0
59.63,2018.0185546875,-17.299671173095703,0
59.64,2017.67626953125,-17.47524070739746,0
59.65,2017.3560791015625,-17.625988006591797,0
59.66,2017.041015625,-17.769886016845703,0
59.67,2016.7310791015625,-17.907045364379883,0
59.68,2016.4429931640625,-18.02008056640625,0
59.69,2016.1259765625,-18.161951065063477,0
59.7,2015.8477783203125,-18.262048721313477,0
59.71,2015.616455078125,-18.31255340576172,0
59.72,2015.389404296875,-18.358121871948242,0
59.73,2015.185546875,-18.379152297973633,0
59.74,2014.985595703125,-18.395837783813477,0
59.75,2014.8001708984375,-18.39735221862793,0
59.76,2014.6248779296875,-18.388397216796875,0
59.77,2014.4532470703125,-18.37571144104004,0
59.78,2014.2852783203125,-18.359375,0
59.79,2014.1988525390625,-18.258569717407227,0
59.8,2014.115234375,-18.15594482421875,0
59.81,2014.0469970703125,-18.038454055786133,0
59.82,2013.981201171875,-17.91953468322754,0
59.83,2013.91796875,-17.799240112304688,0
59.84,2013.8446044921875,-17.69073486328125,0
59.85,2013.7864990234375,-17.567583084106445,0
59.86,2013.730712890625,-17.443220138549805,0
59.87,2013.708984375,-17.28489875793457,0
59.88,2013.701904296875,-17.113046646118164,0
59.89,2013.732421875,-16.903947830200195,0
59.9,2013.798095703125,-16.660558700561523,0
59.91,2013.86474609375,-16.41861915588379,0
59.92,2013.9324951171875,-16.178152084350586,0
59.93,2014.001220703125,-15.939179420471191,0
59.94,2014.07080078125,-15.701719284057617,0
59.95,2014.1075439453125,-15.500778198242188,0
59.96,2014.1138916015625,-15.333405494689941,0
59.97,2014.102783203125,-15.185892105102539,0
59.98,2013.901611328125,-15.237025260925293,0
59.99,2013.69775390625,-15.290388107299805,0
60,2013.37548828125,-15.466018676757812,0
60.01,2013.0560302734375,-15.636944770812988,0
60.02,2012.6761474609375,-15.868709564208984,0
60.03,2012.2449951171875,-16.151229858398438,0
60.04,2011.773681640625,-16.47249412536621,0
60.05,2011.285888671875,-16.8076229095459,0
60.06,2010.7310791015625,-17.208621978759766,0
60.07,2010.11865234375,-17.665285110473633,0
60.08,2009.42822265625,-18.198083877563477,0
60.09,2008.7257080078125,-18.73789405822754,0
60.1,2008.0323486328125,-19.262632369995117,0
60.11,2007.3480224609375,-19.772497177124023,0
60.12,2006.643310546875,-20.298171997070312,0
60.13,2005.941650390625,-20.81525993347168,0
60.14,2005.2073974609375,-21.3608341217041,0
60.15,2004.4765625,-21.897186279296875,0
60.16,2003.76171875,-22.41133689880371,0
60.17,2003.056640625,-22.910160064697266,0
60.18,2002.361083984375,-23.39386558532715,0
60.19,2001.6751708984375,-23.86266326904297,0
60.2,2001.000732421875,-24.314563751220703,0
60.21,2000.3441162109375,-24.74329376220703,0
60.22,1999.6988525390625,-25.155811309814453,0
60.23,1999.0670166015625,-25.55012321472168,0
60.24,1998.4464111328125,-25.928701400756836,0
60.25,1997.8369140625,-26.291851043701172,0
60.26,1997.253173828125,-26.62451171875,0
60.27,1996.6802978515625,-26.942480087280273,0
60.28,1996.1224365234375,-27.24165916442871,0
60.29,1995.572998046875,-27.52889633178711,0
60.3,1995.0299072265625,-27.806575775146484,0
60.31,1994.4974365234375,-28.0704345703125,0
60.32,1993.9732666015625,-28.322900772094727,0
60.33,1993.47412109375,-28.546777725219727,0
60.34,1992.9661865234375,-28.77735710144043,0
60.35,1992.466552734375,-28.99707794189453,0
60.36,1991.97509765625,-29.20611572265625,0
60.37,1991.4893798828125,-29.406843185424805,0
60.38,1991.0159912109375,-29.592853546142578,0
60.39,1990.565185546875,-29.753503799438477,0
60.4,1990.107421875,-29.919767379760742,0
60.41,1989.6573486328125,-30.076250076293945,0
60.42,1989.2149658203125,-30.22311782836914,0
60.43,1988.7864990234375,-30.354013442993164,0
60.44,1988.365478515625,-30.475759506225586,0
60.45,1987.951904296875,-30.588518142700195,0
60.46,1987.550048828125,-30.68805694580078,0
60.47,1987.1553955078125,-30.779020309448242,0
60.48,1986.7637939453125,-30.865957260131836,0
60.49,1986.3792724609375,-30.944536209106445,0
60.5,1985.9893798828125,-31.027963638305664,0
60.51,1985.606689453125,-31.103073120117188,0
60.52,1985.2310791015625,-31.170021057128906,0
60.53,1984.8521728515625,-31.239810943603516,0
60.54,1984.49072265625,-31.290668487548828,0
60.55,1984.125732421875,-31.34467315673828,0
60.56,1983.765625,-31.39308738708496,0
60.57,1983.412353515625,-31.433826446533203,0
60.58,1983.0660400390625,-31.467037200927734,0
60.59,1982.7264404296875,-31.492868423461914,0
60.6,1982.368408203125,-31.537569046020508,0
60.61,1982.0172119140625,-31.57463836669922,0
60.62,1981.6728515625,-31.604225158691406,0
60.63,1981.3291015625,-31.632997512817383,0
60.64,1980.9984130859375,-31.647926330566406,0
60.65,1980.7015380859375,-31.627513885498047,0
60.66,1980.4110107421875,-31.600786209106445,0
60.67,1980.1456298828125,-31.548307418823242,0
60.68,1979.88623046875,-31.49019432067871,0
60.69,1979.634765625,-31.424375534057617,0
60.7,1979.38916015625,-31.353219985961914,0
60.71,1979.1492919921875,-31.276851654052734,0
60.72,1978.9151611328125,-31.19539451599121,0
60.73,1978.697021484375,-31.098112106323242,0
60.74,1978.4842529296875,-30.99620819091797,0
60.75,1978.2833251953125,-30.88321876525879,0
60.76,1978.095947265625,-30.757312774658203,0
60.77,1977.9471435546875,-30.592575073242188,0
60.78,1977.8031005859375,-30.424705505371094,0
60.79,1977.6910400390625,-30.225515365600586,0
60.8,1977.5831298828125,-30.023983001708984,0
60.81,1977.4793701171875,-29.8201961517334,0
60.82,1977.3861083984375,-29.6076602935791,0
60.83,1977.31787109375,-29.371421813964844,0
60.84,1977.2554931640625,-29.131587982177734,0
60.85,1977.215576171875,-28.870908737182617,0
60.86,1977.1622314453125,-28.626869201660156,0
60.87,1977.1123046875,-28.381746292114258,0
60.88,1977.0638427734375,-28.13774871826172,0
60.89,1977.020751953125,-27.890636444091797,0
60.9,1976.98095703125,-27.64266014099121,0
60.91,1976.9403076171875,-27.39822006225586,0
60.92,1976.8861083984375,-27.170406341552734,0
60.93,1976.8350830078125,-26.941486358642578,0
60.94,1976.7874755859375,-26.711530685424805,0
60.95,1976.7430419921875,-26.48061180114746,0
60.96,1976.7017822265625,-26.248796463012695,0
60.97,1976.6552734375,-26.02486801147461,0
60.98,1976.6119384765625,-25.79999542236328,0
60.99,1976.514892578125,-25.63307762145996,0
61,1976.41943359375,-25.466266632080078,0
61.01,1976.304443359375,-25.3214168548584,0
61.02,1976.1890869140625,-25.178543090820312,0
61.03,1975.9871826171875,-25.126827239990234,0
61.04,1975.779541015625,-25.081682205200195,0
61.05,1975.5701904296875,-25.038652420043945,0
61.06,1975.3131103515625,-25.04555892944336,0
61.07,1974.977294921875,-25.133995056152344,0
61.08,1974.599365234375,-25.26526641845703,0
61.09,1974.1502685546875,-25.468891143798828,0
61.1,1973.6414794921875,-25.732481002807617,0
61.11,1973.1236572265625,-26.002565383911133,0
61.12,1972.61181640625,-26.26370620727539,0
61.13,1972.0889892578125,-26.533470153808594,0
61.14,1971.5511474609375,-26.815946578979492,0
61.15,1970.935791015625,-27.175945281982422,0
61.16,1970.304443359375,-27.548810958862305,0
61.17,1969.6656494140625,-27.925533294677734,0
61.18,1969.023681640625,-28.30156898498535,0
61.19,1968.391357421875,-28.663862228393555,0
61.2,1967.7412109375,-29.040855407714844,0
61.21,1967.1007080078125,-29.4039306640625,0
61.22,1966.44873046875,-29.775005340576172,0
61.23,1965.7982177734375,-30.14078140258789,0
61.24,1965.157470703125,-30.492631912231445,0
61.25,1964.5264892578125,-30.830768585205078,0
61.26,1963.9134521484375,-31.146745681762695,0
61.27,1963.3287353515625,-31.43003273010254,0
61.28,1962.759521484375,-31.69434356689453,0
61.29,1962.2078857421875,-31.93777084350586,0
61.3,1961.7027587890625,-32.13037109375,0
61.31,1961.2396240234375,-32.27742385864258,0
61.32,1960.803466796875,-32.39506912231445,0
61.33,1960.4063720703125,-32.470848083496094,0
61.34,1960.031494140625,-32.522918701171875,0
61.35,1959.6700439453125,-32.56047058105469,0
61.36,1959.3575439453125,-32.54690933227539,0
61.37,1959.1668701171875,-32.407188415527344,0
61.38,1959.000244140625,-32.24386978149414,0
61.39,1958.9434814453125,-31.968387603759766,0
61.4,1958.94091796875,-31.63951301574707,0
61.41,1959.0150146484375,-31.234561920166016,0
61.42,1959.091552734375,-30.831274032592773,0
61.43,1959.1788330078125,-30.42098617553711,0
61.44,1959.2684326171875,-30.012645721435547,0
61.45,1959.360107421875,-29.606298446655273,0
61.46,1959.445556640625,-29.210704803466797,0
61.47,1959.531005859375,-28.819154739379883,0
61.48,1959.5723876953125,-28.47736358642578,0
61.49,1959.603759765625,-28.149574279785156,0
61.5,1959.6187744140625,-27.842092514038086,0
61.51,1959.6280517578125,-27.54370880126953,0
61.52,1959.5185546875,-27.37173080444336,0
61.53,1959.4024658203125,-27.20831298828125,0
61.54,1959.2589111328125,-27.0750789642334,0
61.55,1959.1153564453125,-26.943147659301758,0
61.56,1958.9635009765625,-26.821237564086914,0
61.57,1958.782470703125,-26.730873107910156,0
61.58,1958.60595703125,-26.636672973632812,0
61.59,1958.44873046875,-26.523502349853516,0
61.6,1958.2957763671875,-26.40700912475586,0
61.61,1958.132568359375,-26.302522659301758,0
61.62,1957.9736328125,-26.194581985473633,0
61.63,1957.7896728515625,-26.113706588745117,0
61.64,1957.5810546875,-26.059303283691406,0
61.65,1957.377197265625,-26.000471115112305,0
61.66,1957.1634521484375,-25.952552795410156,0
61.67,1956.9482421875,-25.906618118286133,0
61.68,1956.710693359375,-25.884347915649414,0
61.69,1956.478271484375,-25.857027053833008,0
61.7,1956.2152099609375,-25.861652374267578,0
61.71,1955.9532470703125,-25.865009307861328,0
61.72,1955.69677734375,-25.862791061401367,0
61.73,1955.445556640625,-25.855113983154297,0
61.74,1955.2037353515625,-25.837759017944336,0
61.75,1954.97119140625,-25.810932159423828,0
61.76,1954.775146484375,-25.746606826782227,0
61.77,1954.55859375,-25.704158782958984,0
61.78,1954.346923828125,-25.6571102142334,0
61.79,1954.1400146484375,-25.605566024780273,0
61.8,1953.9461669921875,-25.54096794128418,0
61.81,1953.757080078125,-25.472259521484375,0
61.82,1953.572509765625,-25.399539947509766,0
61.83,1953.392333984375,-25.322908401489258,0
61.84,1953.216796875,-25.242460250854492,0
61.85,1953.0455322265625,-25.158292770385742,0
61.86,1952.8828125,-25.066112518310547,0
61.87,1952.72021484375,-24.974876403808594,0
61.88,1952.5660400390625,-24.875812530517578,0
61.89,1952.420166015625,-24.769155502319336,0
61.9,1952.2783203125,-24.6594181060791,0
61.91,1952.1405029296875,-24.54668426513672,0
61.92,1952.006591796875,-24.431041717529297,0
61.93,1951.8765869140625,-24.31257438659668,0
61.94,1951.7503662109375,-24.191364288330078,0
61.95,1951.6279296875,-24.067495346069336,0
61.96,1951.5091552734375,-23.9410457611084,0
61.97,1951.3983154296875,-23.807769775390625,0
61.98,1951.2742919921875,-23.689538955688477,0
61.99,1951.1539306640625,-23.56869125366211,0
62,1951.053955078125,-23.427934646606445,0
62.01,1950.940673828125,-23.30245590209961,0
62.02,1950.8121337890625,-23.194107055664062,0
62.03,1950.68310546875,-23.087373733520508,0
62.04,1950.56201171875,-22.973590850830078,0
62.05,1950.4444580078125,-22.857254028320312,0
62.06,1950.326416015625,-22.742769241333008,0
62.07,1950.2117919921875,-22.625797271728516,0
62.08,1950.1005859375,-22.50640869140625,0
62.09,1949.9844970703125,-22.39339828491211,0
62.1,1949.8719482421875,-22.277942657470703,0
62.11,1949.750244140625,-22.173105239868164,0
62.12,1949.6322021484375,-22.06570053100586,0
62.13,1949.507080078125,-21.966659545898438,0
62.14,1949.379150390625,-21.871496200561523,0
62.15,1949.2547607421875,-21.773632049560547,0
62.16,1949.1275634765625,-21.67966651916504,0
62.17,1949.0040283203125,-21.58301544189453,0
62.18,1948.8839111328125,-21.48375701904297,0
62.19,1948.771484375,-21.37763023376465,0
62.2,1948.662353515625,-21.269134521484375,0
62.21,1948.5628662109375,-21.151819229125977,0
62.22,1948.4769287109375,-21.021556854248047,0
62.23,1948.39404296875,-20.889493942260742,0
62.24,1948.314208984375,-20.755695343017578,0
62.25,1948.2708740234375,-20.585479736328125,0
62.26,1948.267822265625,-20.375293731689453,0
62.27,1948.266845703125,-20.16508674621582,0
62.28,1948.25537109375,-19.96794891357422,0
62.29,1948.258544921875,-19.7575626373291,0
62.3,1948.2510986328125,-19.560335159301758,0
62.31,1948.245849609375,-19.362993240356445,0
62.32,1948.24267578125,-19.16558074951172,0
62.33,1948.23095703125,-18.97899627685547,0
62.34,1948.2213134765625,-18.79220199584961,0
62.35,1948.2137451171875,-18.605243682861328,0
62.36,1948.2081298828125,-18.41816520690918,0
62.37,1948.2044677734375,-18.23100471496582,0
62.38,1948.2027587890625,-18.04380989074707,0
62.39,1948.21337890625,-17.84576416015625,0
62.4,1948.2445068359375,-17.628477096557617,0
62.41,1948.277099609375,-17.41189956665039,0
62.42,1948.3111572265625,-17.196062088012695,0
62.43,1948.3277587890625,-17.000503540039062,0
62.44,1948.3292236328125,-16.822717666625977,0
62.45,1948.309326171875,-16.668895721435547,0
62.46,1948.2557373046875,-16.55156898498535,0
62.47,1948.09765625,-16.54378890991211,0
62.48,1947.830078125,-16.64971351623535,0
62.49,1947.4227294921875,-16.89948844909668,0
62.5,1946.9398193359375,-17.224998474121094,0
62.51,1946.4385986328125,-17.566139221191406,0
62.52,1945.942138671875,-17.898733139038086,0
62.53,1945.3837890625,-18.29210090637207,0
62.54,1944.7703857421875,-18.73845100402832,0
62.55,1944.09423828125,-19.245195388793945,0
62.56,1943.412353515625,-19.75262451171875,0
62.57,1942.7353515625,-20.249706268310547,0
62.58,1942.0235595703125,-20.7777099609375,0
62.59,1941.3045654296875,-21.307771682739258,0
62.6,1940.563720703125,-21.854860305786133,0
62.61,1939.807861328125,-22.4119873046875,0
62.62,1939.06201171875,-22.952909469604492,0
62.63,1938.3095703125,-23.495162963867188,0
62.64,1937.567138671875,-24.02128791809082,0
62.65,1936.8265380859375,-24.54010772705078,0
62.66,1936.0960693359375,-25.043058395385742,0
62.67,1935.363037109375,-25.54334259033203,0
62.68,1934.6380615234375,-26.03005599975586,0
62.69,1933.9024658203125,-26.52288818359375,0
62.7,1933.17919921875,-26.99776840209961,0
62.71,1932.466064453125,-27.457157135009766,0
62.72,1931.7568359375,-27.907794952392578,0
62.73,1931.0537109375,-28.347515106201172,0
62.74,1930.3607177734375,-28.772178649902344,0
62.75,1929.677734375,-29.182004928588867,0
62.76,1929.004638671875,-29.57720947265625,0
62.77,1928.341552734375,-29.9580078125,0
62.78,1927.673828125,-30.33974266052246,0
62.79,1926.9952392578125,-30.728832244873047,0
62.8,1926.32666015625,-31.1033992767334,0
62.81,1925.6680908203125,-31.46365737915039,0
62.82,1924.9820556640625,-31.848678588867188,0
62.83,1924.291748046875,-32.2341423034668,0
62.84,1923.61181640625,-32.604835510253906,0
62.85,1922.9296875,-32.97397232055664,0
62.86,1922.258056640625,-33.328514099121094,0
62.87,1921.6092529296875,-33.655696868896484,0
62.88,1920.968505859375,-33.97114181518555,0
62.89,1920.3543701171875,-34.25562286376953,0
62.9,1919.7625732421875,-34.51404571533203,0
62.91,1919.2158203125,-34.723106384277344,0
62.92,1918.6802978515625,-34.91829299926758,0
62.93,1918.157958984375,-35.097713470458984,0
62.94,1917.673828125,-35.23573303222656,0
62.95,1917.217041015625,-35.343963623046875,0
62.96,1916.783203125,-35.427330017089844,0
62.97,1916.357421875,-35.50144958496094,0
62.98,1915.9459228515625,-35.560028076171875,0
62.99,1915.542236328125,-35.60983657836914,0
63,1915.1463623046875,-35.65104675292969,0
63.01,1914.7581787109375,-35.68382263183594,0
63.02,1914.377685546875,-35.70833206176758,0
63.03,1914.0235595703125,-35.705284118652344,0
63.04,1913.680908203125,-35.690372467041016,0
63.05,1913.3515625,-35.66170883178711,0
63.06,1913.077392578125,-35.57628631591797,0
63.07,1912.8138427734375,-35.48072052001953,0
63.08,1912.577392578125,-35.35797119140625,0
63.09,1912.468017578125,-35.10478210449219,0
63.1,1912.3800048828125,-34.83200454711914,0
63.11,1912.3070068359375,-34.54656219482422,0
63.12,1912.3134765625,-34.18170166015625,0
63.13,1912.3797607421875,-33.758644104003906,0
63.14,1912.44873046875,-33.33708572387695,0
63.15,1912.5205078125,-32.91708755493164,0
63.16,1912.6072998046875,-32.4857177734375,0
63.17,1912.6966552734375,-32.05628967285156,0
63.18,1912.788330078125,-31.628854751586914,0
63.19,1912.8740234375,-31.21211814880371,0
63.2,1912.949462890625,-30.81028175354004,0
63.21,1913.02734375,-30.410137176513672,0
63.22,1913.1075439453125,-30.011735916137695,0
63.23,1913.202392578125,-29.60213851928711,0
63.24,1913.3035888671875,-29.19025993347168,0
63.25,1913.402587890625,-28.785011291503906,0
63.26,1913.490966796875,-28.394941329956055,0
63.27,1913.5814208984375,-28.0068359375,0
63.28,1913.673828125,-27.620738983154297,0
63.29,1913.7847900390625,-27.219316482543945,0
63.3,1913.78466796875,-26.93728256225586,0
63.31,1913.76220703125,-26.6812801361084,0
63.32,1913.74267578125,-26.424854278564453,0
63.33,1913.6864013671875,-26.20916748046875,0
63.34,1913.6334228515625,-25.99233055114746,0
63.35,1913.6234130859375,-25.733314514160156,0
63.36,1913.6328125,-25.456823348999023,0
63.37,1913.644775390625,-25.180591583251953,0
63.38,1913.625732421875,-24.93930435180664,0
63.39,1913.58642578125,-24.72144889831543,0
63.4,1913.5501708984375,-24.502803802490234,0
63.41,1913.502197265625,-24.298555374145508,0
63.42,1913.4508056640625,-24.099853515625,0
63.43,1913.40673828125,-23.89577293395996,0
63.44,1913.3612060546875,-23.695125579833984,0
63.45,1913.3062744140625,-23.50648307800293,0
63.46,1913.2396240234375,-23.331890106201172,0
63.47,1913.159423828125,-23.173233032226562,0
63.48,1913.0323486328125,-23.06479835510254,0
63.49,1912.854736328125,-23.00990104675293,0
63.5,1912.6771240234375,-22.955507278442383,0
63.51,1912.434814453125,-22.96868896484375,0
63.52,1912.1806640625,-22.994028091430664,0
63.53,1911.9315185546875,-23.013954162597656,0
63.54,1911.6602783203125,-23.056629180908203,0
63.55,1911.333740234375,-23.156152725219727,0
63.56,1911.012939453125,-23.248706817626953,0
63.57,1910.68310546875,-23.349536895751953,0
63.58,1910.359130859375,-23.443326950073242,0
63.59,1910.0159912109375,-23.556127548217773,0
63.6,1909.628662109375,-23.713430404663086,0
63.61,1909.241455078125,-23.86892318725586,0
63.62,1908.86083984375,-24.016145706176758,0
63.63,1908.482421875,-24.159570693969727,0
63.64,1908.0540771484375,-24.3531551361084,0
63.65,1907.6326904296875,-24.53758430480957,0
63.66,1907.20556640625,-24.725994110107422,0
63.67,1906.754150390625,-24.937599182128906,0
63.68,1906.3099365234375,-25.139556884765625,0
63.69,1905.8729248046875,-25.332021713256836,0
63.7,1905.4366455078125,-25.52166748046875,0
63.71,1905.00537109375,-25.704126358032227,0
63.72,1904.5811767578125,-25.877370834350586,0
63.73,1904.1640625,-26.041553497314453,0
63.74,1903.7352294921875,-26.216222763061523,0
63.75,1903.33203125,-26.362333297729492,0
63.76,1902.921142578125,-26.51490020751953,0
63.77,1902.517333984375,-26.658693313598633,0
63.78,1902.1162109375,-26.798192977905273,0
63.79,1901.7156982421875,-26.93559455871582,0
63.8,1901.3323974609375,-27.05364990234375,0
63.81,1900.9559326171875,-27.16352653503418,0
63.82,1900.596435546875,-27.25463104248047,0
63.83,1900.243408203125,-27.33806610107422,0
63.84,1899.8863525390625,-27.424711227416992,0
63.85,1899.5421142578125,-27.49727439880371,0
63.86,1899.2042236328125,-27.562498092651367,0
63.87,1898.891357421875,-27.60112762451172,0
63.88,1898.5887451171875,-27.62876319885254,0
63.89,1898.2921142578125,-27.64995574951172,0
63.9,1898.0054931640625,-27.660503387451172,0
63.91,1897.7474365234375,-27.64122772216797,0
63.92,1897.509521484375,-27.601402282714844,0
63.93,1897.27685546875,-27.556522369384766,0
63.94,1897.051513671875,-27.5045108795166,0
63.95,1896.831298828125,-27.447715759277344,0
63.96,1896.64111328125,-27.360326766967773,0
63.97,1896.497314453125,-27.22579574584961,0
63.98,1896.4786376953125,-26.96298599243164,0
63.99,1896.4649658203125,-26.697641372680664,0
64,1896.5103759765625,-26.373767852783203,0
64.01,1896.5621337890625,-26.046598434448242,0
64.02,1896.628662109375,-25.70761489868164,0
64.03,1896.7159423828125,-25.350671768188477,0
64.04,1896.7861328125,-25.01511001586914,0
64.05,1896.876953125,-24.661664962768555,0
64.06,1896.9693603515625,-24.31022834777832,0
64.07,1897.0633544921875,-23.960834503173828,0
64.08,1897.1400146484375,-23.63296127319336,0
64.09,1897.21826171875,-23.306791305541992,0
64.1,1897.2918701171875,-22.988876342773438,0
64.11,1897.363037109375,-22.676868438720703,0
64.12,1897.429443359375,-22.372961044311523,0
64.13,1897.495361328125,-22.072668075561523,0
64.14,1897.5628662109375,-21.77384376525879,0
64.15,1897.627685546875,-21.480844497680664,0
64.16,1897.679443359375,-21.20441246032715,0
64.17,1897.74755859375,-20.914016723632812,0
64.18,1897.802490234375,-20.640256881713867,0
64.19,1897.8485107421875,-20.378517150878906,0
64.2,1897.8712158203125,-20.143726348876953,0
64.21,1897.89990234375,-19.905197143554688,0
64.22,1897.9261474609375,-19.671598434448242,0
64.23,1897.9542236328125,-19.43861198425293,0
64.24,1897.9840087890625,-19.20627212524414,0
64.25,1898.01953125,-18.9703426361084,0
64.26,1898.056640625,-18.735219955444336,0
64.27,1898.0911865234375,-18.505207061767578,0
64.28,1898.127197265625,-18.27597999572754,0
64.29,1898.12939453125,-18.08427619934082,0
64.3,1898.112548828125,-17.914302825927734,0
64.31,1898.053955078125,-17.7893123626709,0
64.32,1897.9644775390625,-17.697673797607422,0
64.33,1897.877685546875,-17.604150772094727,0
64.34,1897.7935791015625,-17.50880241394043,0
64.35,1897.712158203125,-17.411685943603516,0
64.36,1897.6334228515625,-17.312856674194336,0
64.37,1897.5572509765625,-17.212373733520508,0
64.38,1897.4794921875,-17.114566802978516,0
64.39,1897.404296875,-17.015125274658203,0
64.4,1897.33154296875,-16.914106369018555,0
64.41,1897.26123046875,-16.811559677124023,0
64.42,1897.1622314453125,-16.73991584777832,0
64.43,1897.01806640625,-16.715816497802734,0
64.44,1896.875,-16.69084930419922,0
64.45,1896.6768798828125,-16.723217010498047,0
64.46,1896.513671875,-16.719038009643555,0
64.47,1896.353759765625,-16.711387634277344,0
64.48,1896.1868896484375,-16.71107292175293,0
64.49,1896.0006103515625,-16.73093032836914,0
64.5,1895.774169921875,-16.79212760925293,0
64.51,1895.5767822265625,-16.822635650634766,0
64.52,1895.3831787109375,-16.848939895629883,0
64.53,1895.197509765625,-16.866792678833008,0
64.54,1895.030029296875,-16.865570068359375,0
64.55,1894.851318359375,-16.875905990600586,0
64.56,1894.67626953125,-16.8824405670166,0
64.57,1894.5047607421875,-16.8852481842041,0
64.58,1894.3409423828125,-16.880077362060547,0
64.59,1894.180419921875,-16.871421813964844,0
64.6,1894.0462646484375,-16.835634231567383,0
64.61,1893.9381103515625,-16.773279190063477,0
64.62,1893.832763671875,-16.708637237548828,0
64.63,1893.7301025390625,-16.641765594482422,0
64.64,1893.63037109375,-16.57272720336914,0
64.65,1893.533203125,-16.50157928466797,0
64.66,1893.438720703125,-16.428380966186523,0
64.67,1893.294921875,-16.407150268554688,0
64.68,1893.085693359375,-16.453969955444336,0
64.69,1892.8760986328125,-16.50065803527832,0
64.7,1892.6683349609375,-16.545011520385742,0
64.71,1892.4415283203125,-16.608659744262695,0
64.72,1892.2186279296875,-16.66746711730957,0
64.73,1891.99365234375,-16.727985382080078,0
64.74,1891.7518310546875,-16.8052921295166,0
64.75,1891.501708984375,-16.890361785888672,0
64.76,1891.255859375,-16.9700927734375,0
64.77,1891.0040283203125,-17.055316925048828,0
64.78,1890.75439453125,-17.137353897094727,0
64.79,1890.509033203125,-17.214061737060547,0
64.8,1890.2200927734375,-17.335111618041992,0
64.81,1889.9110107421875,-17.475845336914062,0
64.82,1889.5570068359375,-17.661630630493164,0
64.83,1889.164794921875,-17.885093688964844,0
64.84,1888.7576904296875,-18.121692657470703,0
64.85,1888.3524169921875,-18.35390853881836,0
64.86,1887.92626953125,-18.605388641357422,0
64.87,1887.5064697265625,-18.84775161743164,0
64.88,1887.0699462890625,-19.1048526763916,0
64.89,1886.6295166015625,-19.363346099853516,0
64.9,1886.1790771484375,-19.629615783691406,0
64.91,1885.6708984375,-19.952966690063477,0
64.92,1885.16162109375,-20.274036407470703,0
64.93,1884.6181640625,-20.627262115478516,0
64.94,1884.072021484375,-20.979585647583008,0
64.95,1883.5252685546875,-21.328813552856445,0
64.96,1882.95947265625,-21.69427490234375,0
64.97,1882.3995361328125,-22.049814224243164,0
64.98,1881.8123779296875,-22.429899215698242,0
64.99,1881.17138671875,-22.86188316345215,0
65,1880.51220703125,-23.30813217163086,0
65.01,1879.849853515625,-23.753135681152344,0
65.02,1879.1966552734375,-24.18395233154297,0
65.03,1878.5465087890625,-24.60724639892578,0
65.04,1877.8992919921875,-25.023027420043945,0
65.05,1877.2489013671875,-25.437877655029297,0
65.06,1876.6202392578125,-25.825878143310547,0
65.07,1875.9881591796875,-26.213348388671875,0
65.08,1875.3653564453125,-26.587291717529297,0
65.09,1874.7640380859375,-26.934980392456055,0
65.1,1874.171630859375,-27.26980209350586,0
65.11,1873.588134765625,-27.591951370239258,0
65.12,1873.0196533203125,-27.895212173461914,0
65.13,1872.47021484375,-28.175580978393555,0
65.14,1871.94384765625,-28.42913818359375,0
65.15,1871.42578125,-28.671443939208984,0
65.16,1870.9180908203125,-28.900541305541992,0
65.17,1870.430908203125,-29.105863571166992,0
65.18,1869.951904296875,-29.30078125,0
65.19,1869.4952392578125,-29.470460891723633,0
65.2,1869.0462646484375,-29.630390167236328,0
65.21,1868.6112060546875,-29.774272918701172,0
65.22,1868.204345703125,-29.88734245300293,0
65.23,1867.815185546875,-29.98099708557129,0
65.24,1867.43505859375,-30.064218521118164,0
65.25,1867.076416015625,-30.124269485473633,0
65.26,1866.728759765625,-30.17241096496582,0
65.27,1866.3876953125,-30.213146209716797,0
65.28,1866.05322265625,-30.246618270874023,0
65.29,1865.741943359375,-30.255767822265625,0
65.3,1865.4493408203125,-30.24536895751953,0
65.31,1865.1732177734375,-30.2180118560791,0
65.32,1864.9051513671875,-30.18265151977539,0
65.33,1864.6656494140625,-30.11793327331543,0
65.34,1864.431884765625,-30.04813575744629,0
65.35,1864.209716796875,-29.966915130615234,0
65.36,1863.9970703125,-29.87666130065918,0
65.37,1863.814697265625,-29.756107330322266,0
65.38,1863.684814453125,-29.582237243652344,0
65.39,1863.5802001953125,-29.384119033813477,0
65.4,1863.4588623046875,-29.20534324645996,0
65.41,1863.3416748046875,-29.024023056030273,0
65.42,1863.2286376953125,-28.840248107910156,0
65.43,1863.1197509765625,-28.65410804748535,0
65.44,1863.004638671875,-28.476428985595703,0
65.45,1862.86865234375,-28.322134017944336,0
65.46,1862.737060546875,-28.164979934692383,0
65.47,1862.6055908203125,-28.009389877319336,0
65.48,1862.4698486328125,-27.859634399414062,0
65.49,1862.3218994140625,-27.72422218322754,0
65.5,1862.1783447265625,-27.585691452026367,0
65.51,1862.0162353515625,-27.467798233032227,0
65.52,1861.8544921875,-27.350812911987305,0
65.53,1861.6971435546875,-27.230411529541016,0
65.54,1861.5421142578125,-27.108823776245117,0
65.55,1861.389404296875,-26.986101150512695,0
65.56,1861.240966796875,-26.860157012939453,0
65.57,1861.08447265625,-26.744009017944336,0
65.58,1860.8907470703125,-26.667551040649414,0
65.59,1860.654052734375,-26.636390686035156,0
65.6,1860.397705078125,-26.62605857849121,0
65.61,1860.1197509765625,-26.638206481933594,0
65.62,1859.8287353515625,-26.663774490356445,0
65.63,1859.5040283203125,-26.723949432373047,0
65.64,1859.1336669921875,-26.83087921142578,0
65.65,1858.7366943359375,-26.96430206298828,0
65.66,1858.34033203125,-27.095661163330078,0
65.67,1857.936279296875,-27.233619689941406,0
65.68,1857.4915771484375,-27.412303924560547,0
65.69,1857.029296875,-27.607284545898438,0
65.7,1856.5745849609375,-27.792390823364258,0
65.71,1856.1087646484375,-27.987064361572266,0
65.72,1855.650634765625,-28.171789169311523,0
65.73,1855.2000732421875,-28.346729278564453,0
65.74,1854.757080078125,-28.51205062866211,0
65.75,1854.321533203125,-28.66791343688965,0
65.76,1853.9058837890625,-28.80160903930664,0
65.77,1853.5015869140625,-28.922164916992188,0
65.78,1853.1043701171875,-29.034095764160156,0
65.79,1852.7142333984375,-29.137554168701172,0
65.8,1852.343505859375,-29.219820022583008,0
65.81,1851.9794921875,-29.2941837310791,0
65.82,1851.62646484375,-29.356460571289062,0
65.83,1851.3504638671875,-29.338268280029297,0
65.84,1851.0823974609375,-29.31201934814453,0
65.85,1850.820068359375,-29.280073165893555,0
65.86,1850.5758056640625,-29.22968292236328,0
65.87,1850.337158203125,-29.174110412597656,0
65.88,1850.1038818359375,-29.11347198486328,0
65.89,1849.8636474609375,-29.060754776000977,0
65.9,1849.626708984375,-29.005130767822266,0
65.91,1849.3973388671875,-28.942289352416992,0
65.92,1849.1649169921875,-28.8831787109375,0
65.93,1848.9378662109375,-28.819137573242188,0
65.94,1848.73681640625,-28.72881317138672,0
65.95,1848.5428466796875,-28.632097244262695,0
65.96,1848.370361328125,-28.51407814025879,0
65.97,1848.22119140625,-28.37308120727539,0
65.98,1848.082763671875,-28.222537994384766,0
65.99,1847.9486083984375,-28.069082260131836,0
66,1847.8125,-27.919212341308594,0
66.01,1847.6806640625,-27.7664794921875,0
66.02,1847.5177001953125,-27.647502899169922,0
66.03,1847.305419921875,-27.580894470214844,0
66.04,1846.99267578125,-27.6192626953125,0
66.05,1846.6817626953125,-27.65523910522461,0
66.06,1846.3685302734375,-27.693193435668945,0
66.07,1846.0137939453125,-27.773818969726562,0
66.08,1845.6138916015625,-27.90049934387207,0
66.09,1845.2022705078125,-28.03792381286621,0
66.1,1844.7667236328125,-28.198766708374023,0
66.11,1844.3095703125,-28.380321502685547,0
66.12,1843.8538818359375,-28.55851936340332,0
66.13,1843.3995361328125,-28.733448028564453,0
66.14,1842.944580078125,-28.9072208404541,0
66.15,1842.4971923828125,-29.07128143310547,0
66.16,1842.0428466796875,-29.240793228149414,0
66.17,1841.5963134765625,-29.40060806274414,0
66.18,1841.1512451171875,-29.557300567626953,0
66.19,1840.7198486328125,-29.698083877563477,0
66.2,1840.2958984375,-29.829662322998047,0
66.21,1839.893798828125,-29.937191009521484,0
66.22,1839.5072021484375,-30.027603149414062,0
66.23,1839.1422119140625,-30.09471321105957,0
66.24,1838.781982421875,-30.156238555908203,0
66.25,1838.4306640625,-30.20789909362793,0
66.26,1838.0859375,-30.252073287963867,0
66.27,1837.75,-30.286771774291992,0
66.28,1837.4205322265625,-30.31431770324707,0
66.29,1837.1451416015625,-30.285564422607422,0
66.3,1836.902587890625,-30.223087310791016,0
66.31,1836.6676025390625,-30.153329849243164,0
66.32,1836.438232421875,-30.078590393066406,0
66.33,1836.228759765625,-29.98398208618164,0
66.34,1836.043212890625,-29.86560821533203,0
66.35,1835.872802734375,-29.732576370239258,0
66.36,1835.71337890625,-29.589542388916016,0
66.37,1835.5587158203125,-29.44314956665039,0
66.38,1835.40869140625,-29.29349708557129,0
66.39,1835.285888671875,-29.117084503173828,0
66.4,1835.16748046875,-28.938098907470703,0
66.41,1835.059326171875,-28.75016975402832,0
66.42,1834.955322265625,-28.559982299804688,0
66.43,1834.8697509765625,-28.352619171142578,0
66.44,1834.81689453125,-28.11347198486328,0
66.45,1834.77783203125,-27.862520217895508,0
66.46,1834.7421875,-27.61079216003418,0
66.47,1834.7095947265625,-27.35835838317871,0
66.48,1834.68017578125,-27.10528564453125,0
66.49,1834.6435546875,-26.862375259399414,0
66.5,1834.5665283203125,-26.663747787475586,0
66.51,1834.4827880859375,-26.474260330200195,0
66.52,1834.3983154296875,-26.2873592376709,0
66.53,1834.302978515625,-26.113704681396484,0
66.54,1834.2071533203125,-25.942331314086914,0
66.55,1834.098388671875,-25.78615379333496,0
66.56,1833.9873046875,-25.63410186767578,0
66.57,1833.8095703125,-25.55260467529297,0
66.58,1833.5908203125,-25.51454734802246,0
66.59,1833.3541259765625,-25.495393753051758,0
66.6,1833.0770263671875,-25.518356323242188,0
66.61,1832.71240234375,-25.631797790527344,0
66.62,1832.3375244140625,-25.75459861755371,0
66.63,1831.867919921875,-25.974313735961914,0
66.64,1831.3687744140625,-26.222490310668945,0
66.65,1830.854736328125,-26.483545303344727,0
66.66,1830.3031005859375,-26.78070068359375,0
66.67,1829.71875,-27.108827590942383,0
66.68,1829.12451171875,-27.443729400634766,0
66.69,1828.4443359375,-27.864261627197266,0
66.7,1827.7451171875,-28.300188064575195,0
66.71,1827.0477294921875,-28.72969627380371,0
66.72,1826.354248046875,-29.150686264038086,0
66.73,1825.6646728515625,-29.563243865966797,0
66.74,1824.9769287109375,-29.969589233398438,0
66.75,1824.2994384765625,-30.361221313476562,0
66.76,1823.6319580078125,-30.73836326599121,0
66.77,1822.980712890625,-31.09482192993164,0
66.78,1822.33935546875,-31.437355041503906,0
66.79,1821.707763671875,-31.76617431640625,0
66.8,1821.0880126953125,-32.0793571472168,0
66.81,1820.477783203125,-32.37929153442383,0
66.82,1819.897705078125,-32.64482879638672,0
66.83,1819.35595703125,-32.86802291870117,0
66.84,1818.8519287109375,-33.04969787597656,0
66.85,1818.377197265625,-33.19926452636719,0
66.86,1817.91064453125,-33.33870315551758,0
66.87,1817.4605712890625,-33.45964431762695,0
66.88,1817.037109375,-33.55171585083008,0
66.89,1816.6337890625,-33.621952056884766,0
66.9,1816.2381591796875,-33.683597564697266,0
66.91,1815.8499755859375,-33.73681640625,0
66.92,1815.46923828125,-33.78176498413086,0
66.93,1815.0753173828125,-33.84001922607422,0
66.94,1814.70947265625,-33.868473052978516,0
66.95,1814.3548583984375,-33.884864807128906,0
66.96,1814.028076171875,-33.87230682373047,0
66.97,1813.7391357421875,-33.82071304321289,0
66.98,1813.49365234375,-33.72449493408203,0
66.99,1813.2542724609375,-33.623077392578125,0
67,1813.00634765625,-33.53159713745117,0
67.01,1812.772705078125,-33.426265716552734,0
67.02,1812.551025390625,-33.3095817565918,0
67.03,1812.3638916015625,-33.15825653076172,0
67.04,1812.1842041015625,-33.0008544921875,0
67.05,1812.009765625,-32.839664459228516,0
67.06,1811.8404541015625,-32.67479705810547,0
67.07,1811.6761474609375,-32.50636291503906,0
67.08,1811.5767822265625,-32.27243423461914,0
67.09,1811.4962158203125,-32.02144241333008,0
67.1,1811.4818115234375,-31.704565048217773,0
67.11,1811.474853515625,-31.383176803588867,0
67.12,1811.4794921875,-31.053112030029297,0
67.13,1811.555419921875,-30.65252685546875,0
67.14,1811.6378173828125,-30.249372482299805,0
67.15,1811.7225341796875,-29.84805679321289,0
67.16,1811.852783203125,-29.40367889404297,0
67.17,1811.9888916015625,-28.957836151123047,0
67.18,1812.155517578125,-28.4849796295166,0
67.19,1812.323486328125,-28.01576805114746,0
67.2,1812.5069580078125,-27.53522491455078,0
67.21,1812.6912841796875,-27.058685302734375,0
67.22,1812.9261474609375,-26.534751892089844,0
67.23,1813.161376953125,-26.01592445373535,0
67.24,1813.3968505859375,-25.502212524414062,0
67.25,1813.6221923828125,-25.004350662231445,0
67.26,1813.8477783203125,-24.511388778686523,0
67.27,1813.978515625,-24.121883392333984,0
67.28,1814.1103515625,-23.735240936279297,0
67.29,1814.2164306640625,-23.379358291625977,0
67.3,1814.3197021484375,-23.030078887939453,0
67.31,1814.4241943359375,-22.683069229125977,0
67.32,1814.530029296875,-22.33835792541504,0
67.33,1814.58740234375,-22.047380447387695,0
67.34,1814.623779296875,-21.781230926513672,0
67.35,1814.65380859375,-21.524452209472656,0
67.36,1814.669189453125,-21.28550148010254,0
67.37,1814.6865234375,-21.04692840576172,0
67.38,1814.705810546875,-20.808774948120117,0
67.39,1814.72705078125,-20.571083068847656,0
67.4,1814.7398681640625,-20.344627380371094,0
67.41,1814.7545166015625,-20.118492126464844,0
67.42,1814.744384765625,-19.9205322265625,0
67.43,1814.732177734375,-19.72667121887207,0
67.44,1814.726318359375,-19.5283203125,0
67.45,1814.7183837890625,-19.334157943725586,0
67.46,1814.68359375,-19.169816970825195,0
67.47,1814.63671875,-19.019773483276367,0
67.48,1814.53857421875,-18.92439079284668,0
67.49,1814.4310302734375,-18.839807510375977,0
67.5,1814.2542724609375,-18.82779884338379,0
67.51,1814.072998046875,-18.820573806762695,0
67.52,1813.874755859375,-18.83090591430664,0
67.53,1813.6226806640625,-18.896913528442383,0
67.54,1813.36083984375,-18.972492218017578,0
67.55,1813.087158203125,-19.0595703125,0
67.56,1812.7728271484375,-19.187841415405273,0
67.57,1812.43896484375,-19.335020065307617,0
67.58,1812.085693359375,-19.500747680664062,0
67.59,1811.682373046875,-19.716571807861328,0
67.6,1811.2708740234375,-19.938722610473633,0
67.61,1810.861572265625,-20.156349182128906,0
67.62,1810.45849609375,-20.365224838256836,0
67.63,1810.053466796875,-20.57402229309082,0
67.64,1809.6546630859375,-20.77416229248047,0
67.65,1809.255859375,-20.972183227539062,0
67.66,1808.8551025390625,-21.170223236083984,0
67.67,1808.45654296875,-21.363969802856445,0
67.68,1808.0518798828125,-21.562009811401367,0
67.69,1807.6124267578125,-21.794105529785156,0
67.7,1807.1796875,-22.01680564880371,0
67.71,1806.7493896484375,-22.234525680541992,0
67.72,1806.3115234375,-22.45800018310547,0
67.73,1805.8782958984375,-22.67424774169922,0
67.74,1805.441650390625,-22.89191436767578,0
67.75,1805.01171875,-23.100248336791992,0
67.76,1804.588623046875,-23.299396514892578,0
67.77,1804.172119140625,-23.489503860473633,0
67.78,1803.762451171875,-23.67071533203125,0
67.79,1803.33251953125,-23.870929718017578,0
67.8,1802.909423828125,-24.06195831298828,0
67.81,1802.4849853515625,-24.252492904663086,0
67.82,1802.0755615234375,-24.425416946411133,0
67.83,1801.68115234375,-24.5810604095459,0
67.84,1801.293212890625,-24.728282928466797,0
67.85,1800.9200439453125,-24.858686447143555,0
67.86,1800.5533447265625,-24.981130599975586,0
67.87,1800.1929931640625,-25.09575080871582,0
67.88,1799.8388671875,-25.202682495117188,0
67.89,1799.490966796875,-25.302061080932617,0
67.9,1799.1739501953125,-25.368396759033203,0
67.91,1798.86279296875,-25.427976608276367,0
67.92,1798.5615234375,-25.476661682128906,0
67.93,1798.26806640625,-25.51679229736328,0
67.94,1797.9967041015625,-25.533594131469727,0
67.95,1797.769775390625,-25.504058837890625,0
67.96,1797.55615234375,-25.461162567138672,0
67.97,1797.3514404296875,-25.409461975097656,0
67.98,1797.155517578125,-25.349149703979492,0
67.99,1796.9642333984375,-25.284685134887695,0
68,1796.777587890625,-25.216167449951172,0
68.01,1796.64892578125,-25.08818244934082,0
68.02,1796.524169921875,-24.957490921020508,0
68.03,1796.4031982421875,-24.824172973632812,0
68.04,1796.29833984375,-24.675500869750977,0
68.05,1796.2012939453125,-24.520366668701172,0
68.06,1796.107666015625,-24.36319923400879,0
68.07,1796.017578125,-24.20407485961914,0
68.08,1795.9390869140625,-24.034526824951172,0
68.09,1795.8638916015625,-23.863346099853516,0
68.1,1795.7939453125,-23.6884708404541,0
68.11,1795.7828369140625,-23.45444107055664,0
68.12,1795.7928466796875,-23.20101547241211,0
68.13,1795.8050537109375,-22.94785499572754,0
68.14,1795.9000244140625,-22.611631393432617,0
68.15,1796.0025634765625,-22.271093368530273,0
68.16,1796.1165771484375,-21.922134399414062,0
68.17,1796.233642578125,-21.573537826538086,0
68.18,1796.351806640625,-21.227506637573242,0
68.19,1796.470947265625,-20.884061813354492,0
68.2,1796.5888671875,-20.54535675048828,0
68.21,1796.6912841796875,-20.2263126373291,0
68.22,1796.712158203125,-19.995025634765625,0
68.23,1796.6483154296875,-19.853954315185547,0
68.24,1796.576904296875,-19.722232818603516,0
68.25,1796.477294921875,-19.621042251586914,0
68.26,1796.27783203125,-19.62450408935547,0
68.27,1795.9937744140625,-19.715530395507812,0
68.28,1795.617919921875,-19.900724411010742,0
68.29,1795.18017578125,-20.148229598999023,0
68.3,1794.6932373046875,-20.443960189819336,0
68.31,1794.186767578125,-20.75697135925293,0
68.32,1793.6876220703125,-21.059146881103516,0
68.33,1793.171142578125,-21.376211166381836,0
68.34,1792.5408935546875,-21.807903289794922,0
68.35,1791.88232421875,-22.26441764831543,0
68.36,1791.181396484375,-22.760038375854492,0
68.37,1790.4755859375,-23.25553321838379,0
68.38,1789.7672119140625,-23.74872589111328,0
68.39,1789.068603515625,-24.22675323486328,0
68.4,1788.3795166015625,-24.689821243286133,0
68.41,1787.699951171875,-25.138137817382812,0
68.42,1787.030029296875,-25.57191276550293,0
68.43,1786.3736572265625,-25.98708152770996,0
68.44,1785.798583984375,-26.31370735168457,0
68.45,1785.302001953125,-26.55561637878418,0
68.46,1784.8236083984375,-26.77630043029785,0
68.47,1784.39794921875,-26.93985366821289,0
68.48,1784.024658203125,-27.047466278076172,0
68.49,1783.7855224609375,-27.014982223510742,0
68.5,1783.5927734375,-26.93478012084961,0
68.51,1783.456298828125,-26.797182083129883,0
68.52,1783.3568115234375,-26.62255096435547,0
68.53,1783.2611083984375,-26.445842742919922,0
68.54,1783.169189453125,-26.26713752746582,0
68.55,1783.080810546875,-26.086515426635742,0
68.56,1782.9959716796875,-25.904052734375,0
68.57,1782.8570556640625,-25.779544830322266,0
68.58,1782.6995849609375,-25.67559242248535,0
68.59,1782.5299072265625,-25.58539581298828,0
68.6,1782.25341796875,-25.606721878051758,0
68.61,1781.982421875,-25.622163772583008,0
68.62,1781.7066650390625,-25.642459869384766,0
68.63,1781.436279296875,-25.65688705444336,0
68.64,1781.14453125,-25.693260192871094,0
68.65,1780.8585205078125,-25.723421096801758,0
68.66,1780.58837890625,-25.736881256103516,0
68.67,1780.340087890625,-25.727514266967773,0
68.68,1780.10107421875,-25.708599090576172,0
68.69,1779.8753662109375,-25.676124572753906,0
68.7,1779.6546630859375,-25.63886070251465,0
68.71,1779.4449462890625,-25.590503692626953,0
68.72,1779.23388671875,-25.544105529785156,0
68.73,1779.03369140625,-25.486820220947266,0
68.74,1778.838134765625,-25.425291061401367,0
68.75,1778.6513671875,-25.355350494384766,0
68.76,1778.467041015625,-25.283588409423828,0
68.77,1778.289306640625,-25.20578956604004,0
68.78,1778.1138916015625,-25.126359939575195,0
68.79,1777.9449462890625,-25.041086196899414,0
68.8,1777.7802734375,-24.952238082885742,0
68.81,1777.619873046875,-24.859907150268555,0
68.82,1777.4615478515625,-24.766319274902344,0
68.83,1777.3094482421875,-24.667251586914062,0
68.84,1777.1778564453125,-24.54789161682129,0
68.85,1777.0501708984375,-24.42576026916504,0
68.86,1776.9036865234375,-24.32442283630371,0
68.87,1776.7611083984375,-24.21999168395996,0
68.88,1776.62255859375,-24.112552642822266,0
68.89,1776.4776611328125,-24.01286506652832,0
68.9,1776.3470458984375,-23.899442672729492,0
68.91,1776.2200927734375,-23.783267974853516,0
68.92,1776.096923828125,-23.664419174194336,0
68.93,1775.9774169921875,-23.54297637939453,0
68.94,1775.861572265625,-23.419017791748047,0
68.95,1775.76171875,-23.279817581176758,0
68.96,1775.6776123046875,-23.12577247619629,0
68.97,1775.5987548828125,-22.967836380004883,0
68.98,1775.52294921875,-22.808256149291992,0
68.99,1775.4483642578125,-22.64923667907715,0
69,1775.372802734375,-22.492874145507812,0
69.01,1775.3001708984375,-22.334936141967773,0
69.02,1775.2080078125,-22.198972702026367,0
69.03,1775.1025390625,-22.078100204467773,0
69.04,1774.9942626953125,-21.961416244506836,0
69.05,1774.7928466796875,-21.9426212310791,0
69.06,1774.591552734375,-21.92376136779785,0
69.07,1774.3741455078125,-21.921916961669922,0
69.08,1774.1590576171875,-21.917583465576172,0
69.09,1773.923828125,-21.934242248535156,0
69.1,1773.6932373046875,-21.945894241333008,0
69.11,1773.46728515625,-21.9526424407959,0
69.12,1773.2130126953125,-21.988683700561523,0
69.13,1772.9512939453125,-22.032066345214844,0
69.14,1772.6944580078125,-22.069873809814453,0
69.15,1772.434326171875,-22.110694885253906,0
69.16,1772.175048828125,-22.150245666503906,0
69.17,1771.8426513671875,-22.265169143676758,0
69.18,1771.4974365234375,-22.39215660095215,0
69.19,1771.1478271484375,-22.522396087646484,0
69.2,1770.76513671875,-22.68562126159668,0
69.21,1770.3231201171875,-22.90870475769043,0
69.22,1769.8837890625,-23.126611709594727,0
69.23,1769.43896484375,-23.347883224487305,0
69.24,1768.94775390625,-23.614927291870117,0
69.25,1768.44140625,-23.894840240478516,0
69.26,1767.9326171875,-24.174606323242188,0
69.27,1767.3515625,-24.526355743408203,0
69.28,1766.7440185546875,-24.901796340942383,0
69.29,1766.1268310546875,-25.283336639404297,0
69.3,1765.498046875,-25.67291259765625,0
69.31,1764.8763427734375,-26.051170349121094,0
69.32,1764.2452392578125,-26.435230255126953,0
69.33,1763.6170654296875,-26.812191009521484,0
69.34,1763.00439453125,-27.1693172454834,0
69.35,1762.4007568359375,-27.51333999633789,0
69.36,1761.80615234375,-27.84445571899414,0
69.37,1761.220458984375,-28.162858963012695,0
69.38,1760.637451171875,-28.47514533996582,0
69.39,1760.069580078125,-28.76856803894043,0
69.4,1759.512451171875,-29.04772186279297,0
69.41,1758.9639892578125,-29.314970016479492,0
69.42,1758.4345703125,-29.559885025024414,0
69.43,1757.91552734375,-29.791414260864258,0
69.44,1757.40478515625,-30.011857986450195,0
69.45,1756.904541015625,-30.21925926208496,0
69.46,1756.4268798828125,-30.40109634399414,0
69.47,1755.9654541015625,-30.564258575439453,0
69.48,1755.5118408203125,-30.717575073242188,0
69.49,1755.1214599609375,-30.803863525390625,0
69.5,1754.75048828125,-30.869081497192383,0
69.51,1754.3885498046875,-30.92426300048828,0
69.52,1754.041748046875,-30.9632568359375,0
69.53,1753.707763671875,-30.98846435546875,0
69.54,1753.3843994140625,-31.00235366821289,0
69.55,1753.1025390625,-30.973190307617188,0
69.56,1752.841064453125,-30.923213958740234,0
69.57,1752.58544921875,-30.86768913269043,0
69.58,1752.3355712890625,-30.806739807128906,0
69.59,1752.1077880859375,-30.72347068786621,0
69.6,1751.895751953125,-30.624759674072266,0
69.61,1751.6890869140625,-30.521562576293945,0
69.62,1751.4610595703125,-30.441633224487305,0
69.63,1751.26513671875,-30.329233169555664,0
69.64,1751.07421875,-30.212692260742188,0
69.65,1750.86181640625,-30.1197566986084,0
69.66,1750.6834716796875,-29.992551803588867,0
69.67,1750.5098876953125,-29.861581802368164,0
69.68,1750.347412109375,-29.720548629760742,0
69.69,1750.1895751953125,-29.57608985900879,0
69.7,1750.05078125,-29.413419723510742,0
69.71,1749.9163818359375,-29.247831344604492,0
69.72,1749.7802734375,-29.08582878112793,0
69.73,1749.6402587890625,-28.9294490814209,0
69.74,1749.504638671875,-28.770126342773438,0
69.75,1749.3734130859375,-28.607954025268555,0
69.76,1749.254638671875,-28.43454360961914,0
69.77,1749.1400146484375,-28.258647918701172,0
69.78,1749.0172119140625,-28.093101501464844,0
69.79,1748.8902587890625,-27.933521270751953,0
69.8,1748.75732421875,-27.781888961791992,0
69.81,1748.589599609375,-27.667795181274414,0
69.82,1748.4263916015625,-27.550159454345703,0
69.83,1748.281982421875,-27.41425132751465,0
69.84,1748.141845703125,-27.27530288696289,0
69.85,1748.006103515625,-27.133405685424805,0
69.86,1747.85595703125,-27.00775146484375,0
69.87,1747.710205078125,-26.87893295288086,0
69.88,1747.576904296875,-26.738561630249023,0
69.89,1747.44775390625,-26.595388412475586,0
69.9,1747.322509765625,-26.449499130249023,0
69.91,1747.2012939453125,-26.30097770690918,0
69.92,1747.047119140625,-26.188161849975586,0
69.93,1746.895263671875,-26.07417106628418,0
69.94,1746.7332763671875,-25.97186279296875,0
69.95,1746.5755615234375,-25.866130828857422,0
69.96,1746.3955078125,-25.784704208374023,0
69.97,1746.199462890625,-25.720703125,0
69.98,1745.989501953125,-25.671701431274414,0
69.99,1745.7373046875,-25.66705894470215,0
70,1745.490234375,-25.657054901123047,0
70.01,1745.2484130859375,-25.641801834106445,0
70.02,1745.0115966796875,-25.621410369873047,0
70.03,1744.7799072265625,-25.595989227294922,0
70.04,1744.557373046875,-25.561382293701172,0
70.05,1744.3355712890625,-25.52631950378418,0
70.06,1744.102294921875,-25.503511428833008,0
70.07,1743.8760986328125,-25.473674774169922,0
70.08,1743.669189453125,-25.42414665222168,0
70.09,1743.45263671875,-25.38511848449707,0
70.1,1743.2408447265625,-25.341493606567383,0
70.11,1743.0338134765625,-25.293376922607422,0
70.12,1742.83154296875,-25.240869522094727,0
70.13,1742.6339111328125,-25.18407440185547,0
70.14,1742.4471435546875,-25.11668586730957,0
70.15,1742.2852783203125,-25.02410888671875,0
70.16,1742.1318359375,-24.923839569091797,0
70.17,1741.9783935546875,-24.824600219726562,0
70.18,1741.8289794921875,-24.72212028503418,0
70.19,1741.6837158203125,-24.616487503051758,0
70.2,1741.538330078125,-24.512056350708008,0
70.21,1741.380615234375,-24.42152214050293,0
70.22,1741.21875,-24.33613395690918,0
70.23,1741.0589599609375,-24.249454498291016,0
70.24,1740.899169921875,-24.16366958618164,0
70.25,1740.74365234375,-24.074508666992188,0
70.26,1740.5921630859375,-23.982059478759766,0
70.27,1740.44873046875,-23.882137298583984,0
70.28,1740.30517578125,-23.78346061706543,0
70.29,1740.1512451171875,-23.696582794189453,0
70.3,1740.0013427734375,-23.6064510345459,0
70.31,1739.8553466796875,-23.513151168823242,0
70.32,1739.7132568359375,-23.41676902770996,0
70.33,1739.56689453125,-23.32586669921875,0
70.34,1739.4140625,-23.242544174194336,0
70.35,1739.2755126953125,-23.14531898498535,0
70.36,1739.13037109375,-23.05584144592285,0
70.37,1738.9891357421875,-22.96329689025879,0
70.38,1738.8455810546875,-22.87411880493164,0
70.39,1738.703857421875,-22.78398323059082,0
70.4,1738.5577392578125,-22.69939613342285,0
70.41,1738.388671875,-22.63929557800293,0
70.42,1738.2236328125,-22.57561492919922,0
70.43,1738.0545654296875,-22.516923904418945,0
70.44,1737.889404296875,-22.454648971557617,0
70.45,1737.7078857421875,-22.41010856628418,0
70.46,1737.5284423828125,-22.363855361938477,0
70.47,1737.344970703125,-22.322277069091797,0
70.48,1737.12255859375,-22.321346282958984,0
70.49,1736.837158203125,-22.38567543029785,0
70.5,1736.5509033203125,-22.450271606445312,0
70.51,1736.2637939453125,-22.51517105102539,0
70.52,1735.9697265625,-22.58664894104004,0
70.53,1735.6727294921875,-22.660343170166016,0
70.54,1735.3668212890625,-22.742534637451172,0
70.55,1735.06640625,-22.818204879760742,0
70.56,1734.7344970703125,-22.925670623779297,0
70.57,1734.404296875,-23.0302677154541,0
70.58,1734.0347900390625,-23.174440383911133,0
70.59,1733.6490478515625,-23.33403968811035,0
70.6,1733.26953125,-23.485403060913086,0
70.61,1732.8841552734375,-23.64141845703125,0
70.62,1732.4989013671875,-23.795555114746094,0
70.63,1732.1201171875,-23.941471099853516,0
70.64,1731.727294921875,-24.100481033325195,0
70.65,1731.3184814453125,-24.274415969848633,0
70.66,1730.9122314453125,-24.443830490112305,0
70.67,1730.5045166015625,-24.613059997558594,0
70.68,1730.0953369140625,-24.782066345214844,0
70.69,1729.666259765625,-24.96986198425293,0
70.7,1729.2257080078125,-25.167531967163086,0
70.71,1728.7882080078125,-25.36006736755371,0
70.72,1728.341552734375,-25.560222625732422,0
70.73,1727.8836669921875,-25.76988410949707,0
70.74,1727.427001953125,-25.97611427307129,0
70.75,1726.9715576171875,-26.178939819335938,0
70.76,1726.519287109375,-26.376249313354492,0
70.77,1726.0784912109375,-26.559694290161133,0
70.78,1725.640869140625,-26.737937927246094,0
70.79,1725.1942138671875,-26.923805236816406,0
70.8,1724.7547607421875,-27.10013771057129,0
70.81,1724.298095703125,-27.292482376098633,0
70.82,1723.846923828125,-27.477210998535156,0
70.83,1723.39501953125,-27.660789489746094,0
70.84,1722.9505615234375,-27.8347225189209,0
70.85,1722.5135498046875,-27.99917221069336,0
70.86,1722.05322265625,-28.186031341552734,0
70.87,1721.6004638671875,-28.363067626953125,0
70.88,1721.138916015625,-28.547346115112305,0
70.89,1720.6829833984375,-28.723909378051758,0
70.9,1720.2347412109375,-28.890745162963867,0
70.91,1719.7940673828125,-29.048015594482422,0
70.92,1719.3629150390625,-29.193750381469727,0
70.93,1718.939208984375,-29.330289840698242,0
70.94,1718.5228271484375,-29.457794189453125,0
70.95,1718.119873046875,-29.57007598876953,0
70.96,1717.8099365234375,-29.584857940673828,0
70.97,1717.5980224609375,-29.49779510498047,0
70.98,1717.4200439453125,-29.37659454345703,0
70.99,1717.246826171875,-29.25163459777832,0
71,1717.0968017578125,-29.103979110717773,0
71.01,1716.9512939453125,-28.95316505432129,0
71.02,1716.8511962890625,-28.75688362121582,0
71.03,1716.7755126953125,-28.537343978881836,0
71.04,1716.75048828125,-28.267494201660156,0
71.05,1716.7879638671875,-27.93572235107422,0
71.06,1716.856689453125,-27.575111389160156,0
71.07,1716.947998046875,-27.194807052612305,0
71.08,1717.05126953125,-26.80596351623535,0
71.09,1717.15625,-26.41939926147461,0
71.1,1717.262939453125,-26.0351505279541,0
71.11,1717.37109375,-25.653249740600586,0
71.12,1717.4561767578125,-25.299171447753906,0
71.13,1717.5081787109375,-24.9830322265625,0
71.14,1717.5152587890625,-24.716819763183594,0
71.15,1717.23046875,-24.755783081054688,0
71.16,1716.8040771484375,-24.941057205200195,0
71.17,1716.3153076171875,-25.189117431640625,0
71.18,1715.8341064453125,-25.42673683166504,0
71.19,1715.2584228515625,-25.759777069091797,0
71.2,1714.6588134765625,-26.114261627197266,0
71.21,1714.0679931640625,-26.45592498779297,0
71.22,1713.43701171875,-26.835676193237305,0
71.23,1712.813232421875,-27.20406723022461,0
71.24,1712.1903076171875,-27.567543029785156,0
71.25,1711.5440673828125,-27.951513290405273,0
71.26,1710.9073486328125,-28.321664810180664,0
71.27,1710.280029296875,-28.678203582763672,0
71.28,1709.662109375,-29.021333694458008,0
71.29,1709.0718994140625,-29.332275390625,0
71.3,1708.5050048828125,-29.61577606201172,0
71.31,1707.9775390625,-29.855491638183594,0
71.32,1707.4971923828125,-30.043785095214844,0
71.33,1707.0635986328125,-30.181732177734375,0
71.34,1706.7049560546875,-30.240680694580078,0
71.35,1706.3857421875,-30.258127212524414,0
71.36,1706.087158203125,-30.254013061523438,0
71.37,1705.8458251953125,-30.190650939941406,0
71.38,1705.622314453125,-30.109479904174805,0
71.39,1705.4244384765625,-30.002458572387695,0
71.4,1705.2398681640625,-29.882770538330078,0
71.41,1705.0745849609375,-29.744359970092773,0
71.42,1704.9180908203125,-29.598255157470703,0
71.43,1704.7825927734375,-29.4318904876709,0
71.44,1704.669921875,-29.243701934814453,0
71.45,1704.5736083984375,-29.040464401245117,0
71.46,1704.4813232421875,-28.835224151611328,0
71.47,1704.3623046875,-28.659740447998047,0
71.48,1704.2474365234375,-28.48176383972168,0
71.49,1704.1346435546875,-28.30352020263672,0
71.5,1704.0115966796875,-28.137744903564453,0
71.51,1703.890625,-27.97152328491211,0
71.52,1703.7718505859375,-27.80484390258789,0
71.53,1703.6243896484375,-27.669538497924805,0
71.54,1703.468994140625,-27.543819427490234,0
71.55,1703.318115234375,-27.414827346801758,0
71.56,1703.1654052734375,-27.288999557495117,0
71.57,1703.0169677734375,-27.15995216369629,0
71.58,1702.8607177734375,-27.04047393798828,0
71.59,1702.682373046875,-26.945161819458008,0
71.6,1702.50244140625,-26.852426528930664,0
71.61,1702.31884765625,-26.764366149902344,0
71.62,1702.129638671875,-26.682979583740234,0
71.63,1701.9268798828125,-26.61663055419922,0
71.64,1701.71875,-26.556541442871094,0
71.65,1701.4786376953125,-26.530118942260742,0
71.66,1701.1846923828125,-26.55986976623535,0
71.67,1700.88818359375,-26.59184455871582,0
71.68,1700.5914306640625,-26.623804092407227,0
71.69,1700.2901611328125,-26.660062789916992,0
71.7,1699.9560546875,-26.73000717163086,0
71.71,1699.6036376953125,-26.818220138549805,0
71.72,1699.245361328125,-26.91156005859375,0
71.73,1698.8507080078125,-27.0416316986084,0
71.74,1698.462890625,-27.16329002380371,0
71.75,1698.0777587890625,-27.2808895111084,0
71.76,1697.6932373046875,-27.396623611450195,0
71.77,1697.3052978515625,-27.514719009399414,0
71.78,1696.909912109375,-27.63931655883789,0
71.79,1696.517333984375,-27.759695053100586,0
71.8,1696.1173095703125,-27.88652992248535,0
71.81,1695.7080078125,-28.021686553955078,0
71.82,1695.2711181640625,-28.183996200561523,0
71.83,1694.81103515625,-28.36865997314453,0
71.84,1694.358642578125,-28.54350471496582,0
71.85,1693.938232421875,-28.683372497558594,0
71.86,1693.5250244140625,-28.814271926879883,0
71.87,1693.0987548828125,-28.95747947692871,0
71.88,1692.6798095703125,-29.091596603393555,0
71.89,1692.25390625,-29.231550216674805,0
71.9,1691.8494873046875,-29.3476505279541,0
71.91,1691.4522705078125,-29.45513343811035,0
71.92,1691.0621337890625,-29.554149627685547,0
71.93,1690.662841796875,-29.661701202392578,0
71.94,1690.2706298828125,-29.760744094848633,0
71.95,1689.9017333984375,-29.83458137512207,0
71.96,1689.5234375,-29.917409896850586,0
71.97,1689.141845703125,-30.002737045288086,0
71.98,1688.767333984375,-30.079936981201172,0
71.99,1688.3997802734375,-30.149160385131836,0
72,1688.0369873046875,-30.212690353393555,0
72.01,1687.6768798828125,-30.272708892822266,0
72.02,1687.3134765625,-30.335620880126953,0
72.03,1686.9569091796875,-30.390796661376953,0
72.04,1686.6070556640625,-30.43838119506836,0
72.05,1686.263916015625,-30.478519439697266,0
72.06,1685.9783935546875,-30.458568572998047,0
72.07,1685.74365234375,-30.386167526245117,0
72.08,1685.524658203125,-30.298233032226562,0
72.09,1685.317138671875,-30.199316024780273,0
72.1,1685.177978515625,-30.030588150024414,0
72.11,1685.0780029296875,-29.822996139526367,0
72.12,1684.982177734375,-29.613323211669922,0
72.13,1684.8902587890625,-29.40165901184082,0
72.14,1684.77783203125,-29.213411331176758,0
72.15,1684.694091796875,-28.99748992919922,0
72.16,1684.6427001953125,-28.750295639038086,0
72.17,1684.5948486328125,-28.50206184387207,0
72.18,1684.566650390625,-28.235963821411133,0
72.19,1684.5579833984375,-27.95241928100586,0
72.2,1684.6072998046875,-27.6116943359375,0
72.21,1684.6610107421875,-27.269956588745117,0
72.22,1684.7271728515625,-26.91887664794922,0
72.23,1684.858642578125,-26.503799438476562,0
72.24,1684.991455078125,-26.091604232788086,0
72.25,1685.1256103515625,-25.682321548461914,0
72.26,1685.1875,-25.35201072692871,0
72.27,1685.25146484375,-25.02308464050293,0
72.28,1685.278564453125,-24.73574447631836,0
72.29,1685.2550048828125,-24.50396156311035,0
72.3,1684.9754638671875,-24.539817810058594,0
72.31,1684.68701171875,-24.584495544433594,0
72.32,1684.3489990234375,-24.67997169494629,0
72.33,1683.9437255859375,-24.844167709350586,0
72.34,1683.5228271484375,-25.02285385131836,0
72.35,1683.0640869140625,-25.238941192626953,0
72.36,1682.5963134765625,-25.462078094482422,0
72.37,1682.0545654296875,-25.759517669677734,0
72.38,1681.4600830078125,-26.10855484008789,0
72.39,1680.8642578125,-26.455387115478516,0
72.4,1680.260986328125,-26.806331634521484,0
72.41,1679.63818359375,-27.173860549926758,0
72.42,1679.024658203125,-27.528074264526367,0
72.43,1678.412109375,-27.877595901489258,0
72.44,1677.7862548828125,-28.237159729003906,0
72.45,1677.1697998046875,-28.583345413208008,0
72.46,1676.5625,-28.91635513305664,0
72.47,1675.9644775390625,-29.236387252807617,0
72.48,1675.3876953125,-29.531064987182617,0
72.49,1674.8402099609375,-29.792362213134766,0
72.5,1674.3013916015625,-30.041967391967773,0
72.51,1673.771240234375,-30.28006935119629,0
72.52,1673.26171875,-30.494218826293945,0
72.53,1672.8033447265625,-30.653244018554688,0
72.54,1672.403564453125,-30.7498779296875,0
72.55,1672.0191650390625,-30.829570770263672,0
72.56,1671.656005859375,-30.886306762695312,0
72.57,1671.2999267578125,-30.935314178466797,0
72.58,1670.97705078125,-30.9493408203125,0
72.59,1670.6688232421875,-30.948137283325195,0
72.6,1670.391357421875,-30.915056228637695,0
72.61,1670.1339111328125,-30.861370086669922,0
72.62,1669.886474609375,-30.798015594482422,0
72.63,1669.6610107421875,-30.712512969970703,0
72.64,1669.447021484375,-30.615947723388672,0
72.65,1669.2506103515625,-30.502222061157227,0
72.66,1669.0694580078125,-30.37378692626953,0
72.67,1668.8953857421875,-30.239456176757812,0
72.68,1668.7261962890625,-30.10145378112793,0
72.69,1668.578125,-29.942981719970703,0
72.7,1668.4346923828125,-29.781394958496094,0
72.71,1668.295654296875,-29.61679458618164,0
72.72,1668.1611328125,-29.449275970458984,0
72.73,1668.0311279296875,-29.278934478759766,0
72.74,1667.8707275390625,-29.141691207885742,0
72.75,1667.704833984375,-29.011629104614258,0
72.76,1667.535400390625,-28.88648796081543,0
72.77,1667.36474609375,-28.76406478881836,0
72.78,1667.17431640625,-28.663366317749023,0
72.79,1666.9847412109375,-28.562850952148438,0
72.8,1666.7999267578125,-28.458328247070312,0
72.81,1666.6119384765625,-28.358325958251953,0
72.82,1666.422607421875,-28.260637283325195,0
72.83,1666.2177734375,-28.1800594329834,0
72.84,1666.0076904296875,-28.105648040771484,0
72.85,1665.80078125,-28.02892303466797,0
72.86,1665.600830078125,-27.9456844329834,0
72.87,1665.4058837890625,-27.858213424682617,0
72.88,1665.2156982421875,-27.766618728637695,0
72.89,1665.0302734375,-27.67099952697754,0
72.9,1664.849609375,-27.571460723876953,0
72.91,1664.673583984375,-27.468103408813477,0
72.92,1664.500244140625,-27.363162994384766,0
72.93,1664.3314208984375,-27.254558563232422,0
72.94,1664.1671142578125,-27.14238929748535,0
72.95,1663.98291015625,-27.052019119262695,0
72.96,1663.7769775390625,-26.985103607177734,0
72.97,1663.563720703125,-26.92645835876465,0
72.98,1663.3350830078125,-26.884349822998047,0
72.99,1663.06689453125,-26.88372039794922,0
73,1662.7919921875,-26.890024185180664,0
73.01,1662.5164794921875,-26.896827697753906,0
73.02,1662.23046875,-26.914569854736328,0
73.03,1661.933837890625,-26.943073272705078,0
73.04,1661.61865234375,-26.990535736083984,0
73.05,1661.2972412109375,-27.043922424316406,0
73.06,1660.9697265625,-27.10310173034668,0
73.07,1660.6483154296875,-27.15530776977539,0
73.08,1660.3328857421875,-27.20067024230957,0
73.09,1659.9647216796875,-27.300308227539062,0
73.1,1659.60107421875,-27.39423370361328,0
73.11,1659.2359619140625,-27.4887752532959,0
73.12,1658.8529052734375,-27.600807189941406,0
73.13,1658.474609375,-27.70675277709961,0
73.14,1658.1051025390625,-27.80255699157715,0
73.15,1657.7401123046875,-27.892566680908203,0
73.16,1657.3736572265625,-27.98322296142578,0
73.17,1657.013916015625,-28.066072463989258,0
73.18,1656.654541015625,-28.14760398864746,0
73.19,1656.3017578125,-28.221481323242188,0
73.2,1655.943359375,-28.300424575805664,0
73.21,1655.591552734375,-28.371736526489258,0
73.22,1655.2584228515625,-28.422977447509766,0
73.23,1654.931640625,-28.46712875366211,0
73.24,1654.611083984375,-28.50432586669922,0
73.25,1654.31298828125,-28.517858505249023,0
73.26,1654.041259765625,-28.503995895385742,0
73.27,1653.775146484375,-28.48436164855957,0
73.28,1653.5147705078125,-28.459077835083008,0
73.29,1653.2701416015625,-28.41776466369629,0
73.3,1653.0308837890625,-28.371261596679688,0
73.31,1652.7908935546875,-28.32597541809082,0
73.32,1652.55224609375,-28.279809951782227,0
73.33,1652.306640625,-28.2412166595459,0
73.34,1652.0643310546875,-28.199546813964844,0
73.35,1651.8154296875,-28.165313720703125,0
73.36,1651.43798828125,-28.264545440673828,0
73.37,1651.0653076171875,-28.357868194580078,0
73.38,1650.6689453125,-28.474750518798828,0
73.39,1650.2491455078125,-28.614688873291016,0
73.4,1649.7818603515625,-28.802385330200195,0
73.41,1649.3101806640625,-28.992748260498047,0
73.42,1648.7591552734375,-29.26333236694336,0
73.43,1648.216796875,-29.52215003967285,0
73.44,1647.666748046875,-29.786176681518555,0
73.45,1647.1234130859375,-30.04053497314453,0
73.46,1646.5684814453125,-30.30429458618164,0
73.47,1646.022216796875,-30.556203842163086,0
73.48,1645.5050048828125,-30.77545166015625,0
73.49,1644.998291015625,-30.981584548950195,0
73.5,1644.520263671875,-31.155906677246094,0
73.51,1644.0684814453125,-31.301164627075195,0
73.52,1643.626708984375,-31.434659957885742,0
73.53,1643.2635498046875,-31.485240936279297,0
73.54,1643.0086669921875,-31.423093795776367,0
73.55,1642.7880859375,-31.326120376586914,0
73.56,1642.5810546875,-31.216060638427734,0
73.57,1642.37939453125,-31.101625442504883,0
73.58,1642.2275390625,-30.93665885925293,0
73.59,1642.129150390625,-30.718082427978516,0
73.6,1642.091796875,-30.438560485839844,0
73.61,1642.1207275390625,-30.09311294555664,0
73.62,1642.152587890625,-29.748355865478516,0
73.63,1642.213623046875,-29.376951217651367,0
73.64,1642.2850341796875,-28.998497009277344,0
73.65,1642.3668212890625,-28.6132755279541,0
73.66,1642.4588623046875,-28.221452713012695,0
73.67,1642.5528564453125,-27.831668853759766,0
73.68,1642.646728515625,-27.446044921875,0
73.69,1642.7425537109375,-27.062498092651367,0
73.7,1642.833984375,-26.687414169311523,0
73.71,1642.92724609375,-26.314353942871094,0
73.72,1642.9815673828125,-25.985408782958984,0
73.73,1643.0177001953125,-25.678743362426758,0
73.74,1643.013427734375,-25.41710090637207,0
73.75,1643.0118408203125,-25.155424118041992,0
73.76,1642.97216796875,-24.935821533203125,0
73.77,1642.884765625,-24.767976760864258,0
73.78,1642.6912841796875,-24.71178436279297,0
73.79,1642.4598388671875,-24.695629119873047,0
73.8,1642.2069091796875,-24.70184326171875,0
73.81,1641.8880615234375,-24.776180267333984,0
73.82,1641.4818115234375,-24.94029998779297,0
73.83,1641.05810546875,-25.12096405029297,0
73.84,1640.55615234375,-25.38068199157715,0
73.85,1639.9527587890625,-25.7429256439209,0
73.86,1639.289306640625,-26.16351890563965,0
73.87,1638.6112060546875,-26.595081329345703,0
73.88,1637.942626953125,-27.012142181396484,0
73.89,1637.2777099609375,-27.42119598388672,0
73.9,1636.6224365234375,-27.816036224365234,0
73.91,1635.9766845703125,-28.19686508178711,0
73.92,1635.3404541015625,-28.563892364501953,0
73.93,1634.713623046875,-28.917322158813477,0
73.94,1634.1063232421875,-29.246856689453125,0
73.95,1633.5911865234375,-29.47751235961914,0
73.96,1633.1895751953125,-29.588132858276367,0
73.97,1632.8336181640625,-29.650333404541016,0
73.98,1632.490478515625,-29.698667526245117,0
73.99,1632.3179931640625,-29.569686889648438,0
74,1632.1807861328125,-29.40557289123535,0
74.01,1632.11474609375,-29.16929054260254,0
74.02,1632.0665283203125,-28.916946411132812,0
74.03,1632.0360107421875,-28.648923873901367,0
74.04,1632.0087890625,-28.38031005859375,0
74.05,1631.9847412109375,-28.111173629760742,0
74.06,1631.9638671875,-27.841585159301758,0
74.07,1631.9317626953125,-27.586318969726562,0
74.08,1631.7833251953125,-27.454341888427734,0
74.09,1631.63720703125,-27.321313858032227,0
74.1,1631.4913330078125,-27.189422607421875,0
74.11,1631.337646484375,-27.067035675048828,0
74.12,1631.1700439453125,-26.960330963134766,0
74.13,1630.9886474609375,-26.86894989013672,0
74.14,1630.8118896484375,-26.77373504638672,0
74.15,1630.59912109375,-26.716781616210938,0
74.16,1630.3912353515625,-26.655319213867188,0
74.17,1630.1922607421875,-26.58523941040039,0
74.18,1630.0244140625,-26.48366355895996,0
74.19,1629.8345947265625,-26.405826568603516,0
74.2,1629.667724609375,-26.30510902404785,0
74.21,1629.5032958984375,-26.202945709228516,0
74.22,1629.34521484375,-26.095230102539062,0
74.23,1629.19140625,-25.98417854309082,0
74.24,1629.0499267578125,-25.86146354675293,0
74.25,1628.9044189453125,-25.74418830871582,0
74.26,1628.76318359375,-25.62384605407715,0
74.27,1628.6240234375,-25.502609252929688,0
74.28,1628.4888916015625,-25.378440856933594,0
74.29,1628.349609375,-25.25979232788086,0
74.3,1628.1839599609375,-25.169708251953125,0
74.31,1628.0023193359375,-25.09712028503418,0
74.32,1627.806884765625,-25.039554595947266,0
74.33,1627.60595703125,-24.98834800720215,0
74.34,1627.40966796875,-24.93288230895996,0
74.35,1627.2056884765625,-24.885831832885742,0
74.36,1627.0023193359375,-24.838668823242188,0
74.37,1626.7347412109375,-24.858495712280273,0
74.38,1626.4503173828125,-24.89571189880371,0
74.39,1626.149169921875,-24.94989585876465,0
74.4,1625.804931640625,-25.048030853271484,0
74.41,1625.45263671875,-25.15348243713379,0
74.42,1625.1025390625,-25.25558090209961,0
74.43,1624.7586669921875,-25.3502197265625,0
74.44,1624.4208984375,-25.437530517578125,0
74.45,1624.0892333984375,-25.51764678955078,0
74.46,1623.7635498046875,-25.590700149536133,0
74.47,1623.44384765625,-25.656816482543945,0
74.48,1623.0936279296875,-25.75385284423828,0
74.49,1622.7496337890625,-25.843427658081055,0
74.5,1622.411865234375,-25.925674438476562,0
74.51,1622.0802001953125,-26.0007266998291,0
74.52,1621.744384765625,-26.07921600341797,0
74.53,1621.4046630859375,-26.16105079650879,0
74.54,1621.0528564453125,-26.254459381103516,0
74.55,1620.705322265625,-26.34250259399414,0
74.56,1620.3438720703125,-26.4440860748291,0
74.57,1619.9705810546875,-26.556835174560547,0
74.58,1619.601806640625,-26.6637020111084,0
74.59,1619.1304931640625,-26.875783920288086,0
74.6,1618.640380859375,-27.10503387451172,0
74.61,1618.150146484375,-27.332191467285156,0
74.62,1617.623291015625,-27.59491539001465,0
74.63,1617.094482421875,-27.85683250427246,0
74.64,1616.5699462890625,-28.111671447753906,0
74.65,1616.0133056640625,-28.397136688232422,0
74.66,1615.46533203125,-28.67071533203125,0
74.67,1614.887451171875,-28.972341537475586,0
74.68,1614.318603515625,-29.261625289916992,0
74.69,1613.758544921875,-29.538761138916016,0
74.7,1613.24560546875,-29.76418685913086,0
74.71,1612.7449951171875,-29.974512100219727,0
74.72,1612.27880859375,-30.14692497253418,0
74.73,1611.8284912109375,-30.301029205322266,0
74.74,1611.42236328125,-30.40786361694336,0
74.75,1611.03564453125,-30.4935245513916,0
74.76,1610.7247314453125,-30.4997615814209,0
74.77,1610.468505859375,-30.44914436340332,0
74.78,1610.301025390625,-30.30719757080078,0
74.79,1610.182861328125,-30.115629196166992,0
74.8,1610.0811767578125,-29.909013748168945,0
74.81,1609.9835205078125,-29.700281143188477,0
74.82,1609.908203125,-29.47065544128418,0
74.83,1609.8487548828125,-29.226903915405273,0
74.84,1609.7969970703125,-28.9777889251709,0
74.85,1609.7486572265625,-28.72762680053711,0
74.86,1609.703857421875,-28.476491928100586,0
74.87,1609.6785888671875,-28.207672119140625,0
74.88,1609.6402587890625,-27.955158233642578,0
74.89,1609.621337890625,-27.68509864807129,0
74.9,1609.639892578125,-27.37904167175293,0
74.91,1609.6651611328125,-27.06923484802246,0
74.92,1609.6888427734375,-26.764240264892578,0
74.93,1609.6826171875,-26.493385314941406,0
74.94,1609.67919921875,-26.222457885742188,0
74.95,1609.678466796875,-25.951515197753906,0
74.96,1609.678466796875,-25.682693481445312,0
74.97,1609.6810302734375,-25.413928985595703,0
74.98,1609.65380859375,-25.178789138793945,0
74.99,1609.621337890625,-24.951488494873047,0
75,1609.5736083984375,-24.74241065979004,0
75.01,1609.518798828125,-24.542861938476562,0
75.02,1609.41650390625,-24.394567489624023,0
75.03,1609.3016357421875,-24.2608642578125,0
75.04,1609.182373046875,-24.13317108154297,0
75.05,1609.0283203125,-24.042774200439453,0
75.06,1608.8074951171875,-24.022382736206055,0
75.07,1608.58544921875,-24.003597259521484,0
75.08,1608.3660888671875,-23.982173919677734,0
75.09,1608.141357421875,-23.966537475585938,0
75.1,1607.838623046875,-24.03196907043457,0
75.11,1607.51708984375,-24.116044998168945,0
75.12,1607.175048828125,-24.220500946044922,0
75.13,1606.824951171875,-24.332263946533203,0
75.14,1606.4608154296875,-24.457508087158203,0
75.15,1606.0623779296875,-24.616809844970703,0
75.16,1605.610107421875,-24.830320358276367,0
75.17,1605.1650390625,-25.034177780151367,0
75.18,1604.7069091796875,-25.249475479125977,0
75.19,1604.2440185546875,-25.467514038085938,0
75.2,1603.7864990234375,-25.67774772644043,0
75.21,1603.3179931640625,-25.89702033996582,0
75.22,1602.8489990234375,-26.114660263061523,0
75.23,1602.3753662109375,-26.33486557006836,0
75.24,1601.9093017578125,-26.54496192932129,0
75.25,1601.4505615234375,-26.745107650756836,0
75.26,1601.011474609375,-26.922889709472656,0
75.27,1600.6058349609375,-27.064130783081055,0
75.28,1600.207275390625,-27.196725845336914,0
75.29,1599.835693359375,-27.29994010925293,0
75.3,1599.470703125,-27.395238876342773,0
75.31,1599.211181640625,-27.380306243896484,0
75.32,1598.96923828125,-27.347288131713867,0
75.33,1598.764892578125,-27.275680541992188,0
75.34,1598.571533203125,-27.19351577758789,0
75.35,1598.4515380859375,-27.036073684692383,0
75.36,1598.39208984375,-26.817562103271484,0
75.37,1598.3582763671875,-26.57476043701172,0
75.38,1598.32958984375,-26.32921600341797,0
75.39,1598.31396484375,-26.07267189025879,0
75.4,1598.3072509765625,-25.80956268310547,0
75.41,1598.4569091796875,-25.38721466064453,0
75.42,1598.6156005859375,-24.959714889526367,0
75.43,1598.7752685546875,-24.535676956176758,0
75.44,1598.935791015625,-24.115123748779297,0
75.45,1599.09716796875,-23.698068618774414,0
75.46,1599.251220703125,-23.292953491210938,0
75.47,1599.3555908203125,-22.943519592285156,0
75.48,1599.404541015625,-22.655040740966797,0
75.49,1599.4512939453125,-22.371875762939453,0
75.5,1599.4432373046875,-22.14836883544922,0
75.51,1599.411376953125,-21.951969146728516,0
75.52,1599.382080078125,-21.754934310913086,0
75.53,1599.2421875,-21.67447853088379,0
75.54,1599.10595703125,-21.591066360473633,0
75.55,1599.0419921875,-21.433652877807617,0
75.56,1598.9122314453125,-21.346040725708008,0
75.57,1598.785888671875,-21.25568962097168,0
75.58,1598.6632080078125,-21.162675857543945,0
75.59,1598.5438232421875,-21.067073822021484,0
75.6,1598.4278564453125,-20.968955993652344,0
75.61,1598.30517578125,-20.878835678100586,0
75.62,1598.1859130859375,-20.786130905151367,0
75.63,1598.0638427734375,-20.69719696044922,0
75.64,1597.896728515625,-20.65587615966797,0
75.65,1597.6810302734375,-20.66541290283203,0
75.66,1597.4151611328125,-20.72677993774414,0
75.67,1597.119873046875,-20.81801986694336,0
75.68,1596.739013671875,-20.99700164794922,0
75.69,1596.3480224609375,-21.184524536132812,0
75.7,1595.9632568359375,-21.36370277404785,0
75.71,1595.558349609375,-21.56183624267578,0
75.72,1595.1517333984375,-21.75969123840332,0
75.73,1594.7353515625,-21.96558952331543,0
75.74,1594.2833251953125,-22.206388473510742,0
75.75,1593.838134765625,-22.437532424926758,0
75.76,1593.3917236328125,-22.667530059814453,0
75.77,1592.9522705078125,-22.88799476623535,0
75.78,1592.5196533203125,-23.099075317382812,0
75.79,1592.0777587890625,-23.317649841308594,0
75.8,1591.6165771484375,-23.553903579711914,0
75.81,1591.1885986328125,-23.75319480895996,0
75.82,1590.7413330078125,-23.9704647064209,0
75.83,1590.299072265625,-24.18026351928711,0
75.84,1589.8638916015625,-24.3806209564209,0
75.85,1589.4195556640625,-24.588422775268555,0
75.86,1588.9822998046875,-24.786739349365234,0
75.87,1588.5438232421875,-24.984086990356445,0
75.88,1588.1044921875,-25.180383682250977,0
75.89,1587.6641845703125,-25.37567138671875,0
75.9,1587.2108154296875,-25.582441329956055,0
75.91,1586.7646484375,-25.7795352935791,0
75.92,1586.3157958984375,-25.977495193481445,0
75.93,1585.8841552734375,-26.15549087524414,0
75.94,1585.4495849609375,-26.334665298461914,0
75.95,1585.0323486328125,-26.494184494018555,0
75.96,1584.6422119140625,-26.623926162719727,0
75.97,1584.2587890625,-26.745349884033203,0
75.98,1583.8819580078125,-26.85860252380371,0
75.99,1583.5118408203125,-26.963825225830078,0
76,1583.148193359375,-27.061161041259766,0
76.01,1582.7991943359375,-27.142385482788086,0
76.02,1582.4483642578125,-27.22454261779785,0
76.03,1582.10400390625,-27.299230575561523,0
76.04,1581.7640380859375,-27.368661880493164,0
76.05,1581.4202880859375,-27.441299438476562,0
76.06,1581.0626220703125,-27.527496337890625,0
76.07,1580.70947265625,-27.608158111572266,0
76.08,1580.3426513671875,-27.702123641967773,0
76.09,1579.9783935546875,-27.79248809814453,0
76.1,1579.5965576171875,-27.900129318237305,0
76.11,1579.1932373046875,-28.028825759887695,0
76.12,1578.768798828125,-28.178119659423828,0
76.13,1578.345703125,-28.324594497680664,0
76.14,1577.917724609375,-28.474567413330078,0
76.15,1577.490966796875,-28.621702194213867,0
76.16,1577.0433349609375,-28.788930892944336,0
76.17,1576.5892333984375,-28.96120834350586,0
76.18,1576.132568359375,-29.134185791015625,0
76.19,1575.6634521484375,-29.318307876586914,0
76.2,1575.2222900390625,-29.471542358398438,0
76.21,1574.788818359375,-29.615373611450195,0
76.22,1574.33251953125,-29.78122901916504,0
76.23,1573.9141845703125,-29.906089782714844,0
76.24,1573.5091552734375,-30.015804290771484,0
76.25,1573.1114501953125,-30.116891860961914,0
76.26,1572.7269287109375,-30.203222274780273,0
76.27,1572.37158203125,-30.25846290588379,0
76.28,1572.0592041015625,-30.268587112426758,0
76.29,1571.823486328125,-30.199100494384766,0
76.3,1571.6094970703125,-30.107948303222656,0
76.31,1571.4129638671875,-29.999753952026367,0
76.32,1571.239501953125,-29.868600845336914,0
76.33,1571.1112060546875,-29.69208335876465,0
76.34,1571.0498046875,-29.448156356811523,0
76.35,1570.9920654296875,-29.202978134155273,0
76.36,1570.980224609375,-28.912784576416016,0
76.37,1570.9713134765625,-28.622400283813477,0
76.38,1570.9654541015625,-28.33188819885254,0
76.39,1570.9444580078125,-28.06011962890625,0
76.4,1570.90234375,-27.81299591064453,0
76.41,1570.845458984375,-27.583837509155273,0
76.42,1570.7657470703125,-27.380632400512695,0
76.43,1570.6151123046875,-27.253013610839844,0
76.44,1570.45263671875,-27.138891220092773,0
76.45,1570.2806396484375,-27.03594207763672,0
76.46,1570.1131591796875,-26.929359436035156,0
76.47,1569.9219970703125,-26.848432540893555,0
76.48,1569.7235107421875,-26.77597999572754,0
76.49,1569.5257568359375,-26.703535079956055,0
76.5,1569.3326416015625,-26.626901626586914,0
76.51,1569.1302490234375,-26.560779571533203,0
76.52,1568.9326171875,-26.49036979675293,0
76.53,1568.69140625,-26.465791702270508,0
76.54,1568.376953125,-26.517375946044922,0
76.55,1568.064453125,-26.566421508789062,0
76.56,1567.70556640625,-26.663042068481445,0
76.57,1567.35302734375,-26.752017974853516,0
76.58,1566.9927978515625,-26.848024368286133,0
76.59,1566.626953125,-26.948877334594727,0
76.6,1566.2777099609375,-27.031492233276367,0
76.61,1565.9127197265625,-27.1296329498291,0
76.62,1565.5482177734375,-27.226226806640625,0
76.63,1565.186279296875,-27.319211959838867,0
76.64,1564.830810546875,-27.40448760986328,0
76.65,1564.45361328125,-27.511383056640625,0
76.66,1564.06298828125,-27.631065368652344,0
76.67,1563.6751708984375,-27.746580123901367,0
76.68,1563.2982177734375,-27.84967613220215,0
76.69,1562.9239501953125,-27.94890022277832,0
76.7,1562.55029296875,-28.04637908935547,0
76.71,1562.167236328125,-28.152570724487305,0
76.72,1561.7750244140625,-28.26727294921875,0
76.73,1561.3896484375,-28.37361717224121,0
76.74,1561.02734375,-28.4550838470459,0
76.75,1560.687744140625,-28.512165069580078,0
76.76,1560.33837890625,-28.578691482543945,0
76.77,1559.99560546875,-28.63778305053711,0
76.78,1559.6954345703125,-28.652082443237305,0
76.79,1559.4052734375,-28.65584945678711,0
76.8,1559.1270751953125,-28.6472225189209,0
76.81,1558.8546142578125,-28.6326847076416,0
76.82,1558.5938720703125,-28.606075286865234,0
76.83,1558.3388671875,-28.573936462402344,0
76.84,1558.08935546875,-28.53638458251953,0
76.85,1557.8472900390625,-28.4914608001709,0
76.86,1557.6207275390625,-28.4310245513916,0
76.87,1557.4134521484375,-28.351192474365234,0
76.88,1557.229248046875,-28.248226165771484,0
76.89,1557.053955078125,-28.1372127532959,0
76.9,1556.88330078125,-28.022499084472656,0
76.91,1556.71728515625,-27.904184341430664,0
76.92,1556.5557861328125,-27.78236961364746,0
76.93,1556.3988037109375,-27.657148361206055,0
76.94,1556.282470703125,-27.491125106811523,0
76.95,1556.1580810546875,-27.33518409729004,0
76.96,1556.0096435546875,-27.205768585205078,0
76.97,1555.8936767578125,-27.044092178344727,0
76.98,1555.78173828125,-26.879987716674805,0
76.99,1555.673583984375,-26.713539123535156,0
77,1555.5733642578125,-26.540618896484375,0
77.01,1555.4990234375,-26.342708587646484,0
77.02,1555.4281005859375,-26.143260955810547,0
77.03,1555.360595703125,-25.94234848022461,0
77.04,1555.3045654296875,-25.73168182373047,0
77.05,1555.2718505859375,-25.499046325683594,0
77.06,1555.2781982421875,-25.228267669677734,0
77.07,1555.287109375,-24.95768165588379,0
77.08,1555.2984619140625,-24.687341690063477,0
77.09,1555.276123046875,-24.45479965209961,0
77.1,1555.2564697265625,-24.221832275390625,0
77.11,1555.205322265625,-24.023916244506836,0
77.12,1555.0445556640625,-23.941591262817383,0
77.13,1554.8798828125,-23.86423110961914,0
77.14,1554.7113037109375,-23.791696548461914,0
77.15,1554.53076171875,-23.732267379760742,0
77.16,1554.2440185546875,-23.78352165222168,0
77.17,1553.928466796875,-23.864036560058594,0
77.18,1553.6085205078125,-23.948211669921875,0
77.19,1553.2481689453125,-24.073450088500977,0
77.2,1552.8839111328125,-24.201393127441406,0
77.21,1552.38134765625,-24.471267700195312,0
77.22,1551.83837890625,-24.780250549316406,0
77.23,1551.29541015625,-25.086000442504883,0
77.24,1550.728515625,-25.41337776184082,0
77.25,1550.101806640625,-25.799251556396484,0
77.26,1549.4722900390625,-26.184194564819336,0
77.27,1548.8277587890625,-26.58060073852539,0
77.28,1548.192626953125,-26.963233947753906,0
77.29,1547.566650390625,-27.332290649414062,0
77.3,1546.949951171875,-27.687973022460938,0
77.31,1546.3424072265625,-28.030479431152344,0
77.32,1545.758056640625,-28.345470428466797,0
77.33,1545.1826171875,-28.647981643676758,0
77.34,1544.6419677734375,-28.91120719909668,0
77.35,1544.117919921875,-29.154584884643555,0
77.36,1543.6063232421875,-29.382625579833984,0
77.37,1543.1109619140625,-29.59144401550293,0
77.38,1542.6998291015625,-29.710779190063477,0
77.39,1542.328125,-29.788066864013672,0
77.4,1542.0274658203125,-29.790931701660156,0
77.41,1541.773193359375,-29.745817184448242,0
77.42,1541.5706787109375,-29.647489547729492,0
77.43,1541.413330078125,-29.50328826904297,0
77.44,1541.2947998046875,-29.320415496826172,0
77.45,1541.1845703125,-29.13091278076172,0
77.46,1541.0965576171875,-28.920421600341797,0
77.47,1541.0184326171875,-28.70181655883789,0
77.48,1540.944091796875,-28.481599807739258,0
77.49,1540.8773193359375,-28.25569725036621,0
77.5,1540.8302001953125,-28.011751174926758,0
77.51,1540.8165283203125,-27.73565101623535,0
77.52,1540.805908203125,-27.459320068359375,0
77.53,1540.7681884765625,-27.21402931213379,0
77.54,1540.7637939453125,-26.936782836914062,0
77.55,1540.7620849609375,-26.659500122070312,0
77.56,1540.76318359375,-26.38224220275879,0
77.57,1540.7669677734375,-26.105066299438477,0
77.58,1540.7552490234375,-25.84677505493164,0
77.59,1540.72021484375,-25.61534881591797,0
77.6,1540.68212890625,-25.389455795288086,0
77.61,1540.64697265625,-25.162799835205078,0
77.62,1540.61083984375,-24.939598083496094,0
77.63,1540.57763671875,-24.715675354003906,0
77.64,1540.527099609375,-24.511919021606445,0
77.65,1540.4796142578125,-24.307132720947266,0
77.66,1540.4271240234375,-24.109691619873047,0
77.67,1540.377685546875,-23.911176681518555,0
77.68,1540.3170166015625,-23.726245880126953,0
77.69,1540.25341796875,-23.546297073364258,0
77.7,1540.19287109375,-23.365036010742188,0
77.71,1540.12939453125,-23.188756942749023,0
77.72,1540.0467529296875,-23.0340633392334,0
77.73,1539.935302734375,-22.910934448242188,0
77.74,1539.8193359375,-22.79376983642578,0
77.75,1539.684814453125,-22.697011947631836,0
77.76,1539.5379638671875,-22.614086151123047,0
77.77,1539.374755859375,-22.5488224029541,0
77.78,1539.211669921875,-22.48426055908203,0
77.79,1539.04443359375,-22.424558639526367,0
77.8,1538.8692626953125,-22.373775482177734,0
77.81,1538.6639404296875,-22.354642868041992,0
77.82,1538.4610595703125,-22.33323097229004,0
77.83,1538.240478515625,-22.330354690551758,0
77.84,1538.0164794921875,-22.33110237121582,0
77.85,1537.7750244140625,-22.34998893737793,0
77.86,1537.4881591796875,-22.415660858154297,0
77.87,1537.1865234375,-22.49599266052246,0
77.88,1536.8441162109375,-22.617660522460938,0
77.89,1536.4754638671875,-22.765256881713867,0
77.9,1536.078857421875,-22.940292358398438,0
77.91,1535.6846923828125,-23.11102294921875,0
77.92,1535.2408447265625,-23.331436157226562,0
77.93,1534.803955078125,-23.542373657226562,0
77.94,1534.371826171875,-23.74605941772461,0
77.95,1533.9447021484375,-23.942604064941406,0
77.96,1533.4722900390625,-24.18402671813965,0
77.97,1532.9771728515625,-24.446456909179688,0
77.98,1532.449462890625,-24.739788055419922,0
77.99,1531.9296875,-25.021848678588867,0
78,1531.3958740234375,-25.31565284729004,0
78.01,1530.860107421875,-25.608379364013672,0
78.02,1530.326416015625,-25.89589500427246,0
78.03,1529.782958984375,-26.190704345703125,0
78.04,1529.24755859375,-26.47390365600586,0
78.05,1528.71044921875,-26.755998611450195,0
78.06,1528.1776123046875,-27.030778884887695,0
78.07,1527.631103515625,-27.316970825195312,0
78.08,1527.06884765625,-27.616411209106445,0
78.09,1526.5133056640625,-27.905866622924805,0
78.1,1525.96630859375,-28.183460235595703,0
78.11,1525.4256591796875,-28.451505661010742,0
78.12,1524.8934326171875,-28.708009719848633,0
78.13,1524.36962890625,-28.953155517578125,0
78.14,1523.854248046875,-29.187122344970703,0
78.15,1523.34716796875,-29.410093307495117,0
78.16,1522.8482666015625,-29.62224578857422,0
78.17,1522.3594970703125,-29.821622848510742,0
78.18,1521.87890625,-30.010576248168945,0
78.19,1521.3963623046875,-30.19966697692871,0
78.2,1520.9217529296875,-30.378467559814453,0
78.21,1520.465087890625,-30.53676414489746,0
78.22,1519.994140625,-30.70816993713379,0
78.23,1519.53125,-30.869535446166992,0
78.24,1519.0662841796875,-31.03141975402832,0
78.25,1518.6192626953125,-31.173009872436523,0
78.26,1518.1800537109375,-31.305072784423828,0
78.27,1517.7845458984375,-31.390457153320312,0
78.28,1517.4122314453125,-31.450864791870117,0
78.29,1517.047119140625,-31.503353118896484,0
78.3,1516.6888427734375,-31.54807472229004,0
78.31,1516.349609375,-31.57271957397461,0
78.32,1516.0291748046875,-31.57769203186035,0
78.33,1515.7310791015625,-31.55929946899414,0
78.34,1515.489501953125,-31.48272132873535,0
78.35,1515.277587890625,-31.376163482666016,0
78.36,1515.0931396484375,-31.242286682128906,0
78.37,1514.933837890625,-31.083757400512695,0
78.38,1514.8114013671875,-30.888708114624023,0
78.39,1514.6953125,-30.689023971557617,0
78.4,1514.6055908203125,-30.464073181152344,0
78.41,1514.535888671875,-30.220705032348633,0
78.42,1514.5240478515625,-29.919841766357422,0
78.43,1514.5455322265625,-29.587644577026367,0
78.44,1514.5919189453125,-29.233131408691406,0
78.45,1514.6468505859375,-28.873449325561523,0
78.46,1514.72021484375,-28.49839973449707,0
78.47,1514.795654296875,-28.12498664855957,0
78.48,1514.8773193359375,-27.74910545349121,0
78.49,1514.9609375,-27.37504005432129,0
78.5,1515.0465087890625,-27.00282859802246,0
78.51,1515.1300048828125,-26.63666534423828,0
78.52,1515.205322265625,-26.282737731933594,0
78.53,1515.2725830078125,-25.94087028503418,0
78.54,1515.2696533203125,-25.675256729125977,0
78.55,1515.2694091796875,-25.409637451171875,0
78.56,1515.2716064453125,-25.144067764282227,0
78.57,1515.2523193359375,-24.903520584106445,0
78.58,1515.2078857421875,-24.691631317138672,0
78.59,1515.1502685546875,-24.495454788208008,0
78.6,1515.11181640625,-24.281484603881836,0
78.61,1515.0823974609375,-24.060514450073242,0
78.62,1515.07763671875,-23.816181182861328,0
78.63,1515.075439453125,-23.57179832458496,0
78.64,1515.0556640625,-23.34813117980957,0
78.65,1515.036376953125,-23.12616539001465,0
78.66,1514.9837646484375,-22.94121742248535,0
78.67,1514.9339599609375,-22.755189895629883,0
78.68,1514.8729248046875,-22.58268165588379,0
78.69,1514.808837890625,-22.415143966674805,0
78.7,1514.687744140625,-22.30846405029297,0
78.71,1514.5179443359375,-22.25316619873047,0
78.72,1514.336181640625,-22.210886001586914,0
78.73,1514.1304931640625,-22.193769454956055,0
78.74,1513.8612060546875,-22.242780685424805,0
78.75,1513.5770263671875,-22.3067684173584,0
78.76,1513.194091796875,-22.47240447998047,0
78.77,1512.8153076171875,-22.63194465637207,0
78.78,1512.4288330078125,-22.797889709472656,0
78.79,1512.0426025390625,-22.961816787719727,0
78.8,1511.66064453125,-23.119583129882812,0
78.81,1511.2850341796875,-23.269203186035156,0
78.82,1510.9156494140625,-23.41081428527832,0
78.83,1510.54833984375,-23.548702239990234,0
78.84,1510.187255859375,-23.678760528564453,0
78.85,1509.832275390625,-23.80112075805664,0
78.86,1509.4833984375,-23.91591453552246,0
78.87,1509.1466064453125,-24.017045974731445,0
78.88,1508.831787109375,-24.09444808959961,0
78.89,1508.5325927734375,-24.154762268066406,0
78.9,1508.2388916015625,-24.208707809448242,0
78.91,1507.9508056640625,-24.256404876708984,0
78.92,1507.6680908203125,-24.2979736328125,0
78.93,1507.390869140625,-24.33353042602539,0
78.94,1507.0928955078125,-24.39012908935547,0
78.95,1506.8265380859375,-24.413448333740234,0
78.96,1506.5833740234375,-24.412473678588867,0
78.97,1506.34521484375,-24.406333923339844,0
78.98,1506.0859375,-24.422077178955078,0
78.99,1505.811767578125,-24.45301628112793,0
79,1505.5330810546875,-24.488452911376953,0
79.01,1505.259765625,-24.517963409423828,0
79.02,1504.99169921875,-24.54166030883789,0
79.03,1504.7388916015625,-24.549335479736328,0
79.04,1504.4912109375,-24.551637649536133,0
79.05,1504.234619140625,-24.563159942626953,0
79.06,1503.983154296875,-24.569229125976562,0
79.07,1503.732666015625,-24.574106216430664,0
79.08,1503.4913330078125,-24.56951141357422,0
79.09,1503.262939453125,-24.551542282104492,0
79.1,1503.04150390625,-24.526649475097656,0
79.11,1502.828857421875,-24.49290657043457,0
79.12,1502.616943359375,-24.45880889892578,0
79.13,1502.4095458984375,-24.420215606689453,0
79.14,1502.206787109375,-24.37722396850586,0
79.15,1502.0086669921875,-24.329936981201172,0
79.16,1501.819091796875,-24.27429962158203,0
79.17,1501.6339111328125,-24.214645385742188,0
79.18,1501.463134765625,-24.140689849853516,0
79.19,1501.2864990234375,-24.073503494262695,0
79.2,1501.1142578125,-24.002582550048828,0
79.21,1500.9462890625,-23.92801856994629,0
79.22,1500.7684326171875,-23.864381790161133,0
79.23,1500.60888671875,-23.782501220703125,0
79.24,1500.46337890625,-23.686870574951172,0
79.25,1500.3218994140625,-23.58816909790039,0
79.26,1500.2181396484375,-23.451297760009766,0
79.27,1500.117919921875,-23.3122501373291,0
79.28,1500.02099609375,-23.17110252380371,0
79.29,1499.9095458984375,-23.046558380126953,0
79.3,1499.819580078125,-22.901042938232422,0
79.31,1499.73291015625,-22.75364875793457,0
79.32,1499.6494140625,-22.60444450378418,0
79.33,1499.5750732421875,-22.4472713470459,0
79.34,1499.5018310546875,-22.290626525878906,0
79.35,1499.423583984375,-22.140764236450195,0
79.36,1499.348388671875,-21.98927116394043,0
79.37,1499.2762451171875,-21.836214065551758,0
79.38,1499.20703125,-21.681655883789062,0
79.39,1499.1248779296875,-21.542219161987305,0
79.4,1499.0616455078125,-21.384510040283203,0
79.41,1498.9853515625,-21.242048263549805,0
79.42,1498.9119873046875,-21.09799575805664,0
79.43,1498.841552734375,-20.952417373657227,0
79.44,1498.7740478515625,-20.805374145507812,0
79.45,1498.7193603515625,-20.646602630615234,0
79.46,1498.6673583984375,-20.486703872680664,0
79.47,1498.617919921875,-20.325733184814453,0
79.48,1498.571044921875,-20.163747787475586,0
79.49,1498.5267333984375,-20.00079917907715,0
79.5,1498.490966796875,-19.830717086791992,0
79.51,1498.4515380859375,-19.6661376953125,0
79.52,1498.392578125,-19.523487091064453,0
79.53,1498.32421875,-19.392072677612305,0
79.54,1498.24658203125,-19.271635055541992,0
79.55,1498.171630859375,-19.149574279785156,0
79.56,1498.0994873046875,-19.02594757080078,0
79.57,1497.9940185546875,-18.938077926635742,0
79.58,1497.8717041015625,-18.868696212768555,0
79.59,1497.744384765625,-18.80503273010254,0
79.6,1497.620361328125,-18.738679885864258,0
79.61,1497.49951171875,-18.669708251953125,0
79.62,1497.3858642578125,-18.59403419494629,0
79.63,1497.291259765625,-18.499406814575195,0
79.64,1497.1995849609375,-18.402790069580078,0
79.65,1497.110595703125,-18.304244995117188,0
79.66,1497.0225830078125,-18.205909729003906,0
79.67,1496.9393310546875,-18.103649139404297,0
79.68,1496.8587646484375,-17.99964141845703,0
79.69,1496.78076171875,-17.893943786621094,0
79.7,1496.703369140625,-17.7886905670166,0
79.71,1496.6307373046875,-17.679738998413086,0
79.72,1496.55859375,-17.571346282958984,0
79.73,1496.468994140625,-17.482152938842773,0
79.74,1496.3681640625,-17.40555191040039,0
79.75,1496.2701416015625,-17.326824188232422,0
79.76,1496.1649169921875,-17.256359100341797,0
79.77,1496.0625,-17.183673858642578,0
79.78,1495.952880859375,-17.119211196899414,0
79.79,1495.84228515625,-17.056529998779297,0
79.8,1495.718505859375,-17.00812530517578,0
79.81,1495.5977783203125,-16.957101821899414,0
79.82,1495.469970703125,-16.913850784301758,0
79.83,1495.3431396484375,-16.869970321655273,0
79.84,1495.16552734375,-16.879243850708008,0
79.85,1494.9793701171875,-16.897144317626953,0
79.86,1494.7908935546875,-16.917316436767578,0
79.87,1494.578125,-16.96243667602539,0
79.88,1494.34130859375,-17.031982421875,0
79.89,1494.0548095703125,-17.15232276916504,0
79.9,1493.7431640625,-17.297531127929688,0
79.91,1493.4364013671875,-17.43608856201172,0
79.92,1493.130615234375,-17.57225227355957,0
79.93,1492.7998046875,-17.732868194580078,0
79.94,1492.47021484375,-17.890575408935547,0
79.95,1492.145751953125,-18.041250228881836,0
79.96,1491.8145751953125,-18.197404861450195,0
79.97,1491.4886474609375,-18.346492767333984,0
79.98,1491.16796875,-18.48862648010254,0
79.99,1490.8524169921875,-18.623918533325195,0
80,1490.5340576171875,-18.760732650756836,0
80.01,1490.2169189453125,-18.89491081237793,0
80.02,1489.9049072265625,-19.02232551574707,0
80.03,1489.59814453125,-19.14308738708496,0
80.04,1489.29248046875,-19.261459350585938,0
80.05,1488.9798583984375,-19.385713577270508,0
80.06,1488.6724853515625,-19.5033016204834,0
80.07,1488.3702392578125,-19.614336013793945,0
80.08,1488.0731201171875,-19.71892738342285,0
80.09,1487.7791748046875,-19.819210052490234,0
80.1,1487.4901123046875,-19.913227081298828,0
80.11,1487.2061767578125,-20.001087188720703,0
80.12,1486.9093017578125,-20.101531982421875,0
80.13,1486.609375,-20.203893661499023,0
80.14,1486.3106689453125,-20.304018020629883,0
80.15,1486.0091552734375,-20.40602684020996,0
80.16,1485.7127685546875,-20.501609802246094,0
80.17,1485.421630859375,-20.590879440307617,0
80.18,1485.11962890625,-20.69044303894043,0
80.19,1484.798828125,-20.808374404907227,0
80.2,1484.4295654296875,-20.97524642944336,0
80.21,1484.064453125,-21.13626480102539,0
80.22,1483.6912841796875,-21.303970336914062,0
80.23,1483.2841796875,-21.505016326904297,0
80.24,1482.8834228515625,-21.697372436523438,0
80.25,1482.47509765625,-21.895597457885742,0
80.26,1482.0650634765625,-22.093414306640625,0
80.27,1481.66162109375,-22.282480239868164,0
80.28,1481.2646484375,-22.462940216064453,0
80.29,1480.8740234375,-22.634929656982422,0
80.3,1480.48974609375,-22.798587799072266,0
80.31,1480.11962890625,-22.945741653442383,0
80.32,1479.7557373046875,-23.085004806518555,0
80.33,1479.3699951171875,-23.245410919189453,0
80.34,1478.9906005859375,-23.397592544555664,0
80.35,1478.617431640625,-23.541683197021484,0
80.36,1478.2344970703125,-23.694372177124023,0
80.37,1477.8580322265625,-23.838897705078125,0
80.38,1477.48779296875,-23.97539710998535,0
80.39,1477.115966796875,-24.11225128173828,0
80.4,1476.7503662109375,-24.241180419921875,0
80.41,1476.3790283203125,-24.374662399291992,0
80.42,1476.0140380859375,-24.500228881835938,0
80.43,1475.641357421875,-24.63249969482422,0
80.44,1475.2750244140625,-24.756826400756836,0
80.45,1474.928955078125,-24.858867645263672,0
80.46,1474.571044921875,-24.97211456298828,0
80.47,1474.1854248046875,-25.112804412841797,0
80.48,1473.8023681640625,-25.24942970275879,0
80.49,1473.4259033203125,-25.377891540527344,0
80.5,1473.059814453125,-25.494176864624023,0
80.51,1472.7579345703125,-25.542844772338867,0
80.52,1472.4617919921875,-25.585092544555664,0
80.53,1472.1712646484375,-25.62104034423828,0
80.54,1471.8863525390625,-25.65081024169922,0
80.55,1471.60693359375,-25.674524307250977,0
80.56,1471.343017578125,-25.681978225708008,0
80.57,1471.0843505859375,-25.68382453918457,0
80.58,1470.8310546875,-25.680177688598633,0
80.59,1470.5828857421875,-25.671152114868164,0
80.6,1470.3399658203125,-25.656858444213867,0
80.61,1470.1220703125,-25.616758346557617,0
80.62,1469.9090576171875,-25.572038650512695,0
80.63,1469.716796875,-25.506309509277344,0
80.64,1469.5291748046875,-25.436513900756836,0
80.65,1469.330078125,-25.379241943359375,0
80.66,1469.1356201171875,-25.3177547454834,0
80.67,1468.961669921875,-25.23565673828125,0
80.68,1468.7921142578125,-25.14988136291504,0
80.69,1468.626953125,-25.060523986816406,0
80.7,1468.4859619140625,-24.9470272064209,0
80.71,1468.3707275390625,-24.80788803100586,0
80.72,1468.2613525390625,-24.66425895690918,0
80.73,1468.1676025390625,-24.505935668945312,0
80.74,1468.0772705078125,-24.345653533935547,0
80.75,1467.990478515625,-24.183488845825195,0
80.76,1467.906982421875,-24.019515991210938,0
80.77,1467.82470703125,-23.855878829956055,0
80.78,1467.73583984375,-23.700857162475586,0
80.79,1467.6043701171875,-23.591449737548828,0
80.8,1467.4029541015625,-23.555644989013672,0
80.81,1467.18212890625,-23.540313720703125,0
80.82,1466.8486328125,-23.641948699951172,0
80.83,1466.325927734375,-23.93842887878418,0
80.84,1465.797119140625,-24.238222122192383,0
80.85,1465.192626953125,-24.613191604614258,0
80.86,1464.525390625,-25.04936981201172,0
80.87,1463.7822265625,-25.559717178344727,0
80.88,1463.0333251953125,-26.07067108154297,0
80.89,1462.2530517578125,-26.60881805419922,0
80.9,1461.459716796875,-27.15491485595703,0
80.91,1460.67724609375,-27.68404769897461,0
80.92,1459.901611328125,-28.200603485107422,0
80.93,1459.136962890625,-28.700578689575195,0
80.94,1458.383056640625,-29.1842098236084,0
80.95,1457.65771484375,-29.633211135864258,0
80.96,1456.9527587890625,-30.056442260742188,0
80.97,1456.26611328125,-30.45636558532715,0
80.98,1455.6134033203125,-30.816932678222656,0
80.99,1454.98046875,-31.15329360961914,0
81,1454.3929443359375,-31.43910789489746,0
81.01,1453.8148193359375,-31.712385177612305,0
81.02,1453.2457275390625,-31.973325729370117,0
81.03,1452.685791015625,-32.22212600708008,0
81.04,1452.1348876953125,-32.458980560302734,0
81.05,1451.5870361328125,-32.69026184082031,0
81.06,1451.048095703125,-32.90985870361328,0
81.07,1450.5101318359375,-33.12615966796875,0
81.08,1449.9810791015625,-33.330989837646484,0
81.09,1449.4549560546875,-33.53071212768555,0
81.1,1448.9376220703125,-33.71921920776367,0
81.11,1448.43505859375,-33.89052963256836,0
81.12,1447.9351806640625,-34.05730438232422,0
81.13,1447.4498291015625,-34.20725631713867,0
81.14,1446.968994140625,-34.35102081298828,0
81.15,1446.49462890625,-34.48656463623047,0
81.16,1446.0306396484375,-34.6099853515625,0
81.17,1445.572998046875,-34.725547790527344,0
81.18,1445.09375,-34.86222457885742,0
81.19,1444.6368408203125,-34.97433090209961,0
81.2,1444.1744384765625,-35.0910758972168,0
81.21,1443.7261962890625,-35.191802978515625,0
81.22,1443.2802734375,-35.28916549682617,0
81.23,1442.8385009765625,-35.381187438964844,0
81.24,1442.3870849609375,-35.48232650756836,0
81.25,1441.912109375,-35.60673522949219,0
81.26,1441.421875,-35.74571990966797,0
81.27,1440.932373046875,-35.88246154785156,0
81.28,1440.4158935546875,-36.045814514160156,0
81.29,1439.8568115234375,-36.25157928466797,0
81.3,1439.3031005859375,-36.449581146240234,0
81.31,1438.7032470703125,-36.693294525146484,0
81.32,1438.0677490234375,-36.97146224975586,0
81.33,1437.4266357421875,-37.25251388549805,0
81.34,1436.776123046875,-37.540428161621094,0
81.35,1436.1004638671875,-37.85144805908203,0
81.36,1435.4097900390625,-38.17475891113281,0
81.37,1434.7281494140625,-38.485355377197266,0
81.38,1434.0474853515625,-38.79167938232422,0
81.39,1433.3778076171875,-39.0834846496582,0
81.4,1432.718994140625,-39.36100387573242,0
81.41,1432.069091796875,-39.62655258178711,0
81.42,1431.431884765625,-39.87616729736328,0
81.43,1430.80517578125,-40.11219787597656,0
81.44,1430.200927734375,-40.32258224487305,0
81.45,1429.6328125,-40.49338150024414,0
81.46,1429.124267578125,-40.60074234008789,0
81.47,1428.6290283203125,-40.69318389892578,0
81.48,1428.2183837890625,-40.696983337402344,0
81.49,1427.8280029296875,-40.67977523803711,0
81.5,1427.4954833984375,-40.602882385253906,0
81.51,1427.2479248046875,-40.43876647949219,0
81.52,1427.0089111328125,-40.26741027832031,0
81.53,1426.8341064453125,-40.031368255615234,0
81.54,1426.7010498046875,-39.754634857177734,0
81.55,1426.5733642578125,-39.475135803222656,0
81.56,1426.4510498046875,-39.19298553466797,0
81.57,1426.333984375,-38.908294677734375,0
81.58,1426.232177734375,-38.61085891723633,0
81.59,1426.13525390625,-38.31132125854492,0
81.6,1426.0333251953125,-38.02011489868164,0
81.61,1425.9005126953125,-37.76383590698242,0
81.62,1425.7669677734375,-37.510963439941406,0
81.63,1425.6326904296875,-37.26148223876953,0
81.64,1425.495849609375,-37.01739501953125,0
81.65,1425.3641357421875,-36.77045440673828,0
81.66,1425.2354736328125,-36.52284622192383,0
81.67,1425.1119384765625,-36.272560119628906,0
81.68,1424.989501953125,-36.02379608154297,0
81.69,1424.8758544921875,-35.76839065551758,0
81.7,1424.76708984375,-35.51062774658203,0
81.71,1424.6630859375,-35.2506103515625,0
81.72,1424.611328125,-34.93906021118164,0
81.73,1424.5657958984375,-34.62440490722656,0
81.74,1424.5281982421875,-34.304752349853516,0
81.75,1424.5341796875,-33.943241119384766,0
81.76,1424.5435791015625,-33.581932067871094,0
81.77,1424.5662841796875,-33.210636138916016,0
81.78,1424.5941162109375,-32.83782196044922,0
81.79,1424.625,-32.46567916870117,0
81.8,1424.662841796875,-32.09012222290039,0
81.81,1424.70361328125,-31.7154483795166,0
81.82,1424.747314453125,-31.341720581054688,0
81.83,1424.793701171875,-30.968997955322266,0
81.84,1424.799072265625,-30.642620086669922,0
81.85,1424.8056640625,-30.31850242614746,0
81.86,1424.811279296875,-29.998687744140625,0
81.87,1424.8079833984375,-29.69140625,0
81.88,1424.64306640625,-29.554744720458984,0
81.89,1424.4609375,-29.437278747558594,0
81.9,1424.2578125,-29.342676162719727,0
81.91,1424.059814453125,-29.2437801361084,0
81.92,1423.85693359375,-29.150968551635742,0
81.93,1423.6591796875,-29.053869247436523,0
81.94,1423.4346923828125,-28.985469818115234,0
81.95,1423.19775390625,-28.930776596069336,0
81.96,1422.9462890625,-28.891599655151367,0
81.97,1422.6923828125,-28.85533905029297,0
81.98,1422.4281005859375,-28.83013343811035,0
81.99,1422.15771484375,-28.81161117553711,0
82,1421.8831787109375,-28.797618865966797,0
82.01,1421.57080078125,-28.822965621948242,0
82.02,1421.258544921875,-28.84784698486328,0
82.03,1420.948486328125,-28.870187759399414,0
82.04,1420.640625,-28.890037536621094,0
82.05,1420.3388671875,-28.903345108032227,0
82.06,1420.0430908203125,-28.910242080688477,0
82.07,1419.74951171875,-28.91495132446289,0
82.08,1419.4617919921875,-28.91342544555664,0
82.09,1419.1839599609375,-28.901697158813477,0
82.1,1418.911865234375,-28.884071350097656,0
82.11,1418.6417236328125,-28.864765167236328,0
82.12,1418.383056640625,-28.8336124420166,0
82.13,1418.130126953125,-28.796974182128906,0
82.14,1417.8826904296875,-28.754972457885742,0
82.15,1417.650634765625,-28.697458267211914,0
82.16,1417.4278564453125,-28.63093376159668,0
82.17,1417.2064208984375,-28.56378936767578,0
82.18,1416.982177734375,-28.500146865844727,0
82.19,1416.7711181640625,-28.423564910888672,0
82.2,1416.565185546875,-28.342519760131836,0
82.21,1416.3681640625,-28.253023147583008,0
82.22,1416.1761474609375,-28.15936279296875,0
82.23,1415.9849853515625,-28.065738677978516,0
82.24,1415.792724609375,-27.9742488861084,0
82.25,1415.603271484375,-27.880714416503906,0
82.26,1415.4205322265625,-27.781158447265625,0
82.27,1415.24853515625,-27.671571731567383,0
82.28,1415.0811767578125,-27.5583553314209,0
82.29,1414.92626953125,-27.433361053466797,0
82.3,1414.7757568359375,-27.30510711669922,0
82.31,1414.6314697265625,-27.171663284301758,0
82.32,1414.4915771484375,-27.035184860229492,0
82.33,1414.3577880859375,-26.893688201904297,0
82.34,1414.2618408203125,-26.7144832611084,0
82.35,1414.201416015625,-26.50040054321289,0
82.36,1414.144287109375,-26.285079956054688,0
82.37,1414.0924072265625,-26.066574096679688,0
82.38,1414.0616455078125,-25.82849884033203,0
82.39,1414.0377197265625,-25.585723876953125,0
82.4,1414.0364990234375,-25.321958541870117,0
82.41,1414.0418701171875,-25.05413055419922,0
82.42,1414.061767578125,-24.774127960205078,0
82.43,1414.072021484375,-24.5069522857666,0
82.44,1414.0806884765625,-24.244144439697266,0
82.45,1414.109619140625,-23.963064193725586,0
82.46,1414.1407470703125,-23.68265724182129,0
82.47,1414.1561279296875,-23.421485900878906,0
82.48,1414.1737060546875,-23.160696029663086,0
82.49,1414.1915283203125,-22.90241241455078,0
82.5,1414.1976318359375,-22.65892219543457,0
82.51,1414.2020263671875,-22.419710159301758,0
82.52,1414.19873046875,-22.190908432006836,0
82.53,1414.1937255859375,-21.966236114501953,0
82.54,1414.1158447265625,-21.819496154785156,0
82.55,1413.995361328125,-21.71837043762207,0
82.56,1413.7177734375,-21.78089141845703,0
82.57,1413.4136962890625,-21.870328903198242,0
82.58,1413.093017578125,-21.975841522216797,0
82.59,1412.6968994140625,-22.158567428588867,0
82.6,1412.2635498046875,-22.377954483032227,0
82.61,1411.7578125,-22.670005798339844,0
82.62,1411.218017578125,-22.994291305541992,0
82.63,1410.6702880859375,-23.32342529296875,0
82.64,1410.0870361328125,-23.685909271240234,0
82.65,1409.5003662109375,-24.048221588134766,0
82.66,1408.922119140625,-24.397998809814453,0
82.67,1408.3245849609375,-24.76409339904785,0
82.68,1407.723876953125,-25.129709243774414,0
82.69,1407.143798828125,-25.470205307006836,0
82.7,1406.572265625,-25.798311233520508,0
82.71,1406.00927734375,-26.114213943481445,0
82.72,1405.4547119140625,-26.418094635009766,0
82.73,1404.9224853515625,-26.69577407836914,0
82.74,1404.3905029296875,-26.97028350830078,0
82.75,1403.86083984375,-27.23961067199707,0
82.76,1403.3453369140625,-27.491464614868164,0
82.77,1402.8458251953125,-27.7241268157959,0
82.78,1402.360107421875,-27.940019607543945,0
82.79,1401.8822021484375,-28.145551681518555,0
82.8,1401.40625,-28.347007751464844,0
82.81,1400.93017578125,-28.546506881713867,0
82.82,1400.4617919921875,-28.73585319519043,0
82.83,1400.0150146484375,-28.900909423828125,0
82.84,1399.589599609375,-29.04207992553711,0
82.85,1399.171630859375,-29.1741886138916,0
82.86,1398.7608642578125,-29.297393798828125,0
82.87,1398.3494873046875,-29.4200439453125,0
82.88,1397.9453125,-29.533933639526367,0
82.89,1397.54833984375,-29.639219284057617,0
82.9,1397.158447265625,-29.736051559448242,0
82.91,1396.7735595703125,-29.826658248901367,0
82.92,1396.393798828125,-29.911094665527344,0
82.93,1396.02099609375,-29.987449645996094,0
82.94,1395.655029296875,-30.055870056152344,0
82.95,1395.2958984375,-30.116506576538086,0
82.96,1394.945556640625,-30.1674861907959,0
82.97,1394.6077880859375,-30.20490264892578,0
82.98,1394.3082275390625,-30.202373504638672,0
82.99,1394.04638671875,-30.160722732543945,0
83,1393.8299560546875,-30.072505950927734,0
83.01,1393.7255859375,-29.869077682495117,0
83.02,1393.6807861328125,-29.606142044067383,0
83.03,1393.6553955078125,-29.32587242126465,0
83.04,1393.63525390625,-29.04310417175293,0
83.05,1393.667724609375,-28.70868682861328,0
83.06,1393.708740234375,-28.368858337402344,0
83.07,1393.785888671875,-27.995136260986328,0
83.08,1393.8929443359375,-27.59440803527832,0
83.09,1394.06298828125,-27.132413864135742,0
83.1,1394.236083984375,-26.6721134185791,0
83.11,1394.41015625,-26.215585708618164,0
83.12,1394.5850830078125,-25.762849807739258,0
83.13,1394.7431640625,-25.33238410949707,0
83.14,1394.9022216796875,-24.905366897583008,0
83.15,1395.0621337890625,-24.4818172454834,0
83.16,1395.195068359375,-24.090476989746094,0
83.17,1395.297607421875,-23.734861373901367,0
83.18,1395.375732421875,-23.408151626586914,0
83.19,1395.4554443359375,-23.083168029785156,0
83.2,1395.552490234375,-22.743562698364258,0
83.21,1395.589599609375,-22.469654083251953,0
83.22,1395.6285400390625,-22.196590423583984,0
83.23,1395.66943359375,-21.924413681030273,0
83.24,1395.7734375,-21.589599609375,0
83.25,1395.8785400390625,-21.257064819335938,0
83.26,1396.002685546875,-20.908374786376953,0
83.27,1396.1375732421875,-20.552127838134766,0
83.28,1396.273193359375,-20.198820114135742,0
83.29,1396.3995361328125,-19.858734130859375,0
83.3,1396.526611328125,-19.52140235900879,0
83.31,1396.622802734375,-19.219661712646484,0
83.32,1396.718017578125,-18.92205047607422,0
83.33,1396.7706298828125,-18.6716251373291,0
83.34,1396.7711181640625,-18.477741241455078,0
83.35,1396.771484375,-18.285987854003906,0
83.36,1396.6787109375,-18.192628860473633,0
83.37,1396.5078125,-18.181304931640625,0
83.38,1396.3404541015625,-18.16635513305664,0
83.39,1396.1727294921875,-18.15195083618164,0
83.4,1396.008544921875,-18.133987426757812,0
83.41,1395.8419189453125,-18.118711471557617,0
83.42,1395.6849365234375,-18.093730926513672,0
83.43,1395.5234375,-18.0736141204834,0
83.44,1395.357421875,-18.058263778686523,0
83.45,1395.2109375,-18.02301025390625,0
83.46,1395.0677490234375,-17.984655380249023,0
83.47,1394.912109375,-17.95965003967285,0
83.48,1394.7559814453125,-17.93543815612793,0
83.49,1394.5755615234375,-17.936586380004883,0
83.5,1394.3948974609375,-17.937999725341797,0
83.51,1394.2178955078125,-17.935575485229492,0
83.52,1394.0189208984375,-17.95598602294922,0
83.53,1393.803955078125,-17.992643356323242,0
83.54,1393.593017578125,-18.024728775024414,0
83.55,1393.3861083984375,-18.05232810974121,0
83.56,1393.18310546875,-18.075529098510742,0
83.57,1392.984130859375,-18.09441566467285,0
83.58,1392.787109375,-18.11115074157715,0
83.59,1392.5938720703125,-18.12369728088379,0
83.6,1392.396484375,-18.140329360961914,0
83.61,1392.1932373046875,-18.162979125976562,0
83.62,1391.993896484375,-18.18130874633789,0
83.63,1391.8201904296875,-18.172903060913086,0
83.64,1391.62841796875,-18.18330955505371,0
83.65,1391.4404296875,-18.18964195251465,0
83.66,1391.2484130859375,-18.200170516967773,0
83.67,1391.0601806640625,-18.206619262695312,0
83.68,1390.8758544921875,-18.209070205688477,0
83.69,1390.6832275390625,-18.219892501831055,0
83.7,1390.4945068359375,-18.22662353515625,0
83.71,1390.3095703125,-18.229347229003906,0
83.72,1390.12646484375,-18.230220794677734,0
83.73,1389.9471435546875,-18.22720718383789,0
83.74,1389.7635498046875,-18.228574752807617,0
83.75,1389.577880859375,-18.232162475585938,0
83.76,1389.3760986328125,-18.252281188964844,0
83.77,1389.0953369140625,-18.35400390625,0
83.78,1388.8172607421875,-18.451814651489258,0
83.79,1388.4649658203125,-18.62549591064453,0
83.8,1388.0985107421875,-18.81208038330078,0
83.81,1387.6982421875,-19.0317440032959,0
83.82,1387.2528076171875,-19.295989990234375,0
83.83,1386.72705078125,-19.640647888183594,0
83.84,1386.206787109375,-19.976089477539062,0
83.85,1385.666259765625,-20.329025268554688,0
83.86,1385.097900390625,-20.707155227661133,0
83.87,1384.5,-21.111961364746094,0
83.88,1383.892578125,-21.522388458251953,0
83.89,1383.22265625,-21.993263244628906,0
83.9,1382.5440673828125,-22.468212127685547,0
83.91,1381.872802734375,-22.93067741394043,0
83.92,1381.1990966796875,-23.391021728515625,0
83.93,1380.5325927734375,-23.839038848876953,0
83.94,1379.867431640625,-24.280942916870117,0
83.95,1379.211669921875,-24.70863151550293,0
83.96,1378.5533447265625,-25.134536743164062,0
83.97,1377.9161376953125,-25.534143447875977,0
83.98,1377.2958984375,-25.912002563476562,0
83.99,1376.6866455078125,-26.274538040161133,0
84,1376.0648193359375,-26.646501541137695,0
84.01,1375.449951171875,-27.00725746154785,0
84.02,1374.864013671875,-27.33446502685547,0
84.03,1374.286865234375,-27.64916229248047,0
84.04,1373.6907958984375,-27.980093002319336,0
84.05,1373.101806640625,-28.300371170043945,0
84.06,1372.515869140625,-28.61419677734375,0
84.07,1371.928955078125,-28.92572021484375,0
84.08,1371.3509521484375,-29.224716186523438,0
84.09,1370.7818603515625,-29.511377334594727,0
84.1,1370.2314453125,-29.77568817138672,0
84.11,1369.6898193359375,-30.02825927734375,0
84.12,1369.14501953125,-30.281503677368164,0
84.13,1368.6048583984375,-30.5272216796875,0
84.14,1368.0694580078125,-30.765459060668945,0
84.15,1367.5428466796875,-30.992280960083008,0
84.16,1367.0306396484375,-31.20175552368164,0
84.17,1366.52685546875,-31.400312423706055,0
84.18,1366.0491943359375,-31.569787979125977,0
84.19,1365.56201171875,-31.74742889404297,0
84.2,1365.0830078125,-31.914688110351562,0
84.21,1364.6123046875,-32.07174301147461,0
84.22,1364.149658203125,-32.218772888183594,0
84.23,1363.695068359375,-32.35594940185547,0
84.24,1363.236572265625,-32.49567413330078,0
84.25,1362.7762451171875,-32.63584518432617,0
84.26,1362.3160400390625,-32.7744026184082,0
84.27,1361.8541259765625,-32.91331481933594,0
84.28,1361.3372802734375,-33.107688903808594,0
84.29,1360.7701416015625,-33.352195739746094,0
84.3,1360.1827392578125,-33.61518478393555,0
84.31,1359.5987548828125,-33.87175750732422,0
84.32,1358.9554443359375,-34.18717956542969,0
84.33,1358.2730712890625,-34.53981018066406,0
84.34,1357.5775146484375,-34.90233612060547,0
84.35,1356.8770751953125,-35.26628875732422,0
84.36,1356.1834716796875,-35.61939239501953,0
84.37,1355.4888916015625,-35.96986770629883,0
84.38,1354.795166015625,-36.315731048583984,0
84.39,1354.1123046875,-36.646793365478516,0
84.4,1353.440185546875,-36.963287353515625,0
84.41,1352.77880859375,-37.265445709228516,0
84.42,1352.1279296875,-37.553497314453125,0
84.43,1351.4876708984375,-37.82767105102539,0
84.44,1350.8597412109375,-38.08616638183594,0
84.45,1350.2598876953125,-38.31293487548828,0
84.46,1349.677978515625,-38.51878356933594,0
84.47,1349.125732421875,-38.691871643066406,0
84.48,1348.5928955078125,-38.84299087524414,0
84.49,1348.0694580078125,-38.982765197753906,0
84.5,1347.557373046875,-39.109378814697266,0
84.51,1347.0545654296875,-39.22509002685547,0
84.52,1346.57666015625,-39.31378173828125,0
84.53,1346.107666015625,-39.39230728149414,0
84.54,1345.6475830078125,-39.46086120605469,0
84.55,1345.180419921875,-39.535953521728516,0
84.56,1344.7103271484375,-39.61334228515625,0
84.57,1344.1802978515625,-39.751976013183594,0
84.58,1343.657958984375,-39.881351470947266,0
84.59,1343.1351318359375,-40.00981521606445,0
84.6,1342.5882568359375,-40.161766052246094,0
84.61,1342.0491943359375,-40.30409622192383,0
84.62,1341.517822265625,-40.43696975708008,0
84.63,1340.964599609375,-40.591121673583984,0
84.64,1340.4212646484375,-40.733497619628906,0
84.65,1339.8817138671875,-40.87042236328125,0
84.66,1339.340087890625,-41.00803756713867,0
84.67,1338.808349609375,-41.134124755859375,0
84.68,1338.2841796875,-41.250972747802734,0
84.69,1337.7696533203125,-41.35667037963867,0
84.7,1337.2645263671875,-41.451419830322266,0
84.71,1336.768798828125,-41.535423278808594,0
84.72,1336.280517578125,-41.610904693603516,0
84.73,1335.789794921875,-41.688175201416016,0
84.74,1335.308349609375,-41.75501251220703,0
84.75,1334.8360595703125,-41.811614990234375,0
84.76,1334.349365234375,-41.88263702392578,0
84.77,1333.8956298828125,-41.918853759765625,0
84.78,1333.4508056640625,-41.945430755615234,0
84.79,1333.014892578125,-41.96255874633789,0
84.8,1332.591552734375,-41.96638488769531,0
84.81,1332.1768798828125,-41.96122360229492,0
84.82,1331.770751953125,-41.947261810302734,0
84.83,1331.3692626953125,-41.9287223815918,0
84.84,1330.97607421875,-41.90166091918945,0
84.85,1330.5911865234375,-41.86625671386719,0
84.86,1330.18115234375,-41.8572998046875,0
84.87,1329.7384033203125,-41.88233184814453,0
84.88,1329.296630859375,-41.90614700317383,0
84.89,1328.8519287109375,-41.9327507019043,0
84.9,1328.416015625,-41.94990921020508,0
84.91,1327.9888916015625,-41.95780944824219,0
84.92,1327.5704345703125,-41.956642150878906,0
84.93,1327.16064453125,-41.946590423583984,0
84.94,1326.7711181640625,-41.91566848754883,0
84.95,1326.4251708984375,-41.83985137939453,0
84.96,1326.0968017578125,-41.74655532836914,0
84.97,1325.8016357421875,-41.61982727050781,0
84.98,1325.521728515625,-41.478729248046875,0
84.99,1325.3746337890625,-41.20146560668945,0
85,1325.2569580078125,-40.89668273925781,0
85.01,1325.2528076171875,-40.477439880371094,0
85.02,1325.296142578125,-40.01338195800781,0
85.03,1325.35888671875,-39.53407287597656,0
85.04,1325.434814453125,-39.04598617553711,0
85.05,1325.6812744140625,-38.38633728027344,0
85.06,1325.994140625,-37.66474914550781,0
85.07,1326.34130859375,-36.91529083251953,0
85.08,1326.6885986328125,-36.17335891723633,0
85.09,1327.0360107421875,-35.438961029052734,0
85.1,1327.383544921875,-34.712093353271484,0
85.11,1327.72900390625,-33.99477767944336,0
85.12,1328.04296875,-33.317596435546875,0
85.13,1328.1937255859375,-32.816463470458984,0
85.14,1328.3148193359375,-32.35128402709961,0
85.15,1328.43798828125,-31.888774871826172,0
85.16,1328.5552978515625,-31.437114715576172,0
85.17,1328.6529541015625,-31.01047706604004,0
85.18,1328.7310791015625,-30.608444213867188,0
85.19,1328.7840576171875,-30.236648559570312,0
85.2,1328.839599609375,-29.866056442260742,0
85.21,1328.846435546875,-29.54967498779297,0
85.22,1328.865966796875,-29.22335433959961,0
85.23,1328.815673828125,-28.97285270690918,0
85.24,1328.7689208984375,-28.721338272094727,0
85.25,1328.7254638671875,-28.468883514404297,0
85.26,1328.6854248046875,-28.215560913085938,0
85.27,1328.6644287109375,-27.945173263549805,0
85.28,1328.646484375,-27.674396514892578,0
85.29,1328.6473388671875,-27.38697624206543,0
85.3,1328.6724853515625,-27.077251434326172,0
85.31,1328.6943359375,-26.774240493774414,0
85.32,1328.724609375,-26.46564483642578,0
85.33,1328.7513427734375,-26.16387176513672,0
85.34,1328.780517578125,-25.862730026245117,0
85.35,1328.81201171875,-25.562271118164062,0
85.36,1328.855712890625,-25.252334594726562,0
85.37,1328.9034423828125,-24.941375732421875,0
85.38,1328.970947265625,-24.61315155029297,0
85.39,1329.0206298828125,-24.306791305541992,0
85.4,1329.092041015625,-23.981189727783203,0
85.41,1329.1710205078125,-23.651060104370117,0
85.42,1329.251708984375,-23.32267951965332,0
85.43,1329.3338623046875,-22.996078491210938,0
85.44,1329.3919677734375,-22.69776725769043,0
85.45,1329.4400634765625,-22.412982940673828,0
85.46,1329.4859619140625,-22.13337516784668,0
85.47,1329.53369140625,-21.85480308532715,0
85.48,1329.5399169921875,-21.622068405151367,0
85.49,1329.5404052734375,-21.397703170776367,0
85.5,1329.54296875,-21.17339515686035,0
85.51,1329.5477294921875,-20.949188232421875,0
85.52,1329.5428466796875,-20.7373046875,0
85.53,1329.5401611328125,-20.525360107421875,0
85.54,1329.53173828125,-20.321592330932617,0
85.55,1329.525390625,-20.117687225341797,0
85.56,1329.517333984375,-19.91773223876953,0
85.57,1329.50732421875,-19.721744537353516,0
85.58,1329.49755859375,-19.527605056762695,0
85.59,1329.47802734375,-19.34552764892578,0
85.6,1329.4410400390625,-19.183433532714844,0
85.61,1329.384765625,-19.042972564697266,0
85.62,1329.3251953125,-18.907461166381836,0
85.63,1329.24658203125,-18.793094635009766,0
85.64,1329.1529541015625,-18.69536781311035,0
85.65,1329.0406494140625,-18.61805534362793,0
85.66,1328.88037109375,-18.591276168823242,0
85.67,1328.694091796875,-18.59161376953125,0
85.68,1328.486083984375,-18.614469528198242,0
85.69,1328.2625732421875,-18.65321159362793,0
85.7,1328.035400390625,-18.695335388183594,0
85.71,1327.8065185546875,-18.738739013671875,0
85.72,1327.5445556640625,-18.8159236907959,0
85.73,1327.197021484375,-18.980981826782227,0
85.74,1326.8353271484375,-19.158987045288086,0
85.75,1326.4517822265625,-19.35771369934082,0
85.76,1326.0408935546875,-19.58275604248047,0
85.77,1325.63623046875,-19.799030303955078,0
85.78,1325.196533203125,-20.04935073852539,0
85.79,1324.753662109375,-20.300439834594727,0
85.8,1324.2860107421875,-20.574548721313477,0
85.81,1323.8233642578125,-20.84069061279297,0
85.82,1323.3341064453125,-21.13150978088379,0
85.83,1322.8109130859375,-21.45450782775879,0
85.84,1322.269775390625,-21.792695999145508,0
85.85,1321.7364501953125,-22.119327545166016,0
85.86,1321.2088623046875,-22.436582565307617,0
85.87,1320.68505859375,-22.746667861938477,0
85.88,1320.1494140625,-23.06581687927246,0
85.89,1319.62158203125,-23.373523712158203,0
85.9,1319.1251220703125,-23.64561653137207,0
85.91,1318.6380615234375,-23.90509605407715,0
85.92,1318.1585693359375,-24.15418243408203,0
85.93,1317.6961669921875,-24.38287925720215,0
85.94,1317.2449951171875,-24.597673416137695,0
85.95,1316.8616943359375,-24.739910125732422,0
85.96,1316.4847412109375,-24.873977661132812,0
85.97,1316.1240234375,-24.9898624420166,0
85.98,1315.7696533203125,-25.098066329956055,0
85.99,1315.4215087890625,-25.1987247467041,0
86,1315.0794677734375,-25.29197120666504,0
86.01,1314.7318115234375,-25.390108108520508,0
86.02,1314.3902587890625,-25.480844497680664,0
86.03,1314.0333251953125,-25.586637496948242,0
86.04,1313.6806640625,-25.686847686767578,0
86.05,1313.3343505859375,-25.779550552368164,0
86.06,1312.9803466796875,-25.87912940979004,0
86.07,1312.6326904296875,-25.971172332763672,0
86.08,1312.2911376953125,-26.055814743041992,0
86.09,1311.9637451171875,-26.125057220458984,0
86.1,1311.6483154296875,-26.18121910095215,0
86.11,1311.332763671875,-26.236787796020508,0
86.12,1311.011474609375,-26.297819137573242,0
86.13,1310.6961669921875,-26.35201644897461,0
86.14,1310.38671875,-26.399507522583008,0
86.15,1310.0831298828125,-26.440418243408203,0
86.16,1309.7462158203125,-26.515487670898438,0
86.17,1309.41552734375,-26.583391189575195,0
86.18,1309.0908203125,-26.644258499145508,0
86.19,1308.768310546875,-26.702259063720703,0
86.2,1308.447998046875,-26.75743865966797,0
86.21,1308.102294921875,-26.838285446166992,0
86.22,1307.762939453125,-26.911775588989258,0
86.23,1307.421875,-26.986177444458008,0
86.24,1307.087158203125,-27.05332374572754,0
86.25,1306.7586669921875,-27.113351821899414,0
86.26,1306.424560546875,-27.178564071655273,0
86.27,1306.0888671875,-27.244808197021484,0
86.28,1305.75732421875,-27.30592918395996,0
86.29,1305.4144287109375,-27.37822914123535,0
86.3,1305.095458984375,-27.425004959106445,0
86.31,1304.760986328125,-27.487321853637695,0
86.32,1304.4034423828125,-27.572927474975586,0
86.33,1304.0816650390625,-27.62052345275879,0
86.34,1303.7269287109375,-27.70182991027832,0
86.35,1303.378662109375,-27.775590896606445,0
86.36,1303.036865234375,-27.841943740844727,0
86.37,1302.701416015625,-27.901023864746094,0
86.38,1302.3643798828125,-27.961050033569336,0
86.39,1302.03369140625,-28.0139102935791,0
86.4,1301.699462890625,-28.06989288330078,0
86.41,1301.37353515625,-28.116748809814453,0
86.42,1301.0499267578125,-28.160715103149414,0
86.43,1300.7286376953125,-28.201841354370117,0
86.44,1300.4075927734375,-28.242252349853516,0
86.45,1300.0848388671875,-28.283971786499023,0
86.46,1299.7762451171875,-28.310697555541992,0
86.47,1299.4755859375,-28.328845977783203,0
86.48,1299.178955078125,-28.342628479003906,0
86.49,1298.8883056640625,-28.350112915039062,0
86.5,1298.59765625,-28.357542037963867,0
86.51,1298.3128662109375,-28.35879898071289,0
86.52,1298.033935546875,-28.3540096282959,0
86.53,1297.7685546875,-28.335163116455078,0
86.54,1297.5128173828125,-28.306596755981445,0
86.55,1297.2703857421875,-28.264528274536133,0
86.56,1297.0333251953125,-28.217323303222656,0
86.57,1296.817138671875,-28.148883819580078,0
86.58,1296.614013671875,-28.067739486694336,0
86.59,1296.4315185546875,-27.96609115600586,0
86.6,1296.2733154296875,-27.840286254882812,0
86.61,1296.1273193359375,-27.703073501586914,0
86.62,1295.98583984375,-27.56279182434082,0
86.63,1295.9268798828125,-27.3383731842041,0
86.64,1295.877197265625,-27.10663414001465,0
86.65,1295.8387451171875,-26.865758895874023,0
86.66,1295.8092041015625,-26.61806297302246,0
86.67,1295.78466796875,-26.367769241333008,0
86.68,1295.7886962890625,-26.090593338012695,0
86.69,1295.79541015625,-25.813562393188477,0
86.7,1295.8065185546875,-25.534713745117188,0
86.71,1295.8182373046875,-25.2581787109375,0
86.72,1295.8323974609375,-24.981952667236328,0
86.73,1295.8233642578125,-24.732498168945312,0
86.74,1295.8150634765625,-24.48493194580078,0
86.75,1295.801513671875,-24.245372772216797,0
86.76,1295.7789306640625,-24.01774787902832,0
86.77,1295.7432861328125,-23.80590057373047,0
86.78,1295.6654052734375,-23.6400089263916,0
86.79,1295.5711669921875,-23.492801666259766,0
86.8,1295.450927734375,-23.374025344848633,0
86.81,1295.328369140625,-23.25883674621582,0
86.82,1295.15869140625,-23.193798065185547,0
86.83,1294.9813232421875,-23.137340545654297,0
86.84,1294.80615234375,-23.079147338867188,0
86.85,1294.6331787109375,-23.019269943237305,0
86.86,1294.46435546875,-22.955734252929688,0
86.87,1294.289794921875,-22.89877700805664,0
86.88,1294.117431640625,-22.84014892578125,0
86.89,1293.9178466796875,-22.810291290283203,0
86.9,1293.7010498046875,-22.798526763916016,0
86.91,1293.5025634765625,-22.76797103881836,0
86.92,1293.2947998046875,-22.74740219116211,0
86.93,1293.091552734375,-22.722429275512695,0
86.94,1292.8515625,-22.735660552978516,0
86.95,1292.6143798828125,-22.74580955505371,0
86.96,1292.3760986328125,-22.75704002380371,0
86.97,1292.1485595703125,-22.757095336914062,0
86.98,1291.907958984375,-22.770605087280273,0
86.99,1291.650634765625,-22.801271438598633,0
87,1291.3983154296875,-22.826467514038086,0
87.01,1291.14697265625,-22.850341796875,0
87.02,1290.9005126953125,-22.86887550354004,0
87.03,1290.6629638671875,-22.878135681152344,0
87.04,1290.45556640625,-22.85599136352539,0
87.05,1290.252685546875,-22.829450607299805,0
87.06,1290.05419921875,-22.798608779907227,0
87.07,1289.8599853515625,-22.76355743408203,0
87.08,1289.670166015625,-22.72439193725586,0
87.09,1289.4688720703125,-22.697412490844727,0
87.1,1289.2720947265625,-22.666168212890625,0
87.11,1288.9993896484375,-22.71381950378418,0
87.12,1288.7239990234375,-22.763805389404297,0
87.13,1288.4537353515625,-22.80793571472168,0
87.14,1288.1885986328125,-22.84632110595703,0
87.15,1287.928466796875,-22.87906837463379,0
87.16,1287.6812744140625,-22.898155212402344,0
87.17,1287.47802734375,-22.871492385864258,0
87.18,1287.2928466796875,-22.826332092285156,0
87.19,1287.139404296875,-22.748870849609375,0
87.2,1286.98974609375,-22.668167114257812,0
87.21,1286.843994140625,-22.584304809570312,0
87.22,1286.7041015625,-22.49534797668457,0
87.23,1286.56591796875,-22.405458450317383,0
87.24,1286.4315185546875,-22.31265640258789,0
87.25,1286.2655029296875,-22.25353240966797,0
87.26,1286.1014404296875,-22.192920684814453,0
87.27,1285.875,-22.197654724121094,0
87.28,1285.625732421875,-22.22596549987793,0
87.29,1285.3714599609375,-22.259071350097656,0
87.3,1285.1202392578125,-22.288793563842773,0
87.31,1284.819091796875,-22.369882583618164,0
87.32,1284.495849609375,-22.472881317138672,0
87.33,1284.13330078125,-22.615550994873047,0
87.34,1283.77294921875,-22.754533767700195,0
87.35,1283.3775634765625,-22.92835235595703,0
87.36,1282.9827880859375,-23.09979820251465,0
87.37,1282.5943603515625,-23.262828826904297,0
87.38,1282.2122802734375,-23.417577743530273,0
87.39,1281.8365478515625,-23.564184188842773,0
87.4,1281.472900390625,-23.69672966003418,0
87.41,1281.158447265625,-23.77699089050293,0
87.42,1280.8671875,-23.83233070373535,0
87.43,1280.5814208984375,-23.881479263305664,0
87.44,1280.365478515625,-23.85780906677246,0
87.45,1280.197265625,-23.785030364990234,0
87.46,1280.06640625,-23.674259185791016,0
87.47,1280.00390625,-23.493877410888672,0
87.48,1279.9443359375,-23.312206268310547,0
87.49,1279.8917236328125,-23.125268936157227,0
87.5,1279.851806640625,-22.927160263061523,0
87.51,1279.830322265625,-22.712039947509766,0
87.52,1279.8328857421875,-22.474184036254883,0
87.53,1279.8377685546875,-22.236434936523438,0
87.54,1279.8448486328125,-21.998838424682617,0
87.55,1279.8541259765625,-21.761444091796875,0
87.56,1279.865478515625,-21.524295806884766,0
87.57,1279.9083251953125,-21.257041931152344,0
87.58,1279.9530029296875,-20.990755081176758,0
87.59,1279.9248046875,-20.80247688293457,0
87.6,1279.899169921875,-20.6136417388916,0
87.61,1279.8758544921875,-20.42430305480957,0
87.62,1279.85107421875,-20.23854637145996,0
87.63,1279.8284912109375,-20.052303314208984,0
87.64,1279.8101806640625,-19.863601684570312,0
87.65,1279.794189453125,-19.67455291748047,0
87.66,1279.7802734375,-19.48520278930664,0
87.67,1279.7998046875,-19.26318359375,0
87.68,1279.8211669921875,-19.0416259765625,0
87.69,1279.8128662109375,-18.852985382080078,0
87.7,1279.787109375,-18.684457778930664,0
87.71,1279.782958984375,-18.495168685913086,0
87.72,1279.7808837890625,-18.30583381652832,0
87.73,1279.751220703125,-18.14689064025879,0
87.74,1279.7237548828125,-17.98735237121582,0
87.75,1279.692626953125,-17.833322525024414,0
87.76,1279.6578369140625,-17.684722900390625,0
87.77,1279.6251220703125,-17.535417556762695,0
87.78,1279.594482421875,-17.385448455810547,0
87.79,1279.5660400390625,-17.23486328125,0
87.8,1279.51806640625,-17.106027603149414,0
87.81,1279.472412109375,-16.9762020111084,0
87.82,1279.438720703125,-16.835281372070312,0
87.83,1279.4189453125,-16.681507110595703,0
87.84,1279.38916015625,-16.539514541625977,0
87.85,1279.3673095703125,-16.39086151123047,0
87.86,1279.3472900390625,-16.241777420043945,0
87.87,1279.3233642578125,-16.098356246948242,0
87.88,1279.30712890625,-15.948400497436523,0
87.89,1279.2928466796875,-15.798133850097656,0
87.9,1279.2744140625,-15.653653144836426,0
87.91,1279.2264404296875,-15.541231155395508,0
87.92,1279.1805419921875,-15.427814483642578,0
87.93,1279.173828125,-15.274971008300781,0
87.94,1279.1746826171875,-15.11590576171875,0
87.95,1279.1771240234375,-14.956892967224121,0
87.96,1279.22021484375,-14.757471084594727,0
87.97,1279.2642822265625,-14.559004783630371,0
87.98,1279.309326171875,-14.361515998840332,0
87.99,1279.35546875,-14.165027618408203,0
88,1279.402587890625,-13.969559669494629,0
88.01,1279.45068359375,-13.77513313293457,0
88.02,1279.4156494140625,-13.66887092590332,0
88.03,1279.2982177734375,-13.648927688598633,0
88.04,1279.1463623046875,-13.66491413116455,0
88.05,1278.9544677734375,-13.722206115722656,0
88.06,1278.697509765625,-13.846190452575684,0
88.07,1278.419189453125,-13.99100112915039,0
88.08,1278.065185546875,-14.212763786315918,0
88.09,1277.6888427734375,-14.45528793334961,0
88.1,1277.31005859375,-14.697851181030273,0
88.11,1276.8819580078125,-14.988909721374512,0
88.12,1276.4559326171875,-15.274858474731445,0
88.13,1276.033935546875,-15.553720474243164,0
88.14,1275.6099853515625,-15.831642150878906,0
88.15,1275.147216796875,-16.146944046020508,0
88.16,1274.6810302734375,-16.462451934814453,0
88.17,1274.1959228515625,-16.79424285888672,0
88.18,1273.684326171875,-17.150049209594727,0
88.19,1273.1329345703125,-17.543376922607422,0
88.2,1272.563720703125,-17.951168060302734,0
88.21,1272.0001220703125,-18.348806381225586,0
88.22,1271.4287109375,-18.7504940032959,0
88.23,1270.8338623046875,-19.172271728515625,0
88.24,1270.2373046875,-19.591426849365234,0
88.25,1269.64501953125,-20.001869201660156,0
88.26,1269.052978515625,-20.407730102539062,0
88.27,1268.4671630859375,-20.80295753479004,0
88.28,1267.8914794921875,-21.18364906311035,0
88.29,1267.300537109375,-21.576269149780273,0
88.3,1266.7177734375,-21.956260681152344,0
88.31,1266.1392822265625,-22.327838897705078,0
88.32,1265.5594482421875,-22.697101593017578,0
88.33,1264.9879150390625,-23.053979873657227,0
88.34,1264.4244384765625,-23.398649215698242,0
88.35,1263.8516845703125,-23.74945640563965,0
88.36,1263.287109375,-24.088031768798828,0
88.37,1262.71923828125,-24.426666259765625,0
88.38,1262.15966796875,-24.753173828125,0
88.39,1261.6199951171875,-25.055622100830078,0
88.4,1261.09423828125,-25.34049415588379,0
88.41,1260.590087890625,-25.60007095336914,0
88.42,1260.1015625,-25.840816497802734,0
88.43,1259.6441650390625,-26.046913146972656,0
88.44,1259.2115478515625,-26.22508430480957,0
88.45,1258.7861328125,-26.3940372467041,0
88.46,1258.4049072265625,-26.51556396484375,0
88.47,1258.0322265625,-26.626955032348633,0
88.48,1257.67578125,-26.720373153686523,0
88.49,1257.32568359375,-26.80620574951172,0
88.5,1256.98583984375,-26.880495071411133,0
88.51,1256.6561279296875,-26.94357681274414,0
88.52,1256.3345947265625,-26.997568130493164,0
88.53,1256.0208740234375,-27.042760848999023,0
88.54,1255.7132568359375,-27.081287384033203,0
88.55,1255.41162109375,-27.113277435302734,0
88.56,1255.12744140625,-27.12674331665039,0
88.57,1254.8607177734375,-27.122060775756836,0
88.58,1254.5994873046875,-27.111717224121094,0
88.59,1254.34375,-27.09583282470703,0
88.6,1254.0816650390625,-27.08663558959961,0
88.61,1253.8250732421875,-27.07187843322754,0
88.62,1253.5738525390625,-27.051677703857422,0
88.63,1253.3280029296875,-27.02614974975586,0
88.64,1253.08740234375,-26.99540901184082,0
88.65,1252.8521728515625,-26.959569931030273,0
88.66,1252.6219482421875,-26.918743133544922,0
88.67,1252.39697265625,-26.87303924560547,0
88.68,1252.177001953125,-26.82257080078125,0
88.69,1251.942626953125,-26.787578582763672,0
88.7,1251.71337890625,-26.74761962890625,0
88.71,1251.4892578125,-26.702802658081055,0
88.72,1251.2701416015625,-26.65323829650879,0
88.73,1251.0560302734375,-26.59903335571289,0
88.74,1250.8468017578125,-26.540294647216797,0
88.75,1250.58203125,-26.539716720581055,0
88.76,1250.3226318359375,-26.533519744873047,0
88.77,1250.068603515625,-26.52181625366211,0
88.78,1249.81982421875,-26.504724502563477,0
88.79,1249.576416015625,-26.482357025146484,0
88.8,1249.3480224609375,-26.444734573364258,0
88.81,1249.1246337890625,-26.402273178100586,0
88.82,1248.9061279296875,-26.355077743530273,0
88.83,1248.692626953125,-26.303255081176758,0
88.84,1248.53857421875,-26.19043731689453,0
88.85,1248.3614501953125,-26.102581024169922,0
88.86,1248.18896484375,-26.010986328125,0
88.87,1248.057861328125,-25.87738800048828,0
88.88,1247.9307861328125,-25.74103546142578,0
88.89,1247.8076171875,-25.602014541625977,0
88.9,1247.6883544921875,-25.460411071777344,0
88.91,1247.5728759765625,-25.31630516052246,0
88.92,1247.461181640625,-25.16977882385254,0
88.93,1247.316162109375,-25.05927276611328,0
88.94,1247.2122802734375,-24.907352447509766,0
88.95,1247.112060546875,-24.75326156616211,0
88.96,1247.0367431640625,-24.574922561645508,0
88.97,1246.9686279296875,-24.3909854888916,0
88.98,1246.9544677734375,-24.15315055847168,0
88.99,1246.94287109375,-23.915063858032227,0
89,1246.922119140625,-23.68889808654785,0
89.01,1246.866943359375,-23.500696182250977,0
89.02,1246.8148193359375,-23.311365127563477,0
89.03,1246.7655029296875,-23.1209659576416,0
89.04,1246.7425537109375,-22.90533447265625,0
89.05,1246.6988525390625,-22.713489532470703,0
89.06,1246.573974609375,-22.60751724243164,0
89.07,1246.4371337890625,-22.515066146850586,0
89.08,1246.28271484375,-22.441940307617188,0
89.09,1246.130126953125,-22.367570877075195,0
89.1,1245.9736328125,-22.29805564880371,0
89.11,1245.8209228515625,-22.22523307800293,0
89.12,1245.6448974609375,-22.177391052246094,0
89.13,1245.468994140625,-22.12986183166504,0
89.14,1245.2816162109375,-22.09476089477539,0
89.15,1245.082763671875,-22.071840286254883,0
89.16,1244.8629150390625,-22.070898056030273,0
89.17,1244.639892578125,-22.073362350463867,0
89.18,1244.42138671875,-22.07109260559082,0
89.19,1244.1800537109375,-22.092451095581055,0
89.2,1243.9219970703125,-22.130836486816406,0
89.21,1243.6669921875,-22.165752410888672,0
89.22,1243.4129638671875,-22.19928741455078,0
89.23,1243.152099609375,-22.239538192749023,0
89.24,1242.882568359375,-22.288320541381836,0
89.25,1242.6180419921875,-22.331371307373047,0
89.26,1242.3275146484375,-22.401042938232422,0
89.27,1242.042236328125,-22.46453285217285,0
89.28,1241.76025390625,-22.52397918701172,0
89.29,1241.4600830078125,-22.60159683227539,0
89.3,1241.1651611328125,-22.67282485961914,0
89.31,1240.856201171875,-22.75796890258789,0
89.32,1240.5450439453125,-22.844558715820312,0
89.33,1240.2354736328125,-22.92856216430664,0
89.34,1239.9158935546875,-23.02212905883789,0
89.35,1239.5980224609375,-23.112932205200195,0
89.36,1239.276123046875,-23.207006454467773,0
89.37,1238.9500732421875,-23.3043212890625,0
89.38,1238.6181640625,-23.406753540039062,0
89.39,1238.2882080078125,-23.50615882873535,0
89.4,1237.9405517578125,-23.622711181640625,0
89.41,1237.598876953125,-23.731861114501953,0
89.42,1237.26318359375,-23.833736419677734,0
89.43,1236.9158935546875,-23.94663429260254,0
89.44,1236.592041015625,-24.033966064453125,0
89.45,1236.2740478515625,-24.11440658569336,0
89.46,1235.9442138671875,-24.206253051757812,0
89.47,1235.6339111328125,-24.27694320678711,0
89.48,1235.3389892578125,-24.33094024658203,0
89.49,1235.053466796875,-24.374685287475586,0
89.5,1234.7694091796875,-24.41634178161621,0
89.51,1234.4810791015625,-24.462053298950195,0
89.52,1234.1982421875,-24.50163459777832,0
89.53,1233.9207763671875,-24.535205841064453,0
89.54,1233.6331787109375,-24.578977584838867,0
89.55,1233.3607177734375,-24.606595993041992,0
89.56,1233.0838623046875,-24.638465881347656,0
89.57,1232.802734375,-24.674549102783203,0
89.58,1232.5113525390625,-24.72075080871582,0
89.59,1232.2254638671875,-24.760757446289062,0
89.6,1231.9451904296875,-24.794689178466797,0
89.61,1231.6702880859375,-24.822664260864258,0
89.62,1231.38525390625,-24.86089515686035,0
89.63,1231.10546875,-24.89306640625,0
89.64,1230.8311767578125,-24.919294357299805,0
89.65,1230.5623779296875,-24.939697265625,0
89.66,1230.3123779296875,-24.9403133392334,0
89.67,1230.053955078125,-24.94969940185547,0
89.68,1229.8143310546875,-24.939523696899414,0
89.69,1229.60107421875,-24.90211296081543,0
89.7,1229.392578125,-24.860183715820312,0
89.71,1229.188720703125,-24.8138370513916,0
89.72,1228.973876953125,-24.779268264770508,0
89.73,1228.758056640625,-24.746204376220703,0
89.74,1228.5509033203125,-24.70452880859375,0
89.75,1228.338623046875,-24.668561935424805,0
89.76,1228.1309814453125,-24.628097534179688,0
89.77,1227.9124755859375,-24.59932518005371,0
89.78,1227.69677734375,-24.567943572998047,0
89.79,1227.423583984375,-24.596426010131836,0
89.8,1227.14208984375,-24.633180618286133,0
89.81,1226.8660888671875,-24.66395378112793,0
89.82,1226.595458984375,-24.68886375427246,0
89.83,1226.3299560546875,-24.708023071289062,0
89.84,1226.0833740234375,-24.707468032836914,0
89.85,1225.7874755859375,-24.75803565979004,0
89.86,1225.4991455078125,-24.8002986907959,0
89.87,1225.2161865234375,-24.8364315032959,0
89.88,1224.938720703125,-24.86655044555664,0
89.89,1224.6666259765625,-24.890775680541992,0
89.9,1224.39990234375,-24.909221649169922,0
89.91,1224.1151123046875,-24.94611358642578,0
89.92,1223.8358154296875,-24.976953506469727,0
89.93,1223.55615234375,-25.007917404174805,0
89.94,1223.260498046875,-25.055086135864258,0
89.95,1222.970458984375,-25.095970153808594,0
89.96,1222.6859130859375,-25.130691528320312,0
89.97,1222.393310546875,-25.173442840576172,0
89.98,1222.119873046875,-25.195899963378906,0
89.99,1221.865478515625,-25.19841766357422,0
90,1221.6163330078125,-25.195537567138672,0
90.01,1221.3411865234375,-25.21955680847168,0
90.02,1221.0714111328125,-25.237730026245117,0
90.03,1220.80712890625,-25.25017547607422,0
90.04,1220.49755859375,-25.3093318939209,0
90.05,1220.145263671875,-25.412153244018555,0
90.06,1219.797119140625,-25.509492874145508,0
90.07,1219.4493408203125,-25.605478286743164,0
90.08,1219.0611572265625,-25.742290496826172,0
90.09,1218.666015625,-25.88490867614746,0
90.1,1218.1961669921875,-26.10350799560547,0
90.11,1217.7181396484375,-26.328184127807617,0
90.12,1217.166259765625,-26.62700653076172,0
90.13,1216.618896484375,-26.918092727661133,0
90.14,1216.075927734375,-27.2015380859375,0
90.15,1215.53369140625,-27.48141860961914,0
90.16,1214.9959716796875,-27.753713607788086,0
90.17,1214.4393310546875,-28.042688369750977,0
90.18,1213.8641357421875,-28.347885131835938,0
90.19,1213.2880859375,-28.650848388671875,0
90.2,1212.701416015625,-28.961593627929688,0
90.21,1212.119873046875,-29.26386070251465,0
90.22,1211.5318603515625,-29.569759368896484,0
90.23,1210.9354248046875,-29.88117027282715,0
90.24,1210.34619140625,-30.18187713623047,0
90.25,1209.7545166015625,-30.48201560974121,0
90.26,1209.1719970703125,-30.769533157348633,0
90.27,1208.5966796875,-31.046642303466797,0
90.28,1208.0091552734375,-31.333581924438477,0
90.29,1207.421142578125,-31.618026733398438,0
90.3,1206.8306884765625,-31.901988983154297,0
90.31,1206.243896484375,-32.179359436035156,0
90.32,1205.6663818359375,-32.444217681884766,0
90.33,1205.0941162109375,-32.70074462890625,0
90.34,1204.5291748046875,-32.94709014892578,0
90.35,1203.969482421875,-33.18543243408203,0
90.36,1203.4111328125,-33.41986083984375,0
90.37,1202.8599853515625,-33.644412994384766,0
90.38,1202.302490234375,-33.873260498046875,0
90.39,1201.73876953125,-34.10626220703125,0
90.4,1201.1707763671875,-34.341270446777344,0
90.41,1200.612060546875,-34.564178466796875,0
90.42,1200.062744140625,-34.77518081665039,0
90.43,1199.5089111328125,-34.98855209350586,0
90.44,1198.96435546875,-35.190128326416016,0
90.45,1198.4193115234375,-35.39008331298828,0
90.46,1197.883544921875,-35.57843017578125,0
90.47,1197.3568115234375,-35.75536346435547,0
90.48,1196.82373046875,-35.93711853027344,0
90.49,1196.2880859375,-36.11957931518555,0
90.5,1195.75,-36.30268859863281,0
90.51,1195.21337890625,-36.48236083984375,0
90.52,1194.6744384765625,-36.66260528564453,0
90.53,1194.1390380859375,-36.83737564086914,0
90.54,1193.591552734375,-37.0228385925293,0
90.55,1193.053466796875,-37.1966438293457,0
90.56,1192.5189208984375,-37.364994049072266,0
90.57,1191.9781494140625,-37.538002014160156,0
90.58,1191.4410400390625,-37.70549392700195,0
90.59,1190.8609619140625,-37.91566467285156,0
90.6,1190.282958984375,-38.121498107910156,0
90.61,1189.6781005859375,-38.35309982299805,0
90.62,1189.07373046875,-38.58179473876953,0
90.63,1188.4716796875,-38.80563735961914,0
90.64,1187.8624267578125,-39.03470993041992,0
90.65,1187.2633056640625,-39.25080490112305,0
90.66,1186.6531982421875,-39.47617721557617,0
90.67,1186.0533447265625,-39.68855285644531,0
90.68,1185.4637451171875,-39.888153076171875,0
90.69,1184.8841552734375,-40.0751953125,0
90.7,1184.3223876953125,-40.24188232421875,0
90.71,1183.7705078125,-40.396610260009766,0
90.72,1183.232421875,-40.53555679321289,0
90.73,1182.7677001953125,-40.59693908691406,0
90.74,1182.3177490234375,-40.64244842529297,0
90.75,1181.8843994140625,-40.67038345336914,0
90.76,1181.46923828125,-40.67913055419922,0
90.77,1181.0703125,-40.67104721069336,0
90.78,1180.7105712890625,-40.6224250793457,0
90.79,1180.3973388671875,-40.526084899902344,0
90.8,1180.1224365234375,-40.39104461669922,0
90.81,1179.8564453125,-40.24817657470703,0
90.82,1179.6341552734375,-40.061622619628906,0
90.83,1179.4259033203125,-39.862369537353516,0
90.84,1179.2529296875,-39.628684997558594,0
90.85,1179.087890625,-39.38935852050781,0
90.86,1178.9400634765625,-39.134525299072266,0
90.87,1178.7978515625,-38.87660598754883,0
90.88,1178.6571044921875,-38.6197624206543,0
90.89,1178.525634765625,-38.35594940185547,0
90.9,1178.4033203125,-38.08542251586914,0
90.91,1178.2861328125,-37.81235885620117,0
90.92,1178.174072265625,-37.536865234375,0
90.93,1178.0670166015625,-37.25905227661133,0
90.94,1177.9649658203125,-36.979026794433594,0
90.95,1177.8638916015625,-36.70087432861328,0
90.96,1177.7713623046875,-36.416656494140625,0
90.97,1177.6912841796875,-36.12251663208008,0
90.98,1177.6331787109375,-35.80868148803711,0
90.99,1177.579345703125,-35.493682861328125,0
91,1177.537353515625,-35.16958999633789,0
91.01,1177.49951171875,-34.84467315673828,0
91.02,1177.465576171875,-34.51902389526367,0
91.03,1177.435546875,-34.19272232055664,0
91.04,1177.4093017578125,-33.8658561706543,0
91.05,1177.3868408203125,-33.53850173950195,0
91.06,1177.3680419921875,-33.21073913574219,0
91.07,1177.352783203125,-32.88264465332031,0
91.08,1177.341064453125,-32.554298400878906,0
91.09,1177.332763671875,-32.225772857666016,0
91.1,1177.35302734375,-31.871065139770508,0
91.11,1177.403564453125,-31.488771438598633,0
91.12,1177.4683837890625,-31.09557342529297,0
91.13,1177.5706787109375,-30.667724609375,0
91.14,1177.675048828125,-30.242137908935547,0
91.15,1177.8048095703125,-29.79474639892578,0
91.16,1177.9632568359375,-29.32210922241211,0
91.17,1178.142578125,-28.832860946655273,0
91.18,1178.3463134765625,-28.323410034179688,0
91.19,1178.560546875,-27.808353424072266,0
91.2,1178.775390625,-27.29795265197754,0
91.21,1178.9908447265625,-26.792219161987305,0
91.22,1179.206787109375,-26.29116439819336,0
91.23,1179.4232177734375,-25.7947998046875,0
91.24,1179.5838623046875,-25.361339569091797,0
91.25,1179.691162109375,-24.987621307373047,0
91.26,1179.7457275390625,-24.67244529724121,0
91.27,1179.80224609375,-24.358495712280273,0
91.28,1179.8529052734375,-24.0538330078125,0
91.29,1179.905517578125,-23.75031089782715,0
91.3,1179.9599609375,-23.447967529296875,0
91.31,1180.0162353515625,-23.14684295654297,0
91.32,1180.0550537109375,-22.86705207824707,0
91.33,1180.05126953125,-22.63423728942871,0
91.34,1180.0653076171875,-22.38535499572754,0
91.35,1180.0814208984375,-22.136821746826172,0
91.36,1180.0997314453125,-21.88868522644043,0
91.37,1180.1201171875,-21.640989303588867,0
91.38,1180.126953125,-21.409814834594727,0
91.39,1180.09326171875,-21.222965240478516,0
91.4,1180.1202392578125,-20.975271224975586,0
91.41,1180.151123046875,-20.726186752319336,0
91.42,1180.1837158203125,-20.47780990600586,0
91.43,1180.218017578125,-20.23017692565918,0
91.44,1180.1572265625,-20.083642959594727,0
91.45,1180.0682373046875,-19.96792221069336,0
91.46,1179.9820556640625,-19.850337982177734,0
91.47,1179.9298095703125,-19.698877334594727,0
91.48,1179.880126953125,-19.54633903503418,0
91.49,1179.802001953125,-19.42485237121582,0
91.5,1179.7266845703125,-19.301734924316406,0
91.51,1179.6541748046875,-19.177043914794922,0
91.52,1179.56103515625,-19.07489585876465,0
91.53,1179.4708251953125,-18.970792770385742,0
91.54,1179.3505859375,-18.898834228515625,0
91.55,1179.19482421875,-18.864429473876953,0
91.56,1179.0426025390625,-18.82672691345215,0
91.57,1178.88037109375,-18.79982566833496,0
91.58,1178.7120361328125,-18.779518127441406,0
91.59,1178.518310546875,-18.785701751708984,0
91.6,1178.3072509765625,-18.809751510620117,0
91.61,1178.0982666015625,-18.831335067749023,0
91.62,1177.8701171875,-18.872533798217773,0
91.63,1177.6424560546875,-18.912864685058594,0
91.64,1177.4190673828125,-18.94835662841797,0
91.65,1177.1824951171875,-18.997156143188477,0
91.66,1176.90380859375,-19.088979721069336,0
91.67,1176.6260986328125,-19.178850173950195,0
91.68,1176.343505859375,-19.27284812927246,0
91.69,1176.0406494140625,-19.386844635009766,0
91.7,1175.7159423828125,-19.52237319946289,0
91.71,1175.396484375,-19.650981903076172,0
91.72,1175.0648193359375,-19.79083824157715,0
91.73,1174.7386474609375,-19.923627853393555,0
91.74,1174.416015625,-20.051427841186523,0
91.75,1174.0986328125,-20.172351837158203,0
91.76,1173.805908203125,-20.266498565673828,0
91.77,1173.522216796875,-20.350435256958008,0
91.78,1173.2435302734375,-20.428333282470703,0
91.79,1172.9736328125,-20.49631690979004,0
91.8,1172.7066650390625,-20.560523986816406,0
91.81,1172.444580078125,-20.61905288696289,0
91.82,1172.187255859375,-20.672006607055664,0
91.83,1171.9482421875,-20.705469131469727,0
91.84,1171.7137451171875,-20.73385238647461,0
91.85,1171.47021484375,-20.771270751953125,0
91.86,1171.2313232421875,-20.80351448059082,0
91.87,1170.9970703125,-20.8306827545166,0
91.88,1170.767333984375,-20.852874755859375,0
91.89,1170.5401611328125,-20.872203826904297,0
91.9,1170.3116455078125,-20.89270782470703,0
91.91,1170.075927734375,-20.92035484313965,0
91.92,1169.8370361328125,-20.951011657714844,0
91.93,1169.564208984375,-21.016632080078125,0
91.94,1169.2962646484375,-21.076448440551758,0
91.95,1169.0196533203125,-21.1445255279541,0
91.96,1168.7481689453125,-21.20671844482422,0
91.97,1168.471923828125,-21.273176193237305,0
91.98,1168.19873046875,-21.335773468017578,0
91.99,1167.9305419921875,-21.392560958862305,0
92,1167.65576171875,-21.455644607543945,0
92.01,1167.3685302734375,-21.530879974365234,0
92.02,1167.08642578125,-21.600006103515625,0
92.03,1166.826904296875,-21.64513397216797,0
92.04,1166.5799560546875,-21.676727294921875,0
92.05,1166.343505859375,-21.697072982788086,0
92.06,1166.1214599609375,-21.702360153198242,0
92.07,1165.90576171875,-21.700971603393555,0
92.08,1165.692626953125,-21.69696617126465,0
92.09,1165.48974609375,-21.68244171142578,0
92.1,1165.298828125,-21.655654907226562,0
92.11,1165.112060546875,-21.624820709228516,0
92.12,1164.95068359375,-21.567989349365234,0
92.13,1164.8414306640625,-21.457735061645508,0
92.14,1164.80517578125,-21.27313232421875,0
92.15,1164.7984619140625,-21.05976104736328,0
92.16,1164.8211669921875,-20.81825828552246,0
92.17,1164.8592529296875,-20.56327247619629,0
92.18,1164.8990478515625,-20.309146881103516,0
92.19,1164.9405517578125,-20.055919647216797,0
92.2,1164.9700927734375,-19.817646026611328,0
92.21,1165.0091552734375,-19.572032928466797,0
92.22,1165.028564453125,-19.349336624145508,0
92.23,1165.0361328125,-19.141117095947266,0
92.24,1165.0321044921875,-18.947118759155273,0
92.25,1165.0126953125,-18.77107810974121,0
92.26,1164.923828125,-18.668731689453125,0
92.27,1164.78369140625,-18.62053680419922,0
92.28,1164.64697265625,-18.569379806518555,0
92.29,1164.5135498046875,-18.515331268310547,0
92.3,1164.38330078125,-18.45846176147461,0
92.31,1164.25634765625,-18.398841857910156,0
92.32,1164.1343994140625,-18.334577560424805,0
92.33,1164.0291748046875,-18.253721237182617,0
92.34,1163.9366455078125,-18.160612106323242,0
92.35,1163.8487548828125,-18.063596725463867,0
92.36,1163.7635498046875,-17.964736938476562,0
92.37,1163.67919921875,-17.866052627563477,0
92.38,1163.5975341796875,-17.76559829711914,0
92.39,1163.5089111328125,-17.673471450805664,0
92.4,1163.4017333984375,-17.60146141052246,0
92.41,1163.2896728515625,-17.535213470458984,0
92.42,1163.1748046875,-17.47260093688965,0
92.43,1163.05517578125,-17.41558265686035,0
92.44,1162.9346923828125,-17.360017776489258,0
92.45,1162.8172607421875,-17.301908493041992,0
92.46,1162.6873779296875,-17.257354736328125,0
92.47,1162.531494140625,-17.24005126953125,0
92.48,1162.3597412109375,-17.23940658569336,0
92.49,1162.1915283203125,-17.235116958618164,0
92.5,1162.0228271484375,-17.231292724609375,0
92.51,1161.857666015625,-17.22389030456543,0
92.52,1161.686279296875,-17.222965240478516,0
92.53,1161.4720458984375,-17.266399383544922,0
92.54,1161.2618408203125,-17.305280685424805,0
92.55,1161.0555419921875,-17.339691162109375,0
92.56,1160.841552734375,-17.381717681884766,0
92.57,1160.5928955078125,-17.459171295166016,0
92.58,1160.3236083984375,-17.557292938232422,0
92.59,1160.056884765625,-17.651697158813477,0
92.6,1159.7657470703125,-17.770418167114258,0
92.61,1159.4793701171875,-17.8829345703125,0
92.62,1159.222900390625,-17.963335037231445,0
92.63,1158.9456787109375,-18.06429100036621,0
92.64,1158.6732177734375,-18.159343719482422,0
92.65,1158.4208984375,-18.232559204101562,0
92.66,1158.1729736328125,-18.300405502319336,0
92.67,1157.9295654296875,-18.362977981567383,0
92.68,1157.6905517578125,-18.420372009277344,0
92.69,1157.455810546875,-18.472681045532227,0
92.7,1157.2254638671875,-18.51999855041504,0
92.71,1156.999267578125,-18.56241798400879,0
92.72,1156.7772216796875,-18.600027084350586,0
92.73,1156.5516357421875,-18.640933990478516,0
92.74,1156.3245849609375,-18.68304443359375,0
92.75,1156.07666015625,-18.746286392211914,0
92.76,1155.8331298828125,-18.80425453186035,0
92.77,1155.5941162109375,-18.857044219970703,0
92.78,1155.3575439453125,-18.906770706176758,0
92.79,1155.10986328125,-18.967443466186523,0
92.8,1154.8590087890625,-19.030813217163086,0
92.81,1154.59716796875,-19.10482406616211,0
92.82,1154.3206787109375,-19.193283081054688,0
92.83,1154.049072265625,-19.275856018066406,0
92.84,1153.7686767578125,-19.366607666015625,0
92.85,1153.4873046875,-19.457387924194336,0
92.86,1153.187744140625,-19.566120147705078,0
92.87,1152.848876953125,-19.714393615722656,0
92.88,1152.505859375,-19.865480422973633,0
92.89,1152.1588134765625,-20.019184112548828,0
92.9,1151.8153076171875,-20.16750717163086,0
92.91,1151.4774169921875,-20.308509826660156,0
92.92,1151.1373291015625,-20.45033073425293,0
92.93,1150.8028564453125,-20.58490753173828,0
92.94,1150.4315185546875,-20.756258010864258,0
92.95,1150.0526123046875,-20.933650970458984,0
92.96,1149.664306640625,-21.118947982788086,0
92.97,1149.2821044921875,-21.29596519470215,0
92.98,1148.906005859375,-21.464834213256836,0
92.99,1148.509033203125,-21.65361213684082,0
93,1148.1182861328125,-21.833925247192383,0
93.01,1147.7337646484375,-22.00590705871582,0
93.02,1147.357421875,-22.167673110961914,0
93.03,1146.9873046875,-22.32141876220703,0
93.04,1146.6231689453125,-22.46727752685547,0
93.05,1146.2630615234375,-22.607398986816406,0
93.06,1145.882080078125,-22.767770767211914,0
93.07,1145.4803466796875,-22.947948455810547,0
93.08,1145.0831298828125,-23.121580123901367,0
93.09,1144.677001953125,-23.302671432495117,0
93.1,1144.2735595703125,-23.479141235351562,0
93.11,1143.8343505859375,-23.690858840942383,0
93.12,1143.386474609375,-23.90919303894043,0
93.13,1142.9456787109375,-24.117977142333984,0
93.14,1142.49267578125,-24.33726692199707,0
93.15,1142.0447998046875,-24.548912048339844,0
93.16,1141.6041259765625,-24.751008987426758,0
93.17,1141.17041015625,-24.94371223449707,0
93.18,1140.739990234375,-25.13115692138672,0
93.19,1140.3106689453125,-25.315425872802734,0
93.2,1139.8729248046875,-25.5064697265625,0
93.21,1139.4366455078125,-25.694185256958008,0
93.22,1138.9976806640625,-25.882579803466797,0
93.23,1138.56591796875,-26.061620712280273,0
93.24,1138.1085205078125,-26.26532554626465,0
93.25,1137.6546630859375,-26.46326446533203,0
93.26,1137.202392578125,-26.657529830932617,0
93.27,1136.7574462890625,-26.8421573638916,0
93.28,1136.3179931640625,-27.01926612854004,0
93.29,1135.8858642578125,-27.187013626098633,0
93.3,1135.4339599609375,-27.373477935791016,0
93.31,1134.987548828125,-27.552331924438477,0
93.32,1134.5350341796875,-27.735578536987305,0
93.33,1134.078369140625,-27.92118263244629,0
93.34,1133.6292724609375,-28.097057342529297,0
93.35,1133.1876220703125,-28.263362884521484,0
93.36,1132.745849609375,-28.428226470947266,0
93.37,1132.3076171875,-28.587657928466797,0
93.38,1131.876708984375,-28.737756729125977,0
93.39,1131.4532470703125,-28.878681182861328,0
93.4,1131.0369873046875,-29.010589599609375,0
93.41,1130.6087646484375,-29.15354347229004,0
93.42,1130.1842041015625,-29.29136085510254,0
93.43,1129.7591552734375,-29.4281005859375,0
93.44,1129.3492431640625,-29.54783058166504,0
93.45,1128.946533203125,-29.658836364746094,0
93.46,1128.5509033203125,-29.761274337768555,0
93.47,1128.1624755859375,-29.855297088623047,0
93.48,1127.781005859375,-29.941057205200195,0
93.49,1127.408447265625,-30.016740798950195,0
93.5,1127.0428466796875,-30.084503173828125,0
93.51,1126.6839599609375,-30.144493103027344,0
93.52,1126.33203125,-30.196857452392578,0
93.53,1125.9847412109375,-30.243703842163086,0
93.54,1125.6248779296875,-30.303075790405273,0
93.55,1125.26611328125,-30.360801696777344,0
93.56,1124.9122314453125,-30.41286277770996,0
93.57,1124.559326171875,-30.463403701782227,0
93.58,1124.18798828125,-30.532346725463867,0
93.59,1123.82373046875,-30.59339714050293,0
93.6,1123.4625244140625,-30.650684356689453,0
93.61,1123.1060791015625,-30.702314376831055,0
93.62,1122.7564697265625,-30.746370315551758,0
93.63,1122.41357421875,-30.78299903869629,0
93.64,1122.06201171875,-30.828266143798828,0
93.65,1121.699951171875,-30.88395118713379,0
93.66,1121.3447265625,-30.93194007873535,0
93.67,1120.996337890625,-30.972381591796875,0
93.68,1120.65478515625,-31.005422592163086,0
93.69,1120.31982421875,-31.031208038330078,0
93.7,1119.991455078125,-31.049880981445312,0
93.71,1119.6676025390625,-31.063600540161133,0
93.72,1119.350341796875,-31.070446014404297,0
93.73,1119.04150390625,-31.068540573120117,0
93.74,1118.7467041015625,-31.052122116088867,0
93.75,1118.4580078125,-31.029449462890625,0
93.76,1118.175537109375,-31.000656127929688,0
93.77,1117.8990478515625,-30.96587562561035,0
93.78,1117.628662109375,-30.925235748291016,0
93.79,1117.3642578125,-30.878868103027344,0
93.8,1117.1190185546875,-30.812992095947266,0
93.81,1116.8660888671875,-30.755834579467773,0
93.82,1116.6015625,-30.711259841918945,0
93.83,1116.3409423828125,-30.66304588317871,0
93.84,1116.086181640625,-30.609312057495117,0
93.85,1115.8294677734375,-30.55814552307129,0
93.86,1115.57861328125,-30.501544952392578,0
93.87,1115.304443359375,-30.469514846801758,0
93.88,1115.0362548828125,-30.43167495727539,0
93.89,1114.7701416015625,-30.392131805419922,0
93.9,1114.4541015625,-30.404699325561523,0
93.91,1114.0751953125,-30.482152938842773,0
93.92,1113.666748046875,-30.589399337768555,0
93.93,1113.258056640625,-30.695859909057617,0
93.94,1112.7681884765625,-30.8851261138916,0
93.95,1112.255859375,-31.095746994018555,0
93.96,1111.7021484375,-31.347145080566406,0
93.97,1111.1552734375,-31.588760375976562,0
93.98,1110.59619140625,-31.84052848815918,0
93.99,1110.03271484375,-32.09434127807617,0
94,1109.476318359375,-32.33810806274414,0
94.01,1108.9058837890625,-32.59384536743164,0
94.02,1108.3447265625,-32.83742141723633,0
94.03,1107.815673828125,-33.04521179199219,0
94.04,1107.29541015625,-33.24173355102539,0
94.05,1106.7857666015625,-33.42521286010742,0
94.06,1106.3135986328125,-33.56800842285156,0
94.07,1105.8651123046875,-33.68483352661133,0
94.08,1105.4246826171875,-33.792118072509766,0
94.09,1104.9921875,-33.890037536621094,0
94.1,1104.567626953125,-33.978755950927734,0
94.11,1104.1507568359375,-34.05844497680664,0
94.12,1103.7418212890625,-34.129276275634766,0
94.13,1103.334716796875,-34.197410583496094,0
94.14,1102.9334716796875,-34.25885772705078,0
94.15,1102.5321044921875,-34.319740295410156,0
94.16,1102.0712890625,-34.441612243652344,0
94.17,1101.5323486328125,-34.643104553222656,0
94.18,1100.9774169921875,-34.85891342163086,0
94.19,1100.3934326171875,-35.10259246826172,0
94.2,1099.77490234375,-35.379520416259766,0
94.21,1099.147216796875,-35.663116455078125,0
94.22,1098.51611328125,-35.947235107421875,0
94.23,1097.868408203125,-36.24565505981445,0
94.24,1097.2156982421875,-36.54613494873047,0
94.25,1096.573486328125,-36.83270263671875,0
94.26,1095.941650390625,-37.10558319091797,0
94.27,1095.3199462890625,-37.36499786376953,0
94.28,1094.70849609375,-37.61116409301758,0
94.29,1094.2030029296875,-37.74507141113281,0
94.3,1093.76025390625,-37.81266403198242,0
94.31,1093.404541015625,-37.78938293457031,0
94.32,1093.108154296875,-37.704959869384766,0
94.33,1092.8858642578125,-37.54469299316406,0
94.34,1092.8328857421875,-37.21076202392578,0
94.35,1092.786376953125,-36.87376022338867,0
94.36,1092.745849609375,-36.533878326416016,0
94.37,1092.744140625,-36.15738296508789,0
94.38,1092.8076171875,-35.7172966003418,0
94.39,1093.0318603515625,-35.11539077758789,0
94.4,1093.25732421875,-34.518367767333984,0
94.41,1093.4840087890625,-33.9262580871582,0
94.42,1093.7119140625,-33.33908462524414,0
94.43,1093.94091796875,-32.75687026977539,0
94.44,1094.1324462890625,-32.21944808959961,0
94.45,1094.0811767578125,-31.938945770263672,0
94.46,1093.9185791015625,-31.77672004699707,0
94.47,1093.7608642578125,-31.6110782623291,0
94.48,1093.60791015625,-31.442123413085938,0
94.49,1093.459716796875,-31.269960403442383,0
94.5,1093.28173828125,-31.13045883178711,0
94.51,1093.0838623046875,-31.013057708740234,0
94.52,1092.8814697265625,-30.901403427124023,0
94.53,1092.667236328125,-30.80336570739746,0
94.54,1092.4583740234375,-30.700803756713867,0
94.55,1092.2489013671875,-30.599775314331055,0
94.56,1091.962158203125,-30.579763412475586,0
94.57,1091.6815185546875,-30.553672790527344,0
94.58,1091.403076171875,-30.525556564331055,0
94.59,1091.09228515625,-30.531288146972656,0
94.6,1090.785888671875,-30.53238868713379,0
94.61,1090.472412109375,-30.540891647338867,0
94.62,1090.1632080078125,-30.544757843017578,0
94.63,1089.850830078125,-30.551986694335938,0
94.64,1089.5408935546875,-30.556568145751953,0
94.65,1089.2373046875,-30.55457305908203,0
94.66,1088.93994140625,-30.5461368560791,0
94.67,1088.6488037109375,-30.531394958496094,0
94.68,1088.36376953125,-30.51047706604004,0
94.69,1088.084716796875,-30.483516693115234,0
94.7,1087.8250732421875,-30.436735153198242,0
94.71,1087.5885009765625,-30.36656951904297,0
94.72,1087.3612060546875,-30.28742027282715,0
94.73,1087.15283203125,-30.189559936523438,0
94.74,1086.9727783203125,-30.063472747802734,0
94.75,1086.8321533203125,-29.897823333740234,0
94.76,1086.71142578125,-29.713359832763672,0
94.77,1086.5987548828125,-29.52239227294922,0
94.78,1086.4998779296875,-29.31915283203125,0
94.79,1086.4049072265625,-29.11385726928711,0
94.8,1086.31396484375,-28.906591415405273,0
94.81,1086.21728515625,-28.707361221313477,0
94.82,1086.12451171875,-28.506122589111328,0
94.83,1086.028076171875,-28.31092071533203,0
94.84,1085.9296875,-28.11965560913086,0
94.85,1085.7584228515625,-28.005786895751953,0
94.86,1085.586181640625,-27.894250869750977,0
94.87,1085.4127197265625,-27.785083770751953,0
94.88,1085.167236328125,-27.751644134521484,0
94.89,1084.92138671875,-27.718948364257812,0
94.9,1084.6788330078125,-27.68305778503418,0
94.91,1084.4071044921875,-27.677743911743164,0
94.92,1084.1123046875,-27.696435928344727,0
94.93,1083.80419921875,-27.728656768798828,0
94.94,1083.467529296875,-27.79004669189453,0
94.95,1083.13330078125,-27.8482608795166,0
94.96,1082.8016357421875,-27.903352737426758,0
94.97,1082.43408203125,-27.995014190673828,0
94.98,1082.04638671875,-28.10660743713379,0
94.99,1081.6329345703125,-28.243703842163086,0
95,1081.2265625,-28.37199592590332,0
95.01,1080.825439453125,-28.493602752685547,0
95.02,1080.4312744140625,-28.606672286987305,0
95.03,1080.044189453125,-28.711355209350586,0
95.04,1079.665771484375,-28.80583953857422,0
95.05,1079.298095703125,-28.88829231262207,0
95.06,1078.98876953125,-28.909385681152344,0
95.07,1078.71826171875,-28.89021873474121,0
95.08,1078.459228515625,-28.859317779541016,0
95.09,1078.21337890625,-28.81502342224121,0
95.1,1078.055419921875,-28.680192947387695,0
95.11,1077.96337890625,-28.47857666015625,0
95.12,1077.898193359375,-28.251222610473633,0
95.13,1077.836669921875,-28.02253532409668,0
95.14,1077.8206787109375,-27.748916625976562,0
95.15,1077.8077392578125,-27.475017547607422,0
95.16,1077.7977294921875,-27.20090103149414,0
95.17,1077.7906494140625,-26.926631927490234,0
95.18,1077.7691650390625,-26.67009925842285,0
95.19,1077.70654296875,-26.4588565826416,0
95.2,1077.6375732421875,-26.256250381469727,0
95.21,1077.5299072265625,-26.095897674560547,0
95.22,1077.424072265625,-25.935258865356445,0
95.23,1077.322021484375,-25.77240753173828,0
95.24,1077.2236328125,-25.6074275970459,0
95.25,1077.12890625,-25.440393447875977,0
95.26,1077.0301513671875,-25.2792911529541,0
95.27,1076.8946533203125,-25.157835006713867,0
95.28,1076.736328125,-25.061283111572266,0
95.29,1076.576416015625,-24.96733283996582,0
95.3,1076.4207763671875,-24.870010375976562,0
95.31,1076.269287109375,-24.769407272338867,0
95.32,1076.0701904296875,-24.71915054321289,0
95.33,1075.8641357421875,-24.67662239074707,0
95.34,1075.6414794921875,-24.651538848876953,0
95.35,1075.4027099609375,-24.6435489654541,0
95.36,1075.1497802734375,-24.650283813476562,0
95.37,1074.8885498046875,-24.66555404663086,0
95.38,1074.6094970703125,-24.699045181274414,0
95.39,1074.31298828125,-24.750381469726562,0
95.4,1073.94921875,-24.87070655822754,0
95.41,1073.5478515625,-25.02886962890625,0
95.42,1073.153076171875,-25.178482055664062,0
95.43,1072.764892578125,-25.319684982299805,0
95.44,1072.38330078125,-25.45262336730957,0
95.45,1072.02734375,-25.557647705078125,0
95.46,1071.6776123046875,-25.65509605407715,0
95.47,1071.3590087890625,-25.719314575195312,0
95.48,1071.0462646484375,-25.77676010131836,0
95.49,1070.731689453125,-25.83551788330078,0
95.5,1070.423095703125,-25.887592315673828,0
95.51,1070.1202392578125,-25.93310546875,0
95.52,1069.8060302734375,-25.990013122558594,0
95.53,1069.4688720703125,-26.0699520111084,0
95.54,1069.1378173828125,-26.142719268798828,0
95.55,1068.8128662109375,-26.208446502685547,0
95.56,1068.4825439453125,-26.279151916503906,0
95.57,1068.158203125,-26.34283447265625,0
95.58,1067.832275390625,-26.40752601623535,0
95.59,1067.510498046875,-26.467252731323242,0
95.6,1067.19482421875,-26.520139694213867,0
95.61,1066.885009765625,-26.566316604614258,0
95.62,1066.575439453125,-26.611852645874023,0
95.63,1066.2640380859375,-26.658771514892578,0
95.64,1065.9547119140625,-26.7029972076416,0
95.65,1065.6492919921875,-26.7426700592041,0
95.66,1065.3154296875,-26.81145477294922,0
95.67,1064.9781494140625,-26.88306427001953,0
95.68,1064.6470947265625,-26.94750213623047,0
95.69,1064.314453125,-27.012805938720703,0
95.7,1063.988037109375,-27.07103729248047,0
95.71,1063.667724609375,-27.122331619262695,0
95.72,1063.342041015625,-27.1787052154541,0
95.73,1063.0206298828125,-27.230117797851562,0
95.74,1062.6650390625,-27.31629753112793,0
95.75,1062.302490234375,-27.40876007080078,0
95.76,1061.946533203125,-27.493513107299805,0
95.77,1061.5970458984375,-27.570695877075195,0
95.78,1061.244384765625,-27.650312423706055,0
95.79,1060.898193359375,-27.722431182861328,0
95.8,1060.5584716796875,-27.787189483642578,0
95.81,1060.22314453125,-27.846744537353516,0
95.82,1059.89404296875,-27.899171829223633,0
95.83,1059.5692138671875,-27.94656753540039,0
95.84,1059.250732421875,-27.987064361572266,0
95.85,1058.9229736328125,-28.036602020263672,0
95.86,1058.6014404296875,-28.07917594909668,0
95.87,1058.2861328125,-28.114919662475586,0
95.88,1057.97314453125,-28.147945404052734,0
95.89,1057.662353515625,-28.178302764892578,0
95.9,1057.3251953125,-28.235698699951172,0
95.91,1056.9847412109375,-28.295795440673828,0
95.92,1056.64501953125,-28.354597091674805,0
95.93,1056.3021240234375,-28.416046142578125,0
95.94,1055.9617919921875,-28.47418785095215,0
95.95,1055.6182861328125,-28.534963607788086,0
95.96,1055.2410888671875,-28.629976272583008,0
95.97,1054.8612060546875,-28.726890563964844,0
95.98,1054.4881591796875,-28.815725326538086,0
95.99,1054.119873046875,-28.89858627319336,0
96,1053.7584228515625,-28.973617553710938,0
96.01,1053.3863525390625,-29.058734893798828,0
96.02,1053.021240234375,-29.135942459106445,0
96.03,1052.662841796875,-29.205385208129883,0
96.04,1052.328125,-29.24943733215332,0
96.05,1051.9827880859375,-29.30415153503418,0
96.06,1051.628662109375,-29.36739158630371,0
96.07,1051.2755126953125,-29.428993225097656,0
96.08,1050.928955078125,-29.48308753967285,0
96.09,1050.5889892578125,-29.52981948852539,0
96.1,1050.2440185546875,-29.58121109008789,0
96.11,1049.8980712890625,-29.633180618286133,0
96.12,1049.5338134765625,-29.70347023010254,0
96.13,1049.172607421875,-29.76999855041504,0
96.14,1048.8179931640625,-29.828847885131836,0
96.15,1048.4395751953125,-29.911779403686523,0
96.16,1048.068115234375,-29.986665725708008,0
96.17,1047.7034912109375,-30.053653717041016,0
96.18,1047.3399658203125,-30.11883544921875,0
96.19,1046.9832763671875,-30.176292419433594,0
96.2,1046.6219482421875,-30.23799705505371,0
96.21,1046.2674560546875,-30.292022705078125,0
96.22,1045.9310302734375,-30.326684951782227,0
96.23,1045.60693359375,-30.3482608795166,0
96.24,1045.3026123046875,-30.349109649658203,0
96.25,1045.0599365234375,-30.286209106445312,0
96.26,1044.861083984375,-30.1785945892334,0
96.27,1044.673095703125,-30.060840606689453,0
96.28,1044.6103515625,-29.814556121826172,0
96.29,1044.635498046875,-29.479877471923828,0
96.3,1044.732177734375,-29.074548721313477,0
96.31,1044.93994140625,-28.558454513549805,0
96.32,1045.17138671875,-28.023107528686523,0
96.33,1045.464599609375,-27.429380416870117,0
96.34,1045.8074951171875,-26.790483474731445,0
96.35,1046.1839599609375,-26.1232852935791,0
96.36,1046.561279296875,-25.46219825744629,0
96.37,1046.990966796875,-24.753759384155273,0
96.38,1047.4188232421875,-24.05458641052246,0
96.39,1047.8447265625,-23.364639282226562,0
96.4,1048.2686767578125,-22.683876037597656,0
96.41,1048.690673828125,-22.012252807617188,0
96.42,1049.0894775390625,-21.371532440185547,0
96.43,1049.3311767578125,-20.89996337890625,0
96.44,1049.4444580078125,-20.56637191772461,0
96.45,1049.5433349609375,-20.25111961364746,0
96.46,1049.6317138671875,-19.94991683959961,0
96.47,1049.6888427734375,-19.684288024902344,0
96.48,1049.747314453125,-19.419925689697266,0
96.49,1049.803466796875,-19.16078758239746,0
96.5,1049.8609619140625,-18.902894973754883,0
96.51,1049.898681640625,-18.66808319091797,0
96.52,1049.93798828125,-18.434123992919922,0
96.53,1049.978759765625,-18.201047897338867,0
96.54,1050.02099609375,-17.968887329101562,0
96.55,1050.064697265625,-17.7376708984375,0
96.56,1050.10400390625,-17.51337432861328,0
96.57,1050.0987548828125,-17.337438583374023,0
96.58,1050.091552734375,-17.1654109954834,0
96.59,1050.086181640625,-16.993267059326172,0
96.6,1050.0826416015625,-16.821044921875,0
96.61,1050.084716796875,-16.644804000854492,0
96.62,1050.08837890625,-16.468643188476562,0
96.63,1050.0899658203125,-16.296579360961914,0
96.64,1050.0682373046875,-16.150318145751953,0
96.65,1050.0389404296875,-16.01349449157715,0
96.66,1050.0057373046875,-15.88201904296875,0
96.67,1049.9669189453125,-15.757772445678711,0
96.68,1049.9300537109375,-15.63272762298584,0
96.69,1049.8798828125,-15.522791862487793,0
96.7,1049.822265625,-15.421679496765137,0
96.71,1049.76123046875,-15.325311660766602,0
96.72,1049.6851806640625,-15.245495796203613,0
96.73,1049.6094970703125,-15.166045188903809,0
96.74,1049.482666015625,-15.140393257141113,0
96.75,1049.3358154296875,-15.135767936706543,0
96.76,1049.1441650390625,-15.177472114562988,0
96.77,1048.9560546875,-15.215102195739746,0
96.78,1048.771484375,-15.248733520507812,0
96.79,1048.576904296875,-15.29228687286377,0
96.8,1048.3763427734375,-15.341567993164062,0
96.81,1048.114501953125,-15.453800201416016,0
96.82,1047.85693359375,-15.560453414916992,0
96.83,1047.593994140625,-15.671483993530273,0
96.84,1047.323974609375,-15.788740158081055,0
96.85,1047.0565185546875,-15.902207374572754,0
96.86,1046.78955078125,-16.013954162597656,0
96.87,1046.523193359375,-16.123937606811523,0
96.88,1046.226806640625,-16.263843536376953,0
96.89,1045.89697265625,-16.43695640563965,0
96.9,1045.568359375,-16.606956481933594,0
96.91,1045.227783203125,-16.787721633911133,0
96.92,1044.892333984375,-16.961223602294922,0
96.93,1044.5601806640625,-17.129531860351562,0
96.94,1044.212158203125,-17.312509536743164,0
96.95,1043.86376953125,-17.49394989013672,0
96.96,1043.518798828125,-17.669979095458984,0
96.97,1043.1790771484375,-17.83864974975586,0
96.98,1042.8333740234375,-18.01190757751465,0
96.99,1042.475830078125,-18.1955623626709,0
97,1042.123779296875,-18.371593475341797,0
97.01,1041.761962890625,-18.555927276611328,0
97.02,1041.3848876953125,-18.754240036010742,0
97.03,1041.0135498046875,-18.94451141357422,0
97.04,1040.6346435546875,-19.140653610229492,0
97.05,1040.2596435546875,-19.330734252929688,0
97.06,1039.8636474609375,-19.54045295715332,0
97.07,1039.46044921875,-19.755516052246094,0
97.08,1039.0634765625,-19.96198081970215,0
97.09,1038.634521484375,-20.199445724487305,0
97.1,1038.2081298828125,-20.431684494018555,0
97.11,1037.7767333984375,-20.666709899902344,0
97.12,1037.3424072265625,-20.902400970458984,0
97.13,1036.88037109375,-21.1643123626709,0
97.14,1036.3966064453125,-21.44596290588379,0
97.15,1035.8876953125,-21.750812530517578,0
97.16,1035.3804931640625,-22.050687789916992,0
97.17,1034.8388671875,-22.383129119873047,0
97.18,1034.2745361328125,-22.73556900024414,0
97.19,1033.7127685546875,-23.081846237182617,0
97.2,1033.1590576171875,-23.41613006591797,0
97.21,1032.56201171875,-23.791852951049805,0
97.22,1031.960205078125,-24.16861915588379,0
97.23,1031.351806640625,-24.548288345336914,0
97.24,1030.7520751953125,-24.91497039794922,0
97.25,1030.1611328125,-25.268850326538086,0
97.26,1029.578857421875,-25.610118865966797,0
97.27,1028.9993896484375,-25.944847106933594,0
97.28,1028.411376953125,-26.284982681274414,0
97.29,1027.8321533203125,-26.612571716308594,0
97.3,1027.2862548828125,-26.902183532714844,0
97.31,1026.7486572265625,-27.180152893066406,0
97.32,1026.2308349609375,-27.434825897216797,0
97.33,1025.72119140625,-27.678462982177734,0
97.34,1025.225341796875,-27.90529441833496,0
97.35,1024.7449951171875,-28.113706588745117,0
97.36,1024.2972412109375,-28.286266326904297,0
97.37,1023.8836059570312,-28.421655654907227,0
97.38,1023.5303955078125,-28.493078231811523,0
97.39,1023.1951904296875,-28.545166015625,0
97.4,1022.8757934570312,-28.58026695251465,0
97.41,1022.577880859375,-28.5927734375,0
97.42,1022.3621215820312,-28.520082473754883,0
97.43,1022.2582397460938,-28.33234214782715,0
97.44,1022.1888427734375,-28.11087989807129,0
97.45,1022.172607421875,-27.836641311645508,0
97.46,1022.208984375,-27.51076889038086,0
97.47,1022.2611694335938,-27.17194938659668,0
97.48,1022.3156127929688,-26.834308624267578,0
97.49,1022.3721923828125,-26.497894287109375,0
97.5,1022.4309692382812,-26.162752151489258,0
97.51,1022.4784545898438,-25.842716217041016,0
97.52,1022.5128784179688,-25.53956413269043,0
97.53,1022.5038452148438,-25.284574508666992,0
97.54,1022.4898071289062,-25.037353515625,0
97.55,1022.4708251953125,-24.797792434692383,0
97.56,1022.4221801757812,-24.59145736694336,0
97.57,1022.3727416992188,-24.388057708740234,0
97.58,1022.3262939453125,-24.183652877807617,0
97.59,1022.2828369140625,-23.97830581665039,0
97.6,1022.2193603515625,-23.795791625976562,0
97.61,1022.1456298828125,-23.62575912475586,0
97.62,1022.0579223632812,-23.471969604492188,0
97.63,1021.9429931640625,-23.347909927368164,0
97.64,1021.8012084960938,-23.253000259399414,0
97.65,1021.57177734375,-23.249780654907227,0
97.66,1021.3375854492188,-23.251564025878906,0
97.67,1021.1080932617188,-23.248376846313477,0
97.68,1020.877685546875,-23.246206283569336,0
97.69,1020.6310424804688,-23.260841369628906,0
97.7,1020.3893432617188,-23.27024269104004,0
97.71,1020.1353149414062,-23.29228401184082,0
97.72,1019.8729858398438,-23.322721481323242,0
97.73,1019.5872192382812,-23.37712860107422,0
97.74,1019.2705688476562,-23.462909698486328,0
97.75,1018.9519653320312,-23.54985809326172,0
97.76,1018.6276245117188,-23.641855239868164,0
97.77,1018.30712890625,-23.728914260864258,0
97.78,1017.9675903320312,-23.834774017333984,0
97.79,1017.6263427734375,-23.94131088256836,0
97.8,1017.2681884765625,-24.064186096191406,0
97.81,1016.86669921875,-24.230670928955078,0
97.82,1016.4623413085938,-24.398412704467773,0
97.83,1016.0133056640625,-24.61073875427246,0
97.84,1015.5580444335938,-24.82728385925293,0
97.85,1015.0909423828125,-25.053800582885742,0
97.86,1014.5836791992188,-25.319576263427734,0
97.87,1014.0804443359375,-25.578458786010742,0
97.88,1013.5469360351562,-25.865962982177734,0
97.89,1012.962646484375,-26.203075408935547,0
97.9,1012.3680419921875,-26.54739761352539,0
97.91,1011.7689208984375,-26.892763137817383,0
97.92,1011.1787109375,-27.225345611572266,0
97.93,1010.5897216796875,-27.553239822387695,0
97.94,1009.9659423828125,-27.913806915283203,0
97.95,1009.3494873046875,-28.26302719116211,0
97.96,1008.7421875,-28.59909439086914,0
97.97,1008.1345825195312,-28.932016372680664,0
97.98,1007.5020141601562,-29.287349700927734,0
97.99,1006.8789672851562,-29.629188537597656,0
98,1006.2653198242188,-29.95773696899414,0
98.01,1005.6552734375,-30.279138565063477,0
98.02,1005.0545654296875,-30.587528228759766,0
98.03,1004.4631958007812,-30.88311004638672,0
98.04,1003.8867797851562,-31.160140991210938,0
98.05,1003.3194580078125,-31.42488670349121,0
98.06,1002.7706298828125,-31.667726516723633,0
98.07,1002.23828125,-31.89102554321289,0
98.08,1001.714599609375,-32.10298538208008,0
98.09,1001.1995849609375,-32.30378723144531,0
98.1,1000.782470703125,-32.40118408203125,0
98.11,1000.4318237304688,-32.42872619628906,0
98.12,1000.18505859375,-32.34848403930664,0
98.13,999.9954833984375,-32.2098274230957,0
98.14,999.8491821289062,-32.027828216552734,0
98.15,999.7247924804688,-31.825050354003906,0
98.16,999.6106567382812,-31.61379051208496,0
98.17,999.580810546875,-31.317413330078125,0
98.18,999.5697631835938,-31.00465965270996,0
98.19,999.7161865234375,-30.532093048095703,0
98.2,999.8642578125,-30.062732696533203,0
98.21,1000.013916015625,-29.596614837646484,0
98.22,1000.1650390625,-29.133769989013672,0
98.23,1000.317626953125,-28.67422866821289,0
98.24,1000.37060546875,-28.322509765625,0
98.25,1000.3251342773438,-28.076419830322266,0
98.26,1000.282958984375,-27.829418182373047,0
98.27,1000.2440795898438,-27.581573486328125,0
98.28,1000.1741333007812,-27.368440628051758,0
98.29,1000.0867919921875,-27.175504684448242,0
98.3,1000.0012817382812,-26.98272132873535,0
98.31,999.9193725585938,-26.788164138793945,0
98.32,999.841064453125,-26.59191131591797,0
98.33,999.7662963867188,-26.3940372467041,0
98.34,999.6950073242188,-26.19462013244629,0
98.35,999.5814208984375,-26.040985107421875,0
98.36,999.4108276367188,-25.947978973388672,0
98.37,999.1971435546875,-25.90059471130371,0
98.38,998.9521484375,-25.886072158813477,0
98.39,998.7123413085938,-25.866355895996094,0
98.4,998.4529418945312,-25.86711883544922,0
98.41,998.1988525390625,-25.86237907409668,0
98.42,997.9537963867188,-25.848323822021484,0
98.43,997.7025146484375,-25.840845108032227,0
98.44,997.4678344726562,-25.816265106201172,0
98.45,997.2590942382812,-25.765073776245117,0
98.46,997.0684814453125,-25.6956787109375,0
98.47,996.8824462890625,-25.622255325317383,0
98.48,996.6800537109375,-25.566537857055664,0
98.49,996.5032348632812,-25.484901428222656,0
98.5,996.3308715820312,-25.399532318115234,0
98.51,996.1629028320312,-25.310523986816406,0
98.52,996.0067749023438,-25.210121154785156,0
98.53,995.8472900390625,-25.11427879333496,0
98.54,995.6805419921875,-25.026899337768555,0
98.55,995.5086059570312,-24.945810317993164,0
98.56,995.3504638671875,-24.851282119750977,0
98.57,995.1964721679688,-24.75341796875,0
98.58,995.0352172851562,-24.664079666137695,0
98.59,994.878173828125,-24.571340560913086,0
98.6,994.7252197265625,-24.47528839111328,0
98.61,994.5763549804688,-24.376012802124023,0
98.62,994.4315185546875,-24.27359962463379,0
98.63,994.2906494140625,-24.168136596679688,0
98.64,994.1707763671875,-24.0419921875,0
98.65,994.0469970703125,-23.921234130859375,0
98.66,993.9269409179688,-23.797876358032227,0
98.67,993.810546875,-23.671998977661133,0
98.68,993.69970703125,-23.541717529296875,0
98.69,993.5905151367188,-23.411073684692383,0
98.7,993.4848022460938,-23.278141021728516,0
98.71,993.3844604492188,-23.141033172607422,0
98.72,993.2875366210938,-23.001827239990234,0
98.73,993.1939086914062,-22.860593795776367,0
98.74,993.1036376953125,-22.717405319213867,0
98.75,993.0166015625,-22.572330474853516,0
98.76,992.9328002929688,-22.425439834594727,0
98.77,992.8407592773438,-22.288576126098633,0
98.78,992.751953125,-22.14978790283203,0
98.79,992.6530151367188,-22.022932052612305,0
98.8,992.5364379882812,-21.91564178466797,0
98.81,992.4232788085938,-21.80590057373047,0
98.82,992.2698364257812,-21.739017486572266,0
98.83,992.1182861328125,-21.670856475830078,0
98.84,991.970458984375,-21.5994930267334,0
98.85,991.81884765625,-21.532859802246094,0
98.86,991.6576538085938,-21.476810455322266,0
98.87,991.4832153320312,-21.43506622314453,0
98.88,991.2957153320312,-21.407289505004883,0
98.89,991.1123046875,-21.37554168701172,0
98.9,990.9044799804688,-21.369394302368164,0
98.91,990.7009887695312,-21.35883903503418,0
98.92,990.486572265625,-21.35972023010254,0
98.93,990.2745971679688,-21.358013153076172,0
98.94,990.0252685546875,-21.395029067993164,0
98.95,989.7369995117188,-21.471982955932617,0
98.96,989.4443969726562,-21.552614212036133,0
98.97,989.1209716796875,-21.664352416992188,0
98.98,988.7822265625,-21.790786743164062,0
98.99,988.4339599609375,-21.92576026916504,0
99,988.0554809570312,-22.090591430664062,0
99.01,987.6755981445312,-22.255205154418945,0
99.02,987.2752685546875,-22.439247131347656,0
99.03,986.8756713867188,-22.620643615722656,0
99.04,986.4312744140625,-22.84649658203125,0
99.05,985.9861450195312,-23.070777893066406,0
99.06,985.5365600585938,-23.297338485717773,0
99.07,985.0845336914062,-23.524124145507812,0
99.08,984.6187133789062,-23.76285171508789,0
99.09,984.150634765625,-24.00145721435547,0
99.1,983.6821899414062,-24.237930297851562,0
99.11,983.2058715820312,-24.4801082611084,0
99.12,982.7236328125,-24.72586441040039,0
99.13,982.2413330078125,-24.969186782836914,0
99.14,981.7627563476562,-25.20615005493164,0
99.15,981.2802734375,-25.44468116760254,0
99.16,980.7750244140625,-25.704317092895508,0
99.17,980.2738037109375,-25.957103729248047,0
99.18,979.7803344726562,-26.199201583862305,0
99.19,979.2492065429688,-26.47786521911621,0
99.2,978.7243041992188,-26.747163772583008,0
99.21,978.17724609375,-27.036603927612305,0
99.22,977.634765625,-27.318302154541016,0
99.23,977.094970703125,-27.594316482543945,0
99.24,976.5616455078125,-27.86078453063965,0
99.25,976.0100708007812,-28.143346786499023,0
99.26,975.4424438476562,-28.43959617614746,0
99.27,974.8759765625,-28.731590270996094,0
99.28,974.3145141601562,-29.01542854309082,0
99.29,973.7598266601562,-29.289255142211914,0
99.3,973.2138061523438,-29.551258087158203,0
99.31,972.6764526367188,-29.801620483398438,0
99.32,972.13818359375,-30.050342559814453,0
99.33,971.604736328125,-30.29151725769043,0
99.34,971.072265625,-30.529170989990234,0
99.35,970.5369873046875,-30.767250061035156,0
99.36,970.0103149414062,-30.99392318725586,0
99.37,969.4903564453125,-31.211336135864258,0
99.38,968.9788818359375,-31.417673110961914,0
99.39,968.4627075195312,-31.626794815063477,0
99.4,967.9550170898438,-31.824920654296875,0
99.41,967.455810546875,-32.01223373413086,0
99.42,966.9650268554688,-32.18891906738281,0
99.43,966.478759765625,-32.35907745361328,0
99.44,966.0045776367188,-32.51496124267578,0
99.45,965.5328979492188,-32.66664123535156,0
99.46,965.063720703125,-32.81416702270508,0
99.47,964.6027221679688,-32.95170974731445,0
99.48,964.155517578125,-33.07355880737305,0
99.49,963.7162475585938,-33.18589401245117,0
99.5,963.284912109375,-33.28888702392578,0
99.51,962.8613891601562,-33.38270950317383,0
99.52,962.44189453125,-33.47145080566406,0
99.53,962.0244140625,-33.557159423828125,0
99.54,961.6146240234375,-33.63399124145508,0
99.55,961.2181396484375,-33.69622802734375,0
99.56,960.8291625976562,-33.75004196166992,0
99.57,960.4419555664062,-33.80147933959961,0
99.58,960.060302734375,-33.84665298461914,0
99.59,959.6708984375,-33.8994140625,0
99.6,959.2756958007812,-33.95758056640625,0
99.61,958.88232421875,-34.01323699951172,0
99.62,958.4964599609375,-34.06053924560547,0
99.63,958.1067504882812,-34.11141586303711,0
99.64,957.7093505859375,-34.169654846191406,0
99.65,957.31201171875,-34.227298736572266,0
99.66,956.9221801757812,-34.2765007019043,0
99.67,956.5341796875,-34.323307037353516,0
99.68,956.1460571289062,-34.369720458984375,0
99.69,955.7655029296875,-34.40789031982422,0
99.7,955.3772583007812,-34.453617095947266,0
99.71,954.9700317382812,-34.51850891113281,0
99.72,954.5704956054688,-34.574745178222656,0
99.73,954.167236328125,-34.6342658996582,0
99.74,953.7528076171875,-34.70478439331055,0
99.75,953.28369140625,-34.83112335205078,0
99.76,952.8229370117188,-34.94748306274414,0
99.77,952.3648071289062,-35.05992889404297,0
99.78,951.9055786132812,-35.17238998413086,0
99.79,951.44140625,-35.28875732421875,0
99.8,950.9818115234375,-35.39917755126953,0
99.81,950.5267944335938,-35.50374984741211,0
99.82,950.0611572265625,-35.61820983886719,0
99.83,949.579345703125,-35.74821472167969,0
99.84,949.106201171875,-35.86797332763672,0
99.85,948.6358642578125,-35.98355484008789,0
99.86,948.1740112304688,-36.089134216308594,0
99.87,947.726318359375,-36.17900848388672,0
99.88,947.286865234375,-36.25936508178711,0
99.89,946.8556518554688,-36.33038330078125,0
99.9,946.4364013671875,-36.3883171081543,0
99.91,946.1159057617188,-36.34339904785156,0
99.92,945.9423828125,-36.14680099487305,0
99.93,945.8008422851562,-35.91915512084961,0
99.94,945.8007202148438,-35.5474739074707,0
99.95,945.906494140625,-35.06998825073242,0
99.96,946.1455688476562,-34.45948028564453,0
99.97,946.4483032226562,-33.78937911987305,0
99.98,946.7627563476562,-33.114070892333984,0
99.99,947.1627197265625,-32.357242584228516,0
100,947.5619506835938,-31.609058380126953,0
100.01,947.9602661132812,-30.8695011138916,0
100.02,948.357666015625,-30.1385498046875,0
100.03,948.7540893554688,-29.41618537902832,0
100.04,949.0906372070312,-28.763256072998047,0
100.05,949.3603515625,-28.18626594543457,0
100.06,949.6302490234375,-27.615121841430664,0
100.07,949.9002075195312,-27.049823760986328,0
100.08,950.1701049804688,-26.490371704101562,0
100.09,950.4210205078125,-25.956436157226562,0
100.1,950.6719970703125,-25.427936553955078,0
100.11,950.9230346679688,-24.90487289428711,0
100.12,951.174072265625,-24.38724708557129,0
100.13,951.3718872070312,-23.929988861083984,0
100.14,951.4015502929688,-23.651565551757812,0
100.15,951.4049072265625,-23.403257369995117,0
100.16,951.3633422851562,-23.20406150817871,0
100.17,951.31884765625,-23.009910583496094,0
100.18,951.2052612304688,-22.889293670654297,0
100.19,951.0686645507812,-22.79375648498535,0
100.2,950.935791015625,-22.695341110229492,0
100.21,950.7820434570312,-22.619579315185547,0
100.22,950.6321411132812,-22.540571212768555,0
100.23,950.4842529296875,-22.46036148071289,0
100.24,950.30419921875,-22.414249420166016,0
100.25,950.1207885742188,-22.372119903564453,0
100.26,949.9320678710938,-22.33591651916504,0
100.27,949.7474975585938,-22.295717239379883,0
100.28,949.5614624023438,-22.257497787475586,0
100.29,949.377685546875,-22.21729850769043,0
100.3,949.1981201171875,-22.17321014404297,0
100.31,949.0150756835938,-22.13317108154297,0
100.32,948.836181640625,-22.089258193969727,0
100.33,948.646240234375,-22.05719757080078,0
100.34,948.4491577148438,-22.032882690429688,0
100.35,948.2677001953125,-21.992624282836914,0
100.36,948.0809326171875,-21.95833396911621,0
100.37,947.8775024414062,-21.941612243652344,0
100.38,947.676513671875,-21.92254066467285,0
100.39,947.4797973632812,-21.89920997619629,0
100.4,947.287353515625,-21.87171173095703,0
100.41,947.0670776367188,-21.873374938964844,0
100.42,946.8379516601562,-21.884096145629883,0
100.43,946.6078491210938,-21.895784378051758,0
100.44,946.3634033203125,-21.92220687866211,0
100.45,946.104736328125,-21.962997436523438,0
100.46,945.8245849609375,-22.025646209716797,0
100.47,945.5079345703125,-22.12538719177246,0
100.48,945.1363525390625,-22.280996322631836,0
100.49,944.759521484375,-22.440404891967773,0
100.5,944.3756713867188,-22.60546112060547,0
100.51,943.990478515625,-22.770187377929688,0
100.52,943.5851440429688,-22.954059600830078,0
100.53,943.144775390625,-23.172285079956055,0
100.54,942.7094116210938,-23.383085250854492,0
100.55,942.277099609375,-23.588529586791992,0
100.56,941.8422241210938,-23.794513702392578,0
100.57,941.4085693359375,-23.997116088867188,0
100.58,940.9818115234375,-24.190475463867188,0
100.59,940.5505981445312,-24.386455535888672,0
100.6,940.12255859375,-24.577171325683594,0
100.61,939.6881103515625,-24.77243995666504,0
100.62,939.2606811523438,-24.958450317382812,0
100.63,938.8534545898438,-25.121681213378906,0
100.64,938.4661254882812,-25.262561798095703,0
100.65,938.0853881835938,-25.39519691467285,0
100.66,937.7243041992188,-25.506052017211914,0
100.67,937.3695678710938,-25.609224319458008,0
100.68,937.0305786132812,-25.695037841796875,0
100.69,936.701416015625,-25.769777297973633,0
100.7,936.3877563476562,-25.827709197998047,0
100.71,936.0799560546875,-25.87897491455078,0
100.72,935.8118896484375,-25.88855743408203,0
100.73,935.5831909179688,-25.85725212097168,0
100.74,935.365234375,-25.815217971801758,0
100.75,935.1634521484375,-25.756853103637695,0
100.76,934.9739379882812,-25.68637466430664,0
100.77,934.8192749023438,-25.580617904663086,0
100.78,934.7028198242188,-25.4364013671875,0
100.79,934.5958251953125,-25.283863067626953,0
100.8,934.4981689453125,-25.123201370239258,0
100.81,934.406005859375,-24.958539962768555,0
100.82,934.3343505859375,-24.77435874938965,0
100.83,934.2697143554688,-24.584829330444336,0
100.84,934.22900390625,-24.372446060180664,0
100.85,934.1912231445312,-24.159244537353516,0
100.86,934.1563110351562,-23.945287704467773,0
100.87,934.1242065429688,-23.730636596679688,0
100.88,934.0967407226562,-23.513385772705078,0
100.89,934.0814819335938,-23.285791397094727,0
100.9,934.0687866210938,-23.057920455932617,0
100.91,934.0585327148438,-22.8298282623291,0
100.92,934.0299682617188,-22.623090744018555,0
100.93,934.0039672851562,-22.415790557861328,0
100.94,933.9805297851562,-22.207983016967773,0
100.95,933.9728393554688,-21.986045837402344,0
100.96,933.967529296875,-21.763992309570312,0
100.97,933.9512329101562,-21.55554962158203,0
100.98,933.9373168945312,-21.346805572509766,0
100.99,933.93896484375,-21.124135971069336,0
101,933.9427490234375,-20.901548385620117,0
101.01,933.9486083984375,-20.679086685180664,0
101.02,933.9301147460938,-20.484148025512695,0
101.03,933.9139404296875,-20.288860321044922,0
101.04,933.9000244140625,-20.09326934814453,0
101.05,933.8939208984375,-19.891599655151367,0
101.06,933.8917846679688,-19.68787956237793,0
101.07,933.8897705078125,-19.486120223999023,0
101.08,933.8841552734375,-19.29018783569336,0
101.09,933.8823852539062,-19.092273712158203,0
101.1,933.8826293945312,-18.894365310668945,0
101.11,933.8848266601562,-18.696502685546875,0
101.12,933.8870849609375,-18.500633239746094,0
101.13,933.8741455078125,-18.322509765625,0
101.14,933.8632202148438,-18.144149780273438,0
101.15,933.8353271484375,-17.98515510559082,0
101.16,933.76806640625,-17.868593215942383,0
101.17,933.6976318359375,-17.756513595581055,0
101.18,933.6297607421875,-17.642963409423828,0
101.19,933.5643920898438,-17.527997970581055,0
101.2,933.50146484375,-17.411670684814453,0
101.21,933.4371948242188,-17.297958374023438,0
101.22,933.3640747070312,-17.194622039794922,0
101.23,933.2764282226562,-17.10735321044922,0
101.24,933.1744384765625,-17.035842895507812,0
101.25,933.0733642578125,-16.964147567749023,0
101.26,932.9429321289062,-16.923561096191406,0
101.27,932.8155517578125,-16.88021469116211,0
101.28,932.685546875,-16.840003967285156,0
101.29,932.5491943359375,-16.806854248046875,0
101.3,932.4158935546875,-16.77081871032715,0
101.31,932.2857055664062,-16.731962203979492,0
101.32,932.1529541015625,-16.696182250976562,0
101.33,932.0232543945312,-16.6575927734375,0
101.34,931.8966064453125,-16.616262435913086,0
101.35,931.7427978515625,-16.603530883789062,0
101.36,931.5884399414062,-16.591461181640625,0
101.37,931.4279174804688,-16.585872650146484,0
101.38,931.2650756835938,-16.582765579223633,0
101.39,931.09423828125,-16.587919235229492,0
101.4,930.8910522460938,-16.62655258178711,0
101.41,930.6595458984375,-16.69410514831543,0
101.42,930.426513671875,-16.76255989074707,0
101.43,930.1654663085938,-16.859294891357422,0
101.44,929.795654296875,-17.067611694335938,0
101.45,929.423828125,-17.27583122253418,0
101.46,929.0443725585938,-17.48979377746582,0
101.47,928.6328125,-17.734725952148438,0
101.48,928.2235717773438,-17.97474479675293,0
101.49,927.8203735351562,-18.20603370666504,0
101.5,927.411865234375,-18.440433502197266,0
101.51,927.0094604492188,-18.666120529174805,0
101.52,926.6243896484375,-18.871509552001953,0
101.53,926.2244262695312,-19.090150833129883,0
101.54,925.8305053710938,-19.300262451171875,0
101.55,925.442626953125,-19.50197410583496,0
101.56,925.0607299804688,-19.695415496826172,0
101.57,924.6734619140625,-19.892427444458008,0
101.58,924.2921752929688,-20.08118438720703,0
101.59,923.9093627929688,-20.269603729248047,0
101.6,923.52685546875,-20.45574951171875,0
101.61,923.116455078125,-20.668827056884766,0
101.62,922.678466796875,-20.908296585083008,0
101.63,922.2470703125,-21.138423919677734,0
101.64,921.816650390625,-21.36518096923828,0
101.65,921.392822265625,-21.582759857177734,0
101.66,920.9718017578125,-21.795169830322266,0
101.67,920.5573120117188,-21.99860382080078,0
101.68,920.153076171875,-22.189334869384766,0
101.69,919.7608642578125,-22.36562156677246,0
101.7,919.3938598632812,-22.514047622680664,0
101.71,919.0460815429688,-22.64098358154297,0
101.72,918.713623046875,-22.750761032104492,0
101.73,918.3887939453125,-22.851503372192383,0
101.74,918.082763671875,-22.93171501159668,0
101.75,917.7822265625,-23.00541877746582,0
101.76,917.5078735351562,-23.0512638092041,0
101.77,917.2406005859375,-23.089319229125977,0
101.78,917.01611328125,-23.082687377929688,0
101.79,916.7962646484375,-23.0712947845459,0
101.8,916.5810546875,-23.055240631103516,0
101.81,916.34033203125,-23.0657901763916,0
101.82,916.1044311523438,-23.071231842041016,0
101.83,915.86572265625,-23.079513549804688,0
101.84,915.6318359375,-23.082731246948242,0
101.85,915.4027099609375,-23.08098602294922,0
101.86,915.1763916015625,-23.07634162902832,0
101.87,914.9509887695312,-23.07076644897461,0
101.88,914.7208862304688,-23.070161819458008,0
101.89,914.4803466796875,-23.0803165435791,0
101.9,914.2371826171875,-23.093154907226562,0
101.91,913.998779296875,-23.100831985473633,0
101.92,913.7727661132812,-23.09566307067871,0
101.93,913.5514526367188,-23.08570098876953,0
101.94,913.3347778320312,-23.071046829223633,0
101.95,913.132080078125,-23.04204559326172,0
101.96,912.9168701171875,-23.026294708251953,0
101.97,912.7062377929688,-23.0059814453125,0
101.98,912.509521484375,-22.971452713012695,0
101.99,912.317138671875,-22.932758331298828,0
102,912.1197509765625,-22.899744033813477,0
102.01,911.9248046875,-22.864511489868164,0
102.02,911.6795654296875,-22.881704330444336,0
102.03,911.41845703125,-22.9151554107666,0
102.04,911.1586303710938,-22.946928024291992,0
102.05,910.8981323242188,-22.979013442993164,0
102.06,910.6408081054688,-23.007526397705078,0
102.07,910.3790283203125,-23.040328979492188,0
102.08,910.122314453125,-23.06757164001465,0
102.09,909.8593139648438,-23.101078033447266,0
102.1,909.5618286132812,-23.169910430908203,0
102.11,909.2528076171875,-23.249963760375977,0
102.12,908.9172973632812,-23.356624603271484,0
102.13,908.5838623046875,-23.460010528564453,0
102.14,908.2487182617188,-23.5640926361084,0
102.15,907.9024658203125,-23.678586959838867,0
102.16,907.5621948242188,-23.78571319580078,0
102.17,907.2071533203125,-23.90700912475586,0
102.18,906.8582153320312,-24.020748138427734,0
102.19,906.511474609375,-24.130983352661133,0
102.2,906.161376953125,-24.243593215942383,0
102.21,905.8004150390625,-24.366296768188477,0
102.22,905.44189453125,-24.485183715820312,0
102.23,905.0857543945312,-24.600366592407227,0
102.24,904.7301635742188,-24.71379852294922,0
102.25,904.3770141601562,-24.823530197143555,0
102.26,904.030029296875,-24.925748825073242,0
102.27,903.6891479492188,-25.020584106445312,0
102.28,903.343017578125,-25.119884490966797,0
102.29,902.999267578125,-25.215688705444336,0
102.3,902.66162109375,-25.304182052612305,0
102.31,902.3243408203125,-25.391376495361328,0
102.32,901.9931030273438,-25.471399307250977,0
102.33,901.673583984375,-25.538496017456055,0
102.34,901.3599243164062,-25.59880256652832,0
102.35,901.0464477539062,-25.6583251953125,0
102.36,900.73876953125,-25.711185455322266,0
102.37,900.4425659179688,-25.751625061035156,0
102.38,900.1539306640625,-25.78386878967285,0
102.39,899.8840942382812,-25.796306610107422,0
102.4,899.6196899414062,-25.80301856994629,0
102.41,899.385009765625,-25.778844833374023,0
102.42,899.1723022460938,-25.73215675354004,0
102.43,898.9700927734375,-25.675081253051758,0
102.44,898.853515625,-25.52994155883789,0
102.45,898.7652587890625,-25.357025146484375,0
102.46,898.71630859375,-25.14522933959961,0
102.47,898.6948852539062,-24.9071044921875,0
102.48,898.6781005859375,-24.666614532470703,0
102.49,898.6640625,-24.42582130432129,0
102.5,898.66015625,-24.176990509033203,0
102.51,898.6607055664062,-23.926166534423828,0
102.52,898.6636962890625,-23.67540740966797,0
102.53,898.6708984375,-23.422861099243164,0
102.54,898.7030639648438,-23.1470947265625,0
102.55,898.7373046875,-22.8720703125,0
102.56,898.7735595703125,-22.597829818725586,0
102.57,898.838134765625,-22.297121047973633,0
102.58,898.904296875,-21.997846603393555,0
102.59,898.9720458984375,-21.70003890991211,0
102.6,899.0413208007812,-21.403732299804688,0
102.61,899.0574340820312,-21.165508270263672,0
102.62,899.0453491210938,-20.958890914916992,0
102.63,899.014892578125,-20.77347183227539,0
102.64,898.98681640625,-20.587446212768555,0
102.65,898.961181640625,-20.400863647460938,0
102.66,898.9115600585938,-20.241073608398438,0
102.67,898.85888671875,-20.08609390258789,0
102.68,898.8087768554688,-19.930028915405273,0
102.69,898.7291870117188,-19.806114196777344,0
102.7,898.6336669921875,-19.699983596801758,0
102.71,898.5278930664062,-19.60552406311035,0
102.72,898.4102172851562,-19.524423599243164,0
102.73,898.2731323242188,-19.464214324951172,0
102.74,898.1394653320312,-19.40110969543457,0
102.75,897.9846801757812,-19.360515594482422,0
102.76,897.8278198242188,-19.322477340698242,0
102.77,897.6651000976562,-19.290870666503906,0
102.78,897.5060424804688,-19.255817413330078,0
102.79,897.3505859375,-19.21739959716797,0
102.8,897.1629638671875,-19.212682723999023,0
102.81,896.83251953125,-19.35586929321289,0
102.82,896.5074462890625,-19.49201774597168,0
102.83,896.1876831054688,-19.621240615844727,0
102.84,895.8638305664062,-19.75335121154785,0
102.85,895.5415649414062,-19.882488250732422,0
102.86,895.224609375,-20.0047607421875,0
102.87,894.9053955078125,-20.128076553344727,0
102.88,894.5859375,-20.250423431396484,0
102.89,894.2774047851562,-20.360139846801758,0
102.9,893.97412109375,-20.463289260864258,0
102.91,893.67041015625,-20.565811157226562,0
102.92,893.3681640625,-20.66573715209961,0
102.93,893.0711669921875,-20.759231567382812,0
102.94,892.7323608398438,-20.89505386352539,0
102.95,892.399169921875,-21.02366065979004,0
102.96,892.0696411132812,-21.14713478088379,0
102.97,891.734375,-21.275249481201172,0
102.98,891.4047241210938,-21.396224975585938,0
102.99,891.0919189453125,-21.49852752685547,0
103,890.7845458984375,-21.594173431396484,0
103.01,890.4825439453125,-21.683279037475586,0
103.02,890.185791015625,-21.765960693359375,0
103.03,889.8943481445312,-21.842330932617188,0
103.04,889.5968627929688,-21.924158096313477,0
103.05,889.3046875,-21.999658584594727,0
103.06,889.0177612304688,-22.068946838378906,0
103.07,888.7247314453125,-22.1437931060791,0
103.08,888.406982421875,-22.243511199951172,0
103.09,888.0609130859375,-22.371498107910156,0
103.1,887.7037963867188,-22.50960350036621,0
103.11,887.3526000976562,-22.640104293823242,0
103.12,887.0036010742188,-22.76704978942871,0
103.13,886.6642456054688,-22.882644653320312,0
103.14,886.3269653320312,-22.99493980407715,0
103.15,885.9729614257812,-23.12337303161621,0
103.16,885.6248779296875,-23.2442684173584,0
103.17,885.2903442382812,-23.349966049194336,0
103.18,884.9616088867188,-23.448543548583984,0
103.19,884.64990234375,-23.528470993041992,0
103.2,884.3438110351562,-23.601770401000977,0
103.21,884.045166015625,-23.666603088378906,0
103.22,883.7500610351562,-23.727046966552734,0
103.23,883.44921875,-23.792875289916992,0
103.24,883.1651611328125,-23.840652465820312,0
103.25,882.8883056640625,-23.880434036254883,0
103.26,882.61669921875,-23.914335250854492,0
103.27,882.3485107421875,-23.944429397583008,0
103.28,882.081787109375,-23.97269630432129,0
103.29,881.8201904296875,-23.99530029296875,0
103.3,881.5487670898438,-24.027929306030273,0
103.31,881.2374877929688,-24.101421356201172,0
103.32,880.991943359375,-24.106088638305664,0
103.33,880.7514038085938,-24.105546951293945,0
103.34,880.5158081054688,-24.099905014038086,0
103.35,880.275634765625,-24.099016189575195,0
103.36,880.0404663085938,-24.093034744262695,0
103.37,879.8101806640625,-24.082067489624023,0
103.38,879.5846557617188,-24.06621742248535,0
103.39,879.3789672851562,-24.03000831604004,0
103.4,879.1778564453125,-23.989444732666016,0
103.41,878.9812622070312,-23.944623947143555,0
103.42,878.7741088867188,-23.911222457885742,0
103.43,878.5714721679688,-23.873432159423828,0
103.44,878.3452758789062,-23.860496520996094,0
103.45,878.1200561523438,-23.84663200378418,0
103.46,877.8883056640625,-23.839706420898438,0
103.47,877.6444702148438,-23.845354080200195,0
103.48,877.4055786132812,-23.845827102661133,0
103.49,877.1640014648438,-23.849021911621094,0
103.5,876.9274291992188,-23.84709358215332,0
103.51,876.6769409179688,-23.859539031982422,0
103.52,876.4295654296875,-23.868629455566406,0
103.53,876.172119140625,-23.887996673583984,0
103.54,875.9197998046875,-23.901899337768555,0
103.55,875.6500244140625,-23.933761596679688,0
103.56,875.3366088867188,-24.010446548461914,0
103.57,875.0288696289062,-24.080467224121094,0
103.58,874.7098388671875,-24.16143226623535,0
103.59,874.3834228515625,-24.249176025390625,0
103.6,874.0628662109375,-24.329978942871094,0
103.61,873.7574462890625,-24.394269943237305,0
103.62,873.4483032226562,-24.461763381958008,0
103.63,873.1448364257812,-24.522686004638672,0
103.64,872.8450927734375,-24.579118728637695,0
103.65,872.549072265625,-24.631088256835938,0
103.66,872.2548217773438,-24.68069076538086,0
103.67,871.96240234375,-24.727909088134766,0
103.68,871.6661376953125,-24.77861213684082,0
103.69,871.3510131835938,-24.848295211791992,0
103.7,871.0379638671875,-24.91514778137207,0
103.71,870.70068359375,-25.006393432617188,0
103.72,870.369384765625,-25.090465545654297,0
103.73,870.0440673828125,-25.167491912841797,0
103.74,869.6984252929688,-25.264785766601562,0
103.75,869.3551025390625,-25.35865020751953,0
103.76,869.0178833007812,-25.445213317871094,0
103.77,868.6867065429688,-25.52460479736328,0
103.78,868.35595703125,-25.602783203125,0
103.79,868.0255737304688,-25.679758071899414,0
103.8,867.6918334960938,-25.75940704345703,0
103.81,867.3304443359375,-25.86687469482422,0
103.82,866.9754028320312,-25.96665382385254,0
103.83,866.6173095703125,-26.06857681274414,0
103.84,866.2655029296875,-26.162883758544922,0
103.85,865.9180908203125,-26.251670837402344,0
103.86,865.5769653320312,-26.333070755004883,0
103.87,865.2363891601562,-26.41304588317871,0
103.88,864.8982543945312,-26.48964500427246,0
103.89,864.5662841796875,-26.559057235717773,0
103.9,864.2385864257812,-26.623376846313477,0
103.91,863.9169311523438,-26.68073081970215,0
103.92,863.5919799804688,-26.740947723388672,0
103.93,863.265625,-26.801992416381836,0
103.94,862.9434814453125,-26.858062744140625,0
103.95,862.6273803710938,-26.907289505004883,0
103.96,862.3154296875,-26.951705932617188,0
103.97,862.005615234375,-26.993417739868164,0
103.98,861.7017211914062,-27.02855110168457,0
103.99,861.3944091796875,-27.066930770874023,0
104,861.0929565429688,-27.098783493041992,0
104.01,860.79736328125,-27.124235153198242,0
104.02,860.5057373046875,-27.145315170288086,0
104.03,860.2311401367188,-27.148605346679688,0
104.04,859.9620971679688,-27.146068572998047,0
104.05,859.6985473632812,-27.137826919555664,0
104.06,859.4405517578125,-27.12399673461914,0
104.07,859.1879272460938,-27.104698181152344,0
104.08,858.9556884765625,-27.064523696899414,0
104.09,858.7286376953125,-27.019432067871094,0
104.1,858.51416015625,-26.96174430847168,0
104.11,858.3178100585938,-26.885957717895508,0
104.12,858.14306640625,-26.788536071777344,0
104.13,857.9747314453125,-26.685523986816406,0
104.14,857.846435546875,-26.54208755493164,0
104.15,857.7484130859375,-26.3687801361084,0
104.16,857.6597900390625,-26.187602996826172,0
104.17,857.5859375,-25.9929256439209,0
104.18,857.5474243164062,-25.763713836669922,0
104.19,857.5607299804688,-25.483240127563477,0
104.2,857.5765380859375,-25.203109741210938,0
104.21,857.5947875976562,-24.92337417602539,0
104.22,857.6154174804688,-24.644084930419922,0
104.23,857.6383056640625,-24.365291595458984,0
104.24,857.6278686523438,-24.123918533325195,0
104.25,857.6199951171875,-23.882375717163086,0
104.26,857.5958251953125,-23.66016387939453,0
104.27,857.5331420898438,-23.48019027709961,0
104.28,857.4697265625,-23.302793502807617,0
104.29,857.3793334960938,-23.15513801574707,0
104.3,857.2884521484375,-23.009517669677734,0
104.31,857.1633911132812,-22.90078353881836,0
104.32,856.9482421875,-22.886428833007812,0
104.33,856.6963500976562,-22.91021728515625,0
104.34,856.436279296875,-22.942222595214844,0
104.35,856.1756591796875,-22.974533081054688,0
104.36,855.9107055664062,-23.011001586914062,0
104.37,855.6489868164062,-23.04374885559082,0
104.38,855.3735961914062,-23.090330123901367,0
104.39,855.0714721679688,-23.1640682220459,0
104.4,854.7710571289062,-23.235248565673828,0
104.41,854.47607421875,-23.30004119873047,0
104.42,854.1790771484375,-23.366300582885742,0
104.43,853.8631591796875,-23.45146369934082,0
104.44,853.5135498046875,-23.570594787597656,0
104.45,853.1343383789062,-23.719106674194336,0
104.46,852.7184448242188,-23.904096603393555,0
104.47,852.2662353515625,-24.12478256225586,0
104.48,851.8173217773438,-24.33969497680664,0
104.49,851.35498046875,-24.56633758544922,0
104.5,850.89990234375,-24.783126831054688,0
104.51,850.4314575195312,-25.011512756347656,0
104.52,849.9628295898438,-25.23770523071289,0
104.53,849.5015869140625,-25.45391082763672,0
104.54,849.0421142578125,-25.666057586669922,0
104.55,848.5787353515625,-25.880016326904297,0
104.56,848.122802734375,-26.0841007232666,0
104.57,847.6741333007812,-26.278472900390625,0
104.58,847.2290649414062,-26.46721076965332,0
104.59,846.791259765625,-26.646469116210938,0
104.6,846.3587646484375,-26.818307876586914,0
104.61,845.9334716796875,-26.980937957763672,0
104.62,845.5152587890625,-27.134511947631836,0
104.63,845.068603515625,-27.315948486328125,0
104.64,844.62939453125,-27.487873077392578,0
104.65,844.1880493164062,-27.660140991210938,0
104.66,843.7466430664062,-27.830745697021484,0
104.67,843.3125610351562,-27.991952896118164,0
104.68,842.8652954101562,-28.16521453857422,0
104.69,842.4197998046875,-28.334779739379883,0
104.7,841.9818115234375,-28.494861602783203,0
104.71,841.5512084960938,-28.645618438720703,0
104.72,841.124267578125,-28.791080474853516,0
104.73,840.7083740234375,-28.923587799072266,0
104.74,840.2958984375,-29.05111312866211,0
104.75,839.890625,-29.169862747192383,0
104.76,839.4925537109375,-29.279993057250977,0
104.77,839.1015625,-29.381656646728516,0
104.78,838.7194213867188,-29.47304344177246,0
104.79,838.34423828125,-29.556306838989258,0
104.8,837.9852294921875,-29.621957778930664,0
104.81,837.6442260742188,-29.668323516845703,0
104.82,837.3471069335938,-29.668777465820312,0
104.83,837.0728759765625,-29.64550018310547,0
104.84,836.8082885742188,-29.612546920776367,0
104.85,836.5886840820312,-29.533302307128906,0
104.86,836.3968505859375,-29.426158905029297,0
104.87,836.2586669921875,-29.264644622802734,0
104.88,836.1248168945312,-29.100234985351562,0
104.89,836.0197143554688,-28.907800674438477,0
104.9,835.918701171875,-28.713178634643555,0
104.91,835.8216552734375,-28.516456604003906,0
104.92,835.728515625,-28.317716598510742,0
104.93,835.63916015625,-28.11704444885254,0
104.94,835.557373046875,-27.910654067993164,0
104.95,835.4755249023438,-27.706438064575195,0
104.96,835.3973999023438,-27.500530242919922,0
104.97,835.307861328125,-27.30853271484375,0
104.98,835.2108764648438,-27.126277923583984,0
104.99,835.09521484375,-26.965261459350586,0
105,834.9834594726562,-26.80182647705078,0
105.01,834.8662109375,-26.645751953125,0
105.02,834.7285766601562,-26.512386322021484,0
105.03,834.553955078125,-26.418720245361328,0
105.04,834.3763427734375,-26.329158782958984,0
105.05,834.19384765625,-26.24549102783203,0
105.06,833.972900390625,-26.20252227783203,0
105.07,833.7026977539062,-26.21097183227539,0
105.08,833.4248657226562,-26.227252960205078,0
105.09,833.1488037109375,-26.24150276184082,0
105.1,832.85400390625,-26.275060653686523,0
105.11,832.4920043945312,-26.37778663635254,0
105.12,832.1158447265625,-26.494108200073242,0
105.13,831.6342163085938,-26.71837615966797,0
105.14,831.0949096679688,-27.00002098083496,0
105.15,830.5582885742188,-27.275997161865234,0
105.16,830.0281372070312,-27.542438507080078,0
105.17,829.3978881835938,-27.90966033935547,0
105.18,828.7714233398438,-28.269208908081055,0
105.19,828.128173828125,-28.642404556274414,0
105.2,827.4309692382812,-29.06755828857422,0
105.21,826.725341796875,-29.497116088867188,0
105.22,825.9982299804688,-29.944400787353516,0
105.23,825.2779541015625,-30.380035400390625,0
105.24,824.5420532226562,-30.827314376831055,0
105.25,823.8074340820312,-31.268583297729492,0
105.26,823.0426025390625,-31.736602783203125,0
105.27,822.2869873046875,-32.19020462036133,0
105.28,821.5349731445312,-32.63542175292969,0
105.29,820.7474365234375,-33.112789154052734,0
105.3,819.9601440429688,-33.58495330810547,0
105.31,819.1284790039062,-34.098148345947266,0
105.32,818.3070068359375,-34.59550476074219,0
105.33,817.4900512695312,-35.083065032958984,0
105.34,816.6812744140625,-35.557064056396484,0
105.35,815.8657836914062,-36.033084869384766,0
105.36,815.0567626953125,-36.49748229980469,0
105.37,814.265380859375,-36.93885040283203,0
105.38,813.4803466796875,-37.369110107421875,0
105.39,812.694091796875,-37.79613494873047,0
105.4,811.9197387695312,-38.20639419555664,0
105.41,811.1553955078125,-38.60205078125,0
105.42,810.4046630859375,-38.97950744628906,0
105.43,809.6731567382812,-39.333229064941406,0
105.44,808.9531860351562,-39.67136001586914,0
105.45,808.2464599609375,-39.992244720458984,0
105.46,807.5510864257812,-40.298072814941406,0
105.47,806.87255859375,-40.58331298828125,0
105.48,806.2144165039062,-40.84446334838867,0
105.49,805.598876953125,-41.058815002441406,0
105.5,805.0068969726562,-41.24656295776367,0
105.51,804.479248046875,-41.365787506103516,0
105.52,803.97802734375,-41.456424713134766,0
105.53,803.570068359375,-41.449607849121094,0
105.54,803.2245483398438,-41.378211975097656,0
105.55,802.9017944335938,-41.28403854370117,0
105.56,802.6070556640625,-41.16179656982422,0
105.57,802.3511962890625,-41.000545501708984,0
105.58,802.1077270507812,-40.828128814697266,0
105.59,801.8728637695312,-40.64862823486328,0
105.6,801.6427001953125,-40.46614456176758,0
105.61,801.4190063476562,-40.27881622314453,0
105.62,801.2017822265625,-40.08678436279297,0
105.63,800.989013671875,-39.892093658447266,0
105.64,800.7787475585938,-39.69679641723633,0
105.65,800.5504760742188,-39.52219009399414,0
105.66,800.32861328125,-39.34278106689453,0
105.67,800.1112060546875,-39.160606384277344,0
105.68,799.8944702148438,-38.97963333129883,0
105.69,799.6839599609375,-38.79410171508789,0
105.7,799.4608764648438,-38.623477935791016,0
105.71,799.2421875,-38.45006561279297,0
105.72,798.9793090820312,-38.32416915893555,0
105.73,798.7100219726562,-38.20622634887695,0
105.74,798.4473876953125,-38.08259963989258,0
105.75,798.1820678710938,-37.96306610107422,0
105.76,797.92333984375,-37.83793258666992,0
105.77,797.671142578125,-37.70733642578125,0
105.78,797.4253540039062,-37.57141876220703,0
105.79,797.1859130859375,-37.43031692504883,0
105.8,796.9490356445312,-37.28803634643555,0
105.81,796.716552734375,-37.142723083496094,0
105.82,796.4902954101562,-36.99251174926758,0
105.83,796.25146484375,-36.8568115234375,0
105.84,796.0170288085938,-36.71797561645508,0
105.85,795.7887573242188,-36.57419967651367,0
105.86,795.5665893554688,-36.42561340332031,0
105.87,795.3504028320312,-36.27234649658203,0
105.88,795.134521484375,-36.12035369873047,0
105.89,794.924560546875,-35.96381378173828,0
105.9,794.7335205078125,-35.78935241699219,0
105.91,794.5592651367188,-35.599273681640625,0
105.92,794.41650390625,-35.3785285949707,0
105.93,794.316162109375,-35.11619567871094,0
105.94,794.22607421875,-34.84601593017578,0
105.95,794.1460571289062,-34.568153381347656,0
105.96,794.1170043945312,-34.24040603637695,0
105.97,794.1085205078125,-33.89479446411133,0
105.98,794.1035766601562,-33.549076080322266,0
105.99,794.1002807617188,-33.20523452758789,0
106,794.1004638671875,-32.86139678955078,0
106.01,794.1039428710938,-32.517635345458984,0
106.02,794.0958251953125,-32.189430236816406,0
106.03,794.0911254882812,-31.861122131347656,0
106.04,794.0542602539062,-31.569488525390625,0
106.05,794.0135498046875,-31.284868240356445,0
106.06,793.9708862304688,-31.005218505859375,0
106.07,793.9224853515625,-30.73436164855957,0
106.08,793.8702392578125,-30.47026824951172,0
106.09,793.8217163085938,-30.205123901367188,0
106.1,793.7767333984375,-29.939006805419922,0
106.11,793.7222900390625,-29.68549919128418,0
106.12,793.6639404296875,-29.438621520996094,0
106.13,793.6092529296875,-29.190561294555664,0
106.14,793.5580444335938,-28.94139289855957,0
106.15,793.5047607421875,-28.696964263916016,0
106.16,793.4605102539062,-28.4456844329834,0
106.17,793.4234008789062,-28.189651489257812,0
106.18,793.3858032226562,-27.93675422668457,0
106.19,793.3458862304688,-27.688886642456055,0
106.2,793.2905883789062,-27.459501266479492,0
106.21,793.2387084960938,-27.228992462158203,0
106.22,793.1901245117188,-26.997432708740234,0
106.23,793.1448364257812,-26.764890670776367,0
106.24,793.1027221679688,-26.53143882751465,0
106.25,793.0562744140625,-26.30487632751465,0
106.26,793.0111083984375,-26.079336166381836,0
106.27,792.9690551757812,-25.852886199951172,0
106.28,792.8853759765625,-25.6718807220459,0
106.29,792.7996215820312,-25.49491310119629,0
106.3,792.7080688476562,-25.3257999420166,0
106.31,792.6200561523438,-25.154781341552734,0
106.32,792.5112915039062,-25.006982803344727,0
106.33,792.3912963867188,-24.872377395629883,0
106.34,792.2620239257812,-24.74875831604004,0
106.35,792.134765625,-24.62432861328125,0
106.36,791.97412109375,-24.535783767700195,0
106.37,791.8119506835938,-24.449678421020508,0
106.38,791.6465454101562,-24.367826461791992,0
106.39,791.47412109375,-24.294086456298828,0
106.4,791.3023071289062,-24.220516204833984,0
106.41,791.1085815429688,-24.170326232910156,0
106.42,790.91748046875,-24.117944717407227,0
106.43,790.732666015625,-24.059616088867188,0
106.44,790.5521850585938,-23.997379302978516,0
106.45,790.3760375976562,-23.93132781982422,0
106.46,790.2041015625,-23.861555099487305,0
106.47,790.038330078125,-23.786191940307617,0
106.48,789.8878173828125,-23.695781707763672,0
106.49,789.7412719726562,-23.60219955444336,0
106.5,789.5986328125,-23.505529403686523,0
106.51,789.4598999023438,-23.405855178833008,0
106.52,789.3361206054688,-23.291715621948242,0
106.53,789.2160034179688,-23.17497444152832,0
106.54,789.1106567382812,-23.044113159179688,0
106.55,789.0161743164062,-22.903366088867188,0
106.56,788.925048828125,-22.76064682006836,0
106.57,788.837158203125,-22.616024017333984,0
106.58,788.7581176757812,-22.46379852294922,0
106.59,788.6878051757812,-22.304101943969727,0
106.6,788.6278686523438,-22.135269165039062,0
106.61,788.5633544921875,-21.972877502441406,0
106.62,788.4961547851562,-21.81498146057129,0
106.63,788.4263305664062,-21.66146469116211,0
106.64,788.3576049804688,-21.508403778076172,0
106.65,788.2805786132812,-21.36551856994629,0
106.66,788.1897583007812,-21.238344192504883,0
106.67,788.1001586914062,-21.11123275756836,0
106.68,788.00439453125,-20.991832733154297,0
106.69,787.8596801757812,-20.924392700195312,0
106.7,787.6943359375,-20.878944396972656,0
106.71,787.5291137695312,-20.833864212036133,0
106.72,787.364013671875,-20.78915786743164,0
106.73,787.1766357421875,-20.767913818359375,0
106.74,786.9932861328125,-20.742700576782227,0
106.75,786.8084106445312,-20.719377517700195,0
106.76,786.6014404296875,-20.719146728515625,0
106.77,786.3856811523438,-20.727975845336914,0
106.78,786.17431640625,-20.732227325439453,0
106.79,785.9672241210938,-20.731996536254883,0
106.8,785.7308349609375,-20.762060165405273,0
106.81,785.4971313476562,-20.78900718688965,0
106.82,785.2698364257812,-20.80908966064453,0
106.83,785.0469970703125,-20.82434844970703,0
106.84,784.862060546875,-20.800189971923828,0
106.85,784.6663208007812,-20.78752326965332,0
106.86,784.4746704101562,-20.770708084106445,0
106.87,784.287109375,-20.749832153320312,0
106.88,784.0961303710938,-20.732717514038086,0
106.89,783.9092407226562,-20.71155548095703,0
106.9,783.73388671875,-20.678701400756836,0
106.91,783.5624389648438,-20.642133712768555,0
106.92,783.3948364257812,-20.601938247680664,0
106.93,783.2291870117188,-20.56015968322754,0
106.94,783.0673217773438,-20.514875411987305,0
106.95,782.9148559570312,-20.460342407226562,0
106.96,782.7660522460938,-20.402587890625,0
106.97,782.620849609375,-20.34168815612793,0
106.98,782.479248046875,-20.277721405029297,0
106.99,782.3411865234375,-20.210765838623047,0
107,782.2084350585938,-20.138992309570312,0
107.01,782.0790405273438,-20.064416885375977,0
107.02,781.9661254882812,-19.973665237426758,0
107.03,781.8563842773438,-19.880538940429688,0
107.04,781.7330932617188,-19.80242156982422,0
107.05,781.6130981445312,-19.72170639038086,0
107.06,781.496337890625,-19.638463973999023,0
107.07,781.3827514648438,-19.55276107788086,0
107.08,781.2574462890625,-19.48007583618164,0
107.09,781.0963745117188,-19.44515037536621,0
107.1,780.93896484375,-19.406816482543945,0
107.11,780.78515625,-19.36515235900879,0
107.12,780.6348876953125,-19.320234298706055,0
107.13,780.4881591796875,-19.272140502929688,0
107.14,780.3448486328125,-19.220943450927734,0
107.15,780.2236328125,-19.14750099182129,0
107.16,780.1260375976562,-19.050321578979492,0
107.17,780.0314331054688,-18.951091766357422,0
107.18,779.9434204101562,-18.846012115478516,0
107.19,779.869384765625,-18.7275447845459,0
107.2,779.798095703125,-18.607532501220703,0
107.21,779.7368774414062,-18.47829818725586,0
107.22,779.67822265625,-18.347793579101562,0
107.23,779.6220092773438,-18.21607208251953,0
107.24,779.5681762695312,-18.083187103271484,0
107.25,779.5167846679688,-17.949188232421875,0
107.26,779.4696044921875,-17.812223434448242,0
107.27,779.4247436523438,-17.674287796020508,0
107.28,779.3803100585938,-17.537334442138672,0
107.29,779.3455810546875,-17.39179229736328,0
107.3,779.31298828125,-17.24554443359375,0
107.31,779.2824096679688,-17.098634719848633,0
107.32,779.2539672851562,-16.951108932495117,0
107.33,779.2275390625,-16.803010940551758,0
107.34,779.2105712890625,-16.646652221679688,0
107.35,779.19921875,-16.486156463623047,0
107.36,779.2026977539062,-16.311946868896484,0
107.37,779.2095947265625,-16.135942459106445,0
107.38,779.219970703125,-15.958162307739258,0
107.39,779.2337036132812,-15.778732299804688,0
107.4,779.2471313476562,-15.601540565490723,0
107.41,779.2638549804688,-15.422762870788574,0
107.42,779.296875,-15.228968620300293,0
107.43,779.3311157226562,-15.035916328430176,0
107.44,779.3665771484375,-14.843631744384766,0
107.45,779.4087524414062,-14.646366119384766,0
107.46,779.453857421875,-14.448077201843262,0
107.47,779.5,-14.250787734985352,0
107.48,779.556396484375,-14.044879913330078,0
107.49,779.6137084960938,-13.840211868286133,0
107.5,779.6624755859375,-13.646440505981445,0
107.51,779.7214965820312,-13.444107055664062,0
107.52,779.7886962890625,-13.235389709472656,0
107.53,779.8566284179688,-13.028142929077148,0
107.54,779.9251098632812,-12.822379112243652,0
107.55,779.9998168945312,-12.61234188079834,0
107.56,780.0750732421875,-12.40393352508545,0
107.57,780.145263671875,-12.202936172485352,0
107.58,780.2159423828125,-12.003469467163086,0
107.59,780.287109375,-11.805543899536133,0
107.6,780.34765625,-11.620716094970703,0
107.61,780.405029296875,-11.441076278686523,0
107.62,780.4517822265625,-11.2742338180542,0
107.63,780.488037109375,-11.120019912719727,0
107.64,780.5250244140625,-10.966607093811035,0
107.65,780.562744140625,-10.814010620117188,0
107.66,780.599365234375,-10.664149284362793,0
107.67,780.612548828125,-10.540148735046387,0
107.68,780.6173095703125,-10.4260892868042,0
107.69,780.6175537109375,-10.317928314208984,0
107.7,780.6077270507812,-10.221339225769043,0
107.71,780.582275390625,-10.141874313354492,0
107.72,780.5525512695312,-10.067659378051758,0
107.73,780.5186157226562,-9.998601913452148,0
107.74,780.4674072265625,-9.94811725616455,0
107.75,780.4102783203125,-9.904289245605469,0
107.76,780.3323974609375,-9.882345199584961,0
107.77,780.2266235351562,-9.889517784118652,0
107.78,780.1099243164062,-9.907951354980469,0
107.79,779.9656982421875,-9.954670906066895,0
107.8,779.8146362304688,-10.007959365844727,0
107.81,779.6605834960938,-10.063802719116211,0
107.82,779.4998168945312,-10.126008033752441,0
107.83,779.3399047851562,-10.18669319152832,0
107.84,779.1659545898438,-10.261290550231934,0
107.85,778.976318359375,-10.351402282714844,0
107.86,778.7728881835938,-10.454789161682129,0
107.87,778.5726318359375,-10.553839683532715,0
107.88,778.3736572265625,-10.650585174560547,0
107.89,778.1629638671875,-10.758443832397461,0
107.9,777.9517822265625,-10.865675926208496,0
107.91,777.743896484375,-10.96840763092041,0
107.92,777.5392456054688,-11.0667085647583,0
107.93,777.3378295898438,-11.160649299621582,0
107.94,777.1395874023438,-11.250297546386719,0
107.95,776.9352416992188,-11.34536361694336,0
107.96,776.734130859375,-11.436076164245605,0
107.97,776.52880859375,-11.530179977416992,0
107.98,776.3268432617188,-11.619909286499023,0
107.99,776.1243896484375,-11.70920181274414,0
108,775.928955078125,-11.79031753540039,0
108.01,775.7329711914062,-11.871135711669922,0
108.02,775.5327758789062,-11.955458641052246,0
108.03,775.3265380859375,-12.04515552520752,0
108.04,775.1218872070312,-12.132366180419922,0
108.05,774.9205322265625,-12.215217590332031,0
108.06,774.7169189453125,-12.299554824829102,0
108.07,774.4962158203125,-12.400679588317871,0
108.08,774.279052734375,-12.497101783752441,0
108.09,774.0634765625,-12.59085750579834,0
108.1,773.8514404296875,-12.680022239685059,0
108.11,773.6428833007812,-12.76467227935791,0
108.12,773.437744140625,-12.844881057739258,0
108.13,773.2379150390625,-12.91876220703125,0
108.14,773.0414428710938,-12.98838996887207,0
108.15,772.8501586914062,-13.051931381225586,0
108.16,772.6622314453125,-13.111403465270996,0
108.17,772.4812622070312,-13.163012504577637,0
108.18,772.303466796875,-13.210771560668945,0
108.19,772.1251831054688,-13.25861644744873,0
108.2,771.9500732421875,-13.3026704788208,0
108.21,771.7817993164062,-13.33913516998291,0
108.22,771.611083984375,-13.377795219421387,0
108.23,771.4378662109375,-13.418598175048828,0
108.24,771.2677612304688,-13.455718994140625,0
108.25,771.100830078125,-13.489224433898926,0
108.26,770.9332885742188,-13.523048400878906,0
108.27,770.7725219726562,-13.549447059631348,0
108.28,770.6166381835938,-13.570526123046875,0
108.29,770.4693603515625,-13.58252239227295,0
108.3,770.3250122070312,-13.591392517089844,0
108.31,770.1834716796875,-13.597199440002441,0
108.32,770.0447998046875,-13.600003242492676,0
108.33,769.9182739257812,-13.590228080749512,0
108.34,769.7943725585938,-13.577771186828613,0
108.35,769.6731567382812,-13.562689781188965,0
108.36,769.5322875976562,-13.568127632141113,0
108.37,769.3793334960938,-13.585987091064453,0
108.38,769.221923828125,-13.608274459838867,0
108.39,769.0675048828125,-13.627218246459961,0
108.4,768.9160766601562,-13.642884254455566,0
108.41,768.7676391601562,-13.655336380004883,0
108.42,768.6221313476562,-13.664637565612793,0
108.43,768.4868774414062,-13.663174629211426,0
108.44,768.3692626953125,-13.643433570861816,0
108.45,768.2636108398438,-13.61161994934082,0
108.46,768.1715698242188,-13.566031455993652,0
108.47,768.0836791992188,-13.5165376663208,0
108.48,768.0241088867188,-13.438294410705566,0
108.49,767.97021484375,-13.354939460754395,0
108.5,767.9182739257812,-13.27046012878418,0
108.51,767.864501953125,-13.188761711120605,0
108.52,767.8163452148438,-13.102075576782227,0
108.53,767.7755737304688,-13.008613586425781,0
108.54,767.75146484375,-12.898953437805176,0
108.55,767.7308349609375,-12.786843299865723,0
108.56,767.71533203125,-12.670511245727539,0
108.57,767.6976318359375,-12.557682991027832,0
108.58,767.6795654296875,-12.446466445922852,0
108.59,767.664794921875,-12.332927703857422,0
108.6,767.656982421875,-12.21332836151123,0
108.61,767.6505126953125,-12.093589782714844,0
108.62,767.6453857421875,-11.973739624023438,0
108.63,767.6470947265625,-11.84803295135498,0
108.64,767.6500244140625,-11.722389221191406,0
108.65,767.6484985351562,-11.602606773376465,0
108.66,767.648193359375,-11.482817649841309,0
108.67,767.6491088867188,-11.363048553466797,0
108.68,767.6455688476562,-11.249093055725098,0
108.69,767.641357421875,-11.137049674987793,0
108.7,767.6383056640625,-11.024940490722656,0
108.71,767.6364135742188,-10.91279125213623,0
108.72,767.6337890625,-10.802530288696289,0
108.73,767.6267700195312,-10.698006629943848,0
108.74,767.6134643554688,-10.601034164428711,0
108.75,767.5994873046875,-10.505760192871094,0
108.76,767.57568359375,-10.421699523925781,0
108.77,767.5642700195312,-10.325663566589355,0
108.78,767.501953125,-10.283254623413086,0
108.79,767.4395141601562,-10.241438865661621,0
108.8,767.371337890625,-10.205986022949219,0
108.81,767.304931640625,-10.169095039367676,0
108.82,767.2346801757812,-10.136573791503906,0
108.83,767.1661376953125,-10.102568626403809,0
108.84,767.0975341796875,-10.069023132324219,0
108.85,767.0269165039062,-10.037894248962402,0
108.86,766.9561767578125,-10.007182121276855,0
108.87,766.8853149414062,-9.976936340332031,0
108.88,766.8051147460938,-9.956682205200195,0
108.89,766.7156372070312,-9.946272850036621,0
108.9,766.6243286132812,-9.937834739685059,0
108.91,766.5349731445312,-9.92746353149414,0
108.92,766.4085693359375,-9.95554256439209,0
108.93,766.2825927734375,-9.982898712158203,0
108.94,766.1570434570312,-10.009481430053711,0
108.95,766.0338134765625,-10.03339672088623,0
108.96,765.8850708007812,-10.083495140075684,0
108.97,765.7369995117188,-10.132390975952148,0
108.98,765.5878295898438,-10.181944847106934,0
108.99,765.4226684570312,-10.24754524230957,0
109,765.245361328125,-10.324982643127441,0
109.01,765.0634765625,-10.40637493133545,0
109.02,764.8493041992188,-10.520370483398438,0
109.03,764.6383666992188,-10.629799842834473,0
109.04,764.4306640625,-10.734732627868652,0
109.05,764.2224731445312,-10.839105606079102,0
109.06,764.0082397460938,-10.948625564575195,0
109.07,763.79736328125,-11.05357837677002,0
109.08,763.5879516601562,-11.155942916870117,0
109.09,763.385498046875,-11.250031471252441,0
109.1,763.1826171875,-11.343620300292969,0
109.11,762.98291015625,-11.432886123657227,0
109.12,762.779052734375,-11.52557373046875,0
109.13,762.5784912109375,-11.613919258117676,0
109.14,762.381103515625,-11.697992324829102,0
109.15,762.1720581054688,-11.793269157409668,0
109.16,761.9645385742188,-11.886000633239746,0
109.17,761.7567138671875,-11.978119850158691,0
109.18,761.55224609375,-12.065813064575195,0
109.19,761.35107421875,-12.149150848388672,0
109.2,761.1438598632812,-12.237841606140137,0
109.21,760.9400634765625,-12.32211971282959,0
109.22,760.7396240234375,-12.402058601379395,0
109.23,760.5554809570312,-12.464284896850586,0
109.24,760.3819580078125,-12.514914512634277,0
109.25,760.2114868164062,-12.561854362487793,0
109.26,760.0440063476562,-12.605168342590332,0
109.27,759.8721313476562,-12.652600288391113,0
109.28,759.6940307617188,-12.705957412719727,0
109.29,759.51904296875,-12.755525588989258,0
109.3,759.3416137695312,-12.807143211364746,0
109.31,759.1431884765625,-12.87997817993164,0
109.32,758.9425659179688,-12.954305648803711,0
109.33,758.745361328125,-13.02436351776123,0
109.34,758.5570068359375,-13.084507942199707,0
109.35,758.3960571289062,-13.115653991699219,0
109.36,758.230712890625,-13.1510591506958,0
109.37,758.068359375,-13.182950019836426,0
109.38,757.9090576171875,-13.21139144897461,0
109.39,757.752685546875,-13.236448287963867,0
109.4,757.5993041992188,-13.258183479309082,0
109.41,757.4488525390625,-13.276662826538086,0
109.42,757.3013305664062,-13.291947364807129,0
109.43,757.1436767578125,-13.317547798156738,0
109.44,756.9871826171875,-13.341705322265625,0
109.45,756.8336181640625,-13.36253833770752,0
109.46,756.6793212890625,-13.383975982666016,0
109.47,756.5223388671875,-13.407909393310547,0
109.48,756.3739013671875,-13.422736167907715,0
109.49,756.2228393554688,-13.440184593200684,0
109.5,756.07470703125,-13.454425811767578,0
109.51,755.9127807617188,-13.482781410217285,0
109.52,755.766845703125,-13.49424934387207,0
109.53,755.6238403320312,-13.502619743347168,0
109.54,755.470703125,-13.521404266357422,0
109.55,755.3204956054688,-13.536937713623047,0
109.56,755.1639404296875,-13.55886173248291,0
109.57,755.0104370117188,-13.577462196350098,0
109.58,754.8690795898438,-13.583221435546875,0
109.59,754.7213745117188,-13.595563888549805,0
109.6,754.5988159179688,-13.581743240356445,0
109.61,754.4733276367188,-13.571096420288086,0
109.62,754.3505249023438,-13.557790756225586,0
109.63,754.2303466796875,-13.54188346862793,0
109.64,754.1127319335938,-13.523430824279785,0
109.65,753.9977416992188,-13.502487182617188,0
109.66,753.86865234375,-13.496369361877441,0
109.67,753.7422485351562,-13.487515449523926,0
109.68,753.61474609375,-13.479848861694336,0
109.69,753.4769287109375,-13.482928276062012,0
109.7,753.3419799804688,-13.483084678649902,0
109.71,753.2097778320312,-13.480380058288574,0
109.72,753.0802612304688,-13.474871635437012,0
109.73,752.9534912109375,-13.466617584228516,0
109.74,752.8275756835938,-13.4575834274292,0
109.75,752.7042846679688,-13.445879936218262,0
109.76,752.563232421875,-13.452690124511719,0
109.77,752.4176025390625,-13.464183807373047,0
109.78,752.2822265625,-13.464911460876465,0
109.79,752.1478271484375,-13.46467113494873,0
109.8,752.0180053710938,-13.459677696228027,0
109.81,751.8983154296875,-13.444254875183105,0
109.82,751.7811889648438,-13.42629623413086,0
109.83,751.6592407226562,-13.413536071777344,0
109.84,751.5380859375,-13.400094985961914,0
109.85,751.4251708984375,-13.378318786621094,0
109.86,751.3147583007812,-13.354151725769043,0
109.87,751.2012329101562,-13.333417892456055,0
109.88,751.0846557617188,-13.31605339050293,0
109.89,750.9613647460938,-13.305801391601562,0
109.9,750.8277587890625,-13.306387901306152,0
109.91,750.6968994140625,-13.3041410446167,0
109.92,750.5686645507812,-13.299118995666504,0
109.93,750.4375610351562,-13.297148704528809,0
109.94,750.3017578125,-13.300073623657227,0
109.95,750.1761474609375,-13.292444229125977,0
109.96,750.0531616210938,-13.28215217590332,0
109.97,749.9328002929688,-13.269254684448242,0
109.98,749.8150634765625,-13.253807067871094,0
109.99,749.6998291015625,-13.235865592956543,0
110,749.57421875,-13.228875160217285,0
110.01,749.4642333984375,-13.205832481384277,0
110.02,749.3344116210938,-13.203490257263184,0
110.03,749.212890625,-13.192625999450684,0
110.04,749.093994140625,-13.179187774658203,0
110.05,748.9720458984375,-13.169000625610352,0
110.06,748.8526611328125,-13.156229019165039,0
110.07,748.73583984375,-13.140928268432617,0
110.08,748.627197265625,-13.11738395690918,0
110.09,748.52099609375,-13.091541290283203,0
110.1,748.417236328125,-13.063451766967773,0
110.11,748.3158569335938,-13.033167839050293,0
110.12,748.2001953125,-13.017998695373535,0
110.13,748.0870361328125,-13.00037956237793,0
110.14,747.9745483398438,-12.982270240783691,0
110.15,747.864501953125,-12.96177864074707,0
110.16,747.7587280273438,-12.937052726745605,0
110.17,747.653564453125,-12.911993980407715,0
110.18,747.55078125,-12.884710311889648,0
110.19,747.4503784179688,-12.855253219604492,0
110.2,747.3523559570312,-12.823674201965332,0
110.21,747.234375,-12.813050270080566,0
110.22,747.1189575195312,-12.799927711486816,0
110.23,747.0263671875,-12.763294219970703,0
110.24,746.93603515625,-12.72470474243164,0
110.25,746.847900390625,-12.684207916259766,0
110.26,746.7620239257812,-12.641851425170898,0
110.27,746.6782836914062,-12.59768295288086,0
110.28,746.5966796875,-12.55174732208252,0
110.29,746.5172119140625,-12.5040922164917,0
110.3,746.4398193359375,-12.454760551452637,0
110.31,746.3886108398438,-12.378805160522461,0
110.32,746.3206787109375,-12.321001052856445,0
110.33,746.2490844726562,-12.26754093170166,0
110.34,746.1795043945312,-12.212574005126953,0
110.35,746.1118774414062,-12.156143188476562,0
110.36,746.0499267578125,-12.094423294067383,0
110.37,745.99169921875,-12.029497146606445,0
110.38,745.9390258789062,-11.95948314666748,0
110.39,745.88818359375,-11.888367652893066,0
110.4,745.8352661132812,-11.820055961608887,0
110.41,745.787841796875,-11.746768951416016,0
110.42,745.7569580078125,-11.65713882446289,0
110.43,745.7276000976562,-11.566873550415039,0
110.44,745.69970703125,-11.476004600524902,0
110.45,745.6732788085938,-11.384564399719238,0
110.46,745.6334838867188,-11.30793571472168,0
110.47,745.59521484375,-11.230478286743164,0
110.48,745.5585327148438,-11.152226448059082,0
110.49,745.5233764648438,-11.073213577270508,0
110.5,745.4822998046875,-11.00114917755127,0
110.51,745.4371948242188,-10.934000015258789,0
110.52,745.38623046875,-10.87358570098877,0
110.53,745.349853515625,-10.798654556274414,0
110.54,745.3150024414062,-10.722969055175781,0
110.55,745.2816162109375,-10.646560668945312,0
110.56,745.238525390625,-10.581003189086914,0
110.57,745.195068359375,-10.516449928283691,0
110.58,745.1531372070312,-10.450989723205566,0
110.59,745.1034545898438,-10.394234657287598,0
110.6,745.0516357421875,-10.34030532836914,0
110.61,744.9939575195312,-10.292963027954102,0
110.62,744.9102172851562,-10.273154258728027,0
110.63,744.82275390625,-10.257343292236328,0
110.64,744.7372436523438,-10.239680290222168,0
110.65,744.6480712890625,-10.225980758666992,0
110.66,744.5571899414062,-10.214201927185059,0
110.67,744.4719848632812,-10.196690559387207,0
110.68,744.3849487304688,-10.181182861328125,0
110.69,744.2999267578125,-10.163833618164062,0
110.7,744.216796875,-10.144684791564941,0
110.71,744.1318359375,-10.127644538879395,0
110.72,744.0154418945312,-10.143321990966797,0
110.73,743.8883056640625,-10.169920921325684,0
110.74,743.756103515625,-10.201493263244629,0
110.75,743.6263427734375,-10.230256080627441,0
110.76,743.4970703125,-10.25816535949707,0
110.77,743.3609008789062,-10.29290771484375,0
110.78,743.2272338867188,-10.324755668640137,0
110.79,743.095947265625,-10.353761672973633,0
110.8,742.9671020507812,-10.37997817993164,0
110.81,742.8479614257812,-10.395835876464844,0
110.82,742.7311401367188,-10.409164428710938,0
110.83,742.6165771484375,-10.420012474060059,0
110.84,742.4968872070312,-10.436049461364746,0
110.85,742.3609008789062,-10.468764305114746,0
110.86,742.2274169921875,-10.498589515686035,0
110.87,742.122314453125,-10.498737335205078,0
110.88,742.011962890625,-10.504277229309082,0
110.89,741.8964233398438,-10.515152931213379,0
110.9,741.7831420898438,-10.523575782775879,0
110.91,741.672119140625,-10.529595375061035,0
110.92,741.5707397460938,-10.525582313537598,0
110.93,741.4732666015625,-10.5175142288208,0
110.94,741.3797607421875,-10.505478858947754,0
110.95,741.2882690429688,-10.491463661193848,0
110.96,741.1987915039062,-10.475510597229004,0
110.97,741.111328125,-10.457664489746094,0
110.98,741.0369262695312,-10.42647933959961,0
110.99,740.9661865234375,-10.391818046569824,0
111,740.8990478515625,-10.353703498840332,0
111.01,740.8318481445312,-10.316133499145508,0
111.02,740.7626953125,-10.280957221984863,0
111.03,740.6953125,-10.244321823120117,0
111.04,740.6333618164062,-10.202455520629883,0
111.05,740.5693359375,-10.163093566894531,0
111.06,740.5070190429688,-10.122383117675781,0
111.07,740.4390258789062,-10.088034629821777,0
111.08,740.3726806640625,-10.052250862121582,0
111.09,740.3062133789062,-10.016976356506348,0
111.1,740.2359008789062,-9.986069679260254,0
111.11,740.1673583984375,-9.953678131103516,0
111.12,740.0894165039062,-9.93132495880127,0
111.13,740.002197265625,-9.91880989074707,0
111.14,739.9168701171875,-9.904447555541992,0
111.15,739.8334350585938,-9.888278007507324,0
111.16,739.7518920898438,-9.870343208312988,0
111.17,739.6721801757812,-9.850683212280273,0
111.18,739.6054077148438,-9.817852020263672,0
111.19,739.5421142578125,-9.781705856323242,0
111.2,739.48046875,-9.74422550201416,0
111.21,739.4205322265625,-9.70544719696045,0
111.22,739.3621826171875,-9.6654052734375,0
111.23,739.286865234375,-9.64329719543457,0
111.24,739.2059326171875,-9.627274513244629,0
111.25,739.125,-9.611441612243652,0
111.26,739.0458374023438,-9.59389591217041,0
111.27,738.9684448242188,-9.574674606323242,0
111.28,738.8854370117188,-9.561493873596191,0
111.29,738.80419921875,-9.546555519104004,0
111.3,738.724853515625,-9.529898643493652,0
111.31,738.6454467773438,-9.513467788696289,0
111.32,738.5585327148438,-9.504939079284668,0
111.33,738.4697875976562,-9.498434066772461,0
111.34,738.3792114257812,-9.49385929107666,0
111.35,738.2942504882812,-9.48355484008789,0
111.36,738.2111206054688,-9.471449851989746,0
111.37,738.1297607421875,-9.457584381103516,0
111.38,738.0150146484375,-9.478416442871094,0
111.39,737.9024658203125,-9.496811866760254,0
111.4,737.806884765625,-9.497464179992676,0
111.41,737.7132568359375,-9.496089935302734,0
111.42,737.6215209960938,-9.492730140686035,0
111.43,737.5335693359375,-9.48552131652832,0
111.44,737.4456176757812,-9.478353500366211,0
111.45,737.3577270507812,-9.471227645874023,0
111.46,737.2716674804688,-9.462239265441895,0
111.47,737.1875,-9.451428413391113,0
111.48,737.1051025390625,-9.438834190368652,0
111.49,737.0208740234375,-9.428360939025879,0
111.5,736.9254760742188,-9.429495811462402,0
111.51,736.800537109375,-9.461217880249023,0
111.52,736.6741943359375,-9.494093894958496,0
111.53,736.540771484375,-9.533863067626953,0
111.54,736.4190063476562,-9.5612154006958,0
111.55,736.2901611328125,-9.595559120178223,0
111.56,736.1636962890625,-9.627164840698242,0
111.57,736.0358276367188,-9.659892082214355,0
111.58,735.9102172851562,-9.689900398254395,0
111.59,735.7813110351562,-9.723008155822754,0
111.6,735.6510620117188,-9.75718879699707,0
111.61,735.50830078125,-9.80395221710205,0
111.62,735.3680419921875,-9.847679138183594,0
111.63,735.220947265625,-9.898002624511719,0
111.64,735.0615844726562,-9.960491180419922,0
111.65,734.919677734375,-10.004291534423828,0
111.66,734.7747192382812,-10.050789833068848,0
111.67,734.6229858398438,-10.10378360748291,0
111.68,734.4590454101562,-10.168901443481445,0
111.69,734.279296875,-10.249691009521484,0
111.7,734.0932006835938,-10.336235046386719,0
111.71,733.9082641601562,-10.420717239379883,0
111.72,733.7188720703125,-10.508880615234375,0
111.73,733.532470703125,-10.593008041381836,0
111.74,733.343505859375,-10.678936958312988,0
111.75,733.1575317382812,-10.760841369628906,0
111.76,732.9542846679688,-10.85985279083252,0
111.77,732.7449951171875,-10.964113235473633,0
111.78,732.5389404296875,-11.06391429901123,0
111.79,732.3361206054688,-11.159323692321777,0
111.8,732.1365356445312,-11.250412940979004,0
111.81,731.9382934570312,-11.339155197143555,0
111.82,731.7432250976562,-11.423674583435059,0
111.83,731.5457153320312,-11.509812355041504,0
111.84,731.3514404296875,-11.591743469238281,0
111.85,731.1603393554688,-11.669538497924805,0
111.86,730.9631958007812,-11.752789497375488,0
111.87,730.7562866210938,-11.84528636932373,0
111.88,730.552734375,-11.93337631225586,0
111.89,730.34326171875,-12.026659965515137,0
111.9,730.1334838867188,-12.11934757232666,0
111.91,729.9326171875,-12.201793670654297,0
111.92,729.735107421875,-12.279963493347168,0
111.93,729.5408325195312,-12.353928565979004,0
111.94,729.3479614257812,-12.425665855407715,0
111.95,729.1509399414062,-12.500972747802734,0
111.96,728.9572143554688,-12.572086334228516,0
111.97,728.7482299804688,-12.658238410949707,0
111.98,728.5371704101562,-12.745654106140137,0
111.99,728.2981567382812,-12.861130714416504,0
112,728.0592041015625,-12.975324630737305,0
112.01,727.8240356445312,-13.084427833557129,0
112.02,727.5925903320312,-13.188520431518555,0
112.03,727.3648681640625,-13.287683486938477,0
112.04,727.1334228515625,-13.38967227935791,0
112.05,726.9075927734375,-13.48482894897461,0
112.06,726.6854858398438,-13.575177192687988,0
112.07,726.467041015625,-13.660796165466309,0
112.08,726.2578125,-13.735992431640625,0
112.09,726.0538940429688,-13.804830551147461,0
112.1,725.853515625,-13.869330406188965,0
112.11,725.6492309570312,-13.93724536895752,0
112.12,725.4466552734375,-14.002717018127441,0
112.13,725.2438354492188,-14.067688941955566,0
112.14,725.033447265625,-14.13983154296875,0
112.15,724.8377685546875,-14.196012496948242,0
112.16,724.6492309570312,-14.244221687316895,0
112.17,724.4603881835938,-14.29223346710205,0
112.18,724.2749633789062,-14.336230278015137,0
112.19,724.081787109375,-14.387770652770996,0
112.2,723.89208984375,-14.43520450592041,0
112.21,723.6873168945312,-14.497770309448242,0
112.22,723.469482421875,-14.573179244995117,0
112.23,723.2442626953125,-14.655439376831055,0
112.24,723.0228881835938,-14.73290729522705,0
112.25,722.8034057617188,-14.80756950378418,0
112.26,722.5877075195312,-14.877561569213867,0
112.27,722.3719482421875,-14.946828842163086,0
112.28,722.1599731445312,-15.011507034301758,0
112.29,721.9555053710938,-15.0678129196167,0
112.3,721.7471923828125,-15.127447128295898,0
112.31,721.5426025390625,-15.182653427124023,0
112.32,721.3397827148438,-15.235410690307617,0
112.33,721.13134765625,-15.293438911437988,0
112.34,720.9266357421875,-15.347034454345703,0
112.35,720.7237548828125,-15.398183822631836,0
112.36,720.5097045898438,-15.460314750671387,0
112.37,720.3142700195312,-15.502598762512207,0
112.38,720.1223754882812,-15.540730476379395,0
112.39,719.93408203125,-15.574785232543945,0
112.4,719.7344970703125,-15.620134353637695,0
112.41,719.5533447265625,-15.645947456359863,0
112.42,719.3572387695312,-15.687019348144531,0
112.43,719.1831665039062,-15.704818725585938,0
112.44,719.0125122070312,-15.71892261505127,0
112.45,718.8470458984375,-15.727500915527344,0
112.46,718.6830444335938,-15.73447322845459,0
112.47,718.5223388671875,-15.737966537475586,0
112.48,718.3648681640625,-15.73805046081543,0
112.49,718.2235107421875,-15.721405982971191,0
112.5,718.0723266601562,-15.715157508850098,0
112.51,717.92431640625,-15.705704689025879,0
112.52,717.7664794921875,-15.70650577545166,0
112.53,717.6118774414062,-15.703960418701172,0
112.54,717.456787109375,-15.701946258544922,0
112.55,717.3048706054688,-15.696643829345703,0
112.56,717.1302490234375,-15.714903831481934,0
112.57,716.9590454101562,-15.729456901550293,0
112.58,716.7911987304688,-15.740377426147461,0
112.59,716.6322021484375,-15.742020606994629,0
112.6,716.4764404296875,-15.7402925491333,0
112.61,716.3239135742188,-15.735261917114258,0
112.62,716.174560546875,-15.726998329162598,0
112.63,716.0283203125,-15.715569496154785,0
112.64,715.8851928710938,-15.701042175292969,0
112.65,715.7451782226562,-15.683484077453613,0
112.66,715.608154296875,-15.662959098815918,0
112.67,715.4723510742188,-15.641439437866211,0
112.68,715.333984375,-15.622758865356445,0
112.69,715.1893310546875,-15.610730171203613,0
112.7,715.0385131835938,-15.605216979980469,0
112.71,714.8890380859375,-15.598409652709961,0
112.72,714.7445068359375,-15.586531639099121,0
112.73,714.6030883789062,-15.5715913772583,0
112.74,714.4739990234375,-15.544076919555664,0
112.75,714.345947265625,-15.515732765197754,0
112.76,714.22265625,-15.48277759552002,0
112.77,714.1114501953125,-15.43763256072998,0
112.78,714.0177612304688,-15.374841690063477,0
112.79,713.9265747070312,-15.310077667236328,0
112.8,713.8453369140625,-15.235719680786133,0
112.81,713.7664794921875,-15.15965461730957,0
112.82,713.6936645507812,-15.078123092651367,0
112.83,713.6231689453125,-14.995065689086914,0
112.84,713.5567016601562,-14.908625602722168,0
112.85,713.492431640625,-14.820794105529785,0
112.86,713.4396362304688,-14.722039222717285,0
112.87,713.392578125,-14.618375778198242,0
112.88,713.365966796875,-14.49463176727295,0
112.89,713.3448486328125,-14.36648178100586,0
112.9,713.3272094726562,-14.236006736755371,0
112.91,713.311279296875,-14.105185508728027,0
112.92,713.2969360351562,-13.974054336547852,0
112.93,713.2896728515625,-13.836931228637695,0
112.94,713.283935546875,-13.69968318939209,0
112.95,713.3036499023438,-13.537467956542969,0
112.96,713.3245849609375,-13.37570571899414,0
112.97,713.3485107421875,-13.212514877319336,0
112.98,713.37353515625,-13.049864768981934,0
112.99,713.399658203125,-12.88778018951416,0
113,713.4268188476562,-12.726283073425293,0
113.01,713.4550170898438,-12.565397262573242,0
113.02,713.4841918945312,-12.405142784118652,0
113.03,713.5181274414062,-12.241678237915039,0
113.04,713.5640258789062,-12.067481994628906,0
113.05,713.6088256835938,-11.896255493164062,0
113.06,713.64697265625,-11.733635902404785,0
113.07,713.6859741210938,-11.571860313415527,0
113.08,713.7257080078125,-11.410944938659668,0
113.09,713.771728515625,-11.245190620422363,0
113.1,713.8203125,-11.078543663024902,0
113.11,713.8695068359375,-10.912961959838867,0
113.12,713.9193115234375,-10.748457908630371,0
113.13,713.9697265625,-10.585044860839844,0
113.14,714.0244750976562,-10.418869018554688,0
113.15,714.0833740234375,-10.250082015991211,0
113.16,714.1427612304688,-10.082579612731934,0
113.17,714.2025146484375,-9.91637134552002,0
113.18,714.2626953125,-9.75146484375,0
113.19,714.3232421875,-9.587869644165039,0
113.2,714.3841552734375,-9.425593376159668,0
113.21,714.4417724609375,-9.268451690673828,0
113.22,714.4978637695312,-9.114471435546875,0
113.23,714.543212890625,-8.973198890686035,0
113.24,714.587158203125,-8.834877014160156,0
113.25,714.6241455078125,-8.705135345458984,0
113.26,714.6561889648438,-8.581921577453613,0
113.27,714.6831665039062,-8.465185165405273,0
113.28,714.694091796875,-8.36624526977539,0
113.29,714.6946411132812,-8.27904224395752,0
113.3,714.6961059570312,-8.19187068939209,0
113.31,714.6983642578125,-8.104747772216797,0
113.32,714.701416015625,-8.017690658569336,0
113.33,714.6757202148438,-7.961308479309082,0
113.34,714.667724609375,-7.887194633483887,0
113.35,714.6439819335938,-7.830126762390137,0
113.36,714.6175537109375,-7.776433944702148,0
113.37,714.586669921875,-7.727907657623291,0
113.38,714.556884765625,-7.678736686706543,0
113.39,714.513427734375,-7.6442389488220215,0
113.4,714.4453735351562,-7.6356096267700195,0
113.41,714.3639526367188,-7.640832901000977,0
113.42,714.2675170898438,-7.66152811050415,0
113.43,714.1672973632812,-7.685946464538574,0
113.44,714.057861328125,-7.719665050506592,0
113.45,713.9503173828125,-7.7510552406311035,0
113.46,713.8446655273438,-7.780158519744873,0
113.47,713.7297973632812,-7.818499565124512,0
113.48,713.60400390625,-7.867786884307861,0
113.49,713.4802856445312,-7.914396286010742,0
113.5,713.3568115234375,-7.960277080535889,0
113.51,713.2317504882812,-8.007341384887695,0
113.52,713.1032104492188,-8.057515144348145,0
113.53,712.976806640625,-8.104952812194824,0
113.54,712.8451538085938,-8.157317161560059,0
113.55,712.7101440429688,-8.212652206420898,0
113.56,712.5440673828125,-8.29951286315918,0
113.57,712.3880004882812,-8.375157356262207,0
113.58,712.2269897460938,-8.455153465270996,0
113.59,712.0444946289062,-8.556538581848145,0
113.6,711.8610229492188,-8.65783977508545,0
113.61,711.678466796875,-8.757136344909668,0
113.62,711.4968872070312,-8.854446411132812,0
113.63,711.316162109375,-8.949844360351562,0
113.64,711.134521484375,-9.045201301574707,0
113.65,710.9335327148438,-9.159600257873535,0
113.66,710.7337036132812,-9.271617889404297,0
113.67,710.5313720703125,-9.385090827941895,0
113.68,710.33203125,-9.494248390197754,0
113.69,710.1282958984375,-9.606830596923828,0
113.7,709.9147338867188,-9.72840404510498,0
113.71,709.71728515625,-9.832088470458984,0
113.72,709.5099487304688,-9.944899559020996,0
113.73,709.3057861328125,-10.053291320800781,0
113.74,709.104736328125,-10.157330513000488,0
113.75,708.8809204101562,-10.283865928649902,0
113.76,708.6512451171875,-10.415153503417969,0
113.77,708.4249877929688,-10.541543960571289,0
113.78,708.2021484375,-10.66310977935791,0
113.79,707.9697265625,-10.793313980102539,0
113.8,707.7334594726562,-10.926182746887207,0
113.81,707.4951782226562,-11.059728622436523,0
113.82,707.2604370117188,-11.188193321228027,0
113.83,707.0218505859375,-11.319328308105469,0
113.84,706.786865234375,-11.445375442504883,0
113.85,706.5554809570312,-11.566414833068848,0
113.86,706.3220825195312,-11.688236236572266,0
113.87,706.0904541015625,-11.806988716125488,0
113.88,705.8624267578125,-11.920804977416992,0
113.89,705.637939453125,-12.02976131439209,0
113.9,705.3966674804688,-12.15494441986084,0
113.91,705.1591796875,-12.274985313415527,0
113.92,704.9197998046875,-12.395679473876953,0
113.93,704.6841430664062,-12.511272430419922,0
113.94,704.4522094726562,-12.621844291687012,0
113.95,704.2239379882812,-12.727474212646484,0
113.96,703.9918823242188,-12.835919380187988,0
113.97,703.7598266601562,-12.943230628967285,0
113.98,703.5314331054688,-13.045598030090332,0
113.99,703.304931640625,-13.145004272460938,0
114,703.0728759765625,-13.249114036560059,0
114.01,702.8445434570312,-13.348280906677246,0
114.02,702.6144409179688,-13.448301315307617,0
114.03,702.3843383789062,-13.547286033630371,0
114.04,702.157958984375,-13.641369819641113,0
114.05,701.9205932617188,-13.745874404907227,0
114.06,701.6852416992188,-13.84722900390625,0
114.07,701.4518432617188,-13.945473670959473,0
114.08,701.2037963867188,-14.057855606079102,0
114.09,700.9560546875,-14.168764114379883,0
114.1,700.6975708007812,-14.289690971374512,0
114.11,700.4431762695312,-14.405111312866211,0
114.12,700.19287109375,-14.51511287689209,0
114.13,699.9337158203125,-14.633115768432617,0
114.14,699.6787109375,-14.745599746704102,0
114.15,699.440673828125,-14.839319229125977,0
114.16,699.20849609375,-14.926067352294922,0
114.17,698.9783935546875,-15.00977897644043,0
114.18,698.7300415039062,-15.1115083694458,0
114.19,698.4857177734375,-15.2079496383667,0
114.2,698.22705078125,-15.318239212036133,0
114.21,697.9725952148438,-15.42302131652832,0
114.22,697.7223510742188,-15.522385597229004,0
114.23,697.4725952148438,-15.620233535766602,0
114.24,697.2269897460938,-15.712764739990234,0
114.25,696.9855346679688,-15.800068855285645,0
114.26,696.7481079101562,-15.882234573364258,0
114.27,696.5147705078125,-15.959348678588867,0
114.28,696.2854614257812,-16.031497955322266,0
114.29,696.0601196289062,-16.098770141601562,0
114.3,695.8387451171875,-16.161251068115234,0
114.31,695.6212768554688,-16.219024658203125,0
114.32,695.4077758789062,-16.272174835205078,0
114.33,695.1851196289062,-16.33417510986328,0
114.34,694.9664306640625,-16.391441345214844,0
114.35,694.7479858398438,-16.44786834716797,0
114.36,694.533447265625,-16.499652862548828,0
114.37,694.3228149414062,-16.546876907348633,0
114.38,694.1160278320312,-16.589624404907227,0
114.39,693.916748046875,-16.624168395996094,0
114.4,693.72119140625,-16.65447998046875,0
114.41,693.5311889648438,-16.678733825683594,0
114.42,693.3448486328125,-16.69895362854004,0
114.43,693.1621704101562,-16.71521759033203,0
114.44,692.9996337890625,-16.710405349731445,0
114.45,692.8238525390625,-16.71934700012207,0
114.46,692.651611328125,-16.72456169128418,0
114.47,692.4773559570312,-16.73183822631836,0
114.48,692.3029174804688,-16.739227294921875,0
114.49,692.1319580078125,-16.742916107177734,0
114.5,691.9644775390625,-16.742979049682617,0
114.51,691.815185546875,-16.72419548034668,0
114.52,691.6561889648438,-16.715641021728516,0
114.53,691.5005493164062,-16.703716278076172,0
114.54,691.3482055664062,-16.688493728637695,0
114.55,691.2120971679688,-16.656654357910156,0
114.56,691.0791015625,-16.62193489074707,0
114.57,690.9509887695312,-16.582500457763672,0
114.58,690.8258666992188,-16.54035758972168,0
114.59,690.7037353515625,-16.49557113647461,0
114.6,690.5845336914062,-16.448204040527344,0
114.61,690.46826171875,-16.3983211517334,0
114.62,690.3511352539062,-16.34979248046875,0
114.63,690.242431640625,-16.293075561523438,0
114.64,690.1365356445312,-16.234066009521484,0
114.65,690.0352172851562,-16.17091941833496,0
114.66,689.9365844726562,-16.10563850402832,0
114.67,689.833251953125,-16.0458984375,0
114.68,689.7086181640625,-16.008798599243164,0
114.69,689.5924072265625,-15.963350296020508,0
114.7,689.4790649414062,-15.915448188781738,0
114.71,689.3684692382812,-15.865151405334473,0
114.72,689.2606811523438,-15.812521934509277,0
114.73,689.1555786132812,-15.757616996765137,0
114.74,689.0476684570312,-15.706210136413574,0
114.75,688.940673828125,-15.65443229675293,0
114.76,688.8436889648438,-15.59277629852295,0
114.77,688.765869140625,-15.511932373046875,0
114.78,688.6904907226562,-15.429455757141113,0
114.79,688.617431640625,-15.34539794921875,0
114.8,688.5466918945312,-15.259809494018555,0
114.81,688.4671630859375,-15.184168815612793,0
114.82,688.3826293945312,-15.114477157592773,0
114.83,688.300537109375,-15.043008804321289,0
114.84,688.22265625,-14.96790885925293,0
114.85,688.1471557617188,-14.891175270080566,0
114.86,688.0739135742188,-14.81285572052002,0
114.87,688.0029296875,-14.733000755310059,0
114.88,687.932373046875,-14.653562545776367,0
114.89,687.8658447265625,-14.57073974609375,0
114.9,687.8218383789062,-14.465513229370117,0
114.91,687.7815551757812,-14.357473373413086,0
114.92,687.7432250976562,-14.248602867126465,0
114.93,687.7067260742188,-14.13894271850586,0
114.94,687.670166015625,-14.03043270111084,0
114.95,687.6279907226562,-13.928848266601562,0
114.96,687.5784912109375,-13.835915565490723,0
114.97,687.5401000976562,-13.732428550720215,0
114.98,687.4943237304688,-13.637674331665039,0
114.99,687.450439453125,-13.541970252990723,0
115,687.406494140625,-13.447259902954102,0
115.01,687.3441162109375,-13.372647285461426,0
115.02,687.2837524414062,-13.296727180480957,0
115.03,687.2271728515625,-13.21763801574707,0
115.04,687.1725463867188,-13.13736629486084,0
115.05,687.1180419921875,-13.057859420776367,0
115.06,687.0635986328125,-12.979118347167969,0
115.07,687.0110473632812,-12.899239540100098,0
115.08,686.9603271484375,-12.81826400756836,0
115.09,686.904052734375,-12.743849754333496,0
115.1,686.8478393554688,-12.670162200927734,0
115.11,686.7916259765625,-12.597203254699707,0
115.12,686.7354125976562,-12.524972915649414,0
115.13,686.6810913085938,-12.451566696166992,0
115.14,686.6286010742188,-12.377023696899414,0
115.15,686.577880859375,-12.301383972167969,0
115.16,686.53271484375,-12.22087574005127,0
115.17,686.4891967773438,-12.139426231384277,0
115.18,686.4473876953125,-12.0570707321167,0
115.19,686.4109497070312,-11.970037460327148,0
115.2,686.3760986328125,-11.88224983215332,0
115.21,686.3519897460938,-11.78421688079834,0
115.22,686.3330688476562,-11.681829452514648,0
115.23,686.3155517578125,-11.579062461853027,0
115.24,686.295654296875,-11.47981071472168,0
115.25,686.2771606445312,-11.380157470703125,0
115.26,686.2619018554688,-11.278170585632324,0
115.27,686.2460327148438,-11.177844047546387,0
115.28,686.2333984375,-11.075241088867188,0
115.29,686.2219848632812,-10.972391128540039,0
115.3,686.2062377929688,-10.875093460083008,0
115.31,686.1917724609375,-10.777482032775879,0
115.32,686.1841430664062,-10.673812866210938,0
115.33,686.1776733398438,-10.5700044631958,0
115.34,686.1779174804688,-10.460366249084473,0
115.35,686.17919921875,-10.350756645202637,0
115.36,686.1815185546875,-10.24119758605957,0
115.37,686.1848754882812,-10.13171100616455,0
115.38,686.1892700195312,-10.022318840026855,0
115.39,686.1964721679688,-9.911140441894531,0
115.4,686.2156372070312,-9.788708686828613,0
115.41,686.235595703125,-9.666708946228027,0
115.42,686.25634765625,-9.545158386230469,0
115.43,686.2778930664062,-9.424074172973633,0
115.44,686.2965087890625,-9.307282447814941,0
115.45,686.319580078125,-9.18709945678711,0
115.46,686.3433227539062,-9.067431449890137,0
115.47,686.3640747070312,-8.952101707458496,0
115.48,686.3578491210938,-8.865864753723145,0
115.49,686.3526000976562,-8.77951431274414,0
115.5,686.355712890625,-8.685452461242676,0
115.51,686.352294921875,-8.599095344543457,0
115.52,686.3424072265625,-8.52030086517334,0
115.53,686.33349609375,-8.441313743591309,0
115.54,686.3145141601562,-8.373583793640137,0
115.55,686.2965698242188,-8.305465698242188,0
115.56,686.2796630859375,-8.236981391906738,0
115.57,686.2637939453125,-8.168152809143066,0
115.58,686.2470703125,-8.100911140441895,0
115.59,686.2313842773438,-8.033329010009766,0
115.6,686.218505859375,-7.9635210037231445,0
115.61,686.20654296875,-7.893454551696777,0
115.62,686.195556640625,-7.823149681091309,0
115.63,686.1854248046875,-7.752626419067383,0
115.64,686.17626953125,-7.681903839111328,0
115.65,686.171630859375,-7.607193946838379,0
115.66,686.1770629882812,-7.522878170013428,0
115.67,686.1868286132812,-7.434884548187256,0
115.68,686.1991577148438,-7.345212459564209,0
115.69,686.2102661132812,-7.257726192474365,0
115.7,686.2219848632812,-7.1704936027526855,0
115.71,686.2305908203125,-7.087337017059326,0
115.72,686.2398681640625,-7.00438117980957,0
115.73,686.249755859375,-6.9216389656066895,0
115.74,686.2510375976562,-6.848649024963379,0
115.75,686.2345581054688,-6.794805526733398,0
115.76,686.2005615234375,-6.759673118591309,0
115.77,686.1675415039062,-6.7238264083862305,0
115.78,686.1355590820312,-6.687287330627441,0
115.79,686.1046142578125,-6.650078296661377,0
115.8,686.0728149414062,-6.6141228675842285,0
115.81,686.0402221679688,-6.579406261444092,0
115.82,685.99755859375,-6.555435657501221,0
115.83,685.9541625976562,-6.532525062561035,0
115.84,685.8916015625,-6.529653549194336,0
115.85,685.8211669921875,-6.534979820251465,0
115.86,685.7484130859375,-6.542621612548828,0
115.87,685.6752319335938,-6.550624370574951,0
115.88,685.599853515625,-6.56088399887085,0
115.89,685.5240478515625,-6.571444988250732,0
115.9,685.4496459960938,-6.5803961753845215,0
115.91,685.3546142578125,-6.610684394836426,0
115.92,685.2059936523438,-6.696095943450928,0
115.93,685.0577392578125,-6.780242919921875,0
115.94,684.9116821289062,-6.8612284660339355,0
115.95,684.76416015625,-6.942910194396973,0
115.96,684.6040649414062,-7.036682605743408,0
115.97,684.4464111328125,-7.127041339874268,0
115.98,684.2725830078125,-7.233144283294678,0
115.99,684.101318359375,-7.3355393409729,0
116,683.92333984375,-7.443803310394287,0
116.01,683.7166748046875,-7.580653667449951,0
116.02,683.5110473632812,-7.714995861053467,0
116.03,683.2973022460938,-7.856379508972168,0
116.04,683.0810546875,-7.998915672302246,0
116.05,682.8585815429688,-8.146360397338867,0
116.06,682.6392211914062,-8.289056777954102,0
116.07,682.4100952148438,-8.440406799316406,0
116.08,682.1841430664062,-8.58686637878418,0
116.09,681.9558715820312,-8.734219551086426,0
116.1,681.7216796875,-8.886225700378418,0
116.11,681.4779052734375,-9.046566009521484,0
116.12,681.237548828125,-9.201704025268555,0
116.13,680.9913330078125,-9.361236572265625,0
116.14,680.7467651367188,-9.517419815063477,0
116.15,680.5057373046875,-9.66838550567627,0
116.16,680.2662963867188,-9.816113471984863,0
116.17,680.0303344726562,-9.958733558654785,0
116.18,679.768310546875,-10.126795768737793,0
116.19,679.5100708007812,-10.289266586303711,0
116.2,679.2554931640625,-10.44622802734375,0
116.21,679.0045776367188,-10.597757339477539,0
116.22,678.75,-10.751555442810059,0
116.23,678.50830078125,-10.890398025512695,0
116.24,678.270263671875,-11.024086952209473,0
116.25,678.0357666015625,-11.152700424194336,0
116.26,677.7882690429688,-11.293458938598633,0
116.27,677.5278930664062,-11.446084976196289,0
116.28,677.2713623046875,-11.593157768249512,0
116.29,677.0186157226562,-11.734760284423828,0
116.3,676.767822265625,-11.872820854187012,0
116.31,676.5226440429688,-12.003687858581543,0
116.32,676.2794189453125,-12.131175994873047,0
116.33,676.0399169921875,-12.253479957580566,0
116.34,675.8041381835938,-12.37067985534668,0
116.35,675.572021484375,-12.482855796813965,0
116.36,675.3435668945312,-12.590086936950684,0
116.37,675.1058349609375,-12.705785751342773,0
116.38,674.8663330078125,-12.822134017944336,0
116.39,674.630615234375,-12.933380126953125,0
116.4,674.3931274414062,-13.045319557189941,0
116.41,674.15576171875,-13.156007766723633,0
116.42,673.9221801757812,-13.261639595031738,0
116.43,673.6904296875,-13.364203453063965,0
116.44,673.4366455078125,-13.488496780395508,0
116.45,673.1868896484375,-13.607383728027344,0
116.46,672.9300537109375,-13.732377052307129,0
116.47,672.67724609375,-13.851898193359375,0
116.48,672.4340209960938,-13.960319519042969,0
116.49,672.1891479492188,-14.069275856018066,0
116.5,671.9482421875,-14.173016548156738,0
116.51,671.7020263671875,-14.28115463256836,0
116.52,671.4561157226562,-14.387856483459473,0
116.53,671.2178955078125,-14.485515594482422,0
116.54,670.9799194335938,-14.581910133361816,0
116.55,670.745849609375,-14.673237800598145,0
116.56,670.5120849609375,-14.763336181640625,0
116.57,670.2821655273438,-14.848459243774414,0
116.58,670.05615234375,-14.928689002990723,0
116.59,669.8247680664062,-15.01363468170166,0
116.6,669.5789184570312,-15.11270523071289,0
116.61,669.3370971679688,-15.206542015075684,0
116.62,669.0938110351562,-15.300947189331055,0
116.63,668.8545532226562,-15.39017391204834,0
116.64,668.6193237304688,-15.474308013916016,0
116.65,668.3789672851562,-15.562962532043457,0
116.66,668.1407470703125,-15.648404121398926,0
116.67,667.908447265625,-15.726874351501465,0
116.68,667.6654663085938,-15.815584182739258,0
116.69,667.4265747070312,-15.899124145507812,0
116.7,667.1917724609375,-15.977581024169922,0
116.71,666.9609985351562,-16.051042556762695,0
116.72,666.7396850585938,-16.113935470581055,0
116.73,666.5223388671875,-16.172122955322266,0
116.74,666.308837890625,-16.225688934326172,0
116.75,666.0992431640625,-16.27471923828125,0
116.76,665.8934326171875,-16.319293975830078,0
116.77,665.69140625,-16.359495162963867,0
116.78,665.4840087890625,-16.40487289428711,0
116.79,665.2766723632812,-16.44965362548828,0
116.8,665.0731811523438,-16.490028381347656,0
116.81,664.8734130859375,-16.526079177856445,0
116.82,664.6810913085938,-16.5540771484375,0
116.83,664.5015869140625,-16.568525314331055,0
116.84,664.3274536132812,-16.577259063720703,0
116.85,664.166015625,-16.572776794433594,0
116.86,664.0115966796875,-16.561063766479492,0
116.87,663.8641967773438,-16.54227066040039,0
116.88,663.7236328125,-16.51654624938965,0
116.89,663.6009521484375,-16.472606658935547,0
116.9,663.481201171875,-16.426076889038086,0
116.91,663.3643798828125,-16.377017974853516,0
116.92,663.2504272460938,-16.32549285888672,0
116.93,663.1392822265625,-16.271560668945312,0
116.94,663.0088500976562,-16.238142013549805,0
116.95,662.8814697265625,-16.201967239379883,0
116.96,662.7569580078125,-16.163097381591797,0
116.97,662.6354370117188,-16.121597290039062,0
116.98,662.516845703125,-16.077529907226562,0
116.99,662.4066162109375,-16.02524185180664,0
117,662.2991333007812,-15.970626831054688,0
117.01,662.2091064453125,-15.898506164550781,0
117.02,662.1234741210938,-15.822587013244629,0
117.03,662.0403442382812,-15.744869232177734,0
117.04,661.9633178710938,-15.661595344543457,0
117.05,661.8961181640625,-15.569087028503418,0
117.06,661.836669921875,-15.46945858001709,0
117.07,661.7794189453125,-15.368590354919434,0
117.08,661.7188110351562,-15.272245407104492,0
117.09,661.660400390625,-15.174635887145996,0
117.1,661.5968017578125,-15.083428382873535,0
117.11,661.535400390625,-14.990891456604004,0
117.12,661.4761352539062,-14.897071838378906,0
117.13,661.4190063476562,-14.80201530456543,0
117.14,661.3602905273438,-14.709578514099121,0
117.15,661.2981567382812,-14.621630668640137,0
117.16,661.236328125,-14.53428840637207,0
117.17,661.1748046875,-14.447559356689453,0
117.18,661.1024780273438,-14.372878074645996,0
117.19,661.030517578125,-14.29858112335205,0
117.2,660.9589233398438,-14.224681854248047,0
117.21,660.8895263671875,-14.149279594421387,0
117.22,660.8167724609375,-14.078134536743164,0
117.23,660.7424926757812,-14.009271621704102,0
117.24,660.6704711914062,-13.938849449157715,0
117.25,660.6005859375,-13.866913795471191,0
117.26,660.5328369140625,-13.793512344360352,0
117.27,660.4672241210938,-13.718689918518066,0
117.28,660.4036254882812,-13.642492294311523,0
117.29,660.3385009765625,-13.568717956542969,0
117.3,660.2625122070312,-13.50691032409668,0
117.31,660.1868896484375,-13.445411682128906,0
117.32,660.115234375,-13.380414962768555,0
117.33,660.0457153320312,-13.313913345336914,0
117.34,659.9764404296875,-13.247859954833984,0
117.35,659.9054565429688,-13.184157371520996,0
117.36,659.8366088867188,-13.118964195251465,0
117.37,659.7753295898438,-13.046610832214355,0
117.38,659.7160034179688,-12.972972869873047,0
117.39,659.6862182617188,-12.86957836151123,0
117.4,659.6580200195312,-12.765572547912598,0
117.41,659.6001586914062,-12.693316459655762,0
117.42,659.520263671875,-12.644612312316895,0
117.43,659.4425048828125,-12.59422492980957,0
117.44,659.3908081054688,-12.517436981201172,0
117.45,659.3169555664062,-12.46433162689209,0
117.46,659.2451171875,-12.409672737121582,0
117.47,659.17529296875,-12.35350227355957,0
117.48,659.1074829101562,-12.295863151550293,0
117.49,659.0415649414062,-12.236797332763672,0
117.5,658.9776000976562,-12.176346778869629,0
117.51,658.91552734375,-12.114553451538086,0
117.52,658.857177734375,-12.049551963806152,0
117.53,658.7952270507812,-11.988985061645508,0
117.54,658.735107421875,-11.927118301391602,0
117.55,658.65478515625,-11.886844635009766,0
117.56,658.5709228515625,-11.850590705871582,0
117.57,658.4873046875,-11.814471244812012,0
117.58,658.40576171875,-11.776586532592773,0
117.59,658.328125,-11.735077857971191,0
117.6,658.25244140625,-11.691930770874023,0
117.61,658.1695556640625,-11.656657218933105,0
117.62,658.0795288085938,-11.629158973693848,0
117.63,658.0008544921875,-11.59023380279541,0
117.64,657.9241943359375,-11.54964828491211,0
117.65,657.8494873046875,-11.507447242736816,0
117.66,657.7767333984375,-11.46367073059082,0
117.67,657.7058715820312,-11.418360710144043,0
117.68,657.6258544921875,-11.382984161376953,0
117.69,657.55517578125,-11.338302612304688,0
117.7,657.47900390625,-11.299747467041016,0
117.71,657.3974609375,-11.267206192016602,0
117.72,657.31787109375,-11.232942581176758,0
117.73,657.2402954101562,-11.196999549865723,0
117.74,657.1646118164062,-11.159418106079102,0
117.75,657.0908813476562,-11.120241165161133,0
117.76,657.0172119140625,-11.081413269042969,0
117.77,656.9453735351562,-11.041031837463379,0
117.78,656.8662109375,-11.008660316467285,0
117.79,656.7890014648438,-10.974617004394531,0
117.8,656.7137451171875,-10.938943862915039,0
117.81,656.640380859375,-10.90168285369873,0
117.82,656.55419921875,-10.878056526184082,0
117.83,656.447998046875,-10.875409126281738,0
117.84,656.3347778320312,-10.880034446716309,0
117.85,656.2238159179688,-10.882257461547852,0
117.86,656.1077270507812,-10.889744758605957,0
117.87,655.9902954101562,-10.898579597473145,0
117.88,655.8623046875,-10.918201446533203,0
117.89,655.7220458984375,-10.95034122467041,0
117.9,655.578857421875,-10.985215187072754,0
117.91,655.42724609375,-11.028417587280273,0
117.92,655.2783203125,-11.06839656829834,0
117.93,655.132080078125,-11.105210304260254,0
117.94,654.9755859375,-11.152249336242676,0
117.95,654.8218383789062,-11.195960998535156,0
117.96,654.6708374023438,-11.236403465270996,0
117.97,654.5096435546875,-11.286911964416504,0
117.98,654.351318359375,-11.333992958068848,0
117.99,654.1957397460938,-11.377706527709961,0
118,654.0429077148438,-11.418112754821777,0
118.01,653.8890991210938,-11.45907974243164,0
118.02,653.7271118164062,-11.508149147033691,0
118.03,653.5587768554688,-11.563298225402832,0
118.04,653.3859252929688,-11.622482299804688,0
118.05,653.2142944335938,-11.679840087890625,0
118.06,653.0400390625,-11.73926067352295,0
118.07,652.8651733398438,-11.798785209655762,0
118.08,652.673095703125,-11.87548542022705,0
118.09,652.484130859375,-11.94809627532959,0
118.1,652.2744750976562,-12.041390419006348,0
118.11,652.0645141601562,-12.13403034210205,0
118.12,651.8543090820312,-12.226006507873535,0
118.13,651.6475219726562,-12.313506126403809,0
118.14,651.444091796875,-12.39660358428955,0
118.15,651.2440185546875,-12.475369453430176,0
118.16,651.0472412109375,-12.549877166748047,0
118.17,650.8538208007812,-12.620197296142578,0
118.18,650.6618041992188,-12.688305854797363,0
118.19,650.460205078125,-12.765605926513672,0
118.2,650.2564697265625,-12.844329833984375,0
118.21,650.05615234375,-12.918718338012695,0
118.22,649.8591918945312,-12.988842964172363,0
118.23,649.6435546875,-13.0775785446167,0
118.24,649.4314575195312,-13.161722183227539,0
118.25,649.222900390625,-13.241353034973145,0
118.26,649.0178833007812,-13.316545486450195,0
118.27,648.8236083984375,-13.379755020141602,0
118.28,648.6327514648438,-13.43883228302002,0
118.29,648.4451904296875,-13.493850708007812,0
118.3,648.2609252929688,-13.544880867004395,0
118.31,648.0689697265625,-13.603365898132324,0
118.32,647.891357421875,-13.646395683288574,0
118.33,647.7261352539062,-13.676129341125488,0
118.34,647.5548095703125,-13.711875915527344,0
118.35,647.3958129882812,-13.734460830688477,0
118.36,647.2399291992188,-13.753670692443848,0
118.37,647.0906982421875,-13.765816688537598,0
118.38,646.9443969726562,-13.774795532226562,0
118.39,646.8009643554688,-13.780670166015625,0
118.4,646.660400390625,-13.783502578735352,0
118.41,646.522705078125,-13.783354759216309,0
118.42,646.3842163085938,-13.784043312072754,0
118.43,646.2485961914062,-13.781795501708984,0
118.44,646.11572265625,-13.77667236328125,0
118.45,645.9856567382812,-13.768733978271484,0
118.46,645.8582763671875,-13.758038520812988,0
118.47,645.733642578125,-13.744645118713379,0
118.48,645.620849609375,-13.71914291381836,0
118.49,645.5106201171875,-13.691254615783691,0
118.5,645.4028930664062,-13.661035537719727,0
118.51,645.2976684570312,-13.628539085388184,0
118.52,645.1986083984375,-13.590008735656738,0
118.53,645.1019287109375,-13.549386024475098,0
118.54,645.009521484375,-13.504819869995117,0
118.55,644.9138793945312,-13.46401596069336,0
118.56,644.8206176757812,-13.42119312286377,0
118.57,644.7352294921875,-13.37069034576416,0
118.58,644.6538696289062,-13.316479682922363,0
118.59,644.57470703125,-13.2605562210083,0
118.6,644.4977416992188,-13.20296573638916,0
118.61,644.4229125976562,-13.143756866455078,0
118.62,644.3502197265625,-13.082974433898926,0
118.63,644.2685546875,-13.03209114074707,0
118.64,644.2001342773438,-12.968059539794922,0
118.65,644.1336669921875,-12.902589797973633,0
118.66,644.0398559570312,-12.866145133972168,0
118.67,643.9483032226562,-12.827719688415527,0
118.68,643.8553466796875,-12.791170120239258,0
118.69,643.768310546875,-12.748847961425781,0
118.7,643.6834716796875,-12.704689979553223,0
118.71,643.6007690429688,-12.65874195098877,0
118.72,643.520263671875,-12.611050605773926,0
118.73,643.44189453125,-12.561663627624512,0
118.74,643.3656005859375,-12.510624885559082,0
118.75,643.2803344726562,-12.469350814819336,0
118.76,643.197265625,-12.426278114318848,0
118.77,643.1163330078125,-12.381453514099121,0
118.78,643.0282592773438,-12.344446182250977,0
118.79,642.9404907226562,-12.307483673095703,0
118.8,642.8549194335938,-12.268670082092285,0
118.81,642.7733154296875,-12.226144790649414,0
118.82,642.6883544921875,-12.187556266784668,0
118.83,642.60546875,-12.147173881530762,0
118.84,642.5192260742188,-12.110757827758789,0
118.85,642.427734375,-12.080140113830566,0
118.86,642.3457641601562,-12.039970397949219,0
118.87,642.2767944335938,-11.986698150634766,0
118.88,642.2097778320312,-11.931975364685059,0
118.89,642.1337280273438,-11.887215614318848,0
118.9,642.0596313476562,-11.840852737426758,0
118.91,641.987548828125,-11.792928695678711,0
118.92,641.9174194335938,-11.743487358093262,0
118.93,641.8491821289062,-11.692569732666016,0
118.94,641.7864990234375,-11.636405944824219,0
118.95,641.7256469726562,-11.578925132751465,0
118.96,641.6629638671875,-11.52397632598877,0
118.97,641.598388671875,-11.471519470214844,0
118.98,641.5357055664062,-11.417705535888672,0
118.99,641.4747924804688,-11.36257266998291,0
119,641.4156494140625,-11.306160926818848,0
119.01,641.3583374023438,-11.248507499694824,0
119.02,641.302734375,-11.189650535583496,0
119.03,641.2488403320312,-11.12962818145752,0
119.04,641.19482421875,-11.070381164550781,0
119.05,641.144287109375,-11.008095741271973,0
119.06,641.0935668945312,-10.946656227111816,0
119.07,641.0463256835938,-10.88224983215332,0
119.08,641.0025024414062,-10.814950942993164,0
119.09,640.9584350585938,-10.748641967773438,0
119.1,640.9158935546875,-10.681413650512695,0
119.11,640.8602294921875,-10.62847900390625,0
119.12,640.797119140625,-10.583845138549805,0
119.13,640.7118530273438,-10.56258487701416,0
119.14,640.6266479492188,-10.541425704956055,0
119.15,640.5104370117188,-10.552637100219727,0
119.16,640.3873291015625,-10.57084846496582,0
119.17,640.2665405273438,-10.586446762084961,0
119.18,640.146240234375,-10.601386070251465,0
119.19,640.0300903320312,-10.611865997314453,0
119.2,639.9161987304688,-10.619880676269531,0
119.21,639.79541015625,-10.635004043579102,0
119.22,639.6769409179688,-10.647563934326172,0
119.23,639.560791015625,-10.657608985900879,0
119.24,639.4468994140625,-10.665188789367676,0
119.25,639.3352661132812,-10.670352935791016,0
119.26,639.2258911132812,-10.673149108886719,0
119.27,639.11865234375,-10.673624992370605,0
119.28,639.0117797851562,-10.67373275756836,0
119.29,638.8997802734375,-10.679136276245117,0
119.3,638.7882080078125,-10.68406867980957,0
119.31,638.6642456054688,-10.701817512512207,0
119.32,638.5316772460938,-10.72830581665039,0
119.33,638.4014892578125,-10.75197696685791,0
119.34,638.2737426757812,-10.772882461547852,0
119.35,638.1484375,-10.791075706481934,0
119.36,638.0255126953125,-10.806609153747559,0
119.37,637.9049072265625,-10.81953239440918,0
119.38,637.7866821289062,-10.829895973205566,0
119.39,637.6598510742188,-10.849125862121582,0
119.4,637.5335083007812,-10.86756706237793,0
119.41,637.404052734375,-10.889037132263184,0
119.42,637.2459106445312,-10.940025329589844,0
119.43,637.0869140625,-10.991406440734863,0
119.44,636.9287719726562,-11.041306495666504,0
119.45,636.7605590820312,-11.101122856140137,0
119.46,636.59521484375,-11.157360076904297,0
119.47,636.4271850585938,-11.215794563293457,0
119.48,636.247314453125,-11.285834312438965,0
119.49,636.0650024414062,-11.357704162597656,0
119.5,635.8838500976562,-11.427597999572754,0
119.51,635.7076416015625,-11.491732597351074,0
119.52,635.5288696289062,-11.557827949523926,0
119.53,635.3530883789062,-11.620119094848633,0
119.54,635.178466796875,-11.680578231811523,0
119.55,635.0049438476562,-11.739227294921875,0
119.56,634.8271484375,-11.80174732208252,0
119.57,634.6614990234375,-11.851016998291016,0
119.58,634.4840698242188,-11.911946296691895,0
119.59,634.3096923828125,-11.969100952148438,0
119.6,634.1383666992188,-12.022546768188477,0
119.61,633.9700317382812,-12.072348594665527,0
119.62,633.8046264648438,-12.118571281433105,0
119.63,633.6421508789062,-12.161276817321777,0
119.64,633.4826049804688,-12.200529098510742,0
119.65,633.325927734375,-12.236391067504883,0
119.66,633.1703491210938,-12.270771026611328,0
119.67,633.0176391601562,-12.301846504211426,0
119.68,632.86767578125,-12.329676628112793,0
119.69,632.7205810546875,-12.354321479797363,0
119.7,632.5762329101562,-12.375843048095703,0
119.71,632.4218139648438,-12.407575607299805,0
119.72,632.270263671875,-12.436027526855469,0
119.73,632.115966796875,-12.466974258422852,0
119.74,631.9663696289062,-12.492738723754883,0
119.75,631.819580078125,-12.515326499938965,0
119.76,631.6737670898438,-12.536702156066895,0
119.77,631.5252075195312,-12.560696601867676,0
119.78,631.3758544921875,-12.585289001464844,0
119.79,631.2200927734375,-12.616233825683594,0
119.8,631.076416015625,-12.634346008300781,0
119.81,630.9263305664062,-12.658931732177734,0
119.82,630.7626342773438,-12.697359085083008,0
119.83,630.6019287109375,-12.732308387756348,0
119.84,630.4441528320312,-12.763842582702637,0
119.85,630.28564453125,-12.795835494995117,0
119.86,630.1300659179688,-12.824460983276367,0
119.87,629.9773559570312,-12.84978199005127,0
119.88,629.8202514648438,-12.879422187805176,0
119.89,629.6660766601562,-12.90572452545166,0
119.9,629.5147705078125,-12.928753852844238,0
119.91,629.3736572265625,-12.941007614135742,0
119.92,629.2334594726562,-12.95217227935791,0
119.93,629.090576171875,-12.966019630432129,0
119.94,628.9559326171875,-12.971177101135254,0
119.95,628.8240356445312,-12.973479270935059,0
119.96,628.6947631835938,-12.972983360290527,0
119.97,628.5681762695312,-12.969748497009277,0
119.98,628.4332275390625,-12.975201606750488,0
119.99,628.3009643554688,-12.977791786193848,0
120,628.1659545898438,-12.983238220214844,0
120.01,628.0336303710938,-12.985820770263672,0
120.02,627.9039916992188,-12.985596656799316,0
120.03,627.76416015625,-12.995898246765137,0
120.04,627.6271362304688,-13.003233909606934,0
120.05,627.4928588867188,-13.007662773132324,0
120.06,627.3612670898438,-13.009243965148926,0
120.07,627.2360229492188,-13.004228591918945,0
120.08,627.1133422851562,-12.99655818939209,0
120.09,626.9969482421875,-12.982536315917969,0
120.1,626.8794555664062,-12.969801902770996,0
120.11,626.76806640625,-12.950826644897461,0
120.12,626.6591796875,-12.92949390411377,0
120.13,626.563720703125,-12.894484519958496,0
120.14,626.4705200195312,-12.857457160949707,0
120.15,626.364990234375,-12.833588600158691,0
120.16,626.2508544921875,-12.818859100341797,0
120.17,626.1355590820312,-12.805522918701172,0
120.18,626.0227661132812,-12.789745330810547,0
120.19,625.9124755859375,-12.771580696105957,0
120.2,625.799072265625,-12.756795883178711,0
120.21,625.6881103515625,-12.739609718322754,0
120.22,625.57958984375,-12.720074653625488,0
120.23,625.4588623046875,-12.713366508483887,0
120.24,625.3406982421875,-12.704100608825684,0
120.25,625.2396850585938,-12.677207946777344,0
120.26,625.1409912109375,-12.648179054260254,0
120.27,625.0391235351562,-12.622721672058105,0
120.28,624.9395751953125,-12.595109939575195,0
120.29,624.84228515625,-12.56539249420166,0
120.3,624.7381591796875,-12.543086051940918,0
120.31,624.6364135742188,-12.518576622009277,0
120.32,624.53515625,-12.493820190429688,0
120.33,624.4306640625,-12.472636222839355,0
120.34,624.32666015625,-12.451146125793457,0
120.35,624.221435546875,-12.431208610534668,0
120.36,624.1185302734375,-12.40904426574707,0
120.37,624.0106201171875,-12.392322540283203,0
120.38,623.8904418945312,-12.38844108581543,0
120.39,623.787353515625,-12.366887092590332,0
120.4,623.6646728515625,-12.365896224975586,0
120.41,623.5408325195312,-12.366056442260742,0
120.42,623.4121704101562,-12.371210098266602,0
120.43,623.2843017578125,-12.375482559204102,0
120.44,623.1589965820312,-12.377042770385742,0
120.45,623.0362548828125,-12.375946998596191,0
120.46,622.8757934570312,-12.41392707824707,0
120.47,622.71826171875,-12.448497772216797,0
120.48,622.5580444335938,-12.485435485839844,0
120.49,622.3971557617188,-12.522721290588379,0
120.5,622.2391967773438,-12.556588172912598,0
120.51,622.0805053710938,-12.590909004211426,0
120.52,621.9210205078125,-12.625667572021484,0
120.53,621.7607421875,-12.660846710205078,0
120.54,621.6034545898438,-12.692621231079102,0
120.55,621.4490356445312,-12.721053123474121,0
120.56,621.2975463867188,-12.746206283569336,0
120.57,621.14892578125,-12.768142700195312,0
120.58,621.0031127929688,-12.7869234085083,0
120.59,620.845458984375,-12.817732810974121,0
120.6,620.6907348632812,-12.845192909240723,0
120.61,620.5388793945312,-12.869366645812988,0
120.62,620.3880615234375,-12.892220497131348,0
120.63,620.2420043945312,-12.909968376159668,0
120.64,620.096923828125,-12.926520347595215,0
120.65,619.9546508789062,-12.939992904663086,0
120.66,619.8224487304688,-12.94288444519043,0
120.67,619.6856079101562,-12.95053482055664,0
120.68,619.558837890625,-12.947720527648926,0
120.69,619.4310913085938,-12.945972442626953,0
120.7,619.3114013671875,-12.935858726501465,0
120.71,619.1942749023438,-12.923210144042969,0
120.72,619.07421875,-12.913738250732422,0
120.73,618.9566650390625,-12.90172290802002,0
120.74,618.8416748046875,-12.88721752166748,0
120.75,618.7236938476562,-12.875992774963379,0
120.76,618.608154296875,-12.86226749420166,0
120.77,618.4951782226562,-12.846096992492676,0
120.78,618.3846435546875,-12.827533721923828,0
120.79,618.2600708007812,-12.823661804199219,0
120.8,618.1399536132812,-12.8152437210083,0
120.81,618.0223999023438,-12.804280281066895,0
120.82,617.89453125,-12.804105758666992,0
120.83,617.769287109375,-12.801219940185547,0
120.84,617.6466674804688,-12.795680046081543,0
120.85,617.526611328125,-12.787542343139648,0
120.86,617.3779296875,-12.809069633483887,0
120.87,617.2320556640625,-12.82744026184082,0
120.88,617.0889892578125,-12.842714309692383,0
120.89,616.94873046875,-12.854952812194824,0
120.9,616.8112182617188,-12.864214897155762,0
120.91,616.6764526367188,-12.870558738708496,0
120.92,616.5626831054688,-12.85505485534668,0
120.93,616.4642333984375,-12.823923110961914,0
120.94,616.3553466796875,-12.803930282592773,0
120.95,616.2488403320312,-12.781632423400879,0
120.96,616.1337890625,-12.768453598022461,0
120.97,616.0211791992188,-12.752838134765625,0
120.98,615.9110717773438,-12.73483943939209,0
120.99,615.8034057617188,-12.714509963989258,0
121,615.6981201171875,-12.691902160644531,0
121.01,615.59521484375,-12.667067527770996,0
121.02,615.490966796875,-12.643865585327148,0
121.03,615.3890380859375,-12.618457794189453,0
121.04,615.2894897460938,-12.590895652770996,0
121.05,615.1812744140625,-12.572599411010742,0
121.06,615.0699462890625,-12.557672500610352,0
121.07,614.9611206054688,-12.540389060974121,0
121.08,614.8290405273438,-12.547296524047852,0
121.09,614.69775390625,-12.553306579589844,0
121.1,614.5599365234375,-12.565999031066895,0
121.11,614.4339599609375,-12.566300392150879,0
121.12,614.2977294921875,-12.577207565307617,0
121.13,614.1605834960938,-12.58897590637207,0
121.14,614.0096435546875,-12.61486530303955,0
121.15,613.8541870117188,-12.64516544342041,0
121.16,613.70166015625,-12.672163963317871,0
121.17,613.552001953125,-12.695923805236816,0
121.18,613.4051513671875,-12.71650505065918,0
121.19,613.2611694335938,-12.733969688415527,0
121.2,613.1199340820312,-12.748377799987793,0
121.21,612.9813842773438,-12.759787559509277,0
121.22,612.8455810546875,-12.768258094787598,0
121.23,612.7289428710938,-12.756819725036621,0
121.24,612.6166381835938,-12.741006851196289,0
121.25,612.5050048828125,-12.72472095489502,0
121.26,612.3775024414062,-12.725004196166992,0
121.27,612.22705078125,-12.749025344848633,0
121.28,612.0794067382812,-12.769851684570312,0
121.29,611.9346313476562,-12.787544250488281,0
121.3,611.7926635742188,-12.802163124084473,0
121.31,611.6588745117188,-12.808111190795898,0
121.32,611.52783203125,-12.811223030090332,0
121.33,611.39208984375,-12.819120407104492,0
121.34,611.2590942382812,-12.824138641357422,0
121.35,611.1287231445312,-12.826335906982422,0
121.36,610.9863891601562,-12.840950012207031,0
121.37,610.8687744140625,-12.829797744750977,0
121.38,610.753662109375,-12.816154479980469,0
121.39,610.6410522460938,-12.800073623657227,0
121.4,610.5089111328125,-12.804353713989258,0
121.41,610.3794555664062,-12.805830955505371,0
121.42,610.2526245117188,-12.804564476013184,0
121.43,610.1193237304688,-12.810018539428711,0
121.44,609.96484375,-12.837292671203613,0
121.45,609.8132934570312,-12.861286163330078,0
121.46,609.6591796875,-12.88771915435791,0
121.47,609.5078735351562,-12.91087818145752,0
121.48,609.3594970703125,-12.930825233459473,0
121.49,609.2102661132812,-12.951431274414062,0
121.5,609.052978515625,-12.980186462402344,0
121.51,608.8986206054688,-13.005600929260254,0
121.52,608.7471923828125,-13.027737617492676,0
121.53,608.6005249023438,-13.044753074645996,0
121.54,608.4566650390625,-13.05865478515625,0
121.55,608.3192138671875,-13.065751075744629,0
121.56,608.1808471679688,-13.073683738708496,0
121.57,608.0452880859375,-13.078681945800781,0
121.58,607.9124145507812,-13.080804824829102,0
121.59,607.7822875976562,-13.080111503601074,0
121.6,607.6548461914062,-13.076659202575684,0
121.61,607.530029296875,-13.07050609588623,0
121.62,607.4041748046875,-13.065520286560059,0
121.63,607.2681274414062,-13.071085929870605,0
121.64,607.1348266601562,-13.073765754699707,0
121.65,606.9859619140625,-13.092552185058594,0
121.66,606.8399658203125,-13.108179092407227,0
121.67,606.69677734375,-13.120706558227539,0
121.68,606.556396484375,-13.130196571350098,0
121.69,606.4188232421875,-13.136709213256836,0
121.7,606.28759765625,-13.136550903320312,0
121.71,606.175537109375,-13.11658000946045,0
121.72,606.0659790039062,-13.094237327575684,0
121.73,605.9588623046875,-13.06957721710205,0
121.74,605.8541870117188,-13.042652130126953,0
121.75,605.7537231445312,-13.011610984802246,0
121.76,605.6373291015625,-12.997379302978516,0
121.77,605.521728515625,-12.982534408569336,0
121.78,605.4086303710938,-12.965241432189941,0
121.79,605.2907104492188,-12.953113555908203,0
121.8,605.1753540039062,-12.938488006591797,0
121.81,605.0624389648438,-12.921420097351074,0
121.82,604.9520263671875,-12.901962280273438,0
121.83,604.8203125,-12.904759407043457,0
121.84,604.6912841796875,-12.904764175415039,0
121.85,604.5648803710938,-12.902033805847168,0
121.86,604.4411010742188,-12.896623611450195,0
121.87,604.3198852539062,-12.888590812683105,0
121.88,604.2176513671875,-12.861016273498535,0
121.89,604.1177978515625,-12.831280708312988,0
121.9,604.0001831054688,-12.82021713256836,0
121.91,603.8851318359375,-12.806663513183594,0
121.92,603.7706909179688,-12.792577743530273,0
121.93,603.6568603515625,-12.777973175048828,0
121.94,603.5454711914062,-12.760957717895508,0
121.95,603.4365844726562,-12.741584777832031,0
121.96,603.330078125,-12.719907760620117,0
121.97,603.2242431640625,-12.69782543182373,0
121.98,603.12255859375,-12.671656608581543,0
121.99,603.0214233398438,-12.645185470581055,0
122,602.922607421875,-12.616575241088867,0
122.01,602.8242797851562,-12.58778190612793,0
122.02,602.7301025390625,-12.555005073547363,0
122.03,602.6491088867188,-12.50892448425293,0
122.04,602.5702514648438,-12.461136817932129,0
122.05,602.493408203125,-12.411686897277832,0
122.06,602.4186401367188,-12.360618591308594,0
122.07,602.3331298828125,-12.321195602416992,0
122.08,602.2625122070312,-12.266748428344727,0
122.09,602.1792602539062,-12.225939750671387,0
122.1,602.1035766601562,-12.177718162536621,0
122.11,602.0299682617188,-12.127902030944824,0
122.12,601.952880859375,-12.082192420959473,0
122.13,601.8777465820312,-12.034857749938965,0
122.14,601.8046264648438,-11.985940933227539,0
122.15,601.7335205078125,-11.935483932495117,0
122.16,601.6588745117188,-11.88918685913086,0
122.17,601.5770874023438,-11.850787162780762,0
122.18,601.5064697265625,-11.801192283630371,0
122.19,601.4359741210938,-11.752017974853516,0
122.2,601.360107421875,-11.708922386169434,0
122.21,601.2862548828125,-11.664227485656738,0
122.22,601.2142944335938,-11.617976188659668,0
122.23,601.144287109375,-11.570209503173828,0
122.24,601.076171875,-11.520968437194824,0
122.25,601.0172119140625,-11.46273136138916,0
122.26,600.9637451171875,-11.399445533752441,0
122.27,600.9082641601562,-11.338850975036621,0
122.28,600.8380737304688,-11.294121742248535,0
122.29,600.7826538085938,-11.234639167785645,0
122.3,600.7362060546875,-11.166428565979004,0
122.31,600.6913452148438,-11.097248077392578,0
122.32,600.6481323242188,-11.027132034301758,0
122.33,600.6064453125,-10.956113815307617,0
122.34,600.5590209960938,-10.891791343688965,0
122.35,600.509521484375,-10.830286026000977,0
122.36,600.461669921875,-10.767745971679688,0
122.37,600.4154052734375,-10.704204559326172,0
122.38,600.3670654296875,-10.643446922302246,0
122.39,600.2892456054688,-10.613831520080566,0
122.4,600.2023315429688,-10.59394359588623,0
122.41,600.1173706054688,-10.572216987609863,0
122.42,600.0343627929688,-10.548694610595703,0
122.43,599.9533081054688,-10.523417472839355,0
122.44,599.8741455078125,-10.496427536010742,0
122.45,599.8352661132812,-10.428049087524414,0
122.46,599.7977905273438,-10.358860969543457,0
122.47,599.763671875,-10.286989212036133,0
122.48,599.73095703125,-10.214409828186035,0
122.49,599.708740234375,-10.131684303283691,0
122.5,599.6786499023438,-10.05797290802002,0
122.51,599.6480712890625,-9.985543251037598,0
122.52,599.6060180664062,-9.925699234008789,0
122.53,599.5654296875,-9.86497688293457,0
122.54,599.5263061523438,-9.803407669067383,0
122.55,599.503173828125,-9.725898742675781,0
122.56,599.4666748046875,-9.663039207458496,0
122.57,599.4461669921875,-9.584295272827148,0
122.58,599.4158325195312,-9.516504287719727,0
122.59,599.3867797851562,-9.448084831237793,0
122.6,599.3590087890625,-9.379063606262207,0
122.61,599.3324584960938,-9.309468269348145,0
122.62,599.3016967773438,-9.244982719421387,0
122.63,599.2538452148438,-9.198789596557617,0
122.64,599.2074584960938,-9.151593208312988,0
122.65,599.1625366210938,-9.103423118591309,0
122.66,599.1171264648438,-9.056159973144531,0
122.67,599.0731201171875,-9.00794506072998,0
122.68,599.0322875976562,-8.95695686340332,0
122.69,598.990966796875,-8.906964302062988,0
122.7,598.9528198242188,-8.854256629943848,0
122.71,598.9196166992188,-8.796944618225098,0
122.72,598.8876953125,-8.738941192626953,0
122.73,598.84423828125,-8.693490982055664,0
122.74,598.8148803710938,-8.633912086486816,0
122.75,598.7958374023438,-8.564255714416504,0
122.76,598.7778930664062,-8.494211196899414,0
122.77,598.760986328125,-8.423800468444824,0
122.78,598.7451171875,-8.353047370910645,0
122.79,598.6937255859375,-8.319779396057129,0
122.8,598.6364135742188,-8.292994499206543,0
122.81,598.5878295898438,-8.257434844970703,0
122.82,598.5405883789062,-8.220853805541992,0
122.83,598.4946899414062,-8.183279037475586,0
122.84,598.4427490234375,-8.152302742004395,0
122.85,598.3922119140625,-8.120231628417969,0
122.86,598.3430786132812,-8.08709716796875,0
122.87,598.2952270507812,-8.05292797088623,0
122.88,598.2487182617188,-8.017751693725586,0
122.89,598.2034301757812,-7.981595993041992,0
122.9,598.15576171875,-7.948294639587402,0
122.91,598.1094360351562,-7.913990497589111,0
122.92,598.0607299804688,-7.882465839385986,0
122.93,598.0133666992188,-7.849916458129883,0
122.94,597.9654541015625,-7.818274021148682,0
122.95,597.9114990234375,-7.79318380355835,0
122.96,597.8662109375,-7.759393692016602,0
122.97,597.8148803710938,-7.732212543487549,0
122.98,597.7648315429688,-7.703948497772217,0
122.99,597.7161254882812,-7.674630165100098,0
123,597.668701171875,-7.644285678863525,0
123.01,597.604248046875,-7.6318745613098145,0
123.02,597.541259765625,-7.618099689483643,0
123.03,597.4796752929688,-7.602992057800293,0
123.04,597.4249877929688,-7.580867767333984,0
123.05,597.3717041015625,-7.557589054107666,0
123.06,597.3197021484375,-7.533185958862305,0
123.07,597.26904296875,-7.507685661315918,0
123.08,597.2196655273438,-7.481116771697998,0
123.09,597.1715087890625,-7.453505992889404,0
123.1,597.1246337890625,-7.4248809814453125,0
123.11,597.0790405273438,-7.39526891708374,0
123.12,597.0327758789062,-7.366602420806885,0
123.13,596.9840698242188,-7.340768337249756,0
123.14,596.9365844726562,-7.313907146453857,0
123.15,596.890380859375,-7.286045551300049,0
123.16,596.8363037109375,-7.2666215896606445,0
123.17,596.7835083007812,-7.2460551261901855,0
123.18,596.7319946289062,-7.224374771118164,0
123.19,596.6817016601562,-7.201605796813965,0
123.2,596.634521484375,-7.1759257316589355,0
123.21,596.5867309570312,-7.151101112365723,0
123.22,596.5401611328125,-7.125268459320068,0
123.23,596.4929809570312,-7.1003594398498535,0
123.24,596.443359375,-7.0782647132873535,0
123.25,596.3948974609375,-7.055121898651123,0
123.26,596.3513793945312,-7.0271477699279785,0
123.27,596.3053588867188,-7.0020670890808105,0
123.28,596.2587280273438,-6.977863311767578,0
123.29,596.2078247070312,-6.9583330154418945,0
123.3,596.1544799804688,-6.941536903381348,0
123.31,596.1024169921875,-6.923614025115967,0
123.32,596.046142578125,-6.910250663757324,0
123.33,595.9910888671875,-6.895697116851807,0
123.34,595.9373168945312,-6.879978656768799,0
123.35,595.8848266601562,-6.863124370574951,0
123.36,595.8390502929688,-6.839501857757568,0
123.37,595.7943725585938,-6.814912796020508,0
123.38,595.7472534179688,-6.793133735656738,0
123.39,595.7013549804688,-6.770361423492432,0
123.4,595.6566162109375,-6.746621131896973,0
123.41,595.613037109375,-6.721937656402588,0
123.42,595.5687255859375,-6.698242664337158,0
123.43,595.5255737304688,-6.673613548278809,0
123.44,595.4835205078125,-6.648074626922607,0
123.45,595.4334106445312,-6.631115436553955,0
123.46,595.3826904296875,-6.614999771118164,0
123.47,595.3331298828125,-6.597811698913574,0
123.48,595.28662109375,-6.577674865722656,0
123.49,595.2412109375,-6.55655574798584,0
123.5,595.1951293945312,-6.536381244659424,0
123.51,595.1392822265625,-6.52655029296875,0
123.52,595.0792236328125,-6.521194934844971,0
123.53,595.02587890625,-6.508910655975342,0
123.54,594.9683227539062,-6.501154899597168,0
123.55,594.91748046875,-6.486523628234863,0
123.56,594.8623046875,-6.476473808288574,0
123.57,594.7919311523438,-6.482287406921387,0
123.58,594.7393798828125,-6.469577312469482,0
123.59,594.6715698242188,-6.472785949707031,0
123.6,594.5960083007812,-6.483964920043945,0
123.61,594.531005859375,-6.484131813049316,0
123.62,594.4673461914062,-6.4829206466674805,0
123.63,594.405029296875,-6.48036003112793,0
123.64,594.3439331054688,-6.476478576660156,0
123.65,594.2841796875,-6.4713029861450195,0
123.66,594.2257080078125,-6.464861869812012,0
123.67,594.1557006835938,-6.470400810241699,0
123.68,594.0852661132812,-6.4763593673706055,0
123.69,594.0308227539062,-6.465700149536133,0
123.7,593.9776000976562,-6.4538893699646,0
123.71,593.9109497070312,-6.456076145172119,0
123.72,593.8456420898438,-6.456848621368408,0
123.73,593.7816772460938,-6.456236839294434,0
123.74,593.72265625,-6.4504594802856445,0
123.75,593.6722412109375,-6.435871124267578,0
123.76,593.623046875,-6.420217514038086,0
123.77,593.574951171875,-6.403523921966553,0
123.78,593.520751953125,-6.393375873565674,0
123.79,593.4677734375,-6.382081508636475,0
123.8,593.4159545898438,-6.369665145874023,0
123.81,593.3652954101562,-6.3561530113220215,0
123.82,593.3121948242188,-6.3453803062438965,0
123.83,593.2328491210938,-6.3618268966674805,0
123.84,593.1549682617188,-6.376588821411133,0
123.85,593.0784912109375,-6.389695644378662,0
123.86,593.0034790039062,-6.40117883682251,0
123.87,592.9298706054688,-6.411069393157959,0
123.88,592.8687133789062,-6.408024787902832,0
123.89,592.7978515625,-6.415057182312012,0
123.9,592.7283325195312,-6.420586109161377,0
123.91,592.658447265625,-6.426487445831299,0
123.92,592.5844116210938,-6.436619758605957,0
123.93,592.51171875,-6.4451799392700195,0
123.94,592.431396484375,-6.461606979370117,0
123.95,592.3470458984375,-6.481986999511719,0
123.96,592.262451171875,-6.502476692199707,0
123.97,592.1775512695312,-6.523074150085449,0
123.98,592.0941162109375,-6.541866302490234,0
123.99,592.0122680664062,-6.5588860511779785,0
124,591.931884765625,-6.574166774749756,0
124.01,591.85302734375,-6.587740898132324,0
124.02,591.7702026367188,-6.605299949645996,0
124.03,591.6798095703125,-6.6305084228515625,0
124.04,591.5910034179688,-6.6537957191467285,0
124.05,591.5183715820312,-6.660126686096191,0
124.06,591.4471435546875,-6.664916515350342,0
124.07,591.3773193359375,-6.6681952476501465,0
124.08,591.2943115234375,-6.685060977935791,0
124.09,591.212890625,-6.700164318084717,0
124.1,591.1329345703125,-6.713537693023682,0
124.11,591.0361938476562,-6.74414587020874,0
124.12,590.9576416015625,-6.755669116973877,0
124.13,590.8640747070312,-6.782552242279053,0
124.14,590.764892578125,-6.8150105476379395,0
124.15,590.6710815429688,-6.841549396514893,0
124.16,590.5752563476562,-6.869903564453125,0
124.17,590.4756469726562,-6.901876449584961,0
124.18,590.3814697265625,-6.927922248840332,0
124.19,590.2615966796875,-6.980309963226318,0
124.2,590.1417846679688,-7.032049655914307,0
124.21,590.02392578125,-7.081238746643066,0
124.22,589.9080200195312,-7.1279191970825195,0
124.23,589.7940063476562,-7.1721320152282715,0
124.24,589.681884765625,-7.213919162750244,0
124.25,589.5716552734375,-7.253320217132568,0
124.26,589.4633178710938,-7.290376663208008,0
124.27,589.3568725585938,-7.32512903213501,0
124.28,589.2303466796875,-7.380246639251709,0
124.29,589.1058959960938,-7.432670593261719,0
124.3,588.9834594726562,-7.482444763183594,0
124.31,588.8612060546875,-7.531517505645752,0
124.32,588.7427978515625,-7.576083660125732,0
124.33,588.6264038085938,-7.618130683898926,0
124.34,588.50830078125,-7.661510467529297,0
124.35,588.3922119140625,-7.7023773193359375,0
124.36,588.250732421875,-7.769061088562012,0
124.37,588.1060180664062,-7.838387966156006,0
124.38,587.9599609375,-7.90844202041626,0
124.39,587.816162109375,-7.97538423538208,0
124.4,587.6710205078125,-8.043018341064453,0
124.41,587.5281982421875,-8.107562065124512,0
124.42,587.3804321289062,-8.176626205444336,0
124.43,587.2349243164062,-8.242542266845703,0
124.44,587.091796875,-8.305360794067383,0
124.45,586.9509887695312,-8.365131378173828,0
124.46,586.8124389648438,-8.421903610229492,0
124.47,586.6762084960938,-8.475727081298828,0
124.48,586.534912109375,-8.534213066101074,0
124.49,586.39599609375,-8.589692115783691,0
124.5,586.2593383789062,-8.642213821411133,0
124.51,586.121337890625,-8.695579528808594,0
124.52,585.9837646484375,-8.747912406921387,0
124.53,585.8048095703125,-8.842577934265137,0
124.54,585.6248779296875,-8.937238693237305,0
124.55,585.44775390625,-9.02806568145752,0
124.56,585.2733764648438,-9.115118026733398,0
124.57,585.1017456054688,-9.198455810546875,0
124.58,584.9327392578125,-9.27813720703125,0
124.59,584.7664184570312,-9.354219436645508,0
124.6,584.6064453125,-9.42294979095459,0
124.61,584.4453735351562,-9.492083549499512,0
124.62,584.2687377929688,-9.576663970947266,0
124.63,584.0948486328125,-9.65748119354248,0
124.64,583.9182739257812,-9.740255355834961,0
124.65,583.739013671875,-9.82492446899414,0
124.66,583.5499267578125,-9.918936729431152,0
124.67,583.36376953125,-10.00892162322998,0
124.68,583.1586303710938,-10.117627143859863,0
124.69,582.9566040039062,-10.22196102142334,0
124.7,582.7485961914062,-10.331401824951172,0
124.71,582.5437622070312,-10.436408996582031,0
124.72,582.3421630859375,-10.537052154541016,0
124.73,582.1437377929688,-10.633400917053223,0
124.74,581.9392700195312,-10.734989166259766,0
124.75,581.7343139648438,-10.835972785949707,0
124.76,581.5289916992188,-10.936346054077148,0
124.77,581.3250122070312,-11.034246444702148,0
124.78,581.124267578125,-11.127801895141602,0
124.79,580.8939208984375,-11.251028060913086,0
124.8,580.6671142578125,-11.369345664978027,0
124.81,580.4382934570312,-11.488486289978027,0
124.82,580.2130126953125,-11.602750778198242,0
124.83,579.9912109375,-11.712215423583984,0
124.84,579.7710571289062,-11.818859100341797,0
124.85,579.5526123046875,-11.922661781311035,0
124.86,579.32666015625,-12.033127784729004,0
124.87,579.1041870117188,-12.138779640197754,0
124.88,578.8724975585938,-12.252911567687988,0
124.89,578.618896484375,-12.38848876953125,0
124.9,578.3637084960938,-12.524320602416992,0
124.91,578.1124877929688,-12.654714584350586,0
124.92,577.86328125,-12.781660079956055,0
124.93,577.6160888671875,-12.905198097229004,0
124.94,577.3709716796875,-13.025320053100586,0
124.95,577.116943359375,-13.153438568115234,0
124.96,576.8668212890625,-13.276144027709961,0
124.97,576.6188354492188,-13.39537239074707,0
124.98,576.3455810546875,-13.539508819580078,0
124.99,576.0765380859375,-13.67782211303711,0
125,575.8098754882812,-13.812250137329102,0
125.01,575.5272827148438,-13.96177864074707,0
125.02,575.2417602539062,-14.11279010772705,0
125.03,574.9405517578125,-14.278441429138184,0
125.04,574.6439208984375,-14.43767261505127,0
125.05,574.34814453125,-14.594390869140625,0
125.06,574.056884765625,-14.744805335998535,0
125.07,573.7500610351562,-14.909738540649414,0
125.08,573.4478759765625,-15.068132400512695,0
125.09,573.1503295898438,-15.220087051391602,0
125.1,572.857421875,-15.365701675415039,0
125.11,572.5690307617188,-15.50507640838623,0
125.12,572.2852783203125,-15.63830852508545,0
125.13,571.9932861328125,-15.778660774230957,0
125.14,571.7058715820312,-15.912793159484863,0
125.15,571.435791015625,-16.02764129638672,0
125.16,571.1701049804688,-16.13673973083496,0
125.17,570.8760375976562,-16.274070739746094,0
125.18,570.586669921875,-16.405139923095703,0
125.19,570.3018798828125,-16.530046463012695,0
125.2,570.052734375,-16.616851806640625,0
125.21,569.813232421875,-16.69269561767578,0
125.22,569.5779418945312,-16.763446807861328,0
125.23,569.3430786132812,-16.833003997802734,0
125.24,569.1123657226562,-16.897567749023438,0
125.25,568.8857421875,-16.95722770690918,0
125.26,568.6632080078125,-17.01207160949707,0
125.27,568.44287109375,-17.064037322998047,0
125.28,568.188232421875,-17.15091896057129,0
125.29,567.9362182617188,-17.234235763549805,0
125.3,567.679443359375,-17.32159996032715,0
125.31,567.4234008789062,-17.407312393188477,0
125.32,567.1717529296875,-17.487579345703125,0
125.33,566.9244995117188,-17.5624942779541,0
125.34,566.6815795898438,-17.632152557373047,0
125.35,566.4429321289062,-17.696645736694336,0
125.36,566.2085571289062,-17.756067276000977,0
125.37,565.9783935546875,-17.81050682067871,0
125.38,565.736083984375,-17.876972198486328,0
125.39,565.494384765625,-17.942094802856445,0
125.4,565.2369384765625,-18.022804260253906,0
125.41,564.9840087890625,-18.098039627075195,0
125.42,564.7355346679688,-18.167898178100586,0
125.43,564.4805297851562,-18.243732452392578,0
125.44,564.2300415039062,-18.314146041870117,0
125.45,563.9803466796875,-18.382986068725586,0
125.46,563.735107421875,-18.44651985168457,0
125.47,563.4943237304688,-18.504840850830078,0
125.48,563.254150390625,-18.561853408813477,0
125.49,562.9983520507812,-18.634489059448242,0
125.5,562.7470703125,-18.70168685913086,0
125.51,562.5003051757812,-18.7635440826416,0
125.52,562.2579956054688,-18.82015609741211,0
125.53,562.0018920898438,-18.890439987182617,0
125.54,561.7503051757812,-18.955280303955078,0
125.55,561.50146484375,-19.016620635986328,0
125.56,561.2571411132812,-19.07267189025879,0
125.57,561.00634765625,-19.134849548339844,0
125.58,560.7600708007812,-19.19169807434082,0
125.59,560.518310546875,-19.24331283569336,0
125.6,560.2645263671875,-19.306764602661133,0
125.61,560.015380859375,-19.364822387695312,0
125.62,559.770751953125,-19.417587280273438,0
125.63,559.5306396484375,-19.46515464782715,0
125.64,559.2949829101562,-19.50762176513672,0
125.65,559.0528564453125,-19.55634117126465,0
125.66,558.815185546875,-19.599918365478516,0
125.67,558.5819702148438,-19.638446807861328,0
125.68,558.3530883789062,-19.67202377319336,0
125.69,558.1267700195312,-19.702646255493164,0
125.7,557.8956909179688,-19.737873077392578,0
125.71,557.6635131835938,-19.773853302001953,0
125.72,557.4357299804688,-19.80490493774414,0
125.73,557.208740234375,-19.83487319946289,0
125.74,556.982421875,-19.86377716064453,0
125.75,556.7514038085938,-19.897287368774414,0
125.76,556.5247802734375,-19.925893783569336,0
125.77,556.302490234375,-19.949687957763672,0
125.78,556.0845336914062,-19.968765258789062,0
125.79,555.8672485351562,-19.986970901489258,0
125.8,555.6524047851562,-20.002471923828125,0
125.81,555.4381713867188,-20.017168045043945,0
125.82,555.2281494140625,-20.027318954467773,0
125.83,555.0205688476562,-20.034923553466797,0
125.84,554.8026123046875,-20.05313491821289,0
125.85,554.5889282226562,-20.066722869873047,0
125.86,554.3795166015625,-20.07577896118164,0
125.87,554.17431640625,-20.080394744873047,0
125.88,553.9732666015625,-20.080657958984375,0
125.89,553.7799682617188,-20.072904586791992,0
125.9,553.5906982421875,-20.06105613708496,0
125.91,553.4017944335938,-20.048952102661133,0
125.92,553.2186279296875,-20.030996322631836,0
125.93,553.0394287109375,-20.0091609954834,0
125.94,552.8550415039062,-19.992944717407227,0
125.95,552.6690673828125,-19.978477478027344,0
125.96,552.487060546875,-19.960073471069336,0
125.97,552.3089599609375,-19.937814712524414,0
125.98,552.1329345703125,-19.913631439208984,0
125.99,551.9461669921875,-19.900789260864258,0
126,551.7724609375,-19.87458038330078,0
126.01,551.6026000976562,-19.844696044921875,0
126.02,551.420166015625,-19.82813262939453,0
126.03,551.2415771484375,-19.80770492553711,0
126.04,551.0650634765625,-19.785402297973633,0
126.05,550.8778076171875,-19.77442741394043,0
126.06,550.7072143554688,-19.746322631835938,0
126.07,550.5404052734375,-19.71460723876953,0
126.08,550.3773193359375,-19.679363250732422,0
126.09,550.2052001953125,-19.653833389282227,0
126.1,550.036865234375,-19.62466049194336,0
126.11,549.8722534179688,-19.5919246673584,0
126.12,549.7113037109375,-19.555706024169922,0
126.13,549.5540161132812,-19.516082763671875,0
126.14,549.4003295898438,-19.473133087158203,0
126.15,549.2448120117188,-19.43259620666504,0
126.16,549.0928344726562,-19.388771057128906,0
126.17,548.9225463867188,-19.36430549621582,0
126.18,548.7523803710938,-19.33998680114746,0
126.19,548.5841674804688,-19.313913345336914,0
126.2,548.419677734375,-19.28428077697754,0
126.21,548.2515258789062,-19.258729934692383,0
126.22,548.0944213867188,-19.222057342529297,0
126.23,547.9408569335938,-19.18206214904785,0
126.24,547.7908325195312,-19.13882064819336,0
126.25,547.636962890625,-19.0999698638916,0
126.26,547.4866943359375,-19.0578670501709,0
126.27,547.338134765625,-19.014434814453125,0
126.28,547.19482421875,-18.966014862060547,0
126.29,547.0531005859375,-18.91641616821289,0
126.3,546.914794921875,-18.86382293701172,0
126.31,546.77978515625,-18.808307647705078,0
126.32,546.6571655273438,-18.74053192138672,0
126.33,546.5213623046875,-18.687145233154297,0
126.34,546.3888549804688,-18.630889892578125,0
126.35,546.2469482421875,-18.58500099182129,0
126.36,546.1210327148438,-18.522951126098633,0
126.37,545.998291015625,-18.45824432373047,0
126.38,545.8824462890625,-18.38714027404785,0
126.39,545.7695922851562,-18.313594818115234,0
126.4,545.6380004882812,-18.260303497314453,0
126.41,545.5095825195312,-18.204233169555664,0
126.42,545.3843383789062,-18.14545249938965,0
126.43,545.273193359375,-18.07271385192871,0
126.44,545.1759643554688,-17.98632049560547,0
126.45,545.0706176757812,-17.909198760986328,0
126.46,544.9682006835938,-17.82986068725586,0
126.47,544.8577270507812,-17.75968360900879,0
126.48,544.7411499023438,-17.696533203125,0
126.49,544.6276245117188,-17.63092613220215,0
126.5,544.506103515625,-17.574237823486328,0
126.51,544.3876342773438,-17.51498794555664,0
126.52,544.2721557617188,-17.453237533569336,0
126.53,544.1578369140625,-17.390901565551758,0
126.54,544.0465087890625,-17.326156616210938,0
126.55,543.9326171875,-17.26472282409668,0
126.56,543.8125610351562,-17.210298538208008,0
126.57,543.6954956054688,-17.15334129333496,0
126.58,543.5814208984375,-17.093914031982422,0
126.59,543.47021484375,-17.032081604003906,0
126.6,543.3618774414062,-16.96790313720703,0
126.61,543.2564086914062,-16.901443481445312,0
126.62,543.150146484375,-16.83651351928711,0
126.63,543.0430908203125,-16.77309799194336,0
126.64,542.9388427734375,-16.707426071166992,0
126.65,542.83740234375,-16.639558792114258,0
126.66,542.7350463867188,-16.573307037353516,0
126.67,542.6354370117188,-16.504899978637695,0
126.68,542.5330810546875,-16.440052032470703,0
126.69,542.4261474609375,-16.38055419921875,0
126.7,542.322021484375,-16.318801879882812,0
126.71,542.2205810546875,-16.25485610961914,0
126.72,542.1200561523438,-16.1906795501709,0
126.73,542.022216796875,-16.1243839263916,0
126.74,541.927001953125,-16.056028366088867,0
126.75,541.8180541992188,-16.00258445739746,0
126.76,541.708251953125,-15.950594902038574,0
126.77,541.5885009765625,-15.909452438354492,0
126.78,541.4715576171875,-15.865779876708984,0
126.79,541.3575439453125,-15.8196382522583,0
126.8,541.2426147460938,-15.77484130859375,0
126.81,541.1195678710938,-15.738932609558105,0
126.82,540.99755859375,-15.7022705078125,0
126.83,540.8711547851562,-15.670591354370117,0
126.84,540.7476806640625,-15.636240005493164,0
126.85,540.6343383789062,-15.591716766357422,0
126.86,540.5255126953125,-15.542952537536621,0
126.87,540.4193725585938,-15.491891860961914,0
126.88,540.3159790039062,-15.438592910766602,0
126.89,540.2134399414062,-15.384961128234863,0
126.9,540.1007690429688,-15.342329978942871,0
126.91,539.9889526367188,-15.299223899841309,0
126.92,539.8798828125,-15.253756523132324,0
126.93,539.7662963867188,-15.213491439819336,0
126.94,539.6553344726562,-15.17082691192627,0
126.95,539.547119140625,-15.125819206237793,0
126.96,539.434326171875,-15.086034774780273,0
126.97,539.320556640625,-15.047618865966797,0
126.98,539.2095336914062,-15.006800651550293,0
126.99,539.095703125,-14.969295501708984,0
127,538.9845581054688,-14.9293851852417,0
127.01,538.881591796875,-14.881468772888184,0
127.02,538.7811889648438,-14.831379890441895,0
127.03,538.683349609375,-14.779172897338867,0
127.04,538.5934448242188,-14.719304084777832,0
127.05,538.5150146484375,-14.648130416870117,0
127.06,538.4389038085938,-14.575309753417969,0
127.07,538.3577880859375,-14.508395195007324,0
127.08,538.2789916992188,-14.439775466918945,0
127.09,538.2006225585938,-14.371406555175781,0
127.1,538.119140625,-14.306990623474121,0
127.11,538.0236206054688,-14.257776260375977,0
127.12,537.9305419921875,-14.206547737121582,0
127.13,537.8253173828125,-14.168424606323242,0
127.14,537.72265625,-14.128079414367676,0
127.15,537.6370239257812,-14.0704984664917,0
127.16,537.5537109375,-14.011115074157715,0
127.17,537.4580688476562,-13.965044975280762,0
127.18,537.3794555664062,-13.90188980102539,0
127.19,537.3030395507812,-13.837081909179688,0
127.2,537.2288818359375,-13.770668029785156,0
127.21,537.1477661132812,-13.71210765838623,0
127.22,537.06884765625,-13.651839256286621,0
127.23,536.9849243164062,-13.59741497039795,0
127.24,536.8959350585938,-13.548787117004395,0
127.25,536.79833984375,-13.509539604187012,0
127.26,536.7031860351562,-13.468232154846191,0
127.27,536.6103515625,-13.424915313720703,0
127.28,536.5198364257812,-13.379639625549316,0
127.29,536.4425048828125,-13.321199417114258,0
127.3,536.3673095703125,-13.261131286621094,0
127.31,536.2670288085938,-13.227653503417969,0
127.32,536.1673583984375,-13.19390869140625,0
127.33,536.070068359375,-13.15805721282959,0
127.34,535.9768676757812,-13.118301391601562,0
127.35,535.8860473632812,-13.076579093933105,0
127.36,535.7938842773438,-13.03669261932373,0
127.37,535.7039184570312,-12.99485969543457,0
127.38,535.6162109375,-12.951128959655762,0
127.39,535.5253295898438,-12.911149978637695,0
127.4,535.4367065429688,-12.869254112243652,0
127.41,535.3412475585938,-12.83489990234375,0
127.42,535.248046875,-12.798528671264648,0
127.43,535.1571044921875,-12.760189056396484,0
127.44,535.068359375,-12.719929695129395,0
127.45,534.9818725585938,-12.6777982711792,0
127.46,534.895751953125,-12.635746955871582,0
127.47,534.802734375,-12.60123348236084,0
127.48,534.7119750976562,-12.564754486083984,0
127.49,534.62158203125,-12.528264045715332,0
127.5,534.5061645507812,-12.518036842346191,0
127.51,534.3932495117188,-12.505365371704102,0
127.52,534.28271484375,-12.490303039550781,0
127.53,534.1746826171875,-12.472901344299316,0
127.54,534.0580444335938,-12.464470863342285,0
127.55,533.954833984375,-12.442312240600586,0
127.56,533.8666381835938,-12.40480899810791,0
127.57,533.7679443359375,-12.378605842590332,0
127.58,533.6715087890625,-12.35031509399414,0
127.59,533.5755004882812,-12.321891784667969,0
127.6,533.47265625,-12.300792694091797,0
127.61,533.3812255859375,-12.26816463470459,0
127.62,533.2828979492188,-12.242959022521973,0
127.63,533.1958618164062,-12.206319808959961,0
127.64,533.096435546875,-12.182856559753418,0
127.65,532.9956665039062,-12.161043167114258,0
127.66,532.897216796875,-12.13709831237793,0
127.67,532.7882690429688,-12.124234199523926,0
127.68,532.679931640625,-12.110912322998047,0
127.69,532.57568359375,-12.093448638916016,0
127.7,532.4737548828125,-12.073779106140137,0
127.71,532.3741455078125,-12.051952362060547,0
127.72,532.2767333984375,-12.0280179977417,0
127.73,532.1815795898438,-12.00202465057373,0
127.74,532.083251953125,-11.979619979858398,0
127.75,531.9598999023438,-11.983308792114258,0
127.76,531.8390502929688,-11.984382629394531,0
127.77,531.7532348632812,-11.94912052154541,0
127.78,531.6369018554688,-11.945819854736328,0
127.79,531.5230102539062,-11.940054893493652,0
127.8,531.4114990234375,-11.931877136230469,0
127.81,531.3023681640625,-11.92133617401123,0
127.82,531.1883544921875,-11.91598892211914,0
127.83,531.0767211914062,-11.908226013183594,0
127.84,530.9674072265625,-11.89809799194336,0
127.85,530.8477783203125,-11.898818969726562,0
127.86,530.7196655273438,-11.9082612991333,0
127.87,530.5994873046875,-11.90938663482666,0
127.88,530.4818115234375,-11.907964706420898,0
127.89,530.3665161132812,-11.904047966003418,0
127.9,530.253662109375,-11.897688865661621,0
127.91,530.1377563476562,-11.894538879394531,0
127.92,530.0223999023438,-11.890835762023926,0
127.93,529.904052734375,-11.890291213989258,0
127.94,529.7880859375,-11.887237548828125,0
127.95,529.6744995117188,-11.881726264953613,0
127.96,529.5523681640625,-11.88512134552002,0
127.97,529.42919921875,-11.88962459564209,0
127.98,529.2975463867188,-11.90282917022705,0
127.99,529.159423828125,-11.92259407043457,0
128,529.02392578125,-11.939427375793457,0
128.01,528.8910522460938,-11.953384399414062,0
128.02,528.76806640625,-11.957015991210938,0
128.03,528.6420288085938,-11.963698387145996,0
128.04,528.5185546875,-11.967707633972168,0
128.05,528.3975219726562,-11.969098091125488,0
128.06,528.2789916992188,-11.967923164367676,0
128.07,528.162841796875,-11.96423625946045,0
128.08,528.0491333007812,-11.958087921142578,0
128.09,527.93603515625,-11.951377868652344,0
128.1,527.8253173828125,-11.942272186279297,0
128.11,527.7133178710938,-11.93457317352295,0
128.12,527.6036987304688,-11.9245023727417,0
128.13,527.490966796875,-11.917768478393555,0
128.14,527.3805541992188,-11.908645629882812,0
128.15,527.2689208984375,-11.9009370803833,0
128.16,527.1632690429688,-11.88711166381836,0
128.17,527.0598754882812,-11.871048927307129,0
128.18,526.9588012695312,-11.852798461914062,0
128.19,526.8563232421875,-11.836161613464355,0
128.2,526.759765625,-11.813604354858398,0
128.21,526.6599731445312,-11.79460334777832,0
128.22,526.55517578125,-11.780999183654785,0
128.23,526.4472045898438,-11.770833015441895,0
128.24,526.3469848632812,-11.75272274017334,0
128.25,526.2489624023438,-11.732491493225098,0
128.26,526.1531982421875,-11.710187911987305,0
128.27,526.0523071289062,-11.69336223602295,0
128.28,525.9536743164062,-11.67440128326416,0
128.29,525.851806640625,-11.659012794494629,0
128.3,525.752197265625,-11.64146900177002,0
128.31,525.6530151367188,-11.623664855957031,0
128.32,525.5269775390625,-11.633840560913086,0
128.33,525.4033813476562,-11.641342163085938,0
128.34,525.2750244140625,-11.653726577758789,0
128.35,525.149169921875,-11.663387298583984,0
128.36,525.03125,-11.664721488952637,0
128.37,524.9157104492188,-11.663556098937988,0
128.38,524.8025512695312,-11.659941673278809,0
128.39,524.6917724609375,-11.653929710388184,0
128.4,524.59423828125,-11.63431167602539,0
128.41,524.5151977539062,-11.595715522766113,0
128.42,524.4381103515625,-11.555451393127441,0
128.43,524.36669921875,-11.509810447692871,0
128.44,524.3025512695312,-11.457062721252441,0
128.45,524.240234375,-11.402966499328613,0
128.46,524.1797485351562,-11.347561836242676,0
128.47,524.1228637695312,-11.288981437683105,0
128.48,524.0676879882812,-11.229207038879395,0
128.49,524.0196533203125,-11.162676811218262,0
128.5,524.0313720703125,-11.035043716430664,0
128.51,524.0494995117188,-10.902084350585938,0
128.52,524.0794677734375,-10.758278846740723,0
128.53,524.1101684570312,-10.615138053894043,0
128.54,524.1471557617188,-10.467022895812988,0
128.55,524.184814453125,-10.319723129272461,0
128.56,524.239501953125,-10.15633773803711,0
128.57,524.294677734375,-9.994146347045898,0
128.58,524.350341796875,-9.833159446716309,0
128.59,524.4118041992188,-9.667783737182617,0
128.6,524.4863891601562,-9.490585327148438,0
128.61,524.5611572265625,-9.315006256103516,0
128.62,524.650634765625,-9.126038551330566,0
128.63,524.741943359375,-8.937103271484375,0
128.64,524.8441162109375,-8.738884925842285,0
128.65,524.9588623046875,-8.52971076965332,0
128.66,525.0805053710938,-8.315506935119629,0
128.67,525.2018432617188,-8.103927612304688,0
128.68,525.3226928710938,-7.894964694976807,0
128.69,525.4358520507812,-7.6961140632629395,0
128.7,525.5487060546875,-7.499704837799072,0
128.71,525.6683959960938,-7.298222541809082,0
128.72,525.78759765625,-7.099320411682129,0
128.73,525.9063720703125,-6.902987480163574,0
128.74,526.0137329101562,-6.72047233581543,0
128.75,526.1206665039062,-6.540271759033203,0
128.76,526.2271728515625,-6.362375259399414,0
128.77,526.333251953125,-6.1867756843566895,0
128.78,526.4170532226562,-6.03603458404541,0
128.79,526.4842529296875,-5.904014587402344,0
128.8,526.5460205078125,-5.779049396514893,0
128.81,526.607666015625,-5.655419826507568,0
128.82,526.663818359375,-5.538779258728027,0
128.83,526.6927490234375,-5.451528072357178,0
128.84,526.721923828125,-5.364908218383789,0
128.85,526.7640991210938,-5.2657647132873535,0
128.86,526.7936401367188,-5.1806960105896,0
128.87,526.8234252929688,-5.096271991729736,0
128.88,526.8552856445312,-5.010592937469482,0
128.89,526.8873291015625,-4.925607204437256,0
128.9,526.9122924804688,-4.848825454711914,0
128.91,526.9375,-4.772589683532715,0
128.92,526.9701538085938,-4.68939733505249,0
128.93,526.9957275390625,-4.614421844482422,0
128.94,527.021484375,-4.540003776550293,0
128.95,527.0546875,-4.4586405754089355,0
128.96,527.0880126953125,-4.377998352050781,0
128.97,527.1141967773438,-4.305586814880371,0
128.98,527.1296997070312,-4.245004653930664,0
128.99,527.1454467773438,-4.184762477874756,0
129,527.1614379882812,-4.124866962432861,0
129.01,527.177734375,-4.065323352813721,0
129.02,527.1978759765625,-4.002386569976807,0
129.03,527.2073364257812,-3.9511477947235107,0
129.04,527.1953735351562,-3.922689914703369,0
129.05,527.1802368164062,-3.897738218307495,0
129.06,527.1638793945312,-3.8743183612823486,0
129.07,527.1480712890625,-3.8505568504333496,0
129.08,527.1237182617188,-3.83587646484375,0
129.09,527.0982666015625,-3.822531223297119,0
129.1,527.0643920898438,-3.8180599212646484,0
129.11,527.014892578125,-3.829728364944458,0
129.12,526.9663696289062,-3.840346336364746,0
129.13,526.918701171875,-3.84993314743042,0
129.14,526.8555297851562,-3.8754217624664307,0
129.15,526.784423828125,-3.9089200496673584,0
129.16,526.7144775390625,-3.9409046173095703,0
129.17,526.6437377929688,-3.9733033180236816,0
129.18,526.5759887695312,-4.002291679382324,0
129.19,526.5075073242188,-4.031741619110107,0
129.2,526.4401245117188,-4.059733867645264,0
129.21,526.3739013671875,-4.086292266845703,0
129.22,526.2815551757812,-4.139612674713135,0
129.23,526.1669921875,-4.215330600738525,0
129.24,526.0485229492188,-4.294259548187256,0
129.25,525.908203125,-4.39502477645874,0
129.26,525.769775390625,-4.492794990539551,0
129.27,525.6223754882812,-4.598865985870361,0
129.28,525.4733276367188,-4.705544948577881,0
129.29,525.3262329101562,-4.809041500091553,0
129.3,525.1793823242188,-4.911245346069336,0
129.31,525.0344848632812,-5.010314464569092,0
129.32,524.8880004882812,-5.110045909881592,0
129.33,524.7380981445312,-5.212305545806885,0
129.34,524.579345703125,-5.3226237297058105,0
129.35,524.4173583984375,-5.435155868530273,0
129.36,524.2413330078125,-5.561091423034668,0
129.37,524.080322265625,-5.670159816741943,0
129.38,523.9088745117188,-5.788900375366211,0
129.39,523.7398071289062,-5.903982162475586,0
129.4,523.5730590820312,-6.015455722808838,0
129.41,523.4049072265625,-6.127176284790039,0
129.42,523.2391357421875,-6.23530912399292,0
129.43,523.0648803710938,-6.351109027862549,0
129.44,522.889404296875,-6.46694278717041,0
129.45,522.7109375,-6.584688663482666,0
129.46,522.5259399414062,-6.707980632781982,0
129.47,522.3344116210938,-6.836733818054199,0
129.48,522.1347045898438,-6.972658157348633,0
129.49,521.937744140625,-7.104321002960205,0
129.5,521.7399291992188,-7.235477924346924,0
129.51,521.544921875,-7.362414360046387,0
129.52,521.3453979492188,-7.492696285247803,0
129.53,521.148681640625,-7.618720531463623,0
129.54,520.9456787109375,-7.74995756149292,0
129.55,520.7455444335938,-7.8768630027771,0
129.56,520.5482177734375,-7.9994988441467285,0
129.57,520.3338623046875,-8.138538360595703,0
129.58,520.113525390625,-8.282360076904297,0
129.59,519.896240234375,-8.421480178833008,0
129.6,519.6765747070312,-8.561620712280273,0
129.61,519.4600219726562,-8.697074890136719,0
129.62,519.2538452148438,-8.820404052734375,0
129.63,519.04345703125,-8.946843147277832,0
129.64,518.8361206054688,-9.068796157836914,0
129.65,518.6318359375,-9.186327934265137,0
129.66,518.4306030273438,-9.299505233764648,0
129.67,518.2233276367188,-9.417746543884277,0
129.68,518.0155029296875,-9.535321235656738,0
129.69,517.8108520507812,-9.648466110229492,0
129.7,517.607421875,-9.759096145629883,0
129.71,517.392578125,-9.880401611328125,0
129.72,517.1809692382812,-9.997126579284668,0
129.73,516.9689331054688,-10.1130952835083,0
129.74,516.7528686523438,-10.232049942016602,0
129.75,516.53466796875,-10.35200023651123,0
129.76,516.2998046875,-10.487910270690918,0
129.77,516.0665893554688,-10.620718002319336,0
129.78,515.8368530273438,-10.748554229736328,0
129.79,515.6015014648438,-10.880846977233887,0
129.8,515.3551635742188,-11.02313232421875,0
129.81,515.1124877929688,-11.16016674041748,0
129.82,514.8880004882812,-11.277018547058105,0
129.83,514.637939453125,-11.419050216674805,0
129.84,514.3897705078125,-11.557656288146973,0
129.85,514.1417236328125,-11.69472599029541,0
129.86,513.8973999023438,-11.826508522033691,0
129.87,513.6567993164062,-11.953083992004395,0
129.88,513.419921875,-12.074533462524414,0
129.89,513.19580078125,-12.181526184082031,0
129.9,512.9769897460938,-12.281896591186523,0
129.91,512.7598876953125,-12.379456520080566,0
129.92,512.548095703125,-12.470545768737793,0
129.93,512.3397216796875,-12.55712604522705,0
129.94,512.138427734375,-12.635518074035645,0
129.95,511.9404602050781,-12.709626197814941,0
129.96,511.7403869628906,-12.785123825073242,0
129.97,511.5201721191406,-12.880727767944336,0
129.98,511.3034973144531,-12.971643447875977,0
129.99,511.0903625488281,-13.05794620513916,0
130,510.8934326171875,-13.126607894897461,0
130.01,510.6817932128906,-13.20978832244873,0
130.02,510.4844665527344,-13.277261734008789,0
130.03,510.2670593261719,-13.364847183227539,0
130.04,510.0514221191406,-13.449710845947266,0
130.05,509.86468505859375,-13.503772735595703,0
130.06,509.6812438964844,-13.553864479064941,0
130.07,509.4793701171875,-13.622516632080078,0
130.08,509.2773132324219,-13.690628051757812,0
130.09,509.0787353515625,-13.75444221496582,0
130.1,508.8872375488281,-13.810280799865723,0
130.11,508.6991271972656,-13.862048149108887,0
130.12,508.5161437988281,-13.90796947479248,0
130.13,508.3364562988281,-13.950002670288086,0
130.14,508.1582336425781,-13.990065574645996,0
130.15,507.9832763671875,-14.026342391967773,0
130.16,507.8133239746094,-14.057055473327637,0
130.17,507.6465759277344,-14.084159851074219,0
130.18,507.48297119140625,-14.107723236083984,0
130.19,507.3224792480469,-14.127814292907715,0
130.2,507.16510009765625,-14.144498825073242,0
130.21,507.00897216796875,-14.15969181060791,0
130.22,506.857666015625,-14.169724464416504,0
130.23,506.7093811035156,-14.17654800415039,0
130.24,506.5640869140625,-14.18022632598877,0
130.25,506.419921875,-14.182671546936035,0
130.26,506.2750549316406,-14.185813903808594,0
130.27,506.1241149902344,-14.195239067077637,0
130.28,505.9833679199219,-14.194013595581055,0
130.29,505.8382873535156,-14.197254180908203,0
130.3,505.6961669921875,-14.197418212890625,0
130.31,505.55511474609375,-14.196473121643066,0
130.32,505.4115295410156,-14.198140144348145,0
130.33,505.26910400390625,-14.19861125946045,0
130.34,505.122314453125,-14.203567504882812,0
130.35,504.9694519042969,-14.214765548706055,0
130.36,504.8177795410156,-14.224625587463379,0
130.37,504.6564636230469,-14.244375228881836,0
130.38,504.490966796875,-14.268205642700195,0
130.39,504.3251037597656,-14.292220115661621,0
130.4,504.1623840332031,-14.312713623046875,0
130.41,503.9846496582031,-14.348516464233398,0
130.42,503.80657958984375,-14.384296417236328,0
130.43,503.6300354003906,-14.418143272399902,0
130.44,503.4494934082031,-14.455745697021484,0
130.45,503.2723083496094,-14.489513397216797,0
130.46,503.0984191894531,-14.51951789855957,0
130.47,502.92779541015625,-14.545829772949219,0
130.48,502.753173828125,-14.576025009155273,0
130.49,502.576416015625,-14.608113288879395,0
130.5,502.3939208984375,-14.645801544189453,0
130.51,502.21478271484375,-14.67961311340332,0
130.52,502.03900146484375,-14.709620475769043,0
130.53,501.87554931640625,-14.726542472839355,0
130.54,501.71527099609375,-14.739995002746582,0
130.55,501.55816650390625,-14.75004768371582,0
130.56,501.406005859375,-14.754864692687988,0
130.57,501.2569274902344,-14.756454467773438,0
130.58,501.11090087890625,-14.754884719848633,0
130.59,500.9678649902344,-14.750219345092773,0
130.6,500.82781982421875,-14.742523193359375,0
130.61,500.6816101074219,-14.7412691116333,0
130.62,500.5384216308594,-14.736916542053223,0
130.63,500.398193359375,-14.729530334472656,0
130.64,500.25909423828125,-14.72102165222168,0
130.65,500.1229553222656,-14.709566116333008,0
130.66,499.98431396484375,-14.700828552246094,0
130.67,499.83770751953125,-14.700411796569824,0
130.68,499.676025390625,-14.715594291687012,0
130.69,499.51751708984375,-14.727346420288086,0
130.7,499.3584899902344,-14.73948860168457,0
130.71,499.2008361816406,-14.750104904174805,0
130.72,499.04632568359375,-14.757377624511719,0
130.73,498.8948669433594,-14.761373519897461,0
130.74,498.7301940917969,-14.779016494750977,0
130.75,498.5687255859375,-14.79316520690918,0
130.76,498.4104309082031,-14.803889274597168,0
130.77,498.2552795410156,-14.81125545501709,0
130.78,498.1032409667969,-14.81533145904541,0
130.79,497.95245361328125,-14.818032264709473,0
130.8,497.78662109375,-14.836297988891602,0
130.81,497.6439208984375,-14.83043384552002,0
130.82,497.4842834472656,-14.842157363891602,0
130.83,497.3260192871094,-14.852343559265137,0
130.84,497.1708984375,-14.859172821044922,0
130.85,497.0188903808594,-14.862712860107422,0
130.86,496.8699645996094,-14.863029479980469,0
130.87,496.7240905761719,-14.860189437866211,0
130.88,496.6065673828125,-14.828045845031738,0
130.89,496.5061950683594,-14.778464317321777,0
130.9,496.3939208984375,-14.741719245910645,0
130.91,496.2987365722656,-14.68764877319336,0
130.92,496.2060546875,-14.631572723388672,0
130.93,496.11767578125,-14.571640014648438,0
130.94,496.0461120605469,-14.494891166687012,0
130.95,495.9767761230469,-14.416642189025879,0
130.96,495.9096374511719,-14.336939811706543,0
130.97,495.8518981933594,-14.248326301574707,0
130.98,495.79620361328125,-14.15850830078125,0
130.99,495.7552185058594,-14.054422378540039,0
131,495.71966552734375,-13.945793151855469,0
131.01,495.6931457519531,-13.828927993774414,0
131.02,495.670166015625,-13.70962142944336,0
131.03,495.6488342285156,-13.589853286743164,0
131.04,495.6399230957031,-13.458456993103027,0
131.05,495.62164306640625,-13.33810043334961,0
131.06,495.60491943359375,-13.217382431030273,0
131.07,495.587890625,-13.09823989868164,0
131.08,495.58502197265625,-12.965656280517578,0
131.09,495.58349609375,-12.833039283752441,0
131.1,495.5851745605469,-12.698513984680176,0
131.11,495.5772399902344,-12.575310707092285,0
131.12,495.5851135253906,-12.437010765075684,0
131.13,495.57977294921875,-12.313861846923828,0
131.14,495.5901794433594,-12.175671577453613,0
131.15,495.6017150878906,-12.037731170654297,0
131.16,495.6143493652344,-11.900064468383789,0
131.17,495.62811279296875,-11.7626953125,0
131.18,495.6429443359375,-11.625646591186523,0
131.19,495.64434814453125,-11.50389575958252,0
131.2,495.65777587890625,-11.370942115783691,0
131.21,495.66314697265625,-11.247711181640625,0
131.22,495.6787109375,-11.11521053314209,0
131.23,495.6861877441406,-10.992477416992188,0
131.24,495.6911315917969,-10.873624801635742,0
131.25,495.7007141113281,-10.751206398010254,0
131.26,495.7203674316406,-10.619606971740723,0
131.27,495.7318115234375,-10.497861862182617,0
131.28,495.7533264160156,-10.366975784301758,0
131.29,495.7665710449219,-10.245983123779297,0
131.3,495.7771911621094,-10.128993034362793,0
131.31,495.786865234375,-10.01415729522705,0
131.32,495.7974853515625,-9.899550437927246,0
131.33,495.81085205078125,-9.783288955688477,0
131.34,495.8250732421875,-9.667335510253906,0
131.35,495.84014892578125,-9.55170726776123,0
131.36,495.8560485839844,-9.436423301696777,0
131.37,495.87091064453125,-9.323405265808105,0
131.38,495.8793029785156,-9.218231201171875,0
131.39,495.8885498046875,-9.11325740814209,0
131.4,495.8986511230469,-9.008502006530762,0
131.41,495.9095764160156,-8.903983116149902,0
131.42,495.91949462890625,-8.801566123962402,0
131.43,495.9229736328125,-8.706886291503906,0
131.44,495.92010498046875,-8.619750022888184,0
131.45,495.910888671875,-8.540075302124023,0
131.46,495.9026794433594,-8.460223197937012,0
131.47,495.8954162597656,-8.380213737487793,0
131.48,495.8890686035156,-8.300066947937012,0
131.49,495.88726806640625,-8.216050148010254,0
131.5,495.8826904296875,-8.13576602935791,0
131.51,495.8789978027344,-8.055401802062988,0
131.52,495.8797912597656,-7.971222877502441,0
131.53,495.88140869140625,-7.887078762054443,0
131.54,495.8838195800781,-7.802987098693848,0
131.55,495.8706970214844,-7.735822677612305,0
131.56,495.887451171875,-7.638430118560791,0
131.57,495.8939514160156,-7.552671432495117,0
131.58,495.883056640625,-7.485774993896484,0
131.59,495.8911437988281,-7.399955749511719,0
131.6,495.89990234375,-7.31432580947876,0
131.61,495.8912353515625,-7.247605800628662,0
131.62,495.8833923339844,-7.180716514587402,0
131.63,495.8926696777344,-7.096816539764404,0
131.64,495.902587890625,-7.013131141662598,0
131.65,495.8787536621094,-6.965238094329834,0
131.66,495.85223388671875,-6.920603275299072,0
131.67,495.82489013671875,-6.877264022827148,0
131.68,495.79852294921875,-6.833354473114014,0
131.69,495.7641296386719,-6.798247814178467,0
131.7,495.7271423339844,-6.766172409057617,0
131.71,495.7038879394531,-6.72021484375,0
131.72,495.68157958984375,-6.673774242401123,0
131.73,495.66015625,-6.626870155334473,0
131.74,495.6269836425781,-6.592628002166748,0
131.75,495.5948181152344,-6.557689666748047,0
131.76,495.574462890625,-6.510875701904297,0
131.77,495.5405578613281,-6.478593349456787,0
131.78,495.5220947265625,-6.430645942687988,0
131.79,495.5044860839844,-6.382317543029785,0
131.8,495.4732666015625,-6.348579406738281,0
131.81,495.4321594238281,-6.325444221496582,0
131.82,495.4029846191406,-6.290184497833252,0
131.83,495.374755859375,-6.254313945770264,0
131.84,495.3365783691406,-6.2291107177734375,0
131.85,495.2994384765625,-6.203103542327881,0
131.86,495.243408203125,-6.196868896484375,0
131.87,495.186767578125,-6.191352367401123,0
131.88,495.13134765625,-6.18463659286499,0
131.89,495.0662841796875,-6.187948703765869,0
131.9,494.99169921875,-6.201083183288574,0
131.91,494.91851806640625,-6.212634086608887,0
131.92,494.8539123535156,-6.215182304382324,0
131.93,494.7834167480469,-6.223809242248535,0
131.94,494.71429443359375,-6.230940818786621,0
131.95,494.6465148925781,-6.236605167388916,0
131.96,494.5800476074219,-6.2408318519592285,0
131.97,494.5149230957031,-6.243649005889893,0
131.98,494.4582824707031,-6.237635612487793,0
131.99,494.40472412109375,-6.228518962860107,0
132,494.35235595703125,-6.218268871307373,0
132.01,494.2920837402344,-6.216264247894287,0
132.02,494.23126220703125,-6.2148871421813965,0
132.03,494.1662902832031,-6.217822074890137,0
132.04,494.0863342285156,-6.236237525939941,0
132.05,494.0078430175781,-6.252954483032227,0
132.06,493.9271545410156,-6.271755218505859,0
132.07,493.8479309082031,-6.28884220123291,0
132.08,493.762939453125,-6.311695098876953,0
132.09,493.67950439453125,-6.332741737365723,0
132.1,493.5885009765625,-6.3613691329956055,0
132.11,493.5153503417969,-6.371258735656738,0
132.12,493.4435729980469,-6.3795952796936035,0
132.13,493.3731994628906,-6.386409282684326,0
132.14,493.30419921875,-6.391729831695557,0
132.15,493.2257385253906,-6.406789302825928,0
132.16,493.1614074707031,-6.407075881958008,0
132.17,493.1001892089844,-6.404151439666748,0
132.18,493.0384216308594,-6.4017767906188965,0
132.19,492.97796630859375,-6.3980937004089355,0
132.2,492.91693115234375,-6.395033836364746,0
132.21,492.8536071777344,-6.394378662109375,0
132.22,492.7915954589844,-6.39238166809082,0
132.23,492.73443603515625,-6.385373115539551,0
132.24,492.67852783203125,-6.37715482711792,0
132.25,492.6202697753906,-6.371450424194336,0
132.26,492.5632629394531,-6.3645124435424805,0
132.27,492.5074768066406,-6.356367111206055,0
132.28,492.4529113769531,-6.347041606903076,0
132.29,492.3995666503906,-6.33656120300293,0
132.3,492.34381103515625,-6.328704357147217,0
132.31,492.2856140136719,-6.32342004776001,0
132.32,492.2033996582031,-6.3430585861206055,0
132.33,492.11907958984375,-6.364702224731445,0
132.34,492.03985595703125,-6.380801677703857,0
132.35,491.9548645019531,-6.402723789215088,0
132.36,491.8659973144531,-6.428440093994141,0
132.37,491.7786865234375,-6.452267646789551,0
132.38,491.69293212890625,-6.474239349365234,0
132.39,491.6069030761719,-6.496293067932129,0
132.4,491.5205993652344,-6.518366813659668,0
132.41,491.43585205078125,-6.538607120513916,0
132.42,491.3453674316406,-6.56455135345459,0
132.43,491.2547302246094,-6.590419769287109,0
132.44,491.1512145996094,-6.629315376281738,0
132.45,491.0494689941406,-6.666008949279785,0
132.46,490.949462890625,-6.700538158416748,0
132.47,490.8475036621094,-6.736692905426025,0
132.48,490.747314453125,-6.770679473876953,0
132.49,490.64703369140625,-6.804383277893066,0
132.5,490.5357971191406,-6.849058151245117,0
132.51,490.4029235839844,-6.915675163269043,0
132.52,490.2450256347656,-7.00752067565918,0
132.53,490.0804748535156,-7.105296611785889,0
132.54,489.9183349609375,-7.199563980102539,0
132.55,489.7585754394531,-7.290374755859375,0
132.56,489.5975646972656,-7.381531238555908,0
132.57,489.43170166015625,-7.476760387420654,0
132.58,489.2629089355469,-7.5740556716918945,0
132.59,489.09661865234375,-7.667752265930176,0
132.6,488.93280029296875,-7.757904052734375,0
132.61,488.7552490234375,-7.861366271972656,0
132.62,488.580322265625,-7.961043357849121,0
132.63,488.389892578125,-8.075697898864746,0
132.64,488.18603515625,-8.203093528747559,0
132.65,487.972412109375,-8.339247703552246,0
132.66,487.7347717285156,-8.498847961425781,0
132.67,487.496826171875,-8.657129287719727,0
132.68,487.2513732910156,-8.82153606414795,0
132.69,487.00933837890625,-8.980705261230469,0
132.7,486.7471923828125,-9.159016609191895,0
132.71,486.4851379394531,-9.335430145263672,0
132.72,486.2212829589844,-9.511852264404297,0
132.73,485.93939208984375,-9.705102920532227,0
132.74,485.65960693359375,-9.894186019897461,0
132.75,485.3782958984375,-10.08289909362793,0
132.76,485.10089111328125,-10.265609741210938,0
132.77,484.8237609863281,-10.446154594421387,0
132.78,484.550537109375,-10.620787620544434,0
132.79,484.2703857421875,-10.800792694091797,0
132.8,483.99420166015625,-10.974822044372559,0
132.81,483.7129821777344,-11.152256965637207,0
132.82,483.4231262207031,-11.336799621582031,0
132.83,483.1500549316406,-11.502053260803223,0
132.84,482.8809509277344,-11.661483764648438,0
132.85,482.6158142089844,-11.815176010131836,0
132.86,482.3419189453125,-11.976322174072266,0
132.87,482.07208251953125,-12.13162899017334,0
132.88,481.8062438964844,-12.281183242797852,0
132.89,481.5444030761719,-12.425071716308594,0
132.9,481.2864990234375,-12.563379287719727,0
132.91,481.0325012207031,-12.69619083404541,0
132.92,480.7806396484375,-12.825438499450684,0
132.93,480.5344543457031,-12.94747257232666,0
132.94,480.2921142578125,-13.064262390136719,0
132.95,480.0626220703125,-13.166537284851074,0
132.96,479.83685302734375,-13.26392650604248,0
132.97,479.61474609375,-13.3565092086792,0
132.98,479.39990234375,-13.440611839294434,0
132.99,479.18865966796875,-13.520142555236816,0
133,478.98095703125,-13.595179557800293,0
133.01,478.7767639160156,-13.665797233581543,0
133.02,478.5616149902344,-13.747026443481445,0
133.03,478.33740234375,-13.836784362792969,0
133.04,478.1169128417969,-13.921771049499512,0
133.05,477.90008544921875,-14.002065658569336,0
133.06,477.6869201660156,-14.077747344970703,0
133.07,477.4773864746094,-14.148895263671875,0
133.08,477.2732849121094,-14.213682174682617,0
133.09,477.0727233886719,-14.274128913879395,0
133.1,476.8757019042969,-14.330312728881836,0
133.11,476.68212890625,-14.382308006286621,0
133.12,476.4920349121094,-14.43018913269043,0
133.13,476.30352783203125,-14.475935935974121,0
133.14,476.1184387207031,-14.517677307128906,0
133.15,475.927734375,-14.564783096313477,0
133.16,475.7386169433594,-14.609740257263184,0
133.17,475.5494079589844,-14.654376029968262,0
133.18,475.3636169433594,-14.694992065429688,0
133.19,475.184814453125,-14.727965354919434,0
133.2,475.00933837890625,-14.75714111328125,0
133.21,474.837158203125,-14.782591819763184,0
133.22,474.67010498046875,-14.802482604980469,0
133.23,474.50628662109375,-14.818829536437988,0
133.24,474.34564208984375,-14.831700325012207,0
133.25,474.18817138671875,-14.84116268157959,0
133.26,474.0338439941406,-14.847285270690918,0
133.27,473.88262939453125,-14.850135803222656,0
133.28,473.7344665527344,-14.849781036376953,0
133.29,473.58935546875,-14.846285820007324,0
133.3,473.44903564453125,-14.83786678314209,0
133.31,473.2828063964844,-14.856327056884766,0
133.32,473.11981201171875,-14.871260643005371,0
133.33,472.96002197265625,-14.882735252380371,0
133.34,472.8051452636719,-14.888972282409668,0
133.35,472.651611328125,-14.893774032592773,0
133.36,472.49755859375,-14.899073600769043,0
133.37,472.34661865234375,-14.901106834411621,0
133.38,472.19873046875,-14.89993953704834,0
133.39,472.05389404296875,-14.895638465881348,0
133.4,471.91204833984375,-14.88826847076416,0
133.41,471.773193359375,-14.877893447875977,0
133.42,471.6336669921875,-14.868329048156738,0
133.43,471.48809814453125,-14.865105628967285,0
133.44,471.3455505371094,-14.858798027038574,0
133.45,471.2059631347656,-14.849470138549805,0
133.46,471.0494689941406,-14.85774040222168,0
133.47,470.89068603515625,-14.868292808532715,0
133.48,470.7278747558594,-14.882925987243652,0
133.49,470.5646057128906,-14.897856712341309,0
133.5,470.3973388671875,-14.916772842407227,0
133.51,470.22607421875,-14.939644813537598,0
133.52,470.05810546875,-14.958882331848145,0
133.53,469.8753356933594,-14.993205070495605,0
133.54,469.69598388671875,-15.023646354675293,0
133.55,469.52001953125,-15.05027961730957,0
133.56,469.3636169433594,-15.056376457214355,0
133.57,469.19952392578125,-15.070357322692871,0
133.58,469.04949951171875,-15.069656372070312,0
133.59,468.9043273925781,-15.06392765045166,0
133.6,468.7604064941406,-15.056971549987793,0
133.61,468.6195068359375,-15.046966552734375,0
133.62,468.4833679199219,-15.03212833404541,0
133.63,468.348388671875,-15.016256332397461,0
133.64,468.21630859375,-14.997526168823242,0
133.65,468.0835266113281,-14.979752540588379,0
133.66,467.95361328125,-14.959168434143066,0
133.67,467.80853271484375,-14.954485893249512,0
133.68,467.6484680175781,-14.96537971496582,0
133.69,467.4915771484375,-14.972877502441406,0
133.7,467.3360290527344,-14.978896141052246,0
133.71,467.17279052734375,-14.992818832397461,0
133.72,467.0235900878906,-14.99207592010498,0
133.73,466.8666076660156,-14.999372482299805,0
133.74,466.7127685546875,-15.003340721130371,0
133.75,466.5602722167969,-15.005894660949707,0
133.76,466.4108581542969,-15.005216598510742,0
133.77,466.2608947753906,-15.00512409210205,0
133.78,466.1122131347656,-15.003700256347656,0
133.79,465.9720153808594,-14.993525505065918,0
133.8,465.8365783691406,-14.978533744812012,0
133.81,465.7022705078125,-14.96252155303955,0
133.82,465.5672302246094,-14.947419166564941,0
133.83,465.42791748046875,-14.936906814575195,0
133.84,465.2969665527344,-14.917841911315918,0
133.85,465.16888427734375,-14.896005630493164,0
133.86,465.0454406738281,-14.869611740112305,0
133.87,464.9247741699219,-14.840607643127441,0
133.88,464.8050842285156,-14.810898780822754,0
133.89,464.6863098144531,-14.780564308166504,0
133.9,464.57025146484375,-14.747718811035156,0
133.91,464.4587097167969,-14.710515022277832,0
133.92,464.349853515625,-14.670955657958984,0
133.93,464.2471923828125,-14.625401496887207,0
133.94,464.14166259765625,-14.583281517028809,0
133.95,464.0296936035156,-14.548230171203613,0
133.96,463.9185791015625,-14.512661933898926,0
133.97,463.8100891113281,-14.474745750427246,0
133.98,463.7041931152344,-14.434538841247559,0
133.99,463.6008605957031,-14.392095565795898,0
134,463.50006103515625,-14.347471237182617,0
134.01,463.4017639160156,-14.30072021484375,0
134.02,463.29327392578125,-14.264999389648438,0
134.03,463.1873779296875,-14.2269868850708,0
134.04,463.0840148925781,-14.186737060546875,0
134.05,462.9993896484375,-14.127504348754883,0
134.06,462.9170837402344,-14.066490173339844,0
134.07,462.8370666503906,-14.003745079040527,0
134.08,462.7557067871094,-13.943014144897461,0
134.09,462.6405029296875,-13.917926788330078,0
134.1,462.52435302734375,-13.894098281860352,0
134.11,462.41436767578125,-13.864117622375488,0
134.12,462.30694580078125,-13.831811904907227,0
134.13,462.22369384765625,-13.774833679199219,0
134.14,462.12103271484375,-13.738505363464355,0
134.15,462.0208435058594,-13.700008392333984,0
134.16,461.9429626464844,-13.638842582702637,0
134.17,461.8672790527344,-13.57603931427002,0
134.18,461.7937316894531,-13.51164436340332,0
134.19,461.72235107421875,-13.44570541381836,0
134.2,461.6458740234375,-13.38571548461914,0
134.21,461.55889892578125,-13.337223052978516,0
134.22,461.4453125,-13.31674861907959,0
134.23,461.334228515625,-13.29387092590332,0
134.24,461.2256774902344,-13.268643379211426,0
134.25,461.1195983886719,-13.241120338439941,0
134.26,461.023193359375,-13.203849792480469,0
134.27,460.9399108886719,-13.153397560119629,0
134.28,460.85882568359375,-13.101191520690918,0
134.29,460.7799072265625,-13.047277450561523,0
134.3,460.7031555175781,-12.99170207977295,0
134.31,460.6285095214844,-12.9345121383667,0
134.32,460.5523986816406,-12.879449844360352,0
134.33,460.47119140625,-12.83023452758789,0
134.34,460.3830871582031,-12.788660049438477,0
134.35,460.291748046875,-12.750828742980957,0
134.36,460.1954650878906,-12.718517303466797,0
134.37,460.0960388183594,-12.68977165222168,0
134.38,459.9971618652344,-12.660774230957031,0
134.39,459.89697265625,-12.633438110351562,0
134.4,459.7991027832031,-12.603984832763672,0
134.41,459.7017517089844,-12.574312210083008,0
134.42,459.606689453125,-12.542582511901855,0
134.43,459.5084533691406,-12.514444351196289,0
134.44,459.4125061035156,-12.484230041503906,0
134.45,459.315185546875,-12.455741882324219,0
134.46,459.22015380859375,-12.425196647644043,0
134.47,459.12017822265625,-12.400093078613281,0
134.48,459.0296936035156,-12.365426063537598,0
134.49,458.9341735839844,-12.336297988891602,0
134.5,458.8337097167969,-12.312600135803223,0
134.51,458.73553466796875,-12.28677749633789,0
134.52,458.63421630859375,-12.26447868347168,0
134.53,458.5351867675781,-12.240036964416504,0
134.54,458.43121337890625,-12.220951080322266,0
134.55,458.3277893066406,-12.201513290405273,0
134.56,458.2266845703125,-12.179888725280762,0
134.57,458.1242370605469,-12.15987777709961,0
134.58,458.0186462402344,-12.14330005645752,0
134.59,457.9136047363281,-12.126335144042969,0
134.6,457.8018798828125,-12.11644458770752,0
134.61,457.69256591796875,-12.104188919067383,0
134.62,457.5747985839844,-12.10081958770752,0
134.63,457.4486389160156,-12.106155395507812,0
134.64,457.3466491699219,-12.086414337158203,0
134.65,457.2469482421875,-12.064516067504883,0
134.66,457.1387023925781,-12.05171012878418,0
134.67,457.03277587890625,-12.036612510681152,0
134.68,456.9273986816406,-12.02112102508545,0
134.69,456.8243103027344,-12.003399848937988,0
134.7,456.7235107421875,-11.983497619628906,0
134.71,456.6249694824219,-11.96146297454834,0
134.72,456.5286560058594,-11.93734359741211,0
134.73,456.4345397949219,-11.911188125610352,0
134.74,456.3246154785156,-11.901693344116211,0
134.75,456.2134094238281,-11.893622398376465,0
134.76,456.0955810546875,-11.89249324798584,0
134.77,455.98016357421875,-11.888867378234863,0
134.78,455.8634948730469,-11.886548042297363,0
134.79,455.749267578125,-11.881756782531738,0
134.8,455.6302490234375,-11.881993293762207,0
134.81,455.52447509765625,-11.86850643157959,0
134.82,455.41015625,-11.863981246948242,0
134.83,455.2982177734375,-11.857033729553223,0
134.84,455.1850891113281,-11.851411819458008,0
134.85,455.0743408203125,-11.843393325805664,0
134.86,454.9659118652344,-11.833028793334961,0
134.87,454.8598327636719,-11.820368766784668,0
134.88,454.75604248046875,-11.805462837219238,0
134.89,454.6239013671875,-11.820058822631836,0
134.9,454.49432373046875,-11.8318510055542,0
134.91,454.3672790527344,-11.840893745422363,0
134.92,454.2445068359375,-11.845394134521484,0
134.93,454.1242370605469,-11.847291946411133,0
134.94,454.00640869140625,-11.846639633178711,0
134.95,453.8909912109375,-11.843490600585938,0
134.96,453.7779541015625,-11.837895393371582,0
134.97,453.66729736328125,-11.82990550994873,0
134.98,453.5589904785156,-11.819572448730469,0
134.99,453.4493713378906,-11.810698509216309,0
135,453.33673095703125,-11.805046081542969,0
135.01,453.2210388183594,-11.80260944366455,0
135.02,453.1131591796875,-11.792119979858398,0
135.03,453.0075988769531,-11.779345512390137,0
135.04,452.90966796875,-11.758792877197266,0
135.05,452.80316162109375,-11.747314453125,0
135.06,452.698974609375,-11.733580589294434,0
135.07,452.62042236328125,-11.69344711303711,0
135.08,452.5438537597656,-11.651657104492188,0
135.09,452.4692687988281,-11.608253479003906,0
135.1,452.3966369628906,-11.563278198242188,0
135.11,452.315185546875,-11.52791690826416,0
135.12,452.1961364746094,-11.531832695007324,0
135.13,452.0794677734375,-11.533224105834961,0
135.14,451.9579772949219,-11.539591789245605,0
135.15,451.83892822265625,-11.54338264465332,0
135.16,451.7222595214844,-11.544649124145508,0
135.17,451.6043395996094,-11.547194480895996,0
135.18,451.4870300292969,-11.549088478088379,0
135.19,451.36492919921875,-11.555944442749023,0
135.2,451.25244140625,-11.552762031555176,0
135.21,451.13507080078125,-11.554644584655762,0
135.22,451.0129089355469,-11.56148910522461,0
135.23,450.89141845703125,-11.567591667175293,0
135.24,450.76873779296875,-11.574869155883789,0
135.25,450.64666748046875,-11.581393241882324,0
135.26,450.52703857421875,-11.585328102111816,0
135.27,450.40985107421875,-11.586727142333984,0
135.28,450.2950134277344,-11.585641860961914,0
135.29,450.18255615234375,-11.582122802734375,0
135.3,450.07244873046875,-11.576221466064453,0
135.31,449.96466064453125,-11.567987442016602,0
135.32,449.859130859375,-11.557470321655273,0
135.33,449.7558898925781,-11.544718742370605,0
135.34,449.6548767089844,-11.529781341552734,0
135.35,449.5434875488281,-11.52575397491455,0
135.36,449.43438720703125,-11.519366264343262,0
135.37,449.3258056640625,-11.512516021728516,0
135.38,449.2033386230469,-11.520112991333008,0
135.39,449.077880859375,-11.53071117401123,0
135.4,448.9549255371094,-11.53864860534668,0
135.41,448.8325500488281,-11.545883178710938,0
135.42,448.707275390625,-11.556066513061523,0
135.43,448.58258056640625,-11.565497398376465,0
135.44,448.4513854980469,-11.581579208374023,0
135.45,448.31915283203125,-11.598573684692383,0
135.46,448.189453125,-11.612761497497559,0
135.47,448.0640563964844,-11.62234878540039,0
135.48,447.94293212890625,-11.627429008483887,0
135.49,447.82421875,-11.6299409866333,0
135.5,447.7061462402344,-11.631783485412598,0
135.51,447.59222412109375,-11.62927532196045,0
135.52,447.4788818359375,-11.626200675964355,0
135.53,447.3877258300781,-11.600226402282715,0
135.54,447.2987060546875,-11.572325706481934,0
135.55,447.2117614746094,-11.542543411254883,0
135.56,447.0926818847656,-11.546320915222168,0
135.57,446.9634094238281,-11.560623168945312,0
135.58,446.8366394042969,-11.572181701660156,0
135.59,446.7159729003906,-11.577298164367676,0
135.6,446.5940856933594,-11.583608627319336,0
135.61,446.478271484375,-11.583581924438477,0
135.62,446.3612060546875,-11.584853172302246,0
135.63,446.2447509765625,-11.585491180419922,0
135.64,446.1324462890625,-11.581812858581543,0
135.65,446.0224914550781,-11.57575511932373,0
135.66,445.9130554199219,-11.56921672821045,0
135.67,445.79693603515625,-11.569656372070312,0
135.68,445.6741638183594,-11.576987266540527,0
135.69,445.55023193359375,-11.585410118103027,0
135.7,445.4197998046875,-11.60050106048584,0
135.71,445.3008728027344,-11.603528022766113,0
135.72,445.1843566894531,-11.604033470153809,0
135.73,445.0540466308594,-11.618814468383789,0
135.74,444.94244384765625,-11.61408519744873,0
135.75,444.8331604003906,-11.6069917678833,0
135.76,444.71722412109375,-11.606880187988281,0
135.77,444.625244140625,-11.581965446472168,0
135.78,444.535400390625,-11.555106163024902,0
135.79,444.4476623535156,-11.526349067687988,0
135.8,444.3619689941406,-11.49573802947998,0
135.81,444.2783508300781,-11.463316917419434,0
135.82,444.19677734375,-11.429130554199219,0
135.83,444.0973815917969,-11.41372013092041,0
135.84,444.00018310546875,-11.396206855773926,0
135.85,443.912353515625,-11.36918830871582,0
135.86,443.8193664550781,-11.347763061523438,0
135.87,443.728515625,-11.324371337890625,0
135.88,443.637939453125,-11.30090618133545,0
135.89,443.5494689941406,-11.27552604675293,0
135.9,443.4630432128906,-11.248275756835938,0
135.91,443.38763427734375,-11.209903717041016,0
135.92,443.3159484863281,-11.168094635009766,0
135.93,443.24432373046875,-11.12662124633789,0
135.94,443.1673889160156,-11.09108829498291,0
135.95,443.10137939453125,-11.044635772705078,0
135.96,443.03717041015625,-10.996793746948242,0
135.97,442.9747619628906,-10.947601318359375,0
135.98,442.9140930175781,-10.897096633911133,0
135.99,442.8461608886719,-10.854612350463867,0
136,442.7800598144531,-10.810697555541992,0
136.01,442.7103271484375,-10.770991325378418,0
136.02,442.640625,-10.731664657592773,0
136.03,442.5727233886719,-10.690868377685547,0
136.04,442.5066223144531,-10.648641586303711,0
136.05,442.4405212402344,-10.606870651245117,0
136.06,442.36895751953125,-10.571155548095703,0
136.07,442.2992248535156,-10.533931732177734,0
136.08,442.23126220703125,-10.495237350463867,0
136.09,442.16510009765625,-10.455110549926758,0
136.1,442.0790710449219,-10.435935020446777,0
136.11,442.0165710449219,-10.392595291137695,0
136.12,441.955810546875,-10.347940444946289,0
136.13,441.896728515625,-10.302006721496582,0
136.14,441.83929443359375,-10.254830360412598,0
136.15,441.79071044921875,-10.19899845123291,0
136.16,441.74365234375,-10.142148971557617,0
136.17,441.6981201171875,-10.084314346313477,0
136.18,441.6522521972656,-10.027430534362793,0
136.19,441.6078796386719,-9.969586372375488,0
136.2,441.5577697753906,-9.918262481689453,0
136.21,441.50921630859375,-9.865887641906738,0
136.22,441.462158203125,-9.812495231628418,0
136.23,441.4165954589844,-9.758116722106934,0
136.24,441.3724670410156,-9.702783584594727,0
136.25,441.3298034667969,-9.646527290344238,0
136.26,441.28857421875,-9.589378356933594,0
136.27,441.2487487792969,-9.531368255615234,0
136.28,441.2102966308594,-9.472526550292969,0
136.29,441.15167236328125,-9.435171127319336,0
136.3,441.0892028808594,-9.402181625366211,0
136.31,441.0283203125,-9.367875099182129,0
136.32,440.9600524902344,-9.341581344604492,0
136.33,440.8898010253906,-9.317599296569824,0
136.34,440.8158874511719,-9.297677993774414,0
136.35,440.74005126953125,-9.279946327209473,0
136.36,440.6497497558594,-9.277356147766113,0
136.37,440.56134033203125,-9.272852897644043,0
136.38,440.47119140625,-9.270172119140625,0
136.39,440.3810729980469,-9.267485618591309,0
136.4,440.2766418457031,-9.279634475708008,0
136.41,440.1562805175781,-9.308160781860352,0
136.42,440.0326843261719,-9.33973217010498,0
136.43,439.91131591796875,-9.368677139282227,0
136.44,439.7903747558594,-9.396890640258789,0
136.45,439.6698303222656,-9.424384117126465,0
136.46,439.5407409667969,-9.460461616516113,0
136.47,439.4246826171875,-9.482649803161621,0
136.48,439.30718994140625,-9.506125450134277,0
136.49,439.1918640136719,-9.527105331420898,0
136.5,439.07867431640625,-9.545637130737305,0
136.51,438.9604797363281,-9.569158554077148,0
136.52,438.85162353515625,-9.58277702331543,0
136.53,438.744873046875,-9.594085693359375,0
136.54,438.64019775390625,-9.603128433227539,0
136.55,438.5375671386719,-9.60995101928711,0
136.56,438.4369812011719,-9.61459732055664,0
136.57,438.33837890625,-9.617110252380371,0
136.58,438.2364501953125,-9.623077392578125,0
136.59,438.134765625,-9.628731727600098,0
136.6,438.0296936035156,-9.637829780578613,0
136.61,437.9159240722656,-9.655843734741211,0
136.62,437.7952575683594,-9.680795669555664,0
136.63,437.66961669921875,-9.710633277893066,0
136.64,437.5462646484375,-9.737801551818848,0
136.65,437.4197998046875,-9.76789379119873,0
136.66,437.2884216308594,-9.802746772766113,0
136.67,437.159423828125,-9.834808349609375,0
136.68,437.03814697265625,-9.858528137207031,0
136.69,436.9137268066406,-9.885273933410645,0
136.7,436.7969970703125,-9.903776168823242,0
136.71,436.6824951171875,-9.919800758361816,0
136.72,436.5701599121094,-9.933394432067871,0
136.73,436.45458984375,-9.950204849243164,0
136.74,436.3412170410156,-9.96456241607666,0
136.75,436.23004150390625,-9.976513862609863,0
136.76,436.1102294921875,-9.9972505569458,0
136.77,435.99267578125,-10.015443801879883,0
136.78,435.8773498535156,-10.03114128112793,0
136.79,435.76422119140625,-10.044391632080078,0
136.8,435.6227111816406,-10.086883544921875,0
136.81,435.4819030761719,-10.128215789794922,0
136.82,435.34356689453125,-10.16655445098877,0
136.83,435.2400817871094,-10.168462753295898,0
136.84,435.1062927246094,-10.201667785644531,0
136.85,434.9749450683594,-10.232029914855957,0
136.86,434.84417724609375,-10.261448860168457,0
136.87,434.7158203125,-10.288090705871582,0
136.88,434.58984375,-10.312005996704102,0
136.89,434.4697570800781,-10.329550743103027,0
136.9,434.36456298828125,-10.331497192382812,0
136.91,434.2489318847656,-10.344263076782227,0
136.92,434.124755859375,-10.365718841552734,0
136.93,434.0028991699219,-10.384538650512695,0
136.94,433.88336181640625,-10.400772094726562,0
136.95,433.7625427246094,-10.418164253234863,0
136.96,433.6421813964844,-10.434897422790527,0
136.97,433.5115966796875,-10.462068557739258,0
136.98,433.3833923339844,-10.486465454101562,0
136.99,433.2575988769531,-10.508140563964844,0
137,433.1215515136719,-10.540193557739258,0
137.01,433.0005798339844,-10.556306838989258,0
137.02,432.8819274902344,-10.569852828979492,0
137.03,432.76556396484375,-10.580881118774414,0
137.04,432.6514892578125,-10.589441299438477,0
137.05,432.5396728515625,-10.5955810546875,0
137.06,432.44085693359375,-10.588205337524414,0
137.07,432.3441162109375,-10.578736305236816,0
137.08,432.2332763671875,-10.583964347839355,0
137.09,432.13726806640625,-10.573793411254883,0
137.1,432.03070068359375,-10.574638366699219,0
137.11,431.93353271484375,-10.565775871276855,0
137.12,431.83123779296875,-10.562304496765137,0
137.13,431.7310791015625,-10.556665420532227,0
137.14,431.6330261230469,-10.548905372619629,0
137.15,431.533447265625,-10.542763710021973,0
137.16,431.43597412109375,-10.534512519836426,0
137.17,431.3406066894531,-10.524197578430176,0
137.18,431.2418518066406,-10.517464637756348,0
137.19,431.14520263671875,-10.508641242980957,0
137.2,431.0452880859375,-10.503314971923828,0
137.21,430.94744873046875,-10.495872497558594,0
137.22,430.84991455078125,-10.488204956054688,0
137.23,430.7562255859375,-10.476624488830566,0
137.24,430.66278076171875,-10.4649076461792,0
137.25,430.5713806152344,-10.451212882995605,0
137.26,430.4819641113281,-10.43558406829834,0
137.27,430.39453125,-10.418063163757324,0
137.28,430.3054504394531,-10.402445793151855,0
137.29,430.21112060546875,-10.3923921585083,0
137.3,430.1188659667969,-10.380341529846191,0
137.31,430.0285949707031,-10.366338729858398,0
137.32,429.9403076171875,-10.350424766540527,0
137.33,429.8539733886719,-10.332643508911133,0
137.34,429.7713623046875,-10.311187744140625,0
137.35,429.6888732910156,-10.289834022521973,0
137.36,429.6082763671875,-10.266736030578613,0
137.37,429.5313720703125,-10.240086555480957,0
137.38,429.4599304199219,-10.208060264587402,0
137.39,429.3902587890625,-10.17452621459961,0
137.4,429.3187255859375,-10.143275260925293,0
137.41,429.2489318847656,-10.110514640808105,0
137.42,429.180908203125,-10.076281547546387,0
137.43,429.116455078125,-10.03870964050293,0
137.44,429.05548095703125,-9.997931480407715,0
137.45,428.9943542480469,-9.957718849182129,0
137.46,428.93304443359375,-9.918123245239258,0
137.47,428.8733825683594,-9.877236366271973,0
137.48,428.8153381347656,-9.83509349822998,0
137.49,428.7607421875,-9.789825439453125,0
137.5,428.72381591796875,-9.726720809936523,0
137.51,428.6721496582031,-9.679535865783691,0
137.52,428.6130065917969,-9.6405611038208,0
137.53,428.55548095703125,-9.600341796875,0
137.54,428.49951171875,-9.558911323547363,0
137.55,428.4468994140625,-9.514456748962402,0
137.56,428.3957824707031,-9.46889591217041,0
137.57,428.3461608886719,-9.422261238098145,0
137.58,428.2962341308594,-9.376432418823242,0
137.59,428.2477722167969,-9.32955551147461,0
137.6,428.2007751464844,-9.281661033630371,0
137.61,428.156982421875,-9.23093318939209,0
137.62,428.12176513671875,-9.171838760375977,0
137.63,428.08966064453125,-9.110162734985352,0
137.64,428.0588073730469,-9.047819137573242,0
137.65,428.02740478515625,-8.986682891845703,0
137.66,427.99725341796875,-8.924894332885742,0
137.67,427.96832275390625,-8.862479209899902,0
137.68,427.94061279296875,-8.79946517944336,0
137.69,427.933837890625,-8.715435028076172,0
137.7,427.922607421875,-8.636880874633789,0
137.71,427.8980407714844,-8.572945594787598,0
137.72,427.8746032714844,-8.508502960205078,0
137.73,427.8666076660156,-8.428736686706543,0
137.74,427.85955810546875,-8.348817825317383,0
137.75,427.855224609375,-8.266918182373047,0
137.76,427.85540771484375,-8.181191444396973,0
137.77,427.852783203125,-8.099239349365234,0
137.78,427.8492431640625,-8.019097328186035,0
137.79,427.8465576171875,-7.938897132873535,0
137.8,427.8447265625,-7.8586578369140625,0
137.81,427.84014892578125,-7.782092094421387,0
137.82,427.8363952636719,-7.705445766448975,0
137.83,427.8334655761719,-7.6287360191345215,0
137.84,427.825927734375,-7.557580471038818,0
137.85,427.8174743652344,-7.488129138946533,0
137.86,427.8008728027344,-7.42780876159668,0
137.87,427.78521728515625,-7.367149829864502,0
137.88,427.7704772949219,-7.306171894073486,0
137.89,427.7602233886719,-7.241198539733887,0
137.9,427.7472229003906,-7.179717540740967,0
137.91,427.7350769042969,-7.117973804473877,0
137.92,427.7220153808594,-7.057834625244141,0
137.93,427.70623779296875,-7.001126766204834,0
137.94,427.69134521484375,-6.94409704208374,0
137.95,427.6773376464844,-6.886764049530029,0
137.96,427.6641540527344,-6.829145431518555,0
137.97,427.6607360839844,-6.762019634246826,0
137.98,427.64910888671875,-6.704075813293457,0
137.99,427.6526184082031,-6.6310577392578125,0
138,427.6405944824219,-6.574873924255371,0
138.01,427.62939453125,-6.518447399139404,0
138.02,427.6351318359375,-6.4450507164001465,0
138.03,427.6414794921875,-6.371791362762451,0
138.04,427.6322326660156,-6.315426349639893,0
138.05,427.6237487792969,-6.258877754211426,0
138.06,427.615966796875,-6.202160835266113,0
138.07,427.62689208984375,-6.1266984939575195,0
138.08,427.64013671875,-6.049578666687012,0
138.09,427.6539001464844,-5.972756385803223,0
138.1,427.6681213378906,-5.896242141723633,0
138.11,427.6629943847656,-5.840542793273926,0
138.12,427.65850830078125,-5.7847466468811035,0
138.13,427.6546630859375,-5.728867053985596,0
138.14,427.6514587402344,-5.672918319702148,0
138.15,427.6452941894531,-5.620608806610107,0
138.16,427.6361083984375,-5.571932792663574,0
138.17,427.6042785644531,-5.547208786010742,0
138.18,427.5733337402344,-5.521815299987793,0
138.19,427.546875,-5.492076873779297,0
138.2,427.51763916015625,-5.465478420257568,0
138.21,427.4892883300781,-5.438265800476074,0
138.22,427.4617919921875,-5.410458087921143,0
138.23,427.4296875,-5.387674808502197,0
138.24,427.3966979980469,-5.366063594818115,0
138.25,427.3573913574219,-5.351206302642822,0
138.26,427.3190612792969,-5.335519313812256,0
138.27,427.2745056152344,-5.326416015625,0
138.28,427.2255554199219,-5.321970462799072,0
138.29,427.17584228515625,-5.31833553314209,0
138.3,427.1271667480469,-5.313647270202637,0
138.31,427.0795593261719,-5.307929039001465,0
138.32,427.02935791015625,-5.30495548248291,0
138.33,426.9766540527344,-5.304614543914795,0
138.34,426.9250183105469,-5.303156852722168,0
138.35,426.8708801269531,-5.304300308227539,0
138.36,426.8178405761719,-5.304296493530273,0
138.37,426.76409912109375,-5.305016994476318,0
138.38,426.70068359375,-5.3157429695129395,0
138.39,426.633056640625,-5.330722332000732,0
138.4,426.55767822265625,-5.353562355041504,0
138.41,426.47821044921875,-5.38040018081665,0
138.42,426.39654541015625,-5.409244060516357,0
138.43,426.3162536621094,-5.436350345611572,0
138.44,426.2265930175781,-5.472894191741943,0
138.45,426.13482666015625,-5.511225700378418,0
138.46,426.0445556640625,-5.547604084014893,0
138.47,425.9521484375,-5.585813999176025,0
138.48,425.86126708984375,-5.622057914733887,0
138.49,425.7611389160156,-5.6675124168396,0
138.5,425.6590270996094,-5.714531898498535,0
138.51,425.55133056640625,-5.766824245452881,0
138.52,425.4525146484375,-5.809375762939453,0
138.53,425.3553161621094,-5.849823951721191,0
138.54,425.2597351074219,-5.8882036209106445,0
138.55,425.14056396484375,-5.950590133666992,0
138.56,425.0232238769531,-6.01043701171875,0
138.57,424.9059143066406,-6.069632053375244,0
138.58,424.78326416015625,-6.133720874786377,0
138.59,424.63555908203125,-6.223086833953857,0
138.6,424.48101806640625,-6.318599224090576,0
138.61,424.3269348144531,-6.412663459777832,0
138.62,424.1750793457031,-6.50344181060791,0
138.63,424.0218811035156,-6.594679355621338,0
138.64,423.8583679199219,-6.695643424987793,0
138.65,423.69720458984375,-6.793120861053467,0
138.66,423.53839111328125,-6.887161731719971,0
138.67,423.38189697265625,-6.977816581726074,0
138.68,423.2259216308594,-7.067038536071777,0
138.69,423.0596618652344,-7.165928363800049,0
138.7,422.8779602050781,-7.279811382293701,0
138.71,422.691650390625,-7.397267818450928,0
138.72,422.5026550292969,-7.516294479370117,0
138.73,422.31634521484375,-7.631290435791016,0
138.74,422.1308898925781,-7.744215965270996,0
138.75,421.9481201171875,-7.853187084197998,0
138.76,421.76806640625,-7.958261489868164,0
138.77,421.59063720703125,-8.059496879577637,0
138.78,421.41229248046875,-8.160646438598633,0
138.79,421.2204895019531,-8.27468490600586,0
138.8,421.0242919921875,-8.392083168029785,0
138.81,420.8166198730469,-8.520137786865234,0
138.82,420.60296630859375,-8.653059959411621,0
138.83,420.4013671875,-8.772130012512207,0
138.84,420.2027282714844,-8.88690185546875,0
138.85,419.998046875,-9.006734848022461,0
138.86,419.7928161621094,-9.125900268554688,0
138.87,419.5816345214844,-9.24998664855957,0
138.88,419.3699951171875,-9.373268127441406,0
138.89,419.1507263183594,-9.503182411193848,0
138.9,418.92572021484375,-9.637661933898926,0
138.91,418.705810546875,-9.765495300292969,0
138.92,418.48736572265625,-9.89048957824707,0
138.93,418.27215576171875,-10.01082706451416,0
138.94,418.0619812011719,-10.124730110168457,0
138.95,417.85675048828125,-10.232306480407715,0
138.96,417.65289306640625,-10.337357521057129,0
138.97,417.45220947265625,-10.438065528869629,0
138.98,417.254638671875,-10.534499168395996,0
138.99,417.0601501464844,-10.626725196838379,0
139,416.8651428222656,-10.718562126159668,0
139.01,416.6553039550781,-10.824784278869629,0
139.02,416.44873046875,-10.926535606384277,0
139.03,416.2453918457031,-11.023887634277344,0
139.04,416.0362854003906,-11.126205444335938,0
139.05,415.8340759277344,-11.220317840576172,0
139.06,415.63507080078125,-11.310124397277832,0
139.07,415.43927001953125,-11.395694732666016,0
139.08,415.2484436035156,-11.475248336791992,0
139.09,415.0589599609375,-11.552589416503906,0
139.1,414.87255859375,-11.625897407531738,0
139.11,414.6712951660156,-11.713830947875977,0
139.12,414.47332763671875,-11.797480583190918,0
139.13,414.278564453125,-11.87691593170166,0
139.14,414.0852355957031,-11.954055786132812,0
139.15,413.8861389160156,-12.036378860473633,0
139.16,413.6903076171875,-12.11446475982666,0
139.17,413.4959411621094,-12.190230369567871,0
139.18,413.30303955078125,-12.263710021972656,0
139.19,413.11334228515625,-12.333085060119629,0
139.2,412.9304504394531,-12.394728660583496,0
139.21,412.7435302734375,-12.459874153137207,0
139.22,412.559814453125,-12.521044731140137,0
139.23,412.3774719238281,-12.580157279968262,0
139.24,412.1893005371094,-12.644688606262207,0
139.25,411.9990234375,-12.710762023925781,0
139.26,411.7994079589844,-12.785781860351562,0
139.27,411.6031494140625,-12.856554985046387,0
139.28,411.4048156738281,-12.928753852844238,0
139.29,411.2098388671875,-12.996733665466309,0
139.3,411.0181884765625,-13.060565948486328,0
139.31,410.829833984375,-13.120323181152344,0
139.32,410.634033203125,-13.187164306640625,0
139.33,410.44158935546875,-13.249841690063477,0
139.34,410.2524719238281,-13.308426856994629,0
139.35,410.066650390625,-13.362991333007812,0
139.36,409.86798095703125,-13.43029499053955,0
139.37,409.6726989746094,-13.49337387084961,0
139.38,409.47003173828125,-13.563444137573242,0
139.39,409.2690734863281,-13.631052017211914,0
139.4,409.071533203125,-13.694385528564453,0
139.41,408.8738708496094,-13.75721549987793,0
139.42,408.6742248535156,-13.821443557739258,0
139.43,408.46905517578125,-13.89072322845459,0
139.44,408.265625,-13.957487106323242,0
139.45,408.06390380859375,-14.021773338317871,0
139.46,407.8603210449219,-14.08731460571289,0
139.47,407.65850830078125,-14.150376319885254,0
139.48,407.4494323730469,-14.220291137695312,0
139.49,407.2529296875,-14.276463508605957,0
139.5,407.0599060058594,-14.328459739685059,0
139.51,406.8613586425781,-14.385650634765625,0
139.52,406.66632080078125,-14.438620567321777,0
139.53,406.4747619628906,-14.487445831298828,0
139.54,406.2866516113281,-14.532200813293457,0
139.55,406.0893859863281,-14.585951805114746,0
139.56,405.8956298828125,-14.635510444641113,0
139.57,405.6999816894531,-14.68649673461914,0
139.58,405.50787353515625,-14.733325958251953,0
139.59,405.3156433105469,-14.779768943786621,0
139.6,405.1251220703125,-14.823976516723633,0
139.61,404.93804931640625,-14.8641357421875,0
139.62,404.7562255859375,-14.89847469329834,0
139.63,404.5777893066406,-14.92895221710205,0
139.64,404.3991394042969,-14.95933723449707,0
139.65,404.2238464355469,-14.985929489135742,0
139.66,404.0518798828125,-15.008800506591797,0
139.67,403.8903503417969,-15.020630836486816,0
139.68,403.7320251464844,-15.029035568237305,0
139.69,403.57684326171875,-15.034082412719727,0
139.7,403.41766357421875,-15.043231010437012,0
139.71,403.26165771484375,-15.049003601074219,0
139.72,403.1087951660156,-15.051468849182129,0
139.73,402.9626159667969,-15.046998023986816,0
139.74,402.79254150390625,-15.067262649536133,0
139.75,402.62579345703125,-15.083918571472168,0
139.76,402.4622802734375,-15.097037315368652,0
139.77,402.312744140625,-15.095542907714844,0
139.78,402.1662902832031,-15.0908784866333,0
139.79,402.02288818359375,-15.083111763000488,0
139.8,401.85382080078125,-15.101988792419434,0
139.81,401.67730712890625,-15.128366470336914,0
139.82,401.4987487792969,-15.156598091125488,0
139.83,401.3289489746094,-15.17543888092041,0
139.84,401.15704345703125,-15.196276664733887,0
139.85,400.98846435546875,-15.21346664428711,0
139.86,400.808837890625,-15.241921424865723,0
139.87,400.6308288574219,-15.268410682678223,0
139.88,400.4562072753906,-15.291121482849121,0
139.89,400.27777099609375,-15.31751823425293,0
139.9,400.1027526855469,-15.340127944946289,0
139.91,399.93109130859375,-15.359023094177246,0
139.92,399.76275634765625,-15.374276161193848,0
139.93,399.6084899902344,-15.374814987182617,0
139.94,399.4483947753906,-15.381380081176758,0
139.95,399.3005065917969,-15.37525463104248,0
139.96,399.15570068359375,-15.365996360778809,0
139.97,399.0049743652344,-15.362966537475586,0
139.98,398.86993408203125,-15.34375,0
139.99,398.72528076171875,-15.334668159484863,0
140,398.5962219238281,-15.309530258178711,0
140.01,398.4574890136719,-15.294654846191406,0
140.02,398.31640625,-15.282386779785156,0
140.03,398.1765441894531,-15.2689790725708,0
140.04,398.032470703125,-15.260058403015137,0
140.05,397.88787841796875,-15.251782417297363,0
140.06,397.73736572265625,-15.249683380126953,0
140.07,397.58636474609375,-15.248147010803223,0
140.08,397.4330749511719,-15.248954772949219,0
140.09,397.2829284667969,-15.246513366699219,0
140.1,397.1358947753906,-15.240890502929688,0
140.11,396.991943359375,-15.232152938842773,0
140.12,396.85101318359375,-15.220366477966309,0
140.13,396.71844482421875,-15.200051307678223,0
140.14,396.5887756347656,-15.17693042755127,0
140.15,396.4620056152344,-15.151066780090332,0
140.16,396.32379150390625,-15.13730525970459,0
140.17,396.18853759765625,-15.120617866516113,0
140.18,396.05621337890625,-15.101067543029785,0
140.19,395.9250183105469,-15.080564498901367,0
140.2,395.79669189453125,-15.05728530883789,0
140.21,395.67303466796875,-15.029443740844727,0
140.22,395.55218505859375,-14.998987197875977,0
140.23,395.43408203125,-14.965975761413574,0
140.24,395.3187255859375,-14.930468559265137,0
140.25,395.20611572265625,-14.892523765563965,0
140.26,395.0961608886719,-14.852200508117676,0
140.27,394.987060546875,-14.811402320861816,0
140.28,394.880615234375,-14.768301010131836,0
140.29,394.77313232421875,-14.726705551147461,0
140.3,394.6646728515625,-14.686535835266113,0
140.31,394.5588684082031,-14.644076347351074,0
140.32,394.44488525390625,-14.610472679138184,0
140.33,394.34429931640625,-14.563370704650879,0
140.34,394.2301025390625,-14.53083610534668,0
140.35,394.1167907714844,-14.497736930847168,0
140.36,394.00433349609375,-14.464090347290039,0
140.37,393.8945007324219,-14.428067207336426,0
140.38,393.78369140625,-14.393420219421387,0
140.39,393.65045166015625,-14.38236141204834,0
140.4,393.5200500488281,-14.368480682373047,0
140.41,393.3924560546875,-14.351839065551758,0
140.42,393.2604675292969,-14.339888572692871,0
140.43,393.1313171386719,-14.325143814086914,0
140.44,393.0049743652344,-14.30766487121582,0
140.45,392.8813781738281,-14.287511825561523,0
140.46,392.760498046875,-14.26474380493164,0
140.47,392.642333984375,-14.239418983459473,0
140.48,392.523193359375,-14.215346336364746,0
140.49,392.40673828125,-14.188754081726074,0
140.5,392.29656982421875,-14.1559476852417,0
140.51,392.1853332519531,-14.124565124511719,0
140.52,392.0766906738281,-14.090831756591797,0
140.53,391.9706115722656,-14.054802894592285,0
140.54,391.8670654296875,-14.016533851623535,0
140.55,391.7624206542969,-13.979774475097656,0
140.56,391.6549377441406,-13.946349143981934,0
140.57,391.5499572753906,-13.910653114318848,0
140.58,391.4385681152344,-13.881979942321777,0
140.59,391.3297424316406,-13.850951194763184,0
140.6,391.2216491699219,-13.819470405578613,0
140.61,391.1106872558594,-13.791306495666504,0
140.62,390.9825744628906,-13.781180381774902,0
140.63,390.857177734375,-13.768341064453125,0
140.64,390.7344665527344,-13.752846717834473,0
140.65,390.61083984375,-13.73845100402832,0
140.66,390.4898986816406,-13.72143840789795,0
140.67,390.36981201171875,-13.703714370727539,0
140.68,390.25238037109375,-13.683448791503906,0
140.69,390.13751220703125,-13.660698890686035,0
140.7,390.0252380371094,-13.635519027709961,0
140.71,389.91552734375,-13.607965469360352,0
140.72,389.80474853515625,-13.581789016723633,0
140.73,389.6893615722656,-13.560661315917969,0
140.74,389.5747375488281,-13.5389404296875,0
140.75,389.46270751953125,-13.514795303344727,0
140.76,389.3334655761719,-13.508665084838867,0
140.77,389.20513916015625,-13.5016450881958,0
140.78,389.0777587890625,-13.493755340576172,0
140.79,388.95660400390625,-13.479471206665039,0
140.8,388.83453369140625,-13.46631908416748,0
140.81,388.709716796875,-13.45612621307373,0
140.82,388.57501220703125,-13.456282615661621,0
140.83,388.44305419921875,-13.453584671020508,0
140.84,388.3138427734375,-13.448090553283691,0
140.85,388.1998596191406,-13.42686653137207,0
140.86,388.0937805175781,-13.397686958312988,0
140.87,387.9597473144531,-13.397738456726074,0
140.88,387.8284606933594,-13.394948959350586,0
140.89,387.7016906738281,-13.387529373168945,0
140.9,387.6008605957031,-13.353343963623047,0
140.91,387.5077819824219,-13.311484336853027,0
140.92,387.4170227050781,-13.267661094665527,0
140.93,387.3285217285156,-13.221923828125,0
140.94,387.23870849609375,-13.17801570892334,0
140.95,387.1494140625,-13.134062767028809,0
140.96,387.0623779296875,-13.088226318359375,0
140.97,386.9686279296875,-13.049795150756836,0
140.98,386.877197265625,-13.009385108947754,0
140.99,386.7772521972656,-12.978189468383789,0
141,386.6796569824219,-12.9448823928833,0
141.01,386.5843811035156,-12.909514427185059,0
141.02,386.48785400390625,-12.87583065032959,0
141.03,386.3882751464844,-12.84565258026123,0
141.04,386.2802429199219,-12.824515342712402,0
141.05,386.1746520996094,-12.801092147827148,0
141.06,386.04998779296875,-12.797612190246582,0
141.07,385.92791748046875,-12.79149055480957,0
141.08,385.8066101074219,-12.784631729125977,0
141.09,385.6878967285156,-12.775203704833984,0
141.1,385.5716857910156,-12.763261795043945,0
141.11,385.45977783203125,-12.747011184692383,0
141.12,385.3503112792969,-12.728391647338867,0
141.13,385.23968505859375,-12.711152076721191,0
141.14,385.1368713378906,-12.686027526855469,0
141.15,385.036376953125,-12.658729553222656,0
141.16,384.9346618652344,-12.633003234863281,0
141.17,384.83526611328125,-12.60512638092041,0
141.18,384.7220764160156,-12.591837882995605,0
141.19,384.60418701171875,-12.583545684814453,0
141.2,384.48699951171875,-12.574604034423828,0
141.21,384.37408447265625,-12.561333656311035,0
141.22,384.26361083984375,-12.545672416687012,0
141.23,384.1555480957031,-12.52767276763916,0
141.24,384.04986572265625,-12.507387161254883,0
141.25,383.9465637207031,-12.48486614227295,0
141.26,383.8455810546875,-12.460160255432129,0
141.27,383.7254333496094,-12.455552101135254,0
141.28,383.6185607910156,-12.437253952026367,0
141.29,383.5247802734375,-12.405606269836426,0
141.3,383.4225158691406,-12.383066177368164,0
141.31,383.3225402832031,-12.358363151550293,0
141.32,383.23736572265625,-12.318610191345215,0
141.33,383.1543273925781,-12.277060508728027,0
141.34,383.07696533203125,-12.230063438415527,0
141.35,382.9980773925781,-12.18513298034668,0
141.36,382.9212646484375,-12.138540267944336,0
141.37,382.8464660644531,-12.09032917022705,0
141.38,382.7790222167969,-12.034998893737793,0
141.39,382.7135009765625,-11.978251457214355,0
141.4,382.6391906738281,-11.9312162399292,0
141.41,382.56683349609375,-11.882615089416504,0
141.42,382.4964294433594,-11.832490921020508,0
141.43,382.427978515625,-11.780885696411133,0
141.44,382.3614501953125,-11.727840423583984,0
141.45,382.3039245605469,-11.666004180908203,0
141.46,382.2589111328125,-11.591873168945312,0
141.47,382.231689453125,-11.500116348266602,0
141.48,382.2059020996094,-11.407801628112793,0
141.49,382.19049072265625,-11.305720329284668,0
141.5,382.1763610839844,-11.203333854675293,0
141.51,382.16534423828125,-11.098821640014648,0
141.52,382.1555480957031,-10.994097709655762,0
141.53,382.16668701171875,-10.868803977966309,0
141.54,382.1788635253906,-10.743773460388184,0
141.55,382.1937561035156,-10.617178916931152,0
141.56,382.2095947265625,-10.490926742553711,0
141.57,382.237060546875,-10.353948593139648,0
141.58,382.26531982421875,-10.217581748962402,0
141.59,382.2943420410156,-10.081843376159668,0
141.6,382.32769775390625,-9.94299602508545,0
141.61,382.3653259277344,-9.801189422607422,0
141.62,382.4142761230469,-9.64912223815918,0
141.63,382.4726257324219,-9.488884925842285,0
141.64,382.5313720703125,-9.329917907714844,0
141.65,382.5904846191406,-9.172229766845703,0
141.66,382.6517028808594,-9.013978958129883,0
141.67,382.7275390625,-8.842219352722168,0
141.68,382.80352783203125,-8.672103881835938,0
141.69,382.8796081542969,-8.503634452819824,0
141.7,382.9396667480469,-8.35350227355957,0
141.71,383.01611328125,-8.18798542022705,0
141.72,383.09259033203125,-8.024124145507812,0
141.73,383.1888122558594,-7.8415350914001465,0
141.74,383.26513671875,-7.6814069747924805,0
141.75,383.3396911621094,-7.524779319763184,0
141.76,383.41424560546875,-7.369764804840088,0
141.77,383.49774169921875,-7.207123279571533,0
141.78,383.5721740722656,-7.055525779724121,0
141.79,383.6554870605469,-6.896297931671143,0
141.8,383.7386474609375,-6.738869667053223,0
141.81,383.8216857910156,-6.583237648010254,0
141.82,383.904541015625,-6.429398536682129,0
141.83,383.9871826171875,-6.277347564697266,0
141.84,384.0749816894531,-6.1215362548828125,0
141.85,384.1625061035156,-5.967618942260742,0
141.86,384.27484130859375,-5.789660453796387,0
141.87,384.3865966796875,-5.6141204833984375,0
141.88,384.4977722167969,-5.440985679626465,0
141.89,384.59942626953125,-5.27948522567749,0
141.9,384.7005920410156,-5.120173454284668,0
141.91,384.7869567871094,-4.977823734283447,0
141.92,384.8729553222656,-4.837334632873535,0
141.93,384.95855712890625,-4.698698043823242,0
141.94,385.05804443359375,-4.547120571136475,0
141.95,385.1427001953125,-4.412468433380127,0
141.96,385.2197570800781,-4.287086486816406,0
141.97,385.294677734375,-4.165212154388428,0
141.98,385.3692321777344,-4.044951438903809,0
141.99,385.4434814453125,-3.9262967109680176,0
142,385.5137634277344,-3.8129358291625977,0
142.01,385.5819396972656,-3.702936887741089,0
142.02,385.6426696777344,-3.6017982959747314,0
142.03,385.681640625,-3.524200677871704,0
142.04,385.7205810546875,-3.4474451541900635,0
142.05,385.75946044921875,-3.3715310096740723,0
142.06,385.7947082519531,-3.3001534938812256,0
142.07,385.8174133300781,-3.242530345916748,0
142.08,385.8384094238281,-3.187248706817627,0
142.09,385.8595275878906,-3.1324243545532227,0
142.1,385.871826171875,-3.087299108505249,0
142.11,385.87353515625,-3.0535876750946045,0
142.12,385.88629150390625,-3.008775472640991,0
142.13,385.87774658203125,-2.986475706100464,0
142.14,385.8695983886719,-2.9639995098114014,0
142.15,385.8547058105469,-2.9487478733062744,0
142.16,385.84027099609375,-2.9331836700439453,0
142.17,385.8262634277344,-2.9173169136047363,0
142.18,385.8127136230469,-2.901156425476074,0
142.19,385.79779052734375,-2.8865599632263184,0
142.2,385.7833251953125,-2.871650457382202,0
142.21,385.7657470703125,-2.860133171081543,0
142.22,385.7486267089844,-2.8482460975646973,0
142.23,385.73199462890625,-2.835998773574829,0
142.24,385.7158203125,-2.82340145111084,0
142.25,385.6947326660156,-2.8160080909729004,0
142.26,385.66693115234375,-2.815617322921753,0
142.27,385.637939453125,-2.8164854049682617,0
142.28,385.6095275878906,-2.8167388439178467,0
142.29,385.5816955566406,-2.8163902759552,0
142.3,385.54730224609375,-2.8228437900543213,0
142.31,385.5135498046875,-2.8285670280456543,0
142.32,385.48040771484375,-2.833573818206787,0
142.33,385.4479064941406,-2.837876796722412,0
142.34,385.4160461425781,-2.8414902687072754,0
142.35,385.3847961425781,-2.8444278240203857,0
142.36,385.3326721191406,-2.868934392929077,0
142.37,385.2813720703125,-2.8923308849334717,0
142.38,385.23089599609375,-2.914635181427002,0
142.39,385.1812438964844,-2.9358651638031006,0
142.4,385.1306457519531,-2.9578304290771484,0
142.41,385.0826110839844,-2.976926565170288,0
142.42,385.035400390625,-2.9950008392333984,0
142.43,384.98895263671875,-3.012070655822754,0
142.44,384.94329833984375,-3.0281522274017334,0
142.45,384.8698425292969,-3.072831630706787,0
142.46,384.8135070800781,-3.0993127822875977,0
142.47,384.7222900390625,-3.1616106033325195,0
142.48,384.6323547363281,-3.2219622135162354,0
142.49,384.5436706542969,-3.2803947925567627,0
142.5,384.4472961425781,-3.3461754322052,0
142.51,384.34869384765625,-3.413595676422119,0
142.52,384.2550048828125,-3.475215435028076,0
142.53,384.1626281738281,-3.534836769104004,0
142.54,384.0787048339844,-3.5850958824157715,0
142.55,383.9763488769531,-3.6538937091827393,0
142.56,383.87542724609375,-3.720508098602295,0
142.57,383.77593994140625,-3.7849693298339844,0
142.58,383.6778564453125,-3.847308397293091,0
142.59,383.5936584472656,-3.8946189880371094,0
142.6,383.5143127441406,-3.936439037322998,0
142.61,383.4325866699219,-3.980264663696289,0
142.62,383.35211181640625,-4.0223493576049805,0
142.63,383.2639465332031,-4.071959018707275,0
142.64,383.1770935058594,-4.11968994140625,0
142.65,383.091552734375,-4.16556978225708,0
142.66,383.00732421875,-4.209627151489258,0
142.67,382.9190368652344,-4.257434368133545,0
142.68,382.8285217285156,-4.307055950164795,0
142.69,382.7393798828125,-4.354748725891113,0
142.7,382.6497802734375,-4.4023895263671875,0
142.71,382.5615539550781,-4.448121070861816,0
142.72,382.48004150390625,-4.486429691314697,0
142.73,382.39984130859375,-4.523003101348877,0
142.74,382.3209228515625,-4.557868957519531,0
142.75,382.2432556152344,-4.591054439544678,0
142.76,382.1668701171875,-4.622587203979492,0
142.77,382.09173583984375,-4.652493953704834,0
142.78,382.0178527832031,-4.680801868438721,0
142.79,381.9451904296875,-4.70753812789917,0
142.8,381.863037109375,-4.743816375732422,0
142.81,381.7803955078125,-4.780250072479248,0
142.82,381.684814453125,-4.829709053039551,0
142.83,381.5906677246094,-4.877131462097168,0
142.84,381.4980163574219,-4.922548770904541,0
142.85,381.4014587402344,-4.971537113189697,0
142.86,381.3028259277344,-5.022164821624756,0
142.87,381.2056884765625,-5.070691108703613,0
142.88,381.099365234375,-5.128235816955566,0
142.89,381.00537109375,-5.172428131103516,0
142.9,380.9128723144531,-5.214618682861328,0
142.91,380.8343505859375,-5.241903781890869,0
142.92,380.7446594238281,-5.280454635620117,0
142.93,380.6546630859375,-5.318944931030273,0
142.94,380.5661315917969,-5.3555192947387695,0
142.95,380.4754638671875,-5.3939056396484375,0
142.96,380.38629150390625,-5.430362224578857,0
142.97,380.2986145019531,-5.464921474456787,0
142.98,380.2123718261719,-5.497614860534668,0
142.99,380.1275939941406,-5.528473854064941,0
143,380.03350830078125,-5.568617343902588,0
143.01,379.9320373535156,-5.615998268127441,0
143.02,379.8268127441406,-5.666762828826904,0
143.03,379.7232360839844,-5.7152862548828125,0
143.04,379.61773681640625,-5.765300273895264,0
143.05,379.50494384765625,-5.82236385345459,0
143.06,379.3885192871094,-5.882568836212158,0
143.07,379.2738952636719,-5.940293312072754,0
143.08,379.1592712402344,-5.997424125671387,0
143.09,379.039306640625,-6.059505939483643,0
143.1,378.9158020019531,-6.124576091766357,0
143.11,378.7870788574219,-6.194406986236572,0
143.12,378.6602783203125,-6.261495113372803,0
143.13,378.5282897949219,-6.333273410797119,0
143.14,378.3947448730469,-6.405935287475586,0
143.15,378.26141357421875,-6.477599620819092,0
143.16,378.1229553222656,-6.55381441116333,0
143.17,377.98480224609375,-6.628926753997803,0
143.18,377.84161376953125,-6.708487510681152,0
143.19,377.6827392578125,-6.8034772872924805,0
143.2,377.52618408203125,-6.895080089569092,0
143.21,377.3719482421875,-6.9833455085754395,0
143.22,377.21820068359375,-7.0701704025268555,0
143.23,377.04705810546875,-7.174102306365967,0
143.24,376.87481689453125,-7.278080940246582,0
143.25,376.6907958984375,-7.393171310424805,0
143.26,376.5094299316406,-7.504336833953857,0
143.27,376.31640625,-7.626420021057129,0
143.28,376.1047058105469,-7.766562461853027,0
143.29,375.8941650390625,-7.904036045074463,0
143.3,375.6758728027344,-8.048107147216797,0
143.31,375.45172119140625,-8.196761131286621,0
143.32,375.2217712402344,-8.349872589111328,0
143.33,374.99505615234375,-8.498078346252441,0
143.34,374.76971435546875,-8.643295288085938,0
143.35,374.5386657714844,-8.792945861816406,0
143.36,374.3001708984375,-8.948756217956543,0
143.37,374.0186462402344,-9.147470474243164,0
143.38,373.7391662597656,-9.342023849487305,0
143.39,373.4420471191406,-9.552789688110352,0
143.4,373.1453857421875,-9.760910034179688,0
143.41,372.84564208984375,-9.970090866088867,0
143.42,372.54638671875,-10.176570892333984,0
143.43,372.24945068359375,-10.378512382507324,0
143.44,371.95660400390625,-10.574117660522461,0
143.45,371.6678466796875,-10.76347541809082,0
143.46,371.3688659667969,-10.961457252502441,0
143.47,371.0669250488281,-11.160451889038086,0
143.48,370.7638854980469,-11.358550071716309,0
143.49,370.4561767578125,-11.559423446655273,0
143.5,370.1456298828125,-11.761124610900879,0
143.51,369.8341369628906,-11.961745262145996,0
143.52,369.521728515625,-12.161210060119629,0
143.53,369.1959228515625,-12.372491836547852,0
143.54,368.8747253417969,-12.576824188232422,0
143.55,368.5545349121094,-12.77800178527832,0
143.56,368.23358154296875,-12.97789478302002,0
143.57,367.9154357910156,-13.17279052734375,0
143.58,367.5912170410156,-13.371991157531738,0
143.59,367.27166748046875,-13.564277648925781,0
143.6,366.9567565917969,-13.749751091003418,0
143.61,366.646484375,-13.928510665893555,0
143.62,366.3354797363281,-14.106201171875,0
143.63,366.0238037109375,-14.282751083374023,0
143.64,365.7167663574219,-14.452657699584961,0
143.65,365.4196472167969,-14.610532760620117,0
143.66,365.1270751953125,-14.762077331542969,0
143.67,364.83544921875,-14.911086082458496,0
143.68,364.5466003417969,-15.05567455291748,0
143.69,364.26226806640625,-15.194110870361328,0
143.7,363.95916748046875,-15.350515365600586,0
143.71,363.6607360839844,-15.500462532043457,0
143.72,363.372314453125,-15.638509750366211,0
143.73,363.0884704589844,-15.770414352416992,0
143.74,362.8055419921875,-15.899971961975098,0
143.75,362.5253601074219,-16.025354385375977,0
143.76,362.2389831542969,-16.155858993530273,0
143.77,361.9571838378906,-16.28026580810547,0
143.78,361.679931640625,-16.39867401123047,0
143.79,361.3822326660156,-16.536998748779297,0
143.8,361.08929443359375,-16.66898536682129,0
143.81,360.7921447753906,-16.803974151611328,0
143.82,360.4908447265625,-16.941877365112305,0
143.83,360.1943359375,-17.0733642578125,0
143.84,359.8901672363281,-17.2114200592041,0
143.85,359.59088134765625,-17.343000411987305,0
143.86,359.2928771972656,-17.471906661987305,0
143.87,358.9979248046875,-17.596317291259766,0
143.88,358.7042236328125,-17.71814727783203,0
143.89,358.40997314453125,-17.839269638061523,0
143.9,358.1187744140625,-17.955978393554688,0
143.91,357.8323974609375,-18.066492080688477,0
143.92,357.5508117675781,-18.17091178894043,0
143.93,357.2721862792969,-18.271190643310547,0
143.94,356.998291015625,-18.365543365478516,0
143.95,356.72906494140625,-18.454071044921875,0
143.96,356.4609375,-18.540569305419922,0
143.97,356.1921081542969,-18.626911163330078,0
143.98,355.922607421875,-18.713024139404297,0
143.99,355.65777587890625,-18.793407440185547,0
144,355.3976135253906,-18.868162155151367,0
144.01,355.14202880859375,-18.93738555908203,0
144.02,354.8963317871094,-18.995691299438477,0
144.03,354.6497497558594,-19.054264068603516,0
144.04,354.40228271484375,-19.113143920898438,0
144.05,354.15753173828125,-19.168615341186523,0
144.06,353.9172668457031,-19.218887329101562,0
144.07,353.67962646484375,-19.26590347290039,0
144.08,353.4303283691406,-19.324506759643555,0
144.09,353.1820068359375,-19.38150978088379,0
144.1,352.9311218261719,-19.44057273864746,0
144.11,352.6847839355469,-19.494306564331055,0
144.12,352.4429626464844,-19.542808532714844,0
144.13,352.198486328125,-19.59356689453125,0
144.14,351.9585266113281,-19.63913345336914,0
144.15,351.71588134765625,-19.68699836730957,0
144.16,351.47772216796875,-19.72970962524414,0
144.17,351.2190856933594,-19.793180465698242,0
144.18,350.9651184082031,-19.85115623474121,0
144.19,350.7157897949219,-19.903736114501953,0
144.2,350.4710693359375,-19.951021194458008,0
144.21,350.23443603515625,-19.98941421508789,0
144.22,349.9951477050781,-20.030176162719727,0
144.23,349.7603759765625,-20.06585693359375,0
144.24,349.5372009277344,-20.089162826538086,0
144.25,349.318359375,-20.10773468017578,0
144.26,349.10382080078125,-20.12166404724121,0
144.27,348.8775329589844,-20.147621154785156,0
144.28,348.6556091308594,-20.16877555847168,0
144.29,348.42730712890625,-20.19631004333496,0
144.3,348.1873779296875,-20.235576629638672,0
144.31,347.9644470214844,-20.25687026977539,0
144.32,347.7494201660156,-20.269739151000977,0
144.33,347.5386962890625,-20.278047561645508,0
144.34,347.3321838378906,-20.281888961791992,0
144.35,347.1298828125,-20.281352996826172,0
144.36,346.9317321777344,-20.27652931213379,0
144.37,346.734130859375,-20.271202087402344,0
144.38,346.5406188964844,-20.261688232421875,0
144.39,346.3511657714844,-20.248075485229492,0
144.4,346.1479187011719,-20.24887466430664,0
144.41,345.9488220214844,-20.2453670501709,0
144.42,345.75384521484375,-20.237640380859375,0
144.43,345.5629577636719,-20.22578239440918,0
144.44,345.3760681152344,-20.209880828857422,0
144.45,345.19317626953125,-20.19002342224121,0
144.46,345.0141906738281,-20.16629409790039,0
144.47,344.8409118652344,-20.13692855834961,0
144.48,344.6714782714844,-20.103897094726562,0
144.49,344.5058288574219,-20.06728172302246,0
144.5,344.34393310546875,-20.027162551879883,0
144.51,344.1696472167969,-20.00025177001953,0
144.52,343.99920654296875,-19.969654083251953,0
144.53,343.8325500488281,-19.935449600219727,0
144.54,343.669677734375,-19.897722244262695,0
144.55,343.4962463378906,-19.871278762817383,0
144.56,343.3106384277344,-19.85774040222168,0
144.57,343.1289367675781,-19.84027099609375,0
144.58,342.9511413574219,-19.818954467773438,0
144.59,342.7771911621094,-19.793874740600586,0
144.6,342.6106262207031,-19.761417388916016,0
144.61,342.4477844238281,-19.72543716430664,0
144.62,342.29571533203125,-19.67867660522461,0
144.63,342.14544677734375,-19.630552291870117,0
144.64,342.00048828125,-19.577404022216797,0
144.65,341.86798095703125,-19.51195526123047,0
144.66,341.73345947265625,-19.449256896972656,0
144.67,341.602294921875,-19.38372039794922,0
144.68,341.4798278808594,-19.309873580932617,0
144.69,341.360595703125,-19.233448028564453,0
144.7,341.24456787109375,-19.154512405395508,0
144.71,341.13165283203125,-19.07313346862793,0
144.72,341.0218505859375,-18.989377975463867,0
144.73,340.9097900390625,-18.908859252929688,0
144.74,340.8008117675781,-18.82598114013672,0
144.75,340.7002258300781,-18.735267639160156,0
144.76,340.5865783691406,-18.65901756286621,0
144.77,340.4742126464844,-18.58222198486328,0
144.78,340.3666687011719,-18.5012149810791,0
144.79,340.2603759765625,-18.4197940826416,0
144.8,340.1570129394531,-18.336135864257812,0
144.81,340.0566101074219,-18.25030517578125,0
144.82,339.9591064453125,-18.162364959716797,0
144.83,339.8591003417969,-18.07792091369629,0
144.84,339.7530212402344,-18.0006160736084,0
144.85,339.64453125,-17.92662239074707,0
144.86,339.53900146484375,-17.850345611572266,0
144.87,339.4363708496094,-17.771848678588867,0
144.88,339.331298828125,-17.69668197631836,0
144.89,339.2290954589844,-17.619304656982422,0
144.9,339.13507080078125,-17.53428840637207,0
144.91,339.0384826660156,-17.45278549194336,0
144.92,338.9446716308594,-17.369253158569336,0
144.93,338.8536071777344,-17.283750534057617,0
144.94,338.7509460449219,-17.211118698120117,0
144.95,338.651123046875,-17.136327743530273,0
144.96,338.5540771484375,-17.059436798095703,0
144.97,338.45977783203125,-16.980504989624023,0
144.98,338.3681640625,-16.89959144592285,0
144.99,338.2792053222656,-16.816753387451172,0
145,338.1929016113281,-16.73204803466797,0
145.01,338.10919189453125,-16.645532608032227,0
145.02,338.0280456542969,-16.557260513305664,0
145.03,337.9476623535156,-16.469135284423828,0
145.04,337.85552978515625,-16.394052505493164,0
145.05,337.7642517089844,-16.31888198852539,0
145.06,337.6755676269531,-16.241792678833008,0
145.07,337.5894470214844,-16.162839889526367,0
145.08,337.50408935546875,-16.083927154541016,0
145.09,337.4212646484375,-16.00322151184082,0
145.1,337.3017272949219,-15.961320877075195,0
145.11,337.1832580566406,-15.918744087219238,0
145.12,337.0676574707031,-15.873665809631348,0
145.13,336.9548645019531,-15.826147079467773,0
145.14,336.8448181152344,-15.77624797821045,0
145.15,336.7375183105469,-15.724026679992676,0
145.16,336.6329345703125,-15.669543266296387,0
145.17,336.5328063964844,-15.611005783081055,0
145.18,336.4300231933594,-15.55584716796875,0
145.19,336.3476867675781,-15.480098724365234,0
145.2,336.26776123046875,-15.402621269226074,0
145.21,336.19024658203125,-15.323466300964355,0
145.22,336.1150817871094,-15.242685317993164,0
145.23,336.0386657714844,-15.164024353027344,0
145.24,335.964599609375,-15.083760261535645,0
145.25,335.8821105957031,-15.013031959533691,0
145.26,335.8020324707031,-14.940570831298828,0
145.27,335.7242736816406,-14.866427421569824,0
145.28,335.6471252441406,-14.79244327545166,0
145.29,335.572265625,-14.716839790344238,0
145.3,335.5014343261719,-14.637874603271484,0
145.31,335.43280029296875,-14.557424545288086,0
145.32,335.3663635253906,-14.475537300109863,0
145.33,335.3020935058594,-14.39225959777832,0
145.34,335.25067138671875,-14.296548843383789,0
145.35,335.1905212402344,-14.210856437683105,0
145.36,335.13421630859375,-14.12205982208252,0
145.37,335.0799255371094,-14.032088279724121,0
145.38,335.02764892578125,-13.940985679626465,0
145.39,334.9755554199219,-13.850643157958984,0
145.4,334.92718505859375,-13.757367134094238,0
145.41,334.8807373046875,-13.6630859375,0
145.42,334.82550048828125,-13.578871726989746,0
145.43,334.76861572265625,-13.497200012207031,0
145.44,334.71728515625,-13.41064453125,0
145.45,334.6678771972656,-13.323019981384277,0
145.46,334.6221008300781,-13.232518196105957,0
145.47,334.5763854980469,-13.142913818359375,0
145.48,334.53424072265625,-13.050511360168457,0
145.49,334.4920959472656,-12.959084510803223,0
145.5,334.4481506347656,-12.870478630065918,0
145.51,334.4059753417969,-12.780961036682129,0
145.52,334.3708801269531,-12.68502426147461,0
145.53,334.32672119140625,-12.599451065063477,0
145.54,334.2807922363281,-12.516600608825684,0
145.55,334.22412109375,-12.445730209350586,0
145.56,334.1693115234375,-12.373674392700195,0
145.57,334.1163024902344,-12.300471305847168,0
145.58,334.0650939941406,-12.226161003112793,0
145.59,334.01568603515625,-12.150781631469727,0
145.6,333.968017578125,-12.074370384216309,0
145.61,333.92205810546875,-11.996965408325195,0
145.62,333.8778381347656,-11.91860294342041,0
145.63,333.8299865722656,-11.844808578491211,0
145.64,333.77490234375,-11.779254913330078,0
145.65,333.71978759765625,-11.714395523071289,0
145.66,333.65576171875,-11.659412384033203,0
145.67,333.5882263183594,-11.608628273010254,0
145.68,333.5225830078125,-11.556424140930176,0
145.69,333.45880126953125,-11.502839088439941,0
145.7,333.3968505859375,-11.447914123535156,0
145.71,333.3331604003906,-11.395384788513184,0
145.72,333.2712707519531,-11.341516494750977,0
145.73,333.19696044921875,-11.30107593536377,0
145.74,333.1120910644531,-11.27194881439209,0
145.75,333.02923583984375,-11.241028785705566,0
145.76,332.9466247558594,-11.210206985473633,0
145.77,332.8535461425781,-11.190521240234375,0
145.78,332.7590026855469,-11.172561645507812,0
145.79,332.66656494140625,-11.152603149414062,0
145.8,332.57623291015625,-11.13068962097168,0
145.81,332.4595031738281,-11.136322021484375,0
145.82,332.3415222167969,-11.143176078796387,0
145.83,332.2294616699219,-11.143831253051758,0
145.84,332.1196594238281,-11.142110824584961,0
145.85,332.01214599609375,-11.13806438446045,0
145.86,331.89971923828125,-11.139131546020508,0
145.87,331.78961181640625,-11.137816429138184,0
145.88,331.6799621582031,-11.136014938354492,0
145.89,331.563720703125,-11.141075134277344,0
145.9,331.4427185058594,-11.151005744934082,0
145.91,331.31695556640625,-11.165761947631836,0
145.92,331.1882629394531,-11.183393478393555,0
145.93,331.0673828125,-11.192749977111816,0
145.94,330.9435119628906,-11.205086708068848,0
145.95,330.8167724609375,-11.220283508300781,0
145.96,330.67645263671875,-11.249366760253906,0
145.97,330.53338623046875,-11.281014442443848,0
145.98,330.3929138183594,-11.309622764587402,0
145.99,330.2550354003906,-11.335248947143555,0
146,330.1197509765625,-11.35794734954834,0
146.01,329.98699951171875,-11.37777328491211,0
146.02,329.8567810058594,-11.394782066345215,0
146.03,329.72906494140625,-11.409027099609375,0
146.04,329.60382080078125,-11.420562744140625,0
146.05,329.4757385253906,-11.434928894042969,0
146.06,329.3501281738281,-11.446578025817871,0
146.07,329.2198181152344,-11.462953567504883,0
146.08,329.092041015625,-11.476564407348633,0
146.09,328.96142578125,-11.492952346801758,0
146.1,328.8386535644531,-11.501080513000488,0
146.11,328.7182922363281,-11.50660514831543,0
146.12,328.6003723144531,-11.509578704833984,0
146.13,328.4723815917969,-11.522932052612305,0
146.14,328.34686279296875,-11.533570289611816,0
146.15,328.22381591796875,-11.541545867919922,0
146.16,328.10321044921875,-11.54691219329834,0
146.17,327.9797058105469,-11.555209159851074,0
146.18,327.8586730957031,-11.560887336730957,0
146.19,327.73828125,-11.565847396850586,0
146.2,327.62030029296875,-11.568254470825195,0
146.21,327.50469970703125,-11.568161010742188,0
146.22,327.3914794921875,-11.565617561340332,0
146.23,327.2806091308594,-11.560674667358398,0
146.24,327.17205810546875,-11.553383827209473,0
146.25,327.05865478515625,-11.551185607910156,0
146.26,326.94580078125,-11.548432350158691,0
146.27,326.8370666503906,-11.5414400100708,0
146.28,326.7288513183594,-11.533992767333984,0
146.29,326.6229248046875,-11.524253845214844,0
146.3,326.5192565917969,-11.512271881103516,0
146.31,326.3983154296875,-11.518310546875,0
146.32,326.27264404296875,-11.529176712036133,0
146.33,326.1494140625,-11.53737735748291,0
146.34,326.02862548828125,-11.542963981628418,0
146.35,325.9102783203125,-11.545989990234375,0
146.36,325.7926025390625,-11.548299789428711,0
146.37,325.6790466308594,-11.5463228225708,0
146.38,325.5678405761719,-11.541939735412598,0
146.39,325.45892333984375,-11.535200119018555,0
146.4,325.352294921875,-11.526153564453125,0
146.41,325.2479553222656,-11.514849662780762,0
146.42,325.1423645019531,-11.504977226257324,0
146.43,325.03900146484375,-11.492868423461914,0
146.44,324.9378967285156,-11.478571891784668,0
146.45,324.8211975097656,-11.480559349060059,0
146.46,324.6908264160156,-11.496648788452148,0
146.47,324.54345703125,-11.530187606811523,0
146.48,324.39697265625,-11.562443733215332,0
146.49,324.24786376953125,-11.597076416015625,0
146.5,324.10150146484375,-11.628541946411133,0
146.51,323.95245361328125,-11.662442207336426,0
146.52,323.8061218261719,-11.69317626953125,0
146.53,323.66070556640625,-11.722650527954102,0
146.54,323.5108947753906,-11.756373405456543,0
146.55,323.36383056640625,-11.786914825439453,0
146.56,323.214111328125,-11.819875717163086,0
146.57,323.067138671875,-11.84965705871582,0
146.58,322.90863037109375,-11.891044616699219,0
146.59,322.75299072265625,-11.929064750671387,0
146.6,322.60015869140625,-11.963777542114258,0
146.61,322.4412536621094,-12.004427909851074,0
146.62,322.29052734375,-12.036158561706543,0
146.63,322.142578125,-12.064687728881836,0
146.64,321.9974060058594,-12.090076446533203,0
146.65,321.8460693359375,-12.121565818786621,0
146.66,321.6975402832031,-12.149842262268066,0
146.67,321.5481872558594,-12.17866039276123,0
146.68,321.39093017578125,-12.215338706970215,0
146.69,321.2365417480469,-12.248676300048828,0
146.7,321.1009521484375,-12.262215614318848,0
146.71,320.9520568847656,-12.289398193359375,0
146.72,320.8059387207031,-12.313419342041016,0
146.73,320.66259765625,-12.334338188171387,0
146.74,320.529052734375,-12.344879150390625,0
146.75,320.3981628417969,-12.352588653564453,0
146.76,320.2698669433594,-12.357522010803223,0
146.77,320.1441650390625,-12.359735488891602,0
146.78,320.0157165527344,-12.364771842956543,0
146.79,319.8880310058594,-12.368932723999023,0
146.8,319.7469177246094,-12.386962890625,0
146.81,319.6156005859375,-12.394662857055664,0
146.82,319.4745178222656,-12.41240119934082,0
146.83,319.3361511230469,-12.427145957946777,0
146.84,319.19866943359375,-12.440803527832031,0
146.85,319.0638732910156,-12.451543807983398,0
146.86,318.92108154296875,-12.470457077026367,0
146.87,318.7810363769531,-12.486340522766113,0
146.88,318.63653564453125,-12.506644248962402,0
146.89,318.501953125,-12.51648998260498,0
146.9,318.3628845214844,-12.53087329864502,0
146.91,318.2265319824219,-12.542305946350098,0
146.92,318.08575439453125,-12.558182716369629,0
146.93,317.9477233886719,-12.571072578430176,0
146.94,317.8124084472656,-12.581034660339355,0
146.95,317.6797180175781,-12.588126182556152,0
146.96,317.54083251953125,-12.601587295532227,0
146.97,317.4010925292969,-12.615798950195312,0
146.98,317.26055908203125,-12.630685806274414,0
146.99,317.12274169921875,-12.64259147644043,0
147,316.9876403808594,-12.651573181152344,0
147.01,316.85162353515625,-12.661385536193848,0
147.02,316.6969909667969,-12.690377235412598,0
147.03,316.54345703125,-12.717933654785156,0
147.04,316.38214111328125,-12.75326156616211,0
147.05,316.2237854003906,-12.785162925720215,0
147.06,316.06304931640625,-12.81919002532959,0
147.07,315.90704345703125,-12.847954750061035,0
147.08,315.75396728515625,-12.873407363891602,0
147.09,315.6037902832031,-12.895610809326172,0
147.1,315.4564514160156,-12.914627075195312,0
147.11,315.3101501464844,-12.932364463806152,0
147.12,315.16668701171875,-12.94699764251709,0
147.13,315.0260314941406,-12.958587646484375,0
147.14,314.88812255859375,-12.967194557189941,0
147.15,314.7405090332031,-12.985755920410156,0
147.16,314.59039306640625,-13.006729125976562,0
147.17,314.4431457519531,-13.024517059326172,0
147.18,314.2987365722656,-13.039179801940918,0
147.19,314.1571350097656,-13.050779342651367,0
147.2,314.0183410644531,-13.059375762939453,0
147.21,313.8876647949219,-13.059484481811523,0
147.22,313.7543029785156,-13.062368392944336,0
147.23,313.6236267089844,-13.06242561340332,0
147.24,313.49212646484375,-13.063352584838867,0
147.25,313.3721618652344,-13.052308082580566,0
147.26,313.2458801269531,-13.047907829284668,0
147.27,313.11865234375,-13.044528007507324,0
147.28,312.99407958984375,-13.038453102111816,0
147.29,312.87213134765625,-13.029739379882812,0
147.3,312.75274658203125,-13.018442153930664,0
147.31,312.63592529296875,-13.004617691040039,0
147.32,312.5216369628906,-12.988321304321289,0
147.33,312.39208984375,-12.987972259521484,0
147.34,312.2545471191406,-12.995909690856934,0
147.35,312.1161804199219,-13.004627227783203,0
147.36,311.9734802246094,-13.017745971679688,0
147.37,311.8335266113281,-13.027836799621582,0
147.38,311.694580078125,-13.036808013916016,0
147.39,311.5530700683594,-13.048320770263672,0
147.4,311.4196472167969,-13.05134391784668,0
147.41,311.28363037109375,-13.057026863098145,0
147.42,311.1396789550781,-13.070857048034668,0
147.43,311.00921630859375,-13.070602416992188,0
147.44,310.88671875,-13.062094688415527,0
147.45,310.766845703125,-13.050992965698242,0
147.46,310.6495056152344,-13.037352561950684,0
147.47,310.5240478515625,-13.03226089477539,0
147.48,310.4012145996094,-13.024511337280273,0
147.49,310.2809753417969,-13.01416015625,0
147.5,310.1632995605469,-13.001263618469238,0
147.51,310.04815673828125,-12.985875129699707,0
147.52,309.93023681640625,-12.97353744506836,0
147.53,309.8095397949219,-12.964192390441895,0
147.54,309.68603515625,-12.95783519744873,0
147.55,309.56512451171875,-12.948861122131348,0
147.56,309.4432067871094,-12.941022872924805,0
147.57,309.3167724609375,-12.93793773651123,0
147.58,309.1929626464844,-12.932173728942871,0
147.59,309.0717468261719,-12.923787117004395,0
147.6,308.9601745605469,-12.905497550964355,0
147.61,308.843994140625,-12.892183303833008,0
147.62,308.7303161621094,-12.876409530639648,0
147.63,308.619140625,-12.858230590820312,0
147.64,308.5104064941406,-12.837699890136719,0
147.65,308.4218444824219,-12.796501159667969,0
147.66,308.3461608886719,-12.742403030395508,0
147.67,308.26190185546875,-12.697744369506836,0
147.68,308.1904602050781,-12.640276908874512,0
147.69,308.1103820800781,-12.592339515686035,0
147.7,308.0430908203125,-12.531683921813965,0
147.71,307.977783203125,-12.46961498260498,0
147.72,307.9143981933594,-12.406174659729004,0
147.73,307.84228515625,-12.352437019348145,0
147.74,307.77215576171875,-12.297182083129883,0
147.75,307.7040100097656,-12.240452766418457,0
147.76,307.6378173828125,-12.182291030883789,0
147.77,307.56646728515625,-12.130074501037598,0
147.78,307.4864196777344,-12.087388038635254,0
147.79,307.4084167480469,-12.043014526367188,0
147.8,307.33245849609375,-11.996997833251953,0
147.81,307.2585144042969,-11.949380874633789,0
147.82,307.1812438964844,-11.905694007873535,0
147.83,307.08465576171875,-11.882442474365234,0
147.84,306.9831848144531,-11.864483833312988,0
147.85,306.87860107421875,-11.849923133850098,0
147.86,306.77630615234375,-11.833148956298828,0
147.87,306.669189453125,-11.82154655456543,0
147.88,306.5625915527344,-11.809523582458496,0
147.89,306.4600830078125,-11.79339599609375,0
147.9,306.3598327636719,-11.775099754333496,0
147.91,306.2724914550781,-11.74365234375,0
147.92,306.1872253417969,-11.710360527038574,0
147.93,306.1093444824219,-11.669780731201172,0
147.94,306.0352478027344,-11.625710487365723,0
147.95,305.96307373046875,-11.580079078674316,0
147.96,305.8963928222656,-11.529232025146484,0
147.97,305.83160400390625,-11.476983070373535,0
147.98,305.7686462402344,-11.423371315002441,0
147.99,305.7039489746094,-11.372133255004883,0
148,305.6446533203125,-11.315838813781738,0
148.01,305.58709716796875,-11.258299827575684,0
148.02,305.5224304199219,-11.20873737335205,0
148.03,305.457763671875,-11.159663200378418,0
148.04,305.3948974609375,-11.10922908782959,0
148.05,305.31787109375,-11.073992729187012,0
148.06,305.221435546875,-11.05919361114502,0
148.07,305.1271057128906,-11.042353630065918,0
148.08,305.0348815917969,-11.023518562316895,0
148.09,304.9394226074219,-11.008220672607422,0
148.1,304.8460693359375,-10.9909029006958,0
148.11,304.75482177734375,-10.971610069274902,0
148.12,304.6656188964844,-10.950387954711914,0
148.13,304.5730895996094,-10.93282413482666,0
148.14,304.4826354980469,-10.91330337524414,0
148.15,304.3871154785156,-10.899205207824707,0
148.16,304.2901916503906,-10.886725425720215,0
148.17,304.188232421875,-10.879586219787598,0
148.18,304.0955810546875,-10.862895965576172,0
148.19,304.0049743652344,-10.844244956970215,0
148.2,303.9164123535156,-10.823678016662598,0
148.21,303.8227233886719,-10.808629989624023,0
148.22,303.7310791015625,-10.791600227355957,0
148.23,303.62200927734375,-10.792790412902832,0
148.24,303.5151672363281,-10.791668891906738,0
148.25,303.4105224609375,-10.788284301757812,0
148.26,303.30804443359375,-10.782682418823242,0
148.27,303.202392578125,-10.780452728271484,0
148.28,303.0989074707031,-10.775984764099121,0
148.29,302.995849609375,-10.771116256713867,0
148.3,302.89495849609375,-10.764065742492676,0
148.31,302.79620361328125,-10.754878044128418,0
148.32,302.6995544433594,-10.743599891662598,0
148.33,302.6014404296875,-10.73397159576416,0
148.34,302.5036315917969,-10.724113464355469,0
148.35,302.4043884277344,-10.715825080871582,0
148.36,302.2806701660156,-10.732985496520996,0
148.37,302.1859130859375,-10.719969749450684,0
148.38,302.0932312011719,-10.704948425292969,0
148.39,302.0025939941406,-10.687966346740723,0
148.4,301.910400390625,-10.672762870788574,0
148.41,301.82025146484375,-10.655608177185059,0
148.42,301.7108459472656,-10.658554077148438,0
148.43,301.6071472167969,-10.655540466308594,0
148.44,301.505615234375,-10.65032958984375,0
148.45,301.4062194824219,-10.64296817779541,0
148.46,301.305419921875,-10.6371431350708,0
148.47,301.2102355957031,-10.625541687011719,0
148.48,301.1136169433594,-10.61556625366211,0
148.49,301.0190734863281,-10.603545188903809,0
148.5,300.9300842285156,-10.585882186889648,0
148.51,300.8431091308594,-10.566337585449219,0
148.52,300.75811767578125,-10.544954299926758,0
148.53,300.6750793457031,-10.521774291992188,0
148.54,300.5939636230469,-10.49683952331543,0
148.55,300.5147399902344,-10.470190048217773,0
148.56,300.4374084472656,-10.44186782836914,0
148.57,300.3619384765625,-10.41191291809082,0
148.58,300.2882995605469,-10.380364418029785,0
148.59,300.21649169921875,-10.347262382507324,0
148.6,300.153564453125,-10.305310249328613,0
148.61,300.09234619140625,-10.262033462524414,0
148.62,300.0274963378906,-10.222955703735352,0
148.63,299.9501647949219,-10.197183609008789,0
148.64,299.8640441894531,-10.18080997467041,0
148.65,299.7727355957031,-10.169950485229492,0
148.66,299.68341064453125,-10.157158851623535,0
148.67,299.58184814453125,-10.157147407531738,0
148.68,299.4770202636719,-10.160528182983398,0
148.69,299.3742980957031,-10.161686897277832,0
148.7,299.2736511230469,-10.160667419433594,0
148.71,299.1804504394531,-10.151971817016602,0
148.72,299.0892333984375,-10.141302108764648,0
148.73,298.99462890625,-10.134245872497559,0
148.74,298.90203857421875,-10.1251859664917,0
148.75,298.8168029785156,-10.108622550964355,0
148.76,298.7458801269531,-10.077431678771973,0
148.77,298.67669677734375,-10.044744491577148,0
148.78,298.6021728515625,-10.017934799194336,0
148.79,298.51165771484375,-10.007918357849121,0
148.8,298.4231262207031,-9.995985984802246,0
148.81,298.3542785644531,-9.963812828063965,0
148.82,298.2871398925781,-9.930187225341797,0
148.83,298.2217102050781,-9.895145416259766,0
148.84,298.15087890625,-9.866061210632324,0
148.85,298.0817565917969,-9.835481643676758,0
148.86,298.0054931640625,-9.812626838684082,0
148.87,297.9399108886719,-9.778977394104004,0
148.88,297.8830871582031,-9.73660945892334,0
148.89,297.8278503417969,-9.693046569824219,0
148.9,297.7741394042969,-9.648322105407715,0
148.91,297.7219543457031,-9.602468490600586,0
148.92,297.6712951660156,-9.55551815032959,0
148.93,297.6221618652344,-9.5075044631958,0
148.94,297.56561279296875,-9.467644691467285,0
148.95,297.5106201171875,-9.426594734191895,0
148.96,297.4429626464844,-9.39905834197998,0
148.97,297.37518310546875,-9.371942520141602,0
148.98,297.3037414550781,-9.348882675170898,0
148.99,297.2286376953125,-9.32985782623291,0
149,297.1517639160156,-9.312885284423828,0
149.01,297.0747985839844,-9.296134948730469,0
149.02,296.99609375,-9.281396865844727,0
149.03,296.9102783203125,-9.274177551269531,0
149.04,296.8262634277344,-9.265141487121582,0
149.05,296.7333984375,-9.265358924865723,0
149.06,296.6424255371094,-9.2636079788208,0
149.07,296.55157470703125,-9.2617769241333,0
149.08,296.46258544921875,-9.258020401000977,0
149.09,296.3772277832031,-9.250532150268555,0
149.1,296.293701171875,-9.241236686706543,0
149.11,296.21197509765625,-9.230173110961914,0
149.12,296.126708984375,-9.22286605834961,0
149.13,296.0433044433594,-9.213753700256348,0
149.14,295.95281982421875,-9.212059020996094,0
149.15,295.8641662597656,-9.208446502685547,0
149.16,295.7720947265625,-9.20844554901123,0
149.17,295.68011474609375,-9.208340644836426,0
149.18,295.5811462402344,-9.215471267700195,0
149.19,295.47174072265625,-9.233325004577637,0
149.2,295.34661865234375,-9.267223358154297,0
149.21,295.2237548828125,-9.298462867736816,0
149.22,295.0924377441406,-9.338123321533203,0
149.23,294.9634094238281,-9.374992370605469,0
149.24,294.8349304199219,-9.410911560058594,0
149.25,294.708740234375,-9.444100379943848,0
149.26,294.575927734375,-9.483790397644043,0
149.27,294.4454345703125,-9.520657539367676,0
149.28,294.3261413574219,-9.545568466186523,0
149.29,294.2001647949219,-9.577129364013672,0
149.3,294.07647705078125,-9.606014251708984,0
149.31,293.95501708984375,-9.632270812988281,0
149.32,293.8323059082031,-9.659588813781738,0
149.33,293.7118225097656,-9.684300422668457,0
149.34,293.584716796875,-9.71563720703125,0
149.35,293.4580993652344,-9.74612045288086,0
149.36,293.32489013671875,-9.783098220825195,0
149.37,293.1905212402344,-9.820884704589844,0
149.38,293.0585632324219,-9.855815887451172,0
149.39,292.9218444824219,-9.895277976989746,0
149.4,292.7875671386719,-9.931835174560547,0
149.41,292.65570068359375,-9.96553897857666,0
149.42,292.5173034667969,-10.005624771118164,0
149.43,292.3742370605469,-10.050104141235352,0
149.44,292.23370361328125,-10.09154224395752,0
149.45,292.0956115722656,-10.129993438720703,0
149.46,291.9599914550781,-10.165510177612305,0
149.47,291.8232116699219,-10.2018404006958,0
149.48,291.69775390625,-10.226081848144531,0
149.49,291.57464599609375,-10.247658729553223,0
149.5,291.4378662109375,-10.283141136169434,0
149.51,291.3124084472656,-10.306533813476562,0
149.52,291.1893310546875,-10.327262878417969,0
149.53,291.06854248046875,-10.345378875732422,0
149.54,290.93408203125,-10.377450942993164,0
149.55,290.8020935058594,-10.40666675567627,0
149.56,290.6725158691406,-10.43307876586914,0
149.57,290.5453186035156,-10.45673942565918,0
149.58,290.4205017089844,-10.477699279785156,0
149.59,290.2998352050781,-10.494161605834961,0
149.6,290.18145751953125,-10.508063316345215,0
149.61,290.06536865234375,-10.519454002380371,0
149.62,289.9515380859375,-10.52838134765625,0
149.63,289.84527587890625,-10.529407501220703,0
149.64,289.7358703613281,-10.533668518066406,0
149.65,289.628662109375,-10.53561019897461,0
149.66,289.5201110839844,-10.538919448852539,0
149.67,289.41375732421875,-10.53992748260498,0
149.68,289.3077697753906,-10.540529251098633,0
149.69,289.19329833984375,-10.54991626739502,0
149.7,289.09173583984375,-10.545844078063965,0
149.71,288.9922790527344,-10.539619445800781,0
149.72,288.8842468261719,-10.542320251464844,0
149.73,288.7784118652344,-10.542731285095215,0
149.74,288.6730041503906,-10.542691230773926,0
149.75,288.56976318359375,-10.540417671203613,0
149.76,288.450927734375,-10.554323196411133,0
149.77,288.3273010253906,-10.573042869567871,0
149.78,288.1971740722656,-10.598265647888184,0
149.79,288.0694885253906,-10.620725631713867,0
149.8,287.9317626953125,-10.65335464477539,0
149.81,287.80718994140625,-10.672025680541992,0
149.82,287.6849670410156,-10.688053131103516,0
149.83,287.56512451171875,-10.70148754119873,0
149.84,287.4440002441406,-10.71607494354248,0
149.85,287.3252258300781,-10.728092193603516,0
149.86,287.2087707519531,-10.737589836120605,0
149.87,287.0893249511719,-10.750105857849121,0
149.88,286.97216796875,-10.760087966918945,0
149.89,286.8573303222656,-10.767584800720215,0
149.9,286.7447814941406,-10.7726469039917,0
149.91,286.63446044921875,-10.775322914123535,0
149.92,286.5263671875,-10.775659561157227,0
149.93,286.4205017089844,-10.77370548248291,0
149.94,286.31683349609375,-10.769508361816406,0
149.95,286.2153015136719,-10.763114929199219,0
149.96,286.1159362792969,-10.754571914672852,0
149.97,286.0186767578125,-10.743925094604492,0
149.98,285.92529296875,-10.7293701171875,0
149.99,285.8321838378906,-10.714688301086426,0
150,285.7411193847656,-10.698036193847656,0
150.01,285.6520690917969,-10.679457664489746,0
150.02,285.5668640136719,-10.657147407531738,0
150.03,285.48712158203125,-10.629396438598633,0
150.04,285.4092712402344,-10.599961280822754,0
150.05,285.33331298828125,-10.568882942199707,0
150.06,285.25213623046875,-10.543537139892578,0
150.07,285.1693420410156,-10.520115852355957,0
150.08,285.0884704589844,-10.49494457244873,0
150.09,285.00592041015625,-10.471760749816895,0
150.1,284.92529296875,-10.446832656860352,0
150.11,284.8465576171875,-10.420201301574707,0
150.12,284.7662048339844,-10.395546913146973,0
150.13,284.687744140625,-10.369194984436035,0
150.14,284.6111145019531,-10.341185569763184,0
150.15,284.53631591796875,-10.31155776977539,0
150.16,284.4633483886719,-10.280351638793945,0
150.17,284.3904113769531,-10.2494535446167,0
150.18,284.30865478515625,-10.227992057800293,0
150.19,284.21636962890625,-10.21762466430664,0
150.2,284.1190185546875,-10.212639808654785,0
150.21,284.0219421386719,-10.207440376281738,0
150.22,283.91448974609375,-10.213008880615234,0
150.23,283.8091735839844,-10.216299057006836,0
150.24,283.6971130371094,-10.226539611816406,0
150.25,283.5872497558594,-10.234403610229492,0
150.26,283.47955322265625,-10.239936828613281,0
150.27,283.39178466796875,-10.224821090698242,0
150.28,283.30767822265625,-10.206056594848633,0
150.29,283.2254943847656,-10.185513496398926,0
150.3,283.1451721191406,-10.163232803344727,0
150.31,283.0791015625,-10.126431465148926,0
150.32,283.0023498535156,-10.101061820983887,0
150.33,282.9380798339844,-10.06303882598877,0
150.34,282.8755187988281,-10.023661613464355,0
150.35,282.80572509765625,-9.992149353027344,0
150.36,282.7377014160156,-9.959165573120117,0
150.37,282.6625061035156,-9.933931350708008,0
150.38,282.58380126953125,-9.912596702575684,0
150.39,282.51220703125,-9.884110450744629,0
150.4,282.4423522949219,-9.85411262512207,0
150.41,282.3813171386719,-9.815305709838867,0
150.42,282.3219299316406,-9.775214195251465,0
150.43,282.26593017578125,-9.732023239135742,0
150.44,282.22210693359375,-9.676679611206055,0
150.45,282.1797180175781,-9.620418548583984,0
150.46,282.1387634277344,-9.563271522521973,0
150.47,282.1009521484375,-9.50342082977295,0
150.48,282.06451416015625,-9.442781448364258,0
150.49,282.02764892578125,-9.383231163024902,0
150.5,281.9920959472656,-9.322911262512207,0
150.51,281.95257568359375,-9.267339706420898,0
150.52,281.9143981933594,-9.210942268371582,0
150.53,281.8758544921875,-9.155539512634277,0
150.54,281.838623046875,-9.09933090209961,0
150.55,281.8044128417969,-9.04055404663086,0
150.56,281.76800537109375,-8.98470401763916,0
150.57,281.7328796386719,-8.928093910217285,0
150.58,281.7043151855469,-8.865263938903809,0
150.59,281.6716613769531,-8.807329177856445,0
150.6,281.6455383300781,-8.7432279586792,0
150.61,281.6205749511719,-8.678586959838867,0
150.62,281.60736083984375,-8.602455139160156,0
150.63,281.59515380859375,-8.5260591506958,0
150.64,281.5839538574219,-8.449420928955078,0
150.65,281.57373046875,-8.37256145477295,0
150.66,281.5538635253906,-8.306476593017578,0
150.67,281.53155517578125,-8.243624687194824,0
150.68,281.51031494140625,-8.180313110351562,0
150.69,281.4901123046875,-8.116564750671387,0
150.7,281.465576171875,-8.05794620513916,0
150.71,281.4368591308594,-8.004307746887207,0
150.72,281.40924072265625,-7.950071334838867,0
150.73,281.3827209472656,-7.895261287689209,0
150.74,281.3501892089844,-7.847236633300781,0
150.75,281.31170654296875,-7.805868148803711,0
150.76,281.26202392578125,-7.776515960693359,0
150.77,281.21185302734375,-7.747965335845947,0
150.78,281.15594482421875,-7.725636959075928,0
150.79,281.0960388183594,-7.707672119140625,0
150.8,281.0340270996094,-7.692081451416016,0
150.81,280.9769592285156,-7.671539783477783,0
150.82,280.9212646484375,-7.64979362487793,0
150.83,280.8669128417969,-7.626871585845947,0
150.84,280.801513671875,-7.615625381469727,0
150.85,280.7198791503906,-7.621306896209717,0
150.86,280.6345520019531,-7.630744457244873,0
150.87,280.5508728027344,-7.63837194442749,0
150.88,280.4688415527344,-7.644224166870117,0
150.89,280.3973083496094,-7.639153957366943,0
150.9,280.31842041015625,-7.641751766204834,0
150.91,280.2411193847656,-7.642677307128906,0
150.92,280.1654052734375,-7.641964435577393,0
150.93,280.0912170410156,-7.639647006988525,0
150.94,280.0185852050781,-7.635758399963379,0
150.95,279.93865966796875,-7.639458179473877,0
150.96,279.8603210449219,-7.641463756561279,0
150.97,279.7835693359375,-7.64180850982666,0
150.98,279.70660400390625,-7.6423749923706055,0
150.99,279.6152648925781,-7.657829761505127,0
151,279.5221252441406,-7.674984931945801,0
151.01,279.4306945800781,-7.690162181854248,0
151.02,279.34100341796875,-7.703398704528809,0
151.03,279.2530212402344,-7.7147321701049805,0
151.04,279.16851806640625,-7.722350597381592,0
151.05,279.0838928222656,-7.730024814605713,0
151.06,278.9973449707031,-7.739599227905273,0
151.07,278.8788757324219,-7.782111167907715,0
151.08,278.7695007324219,-7.814768314361572,0
151.09,278.6549377441406,-7.85243558883667,0
151.1,278.5423583984375,-7.887667655944824,0
151.11,278.4264221191406,-7.925992965698242,0
151.12,278.32489013671875,-7.949031352996826,0
151.13,278.2057189941406,-7.990070819854736,0
151.14,278.0780029296875,-8.039551734924316,0
151.15,277.9400329589844,-8.099139213562012,0
151.16,277.8042907714844,-8.155789375305176,0
151.17,277.6707763671875,-8.209551811218262,0
151.18,277.5394592285156,-8.260472297668457,0
151.19,277.40325927734375,-8.315935134887695,0
151.2,277.2586975097656,-8.379475593566895,0
151.21,277.1075744628906,-8.449121475219727,0
151.22,276.9588623046875,-8.51555061340332,0
151.23,276.8072814941406,-8.584301948547363,0
151.24,276.65460205078125,-8.65346622467041,0
151.25,276.4954833984375,-8.72856330871582,0
151.26,276.337158203125,-8.802063941955566,0
151.27,276.1707458496094,-8.883169174194336,0
151.28,276.0069580078125,-8.96073055267334,0
151.29,275.8634033203125,-9.016550064086914,0
151.3,275.70458984375,-9.087570190429688,0
151.31,275.5465393066406,-9.157057762145996,0
151.32,275.38397216796875,-9.23051643371582,0
151.33,275.2311096191406,-9.29317855834961,0
151.34,275.0825500488281,-9.350740432739258,0
151.35,274.93646240234375,-9.405141830444336,0
151.36,274.78216552734375,-9.467467308044434,0
151.37,274.61810302734375,-9.539276123046875,0
151.38,274.4566650390625,-9.607592582702637,0
151.39,274.29962158203125,-9.670681953430176,0
151.4,274.154052734375,-9.721246719360352,0
151.41,274.010986328125,-9.768715858459473,0
151.42,273.8614807128906,-9.82232666015625,0
151.43,273.7127685546875,-9.87454891204834,0
151.44,273.5648193359375,-9.925457000732422,0
151.45,273.4194030761719,-9.97321891784668,0
151.46,273.2658996582031,-10.028863906860352,0
151.47,273.0972900390625,-10.099555015563965,0
151.48,272.9226379394531,-10.175786018371582,0
151.49,272.7455139160156,-10.25378704071045,0
151.5,272.5694580078125,-10.329865455627441,0
151.51,272.396240234375,-10.402195930480957,0
151.52,272.2258605957031,-10.470840454101562,0
151.53,272.0494384765625,-10.5450439453125,0
151.54,271.8741760253906,-10.61728572845459,0
151.55,271.7017822265625,-10.685797691345215,0
151.56,271.5322265625,-10.750640869140625,0
151.57,271.36553955078125,-10.811877250671387,0
151.58,271.20166015625,-10.869568824768066,0
151.59,271.0405578613281,-10.923774719238281,0
151.6,270.8822326660156,-10.974555015563965,0
151.61,270.7142639160156,-11.034791946411133,0
151.62,270.54913330078125,-11.091456413269043,0
151.63,270.3868713378906,-11.144609451293945,0
151.64,270.2203063964844,-11.201648712158203,0
151.65,270.05126953125,-11.26063346862793,0
151.66,269.8851318359375,-11.316023826599121,0
151.67,269.72186279296875,-11.367881774902344,0
151.68,269.5614318847656,-11.416268348693848,0
151.69,269.40380859375,-11.461244583129883,0
151.7,269.2471618652344,-11.504718780517578,0
151.71,269.09332275390625,-11.544864654541016,0
151.72,268.9422302246094,-11.581741333007812,0
151.73,268.79388427734375,-11.615408897399902,0
151.74,268.64471435546875,-11.649564743041992,0
151.75,268.498291015625,-11.68055248260498,0
151.76,268.35455322265625,-11.708431243896484,0
151.77,268.2134704589844,-11.733257293701172,0
151.78,268.0750427246094,-11.755087852478027,0
151.79,267.9392395019531,-11.773981094360352,0
151.8,267.7972106933594,-11.799118995666504,0
151.81,267.6666564941406,-11.812114715576172,0
151.82,267.53863525390625,-11.822340965270996,0
151.83,267.4078369140625,-11.835339546203613,0
151.84,267.2760925292969,-11.849203109741211,0
151.85,267.1344909667969,-11.87309455871582,0
151.86,266.9920349121094,-11.89762020111084,0
151.87,266.8522644042969,-11.919121742248535,0
151.88,266.71514892578125,-11.937657356262207,0
151.89,266.5806579589844,-11.953283309936523,0
151.9,266.44879150390625,-11.966055870056152,0
151.91,266.3052978515625,-11.990701675415039,0
151.92,266.1645202636719,-12.012301445007324,0
151.93,266.02642822265625,-12.030913352966309,0
151.94,265.8892517089844,-12.048386573791504,0
151.95,265.7475891113281,-12.070284843444824,0
151.96,265.608642578125,-12.089176177978516,0
151.97,265.4617614746094,-12.116094589233398,0
151.98,265.3122863769531,-12.145381927490234,0
151.99,265.1637878417969,-12.17334270477295,0
152,265.0092468261719,-12.207277297973633,0
152.01,264.8540344238281,-12.241569519042969,0
152.02,264.70166015625,-12.272565841674805,0
152.03,264.53973388671875,-12.313149452209473,0
152.04,264.37890625,-12.352140426635742,0
152.05,264.2209777832031,-12.387714385986328,0
152.06,264.0642395019531,-12.42172622680664,0
152.07,263.9103698730469,-12.452409744262695,0
152.08,263.7593688964844,-12.479825973510742,0
152.09,263.6111755371094,-12.504035949707031,0
152.1,263.4657897949219,-12.525100708007812,0
152.11,263.32318115234375,-12.543079376220703,0
152.12,263.18328857421875,-12.558032035827637,0
152.13,263.0461120605469,-12.570016860961914,0
152.14,262.9116516113281,-12.579092025756836,0
152.15,262.77984619140625,-12.585315704345703,0
152.16,262.627685546875,-12.612543106079102,0
152.17,262.4783630371094,-12.636540412902832,0
152.18,262.3265686035156,-12.662856101989746,0
152.19,262.1776428222656,-12.68595027923584,0
152.2,262.02978515625,-12.707674026489258,0
152.21,261.8670349121094,-12.744571685791016,0
152.22,261.7178955078125,-12.767037391662598,0
152.23,261.5609436035156,-12.79731273651123,0
152.24,261.4069519042969,-12.82425594329834,0
152.25,261.2558288574219,-12.847929954528809,0
152.26,261.0969543457031,-12.87937068939209,0
152.27,260.95166015625,-12.896463394165039,0
152.28,260.80914306640625,-12.910473823547363,0
152.29,260.6517639160156,-12.939714431762695,0
152.3,260.4973449707031,-12.965614318847656,0
152.31,260.3458251953125,-12.988236427307129,0
152.32,260.2042236328125,-13.00036334991455,0
152.33,260.0583801269531,-13.016766548156738,0
152.34,259.9153747558594,-13.030075073242188,0
152.35,259.775146484375,-13.040349960327148,0
152.36,259.6341247558594,-13.051346778869629,0
152.37,259.495849609375,-13.05935287475586,0
152.38,259.353271484375,-13.071762084960938,0
152.39,259.2135009765625,-13.081147193908691,0
152.4,259.0588684082031,-13.105822563171387,0
152.41,258.9071044921875,-13.127215385437012,0
152.42,258.7547302246094,-13.149027824401855,0
152.43,258.5858459472656,-13.187708854675293,0
152.44,258.40765380859375,-13.235626220703125,0
152.45,258.2326354980469,-13.279757499694824,0
152.46,258.0607604980469,-13.320170402526855,0
152.47,257.89202880859375,-13.356932640075684,0
152.48,257.7193603515625,-13.397390365600586,0
152.49,257.5498352050781,-13.43418025970459,0
152.5,257.3798522949219,-13.471065521240234,0
152.51,257.2129821777344,-13.504341125488281,0
152.52,257.0439147949219,-13.53956127166748,0
152.53,256.8744201660156,-13.574830055236816,0
152.54,256.7027587890625,-13.611988067626953,0
152.55,256.5272216796875,-13.652779579162598,0
152.56,256.3548583984375,-13.689842224121094,0
152.57,256.1767883300781,-13.732426643371582,0
152.58,256.001953125,-13.771228790283203,0
152.59,255.830322265625,-13.806317329406738,0
152.6,255.66014099121094,-13.839553833007812,0
152.61,255.4931182861328,-13.869176864624023,0
152.62,255.3292236328125,-13.895254135131836,0
152.63,255.15252685546875,-13.934314727783203,0
152.64,254.97732543945312,-13.971413612365723,0
152.65,254.80535888671875,-14.004792213439941,0
152.66,254.6259765625,-14.045495986938477,0
152.67,254.44985961914062,-14.082388877868652,0
152.68,254.2698974609375,-14.12287712097168,0
152.69,254.09323120117188,-14.15954303741455,0
152.7,253.91981506347656,-14.19245719909668,0
152.71,253.7496337890625,-14.22169017791748,0
152.72,253.58265686035156,-14.247309684753418,0
152.73,253.41885375976562,-14.26938533782959,0
152.74,253.25465393066406,-14.291625022888184,0
152.75,253.09361267089844,-14.310379981994629,0
152.76,252.93568420410156,-14.325718879699707,0
152.77,252.7808380126953,-14.33770751953125,0
152.78,252.6184539794922,-14.357386589050293,0
152.79,252.45919799804688,-14.373620986938477,0
152.8,252.31011962890625,-14.379141807556152,0
152.81,252.16404724121094,-14.381502151489258,0
152.82,252.01385498046875,-14.388101577758789,0
152.83,251.85081481933594,-14.407923698425293,0
152.84,251.68914794921875,-14.42613410949707,0
152.85,251.52708435058594,-14.444554328918457,0
152.86,251.36285400390625,-14.4650239944458,0
152.87,251.2017822265625,-14.482008934020996,0
152.88,251.04385375976562,-14.495576858520508,0
152.89,250.88902282714844,-14.5057954788208,0
152.9,250.7372589111328,-14.512730598449707,0
152.91,250.5885467529297,-14.516448020935059,0
152.92,250.44284057617188,-14.517013549804688,0
152.93,250.30010986328125,-14.514491081237793,0
152.94,250.1603240966797,-14.508944511413574,0
152.95,250.02345275878906,-14.500435829162598,0
152.96,249.88768005371094,-14.490876197814941,0
152.97,249.75479125976562,-14.47844123840332,0
152.98,249.62474060058594,-14.4631929397583,0
152.99,249.49749755859375,-14.445192337036133,0
153,249.373046875,-14.424498558044434,0
153.01,249.2513427734375,-14.401172637939453,0
153.02,249.12884521484375,-14.378911018371582,0
153.03,249.0037841796875,-14.359546661376953,0
153.04,248.88145446777344,-14.337535858154297,0
153.05,248.75303649902344,-14.322064399719238,0
153.06,248.6203155517578,-14.311209678649902,0
153.07,248.4868927001953,-14.301185607910156,0
153.08,248.352783203125,-14.291975021362305,0
153.09,248.2197265625,-14.28177261352539,0
153.1,248.08949279785156,-14.268752098083496,0
153.11,247.95323181152344,-14.262102127075195,0
153.12,247.81982421875,-14.252565383911133,0
153.13,247.6875,-14.241996765136719,0
153.14,247.54739379882812,-14.239601135253906,0
153.15,247.4084014892578,-14.236083984375,0
153.16,247.25994873046875,-14.242388725280762,0
153.17,247.11447143554688,-14.245546340942383,0
153.18,246.97193908691406,-14.245620727539062,0
153.19,246.83233642578125,-14.242674827575684,0
153.2,246.69561767578125,-14.236770629882812,0
153.21,246.56175231933594,-14.227971076965332,0
153.22,246.43072509765625,-14.216336250305176,0
153.23,246.30075073242188,-14.203719139099121,0
153.24,246.17355346679688,-14.188349723815918,0
153.25,246.04556274414062,-14.17398452758789,0
153.26,245.91859436035156,-14.15870189666748,0
153.27,245.79080200195312,-14.144427299499512,0
153.28,245.66403198242188,-14.129239082336426,0
153.29,245.53822326660156,-14.113216400146484,0
153.3,245.41342163085938,-14.096322059631348,0
153.31,245.2877655029297,-14.08048152923584,0
153.32,245.16131591796875,-14.065622329711914,0
153.33,245.03587341308594,-14.049878120422363,0
153.34,244.90957641601562,-14.035174369812012,0
153.35,244.7807159423828,-14.023284912109375,0
153.36,244.6405487060547,-14.023226737976074,0
153.37,244.5032501220703,-14.020197868347168,0
153.38,244.36878967285156,-14.014260292053223,0
153.39,244.23715209960938,-14.005474090576172,0
153.4,244.1153106689453,-13.986620903015137,0
153.41,243.9996795654297,-13.961548805236816,0
153.42,243.88665771484375,-13.93403148651123,0
153.43,243.772705078125,-13.90776538848877,0
153.44,243.66485595703125,-13.875450134277344,0
153.45,243.55953979492188,-13.840856552124023,0
153.46,243.4567108154297,-13.804038047790527,0
153.47,243.34751892089844,-13.774175643920898,0
153.48,243.2338409423828,-13.749284744262695,0
153.49,243.1227264404297,-13.721989631652832,0
153.5,243.00885009765625,-13.697834014892578,0
153.51,242.89755249023438,-13.671270370483398,0
153.52,242.78878784179688,-13.642354011535645,0
153.53,242.6719207763672,-13.622113227844238,0
153.54,242.5524139404297,-13.604832649230957,0
153.55,242.43194580078125,-13.58871841430664,0
153.56,242.3140869140625,-13.57005500793457,0
153.57,242.1900177001953,-13.558025360107422,0
153.58,242.068603515625,-13.543368339538574,0
153.59,241.95863342285156,-13.517014503479004,0
153.6,241.85118103027344,-13.488335609436035,0
153.61,241.74269104003906,-13.46102523803711,0
153.62,241.63668823242188,-13.431421279907227,0
153.63,241.52784729003906,-13.405065536499023,0
153.64,241.41624450683594,-13.381839752197266,0
153.65,241.30715942382812,-13.356253623962402,0
153.66,241.2005615234375,-13.328361511230469,0
153.67,241.09640502929688,-13.298215866088867,0
153.68,240.99468994140625,-13.265870094299316,0
153.69,240.88827514648438,-13.238710403442383,0
153.7,240.79139709472656,-13.201966285705566,0
153.71,240.6897735595703,-13.170512199401855,0
153.72,240.60289001464844,-13.1241455078125,0
153.73,240.5182342529297,-13.075946807861328,0
153.74,240.42344665527344,-13.03873062133789,0
153.75,240.31689453125,-13.01407241821289,0
153.76,240.20745849609375,-12.99264907836914,0
153.77,240.0986785888672,-12.970759391784668,0
153.78,239.99234008789062,-12.946568489074707,0
153.79,239.8707733154297,-12.938384056091309,0
153.8,239.7517852783203,-12.92762565612793,0
153.81,239.63534545898438,-12.914347648620605,0
153.82,239.5214080810547,-12.898604393005371,0
153.83,239.40293884277344,-12.88772964477539,0
153.84,239.2728729248047,-12.888961791992188,0
153.85,239.1454620361328,-12.887436866760254,0
153.86,239.0294952392578,-12.874085426330566,0
153.87,238.9213409423828,-12.852791786193848,0
153.88,238.81561279296875,-12.82921028137207,0
153.89,238.70697021484375,-12.808880805969238,0
153.9,238.59193420410156,-12.795380592346191,0
153.91,238.4793701171875,-12.779444694519043,0
153.92,238.36398315429688,-12.76661491394043,0
153.93,238.26519775390625,-12.736727714538574,0
153.94,238.1493682861328,-12.724800109863281,0
153.95,238.03424072265625,-12.712267875671387,0
153.96,237.91629028320312,-12.702786445617676,0
153.97,237.80084228515625,-12.690807342529297,0
153.98,237.68788146972656,-12.676383972167969,0
153.99,237.58267211914062,-12.654082298278809,0
154,237.47984313964844,-12.629555702209473,0
154.01,237.37405395507812,-12.608343124389648,0
154.02,237.2706298828125,-12.584893226623535,0
154.03,237.1483917236328,-12.581151008605957,0
154.04,237.01988220214844,-12.583946228027344,0
154.05,236.8939666748047,-12.584017753601074,0
154.06,236.7794647216797,-12.572293281555176,0
154.07,236.66741943359375,-12.558145523071289,0
154.08,236.54898071289062,-12.550752639770508,0
154.09,236.4313201904297,-12.542643547058105,0
154.1,236.30552673339844,-12.543017387390137,0
154.11,236.16998291015625,-12.553492546081543,0
154.12,236.0494384765625,-12.548325538635254,0
154.13,235.93141174316406,-12.540604591369629,0
154.14,235.8035430908203,-12.54315185546875,0
154.15,235.6730194091797,-12.548419952392578,0
154.16,235.5451202392578,-12.550921440124512,0
154.17,235.42333984375,-12.547072410583496,0
154.18,235.3040771484375,-12.540642738342285,0
154.19,235.18731689453125,-12.53168773651123,0
154.2,235.0730438232422,-12.520259857177734,0
154.21,234.9612274169922,-12.506413459777832,0
154.22,234.85183715820312,-12.49020004272461,0
154.23,234.74484252929688,-12.471672058105469,0
154.24,234.64022827148438,-12.45088005065918,0
154.25,234.53794860839844,-12.427875518798828,0
154.26,234.43447875976562,-12.40634822845459,0
154.27,234.32803344726562,-12.388120651245117,0
154.28,234.21511840820312,-12.376768112182617,0
154.29,234.1011199951172,-12.366665840148926,0
154.3,233.9665985107422,-12.377890586853027,0
154.31,233.82591247558594,-12.395389556884766,0
154.32,233.69676208496094,-12.400776863098145,0
154.33,233.56137084960938,-12.412552833557129,0
154.34,233.4286346435547,-12.421457290649414,0
154.35,233.27915954589844,-12.447592735290527,0
154.36,233.1324920654297,-12.470555305480957,0
154.37,233.00271606445312,-12.475790023803711,0
154.38,232.8755645751953,-12.478273391723633,0
154.39,232.7509765625,-12.47806167602539,0
154.4,232.6289520263672,-12.47520923614502,0
154.41,232.5094451904297,-12.469772338867188,0
154.42,232.3924560546875,-12.461803436279297,0
154.43,232.2726287841797,-12.4568452835083,0
154.44,232.15530395507812,-12.449348449707031,0
154.45,232.0369415283203,-12.44300651550293,0
154.46,231.92105102539062,-12.434157371520996,0
154.47,231.7970733642578,-12.4337739944458,0
154.48,231.67564392089844,-12.430763244628906,0
154.49,231.55142211914062,-12.43066692352295,0
154.5,231.42974853515625,-12.427938461303711,0
154.51,231.3105926513672,-12.422632217407227,0
154.52,231.19393920898438,-12.414801597595215,0
154.53,231.07623291015625,-12.408141136169434,0
154.54,230.96099853515625,-12.398987770080566,0
154.55,230.86758422851562,-12.36734676361084,0
154.56,230.77639770507812,-12.333733558654785,0
154.57,230.68740844726562,-12.298194885253906,0
154.58,230.6005859375,-12.260777473449707,0
154.59,230.51060485839844,-12.22701644897461,0
154.6,230.4228057861328,-12.19135570526123,0
154.61,230.33363342285156,-12.157482147216797,0
154.62,230.24661254882812,-12.121726036071777,0
154.63,230.15469360351562,-12.091411590576172,0
154.64,230.06495666503906,-12.05915641784668,0
154.65,229.9755859375,-12.026854515075684,0
154.66,229.89015197753906,-11.990817070007324,0
154.67,229.81385803222656,-11.945697784423828,0
154.68,229.73956298828125,-11.898971557617188,0
154.69,229.66725158691406,-11.850680351257324,0
154.7,229.58985900878906,-11.808146476745605,0
154.71,229.50033569335938,-11.778595924377441,0
154.72,229.41293334960938,-11.74715518951416,0
154.73,229.31529235839844,-11.726634979248047,0
154.74,229.21986389160156,-11.704050064086914,0
154.75,229.12660217285156,-11.679448127746582,0
154.76,229.02320861816406,-11.6655855178833,0
154.77,228.9114532470703,-11.660510063171387,0
154.78,228.81265258789062,-11.642091751098633,0
154.79,228.71604919433594,-11.621583938598633,0
154.8,228.61102294921875,-11.61000919342041,0
154.81,228.5082550048828,-11.596210479736328,0
154.82,228.40773010253906,-11.58023738861084,0
154.83,228.2988739013672,-11.5730562210083,0
154.84,228.1923065185547,-11.563570022583008,0
154.85,228.08802795410156,-11.551827430725098,0
154.86,227.98599243164062,-11.537877082824707,0
154.87,227.88267517089844,-11.525406837463379,0
154.88,227.778076171875,-11.514389991760254,0
154.89,227.67572021484375,-11.501158714294434,0
154.9,227.57559204101562,-11.485761642456055,0
154.91,227.4776611328125,-11.468245506286621,0
154.92,227.3819122314453,-11.448657989501953,0
154.93,227.28831481933594,-11.427045822143555,0
154.94,227.19683837890625,-11.403454780578613,0
154.95,227.10748291015625,-11.3779296875,0
154.96,227.0254364013672,-11.345085144042969,0
154.97,226.94540405273438,-11.310508728027344,0
154.98,226.84625244140625,-11.29608154296875,0
154.99,226.7474822998047,-11.281404495239258,0
155,226.6526641845703,-11.262789726257324,0
155.01,226.5581817626953,-11.244016647338867,0
155.02,226.4658203125,-11.223245620727539,0
155.03,226.37554931640625,-11.200521469116211,0
155.04,226.29087829589844,-11.172249794006348,0
155.05,226.1993865966797,-11.15131664276123,0
155.06,226.11880493164062,-11.119321823120117,0
155.07,226.05078125,-11.074650764465332,0
155.08,225.98458862304688,-11.028548240661621,0
155.09,225.92019653320312,-10.98105239868164,0
155.1,225.8593292236328,-10.930410385131836,0
155.11,225.8002166748047,-10.87848949432373,0
155.12,225.74281311035156,-10.825326919555664,0
155.13,225.68711853027344,-10.770959854125977,0
155.14,225.63308715820312,-10.715423583984375,0
155.15,225.58953857421875,-10.649626731872559,0
155.16,225.54751586914062,-10.582921028137207,0
155.17,225.51051330566406,-10.511699676513672,0
155.18,225.4749755859375,-10.439708709716797,0
155.19,225.44259643554688,-10.365188598632812,0
155.2,225.4169158935547,-10.284510612487793,0
155.21,225.3960723876953,-10.199666023254395,0
155.22,225.37649536132812,-10.114397048950195,0
155.23,225.3757781982422,-10.010477066040039,0
155.24,225.37611389160156,-9.906564712524414,0
155.25,225.37745666503906,-9.802680969238281,0
155.26,225.37979125976562,-9.698847770690918,0
155.27,225.3672332763672,-9.611493110656738,0
155.28,225.3557891845703,-9.523890495300293,0
155.29,225.3612823486328,-9.419656753540039,0
155.3,225.35183715820312,-9.331968307495117,0
155.31,225.34344482421875,-9.244098663330078,0
155.32,225.3325653076172,-9.159708976745605,0
155.33,225.32095336914062,-9.07695484161377,0
155.34,225.3033447265625,-9.001251220703125,0
155.35,225.28684997558594,-8.925190925598145,0
155.36,225.28025817871094,-8.839669227600098,0
155.37,225.27464294433594,-8.754026412963867,0
155.38,225.2611541748047,-8.677410125732422,0
155.39,225.2451629638672,-8.604164123535156,0
155.4,225.22669982910156,-8.534233093261719,0
155.41,225.21282958984375,-8.460287094116211,0
155.42,225.199951171875,-8.386062622070312,0
155.43,225.18980407714844,-8.309788703918457,0
155.44,225.1806182861328,-8.233316421508789,0
155.45,225.1671142578125,-8.16209602355957,0
155.46,225.1422576904297,-8.103372573852539,0
155.47,225.1308135986328,-8.031367301940918,0
155.48,225.1203155517578,-7.959135055541992,0
155.49,225.11073303222656,-7.886695384979248,0
155.5,225.08441162109375,-7.832322597503662,0
155.51,225.0503387451172,-7.786530494689941,0
155.52,225.01742553710938,-7.740025997161865,0
155.53,224.98211669921875,-7.696473598480225,0
155.54,224.9479522705078,-7.652182579040527,0
155.55,224.91671752929688,-7.6053290367126465,0
155.56,224.88479614257812,-7.559671401977539,0
155.57,224.8557586669922,-7.511499404907227,0
155.58,224.82778930664062,-7.462721824645996,0
155.59,224.80259704589844,-7.411570072174072,0
155.6,224.77842712402344,-7.3598952293396,0
155.61,224.75352478027344,-7.309511184692383,0
155.62,224.72962951660156,-7.258610248565674,0
155.63,224.6961669921875,-7.218132019042969,0
155.64,224.6444091796875,-7.197000026702881,0
155.65,224.5939178466797,-7.17477560043335,0
155.66,224.52529907226562,-7.1715312004089355,0
155.67,224.447509765625,-7.1778082847595215,0
155.68,224.3712615966797,-7.182435512542725,0
155.69,224.2947998046875,-7.187238693237305,0
155.7,224.2198486328125,-7.190420627593994,0
155.71,224.14462280273438,-7.19386100769043,0
155.72,224.07089233398438,-7.195706367492676,0
155.73,223.98106384277344,-7.214186668395996,0
155.74,223.88938903808594,-7.234399795532227,0
155.75,223.7993927001953,-7.252665996551514,0
155.76,223.7110595703125,-7.269021511077881,0
155.77,223.62437438964844,-7.283501148223877,0
155.78,223.53932189941406,-7.296141147613525,0
155.79,223.4558868408203,-7.306975841522217,0
155.8,223.3705291748047,-7.319679260253906,0
155.81,223.28680419921875,-7.330571174621582,0
155.82,223.20469665527344,-7.339686393737793,0
155.83,223.1153564453125,-7.356186866760254,0
155.84,223.02415466308594,-7.3744306564331055,0
155.85,222.93817138671875,-7.3870978355407715,0
155.86,222.85382080078125,-7.397940158843994,0
155.87,222.77110290527344,-7.4069929122924805,0
155.88,222.6917724609375,-7.412443161010742,0
155.89,222.61399841308594,-7.416211128234863,0
155.9,222.5413055419922,-7.414689540863037,0
155.91,222.4665985107422,-7.415268421173096,0
155.92,222.39341735839844,-7.414263725280762,0
155.93,222.32174682617188,-7.411708354949951,0
155.94,222.2427520751953,-7.416761875152588,0
155.95,222.1512451171875,-7.434699058532715,0
155.96,222.03855895996094,-7.474379062652588,0
155.97,221.9277801513672,-7.51166296005249,0
155.98,221.81890869140625,-7.546591281890869,0
155.99,221.7119140625,-7.57920503616333,0
156,221.60679626464844,-7.609544277191162,0
156.01,221.48065185546875,-7.66133451461792,0
156.02,221.35658264160156,-7.710440635681152,0
156.03,221.2046356201172,-7.787872314453125,0
156.04,221.04974365234375,-7.867555141448975,0
156.05,220.8902587890625,-7.951162338256836,0
156.06,220.73321533203125,-8.0313720703125,0
156.07,220.57861328125,-8.108237266540527,0
156.08,220.4228515625,-8.185504913330078,0
156.09,220.27310180664062,-8.255760192871094,0
156.1,220.125732421875,-8.322827339172363,0
156.11,219.98072814941406,-8.386756896972656,0
156.12,219.83448791503906,-8.451295852661133,0
156.13,219.6748046875,-8.529071807861328,0
156.14,219.48948669433594,-8.632564544677734,0
156.15,219.30165100097656,-8.737595558166504,0
156.16,219.11489868164062,-8.840415000915527,0
156.17,218.9238739013672,-8.9465913772583,0
156.18,218.73048400878906,-9.054128646850586,0
156.19,218.5399932861328,-9.15754508972168,0
156.2,218.35240173339844,-9.256902694702148,0
156.21,218.162353515625,-9.35775089263916,0
156.22,217.9752197265625,-9.454550743103027,0
156.23,217.79627990722656,-9.541876792907715,0
156.24,217.61485290527344,-9.630880355834961,0
156.25,217.427490234375,-9.725090980529785,0
156.26,217.2430419921875,-9.815311431884766,0
156.27,217.07025146484375,-9.892532348632812,0
156.28,216.90025329589844,-9.966075897216797,0
156.29,216.7242431640625,-10.045072555541992,0
156.3,216.5510711669922,-10.120322227478027,0
156.31,216.3754119873047,-10.197373390197754,0
156.32,216.19203186035156,-10.281604766845703,0
156.33,216.00985717773438,-10.363723754882812,0
156.34,215.8235626220703,-10.449244499206543,0
156.35,215.64727783203125,-10.523519515991211,0
156.36,215.473876953125,-10.594043731689453,0
156.37,215.2963104248047,-10.668157577514648,0
156.38,215.1304168701172,-10.729421615600586,0
156.39,214.96731567382812,-10.78715705871582,0
156.4,214.8070068359375,-10.841424942016602,0
156.41,214.6371612548828,-10.904994010925293,0
156.42,214.47015380859375,-10.964950561523438,0
156.43,214.3059844970703,-11.021354675292969,0
156.44,214.13758850097656,-11.081547737121582,0
156.45,213.97206115722656,-11.13815975189209,0
156.46,213.81639099121094,-11.183972358703613,0
156.47,213.66346740722656,-11.226475715637207,0
156.48,213.50624084472656,-11.273009300231934,0
156.49,213.35879516601562,-11.308921813964844,0
156.5,213.20347595214844,-11.352621078491211,0
156.51,213.0509033203125,-11.393019676208496,0
156.52,212.9010467529297,-11.430176734924316,0
156.53,212.75390625,-11.464150428771973,0
156.54,212.6094512939453,-11.494998931884766,0
156.55,212.4658660888672,-11.524626731872559,0
156.56,212.31788635253906,-11.55848503112793,0
156.57,212.15853881835938,-11.603757858276367,0
156.58,211.9844207763672,-11.663843154907227,0
156.59,211.8097686767578,-11.723865509033203,0
156.6,211.6381072998047,-11.780174255371094,0
156.61,211.46942138671875,-11.832833290100098,0
156.62,211.3036651611328,-11.881906509399414,0
156.63,211.1408233642578,-11.927456855773926,0
156.64,210.97561645507812,-11.97497844696045,0
156.65,210.81857299804688,-12.013557434082031,0
156.66,210.67320251464844,-12.0396728515625,0
156.67,210.53054809570312,-12.062702178955078,0
156.68,210.39059448242188,-12.082703590393066,0
156.69,210.24447631835938,-12.108861923217773,0
156.7,210.0941162109375,-12.139141082763672,0
156.71,209.946533203125,-12.166227340698242,0
156.72,209.79469299316406,-12.197461128234863,0
156.73,209.63861083984375,-12.232749938964844,0
156.74,209.48538208007812,-12.264723777770996,0
156.75,209.33497619628906,-12.29344367980957,0
156.76,209.18736267089844,-12.3189697265625,0
156.77,209.0390167236328,-12.345001220703125,0
156.78,208.89346313476562,-12.367883682250977,0
156.79,208.7506561279297,-12.387677192687988,0
156.8,208.61058044433594,-12.404439926147461,0
156.81,208.47320556640625,-12.418231010437012,0
156.82,208.33851623535156,-12.429107666015625,0
156.83,208.19239807128906,-12.45168685913086,0
156.84,208.04905700683594,-12.47116470336914,0
156.85,207.90667724609375,-12.489448547363281,0
156.86,207.76702880859375,-12.504711151123047,0
156.87,207.63009643554688,-12.517010688781738,0
156.88,207.495849609375,-12.526406288146973,0
156.89,207.3572235107422,-12.540234565734863,0
156.9,207.21957397460938,-12.552913665771484,0
156.91,207.08460998535156,-12.56267261505127,0
156.92,206.95053100585938,-12.571417808532715,0
156.93,206.791015625,-12.6063814163208,0
156.94,206.63092041015625,-12.641595840454102,0
156.95,206.4737548828125,-12.673410415649414,0
156.96,206.3177032470703,-12.7037353515625,0
156.97,206.1663360595703,-12.728899002075195,0
156.98,206.01783752441406,-12.750849723815918,0
156.99,205.87216186523438,-12.769649505615234,0
157,205.72927856445312,-12.785357475280762,0
157.01,205.58917236328125,-12.79803466796875,0
157.02,205.45181274414062,-12.807740211486816,0
157.03,205.3153839111328,-12.816380500793457,0
157.04,205.1728973388672,-12.831199645996094,0
157.05,205.03318786621094,-12.842996597290039,0
157.06,204.87684631347656,-12.871874809265137,0
157.07,204.72341918945312,-12.89743423461914,0
157.08,204.57289123535156,-12.919736862182617,0
157.09,204.42176818847656,-12.942428588867188,0
157.1,204.2769775390625,-12.958329200744629,0
157.11,204.13153076171875,-12.97474193572998,0
157.12,203.98890686035156,-12.988068580627441,0
157.13,203.84555053710938,-13.002010345458984,0
157.14,203.7050018310547,-13.012911796569824,0
157.15,203.58302307128906,-13.004481315612793,0
157.16,203.45306396484375,-13.004386901855469,0
157.17,203.3257598876953,-13.001538276672363,0
157.18,203.2010955810547,-12.995992660522461,0
157.19,203.0790557861328,-12.98780632019043,0
157.2,202.95957946777344,-12.977035522460938,0
157.21,202.83389282226562,-12.972805976867676,0
157.22,202.71083068847656,-12.965913772583008,0
157.23,202.59036254882812,-12.956415176391602,0
157.24,202.463623046875,-12.953493118286133,0
157.25,202.33778381347656,-12.949678421020508,0
157.26,202.21453857421875,-12.943198204040527,0
157.27,202.09390258789062,-12.934107780456543,0
157.28,201.97230529785156,-12.926101684570312,0
157.29,201.85679626464844,-12.911881446838379,0
157.3,201.74026489257812,-12.898855209350586,0
157.31,201.63150024414062,-12.877930641174316,0
157.32,201.52516174316406,-12.854705810546875,0
157.33,201.41598510742188,-12.834664344787598,0
157.34,201.3092498779297,-12.812313079833984,0
157.35,201.1960906982422,-12.796832084655762,0
157.36,201.08538818359375,-12.778955459594727,0
157.37,200.97015380859375,-12.765960693359375,0
157.38,200.857421875,-12.750527381896973,0
157.39,200.7471466064453,-12.732707977294922,0
157.4,200.6392822265625,-12.712554931640625,0
157.41,200.52853393554688,-12.695608139038086,0
157.42,200.41848754882812,-12.678110122680664,0
157.43,200.30734252929688,-12.6619234085083,0
157.44,200.19863891601562,-12.64338493347168,0
157.45,200.0888214111328,-12.62618637084961,0
157.46,199.98143005371094,-12.606664657592773,0
157.47,199.8675994873047,-12.593997955322266,0
157.48,199.7562255859375,-12.5789213180542,0
157.49,199.64727783203125,-12.561488151550293,0
157.5,199.54074096679688,-12.541749954223633,0
157.51,199.43133544921875,-12.525189399719238,0
157.52,199.31729125976562,-12.513592720031738,0
157.53,199.20217895507812,-12.50322151184082,0
157.54,199.0842742919922,-12.495844841003418,0
157.55,198.96534729003906,-12.48961067199707,0
157.56,198.84890747070312,-12.480857849121094,0
157.57,198.73321533203125,-12.471430778503418,0
157.58,198.61997985839844,-12.459554672241211,0
157.59,198.50918579101562,-12.445281028747559,0
157.6,198.4008026123047,-12.428662300109863,0
157.61,198.2947998046875,-12.409750938415527,0
157.62,198.19114685058594,-12.388596534729004,0
157.63,198.08982849121094,-12.365250587463379,0
157.64,197.9767303466797,-12.354320526123047,0
157.65,197.86605834960938,-12.340996742248535,0
157.66,197.7613067626953,-12.321690559387207,0
157.67,197.65538024902344,-12.303808212280273,0
157.68,197.55531311035156,-12.280045509338379,0
157.69,197.45751953125,-12.254167556762695,0
157.7,197.3584747314453,-12.229862213134766,0
157.71,197.26168823242188,-12.203463554382324,0
157.72,197.16714477539062,-12.175019264221191,0
157.73,197.07481384277344,-12.144577026367188,0
157.74,196.9793701171875,-12.117671966552734,0
157.75,196.87738037109375,-12.097821235656738,0
157.76,196.77767944335938,-12.075813293457031,0
157.77,196.68023681640625,-12.05169677734375,0
157.78,196.57798767089844,-12.03279972076416,0
157.79,196.46923828125,-12.020811080932617,0
157.8,196.35055541992188,-12.019230842590332,0
157.81,196.22727966308594,-12.022415161132812,0
157.82,196.0977325439453,-12.032057762145996,0
157.83,195.9654998779297,-12.044384956359863,0
157.84,195.8358612060547,-12.05390739440918,0
157.85,195.699951171875,-12.069807052612305,0
157.86,195.56494140625,-12.084614753723145,0
157.87,195.4219970703125,-12.107477188110352,0
157.88,195.27822875976562,-12.130945205688477,0
157.89,195.13719177246094,-12.151362419128418,0
157.9,194.9988250732422,-12.16878604888916,0
157.91,194.85787963867188,-12.188705444335938,0
157.92,194.71963500976562,-12.205634117126465,0
157.93,194.5788116455078,-12.22506046295166,0
157.94,194.4388885498047,-12.243346214294434,0
157.95,194.30165100097656,-12.258663177490234,0
157.96,194.1495361328125,-12.289210319519043,0
157.97,194.00375366210938,-12.312888145446777,0
157.98,193.86073303222656,-12.333471298217773,0
157.99,193.72042846679688,-12.351019859313965,0
158,193.57931518554688,-12.369231224060059,0
158.01,193.44091796875,-12.384448051452637,0
158.02,193.30520629882812,-12.396728515625,0
158.03,193.16685485839844,-12.41161823272705,0
158.04,193.03118896484375,-12.423572540283203,0
158.05,192.89996337890625,-12.430802345275879,0
158.06,192.76956176757812,-12.43709659576416,0
158.07,192.6365203857422,-12.44605827331543,0
158.08,192.50611877441406,-12.45219898223877,0
158.09,192.37832641601562,-12.455574989318848,0
158.1,192.2583770751953,-12.450810432434082,0
158.11,192.13568115234375,-12.448936462402344,0
158.12,192.01377868652344,-12.44625473022461,0
158.13,191.89088439941406,-12.44463062286377,0
158.14,191.7599639892578,-12.45132064819336,0
158.15,191.62994384765625,-12.457026481628418,0
158.16,191.4936981201172,-12.46910285949707,0
158.17,191.3583984375,-12.480081558227539,0
158.18,191.2257537841797,-12.488190650939941,0
158.19,191.0922393798828,-12.497127532958984,0
158.2,190.96136474609375,-12.503232955932617,0
158.21,190.83663940429688,-12.502923965454102,0
158.22,190.71446228027344,-12.499971389770508,0
158.23,190.59654235839844,-12.49263858795166,0
158.24,190.4811248779297,-12.482809066772461,0
158.25,190.36814880371094,-12.470535278320312,0
158.26,190.2576141357422,-12.455869674682617,0
158.27,190.1442413330078,-12.444296836853027,0
158.28,190.0122528076172,-12.452105522155762,0
158.29,189.9039306640625,-12.435334205627441,0
158.3,189.79798889160156,-12.416271209716797,0
158.31,189.67337036132812,-12.416748046875,0
158.32,189.54779052734375,-12.418224334716797,0
158.33,189.4247589111328,-12.417038917541504,0
158.34,189.30776977539062,-12.40960693359375,0
158.35,189.19497680664062,-12.397905349731445,0
158.36,189.08460998535156,-12.38381576538086,0
158.37,188.9766387939453,-12.367390632629395,0
158.38,188.8710479736328,-12.348681449890137,0
158.39,188.76780700683594,-12.327737808227539,0
158.4,188.66688537597656,-12.304611206054688,0
158.41,188.56825256347656,-12.279351234436035,0
158.42,188.4736785888672,-12.250158309936523,0
158.43,188.37954711914062,-12.220815658569336,0
158.44,188.2788543701172,-12.198554992675781,0
158.45,188.18045043945312,-12.174165725708008,0
158.46,188.0843048095703,-12.147696495056152,0
158.47,187.99037170410156,-12.119194984436035,0
158.48,187.88284301757812,-12.105058670043945,0
158.49,187.7759246826172,-12.090438842773438,0
158.5,187.67132568359375,-12.073556900024414,0
158.51,187.5690460205078,-12.054461479187012,0
158.52,187.46905517578125,-12.033203125,0
158.53,187.3677978515625,-12.013469696044922,0
158.54,187.26707458496094,-11.993387222290039,0
158.55,187.1668243408203,-11.973021507263184,0
158.56,187.0706024169922,-11.948688507080078,0
158.57,186.97833251953125,-11.92052936553955,0
158.58,186.88650512695312,-11.892212867736816,0
158.59,186.79855346679688,-11.860164642333984,0
158.6,186.7109832763672,-11.828051567077637,0
158.61,186.62551879882812,-11.794089317321777,0
158.62,186.54214477539062,-11.758323669433594,0
158.63,186.45904541015625,-11.72264575958252,0
158.64,186.37625122070312,-11.687006950378418,0
158.65,186.28848266601562,-11.656899452209473,0
158.66,186.2028045654297,-11.62493896484375,0
158.67,186.1191864013672,-11.591169357299805,0
158.68,186.03237915039062,-11.561066627502441,0
158.69,185.9458465576172,-11.530978202819824,0
158.7,185.86138916015625,-11.499062538146973,0
158.71,185.7789764404297,-11.465363502502441,0
158.72,185.68283081054688,-11.446219444274902,0
158.73,185.5853271484375,-11.428682327270508,0
158.74,185.48468017578125,-11.414569854736328,0
158.75,185.3915252685547,-11.392839431762695,0
158.76,185.2952117919922,-11.374627113342285,0
158.77,185.19931030273438,-11.356169700622559,0
158.78,185.10031127929688,-11.34111499786377,0
158.79,184.992919921875,-11.334884643554688,0
158.8,184.88780212402344,-11.326379776000977,0
158.81,184.7796630859375,-11.321081161499023,0
158.82,184.66854858398438,-11.318922996520996,0
158.83,184.55972290039062,-11.314410209655762,0
158.84,184.44261169433594,-11.318511009216309,0
158.85,184.319091796875,-11.329200744628906,0
158.86,184.197998046875,-11.337270736694336,0
158.87,184.0792999267578,-11.342772483825684,0
158.88,183.97174072265625,-11.336687088012695,0
158.89,183.866455078125,-11.328323364257812,0
158.9,183.754638671875,-11.326801300048828,0
158.91,183.6574249267578,-11.310199737548828,0
158.92,183.55007934570312,-11.304252624511719,0
158.93,183.44325256347656,-11.297822952270508,0
158.94,183.3351593017578,-11.292770385742188,0
158.95,183.2293243408203,-11.285428047180176,0
158.96,183.1239471435547,-11.277692794799805,0
158.97,183.01382446289062,-11.274949073791504,0
158.98,182.90599060058594,-11.269872665405273,0
158.99,182.80039978027344,-11.26251220703125,0
159,182.69705200195312,-11.25291633605957,0
159.01,182.5959014892578,-11.241131782531738,0
159.02,182.4969482421875,-11.227206230163574,0
159.03,182.40016174316406,-11.211187362670898,0
159.04,182.29847717285156,-11.200399398803711,0
159.05,182.19725036621094,-11.189250946044922,0
159.06,182.09117126464844,-11.183238983154297,0
159.07,181.9785614013672,-11.184051513671875,0
159.08,181.8682403564453,-11.182476997375488,0
159.09,181.76019287109375,-11.17856502532959,0
159.1,181.65440368652344,-11.172364234924316,0
159.11,181.55084228515625,-11.163923263549805,0
159.12,181.4407196044922,-11.162360191345215,0
159.13,181.33287048339844,-11.158463478088379,0
159.14,181.22552490234375,-11.154074668884277,0
159.15,181.11517333984375,-11.15284252166748,0
159.16,181.00709533691406,-11.149271965026855,0
159.17,180.90126037597656,-11.143412590026855,0
159.18,180.7941436767578,-11.138951301574707,0
159.19,180.6892547607422,-11.132221221923828,0
159.2,180.58657836914062,-11.123269081115723,0
159.21,180.48609924316406,-11.112143516540527,0
159.22,180.38427734375,-11.102530479431152,0
159.23,180.27061462402344,-11.105263710021973,0
159.24,180.15924072265625,-11.10558795928955,0
159.25,180.046630859375,-11.107192039489746,0
159.26,179.9363250732422,-11.106409072875977,0
159.27,179.82827758789062,-11.103288650512695,0
159.28,179.72247314453125,-11.097879409790039,0
159.29,179.618896484375,-11.090229034423828,0
159.3,179.5175018310547,-11.080385208129883,0
159.31,179.42352294921875,-11.06296443939209,0
159.32,179.33164978027344,-11.043556213378906,0
159.33,179.22430419921875,-11.040346145629883,0
159.34,179.11920166015625,-11.034862518310547,0
159.35,179.00228881835938,-11.041654586791992,0
159.36,178.88771057128906,-11.045968055725098,0
159.37,178.78944396972656,-11.033349990844727,0
159.38,178.6828155517578,-11.029515266418457,0
159.39,178.57489013671875,-11.027061462402344,0
159.4,178.4691925048828,-11.022320747375488,0
159.41,178.35694885253906,-11.024412155151367,0
159.42,178.24697875976562,-11.024125099182129,0
159.43,178.13748168945312,-11.023355484008789,0
159.44,178.03024291992188,-11.020265579223633,0
159.45,177.92523193359375,-11.014904022216797,0
159.46,177.82241821289062,-11.007317543029785,0
159.47,177.72177124023438,-10.997554779052734,0
159.48,177.62156677246094,-10.98745346069336,0
159.49,177.51998901367188,-10.978869438171387,0
159.5,177.4205780029297,-10.968134880065918,0
159.51,177.31280517578125,-10.966158866882324,0
159.52,177.20726013183594,-10.961899757385254,0
159.53,177.0863800048828,-10.973546028137207,0
159.54,176.96261596679688,-10.988059997558594,0
159.55,176.84124755859375,-10.999948501586914,0
159.56,176.720458984375,-11.011109352111816,0
159.57,176.60203552246094,-11.019708633422852,0
159.58,176.48773193359375,-11.02394962310791,0
159.59,176.375732421875,-11.02576732635498,0
159.6,176.26422119140625,-11.027058601379395,0
159.61,176.15676879882812,-11.024139404296875,0
159.62,176.06031799316406,-11.009871482849121,0
159.63,175.9659881591797,-10.993562698364258,0
159.64,175.85794067382812,-10.991608619689941,0
159.65,175.7433624267578,-10.99643611907959,0
159.66,175.63107299804688,-10.998834609985352,0
159.67,175.5210723876953,-10.99885368347168,0
159.68,175.41331481933594,-10.996541023254395,0
159.69,175.3077850341797,-10.991945266723633,0
159.7,175.2044677734375,-10.985114097595215,0
159.71,175.09986877441406,-10.979680061340332,0
159.72,174.9956817626953,-10.973877906799316,0
159.73,174.89016723632812,-10.969508171081543,0
159.74,174.79037475585938,-10.959263801574707,0
159.75,174.69273376464844,-10.946907043457031,0
159.76,174.59368896484375,-10.936123847961426,0
159.77,174.4967803955078,-10.923243522644043,0
159.78,174.3985137939453,-10.911895751953125,0
159.79,174.29360961914062,-10.907539367675781,0
159.8,174.19090270996094,-10.900960922241211,0
159.81,174.0815887451172,-10.901278495788574,0
159.82,173.94647216796875,-10.92828369140625,0
159.83,173.81385803222656,-10.952420234680176,0
159.84,173.6837158203125,-10.97374153137207,0
159.85,173.5560302734375,-10.992300033569336,0
159.86,173.4307861328125,-11.008149147033691,0
159.87,173.30616760253906,-11.023188591003418,0
159.88,173.1787109375,-11.041015625,0
159.89,173.05892944335938,-11.050705909729004,0
159.9,172.94151306152344,-11.057856559753418,0
159.91,172.82643127441406,-11.062517166137695,0
159.92,172.71365356445312,-11.064738273620605,0
159.93,172.59793090820312,-11.070000648498535,0
159.94,172.47926330566406,-11.078241348266602,0
159.95,172.35769653320312,-11.089396476745605,0
159.96,172.23851013183594,-11.097972869873047,0
159.97,172.1181640625,-11.107661247253418,0
159.98,172.00018310546875,-11.114797592163086,0
159.99,171.87930297851562,-11.124863624572754,0
160,171.76080322265625,-11.132365226745605,0
160.01,171.6446533203125,-11.137354850769043,0
160.02,171.5238494873047,-11.14710521697998,0
160.03,171.39141845703125,-11.168795585632324,0
160.04,171.261474609375,-11.187675476074219,0
160.05,171.13401794433594,-11.203797340393066,0
160.06,171.0107421875,-11.215422630310059,0
160.07,170.88815307617188,-11.226225852966309,0
160.08,170.7696990966797,-11.232636451721191,0
160.09,170.6588592529297,-11.231104850769043,0
160.1,170.55030822753906,-11.227224349975586,0
160.11,170.44400024414062,-11.221044540405273,0
160.12,170.33993530273438,-11.212613105773926,0
160.13,170.2398223876953,-11.200186729431152,0
160.14,170.14187622070312,-11.185641288757324,0
160.15,170.04786682128906,-11.16717529296875,0
160.16,169.95596313476562,-11.146720886230469,0
160.17,169.86436462402344,-11.126172065734863,0
160.18,169.7748260498047,-11.103686332702637,0
160.19,169.6891326904297,-11.077459335327148,0
160.2,169.60545349121094,-11.049422264099121,0
160.21,169.52377319335938,-11.019618034362793,0
160.22,169.4440460205078,-10.988089561462402,0
160.23,169.36102294921875,-10.960309982299805,0
160.24,169.2694091796875,-10.941695213317871,0
160.25,169.19039916992188,-10.910223960876465,0
160.26,169.1133270263672,-10.87708568572998,0
160.27,169.0381622314453,-10.842321395874023,0
160.28,168.95431518554688,-10.816889762878418,0
160.29,168.8724365234375,-10.789687156677246,0
160.3,168.79429626464844,-10.758907318115234,0
160.31,168.7162628173828,-10.728325843811035,0
160.32,168.63140869140625,-10.70511245727539,0
160.33,168.5379638671875,-10.691023826599121,0
160.34,168.44659423828125,-10.674958229064941,0
160.35,168.35723876953125,-10.656960487365723,0
160.36,168.2698974609375,-10.637072563171387,0
160.37,168.20558166503906,-10.593557357788086,0
160.38,168.1237335205078,-10.568621635437012,0
160.39,168.0420379638672,-10.543804168701172,0
160.4,167.96224975585938,-10.517260551452637,0
160.41,167.8843536376953,-10.489031791687012,0
160.42,167.81011962890625,-10.457311630249023,0
160.43,167.75173950195312,-10.40952205657959,0
160.44,167.68099975585938,-10.375007629394531,0
160.45,167.612060546875,-10.339001655578613,0
160.46,167.5448760986328,-10.301542282104492,0
160.47,167.47764587402344,-10.264514923095703,0
160.48,167.42796325683594,-10.209720611572266,0
160.49,167.3798370361328,-10.153884887695312,0
160.5,167.333251953125,-10.097042083740234,0
160.51,167.26890563964844,-10.059157371520996,0
160.52,167.20272827148438,-10.02355670928955,0
160.53,167.13824462890625,-9.986560821533203,0
160.54,167.075439453125,-9.948206901550293,0
160.55,167.00904846191406,-9.913961410522461,0
160.56,166.94436645507812,-9.878316879272461,0
160.57,166.88134765625,-9.84130859375,0
160.58,166.81997680664062,-9.802972793579102,0
160.59,166.75674438476562,-9.766983985900879,0
160.6,166.6898956298828,-9.73509407043457,0
160.61,166.62472534179688,-9.701794624328613,0
160.62,166.55770874023438,-9.670760154724121,0
160.63,166.48013305664062,-9.65096664428711,0
160.64,166.41656494140625,-9.6168794631958,0
160.65,166.35462951660156,-9.581452369689941,0
160.66,166.29432678222656,-9.544720649719238,0
160.67,166.24610900878906,-9.495856285095215,0
160.68,166.19935607910156,-9.445980072021484,0
160.69,166.15403747558594,-9.395123481750488,0
160.7,166.08743286132812,-9.36683464050293,0
160.71,166.0224609375,-9.337140083312988,0
160.72,165.95387268066406,-9.311506271362305,0
160.73,165.88693237304688,-9.284424781799316,0
160.74,165.81637573242188,-9.261361122131348,0
160.75,165.7421875,-9.242294311523438,0
160.76,165.66624450683594,-9.22524356842041,0
160.77,165.583251953125,-9.215658187866211,0
160.78,165.50204467773438,-9.204316139221191,0
160.79,165.42262268066406,-9.191255569458008,0
160.8,165.34495544433594,-9.176514625549316,0
160.81,165.249755859375,-9.18006420135498,0
160.82,165.1494903564453,-9.18881893157959,0
160.83,165.0511932373047,-9.195446968078613,0
160.84,164.95484924316406,-9.199991226196289,0
160.85,164.86915588378906,-9.193477630615234,0
160.86,164.7852783203125,-9.185149192810059,0
160.87,164.69793701171875,-9.180477142333984,0
160.88,164.6089630126953,-9.17753791809082,0
160.89,164.5253143310547,-9.1691312789917,0
160.9,164.44871520996094,-9.153522491455078,0
160.91,164.3738250732422,-9.136293411254883,0
160.92,164.29539489746094,-9.122912406921387,0
160.93,164.2187042236328,-9.107872009277344,0
160.94,164.1402587890625,-9.094793319702148,0
160.95,164.06356811523438,-9.080055236816406,0
160.96,163.98153686523438,-9.070974349975586,0
160.97,163.90127563476562,-9.06015682220459,0
160.98,163.81752014160156,-9.053071975708008,0
160.99,163.7303009033203,-9.04964542388916,0
161,163.6448974609375,-9.044371604919434,0
161.01,163.56130981445312,-9.0372896194458,0
161.02,163.47775268554688,-9.030228614807129,0
161.03,163.38722229003906,-9.030468940734863,0
161.04,163.2932891845703,-9.034222602844238,0
161.05,163.20123291015625,-9.035984992980957,0
161.06,163.11630249023438,-9.030364990234375,0
161.07,163.03317260742188,-9.02294635772705,0
161.08,162.94656372070312,-9.01919937133789,0
161.09,162.8600311279297,-9.015409469604492,0
161.1,162.75778198242188,-9.027928352355957,0
161.11,162.65223693847656,-9.043708801269531,0
161.12,162.5487060546875,-9.057249069213867,0
161.13,162.44715881347656,-9.06859302520752,0
161.14,162.34759521484375,-9.07778263092041,0
161.15,162.24998474121094,-9.084860801696777,0
161.16,162.154296875,-9.089868545532227,0
161.17,162.06051635742188,-9.09284782409668,0
161.18,161.9686279296875,-9.093838691711426,0
161.19,161.8786163330078,-9.09288215637207,0
161.2,161.79397583007812,-9.086379051208496,0
161.21,161.71112060546875,-9.078083992004395,0
161.22,161.6265411376953,-9.071674346923828,0
161.23,161.5332489013672,-9.074337005615234,0
161.24,161.4470977783203,-9.06959056854248,0
161.25,161.35923767089844,-9.066658973693848,0
161.26,161.27146911621094,-9.063657760620117,0
161.27,161.18553161621094,-9.058797836303711,0
161.28,161.1013946533203,-9.052117347717285,0
161.29,161.01905822753906,-9.043655395507812,0
161.3,160.9384765625,-9.033451080322266,0
161.31,160.86138916015625,-9.01974868774414,0
161.32,160.7860107421875,-9.004416465759277,0
161.33,160.7123260498047,-8.987489700317383,0
161.34,160.65086364746094,-8.958086013793945,0
161.35,160.59793090820312,-8.92016315460205,0
161.36,160.5394744873047,-8.888349533081055,0
161.37,160.48252868652344,-8.855304718017578,0
161.38,160.4270782470703,-8.821060180664062,0
161.39,160.3695831298828,-8.789286613464355,0
161.4,160.30128479003906,-8.769012451171875,0
161.41,160.2468719482422,-8.73458480834961,0
161.42,160.19039916992188,-8.702651023864746,0
161.43,160.13539123535156,-8.669527053833008,0
161.44,160.08009338378906,-8.637036323547363,0
161.45,160.01922607421875,-8.610660552978516,0
161.46,159.96688842773438,-8.57572078704834,0
161.47,159.91769409179688,-8.537887573242188,0
161.48,159.86988830566406,-8.499019622802734,0
161.49,159.8234405517578,-8.459147453308105,0
161.5,159.77659606933594,-8.420090675354004,0
161.51,159.72584533691406,-8.385480880737305,0
161.52,159.6764678955078,-8.34980297088623,0
161.53,159.61968994140625,-8.322157859802246,0
161.54,159.5731201171875,-8.2842435836792,0
161.55,159.5278778076172,-8.24535083770752,0
161.56,159.4839324951172,-8.205507278442383,0
161.57,159.44126892089844,-8.164741516113281,0
161.58,159.39988708496094,-8.123080253601074,0
161.59,159.35975646972656,-8.080550193786621,0
161.6,159.32260131835938,-8.035387992858887,0
161.61,159.2936248779297,-7.982224464416504,0
161.62,159.27978515625,-7.913956165313721,0
161.63,159.26690673828125,-7.845409393310547,0
161.64,159.24093627929688,-7.7911057472229,0
161.65,159.21603393554688,-7.736263275146484,0
161.66,159.20619201660156,-7.666402816772461,0
161.67,159.1832275390625,-7.610850811004639,0
161.68,159.17527770996094,-7.5403218269348145,0
161.69,159.1541748046875,-7.4841413497924805,0
161.7,159.1480712890625,-7.413023471832275,0
161.71,159.14279174804688,-7.34179162979126,0
161.72,159.1383056640625,-7.270462512969971,0
161.73,159.13461303710938,-7.199053764343262,0
161.74,159.13169860839844,-7.12758207321167,0
161.75,159.11553955078125,-7.070565700531006,0
161.76,159.11427307128906,-6.998716831207275,0
161.77,159.1050262451172,-6.935871124267578,0
161.78,159.1053009033203,-6.863828182220459,0
161.79,159.1010284423828,-6.797237873077393,0
161.8,159.0974884033203,-6.7305707931518555,0
161.81,159.0946807861328,-6.663843154907227,0
161.82,159.09437561035156,-6.595222473144531,0
161.83,159.09474182128906,-6.526609897613525,0
161.84,159.0957794189453,-6.458019733428955,0
161.85,159.09567260742188,-6.391313552856445,0
161.86,159.09800720214844,-6.3227715492248535,0
161.87,159.1009521484375,-6.254293441772461,0
161.88,159.1237335205078,-6.166014671325684,0
161.89,159.14691162109375,-6.078237533569336,0
161.9,159.17227172851562,-5.98912239074707,0
161.91,159.19796752929688,-5.900563716888428,0
161.92,159.22401428222656,-5.812568187713623,0
161.93,159.25039672851562,-5.7251434326171875,0
161.94,159.27708435058594,-5.638296127319336,0
161.95,159.309326171875,-5.546601295471191,0
161.96,159.33656311035156,-5.461040496826172,0
161.97,159.3605499267578,-5.379714488983154,0
161.98,159.3848419189453,-5.298913955688477,0
161.99,159.40066528320312,-5.227716445922852,0
162,159.40988159179688,-5.164092063903809,0
162.01,159.405517578125,-5.11517858505249,0
162.02,159.40171813964844,-5.066183090209961,0
162.03,159.3984832763672,-5.017117500305176,0
162.04,159.38177490234375,-4.982495307922363,0
162.05,159.3587646484375,-4.954750061035156,0
162.06,159.3347625732422,-4.928314685821533,0
162.07,159.30274963378906,-4.910447120666504,0
162.08,159.2610626220703,-4.902767181396484,0
162.09,159.22030639648438,-4.894205570220947,0
162.1,159.18048095703125,-4.884782314300537,0
162.11,159.1310577392578,-4.885379314422607,0
162.12,159.06687927246094,-4.9012227058410645,0
162.13,159.00387573242188,-4.915702819824219,0
162.14,158.9420166015625,-4.928844928741455,0
162.15,158.8813018798828,-4.940673351287842,0
162.16,158.81472778320312,-4.958435535430908,0
162.17,158.7493438720703,-4.974782943725586,0
162.18,158.67112731933594,-5.004243850708008,0
162.19,158.58895874023438,-5.037472248077393,0
162.2,158.50291442871094,-5.0743842124938965,0
162.21,158.41473388671875,-5.113104343414307,0
162.22,158.31927490234375,-5.158962249755859,0
162.23,158.1903076171875,-5.239014625549316,0
162.24,158.075439453125,-5.3036627769470215,0
162.25,157.95005798339844,-5.378517150878906,0
162.26,157.82476806640625,-5.45249080657959,0
162.27,157.7013397216797,-5.523794174194336,0
162.28,157.57269287109375,-5.599745273590088,0
162.29,157.44068908691406,-5.678385257720947,0
162.3,157.3106231689453,-5.75421142578125,0
162.31,157.18247985839844,-5.82726526260376,0
162.32,157.0422821044922,-5.912034511566162,0
162.33,156.89187622070312,-6.006468772888184,0
162.34,156.70867919921875,-6.133866786956787,0
162.35,156.5244598388672,-6.260995388031006,0
162.36,156.3427734375,-6.384193420410156,0
162.37,156.15835571289062,-6.508946418762207,0
162.38,155.9729766845703,-6.633404731750488,0
162.39,155.78492736816406,-6.759340286254883,0
162.4,155.59429931640625,-6.88663911819458,0
162.41,155.3853302001953,-7.0315961837768555,0
162.42,155.177490234375,-7.173886299133301,0
162.43,154.9672088623047,-7.317229270935059,0
162.44,154.75637817382812,-7.459669589996338,0
162.45,154.54672241210938,-7.599403381347656,0
162.46,154.33999633789062,-7.7346649169921875,0
162.47,154.1239013671875,-7.878227233886719,0
162.48,153.91082763671875,-8.017179489135742,0
162.49,153.70074462890625,-8.15158748626709,0
162.5,153.49365234375,-8.281515121459961,0
162.51,153.28953552246094,-8.407027244567871,0
162.52,153.0866241455078,-8.52997875213623,0
162.53,152.88841247558594,-8.64681339263916,0
162.54,152.69309997558594,-8.759422302246094,0
162.55,152.4989471435547,-8.869660377502441,0
162.56,152.3076934814453,-8.975760459899902,0
162.57,152.10011291503906,-9.097662925720215,0
162.58,151.87286376953125,-9.23865795135498,0
162.59,151.6488800048828,-9.374807357788086,0
162.6,151.42291259765625,-9.511612892150879,0
162.61,151.18798828125,-9.656255722045898,0
162.62,150.9564666748047,-9.795889854431152,0
162.63,150.7283172607422,-9.930587768554688,0
162.64,150.50352478027344,-10.060422897338867,0
162.65,150.2820587158203,-10.185466766357422,0
162.66,150.06390380859375,-10.305791854858398,0
162.67,149.87350463867188,-10.396159172058105,0
162.68,149.68612670898438,-10.482473373413086,0
162.69,149.50350952148438,-10.562950134277344,0
162.7,149.3238525390625,-10.63953971862793,0
162.71,149.14712524414062,-10.71230697631836,0
162.72,148.97152709960938,-10.783161163330078,0
162.73,148.798828125,-10.850279808044434,0
162.74,148.60107421875,-10.94261646270752,0
162.75,148.40647888183594,-11.030743598937988,0
162.76,148.20974731445312,-11.120159149169922,0
162.77,148.01617431640625,-11.205387115478516,0
162.78,147.82220458984375,-11.29013442993164,0
162.79,147.61216735839844,-11.390630722045898,0
162.8,147.40020751953125,-11.492086410522461,0
162.81,147.1916046142578,-11.589029312133789,0
162.82,146.9740753173828,-11.694185256958008,0
162.83,146.75997924804688,-11.794709205627441,0
162.84,146.5492706298828,-11.890674591064453,0
162.85,146.3402099609375,-11.983946800231934,0
162.86,146.134521484375,-12.072769165039062,0
162.87,145.9321746826172,-12.157214164733887,0
162.88,145.73141479492188,-12.239145278930664,0
162.89,145.53396606445312,-12.316803932189941,0
162.9,145.3345489501953,-12.3956937789917,0
162.91,145.14369201660156,-12.464909553527832,0
162.92,144.95082092285156,-12.535497665405273,0
162.93,144.76121520996094,-12.601984024047852,0
162.94,144.57130432128906,-12.668078422546387,0
162.95,144.37242126464844,-12.742788314819336,0
162.96,144.1681671142578,-12.822282791137695,0
162.97,143.96731567382812,-12.897432327270508,0
162.98,143.7698516845703,-12.96830940246582,0
162.99,143.5757293701172,-13.034987449645996,0
163,143.38319396972656,-13.099328994750977,0
163.01,143.188720703125,-13.165008544921875,0
163.02,142.9958038330078,-13.228400230407715,0
163.03,142.79052734375,-13.30392837524414,0
163.04,142.60093688964844,-13.362436294555664,0
163.05,142.41465759277344,-13.416914939880371,0
163.06,142.22467041015625,-13.47465705871582,0
163.07,142.0240478515625,-13.542807579040527,0
163.08,141.818115234375,-13.615762710571289,0
163.09,141.62445068359375,-13.675268173217773,0
163.1,141.43417358398438,-13.730657577514648,0
163.11,141.23846435546875,-13.791072845458984,0
163.12,141.0461883544922,-13.847329139709473,0
163.13,140.85728454589844,-13.89949893951416,0
163.14,140.67001342773438,-13.949445724487305,0
163.15,140.47911071777344,-14.002636909484863,0
163.16,140.30030822753906,-14.042757034301758,0
163.17,140.13873291015625,-14.0646333694458,0
163.18,139.96629333496094,-14.097527503967285,0
163.19,139.78834533691406,-14.135774612426758,0
163.2,139.60842895507812,-14.175674438476562,0
163.21,139.4318084716797,-14.211752891540527,0
163.22,139.2567138671875,-14.245872497558594,0
163.23,139.07789611816406,-14.28349781036377,0
163.24,138.90235900878906,-14.317325592041016,0
163.25,138.71612548828125,-14.361872673034668,0
163.26,138.531494140625,-14.404312133789062,0
163.27,138.3502197265625,-14.442830085754395,0
163.28,138.17056274414062,-14.479290008544922,0
163.29,137.9942169189453,-14.511935234069824,0
163.3,137.82115173339844,-14.540836334228516,0
163.31,137.6461181640625,-14.57149600982666,0
163.32,137.47434997558594,-14.598440170288086,0
163.33,137.30584716796875,-14.62173843383789,0
163.34,137.13710021972656,-14.645044326782227,0
163.35,136.9750518798828,-14.661186218261719,0
163.36,136.816162109375,-14.673891067504883,0
163.37,136.6656494140625,-14.677794456481934,0
163.38,136.5076904296875,-14.689371109008789,0
163.39,136.35284423828125,-14.69759750366211,0
163.4,136.2010955810547,-14.70254135131836,0
163.41,136.0524139404297,-14.704268455505371,0
163.42,135.90673828125,-14.70284366607666,0
163.43,135.757080078125,-14.70555591583252,0
163.44,135.6104736328125,-14.705096244812012,0
163.45,135.4668731689453,-14.701530456542969,0
163.46,135.31228637695312,-14.709367752075195,0
163.47,135.1590576171875,-14.715719223022461,0
163.48,135.00538635253906,-14.722461700439453,0
163.49,134.85830688476562,-14.722307205200195,0
163.5,134.71424865722656,-14.719036102294922,0
163.51,134.5696563720703,-14.716352462768555,0
163.52,134.4176025390625,-14.72141170501709,0
163.53,134.26861572265625,-14.723247528076172,0
163.54,134.12266540527344,-14.72192668914795,0
163.55,133.9866943359375,-14.71028995513916,0
163.56,133.85360717773438,-14.69577407836914,0
163.57,133.73211669921875,-14.669426918029785,0
163.58,133.61337280273438,-14.640510559082031,0
163.59,133.49560546875,-14.610876083374023,0
163.6,133.38406372070312,-14.575112342834473,0
163.61,133.27516174316406,-14.536993026733398,0
163.62,133.16885375976562,-14.496573448181152,0
163.63,133.06512451171875,-14.453909873962402,0
163.64,132.9604034423828,-14.412696838378906,0
163.65,132.85824584960938,-14.36927318572998,0
163.66,132.7550811767578,-14.3273344039917,0
163.67,132.65443420410156,-14.283217430114746,0
163.68,132.54757690429688,-14.245992660522461,0
163.69,132.43104553222656,-14.219165802001953,0
163.7,132.31715393066406,-14.189874649047852,0
163.71,132.2129364013672,-14.150897979736328,0
163.72,132.10418701171875,-14.116999626159668,0
163.73,131.987548828125,-14.0916109085083,0
163.74,131.88400268554688,-14.052948951721191,0
163.75,131.78997802734375,-14.00482177734375,0
163.76,131.6983642578125,-13.954712867736816,0
163.77,131.61257934570312,-13.899089813232422,0
163.78,131.5290985107422,-13.841660499572754,0
163.79,131.44442749023438,-13.78605842590332,0
163.8,131.36549377441406,-13.725090026855469,0
163.81,131.2887725830078,-13.66246223449707,0
163.82,131.2229461669922,-13.58920669555664,0
163.83,131.1539306640625,-13.520003318786621,0
163.84,131.08355712890625,-13.452936172485352,0
163.85,131.01527404785156,-13.384391784667969,0
163.86,130.9525146484375,-13.310831069946289,0
163.87,130.89178466796875,-13.235956192016602,0
163.88,130.83827209472656,-13.154378890991211,0
163.89,130.78140258789062,-13.077116012573242,0
163.9,130.72645568847656,-12.998664855957031,0
163.91,130.67340087890625,-12.919065475463867,0
163.92,130.63270568847656,-12.827496528625488,0
163.93,130.59375,-12.735084533691406,0
163.94,130.5442657470703,-12.654520988464355,0
163.95,130.49485778808594,-12.57471752166748,0
163.96,130.44723510742188,-12.493884086608887,0
163.97,130.40138244628906,-12.41205883026123,0
163.98,130.35726928710938,-12.329278945922852,0
163.99,130.31488037109375,-12.24558162689209,0
164,130.274169921875,-12.161004066467285,0
164.01,130.22987365722656,-12.081012725830078,0
164.02,130.185546875,-12.00189208984375,0
164.03,130.1359100341797,-11.929071426391602,0
164.04,130.08799743652344,-11.85521411895752,0
164.05,130.04705810546875,-11.77492618560791,0
164.06,130.00772094726562,-11.693787574768066,0
164.07,129.96998596191406,-11.611832618713379,0
164.08,129.9285888671875,-11.534526824951172,0
164.09,129.8887939453125,-11.456360816955566,0
164.1,129.8505859375,-11.377367973327637,0
164.11,129.81393432617188,-11.297581672668457,0
164.12,129.77706909179688,-11.218827247619629,0
164.13,129.7417449951172,-11.13930892944336,0
164.14,129.70791625976562,-11.05905818939209,0
164.15,129.6667938232422,-10.987178802490234,0
164.16,129.62374877929688,-10.918025970458984,0
164.17,129.582275390625,-10.847975730895996,0
164.18,129.5301055908203,-10.789715766906738,0
164.19,129.47958374023438,-10.730362892150879,0
164.2,129.43067932128906,-10.669952392578125,0
164.21,129.3833465576172,-10.60851764678955,0
164.22,129.3376007080078,-10.546092987060547,0
164.23,129.282958984375,-10.493518829345703,0
164.24,129.22994995117188,-10.439798355102539,0
164.25,129.1785430908203,-10.384965896606445,0
164.26,129.13571166992188,-10.321832656860352,0
164.27,129.09609985351562,-10.256012916564941,0
164.28,129.05795288085938,-10.18936824798584,0
164.29,129.021240234375,-10.121929168701172,0
164.3,128.98593139648438,-10.053726196289062,0
164.31,128.95028686523438,-9.986581802368164,0
164.32,128.91775512695312,-9.91690444946289,0
164.33,128.88485717773438,-9.848343849182129,0
164.34,128.85330200195312,-9.779101371765137,0
164.35,128.82305908203125,-9.70920467376709,0
164.36,128.7819061279297,-9.651335716247559,0
164.37,128.73516845703125,-9.599830627441406,0
164.38,128.68817138671875,-9.549137115478516,0
164.39,128.6426239013672,-9.497458457946777,0
164.4,128.59674072265625,-9.446673393249512,0
164.41,128.55055236816406,-9.396718978881836,0
164.42,128.50753784179688,-9.34400463104248,0
164.43,128.4676971435547,-9.288541793823242,0
164.44,128.4204559326172,-9.241317749023438,0
164.45,128.37464904785156,-9.19310188293457,0
164.46,128.3407440185547,-9.133063316345215,0
164.47,128.30813598632812,-9.072319030761719,0
164.48,128.2767791748047,-9.010896682739258,0
164.49,128.24667358398438,-8.948822975158691,0
164.5,128.2177734375,-8.886124610900879,0
164.51,128.18482971191406,-8.828258514404297,0
164.52,128.15139770507812,-8.77149772644043,0
164.53,128.1192169189453,-8.714040756225586,0
164.54,128.08651733398438,-8.657706260681152,0
164.55,128.05503845214844,-8.600690841674805,0
164.56,128.02125549316406,-8.546659469604492,0
164.57,127.9852294921875,-8.49550724029541,0
164.58,127.93994140625,-8.45446491241455,0
164.59,127.89598846435547,-8.412471771240234,0
164.6,127.84988403320312,-8.373139381408691,0
164.61,127.80510711669922,-8.33283805847168,0
164.62,127.75985717773438,-8.293444633483887,0
164.63,127.71245574951172,-8.256684303283691,0
164.64,127.65242004394531,-8.233372688293457,0
164.65,127.59210968017578,-8.210585594177246,0
164.66,127.53325653076172,-8.186525344848633,0
164.67,127.46713256835938,-8.17023754119873,0
164.68,127.4007339477539,-8.154399871826172,0
164.69,127.33412170410156,-8.13895034790039,0
164.7,127.26031494140625,-8.131107330322266,0
164.71,127.18636322021484,-8.123494148254395,0
164.72,127.11399841308594,-8.114315032958984,0
164.73,127.04320526123047,-8.103604316711426,0
164.74,126.97396850585938,-8.09139633178711,0
164.75,126.90626525878906,-8.077723503112793,0
164.76,126.840087890625,-8.06261920928955,0
164.77,126.7684326171875,-8.053338050842285,0
164.78,126.69481658935547,-8.04617977142334,0
164.79,126.61233520507812,-8.048269271850586,0
164.8,126.52454376220703,-8.05583381652832,0
164.81,126.42451477050781,-8.075982093811035,0
164.82,126.32633972167969,-8.094006538391113,0
164.83,126.22999572753906,-8.109947204589844,0
164.84,126.13546752929688,-8.123842239379883,0
164.85,126.03922271728516,-8.139370918273926,0
164.86,125.9448013305664,-8.152856826782227,0
164.87,125.8521728515625,-8.164339065551758,0
164.88,125.7665786743164,-8.168425559997559,0
164.89,125.6983871459961,-8.154458999633789,0
164.9,125.6317367553711,-8.139050483703613,0
164.91,125.55615234375,-8.133039474487305,0
164.92,125.482177734375,-8.125428199768066,0
164.93,125.40806579589844,-8.118042945861816,0
164.94,125.33554077148438,-8.109088897705078,0
164.95,125.26458740234375,-8.098599433898926,0
164.96,125.1951904296875,-8.08660888671875,0
164.97,125.12733459472656,-8.073150634765625,0
164.98,125.05049896240234,-8.069119453430176,0
164.99,124.98577880859375,-8.05259895324707,0
165,124.92253875732422,-8.034709930419922,0
165.01,124.86077880859375,-8.015484809875488,0
165.02,124.8056640625,-7.989580154418945,0
165.03,124.7519302368164,-7.962512969970703,0
165.04,124.69257354736328,-7.941535949707031,0
165.05,124.6346435546875,-7.919305324554443,0
165.06,124.56940460205078,-7.904866695404053,0
165.07,124.50564575195312,-7.8890485763549805,0
165.08,124.43637084960938,-7.879105567932129,0
165.09,124.36860656738281,-7.867696762084961,0
165.1,124.3023452758789,-7.854854583740234,0
165.11,124.22186279296875,-7.856848239898682,0
165.12,124.14128875732422,-7.8589277267456055,0
165.13,124.06233978271484,-7.859299182891846,0
165.14,124.00243377685547,-7.839968681335449,0
165.15,123.9334945678711,-7.830179214477539,0
165.16,123.8660659790039,-7.8189311027526855,0
165.17,123.81582641601562,-7.7900190353393555,0
165.18,123.76862335205078,-7.758256912231445,0
165.19,123.72270202636719,-7.72550106048584,0
165.2,123.69898223876953,-7.67011022567749,0
165.21,123.6762924194336,-7.61422872543335,0
165.22,123.65461730957031,-7.557878017425537,0
165.23,123.60779571533203,-7.5281243324279785,0
165.24,123.56222534179688,-7.497384548187256,0
165.25,123.51789093017578,-7.465685844421387,0
165.26,123.47126007080078,-7.4366936683654785,0
165.27,123.41542053222656,-7.417525768280029,0
165.28,123.36091613769531,-7.397178649902344,0
165.29,123.2972183227539,-7.386543273925781,0
165.3,123.23493194580078,-7.374560356140137,0
165.31,123.161865234375,-7.373858451843262,0
165.32,123.08678436279297,-7.375247478485107,0
165.33,123.0167465209961,-7.371406078338623,0
165.34,122.93946838378906,-7.375095844268799,0
165.35,122.86373138427734,-7.377147197723389,0
165.36,122.7895278930664,-7.377593517303467,0
165.37,122.71505737304688,-7.37831449508667,0
165.38,122.64210510253906,-7.377457618713379,0
165.39,122.57243347167969,-7.3732075691223145,0
165.4,122.50423431396484,-7.367481708526611,0
165.41,122.43921661376953,-7.358520030975342,0
165.42,122.37389373779297,-7.349974632263184,0
165.43,122.30998992919922,-7.3400468826293945,0
165.44,122.24748992919922,-7.328766822814941,0
165.45,122.1863784790039,-7.316164970397949,0
165.46,122.12664794921875,-7.302270889282227,0
165.47,122.06827545166016,-7.287114143371582,0
165.48,122.01124572753906,-7.270723342895508,0
165.49,121.9555435180664,-7.253127574920654,0
165.5,121.90115356445312,-7.234355449676514,0
165.51,121.83935546875,-7.223449230194092,0
165.52,121.77367401123047,-7.2166666984558105,0
165.53,121.69895935058594,-7.219299793243408,0
165.54,121.63619995117188,-7.209543228149414,0
165.55,121.58006286621094,-7.193027973175049,0
165.56,121.52523803710938,-7.175326347351074,0
165.57,121.46646118164062,-7.161898136138916,0
165.58,121.41427612304688,-7.141796112060547,0
165.59,121.35111999511719,-7.133246421813965,0
165.6,121.28933715820312,-7.1233601570129395,0
165.61,121.22891998291016,-7.112166881561279,0
165.62,121.16985321044922,-7.099695682525635,0
165.63,121.11211395263672,-7.085975170135498,0
165.64,121.04173278808594,-7.085480213165283,0
165.65,120.95889282226562,-7.097883701324463,0
165.66,120.89153289794922,-7.094139099121094,0
165.67,120.82039642333984,-7.094343185424805,0
165.68,120.7507095336914,-7.0930399894714355,0
165.69,120.67721557617188,-7.095691204071045,0
165.7,120.61045837402344,-7.091353416442871,0
165.71,120.53985595703125,-7.091032981872559,0
165.72,120.470703125,-7.089216709136963,0
165.73,120.40298461914062,-7.085935592651367,0
165.74,120.33667755126953,-7.0812201499938965,0
165.75,120.27005004882812,-7.076892375946045,0
165.76,120.20482635498047,-7.07115364074707,0
165.77,120.14099884033203,-7.064034461975098,0
165.78,120.07854461669922,-7.055563926696777,0
165.79,119.9895248413086,-7.074663162231445,0
165.8,119.90214538574219,-7.091872215270996,0
165.81,119.81639099121094,-7.1072258949279785,0
165.82,119.72877502441406,-7.124342441558838,0
165.83,119.64278411865234,-7.139598846435547,0
165.84,119.55841064453125,-7.153029918670654,0
165.85,119.47562408447266,-7.164669990539551,0
165.86,119.39788818359375,-7.170970439910889,0
165.87,119.32693481445312,-7.170190811157227,0
165.88,119.25743865966797,-7.16790771484375,0
165.89,119.18414306640625,-7.169583797454834,0
165.9,119.11758422851562,-7.164275169372559,0
165.91,119.05243682861328,-7.157557010650635,0
165.92,118.97472381591797,-7.163906097412109,0
165.93,118.90552520751953,-7.161384105682373,0
165.94,118.83602905273438,-7.1591877937316895,0
165.95,118.76273345947266,-7.160950660705566,0
165.96,118.68919372558594,-7.162951469421387,0
165.97,118.61713409423828,-7.163393497467041,0
165.98,118.54654693603516,-7.162308692932129,0
165.99,118.4774169921875,-7.159728527069092,0
166,118.40972900390625,-7.155683994293213,0
166.01,118.35044860839844,-7.1429829597473145,0
166.02,118.29251098632812,-7.1290283203125,0
166.03,118.23589324951172,-7.11384916305542,0
166.04,118.18231964111328,-7.095681667327881,0
166.05,118.13002014160156,-7.076382637023926,0
166.06,118.0824966430664,-7.052340030670166,0
166.07,118.03617858886719,-7.0272955894470215,0
166.08,117.98753356933594,-7.004914283752441,0
166.09,117.94010925292969,-6.981507301330566,0
166.1,117.89388275146484,-6.957099914550781,0
166.11,117.84537506103516,-6.935301780700684,0
166.12,117.79456329345703,-6.9161200523376465,0
166.13,117.74497985839844,-6.895865440368652,0
166.14,117.70012664794922,-6.870924949645996,0
166.15,117.65643310546875,-6.845039367675781,0
166.16,117.6156234741211,-6.816441535949707,0
166.17,117.57939910888672,-6.783401966094971,0
166.18,117.55473327636719,-6.738739013671875,0
166.19,117.5205078125,-6.70442533493042,0
166.2,117.49781799316406,-6.658531188964844,0
166.21,117.4760513305664,-6.612166404724121,0
166.22,117.4551773071289,-6.56535005569458,0
166.23,117.44039154052734,-6.512726306915283,0
166.24,117.42993927001953,-6.456161022186279,0
166.25,117.41673278808594,-6.4030256271362305,0
166.26,117.39387512207031,-6.360427379608154,0
166.27,117.36145782470703,-6.328160762786865,0
166.28,117.33002471923828,-6.2952141761779785,0
166.29,117.29084014892578,-6.270622730255127,0
166.3,117.26141357421875,-6.236191749572754,0
166.31,117.22767639160156,-6.206575393676758,0
166.32,117.1949234008789,-6.176250457763672,0
166.33,117.15967559814453,-6.1488213539123535,0
166.34,117.12541961669922,-6.1206512451171875,0
166.35,117.07292938232422,-6.111638069152832,0
166.36,117.02159881591797,-6.1015143394470215,0
166.37,116.96270751953125,-6.099320411682129,0
166.38,116.90330505371094,-6.097670078277588,0
166.39,116.84168243408203,-6.098344802856445,0
166.4,116.77952575683594,-6.0995612144470215,0
166.41,116.71170043945312,-6.106627464294434,0
166.42,116.64346313476562,-6.114046573638916,0
166.43,116.57827758789062,-6.118226528167725,0
166.44,116.51439666748047,-6.121024131774902,0
166.45,116.45178985595703,-6.122467517852783,0
166.46,116.39044952392578,-6.122583866119385,0
166.47,116.33036804199219,-6.121400356292725,0
166.48,116.2697982788086,-6.1207356452941895,0
166.49,116.1965103149414,-6.133233547210693,0
166.5,116.13856506347656,-6.129729747772217,0
166.51,116.06787872314453,-6.139444828033447,0
166.52,115.98458099365234,-6.162106037139893,0
166.53,115.90276336669922,-6.182997226715088,0
166.54,115.81723022460938,-6.20752477645874,0
166.55,115.73320770263672,-6.2302350997924805,0
166.56,115.65068054199219,-6.251160144805908,0
166.57,115.580078125,-6.259525775909424,0
166.58,115.51956176757812,-6.257379055023193,0
166.59,115.45158386230469,-6.262965202331543,0
166.6,115.38494873046875,-6.267109394073486,0
166.61,115.31964111328125,-6.269840717315674,0
166.62,115.25390625,-6.272979259490967,0
166.63,115.18949127197266,-6.27472448348999,0
166.64,115.12113189697266,-6.2805352210998535,0
166.65,115.04014587402344,-6.299341678619385,0
166.66,114.96063232421875,-6.316428184509277,0
166.67,114.88258361816406,-6.331826210021973,0
166.68,114.80598449707031,-6.345567226409912,0
166.69,114.72908782958984,-6.359473705291748,0
166.7,114.65190124511719,-6.373539447784424,0
166.71,114.57615661621094,-6.3859663009643555,0
166.72,114.50183868408203,-6.396785736083984,0
166.73,114.41324615478516,-6.422265529632568,0
166.74,114.34191131591797,-6.429625034332275,0
166.75,114.25627136230469,-6.451709270477295,0
166.76,114.17217254638672,-6.471973896026611,0
166.77,114.0774154663086,-6.503050327301025,0
166.78,113.98429107666016,-6.532112121582031,0
166.79,113.88932800292969,-6.562777996063232,0
166.8,113.79601287841797,-6.591424942016602,0
166.81,113.7077865600586,-6.614505290985107,0
166.82,113.62114715576172,-6.635711193084717,0
166.83,113.53433990478516,-6.6568684577941895,0
166.84,113.44737243652344,-6.677973747253418,0
166.85,113.33232116699219,-6.727914333343506,0
166.86,113.22439575195312,-6.769975185394287,0
166.87,113.11825561523438,-6.80974006652832,0
166.88,113.01390075683594,-6.84724760055542,0
166.89,112.90606689453125,-6.887967109680176,0
166.9,112.800048828125,-6.926393032073975,0
166.91,112.6923599243164,-6.966147422790527,0
166.92,112.56208038330078,-7.028863430023193,0
166.93,112.43385314941406,-7.088805675506592,0
166.94,112.30247497558594,-7.151392936706543,0
166.95,112.17317199707031,-7.211183071136475,0
166.96,112.04419708251953,-7.270012378692627,0
166.97,111.91728973388672,-7.326096057891846,0
166.98,111.79243469238281,-7.379478931427002,0
166.99,111.66961669921875,-7.43020486831665,0
167,111.54708099365234,-7.480109214782715,0
167.01,111.42656707763672,-7.527406692504883,0
167.02,111.3045425415039,-7.575779438018799,0
167.03,111.17582702636719,-7.630570888519287,0
167.04,111.03703308105469,-7.695220947265625,0
167.05,110.90045166015625,-7.756916522979736,0
167.06,110.76605987548828,-7.815704822540283,0
167.07,110.63038635253906,-7.875216007232666,0
167.08,110.49691009521484,-7.931839942932129,0
167.09,110.35689544677734,-7.994637966156006,0
167.1,110.1999740600586,-8.0742769241333,0
167.11,110.04548645019531,-8.15057373046875,0
167.12,109.86381530761719,-8.254207611083984,0
167.13,109.68485260009766,-8.35396957397461,0
167.14,109.50857543945312,-8.449918746948242,0
167.15,109.33497619628906,-8.542112350463867,0
167.16,109.16402435302734,-8.630607604980469,0
167.17,108.9957046508789,-8.715461730957031,0
167.18,108.82999420166016,-8.796730995178223,0
167.19,108.66688537597656,-8.874471664428711,0
167.2,108.5185317993164,-8.936141967773438,0
167.21,108.37261199951172,-8.99465560913086,0
167.22,108.21867370605469,-9.060870170593262,0
167.23,108.06025695800781,-9.13103199005127,0
167.24,107.911376953125,-9.19059944152832,0
167.25,107.75798034667969,-9.25422191619873,0
167.26,107.60710144042969,-9.314580917358398,0
167.27,107.4587173461914,-9.371729850769043,0
167.28,107.31281280517578,-9.425722122192383,0
167.29,107.16764068603516,-9.478403091430664,0
167.3,107.02491760253906,-9.527997016906738,0
167.31,106.88290405273438,-9.576347351074219,0
167.32,106.73986053466797,-9.625262260437012,0
167.33,106.59229278564453,-9.67835807800293,0
167.34,106.44202423095703,-9.733691215515137,0
167.35,106.29077911376953,-9.789467811584473,0
167.36,106.13516235351562,-9.849193572998047,0
167.37,105.98213958740234,-9.905609130859375,0
167.38,105.83170318603516,-9.958770751953125,0
167.39,105.66812896728516,-10.024971008300781,0
167.4,105.50725555419922,-10.087690353393555,0
167.41,105.3421401977539,-10.154154777526855,0
167.42,105.17975616455078,-10.217105865478516,0
167.43,105.02008056640625,-10.276602745056152,0
167.44,104.8700180053711,-10.325536727905273,0
167.45,104.72254943847656,-10.371280670166016,0
167.46,104.57072448730469,-10.421056747436523,0
167.47,104.42152404785156,-10.467605590820312,0
167.48,104.28185272216797,-10.503815650939941,0
167.49,104.14295196533203,-10.538849830627441,0
167.5,104.00828552246094,-10.56914234161377,0
167.51,103.87435150146484,-10.598365783691406,0
167.52,103.73767852783203,-10.630120277404785,0
167.53,103.5999755859375,-10.662611961364746,0
167.54,103.4613037109375,-10.695761680603027,0
167.55,103.32515716552734,-10.725966453552246,0
167.56,103.19149780273438,-10.753279685974121,0
167.57,103.0585708618164,-10.779546737670898,0
167.58,102.92286682128906,-10.808422088623047,0
167.59,102.77055358886719,-10.854180335998535,0
167.6,102.60175323486328,-10.916522979736328,0
167.61,102.43579864501953,-10.975275039672852,0
167.62,102.27266693115234,-11.030498504638672,0
167.63,102.11060333251953,-11.084044456481934,0
167.64,101.9496078491211,-11.135937690734863,0
167.65,101.79486846923828,-11.180824279785156,0
167.66,101.63938903808594,-11.226006507873535,0
167.67,101.49011993408203,-11.264300346374512,0
167.68,101.3348159790039,-11.308438301086426,0
167.69,101.18226623535156,-11.349275588989258,0
167.7,101.02723693847656,-11.39224624633789,0
167.71,100.8610610961914,-11.44631290435791,0
167.72,100.6942367553711,-11.500486373901367,0
167.73,100.52510070800781,-11.556488037109375,0
167.74,100.3519058227539,-11.616116523742676,0
167.75,100.18167114257812,-11.672062873840332,0
167.76,100.0004653930664,-11.738779067993164,0
167.77,99.81187438964844,-11.812448501586914,0
167.78,99.62469482421875,-11.883896827697754,0
167.79,99.43718719482422,-11.954947471618652,0
167.8,99.24237060546875,-12.032815933227539,0
167.81,99.04731750488281,-12.110123634338379,0
167.82,98.84852600097656,-12.19050407409668,0
167.83,98.65129089355469,-12.268446922302246,0
167.84,98.45732879638672,-12.342193603515625,0
167.85,98.26834869384766,-12.41002368927002,0
167.86,98.08084106445312,-12.475625991821289,0
167.87,97.89653015136719,-12.537240982055664,0
167.88,97.71539306640625,-12.594937324523926,0
167.89,97.53042602539062,-12.656005859375,0
167.9,97.34864807128906,-12.713142395019531,0
167.91,97.16136932373047,-12.775373458862305,0
167.92,96.96514129638672,-12.846220970153809,0
167.93,96.76351928710938,-12.92190933227539,0
167.94,96.56009674072266,-12.998684883117676,0
167.95,96.3548355102539,-13.07656478881836,0
167.96,96.14608764648438,-13.157245635986328,0
167.97,95.93910217285156,-13.23527717590332,0
167.98,95.73558044433594,-13.308906555175781,0
167.99,95.53378295898438,-13.379999160766602,0
168,95.33541870117188,-13.44680118560791,0
168.01,95.1369400024414,-13.51302433013916,0
168.02,94.93148803710938,-13.58577823638916,0
168.03,94.71389770507812,-13.670344352722168,0
168.04,94.4981460571289,-13.752129554748535,0
168.05,94.2860107421875,-13.829325675964355,0
168.06,94.07746887207031,-13.902009963989258,0
168.07,93.86035919189453,-13.982802391052246,0
168.08,93.63472747802734,-14.071575164794922,0
168.09,93.41106414794922,-14.157395362854004,0
168.1,93.19293212890625,-14.236610412597656,0
168.11,92.97150421142578,-14.318408966064453,0
168.12,92.75381469726562,-14.395498275756836,0
168.13,92.53982543945312,-14.467958450317383,0
168.14,92.32951354980469,-14.535868644714355,0
168.15,92.12284088134766,-14.599308013916016,0
168.16,91.9197769165039,-14.658354759216309,0
168.17,91.72029113769531,-14.713086128234863,0
168.18,91.51217651367188,-14.776176452636719,0
168.19,91.3077163696289,-14.834843635559082,0
168.2,91.10513305664062,-14.89095687866211,0
168.21,90.89570617675781,-14.953572273254395,0
168.22,90.68994903564453,-15.011735916137695,0
168.23,90.4861068725586,-15.067319869995117,0
168.24,90.28589630126953,-15.118572235107422,0
168.25,90.08582305908203,-15.16915512084961,0
168.26,89.88934326171875,-15.215487480163574,0
168.27,89.69644165039062,-15.257646560668945,0
168.28,89.50707244873047,-15.295709609985352,0
168.29,89.30211639404297,-15.349515914916992,0
168.3,89.09562683105469,-15.404342651367188,0
168.31,88.89282989501953,-15.454782485961914,0
168.32,88.69196319580078,-15.502706527709961,0
168.33,88.48602294921875,-15.555377960205078,0
168.34,88.2855224609375,-15.601882934570312,0
168.35,88.0869369506836,-15.64592170715332,0
168.36,87.8919906616211,-15.685742378234863,0
168.37,87.70237731933594,-15.719632148742676,0
168.38,87.51631927490234,-15.749496459960938,0
168.39,87.33724212646484,-15.771828651428223,0
168.4,87.16161346435547,-15.790362358093262,0
168.41,86.98593139648438,-15.80875301361084,0
168.42,86.81366729736328,-15.823417663574219,0
168.43,86.63434600830078,-15.845234870910645,0
168.44,86.45848083496094,-15.863247871398926,0
168.45,86.27912139892578,-15.884696960449219,0
168.46,86.10322570800781,-15.90234088897705,0
168.47,85.92555236816406,-15.921628952026367,0
168.48,85.75133514404297,-15.937148094177246,0
168.49,85.58053588867188,-15.948972702026367,0
168.5,85.40093994140625,-15.969773292541504,0
168.51,85.23175048828125,-15.979597091674805,0
168.52,85.06944274902344,-15.982193946838379,0
168.53,84.90692138671875,-15.984990119934082,0
168.54,84.75121307373047,-15.98070240020752,0
168.55,84.59873962402344,-15.973116874694824,0
168.56,84.4459457397461,-15.965941429138184,0
168.57,84.29634857177734,-15.95552921295166,0
168.58,84.14991760253906,-15.941949844360352,0
168.59,84.00662231445312,-15.925270080566406,0
168.6,83.86641693115234,-15.905557632446289,0
168.61,83.71369171142578,-15.899003982543945,0
168.62,83.56416320800781,-15.889215469360352,0
168.63,83.41081237792969,-15.883482933044434,0
168.64,83.26065826416016,-15.874502182006836,0
168.65,83.1136703491211,-15.86234188079834,0
168.66,82.96981048583984,-15.847068786621094,0
168.67,82.8203353881836,-15.83776569366455,0
168.68,82.6618881225586,-15.837839126586914,0
168.69,82.50495147705078,-15.836346626281738,0
168.7,82.35124206542969,-15.831528663635254,0
168.71,82.19721221923828,-15.827094078063965,0
168.72,82.04637908935547,-15.81939697265625,0
168.73,81.89871215820312,-15.808505058288574,0
168.74,81.75249481201172,-15.796221733093262,0
168.75,81.6093978881836,-15.780842781066895,0
168.76,81.4693832397461,-15.762434959411621,0
168.77,81.32543182373047,-15.748287200927734,0
168.78,81.18283081054688,-15.73288345336914,0
168.79,81.03465270996094,-15.723420143127441,0
168.8,80.88261413574219,-15.71804141998291,0
168.81,80.72854614257812,-15.71481704711914,0
168.82,80.57593536376953,-15.71012020111084,0
168.83,80.41950988769531,-15.709413528442383,0
168.84,80.26629638671875,-15.705392837524414,0
168.85,80.11627197265625,-15.698126792907715,0
168.86,79.97636413574219,-15.680459976196289,0
168.87,79.83251190185547,-15.667055130004883,0
168.88,79.69174194335938,-15.650605201721191,0
168.89,79.55400848388672,-15.63117504119873,0
168.9,79.41756439208984,-15.61062240600586,0
168.91,79.2632827758789,-15.608739852905273,0
168.92,79.11390686035156,-15.60179615020752,0
168.93,78.96246337890625,-15.597064018249512,0
168.94,78.81070709228516,-15.592707633972168,0
168.95,78.66036224365234,-15.58692741394043,0
168.96,78.514892578125,-15.576170921325684,0
168.97,78.37596893310547,-15.558751106262207,0
168.98,78.2365951538086,-15.541975021362305,0
168.99,78.0985107421875,-15.524040222167969,0
169,77.96342468261719,-15.503183364868164,0
169.01,77.81913757324219,-15.492066383361816,0
169.02,77.6900863647461,-15.465296745300293,0
169.03,77.5639419555664,-15.435797691345215,0
169.04,77.440673828125,-15.403632164001465,0
169.05,77.32024383544922,-15.368861198425293,0
169.06,77.19564056396484,-15.33876895904541,0
169.07,77.06868743896484,-15.311417579650879,0
169.08,76.9411392211914,-15.284965515136719,0
169.09,76.82512664794922,-15.246857643127441,0
169.1,76.72057342529297,-15.197284698486328,0
169.11,76.60993194580078,-15.154521942138672,0
169.12,76.5019760131836,-15.109423637390137,0
169.13,76.40538787841797,-15.053032875061035,0
169.14,76.31133270263672,-14.994606971740723,0
169.15,76.21977233886719,-14.934200286865234,0
169.16,76.1497802734375,-14.85210132598877,0
169.17,76.08202362060547,-14.768537521362305,0
169.18,76.0164794921875,-14.683555603027344,0
169.19,75.95310974121094,-14.59720230102539,0
169.2,75.89360809326172,-14.507733345031738,0
169.21,75.8362045288086,-14.417021751403809,0
169.22,75.78605651855469,-14.319738388061523,0
169.23,75.7413558959961,-14.217829704284668,0
169.24,75.69857025146484,-14.114995002746582,0
169.25,75.65766906738281,-14.011275291442871,0
169.26,75.62035369873047,-13.904919624328613,0
169.27,75.59009552001953,-13.792364120483398,0
169.28,75.56155395507812,-13.679191589355469,0
169.29,75.56766510009766,-13.531339645385742,0
169.3,75.5750961303711,-13.383648872375488,0
169.31,75.58382415771484,-13.236146926879883,0
169.32,75.59381866455078,-13.088861465454102,0
169.33,75.60504913330078,-12.941818237304688,0
169.34,75.61749267578125,-12.795044898986816,0
169.35,75.63111877441406,-12.648566246032715,0
169.36,75.6458969116211,-12.50240707397461,0
169.37,75.66181182861328,-12.356592178344727,0
169.38,75.67882537841797,-12.211145401000977,0
169.39,75.70389556884766,-12.058867454528809,0
169.4,75.747314453125,-11.889180183410645,0
169.41,75.79670715332031,-11.715073585510254,0
169.42,75.85030364990234,-11.538411140441895,0
169.43,75.91146087646484,-11.355754852294922,0
169.44,75.97315979003906,-11.174433708190918,0
169.45,76.03536224365234,-10.994458198547363,0
169.46,76.09805297851562,-10.815838813781738,0
169.47,76.16120910644531,-10.638585090637207,0
169.48,76.22481536865234,-10.46270751953125,0
169.49,76.2888412475586,-10.288214683532715,0
169.5,76.36019134521484,-10.107949256896973,0
169.51,76.43184661865234,-9.92923355102539,0
169.52,76.49685668945312,-9.759241104125977,0
169.53,76.56219482421875,-9.590662002563477,0
169.54,76.62784576416016,-9.423503875732422,0
169.55,76.68854522705078,-9.263202667236328,0
169.56,76.75482177734375,-9.098791122436523,0
169.57,76.82827758789062,-8.928651809692383,0
169.58,76.90189361572266,-8.76010513305664,0
169.59,76.97392272949219,-8.594945907592773,0
169.6,77.04608917236328,-8.431347846984863,0
169.61,77.1236343383789,-8.263882637023926,0
169.62,77.2220687866211,-8.076539993286133,0
169.63,77.29948425292969,-7.91287899017334,0
169.64,77.38037872314453,-7.747310161590576,0
169.65,77.45777893066406,-7.58707332611084,0
169.66,77.5299072265625,-7.433941841125488,0
169.67,77.58123016357422,-7.303927898406982,0
169.68,77.63105010986328,-7.176820755004883,0
169.69,77.67935943603516,-7.052587509155273,0
169.7,77.72615814208984,-6.931196212768555,0
169.71,77.77140808105469,-6.81266975402832,0
169.72,77.79258728027344,-6.720266819000244,0
169.73,77.81078338623047,-6.631916046142578,0
169.74,77.79472351074219,-6.5799150466918945,0
169.75,77.77603912353516,-6.531168460845947,0
169.76,77.75647735595703,-6.483828067779541,0
169.77,77.71349334716797,-6.4612226486206055,0
169.78,77.66981506347656,-6.439558982849121,0
169.79,77.61859130859375,-6.425932884216309,0
169.8,77.54251861572266,-6.438155174255371,0
169.81,77.46614837646484,-6.450554847717285,0
169.82,77.38770294189453,-6.464972972869873,0
169.83,77.2951431274414,-6.493851184844971,0
169.84,77.20419311523438,-6.520761966705322,0
169.85,77.10791778564453,-6.552906513214111,0
169.86,77.01849365234375,-6.577629566192627,0
169.87,76.92195129394531,-6.609466552734375,0
169.88,76.81841278076172,-6.648209571838379,0
169.89,76.71661376953125,-6.684750556945801,0
169.9,76.58704376220703,-6.749641418457031,0
169.91,76.44212341308594,-6.829745769500732,0
169.92,76.30631256103516,-6.899595260620117,0
169.93,76.16567993164062,-6.973719120025635,0
169.94,76.02545928955078,-7.0466389656066895,0
169.95,75.88739776611328,-7.11657190322876,0
169.96,75.75148010253906,-7.18356466293335,0
169.97,75.61769104003906,-7.2476630210876465,0
169.98,75.45305633544922,-7.343010902404785,0
169.99,75.29085540771484,-7.434850215911865,0
170,75.12934875488281,-7.5250244140625,0
170.01,74.94943237304688,-7.6333136558532715,0
170.02,74.7704086303711,-7.739559173583984,0
170.03,74.5940170288086,-7.841988563537598,0
170.04,74.40978240966797,-7.951464653015137,0
170.05,74.22306060791016,-8.062389373779297,0
170.06,74.03907012939453,-8.169333457946777,0
170.07,73.85607147216797,-8.274147987365723,0
170.08,73.66886901855469,-8.382229804992676,0
170.09,73.48097229003906,-8.489904403686523,0
170.1,73.27677154541016,-8.6133394241333,0
170.11,73.0755386352539,-8.732421875,0
170.12,72.86514282226562,-8.859756469726562,0
170.13,72.63529205322266,-9.005897521972656,0
170.14,72.40872192382812,-9.147137641906738,0
170.15,72.18362426757812,-9.285394668579102,0
170.16,71.96004486083984,-9.42064380645752,0
170.17,71.72760009765625,-9.563668251037598,0
170.18,71.481201171875,-9.719654083251953,0
170.19,71.23485565185547,-9.873969078063965,0
170.2,70.9902572631836,-10.024879455566406,0
170.21,70.7457275390625,-10.174158096313477,0
170.22,70.50474548339844,-10.318222999572754,0
170.23,70.25689697265625,-10.467901229858398,0
170.24,70.01265716552734,-10.612296104431152,0
170.25,69.77200317382812,-10.751484870910645,0
170.26,69.53145599365234,-10.889127731323242,0
170.27,69.291015625,-11.025227546691895,0
170.28,69.05763244628906,-11.152620315551758,0
170.29,68.8277816772461,-11.275040626525879,0
170.3,68.6014404296875,-11.39256477355957,0
170.31,68.39070892333984,-11.49272632598877,0
170.32,68.186767578125,-11.584817886352539,0
170.33,67.9861068725586,-11.672568321228027,0
170.34,67.7956771850586,-11.748826026916504,0
170.35,67.61186218261719,-11.817448616027832,0
170.36,67.43460845947266,-11.878578186035156,0
170.37,67.26038360595703,-11.935938835144043,0
170.38,67.10647583007812,-11.971678733825684,0
170.39,66.95536804199219,-12.004149436950684,0
170.4,66.80877685546875,-12.031620025634766,0
170.41,66.68228912353516,-12.038005828857422,0
170.42,66.56006622314453,-12.039918899536133,0
170.43,66.45071411132812,-12.028491020202637,0
170.44,66.34371185302734,-12.014748573303223,0
170.45,66.22864532470703,-12.009491920471191,0
170.46,66.1159896850586,-12.001797676086426,0
170.47,66.01610565185547,-11.980968475341797,0
170.48,65.9253921508789,-11.950860023498535,0
170.49,65.84030151367188,-11.915252685546875,0
170.5,65.76075744628906,-11.874265670776367,0
170.51,65.6832504272461,-11.831602096557617,0
170.52,65.61126708984375,-11.783665657043457,0
170.53,65.54815673828125,-11.72704792022705,0
170.54,65.48689270019531,-11.66910457611084,0
170.55,65.44476318359375,-11.591958045959473,0
170.56,65.40425109863281,-11.513936042785645,0
170.57,65.3653335571289,-11.43507194519043,0
170.58,65.32798767089844,-11.355400085449219,0
170.59,65.27487182617188,-11.292869567871094,0
170.6,65.21826171875,-11.234602928161621,0
170.61,65.15813446044922,-11.180580139160156,0
170.62,65.08590698242188,-11.139627456665039,0
170.63,65.00690460205078,-11.106111526489258,0
170.64,64.90901184082031,-11.092485427856445,0
170.65,64.81326293945312,-11.076787948608398,0
170.66,64.709228515625,-11.06981372833252,0
170.67,64.59528350830078,-11.073179244995117,0
170.68,64.48363494873047,-11.074129104614258,0
170.69,64.37425994873047,-11.072712898254395,0
170.7,64.27926635742188,-11.056437492370605,0
170.71,64.2141342163086,-11.009429931640625,0
170.72,64.16984558105469,-10.941344261169434,0
170.73,64.12713623046875,-10.872334480285645,0
170.74,64.08596801757812,-10.802433967590332,0
170.75,64.05677795410156,-10.720870018005371,0
170.76,64.02898406982422,-10.638704299926758,0
170.77,64.0042953491211,-10.554176330566406,0
170.78,63.98094177246094,-10.46914291381836,0
170.79,63.967559814453125,-10.374673843383789,0
170.8,63.95710372924805,-10.278149604797363,0
170.81,63.94780731201172,-10.181424140930176,0
170.82,63.94831085205078,-10.07556438446045,0
170.83,63.96201705932617,-9.957139015197754,0
170.84,63.980064392089844,-9.83544635772705,0
170.85,63.99893569946289,-9.71416187286377,0
170.86,64.01860809326172,-9.593302726745605,0
170.87,64.0390625,-9.472886085510254,0
170.88,64.06027221679688,-9.352928161621094,0
170.89,64.06658935546875,-9.249626159667969,0
170.9,64.0616683959961,-9.159022331237793,0
170.91,64.05773162841797,-9.06833267211914,0
170.92,64.05476379394531,-8.977579116821289,0
170.93,64.05274963378906,-8.886781692504883,0
170.94,64.05166625976562,-8.795961380004883,0
170.95,64.0514907836914,-8.705137252807617,0
170.96,64.05913543701172,-8.607161521911621,0
170.97,64.06758117675781,-8.509368896484375,0
170.98,64.07681274414062,-8.411775588989258,0
170.99,64.08854675292969,-8.312607765197754,0
171,64.1079330444336,-8.206542015075684,0
171.01,64.12104034423828,-8.108077049255371,0
171.02,64.11579895019531,-8.029618263244629,0
171.03,64.1114273071289,-7.951065540313721,0
171.04,64.10612487792969,-7.874284267425537,0
171.05,64.09475708007812,-7.804574012756348,0
171.06,64.08430480957031,-7.73463773727417,0
171.07,64.07475280761719,-7.66449499130249,0
171.08,64.05569458007812,-7.60491418838501,0
171.09,64.0289535522461,-7.553900718688965,0
171.1,63.977230072021484,-7.529262542724609,0
171.11,63.92333984375,-7.50711727142334,0
171.12,63.87077331542969,-7.483834743499756,0
171.13,63.81951141357422,-7.459443092346191,0
171.14,63.75914764404297,-7.44472074508667,0
171.15,63.694969177246094,-7.4340972900390625,0
171.16,63.63740539550781,-7.416740894317627,0
171.17,63.5811882019043,-7.398168563842773,0
171.18,63.52630615234375,-7.378408908843994,0
171.19,63.46754455566406,-7.362865447998047,0
171.2,63.35115432739258,-7.40710973739624,0
171.21,63.19861602783203,-7.488295555114746,0
171.22,63.04667282104492,-7.568023204803467,0
171.23,62.88315200805664,-7.658904075622559,0
171.24,62.71170425415039,-7.757050514221191,0
171.25,62.53587341308594,-7.858710289001465,0
171.26,62.36265182495117,-7.95662260055542,0
171.27,62.1920166015625,-8.050843238830566,0
171.28,62.02395248413086,-8.14142894744873,0
171.29,61.85325241088867,-8.233808517456055,0
171.3,61.671287536621094,-8.336885452270508,0
171.31,61.48684310913086,-8.441459655761719,0
171.32,61.305152893066406,-8.542102813720703,0
171.33,61.126197814941406,-8.638875007629395,0
171.34,60.9499626159668,-8.731834411621094,0
171.35,60.77469253540039,-8.822832107543945,0
171.36,60.60211944580078,-8.910096168518066,0
171.37,60.432228088378906,-8.993684768676758,0
171.38,60.26673126220703,-9.071864128112793,0
171.39,60.10212326049805,-9.148311614990234,0
171.4,59.934940338134766,-9.226630210876465,0
171.41,59.75482940673828,-9.317514419555664,0
171.42,59.556739807128906,-9.426063537597656,0
171.43,59.36164093017578,-9.530391693115234,0
171.44,59.169517517089844,-9.630563735961914,0
171.45,58.97515106201172,-9.73201847076416,0
171.46,58.776790618896484,-9.836556434631348,0
171.47,58.57107925415039,-9.94761848449707,0
171.48,58.365028381347656,-10.057881355285645,0
171.49,58.156925201416016,-10.169130325317383,0
171.5,57.93294143676758,-10.295654296875,0
171.51,57.71057891845703,-10.419197082519531,0
171.52,57.462120056152344,-10.568460464477539,0
171.53,57.21208953857422,-10.717802047729492,0
171.54,56.94667053222656,-10.881523132324219,0
171.55,56.66603469848633,-11.059293746948242,0
171.56,56.389404296875,-11.231080055236816,0
171.57,56.108097076416016,-11.405926704406738,0
171.58,55.830841064453125,-11.574774742126465,0
171.59,55.5576057434082,-11.737711906433105,0
171.6,55.27971267700195,-11.903783798217773,0
171.61,55.00588607788086,-12.063932418823242,0
171.62,54.73609924316406,-12.218244552612305,0
171.63,54.463401794433594,-12.373973846435547,0
171.64,54.194759368896484,-12.52389144897461,0
171.65,53.92327880859375,-12.675195693969727,0
171.66,53.655879974365234,-12.820714950561523,0
171.67,53.37174606323242,-12.982037544250488,0
171.68,53.091854095458984,-13.13730525970459,0
171.69,52.80058670043945,-13.302734375,0
171.7,52.525787353515625,-13.44941520690918,0
171.71,52.25518035888672,-13.590241432189941,0
171.72,51.98873519897461,-13.725303649902344,0
171.73,51.72642517089844,-13.854691505432129,0
171.74,51.46821975708008,-13.978493690490723,0
171.75,51.19850158691406,-14.112923622131348,0
171.76,50.93818664550781,-14.236234664916992,0
171.77,50.692386627197266,-14.343254089355469,0
171.78,50.4505729675293,-14.44504165649414,0
171.79,50.20751953125,-14.547059059143066,0
171.8,49.96844482421875,-14.643904685974121,0
171.81,49.72812271118164,-14.74103832244873,0
171.82,49.49176788330078,-14.833059310913086,0
171.83,49.25935363769531,-14.920052528381348,0
171.84,49.0325813293457,-15.000310897827148,0
171.85,48.809669494628906,-15.0757474899292,0
171.86,48.587120056152344,-15.15002727508545,0
171.87,48.37186050415039,-15.21599292755127,0
171.88,48.160362243652344,-15.277382850646973,0
171.89,47.95259475708008,-15.334278106689453,0
171.9,47.75372314453125,-15.381383895874023,0
171.91,47.56365966796875,-15.418890953063965,0
171.92,47.38577651977539,-15.443404197692871,0
171.93,47.20783233642578,-15.467726707458496,0
171.94,47.033294677734375,-15.488272666931152,0
171.95,46.86559295654297,-15.501532554626465,0
171.96,46.70119857788086,-15.511236190795898,0
171.97,46.54007339477539,-15.517454147338867,0
171.98,46.378726959228516,-15.52384090423584,0
171.99,46.220619201660156,-15.526806831359863,0
172,46.0518684387207,-15.540755271911621,0
172.01,45.88644027709961,-15.551125526428223,0
172.02,45.71390914916992,-15.568737983703613,0
172.03,45.52395248413086,-15.604190826416016,0
172.04,45.335811614990234,-15.637402534484863,0
172.05,45.14773178100586,-15.670204162597656,0
172.06,44.96318435668945,-15.699013710021973,0
172.07,44.782135009765625,-15.723906517028809,0
172.08,44.60281753540039,-15.746748924255371,0
172.09,44.423484802246094,-15.769370079040527,0
172.1,44.2354850769043,-15.800728797912598,0
172.11,44.06314468383789,-15.815555572509766,0
172.12,43.89765167236328,-15.82314395904541,0
172.13,43.73720932006836,-15.825431823730469,0
172.14,43.58349609375,-15.820735931396484,0
172.15,43.42778015136719,-15.818159103393555,0
172.16,43.28047561645508,-15.80690860748291,0
172.17,43.136295318603516,-15.7925386428833,0
172.18,42.995208740234375,-15.775116920471191,0
172.19,42.857181549072266,-15.754709243774414,0
172.2,42.72218322753906,-15.7313814163208,0
172.21,42.59017562866211,-15.70519733428955,0
172.22,42.45940017700195,-15.678013801574707,0
172.23,42.31771469116211,-15.662398338317871,0
172.24,42.18947219848633,-15.633033752441406,0
172.25,42.05202102661133,-15.613499641418457,0
172.26,41.9296989440918,-15.57851505279541,0
172.27,41.8067626953125,-15.544529914855957,0
172.28,41.69013977050781,-15.504363059997559,0
172.29,41.576297760009766,-15.4617338180542,0
172.3,41.46174240112305,-15.42028522491455,0
172.31,41.3534049987793,-15.372834205627441,0
172.32,41.24774932861328,-15.323097229003906,0
172.33,41.1464729309082,-15.269340515136719,0
172.34,41.04779815673828,-15.213449478149414,0
172.35,40.95169448852539,-15.155479431152344,0
172.36,40.85812759399414,-15.09548568725586,0
172.37,40.768795013427734,-15.031729698181152,0
172.38,40.67845153808594,-14.969677925109863,0
172.39,40.594032287597656,-14.902141571044922,0
172.4,40.512001037597656,-14.832830429077148,0
172.41,40.42886734008789,-14.765378952026367,0
172.42,40.342899322509766,-14.701555252075195,0
172.43,40.2645149230957,-14.630548477172852,0
172.44,40.18843078613281,-14.55789566040039,0
172.45,40.12154006958008,-14.476479530334473,0
172.46,40.056819915771484,-14.39366340637207,0
172.47,40.00289535522461,-14.300535202026367,0
172.48,39.95791244506836,-14.199117660522461,0
172.49,39.92696762084961,-14.084226608276367,0
172.5,39.9012451171875,-13.965121269226074,0
172.51,39.87894821166992,-13.843704223632812,0
172.52,39.858299255371094,-13.721839904785156,0
172.53,39.847923278808594,-13.590605735778809,0
172.54,39.84077835083008,-13.457387924194336,0
172.55,39.8350830078125,-13.324047088623047,0
172.56,39.8204231262207,-13.201363563537598,0
172.57,39.8072624206543,-13.07839584350586,0
172.58,39.79557800292969,-12.955175399780273,0
172.59,39.79573059082031,-12.820982933044434,0
172.6,39.77814483642578,-12.706530570983887,0
172.61,39.76203918457031,-12.591730117797852,0
172.62,39.74739074707031,-12.476612091064453,0
172.63,39.73416519165039,-12.361207962036133,0
172.64,39.720611572265625,-12.247340202331543,0
172.65,39.70845031738281,-12.133209228515625,0
172.66,39.69765853881836,-12.018844604492188,0
172.67,39.70378875732422,-11.888151168823242,0
172.68,39.686832427978516,-11.782698631286621,0
172.69,39.6712532043457,-11.676908493041992,0
172.7,39.65703201293945,-11.57081127166748,0
172.71,39.644142150878906,-11.464434623718262,0
172.72,39.63082504272461,-11.359599113464355,0
172.73,39.618804931640625,-11.254504203796387,0
172.74,39.608062744140625,-11.149176597595215,0
172.75,39.59857177734375,-11.043643951416016,0
172.76,39.58511734008789,-10.943306922912598,0
172.77,39.57291793823242,-10.842706680297852,0
172.78,39.563682556152344,-10.740077018737793,0
172.79,39.55910873413086,-10.63369083404541,0
172.8,39.55220413208008,-10.530813217163086,0
172.81,39.53432846069336,-10.440352439880371,0
172.82,39.51424026489258,-10.35311508178711,0
172.83,39.483299255371094,-10.278013229370117,0
172.84,39.45026397705078,-10.205854415893555,0
172.85,39.42207336425781,-10.129427909851074,0
172.86,39.39521026611328,-10.052419662475586,0
172.87,39.369651794433594,-9.974859237670898,0
172.88,39.34537887573242,-9.896773338317871,0
172.89,39.31543731689453,-9.825356483459473,0
172.9,39.286808013916016,-9.75331974029541,0
172.91,39.25947189331055,-9.680691719055176,0
172.92,39.2334098815918,-9.607500076293945,0
172.93,39.205135345458984,-9.537355422973633,0
172.94,39.174713134765625,-9.47015380859375,0
172.95,39.140380859375,-9.407696723937988,0
172.96,39.10216522216797,-9.349900245666504,0
172.97,39.04452133178711,-9.312806129455566,0
172.98,38.98322296142578,-9.279873847961426,0
172.99,38.91830825805664,-9.25102424621582,0
173,38.85154342651367,-9.22438907623291,0
173.01,38.78467559814453,-9.198136329650879,0
173.02,38.71424102783203,-9.175847053527832,0
173.03,38.64546203613281,-9.152070045471191,0
173.04,38.567989349365234,-9.137535095214844,0
173.05,38.49224853515625,-9.12136173248291,0
173.06,38.418216705322266,-9.103586196899414,0
173.07,38.34587097167969,-9.084245681762695,0
173.08,38.27519989013672,-9.063376426696777,0
173.09,38.200984954833984,-9.046388626098633,0
173.1,38.12672424316406,-9.029623985290527,0
173.11,38.048954010009766,-9.016664505004883,0
173.12,37.96943664550781,-9.005642890930176,0
173.13,37.891658782958984,-8.992938995361328,0
173.14,37.79481887817383,-9.000089645385742,0
173.15,37.720672607421875,-8.983686447143555,0
173.16,37.643009185791016,-8.971090316772461,0
173.17,37.551475524902344,-8.972976684570312,0
173.18,37.446266174316406,-8.988992691040039,0
173.19,37.34132385253906,-9.00456714630127,0
173.2,37.23664474487305,-9.019705772399902,0
173.21,37.13396072387695,-9.032623291015625,0
173.22,37.02979278564453,-9.046945571899414,0
173.23,36.927616119384766,-9.05905818939209,0
173.24,36.81182861328125,-9.085127830505371,0
173.25,36.69642639160156,-9.110530853271484,0
173.26,36.56067657470703,-9.156718254089355,0
173.27,36.41859817504883,-9.208977699279785,0
173.28,36.2789192199707,-9.258214950561523,0
173.29,36.11569595336914,-9.33130168914795,0
173.3,35.951637268066406,-9.404498100280762,0
173.31,35.78675842285156,-9.477785110473633,0
173.32,35.622806549072266,-9.549354553222656,0
173.33,35.45983123779297,-9.619171142578125,0
173.34,35.29258346557617,-9.692686080932617,0
173.35,35.12284469604492,-9.768016815185547,0
173.36,34.936851501464844,-9.859387397766113,0
173.37,34.750308990478516,-9.950380325317383,0
173.38,34.54591751098633,-10.058900833129883,0
173.39,34.34464645385742,-10.163067817687988,0
173.4,34.13614273071289,-10.273641586303711,0
173.41,33.930824279785156,-10.37977409362793,0
173.42,33.72347640991211,-10.486907958984375,0
173.43,33.514129638671875,-10.595001220703125,0
173.44,33.29594421386719,-10.71112060546875,0
173.45,33.08108901977539,-10.822592735290527,0
173.46,32.869544982910156,-10.929488182067871,0
173.47,32.64569854736328,-11.048003196716309,0
173.48,32.414939880371094,-11.172444343566895,0
173.49,32.18595886230469,-11.293761253356934,0
173.5,31.951820373535156,-11.419158935546875,0
173.51,31.721248626708984,-11.539567947387695,0
173.52,31.494218826293945,-11.65506649017334,0
173.53,31.267244338989258,-11.769312858581543,0
173.54,31.028268814086914,-11.894794464111328,0
173.55,30.8067569732666,-12.000908851623535,0
173.56,30.57494354248047,-12.116583824157715,0
173.57,30.33981704711914,-12.234489440917969,0
173.58,30.106674194335938,-12.349123001098633,0
173.59,29.865060806274414,-12.471333503723145,0
173.6,29.618539810180664,-12.597356796264648,0
173.61,29.374156951904297,-12.719865798950195,0
173.62,29.131847381591797,-12.838961601257324,0
173.63,28.895065307617188,-12.951106071472168,0
173.64,28.66203498840332,-13.058209419250488,0
173.65,28.429264068603516,-13.163935661315918,0
173.66,28.18810272216797,-13.277249336242676,0
173.67,27.95077133178711,-13.385428428649902,0
173.68,27.717241287231445,-13.488555908203125,0
173.69,27.468488693237305,-13.606365203857422,0
173.7,27.223674774169922,-13.718878746032715,0
173.71,27.000038146972656,-13.808320045471191,0
173.72,26.780105590820312,-13.893004417419434,0
173.73,26.546585083007812,-13.990870475769043,0
173.74,26.3168888092041,-14.083767890930176,0
173.75,26.090986251831055,-14.171778678894043,0
173.76,25.868846893310547,-14.254983901977539,0
173.77,25.650442123413086,-14.333464622497559,0
173.78,25.43227767944336,-14.410883903503418,0
173.79,25.200559616088867,-14.501524925231934,0
173.8,24.972700119018555,-14.587236404418945,0
173.81,24.748668670654297,-14.66810131072998,0
173.82,24.528432846069336,-14.744202613830566,0
173.83,24.311962127685547,-14.815620422363281,0
173.84,24.099224090576172,-14.882436752319336,0
173.85,23.88677978515625,-14.948258399963379,0
173.86,23.676311492919922,-15.011356353759766,0
173.87,23.47126579284668,-15.06818962097168,0
173.88,23.268131256103516,-15.122457504272461,0
173.89,23.068626403808594,-15.172409057617188,0
173.9,22.872718811035156,-15.218122482299805,0
173.91,22.682106018066406,-15.25788402557373,0
173.92,22.49500846862793,-15.293598175048828,0
173.93,22.31312370300293,-15.323548316955566,0
173.94,22.136348724365234,-15.347902297973633,0
173.95,21.962955474853516,-15.368505477905273,0
173.96,21.79291343688965,-15.385430335998535,0
173.97,21.62618637084961,-15.398748397827148,0
173.98,21.4610652923584,-15.410265922546387,0
173.99,21.29921531677246,-15.418282508850098,0
174,21.13367462158203,-15.430034637451172,0
174.01,20.971406936645508,-15.438276290893555,0
174.02,20.8123836517334,-15.44307804107666,0
174.03,20.656570434570312,-15.444509506225586,0
174.04,20.50393295288086,-15.442638397216797,0
174.05,20.354440689086914,-15.437533378601074,0
174.06,20.208059310913086,-15.429262161254883,0
174.07,20.071683883666992,-15.410723686218262,0
174.08,19.938282012939453,-15.389300346374512,0
174.09,19.807825088500977,-15.3650541305542,0
174.1,19.68027687072754,-15.338048934936523,0
174.11,19.55560302734375,-15.30834674835205,0
174.12,19.437183380126953,-15.272481918334961,0
174.13,19.32154083251953,-15.234115600585938,0
174.14,19.208642959594727,-15.193306922912598,0
174.15,19.09845542907715,-15.150115013122559,0
174.16,18.990949630737305,-15.104597091674805,0
174.17,18.886089324951172,-15.05681037902832,0
174.18,18.783845901489258,-15.00681209564209,0
174.19,18.684186935424805,-14.954658508300781,0
174.2,18.587080001831055,-14.90040397644043,0
174.21,18.490760803222656,-14.845894813537598,0
174.22,18.396949768066406,-14.789356231689453,0
174.23,18.302202224731445,-14.734369277954102,0
174.24,18.20993423461914,-14.677386283874512,0
174.25,18.11665153503418,-14.62204360961914,0
174.26,18.02408790588379,-14.566527366638184,0
174.27,17.913238525390625,-14.530505180358887,0
174.28,17.805011749267578,-14.492142677307129,0
174.29,17.699377059936523,-14.451494216918945,0
174.3,17.59630584716797,-14.408616065979004,0
174.31,17.495763778686523,-14.363563537597656,0
174.32,17.397724151611328,-14.316390037536621,0
174.33,17.302154541015625,-14.267148971557617,0
174.34,17.2193603515625,-14.205199241638184,0
174.35,17.14406394958496,-14.136133193969727,0
174.36,17.070985794067383,-14.065486907958984,0
174.37,17.00009536743164,-13.993307113647461,0
174.38,16.926170349121094,-13.925015449523926,0
174.39,16.840627670288086,-13.8694486618042,0
174.4,16.748777389526367,-13.820982933044434,0
174.41,16.659282684326172,-13.770581245422363,0
174.42,16.572113037109375,-13.718294143676758,0
174.43,16.461320877075195,-13.690990447998047,0
174.44,16.353065490722656,-13.661344528198242,0
174.45,16.247316360473633,-13.629410743713379,0
174.46,16.144046783447266,-13.595243453979492,0
174.47,16.04322624206543,-13.558895111083984,0
174.48,15.943095207214355,-13.522209167480469,0
174.49,15.841910362243652,-13.486992835998535,0
174.5,15.73800277709961,-13.45495891571045,0
174.51,15.62100601196289,-13.436799049377441,0
174.52,15.501387596130371,-13.421539306640625,0
174.53,15.379173278808594,-13.409123420715332,0
174.54,15.25444221496582,-13.399438858032227,0
174.55,15.128897666931152,-13.39069652557373,0
174.56,15.00774097442627,-13.377504348754883,0
174.57,14.8909273147583,-13.359955787658691,0
174.58,14.776678085327148,-13.339936256408691,0
174.59,14.66496467590332,-13.317500114440918,0
174.6,14.55402660369873,-13.294492721557617,0
174.61,14.442122459411621,-13.272723197937012,0
174.62,14.332723617553711,-13.248586654663086,0
174.63,14.224069595336914,-13.223929405212402,0
174.64,14.11788272857666,-13.196974754333496,0
174.65,14.008939743041992,-13.173151016235352,0
174.66,13.902462005615234,-13.147024154663086,0
174.67,13.798419952392578,-13.118646621704102,0
174.68,13.686450958251953,-13.098764419555664,0
174.69,13.576970100402832,-13.076513290405273,0
174.7,13.469949722290039,-13.051947593688965,0
174.71,13.355024337768555,-13.035813331604004,0
174.72,13.2426118850708,-13.017247200012207,0
174.73,13.132682800292969,-12.996302604675293,0
174.74,13.0252103805542,-12.97303295135498,0
174.75,12.932234764099121,-12.935005187988281,0
174.76,12.841536521911621,-12.895015716552734,0
174.77,12.753087043762207,-12.853113174438477,0
174.78,12.644401550292969,-12.83258056640625,0
174.79,12.550265312194824,-12.797207832336426,0
174.8,12.458403587341309,-12.759847640991211,0
174.81,12.365324974060059,-12.724132537841797,0
174.82,12.260703086853027,-12.700730323791504,0
174.83,12.15152645111084,-12.682282447814941,0
174.84,12.044767379760742,-12.661524772644043,0
174.85,11.933524131774902,-12.645620346069336,0
174.86,11.824715614318848,-12.627362251281738,0
174.87,11.718314170837402,-12.606801986694336,0
174.88,11.600493431091309,-12.598268508911133,0
174.89,11.47651195526123,-12.596199035644531,0
174.9,11.344752311706543,-12.60219669342041,0
174.91,11.213900566101074,-12.607192993164062,0
174.92,11.071881294250488,-12.623692512512207,0
174.93,10.929144859313965,-12.640763282775879,0
174.94,10.787432670593262,-12.656597137451172,0
174.95,10.648468017578125,-12.669425010681152,0
174.96,10.51741886138916,-12.673930168151855,0
174.97,10.389009475708008,-12.675657272338867,0
174.98,10.261481285095215,-12.6764554977417,0
174.99,10.13309383392334,-12.67813491821289,0
175,10.007319450378418,-12.677093505859375,0
175.01,9.887594223022461,-12.669803619384766,0
175.02,9.770392417907715,-12.659977912902832,0
175.03,9.659152030944824,-12.644087791442871,0
175.04,9.546880722045898,-12.629426956176758,0
175.05,9.435320854187012,-12.614182472229004,0
175.06,9.314127922058105,-12.609062194824219,0
175.07,9.195466995239258,-12.601375579833984,0
175.08,9.091379165649414,-12.578690528869629,0
175.09,8.982772827148438,-12.560914993286133,0
175.1,8.869637489318848,-12.548008918762207,0
175.11,8.758946418762207,-12.532708168029785,0
175.12,8.647262573242188,-12.518592834472656,0
175.13,8.541413307189941,-12.498586654663086,0
175.14,8.434518814086914,-12.47986888885498,0
175.15,8.314465522766113,-12.474959373474121,0
175.16,8.210719108581543,-12.453228950500488,0
175.17,8.109310150146484,-12.429305076599121,0
175.18,8.0084810256958,-12.405029296875,0
175.19,7.90995454788208,-12.378622055053711,0
175.2,7.801636219024658,-12.362618446350098,0
175.21,7.707761287689209,-12.33183765411377,0
175.22,7.602311134338379,-12.313350677490234,0
175.23,7.497469425201416,-12.294425010681152,0
175.24,7.394960403442383,-12.273282051086426,0
175.25,7.2878313064575195,-12.2571382522583,0
175.26,7.183054447174072,-12.238727569580078,0
175.27,7.0719990730285645,-12.22700309753418,0
175.28,6.971937656402588,-12.204025268554688,0
175.29,6.865546226501465,-12.187834739685059,0
175.3,6.761492729187012,-12.169393539428711,0
175.31,6.659750461578369,-12.148751258850098,0
175.32,6.562026023864746,-12.124165534973145,0
175.33,6.470007419586182,-12.093931198120117,0
175.34,6.376706123352051,-12.065336227416992,0
175.35,6.2838640213012695,-12.036561965942383,0
175.36,6.193204879760742,-12.005826950073242,0
175.37,6.104703903198242,-11.973177909851074,0
175.38,6.018334865570068,-11.93865966796875,0
175.39,5.928932189941406,-11.907637596130371,0
175.4,5.8416643142700195,-11.874728202819824,0
175.41,5.756505966186523,-11.83997631072998,0
175.42,5.673432350158691,-11.803427696228027,0
175.43,5.599290370941162,-11.758015632629395,0
175.44,5.533984661102295,-11.70393180847168,0
175.45,5.470546245574951,-11.648475646972656,0
175.46,5.405540943145752,-11.595213890075684,0
175.47,5.34238862991333,-11.540586471557617,0
175.48,5.281064510345459,-11.48463249206543,0
175.49,5.218081474304199,-11.430974006652832,0
175.5,5.148309230804443,-11.384894371032715,0
175.51,5.061422348022461,-11.356998443603516,0
175.52,4.976588249206543,-11.32726764678955,0
175.53,4.888642311096191,-11.301064491271973,0
175.54,4.8027544021606445,-11.273003578186035,0
175.55,4.718900203704834,-11.243128776550293,0
175.56,4.631860733032227,-11.21685791015625,0
175.57,4.541665554046631,-11.194123268127441,0
175.58,4.451808929443359,-11.171274185180664,0
175.59,4.364016056060791,-11.146526336669922,0
175.6,4.278263568878174,-11.119922637939453,0
175.61,4.192850589752197,-11.093243598937988,0
175.62,4.1094489097595215,-11.064760208129883,0
175.63,4.019375324249268,-11.043474197387695,0
175.64,3.9313549995422363,-11.020283699035645,0
175.65,3.8540232181549072,-10.986274719238281,0
175.66,3.7699496746063232,-10.959592819213867,0
175.67,3.687859296798706,-10.931135177612305,0
175.68,3.605997323989868,-10.902735710144043,0
175.69,3.526089906692505,-10.872607231140137,0
175.7,3.446436882019043,-10.842528343200684,0
175.71,3.3687095642089844,-10.810768127441406,0
175.72,3.279085874557495,-10.791644096374512,0
175.73,3.188021421432495,-10.774209022521973,0
175.74,3.0972611904144287,-10.75663948059082,0
175.75,3.010263442993164,-10.735359191894531,0
175.76,2.9235241413116455,-10.714031219482422,0
175.77,2.8129570484161377,-10.71757698059082,0
175.78,2.6994247436523438,-10.724153518676758,0
175.79,2.588153123855591,-10.728322982788086,0
175.8,2.473924398422241,-10.735508918762207,0
175.81,2.3602871894836426,-10.742008209228516,0
175.82,2.2489137649536133,-10.746098518371582,0
175.83,2.1397809982299805,-10.747828483581543,0
175.84,2.0276710987091064,-10.752620697021484,0
175.85,1.9230057001113892,-10.74966049194336,0
175.86,1.8153176307678223,-10.749858856201172,0
175.87,1.7150282859802246,-10.742400169372559,0
175.88,1.6168659925460815,-10.732817649841309,0
175.89,1.501813292503357,-10.740809440612793,0
175.9,1.3890386819839478,-10.74636173248291,0
175.91,1.2785192728042603,-10.749523162841797,0
175.92,1.1943682432174683,-10.725371360778809,0
175.93,1.1139090061187744,-10.697649002075195,0
175.94,1.0353690385818481,-10.668228149414062,0
175.95,0.9587258100509644,-10.6371488571167,0
175.96,0.882224977016449,-10.606244087219238,0
175.97,0.807593584060669,-10.573724746704102,0
175.98,0.7348092198371887,-10.539630889892578,0
175.99,0.651781439781189,-10.516488075256348,0
176,0.5672175884246826,-10.495174407958984,0
176.01,0.4845944046974182,-10.47207260131836,0
176.02,0.4038896858692169,-10.447225570678711,0
176.03,0.3199401795864105,-10.425992012023926,0
176.04,0.2379179745912552,-10.402984619140625,0
176.05,0.15780097246170044,-10.378244400024414,0
176.06,0.07956713438034058,-10.351811408996582,0
176.07,0.0014627184718847275,-10.325517654418945,0
176.08,-0.09892018884420395,-10.322546005249023,0
176.09,-0.2126951366662979,-10.333460807800293,0
176.1,-0.33117368817329407,-10.349128723144531,0
176.11,-0.4473792314529419,-10.362282752990723,0
176.12,-0.5613336563110352,-10.372971534729004,0
176.13,-0.6730589866638184,-10.381243705749512,0
176.14,-0.7946450710296631,-10.399632453918457,0
176.15,-0.9018532633781433,-10.402955055236816,0
176.16,-1.006898283958435,-10.404006004333496,0
176.17,-1.1028753519058228,-10.39566421508789,0
176.18,-1.1933958530426025,-10.381763458251953,0
176.19,-1.2749993801116943,-10.358780860900879,0
176.2,-1.3547065258026123,-10.334074020385742,0
176.21,-1.4325392246246338,-10.307682991027832,0
176.22,-1.5154463052749634,-10.286815643310547,0
176.23,-1.5964511632919312,-10.264195442199707,0
176.24,-1.6927839517593384,-10.257667541503906,0
176.25,-1.762944221496582,-10.224128723144531,0
176.26,-1.8520655632019043,-10.210555076599121,0
176.27,-1.9426378011703491,-10.198622703552246,0
176.28,-2.031238317489624,-10.184773445129395,0
176.29,-2.1196203231811523,-10.170841217041016,0
176.3,-2.2060558795928955,-10.15503978729248,0
176.31,-2.2905662059783936,-10.137410163879395,0
176.32,-2.373173236846924,-10.117993354797363,0
176.33,-2.4538979530334473,-10.096830368041992,0
176.34,-2.532762289047241,-10.07396125793457,0
176.35,-2.6097874641418457,-10.049426078796387,0
176.36,-2.684994697570801,-10.023263931274414,0
176.37,-2.7584054470062256,-9.995513916015625,0
176.38,-2.8179731369018555,-9.953728675842285,0
176.39,-2.8759117126464844,-9.910690307617188,0
176.4,-2.932241916656494,-9.866433143615723,0
176.41,-2.986984968185425,-9.820991516113281,0
176.42,-3.0401618480682373,-9.774399757385254,0
176.43,-3.0917932987213135,-9.726691246032715,0
176.44,-3.141900062561035,-9.677898406982422,0
176.45,-3.190502405166626,-9.62805461883545,0
176.46,-3.237621307373047,-9.577191352844238,0
176.47,-3.2832767963409424,-9.52534008026123,0
176.48,-3.3257579803466797,-9.470741271972656,0
176.49,-3.365102529525757,-9.413461685180664,0
176.5,-3.4030799865722656,-9.355360984802246,0
176.51,-3.4397106170654297,-9.296467781066895,0
176.52,-3.4750142097473145,-9.236810684204102,0
176.53,-3.5090105533599854,-9.17641830444336,0
176.54,-3.5434508323669434,-9.117110252380371,0
176.55,-3.5748729705810547,-9.055293083190918,0
176.56,-3.6067776679992676,-8.994614601135254,0
176.57,-3.637434720993042,-8.933273315429688,0
176.58,-3.6909990310668945,-8.89626693725586,0
176.59,-3.743103504180908,-8.858133316040039,0
176.6,-3.795499086380005,-8.820694923400879,0
176.61,-3.8464548587799072,-8.782154083251953,0
176.62,-3.8942577838897705,-8.740750312805176,0
176.63,-3.935535430908203,-8.693023681640625,0
176.64,-3.9755001068115234,-8.644432067871094,0
176.65,-4.00551176071167,-8.58604621887207,0
176.66,-4.0309271812438965,-8.52350902557373,0
176.67,-4.051746368408203,-8.456863403320312,0
176.68,-4.069754600524902,-8.387999534606934,0
176.69,-4.084987640380859,-8.316976547241211,0
176.7,-4.099213600158691,-8.245645523071289,0
176.71,-4.114181041717529,-8.175820350646973,0
176.72,-4.126425743103027,-8.103900909423828,0
176.73,-4.1377153396606445,-8.031737327575684,0
176.74,-4.14979887008667,-7.961141586303711,0
176.75,-4.164406776428223,-7.893887996673584,0
176.76,-4.1883931159973145,-7.837032794952393,0
176.77,-4.226808071136475,-7.795694351196289,0
176.78,-4.264031887054443,-7.753551006317139,0
176.79,-4.300080299377441,-7.710627555847168,0
176.8,-4.334969997406006,-7.666949272155762,0
176.81,-4.368717193603516,-7.6225409507751465,0
176.82,-4.399660110473633,-7.575691223144531,0
176.83,-4.419174671173096,-7.517502307891846,0
176.84,-4.437719345092773,-7.458911895751953,0
176.85,-4.451847076416016,-7.396357536315918,0
176.86,-4.454736709594727,-7.322823524475098,0
176.87,-4.4619879722595215,-7.254562854766846,0
176.88,-4.46328067779541,-7.180843830108643,0
176.89,-4.468966007232666,-7.112432479858398,0
176.9,-4.475596904754639,-7.045706272125244,0
176.91,-4.481438159942627,-6.978853702545166,0
176.92,-4.486504554748535,-6.911891460418701,0
176.93,-4.490811824798584,-6.844836235046387,0
176.94,-4.496105670928955,-6.779495716094971,0
176.95,-4.500650882720947,-6.714056491851807,0
176.96,-4.504462242126465,-6.648535251617432,0
176.97,-4.507553577423096,-6.58294677734375,0
176.98,-4.509939193725586,-6.517306804656982,0
176.99,-4.511632919311523,-6.451630115509033,0
177,-4.509185314178467,-6.382348537445068,0
177.01,-4.506109714508057,-6.313133239746094,0
177.02,-4.5024189949035645,-6.243998050689697,0
177.03,-4.49812650680542,-6.17495584487915,0
177.04,-4.493245601654053,-6.106019020080566,0
177.05,-4.487789630889893,-6.037200450897217,0
177.06,-4.481770992279053,-5.968512058258057,0
177.07,-4.475203037261963,-5.899965763092041,0
177.08,-4.471560955047607,-5.835155963897705,0
177.09,-4.470822334289551,-5.774020671844482,0
177.1,-4.466036796569824,-5.7093305587768555,0
177.11,-4.460715293884277,-5.6447553634643555,0
177.12,-4.451406955718994,-5.576723575592041,0
177.13,-4.441622734069824,-5.508903503417969,0
177.14,-4.431375026702881,-5.441305160522461,0
177.15,-4.424138069152832,-5.377521514892578,0
177.16,-4.419888496398926,-5.317487716674805,0
177.17,-4.416869640350342,-5.259348392486572,0
177.18,-4.416752338409424,-5.204813003540039,0
177.19,-4.416102886199951,-5.150291442871094,0
177.2,-4.411523342132568,-5.092267990112305,0
177.21,-4.409878730773926,-5.037880897521973,0
177.22,-4.4077348709106445,-4.9835405349731445,0
177.23,-4.405102729797363,-4.929256916046143,0
177.24,-4.4019927978515625,-4.875040531158447,0
177.25,-4.386347770690918,-4.808416366577148,0
177.26,-4.370370864868164,-4.742137432098389,0
177.27,-4.354071617126465,-4.676211357116699,0
177.28,-4.337460517883301,-4.610644340515137,0
177.29,-4.306801795959473,-4.531221866607666,0
177.3,-4.275993347167969,-4.452466011047363,0
177.31,-4.258789539337158,-4.388600826263428,0
177.32,-4.2413129806518555,-4.325113773345947,0
177.33,-4.209826469421387,-4.24778938293457,0
177.34,-4.1919732093811035,-4.185369968414307,0
177.35,-4.173874378204346,-4.123342037200928,0
177.36,-4.155538558959961,-4.061710834503174,0
177.37,-4.140437602996826,-4.004064083099365,0
177.38,-4.138880729675293,-3.961026668548584,0
177.39,-4.128330230712891,-3.9091293811798096,0
177.4,-4.11916446685791,-3.8592021465301514,0
177.41,-4.114892482757568,-3.814854621887207,0
177.42,-4.110273838043213,-3.7706069946289062,0
177.43,-4.100121021270752,-3.7210917472839355,0
177.44,-4.089691162109375,-3.671802043914795,0
177.45,-4.0789923667907715,-3.622743844985962,0
177.46,-4.0680317878723145,-3.573922634124756,0
177.47,-4.055140495300293,-3.523608446121216,0
177.48,-4.035092830657959,-3.4664113521575928,0
177.49,-4.014895915985107,-3.409651279449463,0
177.5,-3.9945566654205322,-3.3533310890197754,0
177.51,-3.9740822315216064,-3.2974538803100586,0
177.52,-3.953479766845703,-3.2420222759246826,0
177.53,-3.932756185531616,-3.1870388984680176,0
177.54,-3.9119184017181396,-3.1325063705444336,0
177.55,-3.8909733295440674,-3.0784268379211426,0
177.56,-3.8699276447296143,-3.0248026847839355,0
177.57,-3.8557145595550537,-2.9788026809692383,0
177.58,-3.8396103382110596,-2.931321859359741,0
177.59,-3.823370933532715,-2.8841922283172607,0
177.6,-3.807002305984497,-2.837416887283325,0
177.61,-3.795651912689209,-2.7963171005249023,0
177.62,-3.7841312885284424,-2.7554666996002197,0
177.63,-3.772446632385254,-2.7148690223693848,0
177.64,-3.755462408065796,-2.669208526611328,0
177.65,-3.7435197830200195,-2.6292364597320557,0
177.66,-3.7262892723083496,-2.584207057952881,0
177.67,-3.714111566543579,-2.5448713302612305,0
177.68,-3.7017979621887207,-2.5058019161224365,0
177.69,-3.6996898651123047,-2.4776954650878906,0
177.7,-3.697349786758423,-2.4496397972106934,0
177.71,-3.686178207397461,-2.4127373695373535,0
177.72,-3.6645379066467285,-2.3653855323791504,0
177.73,-3.6428768634796143,-2.318502187728882,0
177.74,-3.612595796585083,-2.263185501098633,0
177.75,-3.582393169403076,-2.208522319793701,0
177.76,-3.5419375896453857,-2.1438169479370117,0
177.77,-3.5120127201080322,-2.0906763076782227,0
177.78,-3.48218035697937,-2.0381808280944824,0
177.79,-3.4559080600738525,-1.9899120330810547,0
177.8,-3.4262378215789795,-1.938626766204834,0
177.81,-3.398404598236084,-1.8897727727890015,0
177.82,-3.372394561767578,-1.8433105945587158,0
177.83,-3.3464620113372803,-1.7974094152450562,0
177.84,-3.320611000061035,-1.7520674467086792,0
177.85,-3.2948453426361084,-1.7072829008102417,0
177.86,-3.267436981201172,-1.661262035369873,0
177.87,-3.2401390075683594,-1.615831732749939,0
177.88,-3.211223602294922,-1.5691977739334106,0
177.89,-3.1841752529144287,-1.5249781608581543,0
177.9,-3.1589794158935547,-1.4831327199935913,0
177.91,-3.133889675140381,-1.441830039024353,0
177.92,-3.1105871200561523,-1.4028034210205078,0
177.93,-3.0873794555664062,-1.3642789125442505,0
177.94,-3.067732810974121,-1.3298373222351074,0
177.95,-3.0481512546539307,-1.2958194017410278,0
177.96,-3.028637647628784,-1.2622236013412476,0
177.97,-3.0143895149230957,-1.2344233989715576,0
177.98,-2.9949657917022705,-1.2015559673309326,0
177.99,-2.9808132648468018,-1.1744821071624756,0
178,-2.968362808227539,-1.1494494676589966,0
178.01,-2.949049472808838,-1.1175752878189087,0
178.02,-2.9177517890930176,-1.073631763458252,0
178.03,-2.886664628982544,-1.0303606986999512,0
178.04,-2.871321439743042,-1.0038262605667114,0
178.05,-2.8560328483581543,-0.9776225686073303,0
178.06,-2.8408002853393555,-0.9517483711242676,0
178.07,-2.829035758972168,-0.929729700088501,0
178.08,-2.813887357711792,-0.9044377207756042,0
178.09,-2.7988014221191406,-0.8794720768928528,0
178.1,-2.7837798595428467,-0.8548313975334167,0
178.11,-2.768824338912964,-0.8305141925811768,0
178.12,-2.738405704498291,-0.7904502749443054,0
178.13,-2.7082178592681885,-0.751039445400238,0
178.14,-2.678262233734131,-0.7122765779495239,0
178.15,-2.6485402584075928,-0.674156665802002,0
178.16,-2.619053602218628,-0.6366746425628662,0
178.17,-2.589803695678711,-0.5998253226280212,0
178.18,-2.5607919692993164,-0.5636036396026611,0
178.19,-2.53201961517334,-0.5280043482780457,0
178.2,-2.512092351913452,-0.5019245743751526,0
178.21,-2.4923176765441895,-0.4762726128101349,0
178.22,-2.4726967811584473,-0.45104509592056274,0
178.23,-2.453230619430542,-0.42623865604400635,0
178.24,-2.4305107593536377,-0.39832252264022827,0
178.25,-2.40798282623291,-0.3708937168121338,0
178.26,-2.3856475353240967,-0.3439480662345886,0
178.27,-2.3635056018829346,-0.3174813985824585,0
178.28,-2.3518941402435303,-0.3021833598613739,0
178.29,-2.3300344944000244,-0.2764407694339752,0
178.3,-2.3101022243499756,-0.2529585063457489,0
178.31,-2.298952579498291,-0.23880572617053986,0
178.32,-2.2792880535125732,-0.21599003672599792,0
178.33,-2.2614805698394775,-0.1953316032886505,0
178.34,-2.2421579360961914,-0.17331913113594055,0
178.35,-2.2212836742401123,-0.14992906153202057,0
178.36,-2.2023391723632812,-0.12877795100212097,0
178.37,-2.1835756301879883,-0.10803274065256119,0
178.38,-2.1649932861328125,-0.08768950402736664,0
178.39,-2.141396999359131,-0.06236927956342697,0
178.4,-2.1180360317230225,-0.03755440562963486,0
178.41,-2.0949103832244873,-0.013239791616797447,0
178.42,-2.0720200538635254,0.010579653084278107,0
178.43,-2.0665740966796875,0.016104551032185555,0
178.44,-2.061185836791992,0.021512886509299278,0
178.45,-2.0558547973632812,0.026805901899933815,0
178.46,-2.033372163772583,0.04978930205106735,0
178.47,-2.0249245166778564,0.058014243841171265,0
178.48,-2.0165693759918213,0.0660584419965744,0
178.49,-1.9945067167282104,0.08820109069347382,0
178.5,-1.9864786863327026,0.0955943614244461,0
178.51,-1.9733474254608154,0.10819100588560104,0
178.52,-1.9517573118209839,0.12940889596939087,0
178.53,-1.9304015636444092,0.15016481280326843,0
178.54,-1.9075483083724976,0.17225533723831177,0
178.55,-1.8849467039108276,0.19385693967342377,0
178.56,-1.8625963926315308,0.214975044131279,0
178.57,-1.842228651046753,0.23382356762886047,0