ts,q0_estimated,q1_estimated,q2_estimated,q3_estimated
-0.75,1.35,8.63,-4.831,-0.59
-0.74,1.35,8.63,-4.831,-0.59
-0.73,1.35,8.63,-4.831,-0.59
-0.72,1.35,8.63,-4.831,-0.59
-0.71,1.35,8.63,-4.831,-0.59
-0.7,1.35,8.63,-4.831,-0.59
-0.69,1.35,8.63,-4.831,-0.59
-0.68,1.349,8.63,-4.831,-0.59
-0.67,1.349,8.63,-4.831,-0.59
-0.66,1.349,8.63,-4.831,-0.59
-0.65,1.349,8.63,-4.831,-0.59
-0.64,1.349,8.63,-4.831,-0.59
-0.63,1.349,8.63,-4.831,-0.59
-0.62,1.349,8.63,-4.831,-0.59
-0.61,1.349,8.63,-4.831,-0.59
-0.6,1.349,8.63,-4.83,-0.59
-0.59,1.349,8.63,-4.83,-0.59
-0.58,1.349,8.63,-4.83,-0.59
-0.57,1.349,8.63,-4.83,-0.59
-0.56,1.348,8.63,-4.83,-0.59
-0.55,1.348,8.63,-4.83,-0.59
-0.54,1.348,8.63,-4.83,-0.59
-0.53,1.348,8.63,-4.83,-0.59
-0.52,1.348,8.63,-4.831,-0.59
-0.51,1.348,8.63,-4.831,-0.59
-0.5,1.348,8.631,-4.831,-0.59
-0.49,1.348,8.631,-4.831,-0.59
-0.48,1.348,8.631,-4.83,-0.589
-0.47,1.347,8.631,-4.83,-0.589
-0.46,1.347,8.631,-4.831,-0.589
-0.45,1.347,8.631,-4.831,-0.589
-0.44,1.347,8.631,-4.831,-0.59
-0.43,1.346,8.631,-4.831,-0.59
-0.42,1.346,8.631,-4.831,-0.59
-0.41,1.346,8.631,-4.831,-0.59
-0.4,1.346,8.631,-4.831,-0.59
-0.39,1.346,8.631,-4.831,-0.59
-0.38,1.346,8.631,-4.831,-0.59
-0.37,1.346,8.631,-4.831,-0.589
-0.36,1.346,8.631,-4.831,-0.589
-0.35,1.346,8.631,-4.831,-0.589
-0.34,1.346,8.631,-4.831,-0.589
-0.33,1.346,8.631,-4.831,-0.589
-0.32,1.345,8.631,-4.831,-0.589
-0.31,1.345,8.631,-4.831,-0.589
-0.3,1.345,8.631,-4.831,-0.589
-0.29,1.345,8.631,-4.831,-0.59
-0.28,1.345,8.631,-4.831,-0.59
-0.27,1.345,8.631,-4.831,-0.59
-0.26,1.344,8.631,-4.831,-0.59
-0.25,1.344,8.631,-4.831,-0.59
-0.24,1.344,8.631,-4.831,-0.589
-0.23,1.344,8.631,-4.831,-0.589
-0.22,1.344,8.631,-4.831,-0.589
-0.21,1.344,8.631,-4.831,-0.589
-0.2,1.344,8.631,-4.831,-0.589
-0.19,1.344,8.631,-4.831,-0.589
-0.18,1.344,8.631,-4.831,-0.589
-0.17,1.343,8.631,-4.831,-0.59
-0.16,1.343,8.631,-4.831,-0.59
-0.15,1.343,8.631,-4.831,-0.59
-0.14,1.342,8.631,-4.831,-0.589
-0.13,1.342,8.631,-4.831,-0.588
-0.12,1.343,8.632,-4.83,-0.587
-0.11,1.343,8.632,-4.83,-0.585
-0.1,1.344,8.632,-4.83,-0.584
-0.09,1.345,8.632,-4.83,-0.583
-0.08,1.343,8.632,-4.83,-0.582
-0.07,1.342,8.632,-4.83,-0.581
-0.06,1.343,8.632,-4.83,-0.581
-0.05,1.344,8.632,-4.829,-0.58
-0.04,1.342,8.633,-4.83,-0.581
-0.03,1.342,8.632,-4.83,-0.582
-0.02,1.341,8.633,-4.83,-0.581
-0.01,1.341,8.633,-4.829,-0.581
0,1.34,8.633,-4.829,-0.583
0.01,10,0,-0.004,-0.001
0.02,9.999,0,-0.009,-0.002
0.03,9.999,0,-0.016,-0.003
0.04,9.999,0,-0.032,-0.004
0.05,9.999,0.001,-0.056,-0.005
0.06,9.999,0.001,-0.081,-0.006
0.07,9.999,0,-0.106,-0.006
0.08,9.999,0,-0.133,-0.007
0.09,9.998,0,-0.155,-0.007
0.1,9.998,-0.004,-0.176,-0.008
0.11,9.997,-0.007,-0.203,-0.008
0.12,9.997,-0.01,-0.244,-0.009
0.13,9.995,-0.016,-0.291,-0.01
0.14,9.994,-0.019,-0.337,-0.012
0.15,9.993,-0.023,-0.372,-0.015
0.16,9.991,-0.026,-0.402,-0.018
0.17,9.99,-0.032,-0.427,-0.02
0.18,9.99,-0.031,-0.444,-0.021
0.19,9.989,-0.028,-0.459,-0.021
0.2,9.988,-0.024,-0.47,-0.02
0.21,9.988,-0.024,-0.473,-0.019
0.22,9.988,-0.026,-0.478,-0.018
0.23,9.988,-0.026,-0.468,-0.018
0.24,9.989,-0.026,-0.45,-0.02
0.25,9.989,-0.027,-0.45,-0.023
0.26,9.989,-0.028,-0.455,-0.027
0.27,9.989,-0.034,-0.451,-0.032
0.28,9.989,-0.036,-0.455,-0.035
0.29,9.989,-0.035,-0.459,-0.034
0.3,9.989,-0.034,-0.461,-0.031
0.31,9.989,-0.033,-0.446,-0.029
0.32,9.991,-0.032,-0.418,-0.026
0.33,9.993,-0.035,-0.366,-0.022
0.34,9.995,-0.036,-0.3,-0.018
0.35,9.997,-0.036,-0.216,-0.015
0.36,9.999,-0.038,-0.126,-0.011
0.37,9.999,-0.042,-0.033,-0.008
0.38,9.999,-0.047,0.061,-0.008
0.39,9.998,-0.053,0.165,-0.009
0.4,9.996,-0.056,0.269,-0.011
0.41,9.993,-0.062,0.367,-0.015
0.42,9.989,-0.065,0.444,-0.017
0.43,9.987,-0.066,0.504,-0.02
0.44,9.983,-0.069,0.563,-0.023
0.45,9.98,-0.071,0.622,-0.027
0.46,9.976,-0.073,0.68,-0.031
0.47,9.972,-0.075,0.737,-0.035
0.48,9.967,-0.078,0.795,-0.039
0.49,9.963,-0.08,0.853,-0.045
0.5,9.958,-0.083,0.91,-0.05
0.51,9.952,-0.085,0.967,-0.056
0.52,9.946,-0.088,1.024,-0.063
0.53,9.94,-0.09,1.081,-0.07
0.54,9.934,-0.093,1.139,-0.077
0.55,9.927,-0.095,1.196,-0.085
0.56,9.92,-0.098,1.253,-0.094
0.57,9.912,-0.101,1.31,-0.102
0.58,9.904,-0.104,1.367,-0.112
0.59,9.896,-0.106,1.423,-0.121
0.6,9.888,-0.109,1.478,-0.131
0.61,9.88,-0.111,1.533,-0.141
0.62,9.871,-0.113,1.587,-0.151
0.63,9.862,-0.115,1.641,-0.162
0.64,9.852,-0.117,1.695,-0.173
0.65,9.843,-0.119,1.748,-0.184
0.66,9.833,-0.121,1.8,-0.195
0.67,9.824,-0.122,1.851,-0.206
0.68,9.814,-0.124,1.902,-0.218
0.69,9.804,-0.126,1.952,-0.23
0.7,9.793,-0.127,2.001,-0.243
0.71,9.783,-0.128,2.05,-0.256
0.72,9.772,-0.129,2.099,-0.269
0.73,9.761,-0.13,2.148,-0.282
0.74,9.75,-0.13,2.197,-0.295
0.75,9.738,-0.13,2.246,-0.309
0.76,9.726,-0.13,2.296,-0.322
0.77,9.714,-0.13,2.345,-0.336
0.78,9.701,-0.129,2.394,-0.35
0.79,9.688,-0.128,2.444,-0.363
0.8,9.675,-0.127,2.494,-0.377
0.81,9.661,-0.125,2.545,-0.39
0.82,9.647,-0.123,2.596,-0.403
0.83,9.633,-0.121,2.647,-0.416
0.84,9.618,-0.119,2.699,-0.429
0.85,9.602,-0.116,2.752,-0.441
0.86,9.587,-0.112,2.805,-0.453
0.87,9.57,-0.109,2.858,-0.464
0.88,9.554,-0.105,2.912,-0.476
0.89,9.536,-0.102,2.966,-0.486
0.9,9.519,-0.097,3.021,-0.497
0.91,9.501,-0.093,3.075,-0.507
0.92,9.482,-0.089,3.131,-0.516
0.93,9.463,-0.084,3.186,-0.525
0.94,9.444,-0.08,3.242,-0.533
0.95,9.424,-0.075,3.298,-0.541
0.96,9.403,-0.07,3.355,-0.549
0.97,9.382,-0.065,3.413,-0.555
0.98,9.361,-0.059,3.471,-0.562
0.99,9.338,-0.053,3.529,-0.567
1,9.316,-0.048,3.588,-0.572
1.01,9.293,-0.042,3.647,-0.576
1.02,9.269,-0.036,3.706,-0.58
1.03,9.245,-0.031,3.765,-0.582
1.04,9.22,-0.026,3.825,-0.584
1.05,9.195,-0.021,3.886,-0.586
1.06,9.169,-0.017,3.946,-0.586
1.07,9.142,-0.013,4.007,-0.586
1.08,9.115,-0.009,4.069,-0.585
1.09,9.087,-0.006,4.131,-0.583
1.1,9.059,-0.002,4.193,-0.581
1.11,9.03,0,4.256,-0.578
1.12,9,0,4.32,-0.575
1.13,8.969,0.002,4.385,-0.571
1.14,8.936,0.003,4.451,-0.566
1.15,8.903,0.004,4.518,-0.561
1.16,8.869,0.004,4.585,-0.555
1.17,8.833,0.003,4.654,-0.549
1.18,8.796,0.002,4.724,-0.541
1.19,8.759,0.001,4.795,-0.533
1.2,8.72,0,4.866,-0.525
1.21,8.68,-0.001,4.938,-0.516
1.22,8.638,-0.004,5.011,-0.507
1.23,8.596,-0.005,5.084,-0.497
1.24,8.552,-0.008,5.159,-0.488
1.25,8.507,-0.011,5.233,-0.478
1.26,8.461,-0.014,5.309,-0.468
1.27,8.413,-0.018,5.384,-0.457
1.28,8.365,-0.02,5.46,-0.448
1.29,8.315,-0.024,5.537,-0.438
1.3,8.263,-0.028,5.615,-0.429
1.31,8.209,-0.032,5.693,-0.42
1.32,8.155,-0.035,5.771,-0.413
1.33,8.1,-0.038,5.849,-0.406
1.34,8.043,-0.041,5.928,-0.399
1.35,7.985,-0.044,6.005,-0.394
1.36,7.927,-0.046,6.082,-0.391
1.37,7.868,-0.047,6.159,-0.388
1.38,7.807,-0.05,6.236,-0.386
1.39,7.746,-0.051,6.312,-0.385
1.4,7.684,-0.051,6.387,-0.385
1.41,7.62,-0.051,6.463,-0.385
1.42,7.556,-0.05,6.538,-0.386
1.43,7.49,-0.049,6.613,-0.389
1.44,7.423,-0.047,6.688,-0.392
1.45,7.355,-0.044,6.762,-0.396
1.46,7.285,-0.042,6.837,-0.399
1.47,7.214,-0.038,6.913,-0.403
1.48,7.14,-0.033,6.988,-0.408
1.49,7.065,-0.028,7.064,-0.412
1.5,6.988,-0.021,7.14,-0.417
1.51,6.909,-0.015,7.216,-0.421
1.52,6.829,-0.006,7.291,-0.427
1.53,6.746,0.001,7.368,-0.431
1.54,6.662,0.012,7.444,-0.435
1.55,6.576,0.024,7.519,-0.44
1.56,6.49,0.036,7.594,-0.443
1.57,6.403,0.049,7.667,-0.446
1.58,6.316,0.062,7.739,-0.448
1.59,6.229,0.073,7.809,-0.448
1.6,6.143,0.086,7.877,-0.448
1.61,6.055,0.098,7.944,-0.447
1.62,5.968,0.109,8.01,-0.446
1.63,5.882,0.12,8.073,-0.444
1.64,5.796,0.13,8.135,-0.442
1.65,5.712,0.139,8.195,-0.439
1.66,5.628,0.146,8.252,-0.435
1.67,5.544,0.152,8.309,-0.43
1.68,5.459,0.157,8.365,-0.422
1.69,5.375,0.161,8.42,-0.415
1.7,5.29,0.165,8.474,-0.409
1.71,5.204,0.167,8.527,-0.402
1.72,5.117,0.169,8.58,-0.395
1.73,5.031,0.17,8.631,-0.39
1.74,4.944,0.17,8.681,-0.385
1.75,4.856,0.167,8.731,-0.38
1.76,4.767,0.164,8.781,-0.373
1.77,4.677,0.159,8.829,-0.368
1.78,4.589,0.156,8.875,-0.367
1.79,4.5,0.152,8.921,-0.366
1.8,4.41,0.148,8.965,-0.366
1.81,4.321,0.143,9.009,-0.366
1.82,4.229,0.138,9.053,-0.365
1.83,4.135,0.131,9.096,-0.363
1.84,4.038,0.126,9.14,-0.365
1.85,3.937,0.119,9.183,-0.365
1.86,3.834,0.113,9.227,-0.365
1.87,3.727,0.108,9.271,-0.367
1.88,3.618,0.103,9.314,-0.369
1.89,3.505,0.099,9.357,-0.372
1.9,3.388,0.096,9.4,-0.374
1.91,3.268,0.094,9.442,-0.374
1.92,3.143,0.091,9.485,-0.372
1.93,3.011,0.089,9.528,-0.369
1.94,2.876,0.089,9.569,-0.368
1.95,2.731,0.089,9.612,-0.365
1.96,2.58,0.091,9.653,-0.364
1.97,2.424,0.094,9.694,-0.362
1.98,2.261,0.097,9.733,-0.361
1.99,2.094,0.102,9.771,-0.358
2,1.922,0.108,9.806,-0.353
2.01,1.746,0.114,9.839,-0.349
2.02,1.564,0.121,9.87,-0.339
2.03,1.379,0.128,9.898,-0.328
2.04,1.19,0.135,9.922,-0.317
2.05,0.998,0.143,9.944,-0.305
2.06,0.805,0.15,9.962,-0.293
2.07,0.609,0.157,9.976,-0.28
2.08,0.407,0.165,9.986,-0.266
2.09,0.201,0.172,9.993,-0.251
2.1,-0.008,0.179,9.995,-0.236
2.11,-0.222,0.186,9.993,-0.218
2.12,-0.437,0.193,9.986,-0.202
2.13,-0.652,0.199,9.974,-0.188
2.14,-0.87,0.205,9.958,-0.173
2.15,-1.09,0.21,9.936,-0.155
2.16,-1.311,0.215,9.91,-0.142
2.17,-1.533,0.219,9.878,-0.126
2.18,-1.755,0.223,9.841,-0.107
2.19,-1.975,0.226,9.799,-0.09
2.2,-2.194,0.227,9.753,-0.079
2.21,-2.414,0.229,9.701,-0.062
2.22,-2.634,0.229,9.643,-0.05
2.23,-2.858,0.229,9.579,-0.034
2.24,-3.081,0.228,9.51,-0.021
2.25,-3.306,0.227,9.434,-0.008
2.26,-3.53,0.226,9.353,0
2.27,-3.751,0.225,9.266,0.004
2.28,-3.974,0.224,9.173,0.008
2.29,-4.195,0.226,9.074,0.011
2.3,-4.411,0.228,8.971,0.014
2.31,-4.626,0.234,8.862,0.021
2.32,-4.836,0.239,8.749,0.025
2.33,-5.046,0.247,8.629,0.034
2.34,-5.248,0.251,8.508,0.038
2.35,-5.448,0.256,8.38,0.043
2.36,-5.645,0.261,8.249,0.048
2.37,-5.839,0.265,8.113,0.056
2.38,-6.03,0.269,7.972,0.065
2.39,-6.223,0.273,7.822,0.076
2.4,-6.41,0.277,7.669,0.09
2.41,-6.592,0.278,7.512,0.102
2.42,-6.771,0.28,7.352,0.118
2.43,-6.945,0.279,7.187,0.134
2.44,-7.118,0.282,7.015,0.154
2.45,-7.286,0.279,6.84,0.171
2.46,-7.453,0.273,6.658,0.187
2.47,-7.615,0.268,6.472,0.204
2.48,-7.772,0.255,6.283,0.214
2.49,-7.927,0.247,6.085,0.228
2.5,-8.078,0.236,5.883,0.24
2.51,-8.227,0.232,5.673,0.256
2.52,-8.371,0.224,5.457,0.269
2.53,-8.512,0.218,5.235,0.281
2.54,-8.645,0.207,5.012,0.289
2.55,-8.773,0.2,4.785,0.298
2.56,-8.896,0.201,4.551,0.309
2.57,-9.014,0.205,4.311,0.321
2.58,-9.127,0.205,4.067,0.33
2.59,-9.232,0.199,3.822,0.336
2.6,-9.331,0.191,3.574,0.34
2.61,-9.423,0.185,3.324,0.344
2.62,-9.508,0.179,3.071,0.348
2.63,-9.588,0.178,2.81,0.353
2.64,-9.664,0.184,2.538,0.36
2.65,-9.731,0.189,2.262,0.367
2.66,-9.79,0.187,1.993,0.37
2.67,-9.84,0.187,1.726,0.373
2.68,-9.883,0.189,1.461,0.376
2.69,-9.919,0.196,1.192,0.38
2.7,-9.946,0.192,0.935,0.382
2.71,-9.967,0.2,0.671,0.385
2.72,-9.981,0.196,0.415,0.388
2.73,-9.989,0.19,0.166,0.389
2.74,-9.99,0.186,-0.084,0.392
2.75,-9.985,0.178,-0.327,0.394
2.76,-9.975,0.167,-0.56,0.395
2.77,-9.958,0.167,-0.798,0.396
2.78,-9.936,0.167,-1.036,0.398
2.79,-9.909,0.155,-1.272,0.401
2.8,-9.877,0.141,-1.5,0.404
2.81,-9.839,0.131,-1.73,0.406
2.82,-9.797,0.122,-1.958,0.408
2.83,-9.748,0.113,-2.189,0.41
2.84,-9.692,0.103,-2.424,0.412
2.85,-9.631,0.09,-2.655,0.415
2.86,-9.566,0.071,-2.881,0.418
2.87,-9.494,0.058,-3.108,0.42
2.88,-9.418,0.042,-3.334,0.422
2.89,-9.335,0.033,-3.558,0.421
2.9,-9.25,0.013,-3.774,0.424
2.91,-9.154,0.005,-4.002,0.423
2.92,-9.052,-0.007,-4.227,0.424
2.93,-8.943,-0.012,-4.454,0.421
2.94,-8.829,-0.014,-4.675,0.418
2.95,-8.705,-0.011,-4.903,0.414
2.96,-8.571,-0.008,-5.133,0.412
2.97,-8.426,-0.01,-5.368,0.414
2.98,-8.268,-0.012,-5.608,0.419
2.99,-8.097,-0.01,-5.851,0.42
3,-7.918,-0.007,-6.092,0.419
3.01,-7.745,-0.011,-6.31,0.423
3.02,-7.563,-0.012,-6.528,0.421
3.03,-7.391,-0.013,-6.722,0.416
3.04,-7.222,-0.022,-6.903,0.414
3.05,-7.055,-0.034,-7.074,0.414
3.06,-6.884,-0.041,-7.241,0.407
3.07,-6.714,-0.042,-7.4,0.394
3.08,-6.544,-0.041,-7.551,0.377
3.09,-6.377,-0.043,-7.694,0.364
3.1,-6.195,-0.033,-7.842,0.337
3.11,-6.015,-0.025,-7.982,0.314
3.12,-5.847,-0.024,-8.106,0.301
3.13,-5.688,-0.02,-8.219,0.285
3.14,-5.552,-0.014,-8.312,0.27
3.15,-5.452,-0.016,-8.378,0.266
3.16,-5.402,-0.005,-8.411,0.245
3.17,-5.354,0.001,-8.442,0.225
3.18,-5.297,-0.005,-8.478,0.221
3.19,-5.216,-0.017,-8.528,0.222
3.2,-5.096,-0.02,-8.601,0.203
3.21,-4.947,-0.034,-8.687,0.202
3.22,-4.793,-0.055,-8.773,0.208
3.23,-4.648,-0.083,-8.85,0.22
3.24,-4.508,-0.109,-8.922,0.228
3.25,-4.376,-0.131,-8.987,0.222
3.26,-4.257,-0.152,-9.044,0.214
3.27,-4.145,-0.174,-9.096,0.21
3.28,-4.045,-0.196,-9.14,0.212
3.29,-3.937,-0.216,-9.187,0.217
3.3,-3.826,-0.229,-9.233,0.212
3.31,-3.726,-0.241,-9.274,0.211
3.32,-3.634,-0.252,-9.31,0.215
3.33,-3.549,-0.255,-9.342,0.208
3.34,-3.47,-0.251,-9.373,0.191
3.35,-3.396,-0.246,-9.4,0.181
3.36,-3.329,-0.241,-9.424,0.178
3.37,-3.27,-0.234,-9.445,0.176
3.38,-3.232,-0.224,-9.458,0.174
3.39,-3.195,-0.212,-9.471,0.17
3.4,-3.165,-0.198,-9.482,0.159
3.41,-3.151,-0.188,-9.487,0.163
3.42,-3.132,-0.179,-9.493,0.164
3.43,-3.119,-0.171,-9.498,0.169
3.44,-3.108,-0.16,-9.501,0.16
3.45,-3.1,-0.152,-9.504,0.159
3.46,-3.098,-0.146,-9.505,0.154
3.47,-3.1,-0.145,-9.504,0.158
3.48,-3.113,-0.143,-9.5,0.154
3.49,-3.138,-0.146,-9.492,0.16
3.5,-3.164,-0.15,-9.483,0.155
3.51,-3.189,-0.151,-9.475,0.143
3.52,-3.218,-0.16,-9.465,0.152
3.53,-3.257,-0.171,-9.451,0.168
3.54,-3.291,-0.179,-9.439,0.175
3.55,-3.317,-0.18,-9.43,0.163
3.56,-3.351,-0.181,-9.418,0.158
3.57,-3.383,-0.18,-9.407,0.154
3.58,-3.41,-0.182,-9.397,0.162
3.59,-3.442,-0.188,-9.385,0.179
3.6,-3.467,-0.19,-9.375,0.189
3.61,-3.481,-0.185,-9.37,0.18
3.62,-3.504,-0.18,-9.362,0.174
3.63,-3.531,-0.178,-9.352,0.177
3.64,-3.554,-0.174,-9.343,0.177
3.65,-3.582,-0.177,-9.332,0.197
3.66,-3.607,-0.179,-9.322,0.215
3.67,-3.626,-0.181,-9.314,0.232
3.68,-3.652,-0.181,-9.303,0.245
3.69,-3.669,-0.174,-9.297,0.234
3.7,-3.694,-0.17,-9.288,0.233
3.71,-3.727,-0.168,-9.275,0.234
3.72,-3.756,-0.161,-9.263,0.22
3.73,-3.786,-0.164,-9.25,0.236
3.74,-3.808,-0.159,-9.242,0.23
3.75,-3.837,-0.156,-9.23,0.231
3.76,-3.861,-0.154,-9.22,0.229
3.77,-3.894,-0.151,-9.206,0.226
3.78,-3.938,-0.152,-9.187,0.23
3.79,-3.986,-0.156,-9.166,0.242
3.8,-4.03,-0.156,-9.147,0.243
3.81,-4.067,-0.155,-9.13,0.244
3.82,-4.103,-0.147,-9.114,0.23
3.83,-4.153,-0.145,-9.092,0.231
3.84,-4.195,-0.146,-9.072,0.238
3.85,-4.221,-0.138,-9.061,0.225
3.86,-4.265,-0.135,-9.04,0.225
3.87,-4.298,-0.133,-9.025,0.224
3.88,-4.332,-0.125,-9.009,0.208
3.89,-4.362,-0.121,-8.995,0.194
3.9,-4.4,-0.119,-8.977,0.183
3.91,-4.445,-0.122,-8.955,0.175
3.92,-4.478,-0.121,-8.939,0.153
3.93,-4.517,-0.123,-8.919,0.136
3.94,-4.562,-0.134,-8.896,0.135
3.95,-4.599,-0.138,-8.877,0.123
3.96,-4.627,-0.141,-8.862,0.11
3.97,-4.643,-0.137,-8.855,0.089
3.98,-4.652,-0.133,-8.85,0.072
3.99,-4.671,-0.14,-8.84,0.075
4,-4.682,-0.142,-8.834,0.071
4.01,-4.695,-0.147,-8.827,0.078
4.02,-4.7,-0.147,-8.824,0.08
4.03,-4.705,-0.146,-8.822,0.082
4.04,-4.707,-0.145,-8.82,0.087
4.05,-4.692,-0.144,-8.828,0.1
4.06,-4.674,-0.14,-8.838,0.111
4.07,-4.608,-0.127,-8.873,0.111
4.08,-4.482,-0.116,-8.937,0.13
4.09,-4.296,-0.102,-9.028,0.144
4.1,-4.074,-0.094,-9.13,0.17
4.11,-3.81,-0.084,-9.243,0.19
4.12,-3.498,-0.076,-9.365,0.213
4.13,-3.137,-0.072,-9.491,0.232
4.14,-2.748,-0.069,-9.611,0.248
4.15,-2.335,-0.071,-9.719,0.261
4.16,-1.928,-0.074,-9.808,0.26
4.17,-1.544,-0.082,-9.876,0.251
4.18,-1.179,-0.093,-9.927,0.232
4.19,-0.835,-0.106,-9.962,0.214
4.2,-0.508,-0.118,-9.984,0.186
4.21,-0.201,-0.131,-9.995,0.155
4.22,0.088,-0.143,-9.997,0.113
4.23,0.358,-0.153,-9.992,0.075
4.24,0.611,-0.163,-9.979,0.029
4.25,0.852,-0.17,-9.962,-0.018
4.26,1.063,-0.178,-9.941,-0.065
4.27,1.256,-0.185,-9.918,-0.124
4.28,1.415,-0.193,-9.895,-0.167
4.29,1.546,-0.2,-9.875,-0.198
4.3,1.639,-0.207,-9.86,-0.215
4.31,1.704,-0.216,-9.848,-0.227
4.32,1.742,-0.225,-9.841,-0.234
4.33,1.75,-0.232,-9.84,-0.213
4.34,1.758,-0.24,-9.838,-0.209
4.35,1.757,-0.239,-9.839,-0.17
4.36,1.757,-0.24,-9.84,-0.145
4.37,1.769,-0.243,-9.838,-0.138
4.38,1.77,-0.24,-9.838,-0.117
4.39,1.773,-0.234,-9.838,-0.088
4.4,1.76,-0.226,-9.841,-0.04
4.41,1.752,-0.218,-9.842,-0.016
4.42,1.74,-0.21,-9.845,0.008
4.43,1.722,-0.202,-9.848,0.029
4.44,1.716,-0.196,-9.849,0.039
4.45,1.707,-0.189,-9.851,0.048
4.46,1.703,-0.184,-9.852,0.05
4.47,1.694,-0.178,-9.853,0.058
4.48,1.688,-0.173,-9.854,0.061
4.49,1.692,-0.172,-9.854,0.051
4.5,1.692,-0.172,-9.854,0.036
4.51,1.691,-0.173,-9.854,0.023
4.52,1.688,-0.174,-9.854,0.018
4.53,1.683,-0.18,-9.855,-0.006
4.54,1.667,-0.186,-9.858,-0.021
4.55,1.649,-0.195,-9.861,-0.041
4.56,1.622,-0.206,-9.865,-0.064
4.57,1.588,-0.218,-9.87,-0.092
4.58,1.54,-0.229,-9.877,-0.11
4.59,1.485,-0.236,-9.885,-0.107
4.6,1.452,-0.245,-9.89,-0.128
4.61,1.408,-0.25,-9.896,-0.127
4.62,1.375,-0.25,-9.901,-0.114
4.63,1.349,-0.251,-9.904,-0.121
4.64,1.319,-0.248,-9.908,-0.109
4.65,1.309,-0.244,-9.91,-0.102
4.66,1.285,-0.239,-9.913,-0.08
4.67,1.251,-0.232,-9.918,-0.053
4.68,1.221,-0.227,-9.922,-0.037
4.69,1.184,-0.222,-9.927,-0.026
4.7,1.139,-0.218,-9.932,-0.01
4.71,1.091,-0.214,-9.937,0.001
4.72,1.036,-0.211,-9.943,0.011
4.73,0.982,-0.209,-9.949,0.014
4.74,0.931,-0.206,-9.954,0.019
4.75,0.881,-0.205,-9.958,0.014
4.76,0.841,-0.203,-9.962,0.017
4.77,0.801,-0.202,-9.965,0.011
4.78,0.757,-0.2,-9.969,0.01
4.79,0.717,-0.199,-9.972,0.016
4.8,0.679,-0.197,-9.974,0.021
4.81,0.648,-0.196,-9.976,0.028
4.82,0.619,-0.197,-9.978,0.02
4.83,0.582,-0.199,-9.981,0.011
4.84,0.544,-0.201,-9.983,0.006
4.85,0.514,-0.202,-9.984,0.003
4.86,0.479,-0.205,-9.986,0.007
4.87,0.441,-0.209,-9.988,0.004
4.88,0.396,-0.213,-9.989,0.005
4.89,0.343,-0.217,-9.991,0.016
4.9,0.302,-0.221,-9.992,0.004
4.91,0.272,-0.222,-9.993,0.002
4.92,0.24,-0.223,-9.994,0.006
4.93,0.214,-0.222,-9.995,0.013
4.94,0.194,-0.221,-9.995,0.015
4.95,0.182,-0.218,-9.995,0.015
4.96,0.177,-0.214,-9.996,0.014
4.97,0.166,-0.21,-9.996,0.026
4.98,0.153,-0.206,-9.996,0.036
4.99,0.15,-0.202,-9.996,0.032
5,0.147,-0.199,-9.996,0.021
5.01,0.146,-0.196,-9.996,0.013
5.02,0.14,-0.195,-9.997,0
5.03,0.137,-0.193,-9.997,-0.006
5.04,0.141,-0.191,-9.997,-0.007
5.05,0.146,-0.191,-9.997,-0.007
5.06,0.157,-0.191,-9.996,-0.008
5.07,0.171,-0.191,-9.996,0
5.08,0.193,-0.192,-9.996,-0.006
5.09,0.213,-0.195,-9.995,-0.02
5.1,0.224,-0.198,-9.995,-0.022
5.11,0.232,-0.204,-9.995,-0.022
5.12,0.24,-0.21,-9.994,-0.027
5.13,0.244,-0.215,-9.994,-0.029
5.14,0.245,-0.221,-9.994,-0.031
5.15,0.249,-0.225,-9.994,-0.04
5.16,0.26,-0.228,-9.993,-0.051
5.17,0.281,-0.228,-9.993,-0.059
5.18,0.304,-0.228,-9.992,-0.064
5.19,0.326,-0.226,-9.991,-0.066
5.2,0.355,-0.222,-9.99,-0.066
5.21,0.387,-0.217,-9.989,-0.065
5.22,0.433,-0.211,-9.988,-0.064
5.23,0.486,-0.204,-9.985,-0.063
5.24,0.541,-0.196,-9.983,-0.06
5.25,0.596,-0.189,-9.98,-0.058
5.26,0.655,-0.182,-9.976,-0.065
5.27,0.721,-0.176,-9.972,-0.071
5.28,0.794,-0.17,-9.966,-0.073
5.29,0.868,-0.166,-9.96,-0.077
5.3,0.936,-0.164,-9.954,-0.081
5.31,1.006,-0.166,-9.947,-0.098
5.32,1.068,-0.168,-9.94,-0.101
5.33,1.127,-0.172,-9.934,-0.105
5.34,1.184,-0.178,-9.927,-0.108
5.35,1.235,-0.184,-9.921,-0.105
5.36,1.29,-0.192,-9.913,-0.104
5.37,1.34,-0.202,-9.907,-0.111
5.38,1.385,-0.212,-9.9,-0.113
5.39,1.438,-0.223,-9.892,-0.127
5.4,1.485,-0.235,-9.885,-0.142
5.41,1.528,-0.245,-9.878,-0.15
5.42,1.565,-0.255,-9.872,-0.161
5.43,1.594,-0.26,-9.867,-0.155
5.44,1.623,-0.266,-9.862,-0.157
5.45,1.65,-0.268,-9.857,-0.152
5.46,1.672,-0.268,-9.854,-0.147
5.47,1.699,-0.267,-9.849,-0.15
5.48,1.725,-0.265,-9.845,-0.159
5.49,1.745,-0.26,-9.841,-0.151
5.5,1.769,-0.253,-9.837,-0.147
5.51,1.796,-0.243,-9.833,-0.14
5.52,1.832,-0.235,-9.826,-0.145
5.53,1.869,-0.225,-9.82,-0.148
5.54,1.906,-0.213,-9.813,-0.142
5.55,1.944,-0.2,-9.806,-0.136
5.56,1.982,-0.189,-9.798,-0.133
5.57,2.017,-0.177,-9.791,-0.129
5.58,2.049,-0.169,-9.785,-0.129
5.59,2.079,-0.159,-9.779,-0.122
5.6,2.117,-0.152,-9.771,-0.12
5.61,2.158,-0.147,-9.762,-0.117
5.62,2.194,-0.146,-9.754,-0.118
5.63,2.227,-0.146,-9.747,-0.114
5.64,2.26,-0.147,-9.739,-0.11
5.65,2.294,-0.154,-9.731,-0.116
5.66,2.327,-0.16,-9.723,-0.114
5.67,2.357,-0.166,-9.716,-0.109
5.68,2.392,-0.178,-9.707,-0.121
5.69,2.422,-0.187,-9.699,-0.12
5.7,2.451,-0.195,-9.692,-0.116
5.71,2.475,-0.205,-9.685,-0.12
5.72,2.497,-0.215,-9.679,-0.125
5.73,2.515,-0.224,-9.675,-0.13
5.74,2.531,-0.232,-9.67,-0.137
5.75,2.541,-0.236,-9.667,-0.131
5.76,2.551,-0.241,-9.665,-0.136
5.77,2.554,-0.246,-9.663,-0.146
5.78,2.554,-0.247,-9.663,-0.144
5.79,2.553,-0.247,-9.664,-0.147
5.8,2.542,-0.243,-9.667,-0.141
5.81,2.532,-0.242,-9.669,-0.147
5.82,2.519,-0.241,-9.673,-0.155
5.83,2.503,-0.235,-9.677,-0.149
5.84,2.485,-0.23,-9.682,-0.147
5.85,2.467,-0.226,-9.687,-0.151
5.86,2.445,-0.222,-9.692,-0.153
5.87,2.422,-0.218,-9.698,-0.153
5.88,2.397,-0.211,-9.704,-0.143
5.89,2.376,-0.205,-9.71,-0.137
5.9,2.352,-0.201,-9.716,-0.132
5.91,2.329,-0.196,-9.722,-0.124
5.92,2.304,-0.192,-9.728,-0.115
5.93,2.282,-0.19,-9.733,-0.111
5.94,2.258,-0.187,-9.739,-0.099
5.95,2.236,-0.187,-9.744,-0.096
5.96,2.216,-0.188,-9.749,-0.094
5.97,2.195,-0.19,-9.753,-0.09
5.98,2.173,-0.195,-9.758,-0.094
5.99,2.151,-0.199,-9.763,-0.093
6,2.132,-0.204,-9.767,-0.093
6.01,2.109,-0.209,-9.772,-0.093
6.02,2.088,-0.215,-9.776,-0.09
6.03,2.06,-0.22,-9.782,-0.085
6.04,2.029,-0.225,-9.788,-0.078
6.05,1.996,-0.228,-9.795,-0.065
6.06,1.967,-0.234,-9.801,-0.067
6.07,1.933,-0.239,-9.808,-0.065
6.08,1.895,-0.244,-9.815,-0.063
6.09,1.86,-0.248,-9.821,-0.066
6.1,1.823,-0.252,-9.828,-0.071
6.11,1.78,-0.254,-9.836,-0.07
6.12,1.736,-0.254,-9.844,-0.065
6.13,1.693,-0.254,-9.852,-0.063
6.14,1.648,-0.252,-9.859,-0.059
6.15,1.602,-0.248,-9.867,-0.052
6.16,1.56,-0.243,-9.874,-0.051
6.17,1.518,-0.239,-9.881,-0.053
6.18,1.474,-0.234,-9.887,-0.056
6.19,1.431,-0.228,-9.894,-0.055
6.2,1.385,-0.222,-9.9,-0.05
6.21,1.34,-0.217,-9.907,-0.052
6.22,1.297,-0.214,-9.913,-0.055
6.23,1.252,-0.211,-9.918,-0.052
6.24,1.207,-0.208,-9.924,-0.049
6.25,1.163,-0.207,-9.929,-0.054
6.26,1.12,-0.206,-9.934,-0.053
6.27,1.074,-0.206,-9.939,-0.047
6.28,1.029,-0.207,-9.944,-0.044
6.29,0.989,-0.21,-9.948,-0.048
6.3,0.949,-0.214,-9.952,-0.053
6.31,0.911,-0.219,-9.955,-0.056
6.32,0.871,-0.224,-9.959,-0.057
6.33,0.833,-0.231,-9.962,-0.059
6.34,0.796,-0.237,-9.965,-0.057
6.35,0.755,-0.243,-9.968,-0.052
6.36,0.718,-0.248,-9.97,-0.05
6.37,0.685,-0.255,-9.973,-0.056
6.38,0.648,-0.259,-9.975,-0.051
6.39,0.612,-0.263,-9.977,-0.05
6.4,0.584,-0.264,-9.979,-0.048
6.41,0.564,-0.262,-9.98,-0.043
6.42,0.549,-0.259,-9.981,-0.044
6.43,0.54,-0.253,-9.982,-0.042
6.44,0.537,-0.246,-9.982,-0.039
6.45,0.54,-0.237,-9.982,-0.039
6.46,0.545,-0.228,-9.982,-0.039
6.47,0.552,-0.218,-9.982,-0.04
6.48,0.568,-0.209,-9.981,-0.048
6.49,0.586,-0.2,-9.98,-0.05
6.5,0.611,-0.193,-9.979,-0.058
6.51,0.635,-0.187,-9.977,-0.063
6.52,0.663,-0.182,-9.976,-0.071
6.53,0.695,-0.179,-9.973,-0.079
6.54,0.728,-0.177,-9.971,-0.085
6.55,0.764,-0.177,-9.968,-0.096
6.56,0.8,-0.177,-9.965,-0.099
6.57,0.837,-0.179,-9.962,-0.103
6.58,0.881,-0.182,-9.958,-0.109
6.59,0.928,-0.187,-9.954,-0.115
6.6,0.977,-0.192,-9.949,-0.119
6.61,1.03,-0.197,-9.944,-0.122
6.62,1.087,-0.203,-9.937,-0.123
6.63,1.146,-0.209,-9.931,-0.121
6.64,1.208,-0.217,-9.923,-0.126
6.65,1.273,-0.224,-9.915,-0.129
6.66,1.342,-0.231,-9.905,-0.132
6.67,1.41,-0.238,-9.896,-0.135
6.68,1.484,-0.243,-9.885,-0.138
6.69,1.559,-0.247,-9.873,-0.139
6.7,1.637,-0.251,-9.86,-0.141
6.71,1.714,-0.253,-9.847,-0.144
6.72,1.795,-0.253,-9.833,-0.142
6.73,1.878,-0.251,-9.817,-0.142
6.74,1.965,-0.248,-9.8,-0.143
6.75,2.053,-0.246,-9.782,-0.149
6.76,2.142,-0.24,-9.763,-0.148
6.77,2.233,-0.233,-9.743,-0.148
6.78,2.326,-0.225,-9.721,-0.151
6.79,2.419,-0.216,-9.699,-0.149
6.8,2.512,-0.207,-9.675,-0.15
6.81,2.61,-0.2,-9.649,-0.16
6.82,2.708,-0.192,-9.622,-0.165
6.83,2.805,-0.186,-9.595,-0.174
6.84,2.899,-0.179,-9.566,-0.18
6.85,2.992,-0.174,-9.538,-0.185
6.86,3.086,-0.168,-9.508,-0.191
6.87,3.184,-0.165,-9.475,-0.2
6.88,3.282,-0.162,-9.441,-0.21
6.89,3.379,-0.16,-9.407,-0.218
6.9,3.476,-0.16,-9.372,-0.227
6.91,3.571,-0.16,-9.336,-0.235
6.92,3.666,-0.161,-9.299,-0.241
6.93,3.76,-0.163,-9.261,-0.25
6.94,3.855,-0.164,-9.221,-0.256
6.95,3.948,-0.167,-9.182,-0.261
6.96,4.043,-0.17,-9.14,-0.269
6.97,4.135,-0.174,-9.099,-0.274
6.98,4.225,-0.175,-9.057,-0.276
6.99,4.317,-0.177,-9.013,-0.278
7,4.409,-0.18,-8.969,-0.281
7.01,4.501,-0.181,-8.923,-0.283
7.02,4.594,-0.182,-8.875,-0.285
7.03,4.689,-0.183,-8.825,-0.289
7.04,4.782,-0.183,-8.775,-0.289
7.05,4.874,-0.182,-8.724,-0.29
7.06,4.969,-0.181,-8.67,-0.294
7.07,5.064,-0.177,-8.615,-0.294
7.08,5.159,-0.176,-8.558,-0.299
7.09,5.254,-0.173,-8.501,-0.303
7.1,5.35,-0.17,-8.441,-0.309
7.11,5.445,-0.166,-8.379,-0.315
7.12,5.542,-0.163,-8.315,-0.323
7.13,5.636,-0.156,-8.252,-0.327
7.14,5.729,-0.148,-8.187,-0.331
7.15,5.823,-0.144,-8.12,-0.34
7.16,5.917,-0.141,-8.052,-0.351
7.17,6.007,-0.131,-7.985,-0.353
7.18,6.097,-0.123,-7.917,-0.355
7.19,6.186,-0.115,-7.847,-0.359
7.2,6.274,-0.108,-7.777,-0.362
7.21,6.362,-0.103,-7.705,-0.367
7.22,6.45,-0.098,-7.631,-0.372
7.23,6.535,-0.092,-7.559,-0.373
7.24,6.62,-0.087,-7.484,-0.377
7.25,6.703,-0.084,-7.409,-0.38
7.26,6.785,-0.081,-7.334,-0.383
7.27,6.867,-0.078,-7.258,-0.386
7.28,6.948,-0.075,-7.18,-0.388
7.29,7.026,-0.069,-7.104,-0.387
7.3,7.106,-0.068,-7.024,-0.39
7.31,7.185,-0.068,-6.943,-0.393
7.32,7.265,-0.071,-6.859,-0.399
7.33,7.344,-0.073,-6.773,-0.403
7.34,7.423,-0.075,-6.686,-0.409
7.35,7.499,-0.071,-6.601,-0.409
7.36,7.577,-0.071,-6.512,-0.412
7.37,7.654,-0.069,-6.421,-0.414
7.38,7.73,-0.066,-6.329,-0.416
7.39,7.808,-0.063,-6.233,-0.417
7.4,7.883,-0.061,-6.137,-0.419
7.41,7.958,-0.059,-6.039,-0.422
7.42,8.031,-0.057,-5.942,-0.424
7.43,8.105,-0.053,-5.841,-0.426
7.44,8.178,-0.052,-5.738,-0.428
7.45,8.249,-0.046,-5.635,-0.427
7.46,8.32,-0.041,-5.53,-0.427
7.47,8.389,-0.041,-5.425,-0.43
7.48,8.457,-0.035,-5.319,-0.43
7.49,8.523,-0.027,-5.212,-0.427
7.5,8.587,-0.018,-5.107,-0.424
7.51,8.65,-0.008,-4.999,-0.42
7.52,8.712,-0.002,-4.891,-0.419
7.53,8.771,0.004,-4.783,-0.418
7.54,8.831,0.007,-4.672,-0.419
7.55,8.889,0.009,-4.56,-0.419
7.56,8.946,0.014,-4.448,-0.419
7.57,9,0.02,-4.336,-0.419
7.58,9.054,0.024,-4.223,-0.419
7.59,9.106,0.027,-4.109,-0.421
7.6,9.157,0.033,-3.995,-0.423
7.61,9.206,0.042,-3.88,-0.424
7.62,9.254,0.047,-3.764,-0.428
7.63,9.301,0.052,-3.645,-0.432
7.64,9.347,0.055,-3.525,-0.437
7.65,9.39,0.063,-3.408,-0.44
7.66,9.432,0.073,-3.291,-0.443
7.67,9.472,0.082,-3.172,-0.445
7.68,9.511,0.09,-3.052,-0.448
7.69,9.549,0.097,-2.932,-0.45
7.7,9.585,0.101,-2.81,-0.453
7.71,9.62,0.105,-2.689,-0.455
7.72,9.652,0.112,-2.57,-0.455
7.73,9.683,0.117,-2.449,-0.455
7.74,9.713,0.119,-2.329,-0.455
7.75,9.741,0.123,-2.208,-0.453
7.76,9.768,0.13,-2.089,-0.45
7.77,9.792,0.134,-1.97,-0.446
7.78,9.815,0.137,-1.853,-0.442
7.79,9.837,0.14,-1.734,-0.437
7.8,9.857,0.142,-1.616,-0.432
7.81,9.876,0.147,-1.497,-0.428
7.82,9.893,0.153,-1.381,-0.423
7.83,9.909,0.157,-1.262,-0.419
7.84,9.924,0.158,-1.143,-0.416
7.85,9.937,0.157,-1.023,-0.413
7.86,9.949,0.158,-0.905,-0.411
7.87,9.959,0.156,-0.785,-0.411
7.88,9.967,0.156,-0.667,-0.411
7.89,9.975,0.153,-0.545,-0.412
7.9,9.981,0.153,-0.425,-0.413
7.91,9.985,0.155,-0.305,-0.415
7.92,9.988,0.155,-0.186,-0.417
7.93,9.989,0.156,-0.067,-0.42
7.94,9.989,0.159,0.051,-0.422
7.95,9.988,0.161,0.17,-0.425
7.96,9.985,0.164,0.289,-0.427
7.97,9.98,0.167,0.41,-0.43
7.98,9.975,0.173,0.529,-0.432
7.99,9.967,0.177,0.647,-0.434
8,9.959,0.184,0.764,-0.436
8.01,9.949,0.191,0.883,-0.437
8.02,9.938,0.197,1,-0.438
8.03,9.925,0.202,1.118,-0.438
8.04,9.911,0.208,1.237,-0.436
8.05,9.896,0.217,1.351,-0.435
8.06,9.879,0.223,1.467,-0.432
8.07,9.861,0.228,1.583,-0.429
8.08,9.843,0.238,1.696,-0.426
8.09,9.822,0.246,1.808,-0.422
8.1,9.801,0.254,1.919,-0.417
8.11,9.779,0.261,2.028,-0.411
8.12,9.756,0.264,2.141,-0.405
8.13,9.731,0.266,2.252,-0.398
8.14,9.705,0.271,2.361,-0.392
8.15,9.678,0.273,2.472,-0.385
8.16,9.649,0.276,2.58,-0.38
8.17,9.62,0.281,2.688,-0.375
8.18,9.589,0.282,2.797,-0.37
8.19,9.557,0.285,2.906,-0.365
8.2,9.523,0.288,3.015,-0.361
8.21,9.488,0.289,3.125,-0.356
8.22,9.451,0.29,3.233,-0.352
8.23,9.414,0.29,3.342,-0.348
8.24,9.374,0.292,3.45,-0.346
8.25,9.333,0.292,3.56,-0.342
8.26,9.292,0.291,3.668,-0.338
8.27,9.249,0.294,3.774,-0.337
8.28,9.204,0.298,3.881,-0.335
8.29,9.158,0.299,3.99,-0.331
8.3,9.111,0.3,4.095,-0.328
8.31,9.063,0.299,4.202,-0.324
8.32,9.013,0.299,4.307,-0.321
8.33,8.963,0.299,4.412,-0.317
8.34,8.911,0.301,4.515,-0.315
8.35,8.858,0.304,4.618,-0.312
8.36,8.803,0.305,4.723,-0.308
8.37,8.748,0.31,4.824,-0.306
8.38,8.692,0.316,4.923,-0.305
8.39,8.635,0.318,5.023,-0.301
8.4,8.577,0.323,5.121,-0.298
8.41,8.517,0.328,5.22,-0.296
8.42,8.456,0.331,5.319,-0.291
8.43,8.394,0.333,5.417,-0.286
8.44,8.331,0.336,5.513,-0.281
8.45,8.267,0.339,5.609,-0.276
8.46,8.202,0.34,5.703,-0.269
8.47,8.137,0.343,5.796,-0.263
8.48,8.069,0.344,5.889,-0.256
8.49,8.002,0.346,5.981,-0.249
8.5,7.932,0.347,6.074,-0.242
8.51,7.862,0.349,6.164,-0.235
8.52,7.791,0.353,6.253,-0.231
8.53,7.718,0.354,6.343,-0.224
8.54,7.646,0.356,6.431,-0.217
8.55,7.572,0.356,6.517,-0.21
8.56,7.497,0.356,6.604,-0.203
8.57,7.42,0.355,6.69,-0.196
8.58,7.343,0.353,6.776,-0.189
8.59,7.263,0.351,6.861,-0.181
8.6,7.183,0.35,6.945,-0.175
8.61,7.102,0.35,7.029,-0.171
8.62,7.019,0.347,7.112,-0.165
8.63,6.934,0.344,7.195,-0.159
8.64,6.848,0.34,7.276,-0.154
8.65,6.762,0.337,7.357,-0.151
8.66,6.674,0.332,7.437,-0.146
8.67,6.586,0.328,7.515,-0.142
8.68,6.497,0.325,7.593,-0.139
8.69,6.407,0.32,7.669,-0.134
8.7,6.316,0.317,7.745,-0.132
8.71,6.224,0.314,7.819,-0.129
8.72,6.132,0.312,7.891,-0.126
8.73,6.038,0.31,7.963,-0.123
8.74,5.944,0.309,8.034,-0.12
8.75,5.847,0.307,8.105,-0.116
8.76,5.75,0.306,8.174,-0.112
8.77,5.652,0.306,8.242,-0.109
8.78,5.554,0.306,8.308,-0.106
8.79,5.456,0.307,8.373,-0.103
8.8,5.356,0.311,8.438,-0.102
8.81,5.254,0.313,8.501,-0.1
8.82,5.153,0.316,8.563,-0.098
8.83,5.049,0.318,8.624,-0.093
8.84,4.945,0.32,8.685,-0.087
8.85,4.841,0.323,8.743,-0.082
8.86,4.736,0.326,8.8,-0.076
8.87,4.632,0.33,8.856,-0.069
8.88,4.526,0.334,8.91,-0.063
8.89,4.422,0.338,8.962,-0.057
8.9,4.317,0.342,9.013,-0.051
8.91,4.211,0.347,9.062,-0.045
8.92,4.107,0.352,9.11,-0.038
8.93,4,0.356,9.157,-0.031
8.94,3.893,0.36,9.203,-0.023
8.95,3.786,0.362,9.248,-0.015
8.96,3.677,0.364,9.291,-0.007
8.97,3.568,0.366,9.334,0
8.98,3.458,0.367,9.375,0.007
8.99,3.347,0.367,9.416,0.015
9,3.235,0.366,9.454,0.025
9.01,3.123,0.365,9.492,0.035
9.02,3.009,0.362,9.529,0.045
9.03,2.896,0.359,9.564,0.055
9.04,2.783,0.356,9.597,0.065
9.05,2.668,0.351,9.63,0.074
9.06,2.553,0.347,9.661,0.082
9.07,2.438,0.342,9.691,0.091
9.08,2.323,0.336,9.719,0.1
9.09,2.207,0.331,9.747,0.108
9.1,2.091,0.325,9.772,0.113
9.11,1.976,0.32,9.796,0.118
9.12,1.859,0.315,9.819,0.121
9.13,1.741,0.31,9.841,0.125
9.14,1.624,0.306,9.861,0.129
9.15,1.507,0.302,9.88,0.131
9.16,1.388,0.298,9.897,0.135
9.17,1.269,0.294,9.913,0.14
9.18,1.152,0.29,9.928,0.143
9.19,1.035,0.287,9.94,0.147
9.2,0.919,0.284,9.952,0.146
9.21,0.802,0.28,9.962,0.147
9.22,0.685,0.277,9.971,0.147
9.23,0.571,0.274,9.978,0.147
9.24,0.454,0.272,9.984,0.148
9.25,0.338,0.27,9.989,0.152
9.26,0.221,0.268,9.992,0.156
9.27,0.103,0.267,9.994,0.16
9.28,-0.013,0.266,9.995,0.165
9.29,-0.129,0.264,9.994,0.169
9.3,-0.245,0.263,9.992,0.172
9.31,-0.361,0.261,9.988,0.175
9.32,-0.477,0.26,9.983,0.18
9.33,-0.593,0.259,9.977,0.187
9.34,-0.708,0.257,9.969,0.194
9.35,-0.822,0.256,9.96,0.201
9.36,-0.935,0.255,9.95,0.208
9.37,-1.049,0.253,9.939,0.216
9.38,-1.161,0.252,9.926,0.222
9.39,-1.274,0.25,9.912,0.229
9.4,-1.389,0.248,9.896,0.238
9.41,-1.502,0.247,9.88,0.246
9.42,-1.614,0.245,9.862,0.253
9.43,-1.726,0.242,9.843,0.26
9.44,-1.838,0.239,9.823,0.268
9.45,-1.949,0.236,9.801,0.276
9.46,-2.061,0.232,9.778,0.284
9.47,-2.172,0.229,9.754,0.292
9.48,-2.283,0.225,9.728,0.299
9.49,-2.394,0.221,9.701,0.306
9.5,-2.504,0.216,9.673,0.312
9.51,-2.615,0.212,9.644,0.319
9.52,-2.724,0.207,9.613,0.324
9.53,-2.834,0.202,9.582,0.328
9.54,-2.944,0.198,9.548,0.334
9.55,-3.054,0.194,9.513,0.34
9.56,-3.164,0.19,9.478,0.343
9.57,-3.272,0.184,9.441,0.344
9.58,-3.38,0.179,9.403,0.345
9.59,-3.49,0.174,9.363,0.347
9.6,-3.598,0.17,9.322,0.348
9.61,-3.704,0.165,9.28,0.348
9.62,-3.811,0.161,9.237,0.348
9.63,-3.916,0.158,9.192,0.349
9.64,-4.021,0.156,9.147,0.351
9.65,-4.124,0.153,9.101,0.353
9.66,-4.227,0.151,9.054,0.355
9.67,-4.329,0.149,9.005,0.356
9.68,-4.432,0.147,8.955,0.359
9.69,-4.534,0.146,8.904,0.363
9.7,-4.635,0.144,8.851,0.366
9.71,-4.736,0.142,8.797,0.37
9.72,-4.838,0.141,8.742,0.376
9.73,-4.937,0.138,8.686,0.381
9.74,-5.036,0.136,8.629,0.387
9.75,-5.135,0.134,8.57,0.394
9.76,-5.233,0.133,8.51,0.403
9.77,-5.33,0.131,8.449,0.412
9.78,-5.427,0.128,8.387,0.42
9.79,-5.522,0.123,8.325,0.428
9.8,-5.615,0.118,8.262,0.435
9.81,-5.708,0.113,8.198,0.443
9.82,-5.799,0.108,8.133,0.45
9.83,-5.89,0.103,8.067,0.459
9.84,-5.981,0.098,7.999,0.469
9.85,-6.071,0.093,7.931,0.477
9.86,-6.16,0.087,7.861,0.486
9.87,-6.248,0.081,7.791,0.495
9.88,-6.336,0.073,7.719,0.5
9.89,-6.422,0.066,7.647,0.507
9.9,-6.508,0.058,7.574,0.512
9.91,-6.594,0.051,7.499,0.517
9.92,-6.68,0.043,7.423,0.521
9.93,-6.764,0.035,7.346,0.524
9.94,-6.847,0.026,7.269,0.525
9.95,-6.93,0.018,7.189,0.525
9.96,-7.012,0.012,7.109,0.526
9.97,-7.091,0.005,7.03,0.525
9.98,-7.169,0,6.951,0.524
9.99,-7.246,-0.006,6.871,0.522
10,-7.322,-0.011,6.79,0.521
10.01,-7.397,-0.016,6.708,0.519
10.02,-7.471,-0.02,6.625,0.516
10.03,-7.545,-0.025,6.542,0.514
10.04,-7.616,-0.029,6.459,0.512
10.05,-7.687,-0.033,6.375,0.51
10.06,-7.756,-0.036,6.291,0.508
10.07,-7.824,-0.039,6.206,0.507
10.08,-7.89,-0.042,6.122,0.506
10.09,-7.955,-0.045,6.037,0.504
10.1,-8.019,-0.048,5.952,0.503
10.11,-8.081,-0.05,5.868,0.502
10.12,-8.141,-0.053,5.784,0.501
10.13,-8.2,-0.056,5.7,0.501
10.14,-8.259,-0.058,5.615,0.501
10.15,-8.316,-0.059,5.53,0.501
10.16,-8.371,-0.061,5.446,0.502
10.17,-8.426,-0.062,5.361,0.504
10.18,-8.48,-0.065,5.275,0.506
10.19,-8.533,-0.068,5.187,0.508
10.2,-8.586,-0.072,5.099,0.511
10.21,-8.638,-0.077,5.01,0.514
10.22,-8.689,-0.081,4.92,0.517
10.23,-8.74,-0.086,4.829,0.521
10.24,-8.79,-0.09,4.738,0.524
10.25,-8.838,-0.096,4.646,0.528
10.26,-8.886,-0.101,4.553,0.531
10.27,-8.934,-0.106,4.458,0.535
10.28,-8.98,-0.111,4.364,0.539
10.29,-9.025,-0.117,4.268,0.543
10.3,-9.07,-0.123,4.173,0.547
10.31,-9.113,-0.13,4.077,0.55
10.32,-9.155,-0.137,3.981,0.553
10.33,-9.197,-0.144,3.882,0.557
10.34,-9.237,-0.15,3.785,0.56
10.35,-9.276,-0.157,3.687,0.562
10.36,-9.315,-0.164,3.588,0.565
10.37,-9.352,-0.171,3.489,0.567
10.38,-9.388,-0.178,3.389,0.568
10.39,-9.424,-0.184,3.289,0.57
10.4,-9.458,-0.192,3.188,0.571
10.41,-9.491,-0.201,3.088,0.572
10.42,-9.523,-0.208,2.987,0.572
10.43,-9.554,-0.215,2.885,0.573
10.44,-9.584,-0.222,2.784,0.573
10.45,-9.613,-0.23,2.682,0.572
10.46,-9.641,-0.237,2.578,0.572
10.47,-9.668,-0.245,2.474,0.571
10.48,-9.694,-0.252,2.37,0.57
10.49,-9.719,-0.26,2.267,0.568
10.5,-9.743,-0.267,2.162,0.566
10.51,-9.765,-0.274,2.057,0.564
10.52,-9.787,-0.281,1.954,0.561
10.53,-9.807,-0.288,1.849,0.559
10.54,-9.826,-0.293,1.745,0.556
10.55,-9.844,-0.3,1.64,0.552
10.56,-9.861,-0.305,1.535,0.549
10.57,-9.877,-0.31,1.429,0.545
10.58,-9.892,-0.315,1.324,0.542
10.59,-9.905,-0.318,1.218,0.538
10.6,-9.918,-0.321,1.112,0.534
10.61,-9.929,-0.325,1.005,0.531
10.62,-9.94,-0.328,0.899,0.527
10.63,-9.949,-0.331,0.793,0.523
10.64,-9.957,-0.334,0.687,0.52
10.65,-9.964,-0.336,0.58,0.517
10.66,-9.969,-0.336,0.472,0.514
10.67,-9.974,-0.337,0.364,0.511
10.68,-9.977,-0.339,0.258,0.509
10.69,-9.98,-0.34,0.15,0.506
10.7,-9.981,-0.342,0.043,0.504
10.71,-9.981,-0.344,-0.063,0.502
10.72,-9.98,-0.345,-0.171,0.5
10.73,-9.977,-0.346,-0.279,0.499
10.74,-9.974,-0.347,-0.386,0.497
10.75,-9.969,-0.349,-0.493,0.496
10.76,-9.963,-0.351,-0.599,0.495
10.77,-9.956,-0.352,-0.707,0.494
10.78,-9.948,-0.354,-0.814,0.493
10.79,-9.938,-0.356,-0.921,0.492
10.8,-9.928,-0.359,-1.025,0.492
10.81,-9.917,-0.361,-1.129,0.491
10.82,-9.904,-0.363,-1.233,0.49
10.83,-9.891,-0.364,-1.335,0.488
10.84,-9.877,-0.367,-1.437,0.487
10.85,-9.861,-0.37,-1.539,0.485
10.86,-9.845,-0.372,-1.64,0.483
10.87,-9.828,-0.375,-1.739,0.481
10.88,-9.81,-0.378,-1.837,0.478
10.89,-9.792,-0.383,-1.934,0.476
10.9,-9.772,-0.387,-2.031,0.473
10.91,-9.751,-0.39,-2.127,0.47
10.92,-9.73,-0.393,-2.223,0.467
10.93,-9.708,-0.396,-2.318,0.463
10.94,-9.685,-0.399,-2.412,0.459
10.95,-9.661,-0.403,-2.505,0.455
10.96,-9.637,-0.407,-2.598,0.451
10.97,-9.612,-0.41,-2.69,0.447
10.98,-9.585,-0.413,-2.782,0.442
10.99,-9.559,-0.416,-2.873,0.437
11,-9.531,-0.419,-2.963,0.432
11.01,-9.503,-0.423,-3.052,0.427
11.02,-9.474,-0.426,-3.141,0.422
11.03,-9.445,-0.43,-3.229,0.417
11.04,-9.414,-0.434,-3.316,0.412
11.05,-9.383,-0.437,-3.403,0.407
11.06,-9.352,-0.441,-3.489,0.402
11.07,-9.32,-0.444,-3.573,0.396
11.08,-9.288,-0.448,-3.657,0.391
11.09,-9.254,-0.451,-3.74,0.386
11.1,-9.221,-0.454,-3.822,0.38
11.11,-9.187,-0.458,-3.904,0.375
11.12,-9.152,-0.461,-3.985,0.37
11.13,-9.116,-0.464,-4.067,0.364
11.14,-9.08,-0.468,-4.146,0.359
11.15,-9.044,-0.471,-4.225,0.353
11.16,-9.007,-0.475,-4.302,0.349
11.17,-8.969,-0.479,-4.38,0.344
11.18,-8.931,-0.483,-4.457,0.34
11.19,-8.893,-0.488,-4.533,0.336
11.2,-8.855,-0.491,-4.608,0.331
11.21,-8.815,-0.494,-4.683,0.326
11.22,-8.775,-0.499,-4.757,0.322
11.23,-8.735,-0.502,-4.83,0.318
11.24,-8.694,-0.505,-4.904,0.314
11.25,-8.653,-0.508,-4.976,0.31
11.26,-8.611,-0.511,-5.047,0.307
11.27,-8.569,-0.514,-5.119,0.304
11.28,-8.526,-0.516,-5.189,0.3
11.29,-8.483,-0.519,-5.259,0.297
11.3,-8.44,-0.522,-5.328,0.294
11.31,-8.396,-0.525,-5.397,0.291
11.32,-8.352,-0.527,-5.466,0.288
11.33,-8.307,-0.528,-5.534,0.284
11.34,-8.262,-0.53,-5.601,0.282
11.35,-8.216,-0.531,-5.667,0.279
11.36,-8.171,-0.533,-5.733,0.277
11.37,-8.124,-0.533,-5.799,0.274
11.38,-8.077,-0.533,-5.864,0.271
11.39,-8.03,-0.533,-5.928,0.268
11.4,-7.983,-0.534,-5.992,0.266
11.41,-7.935,-0.535,-6.055,0.264
11.42,-7.887,-0.535,-6.117,0.262
11.43,-7.839,-0.534,-6.18,0.26
11.44,-7.79,-0.534,-6.241,0.257
11.45,-7.742,-0.534,-6.301,0.255
11.46,-7.693,-0.532,-6.361,0.251
11.47,-7.644,-0.531,-6.42,0.248
11.48,-7.594,-0.531,-6.479,0.245
11.49,-7.544,-0.53,-6.537,0.241
11.5,-7.494,-0.529,-6.595,0.237
11.51,-7.444,-0.528,-6.652,0.233
11.52,-7.393,-0.527,-6.708,0.23
11.53,-7.343,-0.527,-6.763,0.226
11.54,-7.292,-0.527,-6.818,0.222
11.55,-7.241,-0.526,-6.873,0.217
11.56,-7.189,-0.526,-6.926,0.213
11.57,-7.138,-0.526,-6.98,0.208
11.58,-7.086,-0.526,-7.032,0.204
11.59,-7.034,-0.526,-7.084,0.198
11.6,-6.982,-0.527,-7.136,0.194
11.61,-6.93,-0.527,-7.187,0.188
11.62,-6.877,-0.528,-7.237,0.183
11.63,-6.823,-0.528,-7.288,0.177
11.64,-6.77,-0.528,-7.338,0.17
11.65,-6.716,-0.53,-7.387,0.165
11.66,-6.662,-0.531,-7.436,0.159
11.67,-6.607,-0.532,-7.485,0.152
11.68,-6.553,-0.534,-7.533,0.146
11.69,-6.498,-0.535,-7.58,0.139
11.7,-6.443,-0.537,-7.627,0.133
11.71,-6.388,-0.539,-7.673,0.127
11.72,-6.333,-0.54,-7.719,0.121
11.73,-6.277,-0.542,-7.763,0.115
11.74,-6.222,-0.545,-7.808,0.11
11.75,-6.166,-0.547,-7.852,0.104
11.76,-6.11,-0.55,-7.896,0.099
11.77,-6.054,-0.553,-7.939,0.093
11.78,-5.997,-0.555,-7.981,0.088
11.79,-5.941,-0.558,-8.023,0.082
11.8,-5.884,-0.56,-8.065,0.077
11.81,-5.827,-0.562,-8.106,0.072
11.82,-5.77,-0.565,-8.147,0.067
11.83,-5.714,-0.567,-8.186,0.062
11.84,-5.657,-0.569,-8.225,0.057
11.85,-5.601,-0.57,-8.264,0.052
11.86,-5.544,-0.572,-8.302,0.047
11.87,-5.488,-0.574,-8.339,0.043
11.88,-5.431,-0.576,-8.376,0.04
11.89,-5.375,-0.578,-8.412,0.037
11.9,-5.319,-0.58,-8.448,0.033
11.91,-5.261,-0.582,-8.483,0.03
11.92,-5.204,-0.583,-8.518,0.026
11.93,-5.147,-0.585,-8.553,0.023
11.94,-5.091,-0.586,-8.586,0.021
11.95,-5.034,-0.588,-8.62,0.018
11.96,-4.977,-0.59,-8.652,0.016
11.97,-4.921,-0.591,-8.685,0.014
11.98,-4.865,-0.593,-8.716,0.013
11.99,-4.808,-0.594,-8.747,0.012
12,-4.751,-0.595,-8.778,0.01
12.01,-4.695,-0.597,-8.809,0.009
12.02,-4.638,-0.597,-8.839,0.008
12.03,-4.581,-0.598,-8.868,0.007
12.04,-4.524,-0.598,-8.897,0.006
12.05,-4.466,-0.599,-8.926,0.006
12.06,-4.409,-0.599,-8.955,0.005
12.07,-4.351,-0.598,-8.983,0.003
12.08,-4.294,-0.598,-9.01,0.002
12.09,-4.237,-0.598,-9.038,0
12.1,-4.179,-0.597,-9.064,-0.001
12.11,-4.122,-0.596,-9.091,-0.003
12.12,-4.064,-0.596,-9.117,-0.005
12.13,-4.006,-0.595,-9.142,-0.007
12.14,-3.948,-0.594,-9.168,-0.01
12.15,-3.89,-0.593,-9.192,-0.012
12.16,-3.832,-0.592,-9.217,-0.015
12.17,-3.774,-0.591,-9.241,-0.017
12.18,-3.716,-0.59,-9.264,-0.02
12.19,-3.658,-0.588,-9.288,-0.024
12.2,-3.599,-0.587,-9.311,-0.028
12.21,-3.54,-0.585,-9.333,-0.032
12.22,-3.482,-0.584,-9.355,-0.037
12.23,-3.424,-0.582,-9.377,-0.042
12.24,-3.365,-0.581,-9.398,-0.047
12.25,-3.306,-0.579,-9.419,-0.052
12.26,-3.247,-0.577,-9.439,-0.057
12.27,-3.188,-0.575,-9.46,-0.064
12.28,-3.13,-0.574,-9.479,-0.069
12.29,-3.072,-0.572,-9.498,-0.076
12.3,-3.013,-0.57,-9.517,-0.082
12.31,-2.955,-0.569,-9.535,-0.088
12.32,-2.897,-0.567,-9.553,-0.095
12.33,-2.838,-0.565,-9.571,-0.102
12.34,-2.779,-0.563,-9.588,-0.11
12.35,-2.72,-0.561,-9.605,-0.117
12.36,-2.661,-0.559,-9.622,-0.124
12.37,-2.603,-0.558,-9.638,-0.131
12.38,-2.543,-0.557,-9.653,-0.138
12.39,-2.484,-0.555,-9.669,-0.144
12.4,-2.425,-0.554,-9.684,-0.15
12.41,-2.365,-0.553,-9.699,-0.156
12.42,-2.306,-0.552,-9.713,-0.162
12.43,-2.246,-0.551,-9.727,-0.167
12.44,-2.186,-0.55,-9.74,-0.173
12.45,-2.126,-0.549,-9.754,-0.178
12.46,-2.066,-0.549,-9.767,-0.183
12.47,-2.006,-0.548,-9.779,-0.188
12.48,-1.945,-0.548,-9.791,-0.193
12.49,-1.884,-0.547,-9.803,-0.198
12.5,-1.823,-0.547,-9.815,-0.204
12.51,-1.762,-0.547,-9.826,-0.208
12.52,-1.7,-0.547,-9.836,-0.213
12.53,-1.638,-0.546,-9.847,-0.218
12.54,-1.577,-0.546,-9.857,-0.223
12.55,-1.515,-0.546,-9.866,-0.227
12.56,-1.454,-0.546,-9.875,-0.232
12.57,-1.393,-0.545,-9.884,-0.236
12.58,-1.331,-0.545,-9.892,-0.24
12.59,-1.27,-0.545,-9.9,-0.243
12.6,-1.209,-0.544,-9.908,-0.247
12.61,-1.148,-0.544,-9.915,-0.251
12.62,-1.087,-0.543,-9.922,-0.255
12.63,-1.026,-0.543,-9.929,-0.257
12.64,-0.965,-0.542,-9.935,-0.259
12.65,-0.904,-0.541,-9.94,-0.262
12.66,-0.844,-0.54,-9.946,-0.265
12.67,-0.783,-0.538,-9.951,-0.268
12.68,-0.722,-0.537,-9.955,-0.27
12.69,-0.661,-0.535,-9.959,-0.274
12.7,-0.6,-0.533,-9.963,-0.277
12.71,-0.539,-0.531,-9.967,-0.279
12.72,-0.478,-0.529,-9.97,-0.282
12.73,-0.416,-0.526,-9.973,-0.286
12.74,-0.355,-0.523,-9.975,-0.289
12.75,-0.294,-0.52,-9.977,-0.292
12.76,-0.233,-0.517,-9.979,-0.295
12.77,-0.172,-0.513,-9.98,-0.298
12.78,-0.111,-0.51,-9.981,-0.301
12.79,-0.05,-0.506,-9.982,-0.305
12.8,0.01,-0.502,-9.982,-0.309
12.81,0.071,-0.498,-9.982,-0.312
12.82,0.132,-0.494,-9.981,-0.316
12.83,0.193,-0.49,-9.981,-0.319
12.84,0.254,-0.485,-9.979,-0.323
12.85,0.315,-0.481,-9.978,-0.327
12.86,0.375,-0.476,-9.976,-0.332
12.87,0.436,-0.472,-9.973,-0.336
12.88,0.497,-0.467,-9.97,-0.34
12.89,0.557,-0.463,-9.967,-0.345
12.9,0.617,-0.458,-9.964,-0.35
12.91,0.677,-0.454,-9.96,-0.355
12.92,0.737,-0.45,-9.956,-0.359
12.93,0.797,-0.446,-9.951,-0.364
12.94,0.856,-0.442,-9.946,-0.369
12.95,0.915,-0.437,-9.941,-0.374
12.96,0.975,-0.434,-9.935,-0.38
12.97,1.034,-0.43,-9.929,-0.386
12.98,1.093,-0.426,-9.923,-0.392
12.99,1.152,-0.422,-9.916,-0.397
13,1.211,-0.418,-9.909,-0.402
13.01,1.27,-0.415,-9.901,-0.408
13.02,1.328,-0.411,-9.894,-0.413
13.03,1.387,-0.408,-9.885,-0.418
13.04,1.446,-0.405,-9.877,-0.424
13.05,1.505,-0.402,-9.868,-0.429
13.06,1.564,-0.399,-9.859,-0.435
13.07,1.622,-0.397,-9.849,-0.44
13.08,1.68,-0.395,-9.839,-0.446
13.09,1.739,-0.393,-9.829,-0.451
13.1,1.797,-0.391,-9.818,-0.457
13.11,1.856,-0.389,-9.807,-0.462
13.12,1.914,-0.387,-9.796,-0.468
13.13,1.972,-0.386,-9.784,-0.473
13.14,2.029,-0.385,-9.772,-0.479
13.15,2.087,-0.383,-9.76,-0.484
13.16,2.145,-0.382,-9.747,-0.489
13.17,2.203,-0.381,-9.734,-0.494
13.18,2.26,-0.38,-9.72,-0.499
13.19,2.318,-0.379,-9.706,-0.504
13.2,2.377,-0.379,-9.692,-0.51
13.21,2.435,-0.378,-9.677,-0.515
13.22,2.492,-0.377,-9.662,-0.52
13.23,2.55,-0.377,-9.647,-0.526
13.24,2.608,-0.376,-9.631,-0.531
13.25,2.666,-0.376,-9.615,-0.537
13.26,2.723,-0.375,-9.599,-0.542
13.27,2.781,-0.375,-9.582,-0.547
13.28,2.837,-0.374,-9.565,-0.551
13.29,2.894,-0.374,-9.548,-0.557
13.3,2.95,-0.373,-9.53,-0.562
13.31,3.007,-0.373,-9.512,-0.567
13.32,3.063,-0.372,-9.494,-0.571
13.33,3.119,-0.371,-9.476,-0.576
13.34,3.175,-0.37,-9.457,-0.581
13.35,3.23,-0.369,-9.438,-0.586
13.36,3.285,-0.368,-9.419,-0.59
13.37,3.341,-0.367,-9.399,-0.595
13.38,3.396,-0.366,-9.379,-0.6
13.39,3.45,-0.364,-9.359,-0.604
13.4,3.504,-0.362,-9.338,-0.609
13.41,3.559,-0.359,-9.318,-0.614
13.42,3.613,-0.356,-9.297,-0.618
13.43,3.666,-0.353,-9.275,-0.622
13.44,3.72,-0.35,-9.254,-0.627
13.45,3.774,-0.347,-9.232,-0.632
13.46,3.827,-0.343,-9.209,-0.636
13.47,3.881,-0.339,-9.187,-0.641
13.48,3.934,-0.335,-9.164,-0.645
13.49,3.987,-0.33,-9.141,-0.65
13.5,4.039,-0.325,-9.118,-0.654
13.51,4.092,-0.32,-9.094,-0.659
13.52,4.144,-0.315,-9.07,-0.663
13.53,4.196,-0.309,-9.046,-0.667
13.54,4.248,-0.303,-9.022,-0.671
13.55,4.3,-0.297,-8.997,-0.675
13.56,4.351,-0.291,-8.972,-0.68
13.57,4.403,-0.285,-8.947,-0.684
13.58,4.454,-0.279,-8.922,-0.688
13.59,4.504,-0.272,-8.896,-0.692
13.6,4.555,-0.265,-8.87,-0.696
13.61,4.605,-0.259,-8.844,-0.7
13.62,4.655,-0.252,-8.818,-0.703
13.63,4.704,-0.245,-8.792,-0.707
13.64,4.754,-0.238,-8.765,-0.711
13.65,4.803,-0.231,-8.738,-0.714
13.66,4.852,-0.224,-8.711,-0.718
13.67,4.9,-0.217,-8.684,-0.721
13.68,4.948,-0.21,-8.656,-0.724
13.69,4.996,-0.203,-8.629,-0.727
13.7,5.044,-0.196,-8.601,-0.731
13.71,5.091,-0.19,-8.573,-0.733
13.72,5.138,-0.184,-8.545,-0.737
13.73,5.185,-0.177,-8.516,-0.74
13.74,5.231,-0.171,-8.488,-0.743
13.75,5.278,-0.165,-8.459,-0.745
13.76,5.324,-0.16,-8.43,-0.748
13.77,5.369,-0.154,-8.401,-0.75
13.78,5.415,-0.149,-8.371,-0.753
13.79,5.46,-0.144,-8.341,-0.755
13.8,5.505,-0.139,-8.312,-0.758
13.81,5.55,-0.134,-8.281,-0.76
13.82,5.595,-0.129,-8.251,-0.762
13.83,5.64,-0.125,-8.22,-0.765
13.84,5.685,-0.122,-8.189,-0.768
13.85,5.729,-0.118,-8.158,-0.77
13.86,5.773,-0.114,-8.127,-0.773
13.87,5.817,-0.111,-8.095,-0.776
13.88,5.861,-0.108,-8.063,-0.779
13.89,5.905,-0.105,-8.031,-0.781
13.9,5.948,-0.102,-7.999,-0.784
13.91,5.991,-0.1,-7.966,-0.787
13.92,6.034,-0.097,-7.933,-0.79
13.93,6.077,-0.095,-7.9,-0.793
13.94,6.12,-0.092,-7.867,-0.796
13.95,6.162,-0.09,-7.834,-0.799
13.96,6.204,-0.088,-7.8,-0.802
13.97,6.246,-0.086,-7.766,-0.805
13.98,6.288,-0.084,-7.732,-0.808
13.99,6.329,-0.082,-7.698,-0.811
14,6.37,-0.081,-7.664,-0.814
14.01,6.411,-0.078,-7.63,-0.817
14.02,6.451,-0.076,-7.595,-0.82
14.03,6.492,-0.074,-7.561,-0.823
14.04,6.531,-0.072,-7.526,-0.826
14.05,6.571,-0.07,-7.491,-0.828
14.06,6.611,-0.068,-7.455,-0.831
14.07,6.65,-0.067,-7.42,-0.834
14.08,6.689,-0.065,-7.385,-0.837
14.09,6.728,-0.063,-7.349,-0.84
14.1,6.766,-0.061,-7.314,-0.843
14.11,6.804,-0.059,-7.278,-0.846
14.12,6.842,-0.057,-7.242,-0.848
14.13,6.88,-0.055,-7.206,-0.851
14.14,6.917,-0.052,-7.17,-0.853
14.15,6.954,-0.05,-7.133,-0.856
14.16,6.991,-0.047,-7.097,-0.858
14.17,7.028,-0.045,-7.06,-0.861
14.18,7.064,-0.042,-7.024,-0.863
14.19,7.1,-0.039,-6.987,-0.865
14.2,7.136,-0.036,-6.951,-0.868
14.21,7.171,-0.033,-6.914,-0.87
14.22,7.206,-0.03,-6.877,-0.872
14.23,7.241,-0.027,-6.84,-0.875
14.24,7.276,-0.024,-6.803,-0.877
14.25,7.31,-0.02,-6.766,-0.879
14.26,7.344,-0.016,-6.729,-0.881
14.27,7.378,-0.012,-6.691,-0.883
14.28,7.411,-0.008,-6.654,-0.885
14.29,7.444,-0.003,-6.617,-0.886
14.3,7.476,0,-6.58,-0.888
14.31,7.509,0.004,-6.543,-0.89
14.32,7.541,0.009,-6.506,-0.891
14.33,7.573,0.014,-6.468,-0.893
14.34,7.605,0.018,-6.431,-0.894
14.35,7.636,0.023,-6.393,-0.896
14.36,7.667,0.029,-6.355,-0.897
14.37,7.698,0.034,-6.318,-0.898
14.38,7.729,0.039,-6.28,-0.899
14.39,7.759,0.044,-6.242,-0.901
14.4,7.789,0.049,-6.205,-0.902
14.41,7.819,0.054,-6.167,-0.903
14.42,7.849,0.06,-6.129,-0.904
14.43,7.878,0.065,-6.091,-0.905
14.44,7.907,0.07,-6.053,-0.907
14.45,7.936,0.076,-6.015,-0.908
14.46,7.964,0.081,-5.977,-0.909
14.47,7.992,0.087,-5.939,-0.91
14.48,8.02,0.092,-5.901,-0.91
14.49,8.048,0.098,-5.863,-0.911
14.5,8.075,0.103,-5.825,-0.912
14.51,8.102,0.108,-5.787,-0.913
14.52,8.129,0.113,-5.749,-0.914
14.53,8.156,0.119,-5.711,-0.915
14.54,8.183,0.124,-5.673,-0.915
14.55,8.209,0.129,-5.634,-0.916
14.56,8.235,0.134,-5.596,-0.916
14.57,8.261,0.139,-5.557,-0.917
14.58,8.287,0.145,-5.518,-0.917
14.59,8.312,0.15,-5.479,-0.918
14.6,8.338,0.155,-5.44,-0.918
14.61,8.363,0.16,-5.401,-0.919
14.62,8.388,0.165,-5.362,-0.919
14.63,8.413,0.169,-5.323,-0.92
14.64,8.438,0.174,-5.284,-0.92
14.65,8.462,0.179,-5.244,-0.92
14.66,8.486,0.183,-5.205,-0.921
14.67,8.51,0.188,-5.165,-0.922
14.68,8.534,0.192,-5.126,-0.922
14.69,8.557,0.197,-5.086,-0.923
14.7,8.581,0.201,-5.046,-0.923
14.71,8.604,0.205,-5.007,-0.924
14.72,8.627,0.209,-4.967,-0.925
14.73,8.649,0.213,-4.927,-0.926
14.74,8.672,0.217,-4.887,-0.926
14.75,8.694,0.221,-4.846,-0.927
14.76,8.716,0.225,-4.806,-0.928
14.77,8.738,0.229,-4.766,-0.929
14.78,8.76,0.233,-4.725,-0.93
14.79,8.782,0.237,-4.684,-0.931
14.8,8.803,0.241,-4.644,-0.931
14.81,8.824,0.244,-4.603,-0.933
14.82,8.845,0.248,-4.562,-0.934
14.83,8.866,0.252,-4.521,-0.934
14.84,8.886,0.255,-4.481,-0.935
14.85,8.907,0.259,-4.44,-0.936
14.86,8.927,0.263,-4.399,-0.937
14.87,8.947,0.267,-4.358,-0.938
14.88,8.966,0.271,-4.317,-0.939
14.89,8.986,0.275,-4.276,-0.94
14.9,9.005,0.278,-4.235,-0.941
14.91,9.024,0.282,-4.194,-0.942
14.92,9.043,0.286,-4.152,-0.942
14.93,9.062,0.29,-4.111,-0.943
14.94,9.08,0.294,-4.07,-0.944
14.95,9.098,0.298,-4.028,-0.945
14.96,9.116,0.302,-3.987,-0.946
14.97,9.134,0.307,-3.945,-0.946
14.98,9.152,0.311,-3.904,-0.947
14.99,9.169,0.315,-3.862,-0.947
15,9.187,0.319,-3.82,-0.948
15.01,9.203,0.323,-3.779,-0.948
15.02,9.22,0.328,-3.737,-0.949
15.03,9.237,0.332,-3.695,-0.949
15.04,9.253,0.337,-3.654,-0.95
15.05,9.269,0.341,-3.612,-0.95
15.06,9.285,0.345,-3.57,-0.95
15.07,9.301,0.35,-3.529,-0.951
15.08,9.316,0.354,-3.487,-0.951
15.09,9.332,0.359,-3.446,-0.951
15.1,9.347,0.364,-3.404,-0.952
15.11,9.362,0.368,-3.362,-0.952
15.12,9.376,0.373,-3.321,-0.952
15.13,9.391,0.378,-3.279,-0.952
15.14,9.405,0.383,-3.237,-0.952
15.15,9.419,0.388,-3.195,-0.952
15.16,9.433,0.392,-3.154,-0.952
15.17,9.447,0.397,-3.112,-0.952
15.18,9.46,0.402,-3.07,-0.952
15.19,9.473,0.407,-3.029,-0.952
15.2,9.486,0.412,-2.987,-0.952
15.21,9.499,0.417,-2.945,-0.951
15.22,9.512,0.422,-2.904,-0.951
15.23,9.524,0.427,-2.862,-0.95
15.24,9.536,0.431,-2.821,-0.95
15.25,9.548,0.437,-2.779,-0.949
15.26,9.56,0.441,-2.737,-0.949
15.27,9.572,0.446,-2.696,-0.948
15.28,9.583,0.451,-2.654,-0.947
15.29,9.595,0.455,-2.613,-0.946
15.3,9.606,0.46,-2.571,-0.946
15.31,9.617,0.465,-2.53,-0.945
15.32,9.627,0.469,-2.488,-0.944
15.33,9.638,0.474,-2.447,-0.943
15.34,9.648,0.478,-2.405,-0.942
15.35,9.658,0.482,-2.364,-0.941
15.36,9.668,0.486,-2.322,-0.94
15.37,9.678,0.491,-2.281,-0.939
15.38,9.687,0.495,-2.239,-0.938
15.39,9.697,0.499,-2.198,-0.937
15.4,9.706,0.504,-2.157,-0.935
15.41,9.715,0.508,-2.115,-0.934
15.42,9.724,0.512,-2.074,-0.933
15.43,9.733,0.516,-2.032,-0.932
15.44,9.741,0.52,-1.991,-0.93
15.45,9.749,0.523,-1.95,-0.929
15.46,9.757,0.527,-1.908,-0.928
15.47,9.765,0.531,-1.867,-0.927
15.48,9.773,0.535,-1.825,-0.925
15.49,9.781,0.538,-1.784,-0.924
15.5,9.788,0.542,-1.743,-0.923
15.51,9.795,0.546,-1.701,-0.921
15.52,9.802,0.549,-1.66,-0.92
15.53,9.809,0.553,-1.618,-0.918
15.54,9.816,0.556,-1.577,-0.917
15.55,9.822,0.56,-1.536,-0.916
15.56,9.828,0.564,-1.495,-0.914
15.57,9.835,0.567,-1.454,-0.913
15.58,9.84,0.571,-1.413,-0.912
15.59,9.846,0.574,-1.372,-0.91
15.6,9.852,0.578,-1.331,-0.909
15.61,9.857,0.581,-1.29,-0.908
15.62,9.862,0.584,-1.249,-0.906
15.63,9.867,0.588,-1.209,-0.905
15.64,9.872,0.592,-1.168,-0.904
15.65,9.877,0.595,-1.128,-0.903
15.66,9.881,0.599,-1.088,-0.901
15.67,9.885,0.602,-1.047,-0.9
15.68,9.889,0.606,-1.007,-0.899
15.69,9.893,0.609,-0.967,-0.898
15.7,9.897,0.613,-0.927,-0.897
15.71,9.9,0.616,-0.887,-0.895
15.72,9.904,0.62,-0.847,-0.894
15.73,9.907,0.624,-0.808,-0.893
15.74,9.91,0.628,-0.768,-0.892
15.75,9.913,0.631,-0.729,-0.89
15.76,9.916,0.635,-0.689,-0.889
15.77,9.918,0.639,-0.649,-0.888
15.78,9.921,0.643,-0.61,-0.886
15.79,9.923,0.647,-0.57,-0.885
15.8,9.925,0.651,-0.531,-0.883
15.81,9.927,0.655,-0.492,-0.882
15.82,9.928,0.659,-0.453,-0.88
15.83,9.93,0.663,-0.414,-0.879
15.84,9.931,0.667,-0.375,-0.878
15.85,9.933,0.671,-0.336,-0.876
15.86,9.934,0.675,-0.298,-0.875
15.87,9.935,0.68,-0.259,-0.873
15.88,9.935,0.684,-0.22,-0.872
15.89,9.936,0.688,-0.182,-0.87
15.9,9.936,0.693,-0.143,-0.869
15.91,9.937,0.697,-0.104,-0.867
15.92,9.937,0.702,-0.066,-0.866
15.93,9.937,0.707,-0.027,-0.864
15.94,9.937,0.712,0.01,-0.863
15.95,9.936,0.717,0.049,-0.861
15.96,9.936,0.722,0.087,-0.86
15.97,9.935,0.726,0.126,-0.858
15.98,9.934,0.732,0.164,-0.857
15.99,9.933,0.737,0.202,-0.855
16,9.932,0.742,0.24,-0.854
16.01,9.931,0.747,0.277,-0.852
16.02,9.93,0.753,0.315,-0.851
16.03,9.928,0.758,0.353,-0.849
16.04,9.926,0.764,0.39,-0.848
16.05,9.925,0.769,0.428,-0.846
16.06,9.923,0.774,0.465,-0.845
16.07,9.921,0.78,0.503,-0.843
16.08,9.918,0.785,0.54,-0.841
16.09,9.916,0.791,0.577,-0.84
16.1,9.913,0.796,0.615,-0.838
16.11,9.911,0.802,0.652,-0.837
16.12,9.908,0.807,0.689,-0.835
16.13,9.905,0.813,0.726,-0.833
16.14,9.902,0.818,0.763,-0.832
16.15,9.898,0.823,0.8,-0.83
16.16,9.895,0.829,0.837,-0.829
16.17,9.892,0.834,0.874,-0.827
16.18,9.888,0.84,0.91,-0.826
16.19,9.884,0.845,0.947,-0.824
16.2,9.88,0.85,0.983,-0.823
16.21,9.876,0.855,1.02,-0.821
16.22,9.872,0.86,1.057,-0.82
16.23,9.868,0.865,1.094,-0.819
16.24,9.863,0.87,1.13,-0.817
16.25,9.859,0.874,1.167,-0.816
16.26,9.854,0.879,1.204,-0.814
16.27,9.849,0.883,1.241,-0.813
16.28,9.844,0.887,1.278,-0.812
16.29,9.839,0.892,1.314,-0.81
16.3,9.834,0.896,1.351,-0.809
16.31,9.829,0.899,1.388,-0.808
16.32,9.823,0.903,1.424,-0.806
16.33,9.817,0.907,1.461,-0.805
16.34,9.812,0.911,1.497,-0.804
16.35,9.806,0.914,1.534,-0.802
16.36,9.8,0.918,1.57,-0.801
16.37,9.794,0.921,1.607,-0.799
16.38,9.788,0.924,1.643,-0.797
16.39,9.781,0.927,1.679,-0.796
16.4,9.775,0.93,1.716,-0.794
16.41,9.768,0.933,1.752,-0.793
16.42,9.762,0.936,1.788,-0.791
16.43,9.755,0.939,1.824,-0.789
16.44,9.748,0.942,1.86,-0.788
16.45,9.741,0.945,1.896,-0.786
16.46,9.733,0.947,1.932,-0.784
16.47,9.726,0.95,1.968,-0.782
16.48,9.719,0.952,2.004,-0.78
16.49,9.711,0.955,2.04,-0.778
16.5,9.704,0.957,2.076,-0.776
16.51,9.696,0.959,2.112,-0.773
16.52,9.688,0.961,2.148,-0.771
16.53,9.68,0.963,2.183,-0.769
16.54,9.672,0.965,2.219,-0.766
16.55,9.664,0.967,2.254,-0.764
16.56,9.655,0.969,2.29,-0.761
16.57,9.647,0.972,2.325,-0.758
16.58,9.638,0.974,2.361,-0.756
16.59,9.629,0.976,2.396,-0.753
16.6,9.621,0.978,2.431,-0.75
16.61,9.612,0.98,2.467,-0.747
16.62,9.603,0.983,2.502,-0.744
16.63,9.593,0.985,2.537,-0.741
16.64,9.584,0.987,2.572,-0.738
16.65,9.574,0.989,2.607,-0.734
16.66,9.565,0.991,2.643,-0.731
16.67,9.555,0.993,2.678,-0.728
16.68,9.545,0.995,2.713,-0.724
16.69,9.535,0.998,2.748,-0.721
16.7,9.525,1,2.782,-0.717
16.71,9.515,1.002,2.817,-0.713
16.72,9.505,1.005,2.852,-0.71
16.73,9.494,1.008,2.887,-0.706
16.74,9.483,1.01,2.922,-0.702
16.75,9.473,1.013,2.957,-0.698
16.76,9.462,1.015,2.992,-0.694
16.77,9.451,1.018,3.026,-0.69
16.78,9.44,1.021,3.061,-0.685
16.79,9.428,1.023,3.096,-0.681
16.8,9.417,1.026,3.13,-0.677
16.81,9.405,1.029,3.165,-0.673
16.82,9.393,1.033,3.199,-0.668
16.83,9.382,1.036,3.234,-0.664
16.84,9.37,1.039,3.268,-0.659
16.85,9.358,1.042,3.303,-0.655
16.86,9.345,1.046,3.337,-0.65
16.87,9.333,1.049,3.371,-0.645
16.88,9.32,1.052,3.406,-0.64
16.89,9.308,1.056,3.44,-0.636
16.9,9.295,1.059,3.474,-0.631
16.91,9.282,1.063,3.508,-0.626
16.92,9.269,1.066,3.542,-0.62
16.93,9.256,1.07,3.576,-0.615
16.94,9.243,1.074,3.61,-0.61
16.95,9.229,1.077,3.644,-0.605
16.96,9.216,1.081,3.677,-0.599
16.97,9.202,1.085,3.711,-0.594
16.98,9.189,1.089,3.744,-0.588
16.99,9.175,1.093,3.778,-0.583
17,9.161,1.097,3.811,-0.577
17.01,9.147,1.1,3.844,-0.572
17.02,9.133,1.104,3.877,-0.566
17.03,9.119,1.108,3.911,-0.56
17.04,9.104,1.112,3.944,-0.555
17.05,9.09,1.116,3.977,-0.549
17.06,9.075,1.12,4.01,-0.543
17.07,9.06,1.124,4.043,-0.537
17.08,9.045,1.128,4.076,-0.531
17.09,9.03,1.131,4.109,-0.525
17.1,9.015,1.135,4.141,-0.519
17.11,9,1.139,4.174,-0.513
17.12,8.985,1.143,4.206,-0.507
17.13,8.969,1.147,4.239,-0.501
17.14,8.954,1.151,4.271,-0.495
17.15,8.938,1.155,4.304,-0.489
17.16,8.923,1.159,4.336,-0.483
17.17,8.907,1.163,4.368,-0.477
17.18,8.891,1.167,4.4,-0.471
17.19,8.875,1.171,4.431,-0.466
17.2,8.859,1.174,4.463,-0.46
17.21,8.842,1.178,4.494,-0.455
17.22,8.826,1.182,4.526,-0.449
17.23,8.81,1.186,4.557,-0.444
17.24,8.793,1.19,4.588,-0.439
17.25,8.777,1.194,4.62,-0.433
17.26,8.76,1.197,4.651,-0.428
17.27,8.743,1.201,4.682,-0.423
17.28,8.727,1.205,4.712,-0.418
17.29,8.71,1.209,4.743,-0.413
17.3,8.693,1.213,4.773,-0.409
17.31,8.676,1.216,4.804,-0.404
17.32,8.658,1.22,4.834,-0.399
17.33,8.641,1.224,4.864,-0.395
17.34,8.624,1.227,4.895,-0.391
17.35,8.606,1.231,4.925,-0.386
17.36,8.589,1.234,4.954,-0.382
17.37,8.571,1.238,4.984,-0.378
17.38,8.554,1.241,5.014,-0.374
17.39,8.536,1.245,5.043,-0.37
17.4,8.518,1.248,5.073,-0.367
17.41,8.5,1.252,5.102,-0.363
17.42,8.482,1.256,5.132,-0.36
17.43,8.464,1.259,5.161,-0.356
17.44,8.446,1.262,5.19,-0.353
17.45,8.427,1.266,5.219,-0.35
17.46,8.409,1.269,5.248,-0.347
17.47,8.391,1.273,5.277,-0.344
17.48,8.372,1.276,5.305,-0.341
17.49,8.354,1.279,5.334,-0.338
17.5,8.335,1.283,5.362,-0.335
17.51,8.316,1.286,5.391,-0.333
17.52,8.298,1.289,5.419,-0.33
17.53,8.279,1.293,5.447,-0.328
17.54,8.26,1.296,5.475,-0.325
17.55,8.241,1.299,5.503,-0.323
17.56,8.222,1.303,5.53,-0.321
17.57,8.203,1.306,5.558,-0.318
17.58,8.184,1.309,5.585,-0.316
17.59,8.165,1.312,5.613,-0.314
17.6,8.146,1.315,5.64,-0.311
17.61,8.126,1.318,5.667,-0.309
17.62,8.107,1.321,5.694,-0.307
17.63,8.088,1.325,5.721,-0.304
17.64,8.068,1.328,5.748,-0.302
17.65,8.049,1.331,5.774,-0.3
17.66,8.029,1.334,5.801,-0.297
17.67,8.009,1.337,5.827,-0.295
17.68,7.99,1.34,5.854,-0.293
17.69,7.97,1.344,5.88,-0.29
17.7,7.951,1.347,5.906,-0.288
17.71,7.931,1.35,5.932,-0.285
17.72,7.911,1.353,5.957,-0.283
17.73,7.891,1.356,5.983,-0.28
17.74,7.871,1.359,6.009,-0.277
17.75,7.851,1.361,6.034,-0.275
17.76,7.832,1.364,6.059,-0.272
17.77,7.812,1.367,6.084,-0.269
17.78,7.792,1.37,6.11,-0.266
17.79,7.772,1.373,6.135,-0.263
17.8,7.751,1.376,6.159,-0.26
17.81,7.731,1.379,6.184,-0.257
17.82,7.711,1.382,6.209,-0.253
17.83,7.691,1.384,6.233,-0.25
17.84,7.671,1.387,6.258,-0.247
17.85,7.651,1.39,6.282,-0.243
17.86,7.63,1.393,6.306,-0.239
17.87,7.61,1.395,6.33,-0.236
17.88,7.59,1.398,6.354,-0.232
17.89,7.569,1.4,6.378,-0.228
17.9,7.549,1.403,6.401,-0.224
17.91,7.529,1.406,6.425,-0.22
17.92,7.508,1.408,6.448,-0.216
17.93,7.488,1.411,6.472,-0.211
17.94,7.467,1.413,6.495,-0.207
17.95,7.447,1.416,6.518,-0.202
17.96,7.426,1.418,6.541,-0.198
17.97,7.406,1.42,6.564,-0.193
17.98,7.385,1.422,6.587,-0.189
17.99,7.365,1.425,6.609,-0.184
18,7.344,1.427,6.632,-0.179
18.01,7.323,1.429,6.654,-0.174
18.02,7.303,1.431,6.677,-0.169
18.03,7.282,1.433,6.699,-0.164
18.04,7.261,1.435,6.721,-0.159
18.05,7.241,1.437,6.743,-0.153
18.06,7.22,1.439,6.765,-0.148
18.07,7.199,1.441,6.787,-0.143
18.08,7.178,1.443,6.808,-0.137
18.09,7.158,1.444,6.83,-0.132
18.1,7.137,1.446,6.852,-0.127
18.11,7.116,1.448,6.873,-0.121
18.12,7.095,1.449,6.894,-0.116
18.13,7.074,1.451,6.915,-0.11
18.14,7.053,1.452,6.936,-0.104
18.15,7.033,1.454,6.957,-0.099
18.16,7.012,1.455,6.978,-0.093
18.17,6.991,1.457,6.999,-0.087
18.18,6.97,1.458,7.02,-0.082
18.19,6.948,1.459,7.04,-0.076
18.2,6.927,1.461,7.061,-0.07
18.21,6.906,1.462,7.081,-0.064
18.22,6.885,1.463,7.102,-0.058
18.23,6.864,1.465,7.122,-0.053
18.24,6.843,1.466,7.142,-0.047
18.25,6.821,1.467,7.162,-0.041
18.26,6.8,1.468,7.182,-0.035
18.27,6.779,1.47,7.202,-0.029
18.28,6.758,1.471,7.222,-0.023
18.29,6.736,1.473,7.242,-0.018
18.3,6.715,1.474,7.261,-0.012
18.31,6.693,1.475,7.281,-0.006
18.32,6.672,1.476,7.3,0
18.33,6.65,1.478,7.319,0.005
18.34,6.629,1.479,7.339,0.01
18.35,6.607,1.481,7.358,0.016
18.36,6.585,1.482,7.377,0.022
18.37,6.564,1.483,7.396,0.028
18.38,6.542,1.485,7.415,0.034
18.39,6.52,1.486,7.434,0.039
18.4,6.498,1.488,7.453,0.045
18.41,6.476,1.49,7.471,0.05
18.42,6.454,1.491,7.49,0.056
18.43,6.432,1.493,7.509,0.062
18.44,6.41,1.495,7.527,0.067
18.45,6.387,1.496,7.546,0.073
18.46,6.365,1.498,7.564,0.078
18.47,6.343,1.5,7.583,0.084
18.48,6.32,1.502,7.601,0.089
18.49,6.298,1.504,7.619,0.094
18.5,6.275,1.506,7.638,0.1
18.51,6.252,1.508,7.656,0.105
18.52,6.229,1.51,7.674,0.11
18.53,6.206,1.512,7.692,0.115
18.54,6.183,1.514,7.71,0.121
18.55,6.16,1.517,7.728,0.126
18.56,6.137,1.519,7.746,0.131
18.57,6.113,1.521,7.764,0.136
18.58,6.09,1.524,7.782,0.141
18.59,6.066,1.526,7.8,0.146
18.6,6.042,1.529,7.818,0.151
18.61,6.018,1.532,7.835,0.156
18.62,5.995,1.534,7.853,0.161
18.63,5.97,1.537,7.871,0.166
18.64,5.946,1.54,7.888,0.171
18.65,5.922,1.543,7.906,0.176
18.66,5.898,1.546,7.923,0.18
18.67,5.873,1.549,7.941,0.185
18.68,5.849,1.552,7.958,0.19
18.69,5.824,1.556,7.975,0.195
18.7,5.799,1.559,7.993,0.2
18.71,5.774,1.562,8.01,0.204
18.72,5.749,1.566,8.027,0.209
18.73,5.724,1.569,8.044,0.214
18.74,5.699,1.573,8.061,0.219
18.75,5.674,1.576,8.078,0.223
18.76,5.649,1.58,8.095,0.228
18.77,5.623,1.584,8.112,0.233
18.78,5.598,1.588,8.128,0.238
18.79,5.572,1.591,8.145,0.242
18.8,5.547,1.595,8.162,0.247
18.81,5.521,1.599,8.178,0.252
18.82,5.495,1.603,8.195,0.257
18.83,5.469,1.607,8.211,0.261
18.84,5.443,1.611,8.227,0.266
18.85,5.417,1.615,8.244,0.271
18.86,5.391,1.619,8.26,0.275
18.87,5.365,1.623,8.276,0.28
18.88,5.339,1.628,8.292,0.285
18.89,5.312,1.632,8.308,0.29
18.9,5.286,1.636,8.323,0.294
18.91,5.26,1.64,8.339,0.299
18.92,5.233,1.644,8.355,0.304
18.93,5.207,1.648,8.37,0.309
18.94,5.18,1.652,8.386,0.314
18.95,5.154,1.657,8.401,0.318
18.96,5.127,1.661,8.416,0.323
18.97,5.1,1.665,8.432,0.328
18.98,5.074,1.669,8.447,0.333
18.99,5.047,1.673,8.461,0.338
19,5.021,1.677,8.476,0.343
19.01,4.994,1.681,8.491,0.348
19.02,4.967,1.685,8.506,0.353
19.03,4.941,1.689,8.52,0.358
19.04,4.914,1.693,8.534,0.363
19.05,4.888,1.697,8.548,0.368
19.06,4.862,1.701,8.563,0.373
19.07,4.835,1.705,8.577,0.378
19.08,4.809,1.709,8.59,0.383
19.09,4.782,1.712,8.604,0.388
19.1,4.756,1.716,8.618,0.394
19.11,4.73,1.72,8.631,0.399
19.12,4.704,1.723,8.645,0.404
19.13,4.677,1.727,8.658,0.41
19.14,4.651,1.73,8.671,0.415
19.15,4.625,1.733,8.684,0.42
19.16,4.599,1.737,8.697,0.426
19.17,4.573,1.74,8.71,0.431
19.18,4.547,1.743,8.722,0.437
19.19,4.521,1.746,8.735,0.442
19.2,4.495,1.749,8.748,0.448
19.21,4.469,1.752,8.76,0.454
19.22,4.443,1.755,8.772,0.459
19.23,4.418,1.758,8.784,0.465
19.24,4.392,1.76,8.796,0.471
19.25,4.366,1.763,8.808,0.477
19.26,4.34,1.766,8.82,0.482
19.27,4.315,1.768,8.832,0.488
19.28,4.289,1.77,8.844,0.494
19.29,4.264,1.773,8.855,0.5
19.3,4.238,1.775,8.867,0.506
19.31,4.212,1.777,8.878,0.513
19.32,4.187,1.779,8.889,0.519
19.33,4.161,1.78,8.901,0.525
19.34,4.135,1.782,8.912,0.532
19.35,4.11,1.784,8.923,0.538
19.36,4.084,1.785,8.934,0.544
19.37,4.058,1.787,8.945,0.551
19.38,4.032,1.788,8.956,0.558
19.39,4.006,1.79,8.967,0.564
19.4,3.98,1.791,8.978,0.571
19.41,3.955,1.792,8.989,0.578
19.42,3.929,1.793,9,0.584
19.43,3.903,1.794,9.01,0.591
19.44,3.877,1.795,9.021,0.598
19.45,3.851,1.796,9.031,0.605
19.46,3.825,1.797,9.042,0.612
19.47,3.799,1.797,9.052,0.62
19.48,3.773,1.798,9.062,0.627
19.49,3.747,1.798,9.073,0.634
19.5,3.721,1.798,9.083,0.642
19.51,3.695,1.799,9.093,0.649
19.52,3.669,1.799,9.103,0.656
19.53,3.643,1.799,9.113,0.664
19.54,3.616,1.799,9.122,0.671
19.55,3.59,1.799,9.132,0.679
19.56,3.565,1.799,9.142,0.686
19.57,3.539,1.799,9.151,0.694
19.58,3.513,1.798,9.161,0.701
19.59,3.487,1.798,9.17,0.709
19.6,3.461,1.798,9.179,0.717
19.61,3.435,1.797,9.189,0.724
19.62,3.409,1.797,9.198,0.732
19.63,3.383,1.796,9.207,0.74
19.64,3.357,1.796,9.216,0.748
19.65,3.331,1.795,9.225,0.756
19.66,3.306,1.795,9.233,0.763
19.67,3.28,1.794,9.242,0.771
19.68,3.254,1.793,9.251,0.779
19.69,3.228,1.792,9.259,0.787
19.7,3.202,1.792,9.268,0.795
19.71,3.177,1.791,9.276,0.803
19.72,3.151,1.79,9.284,0.812
19.73,3.125,1.789,9.292,0.82
19.74,3.1,1.788,9.3,0.828
19.75,3.074,1.787,9.308,0.836
19.76,3.048,1.786,9.316,0.844
19.77,3.023,1.785,9.324,0.852
19.78,2.997,1.784,9.332,0.86
19.79,2.972,1.783,9.339,0.868
19.8,2.946,1.782,9.347,0.877
19.81,2.921,1.781,9.354,0.885
19.82,2.895,1.78,9.361,0.893
19.83,2.87,1.78,9.369,0.901
19.84,2.844,1.779,9.376,0.909
19.85,2.819,1.778,9.383,0.917
19.86,2.793,1.777,9.39,0.926
19.87,2.768,1.776,9.397,0.934
19.88,2.743,1.775,9.403,0.942
19.89,2.717,1.774,9.41,0.95
19.9,2.692,1.773,9.417,0.959
19.91,2.667,1.772,9.423,0.967
19.92,2.641,1.771,9.43,0.975
19.93,2.616,1.77,9.436,0.983
19.94,2.591,1.77,9.442,0.992
19.95,2.566,1.769,9.448,1
19.96,2.541,1.768,9.455,1.008
19.97,2.515,1.767,9.461,1.017
19.98,2.49,1.767,9.466,1.025
19.99,2.465,1.766,9.472,1.033
20,2.44,1.765,9.478,1.042
20.01,2.415,1.765,9.484,1.05
20.02,2.389,1.764,9.489,1.058
20.03,2.364,1.764,9.495,1.067
20.04,2.339,1.763,9.5,1.075
20.05,2.314,1.763,9.505,1.084
20.06,2.288,1.762,9.511,1.092
20.07,2.263,1.762,9.516,1.101
20.08,2.238,1.761,9.521,1.109
20.09,2.212,1.761,9.526,1.117
20.1,2.187,1.761,9.531,1.126
20.11,2.162,1.761,9.535,1.134
20.12,2.136,1.761,9.54,1.143
20.13,2.111,1.76,9.545,1.151
20.14,2.086,1.76,9.549,1.16
20.15,2.06,1.76,9.554,1.169
20.16,2.035,1.76,9.558,1.177
20.17,2.01,1.76,9.563,1.186
20.18,1.984,1.76,9.567,1.195
20.19,1.959,1.761,9.571,1.203
20.2,1.933,1.761,9.575,1.212
20.21,1.908,1.761,9.579,1.221
20.22,1.882,1.761,9.583,1.23
20.23,1.857,1.762,9.586,1.238
20.24,1.831,1.762,9.59,1.247
20.25,1.806,1.762,9.594,1.256
20.26,1.781,1.763,9.597,1.265
20.27,1.755,1.764,9.601,1.273
20.28,1.73,1.764,9.604,1.282
20.29,1.705,1.765,9.607,1.291
20.3,1.68,1.765,9.61,1.3
20.31,1.654,1.766,9.613,1.309
20.32,1.629,1.767,9.616,1.318
20.33,1.604,1.768,9.619,1.327
20.34,1.579,1.769,9.622,1.336
20.35,1.555,1.77,9.624,1.345
20.36,1.53,1.771,9.627,1.354
20.37,1.505,1.773,9.629,1.363
20.38,1.48,1.774,9.632,1.371
20.39,1.456,1.775,9.634,1.38
20.4,1.431,1.777,9.636,1.389
20.41,1.406,1.778,9.638,1.398
20.42,1.382,1.779,9.64,1.407
20.43,1.358,1.781,9.642,1.416
20.44,1.333,1.782,9.644,1.425
20.45,1.309,1.784,9.645,1.434
20.46,1.284,1.786,9.647,1.443
20.47,1.26,1.787,9.649,1.452
20.48,1.236,1.789,9.65,1.461
20.49,1.212,1.791,9.651,1.47
20.5,1.187,1.792,9.653,1.479
20.51,1.163,1.794,9.654,1.488
20.52,1.139,1.796,9.655,1.498
20.53,1.115,1.798,9.656,1.507
20.54,1.091,1.8,9.657,1.516
20.55,1.067,1.801,9.658,1.525
20.56,1.044,1.803,9.659,1.534
20.57,1.02,1.805,9.659,1.543
20.58,0.996,1.807,9.66,1.552
20.59,0.972,1.809,9.661,1.562
20.6,0.948,1.811,9.661,1.571
20.61,0.925,1.813,9.662,1.58
20.62,0.901,1.815,9.662,1.589
20.63,0.877,1.817,9.662,1.599
20.64,0.854,1.819,9.662,1.608
20.65,0.83,1.821,9.663,1.617
20.66,0.807,1.824,9.663,1.626
20.67,0.783,1.826,9.662,1.636
20.68,0.76,1.828,9.662,1.645
20.69,0.736,1.83,9.662,1.654
20.7,0.713,1.832,9.662,1.664
20.71,0.69,1.834,9.662,1.673
20.72,0.666,1.836,9.661,1.683
20.73,0.643,1.838,9.661,1.692
20.74,0.619,1.84,9.66,1.702
20.75,0.596,1.842,9.66,1.712
20.76,0.572,1.844,9.659,1.721
20.77,0.549,1.846,9.658,1.731
20.78,0.525,1.848,9.657,1.741
20.79,0.502,1.85,9.656,1.75
20.8,0.478,1.852,9.656,1.76
20.81,0.455,1.854,9.654,1.77
20.82,0.431,1.856,9.653,1.779
20.83,0.408,1.858,9.652,1.789
20.84,0.384,1.86,9.651,1.799
20.85,0.361,1.862,9.65,1.809
20.86,0.337,1.864,9.648,1.819
20.87,0.314,1.866,9.647,1.829
20.88,0.29,1.868,9.645,1.839
20.89,0.266,1.869,9.644,1.848
20.9,0.243,1.871,9.642,1.859
20.91,0.219,1.873,9.641,1.869
20.92,0.196,1.874,9.639,1.879
20.93,0.172,1.876,9.637,1.889
20.94,0.148,1.877,9.635,1.899
20.95,0.124,1.879,9.633,1.909
20.96,0.1,1.88,9.631,1.919
20.97,0.077,1.882,9.629,1.93
20.98,0.053,1.883,9.627,1.94
20.99,0.029,1.885,9.625,1.95
21,0.005,1.886,9.622,1.961
21.01,-0.018,1.887,9.62,1.971
21.02,-0.042,1.888,9.617,1.982
21.03,-0.065,1.89,9.615,1.992
21.04,-0.089,1.891,9.612,2.003
21.05,-0.113,1.892,9.609,2.013
21.06,-0.137,1.893,9.607,2.024
21.07,-0.161,1.894,9.604,2.035
21.08,-0.185,1.895,9.601,2.046
21.09,-0.209,1.895,9.598,2.056
21.1,-0.233,1.896,9.595,2.067
21.11,-0.257,1.897,9.592,2.078
21.12,-0.281,1.898,9.589,2.089
21.13,-0.305,1.898,9.585,2.1
21.14,-0.329,1.899,9.582,2.111
21.15,-0.353,1.899,9.579,2.122
21.16,-0.377,1.9,9.575,2.133
21.17,-0.402,1.9,9.572,2.144
21.18,-0.426,1.901,9.568,2.155
21.19,-0.45,1.901,9.564,2.166
21.2,-0.474,1.901,9.561,2.177
21.21,-0.498,1.901,9.557,2.188
21.22,-0.522,1.902,9.553,2.199
21.23,-0.547,1.902,9.549,2.211
21.24,-0.571,1.902,9.545,2.222
21.25,-0.595,1.902,9.541,2.233
21.26,-0.619,1.902,9.537,2.245
21.27,-0.643,1.902,9.532,2.256
21.28,-0.667,1.902,9.528,2.268
21.29,-0.691,1.901,9.524,2.279
21.3,-0.715,1.901,9.519,2.291
21.31,-0.74,1.901,9.514,2.302
21.32,-0.764,1.9,9.51,2.314
21.33,-0.788,1.9,9.505,2.325
21.34,-0.811,1.9,9.5,2.337
21.35,-0.835,1.899,9.495,2.349
21.36,-0.859,1.899,9.491,2.36
21.37,-0.883,1.898,9.486,2.372
21.38,-0.906,1.898,9.48,2.384
21.39,-0.93,1.897,9.475,2.396
21.4,-0.954,1.896,9.47,2.408
21.41,-0.977,1.895,9.465,2.419
21.42,-1.001,1.895,9.46,2.431
21.43,-1.024,1.894,9.454,2.443
21.44,-1.047,1.893,9.449,2.455
21.45,-1.071,1.892,9.443,2.467
21.46,-1.094,1.891,9.437,2.479
21.47,-1.117,1.89,9.432,2.491
21.48,-1.14,1.889,9.426,2.504
21.49,-1.163,1.888,9.42,2.516
21.5,-1.186,1.887,9.414,2.528
21.51,-1.209,1.886,9.408,2.54
21.52,-1.232,1.885,9.402,2.552
21.53,-1.255,1.884,9.396,2.564
21.54,-1.278,1.883,9.39,2.576
21.55,-1.3,1.882,9.384,2.589
21.56,-1.323,1.88,9.377,2.601
21.57,-1.345,1.879,9.371,2.613
21.58,-1.367,1.878,9.365,2.625
21.59,-1.389,1.877,9.358,2.638
21.6,-1.411,1.875,9.352,2.65
21.61,-1.433,1.874,9.345,2.662
21.62,-1.455,1.873,9.338,2.675
21.63,-1.477,1.872,9.332,2.687
21.64,-1.499,1.87,9.325,2.7
21.65,-1.52,1.869,9.318,2.712
21.66,-1.542,1.868,9.311,2.725
21.67,-1.563,1.866,9.304,2.737
21.68,-1.584,1.865,9.297,2.75
21.69,-1.605,1.864,9.29,2.762
21.7,-1.626,1.862,9.283,2.775
21.71,-1.647,1.861,9.276,2.788
21.72,-1.668,1.859,9.268,2.801
21.73,-1.689,1.858,9.261,2.813
21.74,-1.709,1.856,9.254,2.826
21.75,-1.73,1.855,9.246,2.839
21.76,-1.75,1.853,9.239,2.851
21.77,-1.77,1.852,9.231,2.864
21.78,-1.791,1.85,9.224,2.877
21.79,-1.811,1.849,9.216,2.89
21.8,-1.83,1.847,9.208,2.903
21.81,-1.85,1.846,9.201,2.915
21.82,-1.87,1.844,9.193,2.928
21.83,-1.89,1.843,9.185,2.941
21.84,-1.909,1.841,9.177,2.954
21.85,-1.928,1.84,9.169,2.967
21.86,-1.948,1.838,9.161,2.98
21.87,-1.967,1.837,9.153,2.993
21.88,-1.986,1.835,9.145,3.006
21.89,-2.005,1.834,9.137,3.019
21.9,-2.023,1.832,9.129,3.032
21.91,-2.042,1.831,9.121,3.045
21.92,-2.06,1.829,9.113,3.059
21.93,-2.079,1.828,9.104,3.072
21.94,-2.097,1.826,9.096,3.085
21.95,-2.115,1.825,9.088,3.098
21.96,-2.133,1.823,9.079,3.111
21.97,-2.151,1.822,9.071,3.125
21.98,-2.169,1.82,9.062,3.138
21.99,-2.187,1.819,9.053,3.151
22,-2.204,1.817,9.045,3.165
22.01,-2.222,1.816,9.036,3.178
22.02,-2.239,1.815,9.027,3.191
22.03,-2.256,1.813,9.019,3.205
22.04,-2.273,1.812,9.01,3.218
22.05,-2.29,1.81,9.001,3.231
22.06,-2.307,1.809,8.992,3.245
22.07,-2.323,1.807,8.983,3.258
22.08,-2.34,1.806,8.974,3.272
22.09,-2.356,1.805,8.965,3.286
22.1,-2.373,1.803,8.956,3.299
22.11,-2.389,1.802,8.947,3.313
22.12,-2.405,1.801,8.938,3.326
22.13,-2.421,1.799,8.929,3.34
22.14,-2.437,1.798,8.92,3.354
22.15,-2.453,1.797,8.911,3.368
22.16,-2.468,1.795,8.901,3.382
22.17,-2.484,1.794,8.892,3.396
22.18,-2.499,1.793,8.883,3.409
22.19,-2.515,1.791,8.873,3.423
22.2,-2.53,1.79,8.864,3.437
22.21,-2.545,1.789,8.854,3.451
22.22,-2.56,1.787,8.844,3.465
22.23,-2.576,1.786,8.835,3.479
22.24,-2.59,1.784,8.825,3.493
22.25,-2.605,1.783,8.815,3.508
22.26,-2.62,1.782,8.806,3.522
22.27,-2.635,1.78,8.796,3.536
22.28,-2.65,1.779,8.786,3.55
22.29,-2.664,1.777,8.776,3.565
22.3,-2.679,1.776,8.766,3.579
22.31,-2.693,1.775,8.756,3.593
22.32,-2.708,1.773,8.746,3.607
22.33,-2.722,1.772,8.736,3.622
22.34,-2.736,1.77,8.726,3.636
22.35,-2.75,1.769,8.716,3.651
22.36,-2.764,1.768,8.706,3.665
22.37,-2.777,1.766,8.695,3.68
22.38,-2.791,1.765,8.685,3.694
22.39,-2.804,1.764,8.675,3.709
22.4,-2.818,1.763,8.664,3.724
22.41,-2.831,1.761,8.654,3.738
22.42,-2.844,1.76,8.644,3.753
22.43,-2.857,1.759,8.633,3.768
22.44,-2.87,1.758,8.623,3.782
22.45,-2.883,1.756,8.612,3.797
22.46,-2.896,1.755,8.601,3.812
22.47,-2.909,1.754,8.591,3.827
22.48,-2.922,1.753,8.58,3.842
22.49,-2.934,1.751,8.569,3.857
22.5,-2.947,1.75,8.558,3.872
22.51,-2.959,1.749,8.547,3.887
22.52,-2.972,1.748,8.536,3.902
22.53,-2.984,1.746,8.525,3.918
22.54,-2.996,1.745,8.514,3.933
22.55,-3.009,1.744,8.503,3.948
22.56,-3.021,1.743,8.492,3.963
22.57,-3.033,1.742,8.481,3.979
22.58,-3.045,1.74,8.47,3.994
22.59,-3.057,1.739,8.458,4.009
22.6,-3.069,1.738,8.447,4.025
22.61,-3.08,1.737,8.435,4.04
22.62,-3.092,1.735,8.424,4.056
22.63,-3.104,1.734,8.412,4.071
22.64,-3.116,1.733,8.401,4.087
22.65,-3.127,1.731,8.389,4.102
22.66,-3.139,1.73,8.377,4.118
22.67,-3.15,1.729,8.366,4.134
22.68,-3.162,1.727,8.354,4.149
22.69,-3.173,1.726,8.342,4.165
22.7,-3.185,1.724,8.33,4.181
22.71,-3.196,1.723,8.318,4.197
22.72,-3.208,1.721,8.305,4.213
22.73,-3.219,1.72,8.293,4.229
22.74,-3.231,1.718,8.281,4.245
22.75,-3.242,1.716,8.268,4.261
22.76,-3.253,1.715,8.256,4.278
22.77,-3.264,1.713,8.244,4.294
22.78,-3.276,1.711,8.231,4.31
22.79,-3.287,1.71,8.218,4.326
22.8,-3.298,1.708,8.205,4.343
22.81,-3.309,1.706,8.193,4.359
22.82,-3.32,1.704,8.18,4.376
22.83,-3.331,1.703,8.167,4.392
22.84,-3.342,1.701,8.154,4.409
22.85,-3.353,1.699,8.141,4.426
22.86,-3.364,1.697,8.127,4.442
22.87,-3.375,1.695,8.114,4.459
22.88,-3.386,1.693,8.101,4.476
22.89,-3.397,1.69,8.087,4.492
22.9,-3.408,1.688,8.074,4.509
22.91,-3.418,1.686,8.06,4.526
22.92,-3.429,1.684,8.047,4.543
22.93,-3.44,1.682,8.033,4.56
22.94,-3.45,1.679,8.019,4.577
22.95,-3.461,1.677,8.005,4.594
22.96,-3.471,1.675,7.991,4.611
22.97,-3.482,1.672,7.977,4.628
22.98,-3.493,1.67,7.963,4.646
22.99,-3.503,1.667,7.949,4.663
23,-3.514,1.665,7.935,4.68
23.01,-3.524,1.662,7.92,4.698
23.02,-3.535,1.659,7.906,4.715
23.03,-3.545,1.656,7.891,4.733
23.04,-3.556,1.654,7.877,4.75
23.05,-3.566,1.651,7.862,4.768
23.06,-3.576,1.648,7.847,4.785
23.07,-3.587,1.645,7.832,4.803
23.08,-3.597,1.642,7.817,4.821
23.09,-3.607,1.639,7.802,4.838
23.1,-3.617,1.636,7.787,4.856
23.11,-3.627,1.632,7.772,4.874
23.12,-3.638,1.629,7.756,4.892
23.13,-3.648,1.626,7.741,4.91
23.14,-3.658,1.623,7.726,4.928
23.15,-3.668,1.619,7.71,4.946
23.16,-3.678,1.616,7.694,4.964
23.17,-3.687,1.612,7.679,4.982
23.18,-3.697,1.609,7.663,5
23.19,-3.707,1.605,7.647,5.018
23.2,-3.717,1.601,7.631,5.037
23.21,-3.727,1.597,7.615,5.055
23.22,-3.736,1.593,7.599,5.073
23.23,-3.746,1.59,7.583,5.092
23.24,-3.756,1.586,7.567,5.11
23.25,-3.765,1.582,7.55,5.128
23.26,-3.775,1.578,7.534,5.147
23.27,-3.784,1.573,7.517,5.165
23.28,-3.793,1.569,7.501,5.184
23.29,-3.803,1.565,7.484,5.202
23.3,-3.812,1.561,7.467,5.221
23.31,-3.821,1.556,7.45,5.239
23.32,-3.83,1.552,7.434,5.258
23.33,-3.839,1.547,7.417,5.276
23.34,-3.848,1.543,7.4,5.295
23.35,-3.857,1.538,7.383,5.314
23.36,-3.866,1.533,7.365,5.333
23.37,-3.875,1.528,7.348,5.351
23.38,-3.884,1.524,7.331,5.37
23.39,-3.893,1.519,7.313,5.389
23.4,-3.901,1.514,7.295,5.408
23.41,-3.91,1.509,7.278,5.427
23.42,-3.918,1.504,7.26,5.446
23.43,-3.927,1.498,7.242,5.465
23.44,-3.935,1.493,7.225,5.484
23.45,-3.943,1.488,7.207,5.503
23.46,-3.951,1.482,7.189,5.522
23.47,-3.96,1.477,7.171,5.541
23.48,-3.968,1.471,7.153,5.56
23.49,-3.976,1.465,7.134,5.579
23.5,-3.984,1.46,7.116,5.599
23.51,-3.991,1.454,7.098,5.618
23.52,-3.999,1.448,7.079,5.637
23.53,-4.007,1.442,7.061,5.656
23.54,-4.015,1.436,7.042,5.676
23.55,-4.022,1.43,7.023,5.695
23.56,-4.03,1.424,7.005,5.714
23.57,-4.037,1.418,6.986,5.734
23.58,-4.044,1.411,6.967,5.753
23.59,-4.052,1.405,6.948,5.772
23.6,-4.059,1.398,6.929,5.792
23.61,-4.066,1.392,6.91,5.811
23.62,-4.073,1.385,6.891,5.831
23.63,-4.08,1.378,6.871,5.85
23.64,-4.087,1.372,6.852,5.869
23.65,-4.093,1.365,6.833,5.889
23.66,-4.1,1.358,6.813,5.909
23.67,-4.107,1.351,6.793,5.928
23.68,-4.113,1.343,6.774,5.948
23.69,-4.12,1.336,6.754,5.967
23.7,-4.126,1.329,6.734,5.987
23.71,-4.132,1.321,6.714,6.006
23.72,-4.139,1.314,6.694,6.026
23.73,-4.145,1.306,6.675,6.046
23.74,-4.151,1.299,6.654,6.065
23.75,-4.157,1.291,6.634,6.085
23.76,-4.162,1.283,6.614,6.104
23.77,-4.168,1.275,6.594,6.124
23.78,-4.174,1.267,6.573,6.144
23.79,-4.179,1.259,6.553,6.164
23.8,-4.185,1.25,6.532,6.184
23.81,-4.19,1.242,6.512,6.203
23.82,-4.195,1.234,6.491,6.223
23.83,-4.2,1.225,6.47,6.243
23.84,-4.205,1.216,6.449,6.263
23.85,-4.21,1.208,6.428,6.283
23.86,-4.215,1.199,6.408,6.302
23.87,-4.22,1.19,6.387,6.322
23.88,-4.225,1.181,6.366,6.342
23.89,-4.229,1.171,6.344,6.362
23.9,-4.234,1.162,6.323,6.381
23.91,-4.238,1.153,6.302,6.401
23.92,-4.243,1.143,6.28,6.421
23.93,-4.247,1.134,6.259,6.441
23.94,-4.251,1.124,6.237,6.461
23.95,-4.255,1.114,6.216,6.481
23.96,-4.259,1.104,6.194,6.5
23.97,-4.263,1.094,6.173,6.52
23.98,-4.267,1.084,6.151,6.54
23.99,-4.27,1.074,6.129,6.56
24,-4.274,1.064,6.107,6.58
24.01,-4.277,1.053,6.085,6.599
24.02,-4.281,1.043,6.063,6.619
24.03,-4.284,1.032,6.041,6.639
24.04,-4.287,1.021,6.018,6.659
24.05,-4.29,1.01,5.996,6.678
24.06,-4.294,0.999,5.973,6.698
24.07,-4.297,0.988,5.951,6.718
24.08,-4.299,0.977,5.928,6.738
24.09,-4.302,0.965,5.906,6.758
24.1,-4.305,0.954,5.883,6.777
24.11,-4.308,0.942,5.86,6.797
24.12,-4.31,0.93,5.837,6.817
24.13,-4.313,0.918,5.814,6.836
24.14,-4.315,0.906,5.791,6.856
24.15,-4.317,0.893,5.768,6.876
24.16,-4.319,0.881,5.745,6.895
24.17,-4.321,0.868,5.722,6.915
24.18,-4.323,0.856,5.698,6.935
24.19,-4.325,0.843,5.675,6.954
24.2,-4.327,0.83,5.651,6.974
24.21,-4.329,0.817,5.628,6.993
24.22,-4.33,0.804,5.604,7.013
24.23,-4.332,0.791,5.581,7.032
24.24,-4.333,0.777,5.557,7.051
24.25,-4.334,0.764,5.533,7.071
24.26,-4.335,0.75,5.509,7.09
24.27,-4.336,0.737,5.486,7.11
24.28,-4.337,0.723,5.462,7.129
24.29,-4.338,0.709,5.438,7.148
24.3,-4.339,0.695,5.414,7.167
24.31,-4.339,0.681,5.39,7.186
24.32,-4.34,0.666,5.366,7.205
24.33,-4.34,0.652,5.341,7.224
24.34,-4.34,0.637,5.317,7.243
24.35,-4.34,0.623,5.293,7.262
24.36,-4.34,0.608,5.269,7.281
24.37,-4.34,0.594,5.245,7.3
24.38,-4.34,0.579,5.22,7.319
24.39,-4.34,0.564,5.196,7.337
24.4,-4.339,0.549,5.171,7.356
24.41,-4.338,0.534,5.147,7.374
24.42,-4.337,0.518,5.124,7.392
24.43,-4.336,0.502,5.101,7.41
24.44,-4.333,0.487,5.077,7.429
24.45,-4.332,0.471,5.054,7.446
24.46,-4.331,0.455,5.032,7.463
24.47,-4.33,0.439,5.009,7.48
24.48,-4.328,0.424,4.986,7.497
24.49,-4.326,0.409,4.964,7.514
24.5,-4.324,0.395,4.943,7.53
24.51,-4.322,0.379,4.92,7.547
24.52,-4.32,0.362,4.898,7.563
24.53,-4.318,0.347,4.875,7.58
24.54,-4.316,0.331,4.853,7.596
24.55,-4.313,0.315,4.831,7.612
24.56,-4.31,0.3,4.809,7.628
24.57,-4.308,0.284,4.787,7.644
24.58,-4.305,0.269,4.765,7.66
24.59,-4.303,0.252,4.742,7.675
24.6,-4.301,0.236,4.72,7.691
24.61,-4.297,0.221,4.699,7.707
24.62,-4.294,0.205,4.677,7.722
24.63,-4.291,0.19,4.655,7.737
24.64,-4.287,0.176,4.634,7.753
24.65,-4.282,0.161,4.613,7.768
24.66,-4.278,0.147,4.592,7.783
24.67,-4.273,0.133,4.571,7.798
24.68,-4.269,0.118,4.551,7.813
24.69,-4.267,0.101,4.53,7.826
24.7,-4.267,0.085,4.51,7.838
24.71,-4.268,0.069,4.491,7.849
24.72,-4.268,0.056,4.472,7.859
24.73,-4.267,0.045,4.455,7.869
24.74,-4.266,0.036,4.438,7.879
24.75,-4.264,0.026,4.421,7.89
24.76,-4.263,0.016,4.404,7.9
24.77,-4.26,0.008,4.388,7.911
24.78,-4.256,0.001,4.373,7.921
24.79,-4.252,-0.001,4.359,7.931
24.8,-4.247,-0.003,4.345,7.942
24.81,-4.241,-0.005,4.332,7.952
24.82,-4.236,-0.008,4.318,7.962
24.83,-4.231,-0.011,4.304,7.972
24.84,-4.226,-0.012,4.291,7.982
24.85,-4.219,-0.01,4.279,7.992
24.86,-4.212,-0.008,4.267,8.002
24.87,-4.204,-0.004,4.256,8.012
24.88,-4.196,0,4.246,8.022
24.89,-4.187,0.006,4.236,8.032
24.9,-4.177,0.016,4.228,8.041
24.91,-4.166,0.028,4.221,8.051
24.92,-4.154,0.041,4.215,8.06
24.93,-4.142,0.054,4.209,8.069
24.94,-4.13,0.067,4.202,8.078
24.95,-4.119,0.079,4.196,8.088
24.96,-4.108,0.09,4.189,8.097
24.97,-4.097,0.101,4.182,8.106
24.98,-4.087,0.112,4.175,8.114
24.99,-4.076,0.123,4.168,8.123
25,-4.065,0.133,4.161,8.132
25.01,-4.054,0.145,4.155,8.14
25.02,-4.043,0.156,4.149,8.148
25.03,-4.033,0.167,4.143,8.157
25.04,-4.022,0.178,4.137,8.165
25.05,-4.011,0.189,4.131,8.173
25.06,-4.001,0.2,4.125,8.181
25.07,-3.991,0.21,4.119,8.188
25.08,-3.981,0.22,4.112,8.196
25.09,-3.972,0.228,4.105,8.204
25.1,-3.961,0.238,4.098,8.212
25.11,-3.95,0.249,4.092,8.22
25.12,-3.939,0.259,4.086,8.228
25.13,-3.928,0.27,4.08,8.236
25.14,-3.917,0.281,4.074,8.244
25.15,-3.904,0.297,4.07,8.252
25.16,-3.89,0.315,4.067,8.259
25.17,-3.876,0.333,4.064,8.266
25.18,-3.862,0.351,4.06,8.274
25.19,-3.849,0.368,4.056,8.281
25.2,-3.837,0.384,4.052,8.288
25.21,-3.825,0.4,4.047,8.295
25.22,-3.813,0.416,4.043,8.302
25.23,-3.8,0.432,4.039,8.309
25.24,-3.788,0.448,4.034,8.316
25.25,-3.776,0.464,4.03,8.323
25.26,-3.764,0.48,4.025,8.329
25.27,-3.752,0.497,4.021,8.336
25.28,-3.741,0.513,4.017,8.342
25.29,-3.73,0.528,4.012,8.348
25.3,-3.72,0.542,4.006,8.355
25.31,-3.711,0.552,3.999,8.361
25.32,-3.704,0.559,3.991,8.368
25.33,-3.698,0.564,3.981,8.375
25.34,-3.692,0.568,3.971,8.382
25.35,-3.686,0.571,3.962,8.389
25.36,-3.68,0.574,3.952,8.396
25.37,-3.674,0.576,3.942,8.403
25.38,-3.67,0.576,3.93,8.411
25.39,-3.666,0.573,3.918,8.418
25.4,-3.664,0.567,3.904,8.426
25.41,-3.665,0.556,3.888,8.434
25.42,-3.675,0.524,3.863,8.443
25.43,-3.716,0.43,3.816,8.451
25.44,-3.782,0.282,3.748,8.459
25.45,-3.854,0.116,3.671,8.464
25.46,-3.929,-0.061,3.588,8.466
25.47,-4.014,-0.265,3.492,8.462
25.48,-4.113,-0.507,3.377,8.45
25.49,-4.227,-0.796,3.238,8.426
25.5,-4.409,-1.276,2.999,8.362
25.51,-4.592,-1.826,2.703,8.261
25.52,-4.764,-2.443,2.359,8.109
25.53,-4.911,-3.06,1.993,7.907
25.54,-5.03,-3.662,1.615,7.659
25.55,-5.123,-4.247,1.226,7.362
25.56,-5.188,-4.806,0.829,7.02
25.57,-5.222,-5.34,0.431,6.634
25.58,-5.227,-5.849,0.025,6.201
25.59,-5.199,-6.326,-0.38,5.726
25.6,-5.142,-6.765,-0.782,5.213
25.61,-5.053,-7.163,-1.18,4.663
25.62,-4.934,-7.518,-1.57,4.081
25.63,-4.787,-7.825,-1.948,3.47
25.64,-4.613,-8.082,-2.312,2.836
25.65,-4.414,-8.286,-2.657,2.185
25.66,-4.192,-8.438,-2.984,1.52
25.67,-3.95,-8.535,-3.289,0.847
25.68,-3.689,-8.578,-3.572,0.172
25.69,-3.412,-8.568,-3.831,-0.5
25.7,-3.121,-8.507,-4.065,-1.167
25.71,-2.819,-8.395,-4.272,-1.82
25.72,-2.512,-8.237,-4.451,-2.454
25.73,-2.2,-8.034,-4.603,-3.067
25.74,-1.883,-7.79,-4.729,-3.658
25.75,-1.565,-7.506,-4.831,-4.226
25.76,-1.248,-7.186,-4.908,-4.764
25.77,-0.938,-6.837,-4.959,-5.269
25.78,-0.636,-6.463,-4.986,-5.739
25.79,-0.343,-6.067,-4.992,-6.176
25.8,-0.06,-5.65,-4.979,-6.578
25.81,0.209,-5.22,-4.947,-6.944
25.82,0.464,-4.782,-4.9,-7.273
25.83,0.706,-4.337,-4.838,-7.567
25.84,0.917,-3.903,-4.771,-7.82
25.85,1.114,-3.469,-4.696,-8.041
25.86,1.295,-3.039,-4.615,-8.233
25.87,1.459,-2.617,-4.529,-8.396
25.88,1.609,-2.202,-4.44,-8.534
25.89,1.743,-1.799,-4.349,-8.648
25.9,1.861,-1.41,-4.259,-8.74
25.91,1.963,-1.037,-4.171,-8.812
25.92,2.048,-0.684,-4.087,-8.866
25.93,2.115,-0.357,-4.01,-8.905
25.94,2.163,-0.057,-3.941,-8.931
25.95,2.198,0.22,-3.879,-8.948
25.96,2.214,0.467,-3.827,-8.956
25.97,2.203,0.665,-3.792,-8.961
25.98,2.174,0.829,-3.769,-8.965
25.99,2.133,0.968,-3.754,-8.967
26,2.077,1.077,-3.749,-8.97
26.01,2.004,1.153,-3.754,-8.974
26.02,1.914,1.194,-3.77,-8.982
26.03,1.811,1.207,-3.792,-8.992
26.04,1.693,1.193,-3.821,-9.005
26.05,1.562,1.151,-3.855,-9.02
26.06,1.421,1.088,-3.89,-9.036
26.07,1.269,1.004,-3.926,-9.053
26.08,1.107,0.898,-3.962,-9.07
26.09,0.932,0.769,-3.997,-9.086
26.1,0.749,0.622,-4.028,-9.1
26.11,0.554,0.455,-4.056,-9.112
26.12,0.346,0.26,-4.078,-9.12
26.13,0.119,0.028,-4.095,-9.122
26.14,-0.122,-0.229,-4.101,-9.116
26.15,-0.373,-0.508,-4.096,-9.1
26.16,-0.635,-0.808,-4.076,-9.073
26.17,-0.908,-1.131,-4.04,-9.031
26.18,-1.186,-1.469,-3.986,-8.974
26.19,-1.472,-1.828,-3.902,-8.902
26.2,-1.765,-2.204,-3.795,-8.809
26.21,-2.054,-2.584,-3.667,-8.697
26.22,-2.339,-2.965,-3.516,-8.565
26.23,-2.624,-3.36,-3.337,-8.407
26.24,-2.909,-3.775,-3.128,-8.215
26.25,-3.19,-4.202,-2.885,-7.989
26.26,-3.456,-4.63,-2.61,-7.732
26.27,-3.706,-5.055,-2.304,-7.442
26.28,-3.932,-5.472,-1.969,-7.12
26.29,-4.134,-5.879,-1.606,-6.764
26.3,-4.306,-6.269,-1.218,-6.377
26.31,-4.447,-6.639,-0.807,-5.956
26.32,-4.553,-6.985,-0.375,-5.507
26.33,-4.622,-7.3,0.07,-5.033
26.34,-4.651,-7.581,0.525,-4.539
26.35,-4.639,-7.827,0.987,-4.028
26.36,-4.585,-8.04,1.457,-3.494
26.37,-4.489,-8.212,1.938,-2.94
26.38,-4.348,-8.343,2.413,-2.377
26.39,-4.162,-8.43,2.89,-1.801
26.4,-3.929,-8.472,3.359,-1.218
26.41,-3.652,-8.466,3.816,-0.642
26.42,-3.329,-8.414,4.254,-0.067
26.43,-2.96,-8.317,4.669,0.497
26.44,-2.555,-8.177,5.05,1.041
26.45,-2.117,-7.999,5.394,1.556
26.46,-1.655,-7.789,5.695,2.035
26.47,-1.171,-7.55,5.955,2.479
26.48,-0.668,-7.286,6.172,2.89
26.49,-0.151,-7.001,6.348,3.263
26.5,0.382,-6.696,6.482,3.604
26.51,0.934,-6.37,6.571,3.919
26.52,1.506,-6.023,6.612,4.21
26.53,2.122,-5.667,6.581,4.477
26.54,2.74,-5.299,6.497,4.71
26.55,3.347,-4.93,6.362,4.898
26.56,3.934,-4.564,6.18,5.047
26.57,4.498,-4.209,5.956,5.155
26.58,5.033,-3.864,5.693,5.225
26.59,5.543,-3.534,5.392,5.262
26.6,6.025,-3.218,5.058,5.267
26.61,6.479,-2.918,4.692,5.242
26.62,6.904,-2.631,4.292,5.194
26.63,7.3,-2.357,3.856,5.126
26.64,7.664,-2.092,3.381,5.042
26.65,7.996,-1.837,2.867,4.945
26.66,8.291,-1.596,2.317,4.829
26.67,8.544,-1.371,1.737,4.7
26.68,8.752,-1.163,1.129,4.556
26.69,8.911,-0.976,0.504,4.402
26.7,9.019,-0.811,-0.13,4.239
26.71,9.076,-0.67,-0.772,4.07
26.72,9.081,-0.551,-1.416,3.899
26.73,9.035,-0.456,-2.059,3.729
26.74,8.938,-0.382,-2.698,3.56
26.75,8.79,-0.328,-3.33,3.396
26.76,8.591,-0.293,-3.95,3.238
26.77,8.343,-0.274,-4.556,3.089
26.78,8.046,-0.271,-5.145,2.949
26.79,7.703,-0.281,-5.711,2.82
26.8,7.315,-0.305,-6.251,2.702
26.81,6.887,-0.341,-6.76,2.595
26.82,6.42,-0.383,-7.235,2.503
26.83,5.919,-0.425,-7.674,2.426
26.84,5.386,-0.465,-8.073,2.364
26.85,4.829,-0.505,-8.428,2.317
26.86,4.252,-0.548,-8.74,2.282
26.87,3.662,-0.591,-9.006,2.26
26.88,3.073,-0.632,-9.219,2.268
26.89,2.482,-0.67,-9.389,2.287
26.9,1.895,-0.702,-9.516,2.314
26.91,1.318,-0.73,-9.602,2.348
26.92,0.749,-0.753,-9.652,2.388
26.93,0.196,-0.768,-9.667,2.432
26.94,-0.333,-0.773,-9.65,2.48
26.95,-0.84,-0.771,-9.606,2.532
26.96,-1.329,-0.76,-9.538,2.584
26.97,-1.801,-0.743,-9.446,2.638
26.98,-2.253,-0.716,-9.335,2.694
26.99,-2.686,-0.682,-9.206,2.748
27,-3.098,-0.637,-9.063,2.801
27.01,-3.491,-0.583,-8.907,2.851
27.02,-3.865,-0.52,-8.739,2.9
27.03,-4.222,-0.448,-8.561,2.944
27.04,-4.562,-0.37,-8.374,2.986
27.05,-4.885,-0.282,-8.18,3.022
27.06,-5.19,-0.189,-7.981,3.053
27.07,-5.479,-0.09,-7.777,3.077
27.08,-5.757,0.015,-7.567,3.095
27.09,-6.022,0.125,-7.352,3.107
27.1,-6.275,0.235,-7.13,3.115
27.11,-6.52,0.349,-6.902,3.117
27.12,-6.753,0.464,-6.669,3.114
27.13,-6.972,0.58,-6.434,3.106
27.14,-7.177,0.699,-6.2,3.09
27.15,-7.368,0.817,-5.966,3.07
27.16,-7.548,0.937,-5.733,3.044
27.17,-7.717,1.056,-5.499,3.012
27.18,-7.874,1.176,-5.268,2.973
27.19,-8.02,1.296,-5.041,2.927
27.2,-8.157,1.416,-4.815,2.873
27.21,-8.284,1.536,-4.593,2.813
27.22,-8.4,1.655,-4.376,2.744
27.23,-8.504,1.775,-4.176,2.661
27.24,-8.598,1.895,-3.983,2.569
27.25,-8.684,2.014,-3.798,2.468
27.26,-8.762,2.131,-3.619,2.361
27.27,-8.833,2.246,-3.444,2.246
27.28,-8.898,2.358,-3.276,2.125
27.29,-8.956,2.468,-3.114,1.996
27.3,-9.007,2.574,-2.961,1.859
27.31,-9.053,2.677,-2.815,1.715
27.32,-9.093,2.776,-2.673,1.566
27.33,-9.128,2.87,-2.536,1.412
27.34,-9.159,2.958,-2.404,1.254
27.35,-9.184,3.042,-2.277,1.093
27.36,-9.205,3.12,-2.156,0.927
27.37,-9.222,3.194,-2.04,0.758
27.38,-9.235,3.262,-1.926,0.585
27.39,-9.245,3.324,-1.815,0.409
27.4,-9.251,3.382,-1.707,0.23
27.41,-9.254,3.434,-1.6,0.048
27.42,-9.253,3.48,-1.493,-0.135
27.43,-9.25,3.52,-1.387,-0.321
27.44,-9.244,3.554,-1.28,-0.508
27.45,-9.236,3.581,-1.174,-0.696
27.46,-9.224,3.603,-1.067,-0.884
27.47,-9.21,3.617,-0.961,-1.07
27.48,-9.194,3.625,-0.854,-1.256
27.49,-9.176,3.626,-0.747,-1.441
27.5,-9.156,3.62,-0.639,-1.624
27.51,-9.134,3.607,-0.53,-1.806
27.52,-9.11,3.587,-0.419,-1.986
27.53,-9.085,3.561,-0.307,-2.162
27.54,-9.058,3.527,-0.195,-2.334
27.55,-9.031,3.487,-0.083,-2.502
27.56,-9.003,3.439,0.03,-2.664
27.57,-8.978,3.382,0.145,-2.816
27.58,-8.951,3.32,0.259,-2.961
27.59,-8.925,3.254,0.373,-3.099
27.6,-8.899,3.184,0.485,-3.228
27.61,-8.873,3.112,0.594,-3.35
27.62,-8.847,3.038,0.703,-3.463
27.63,-8.822,2.962,0.808,-3.568
27.64,-8.797,2.887,0.911,-3.665
27.65,-8.773,2.811,1.011,-3.755
27.66,-8.749,2.735,1.109,-3.837
27.67,-8.726,2.661,1.203,-3.912
27.68,-8.705,2.589,1.294,-3.978
27.69,-8.686,2.52,1.38,-4.036
27.7,-8.668,2.452,1.462,-4.087
27.71,-8.652,2.389,1.54,-4.13
27.72,-8.637,2.329,1.612,-4.167
27.73,-8.625,2.272,1.679,-4.197
27.74,-8.615,2.22,1.741,-4.221
27.75,-8.607,2.172,1.796,-4.238
27.76,-8.6,2.127,1.848,-4.252
27.77,-8.596,2.087,1.895,-4.26
27.78,-8.594,2.051,1.936,-4.263
27.79,-8.594,2.019,1.972,-4.262
27.8,-8.596,1.991,2.004,-4.255
27.81,-8.601,1.968,2.031,-4.244
27.82,-8.609,1.95,2.052,-4.227
27.83,-8.619,1.935,2.067,-4.204
27.84,-8.633,1.925,2.078,-4.175
27.85,-8.65,1.919,2.082,-4.14
27.86,-8.67,1.916,2.082,-4.1
27.87,-8.693,1.918,2.076,-4.052
27.88,-8.72,1.923,2.064,-3.998
27.89,-8.751,1.932,2.046,-3.936
27.9,-8.783,1.945,2.024,-3.869
27.91,-8.817,1.96,1.997,-3.796
27.92,-8.856,1.978,1.961,-3.713
27.93,-8.898,1.999,1.921,-3.624
27.94,-8.941,2.02,1.876,-3.529
27.95,-8.985,2.041,1.827,-3.428
27.96,-9.03,2.062,1.773,-3.323
27.97,-9.076,2.084,1.715,-3.213
27.98,-9.122,2.104,1.653,-3.1
27.99,-9.168,2.124,1.588,-2.983
28,-9.213,2.141,1.52,-2.863
28.01,-9.258,2.157,1.45,-2.741
28.02,-9.302,2.17,1.377,-2.616
28.03,-9.345,2.182,1.301,-2.49
28.04,-9.387,2.19,1.224,-2.361
28.05,-9.427,2.197,1.146,-2.232
28.06,-9.465,2.201,1.066,-2.101
28.07,-9.502,2.202,0.986,-1.97
28.08,-9.536,2.2,0.907,-1.839
28.09,-9.569,2.194,0.829,-1.709
28.1,-9.599,2.186,0.753,-1.58
28.11,-9.627,2.176,0.677,-1.452
28.12,-9.653,2.164,0.603,-1.325
28.13,-9.677,2.149,0.529,-1.201
28.14,-9.699,2.133,0.457,-1.079
28.15,-9.718,2.114,0.385,-0.96
28.16,-9.736,2.094,0.315,-0.845
28.17,-9.751,2.073,0.246,-0.734
28.18,-9.765,2.051,0.178,-0.626
28.19,-9.777,2.028,0.11,-0.521
28.2,-9.787,2.005,0.042,-0.419
28.21,-9.796,1.982,-0.025,-0.321
28.22,-9.802,1.96,-0.094,-0.228
28.23,-9.807,1.938,-0.162,-0.14
28.24,-9.811,1.918,-0.232,-0.057
28.25,-9.812,1.901,-0.303,0.019
28.26,-9.812,1.889,-0.377,0.084
28.27,-9.81,1.88,-0.452,0.144
28.28,-9.806,1.875,-0.529,0.198
28.29,-9.801,1.872,-0.609,0.247
28.3,-9.794,1.873,-0.691,0.291
28.31,-9.785,1.878,-0.775,0.33
28.32,-9.775,1.886,-0.861,0.365
28.33,-9.764,1.897,-0.95,0.394
28.34,-9.75,1.912,-1.041,0.42
28.35,-9.735,1.93,-1.134,0.441
28.36,-9.719,1.952,-1.231,0.458
28.37,-9.7,1.978,-1.33,0.469
28.38,-9.679,2.007,-1.432,0.476
28.39,-9.656,2.04,-1.537,0.479
28.4,-9.63,2.078,-1.645,0.477
28.41,-9.602,2.119,-1.756,0.471
28.42,-9.57,2.164,-1.87,0.461
28.43,-9.537,2.213,-1.985,0.447
28.44,-9.499,2.266,-2.104,0.43
28.45,-9.459,2.323,-2.225,0.409
28.46,-9.415,2.384,-2.348,0.385
28.47,-9.367,2.449,-2.472,0.358
28.48,-9.316,2.517,-2.598,0.327
28.49,-9.261,2.59,-2.726,0.295
28.5,-9.201,2.666,-2.855,0.26
28.51,-9.137,2.746,-2.984,0.224
28.52,-9.069,2.829,-3.113,0.187
28.53,-8.997,2.916,-3.242,0.148
28.54,-8.921,3.005,-3.37,0.108
28.55,-8.841,3.097,-3.497,0.067
28.56,-8.756,3.192,-3.624,0.025
28.57,-8.666,3.29,-3.75,-0.016
28.58,-8.572,3.389,-3.875,-0.058
28.59,-8.474,3.491,-3.997,-0.1
28.6,-8.371,3.595,-4.119,-0.143
28.61,-8.262,3.703,-4.24,-0.184
28.62,-8.149,3.811,-4.36,-0.225
28.63,-8.031,3.92,-4.478,-0.264
28.64,-7.908,4.029,-4.597,-0.302
28.65,-7.78,4.138,-4.714,-0.337
28.66,-7.648,4.246,-4.83,-0.368
28.67,-7.511,4.353,-4.945,-0.396
28.68,-7.37,4.459,-5.06,-0.421
28.69,-7.224,4.563,-5.174,-0.443
28.7,-7.074,4.665,-5.288,-0.461
28.71,-6.919,4.765,-5.401,-0.476
28.72,-6.761,4.861,-5.514,-0.488
28.73,-6.599,4.955,-5.625,-0.495
28.74,-6.433,5.045,-5.735,-0.498
28.75,-6.265,5.131,-5.844,-0.498
28.76,-6.094,5.214,-5.951,-0.495
28.77,-5.922,5.293,-6.055,-0.488
28.78,-5.749,5.367,-6.156,-0.48
28.79,-5.575,5.437,-6.255,-0.467
28.8,-5.401,5.503,-6.35,-0.452
28.81,-5.229,5.563,-6.442,-0.434
28.82,-5.058,5.62,-6.531,-0.416
28.83,-4.889,5.67,-6.616,-0.397
28.84,-4.724,5.716,-6.697,-0.379
28.85,-4.561,5.757,-6.776,-0.36
28.86,-4.401,5.792,-6.852,-0.339
28.87,-4.243,5.823,-6.926,-0.32
28.88,-4.09,5.848,-6.998,-0.302
28.89,-3.94,5.867,-7.068,-0.285
28.9,-3.794,5.881,-7.137,-0.269
28.91,-3.651,5.888,-7.205,-0.253
28.92,-3.512,5.89,-7.273,-0.239
28.93,-3.376,5.886,-7.341,-0.225
28.94,-3.24,5.877,-7.41,-0.211
28.95,-3.106,5.858,-7.482,-0.197
28.96,-2.972,5.835,-7.554,-0.182
28.97,-2.838,5.808,-7.627,-0.166
28.98,-2.702,5.776,-7.701,-0.15
28.99,-2.566,5.738,-7.775,-0.133
29,-2.429,5.696,-7.85,-0.116
29.01,-2.294,5.645,-7.928,-0.096
29.02,-2.158,5.59,-8.005,-0.078
29.03,-2.02,5.527,-8.084,-0.058
29.04,-1.875,5.463,-8.162,-0.037
29.05,-1.72,5.396,-8.24,-0.011
29.06,-1.553,5.329,-8.317,0.016
29.07,-1.374,5.261,-8.391,0.046
29.08,-1.185,5.192,-8.463,0.078
29.09,-0.985,5.123,-8.53,0.113
29.1,-0.774,5.053,-8.593,0.15
29.11,-0.551,4.981,-8.651,0.188
29.12,-0.318,4.909,-8.703,0.228
29.13,-0.074,4.837,-8.747,0.27
29.14,0.177,4.765,-8.784,0.312
29.15,0.436,4.688,-8.814,0.365
29.16,0.696,4.609,-8.837,0.412
29.17,0.963,4.526,-8.852,0.468
29.18,1.238,4.443,-8.857,0.526
29.19,1.519,4.36,-8.85,0.584
29.2,1.801,4.279,-8.833,0.64
29.21,2.084,4.196,-8.806,0.697
29.22,2.365,4.112,-8.77,0.756
29.23,2.64,4.025,-8.726,0.814
29.24,2.917,3.934,-8.674,0.873
29.25,3.193,3.841,-8.612,0.934
29.26,3.464,3.741,-8.543,1.001
29.27,3.728,3.637,-8.469,1.068
29.28,3.989,3.526,-8.387,1.136
29.29,4.248,3.416,-8.296,1.198
29.3,4.508,3.306,-8.195,1.253
29.31,4.767,3.194,-8.084,1.307
29.32,5.023,3.08,-7.964,1.358
29.33,5.277,2.967,-7.833,1.405
29.34,5.526,2.855,-7.694,1.449
29.35,5.77,2.744,-7.547,1.487
29.36,6.01,2.633,-7.39,1.523
29.37,6.244,2.524,-7.226,1.554
29.38,6.473,2.417,-7.053,1.581
29.39,6.698,2.31,-6.871,1.604
29.4,6.916,2.206,-6.682,1.623
29.41,7.128,2.104,-6.486,1.638
29.42,7.331,2.006,-6.284,1.651
29.43,7.525,1.911,-6.078,1.662
29.44,7.71,1.82,-5.868,1.671
29.45,7.888,1.732,-5.652,1.678
29.46,8.057,1.646,-5.434,1.683
29.47,8.218,1.563,-5.211,1.686
29.48,8.373,1.481,-4.984,1.689
29.49,8.519,1.4,-4.753,1.69
29.5,8.659,1.319,-4.518,1.692
29.51,8.79,1.239,-4.281,1.692
29.52,8.913,1.16,-4.042,1.692
29.53,9.028,1.082,-3.802,1.691
29.54,9.136,1.003,-3.559,1.69
29.55,9.236,0.924,-3.313,1.688
29.56,9.33,0.844,-3.064,1.686
29.57,9.416,0.763,-2.812,1.684
29.58,9.496,0.681,-2.554,1.681
29.59,9.569,0.598,-2.292,1.678
29.6,9.634,0.514,-2.025,1.674
29.61,9.692,0.43,-1.757,1.668
29.62,9.742,0.347,-1.486,1.66
29.63,9.784,0.265,-1.214,1.65
29.64,9.817,0.188,-0.943,1.639
29.65,9.843,0.113,-0.673,1.627
29.66,9.86,0.042,-0.404,1.614
29.67,9.87,-0.025,-0.136,1.601
29.68,9.871,-0.088,0.129,1.588
29.69,9.866,-0.147,0.393,1.576
29.7,9.852,-0.202,0.655,1.565
29.71,9.832,-0.252,0.916,1.554
29.72,9.804,-0.298,1.175,1.546
29.73,9.77,-0.34,1.432,1.54
29.74,9.728,-0.378,1.687,1.536
29.75,9.68,-0.413,1.939,1.534
29.76,9.625,-0.446,2.189,1.534
29.77,9.564,-0.476,2.436,1.536
29.78,9.497,-0.504,2.679,1.539
29.79,9.423,-0.531,2.919,1.543
29.8,9.345,-0.556,3.154,1.549
29.81,9.261,-0.579,3.386,1.555
29.82,9.173,-0.6,3.611,1.563
29.83,9.08,-0.619,3.832,1.57
29.84,8.985,-0.637,4.045,1.579
29.85,8.886,-0.652,4.253,1.587
29.86,8.784,-0.666,4.453,1.596
29.87,8.682,-0.676,4.645,1.605
29.88,8.579,-0.684,4.829,1.614
29.89,8.476,-0.689,5.003,1.624
29.9,8.374,-0.691,5.168,1.634
29.91,8.275,-0.688,5.322,1.645
29.92,8.182,-0.68,5.462,1.655
29.93,8.095,-0.666,5.589,1.667
29.94,8.015,-0.645,5.702,1.679
29.95,7.941,-0.619,5.804,1.692
29.96,7.873,-0.587,5.894,1.706
29.97,7.811,-0.55,5.975,1.721
29.98,7.756,-0.507,6.046,1.736
29.99,7.714,-0.454,6.099,1.751
30,7.678,-0.396,6.145,1.766
30.01,7.646,-0.333,6.184,1.78
30.02,7.619,-0.267,6.217,1.793
30.03,7.593,-0.198,6.247,1.804
30.04,7.571,-0.126,6.274,1.814
30.05,7.55,-0.053,6.298,1.822
30.06,7.531,0.022,6.319,1.828
30.07,7.514,0.099,6.338,1.831
30.08,7.498,0.177,6.354,1.831
30.09,7.484,0.257,6.369,1.828
30.1,7.472,0.338,6.381,1.82
30.11,7.462,0.419,6.392,1.809
30.12,7.453,0.501,6.401,1.793
30.13,7.445,0.583,6.409,1.773
30.14,7.439,0.665,6.415,1.748
30.15,7.434,0.747,6.42,1.718
30.16,7.432,0.83,6.421,1.684
30.17,7.432,0.913,6.42,1.644
30.18,7.435,0.996,6.415,1.6
30.19,7.441,1.08,6.407,1.552
30.2,7.448,1.164,6.396,1.498
30.21,7.458,1.247,6.382,1.439
30.22,7.47,1.33,6.366,1.374
30.23,7.483,1.411,6.348,1.303
30.24,7.498,1.492,6.327,1.226
30.25,7.513,1.571,6.306,1.144
30.26,7.528,1.648,6.283,1.058
30.27,7.542,1.722,6.261,0.967
30.28,7.556,1.794,6.238,0.872
30.29,7.569,1.864,6.214,0.774
30.3,7.582,1.931,6.19,0.674
30.31,7.594,1.997,6.164,0.572
30.32,7.605,2.061,6.138,0.468
30.33,7.613,2.122,6.115,0.361
30.34,7.617,2.179,6.095,0.255
30.35,7.618,2.235,6.077,0.149
30.36,7.613,2.285,6.066,0.044
30.37,7.603,2.33,6.062,-0.058
30.38,7.59,2.371,6.061,-0.159
30.39,7.574,2.406,6.063,-0.258
30.4,7.553,2.438,6.072,-0.355
30.41,7.526,2.462,6.089,-0.446
30.42,7.496,2.481,6.112,-0.533
30.43,7.465,2.496,6.136,-0.618
30.44,7.435,2.506,6.159,-0.703
30.45,7.403,2.512,6.184,-0.786
30.46,7.371,2.512,6.212,-0.867
30.47,7.338,2.507,6.241,-0.945
30.48,7.305,2.498,6.272,-1.022
30.49,7.271,2.486,6.303,-1.097
30.5,7.236,2.47,6.337,-1.17
30.51,7.197,2.452,6.374,-1.24
30.52,7.156,2.431,6.416,-1.308
30.53,7.111,2.408,6.46,-1.373
30.54,7.062,2.383,6.509,-1.435
30.55,7.008,2.357,6.563,-1.494
30.56,6.949,2.332,6.622,-1.55
30.57,6.885,2.306,6.686,-1.601
30.58,6.812,2.28,6.757,-1.647
30.59,6.733,2.255,6.835,-1.688
30.6,6.646,2.23,6.919,-1.724
30.61,6.551,2.205,7.008,-1.756
30.62,6.449,2.182,7.103,-1.783
30.63,6.339,2.159,7.202,-1.806
30.64,6.22,2.137,7.308,-1.825
30.65,6.093,2.115,7.416,-1.84
30.66,5.96,2.093,7.527,-1.852
30.67,5.822,2.069,7.638,-1.862
30.68,5.678,2.044,7.75,-1.871
30.69,5.53,2.018,7.861,-1.879
30.7,5.38,1.991,7.97,-1.887
30.71,5.227,1.963,8.076,-1.894
30.72,5.073,1.933,8.179,-1.901
30.73,4.915,1.904,8.28,-1.907
30.74,4.755,1.875,8.379,-1.912
30.75,4.589,1.846,8.476,-1.916
30.76,4.418,1.818,8.572,-1.919
30.77,4.239,1.791,8.667,-1.921
30.78,4.053,1.767,8.76,-1.922
30.79,3.859,1.744,8.852,-1.921
30.8,3.657,1.724,8.942,-1.919
30.81,3.446,1.706,9.029,-1.915
30.82,3.225,1.691,9.115,-1.91
30.83,2.993,1.678,9.197,-1.902
30.84,2.75,1.669,9.277,-1.892
30.85,2.496,1.662,9.352,-1.88
30.86,2.229,1.659,9.423,-1.864
30.87,1.95,1.659,9.488,-1.844
30.88,1.66,1.661,9.547,-1.822
30.89,1.36,1.666,9.599,-1.796
30.9,1.05,1.673,9.642,-1.767
30.91,0.731,1.681,9.676,-1.734
30.92,0.404,1.691,9.699,-1.699
30.93,0.071,1.702,9.712,-1.662
30.94,-0.264,1.714,9.713,-1.622
30.95,-0.602,1.725,9.703,-1.581
30.96,-0.94,1.737,9.681,-1.539
30.97,-1.277,1.748,9.647,-1.495
30.98,-1.613,1.759,9.601,-1.45
30.99,-1.947,1.771,9.544,-1.403
31,-2.279,1.782,9.475,-1.355
31.01,-2.608,1.794,9.395,-1.304
31.02,-2.933,1.806,9.303,-1.252
31.03,-3.254,1.82,9.201,-1.194
31.04,-3.569,1.834,9.088,-1.134
31.05,-3.877,1.847,8.966,-1.07
31.06,-4.178,1.86,8.835,-1.004
31.07,-4.47,1.872,8.696,-0.935
31.08,-4.754,1.882,8.55,-0.863
31.09,-5.029,1.892,8.396,-0.789
31.1,-5.295,1.899,8.236,-0.713
31.11,-5.551,1.905,8.071,-0.634
31.12,-5.798,1.909,7.901,-0.554
31.13,-6.034,1.91,7.726,-0.471
31.14,-6.261,1.91,7.549,-0.388
31.15,-6.476,1.907,7.37,-0.304
31.16,-6.681,1.901,7.19,-0.22
31.17,-6.874,1.892,7.01,-0.135
31.18,-7.055,1.88,6.832,-0.05
31.19,-7.226,1.865,6.655,0.033
31.2,-7.386,1.848,6.481,0.118
31.21,-7.536,1.829,6.309,0.202
31.22,-7.679,1.808,6.138,0.285
31.23,-7.813,1.784,5.968,0.369
31.24,-7.942,1.759,5.798,0.452
31.25,-8.064,1.732,5.627,0.535
31.26,-8.182,1.704,5.455,0.619
31.27,-8.295,1.674,5.28,0.702
31.28,-8.405,1.642,5.102,0.786
31.29,-8.512,1.609,4.918,0.871
31.3,-8.615,1.574,4.729,0.958
31.31,-8.717,1.538,4.533,1.045
31.32,-8.816,1.499,4.329,1.133
31.33,-8.912,1.457,4.117,1.221
31.34,-9.006,1.413,3.895,1.309
31.35,-9.096,1.365,3.664,1.398
31.36,-9.183,1.315,3.423,1.487
31.37,-9.269,1.26,3.163,1.577
31.38,-9.349,1.203,2.893,1.665
31.39,-9.423,1.142,2.612,1.751
31.4,-9.49,1.078,2.322,1.837
31.41,-9.549,1.01,2.022,1.92
31.42,-9.6,0.94,1.713,2.002
31.43,-9.642,0.866,1.394,2.081
31.44,-9.673,0.788,1.066,2.157
31.45,-9.694,0.708,0.729,2.23
31.46,-9.704,0.624,0.385,2.299
31.47,-9.701,0.537,0.035,2.363
31.48,-9.686,0.448,-0.32,2.423
31.49,-9.657,0.355,-0.681,2.478
31.5,-9.614,0.26,-1.045,2.528
31.51,-9.558,0.161,-1.413,2.572
31.52,-9.486,0.058,-1.784,2.611
31.53,-9.398,-0.048,-2.161,2.644
31.54,-9.293,-0.159,-2.544,2.67
31.55,-9.171,-0.274,-2.929,2.689
31.56,-9.03,-0.393,-3.315,2.701
31.57,-8.871,-0.517,-3.701,2.706
31.58,-8.693,-0.643,-4.087,2.701
31.59,-8.497,-0.771,-4.469,2.687
31.6,-8.281,-0.899,-4.846,2.666
31.61,-8.048,-1.026,-5.217,2.636
31.62,-7.796,-1.15,-5.579,2.598
31.63,-7.527,-1.272,-5.933,2.552
31.64,-7.241,-1.39,-6.276,2.497
31.65,-6.94,-1.505,-6.605,2.435
31.66,-6.626,-1.615,-6.92,2.365
31.67,-6.301,-1.718,-7.216,2.291
31.68,-5.969,-1.813,-7.495,2.212
31.69,-5.631,-1.902,-7.754,2.131
31.7,-5.289,-1.982,-7.993,2.047
31.71,-4.943,-2.055,-8.215,1.961
31.72,-4.596,-2.117,-8.417,1.88
31.73,-4.246,-2.172,-8.602,1.8
31.74,-3.895,-2.222,-8.77,1.72
31.75,-3.542,-2.266,-8.922,1.643
31.76,-3.191,-2.306,-9.057,1.567
31.77,-2.841,-2.341,-9.176,1.493
31.78,-2.492,-2.373,-9.28,1.42
31.79,-2.144,-2.4,-9.37,1.35
31.8,-1.795,-2.425,-9.447,1.281
31.81,-1.448,-2.446,-9.51,1.213
31.82,-1.105,-2.463,-9.559,1.148
31.83,-0.766,-2.476,-9.596,1.086
31.84,-0.431,-2.487,-9.621,1.026
31.85,-0.101,-2.493,-9.634,0.969
31.86,0.222,-2.496,-9.637,0.914
31.87,0.539,-2.497,-9.629,0.863
31.88,0.847,-2.495,-9.611,0.815
31.89,1.145,-2.491,-9.585,0.77
31.9,1.432,-2.485,-9.551,0.728
31.91,1.709,-2.477,-9.511,0.688
31.92,1.973,-2.468,-9.464,0.65
31.93,2.228,-2.458,-9.413,0.614
31.94,2.475,-2.448,-9.356,0.58
31.95,2.712,-2.436,-9.295,0.547
31.96,2.941,-2.425,-9.23,0.516
31.97,3.162,-2.413,-9.161,0.485
31.98,3.376,-2.401,-9.089,0.456
31.99,3.584,-2.389,-9.014,0.428
32,3.786,-2.377,-8.935,0.401
32.01,3.983,-2.365,-8.854,0.376
32.02,4.176,-2.354,-8.768,0.35
32.03,4.365,-2.342,-8.68,0.323
32.04,4.551,-2.331,-8.588,0.295
32.05,4.735,-2.32,-8.492,0.265
32.06,4.916,-2.31,-8.392,0.23
32.07,5.095,-2.299,-8.289,0.194
32.08,5.271,-2.288,-8.182,0.156
32.09,5.442,-2.274,-8.074,0.114
32.1,5.609,-2.26,-7.963,0.071
32.11,5.772,-2.243,-7.851,0.025
32.12,5.93,-2.224,-7.738,-0.022
32.13,6.08,-2.202,-7.627,-0.071
32.14,6.221,-2.177,-7.519,-0.122
32.15,6.353,-2.148,-7.415,-0.174
32.16,6.476,-2.116,-7.316,-0.226
32.17,6.589,-2.081,-7.222,-0.28
32.18,6.692,-2.043,-7.136,-0.333
32.19,6.785,-2.002,-7.056,-0.386
32.2,6.868,-1.959,-6.985,-0.439
32.21,6.942,-1.913,-6.921,-0.49
32.22,7.006,-1.866,-6.865,-0.541
32.23,7.061,-1.818,-6.818,-0.591
32.24,7.107,-1.768,-6.777,-0.641
32.25,7.146,-1.717,-6.745,-0.689
32.26,7.177,-1.665,-6.72,-0.738
32.27,7.201,-1.613,-6.701,-0.785
32.28,7.218,-1.56,-6.69,-0.831
32.29,7.227,-1.505,-6.688,-0.878
32.3,7.228,-1.45,-6.692,-0.924
32.31,7.221,-1.395,-6.704,-0.971
32.32,7.208,-1.339,-6.723,-1.018
32.33,7.186,-1.284,-6.75,-1.065
32.34,7.157,-1.228,-6.783,-1.113
32.35,7.121,-1.172,-6.823,-1.161
32.36,7.079,-1.117,-6.868,-1.21
32.37,7.03,-1.061,-6.918,-1.259
32.38,6.973,-1.006,-6.973,-1.31
32.39,6.91,-0.952,-7.034,-1.361
32.4,6.841,-0.898,-7.098,-1.414
32.41,6.758,-0.845,-7.172,-1.469
32.42,6.669,-0.793,-7.25,-1.525
32.43,6.572,-0.741,-7.33,-1.583
32.44,6.468,-0.69,-7.414,-1.641
32.45,6.358,-0.639,-7.501,-1.7
32.46,6.242,-0.589,-7.588,-1.759
32.47,6.121,-0.539,-7.676,-1.819
32.48,5.993,-0.491,-7.765,-1.879
32.49,5.857,-0.443,-7.856,-1.939
32.5,5.713,-0.396,-7.949,-1.999
32.51,5.561,-0.35,-8.044,-2.057
32.52,5.4,-0.306,-8.14,-2.116
32.53,5.228,-0.265,-8.237,-2.174
32.54,5.047,-0.227,-8.336,-2.231
32.55,4.857,-0.193,-8.434,-2.287
32.56,4.656,-0.163,-8.532,-2.342
32.57,4.444,-0.137,-8.63,-2.397
32.58,4.222,-0.114,-8.726,-2.45
32.59,3.99,-0.097,-8.82,-2.504
32.6,3.747,-0.085,-8.911,-2.555
32.61,3.495,-0.077,-8.998,-2.607
32.62,3.232,-0.074,-9.081,-2.657
32.63,2.96,-0.076,-9.16,-2.705
32.64,2.68,-0.084,-9.231,-2.753
32.65,2.39,-0.096,-9.297,-2.798
32.66,2.091,-0.113,-9.356,-2.842
32.67,1.782,-0.134,-9.407,-2.882
32.68,1.465,-0.159,-9.449,-2.92
32.69,1.139,-0.188,-9.482,-2.956
32.7,0.804,-0.22,-9.506,-2.989
32.71,0.459,-0.255,-9.518,-3.019
32.72,0.105,-0.292,-9.519,-3.046
32.73,-0.254,-0.33,-9.507,-3.072
32.74,-0.617,-0.367,-9.481,-3.095
32.75,-0.984,-0.405,-9.44,-3.12
32.76,-1.352,-0.441,-9.385,-3.143
32.77,-1.72,-0.476,-9.317,-3.163
32.78,-2.087,-0.508,-9.233,-3.181
32.79,-2.452,-0.538,-9.136,-3.197
32.8,-2.813,-0.567,-9.024,-3.212
32.81,-3.173,-0.595,-8.897,-3.225
32.82,-3.531,-0.622,-8.756,-3.236
32.83,-3.884,-0.647,-8.6,-3.244
32.84,-4.233,-0.673,-8.428,-3.252
32.85,-4.575,-0.697,-8.243,-3.258
32.86,-4.91,-0.722,-8.043,-3.265
32.87,-5.24,-0.745,-7.828,-3.27
32.88,-5.562,-0.769,-7.597,-3.277
32.89,-5.877,-0.793,-7.351,-3.283
32.9,-6.184,-0.818,-7.09,-3.289
32.91,-6.481,-0.842,-6.813,-3.295
32.92,-6.768,-0.867,-6.522,-3.301
32.93,-7.043,-0.891,-6.216,-3.308
32.94,-7.306,-0.915,-5.897,-3.315
32.95,-7.555,-0.939,-5.566,-3.322
32.96,-7.788,-0.962,-5.226,-3.33
32.97,-8.005,-0.984,-4.878,-3.339
32.98,-8.203,-1.004,-4.523,-3.35
32.99,-8.384,-1.022,-4.164,-3.363
33,-8.546,-1.04,-3.802,-3.377
33.01,-8.691,-1.056,-3.438,-3.394
33.02,-8.818,-1.073,-3.071,-3.412
33.03,-8.929,-1.09,-2.7,-3.43
33.04,-9.024,-1.109,-2.326,-3.45
33.05,-9.103,-1.129,-1.951,-3.47
33.06,-9.165,-1.151,-1.576,-3.49
33.07,-9.211,-1.174,-1.202,-3.51
33.08,-9.241,-1.199,-0.833,-3.53
33.09,-9.256,-1.225,-0.468,-3.548
33.1,-9.255,-1.256,-0.115,-3.569
33.11,-9.241,-1.286,0.231,-3.589
33.12,-9.216,-1.316,0.568,-3.606
33.13,-9.179,-1.347,0.897,-3.622
33.14,-9.132,-1.376,1.217,-3.635
33.15,-9.077,-1.405,1.528,-3.646
33.16,-9.013,-1.432,1.829,-3.655
33.17,-8.942,-1.458,2.12,-3.661
33.18,-8.865,-1.483,2.401,-3.665
33.19,-8.781,-1.508,2.675,-3.667
33.2,-8.692,-1.532,2.939,-3.666
33.21,-8.597,-1.557,3.196,-3.665
33.22,-8.497,-1.582,3.447,-3.661
33.23,-8.391,-1.608,3.692,-3.655
33.24,-8.279,-1.636,3.931,-3.648
33.25,-8.163,-1.665,4.165,-3.638
33.26,-8.04,-1.697,4.395,-3.625
33.27,-7.912,-1.731,4.622,-3.608
33.28,-7.778,-1.767,4.847,-3.588
33.29,-7.638,-1.807,5.068,-3.564
33.3,-7.492,-1.848,5.285,-3.536
33.31,-7.344,-1.891,5.495,-3.504
33.32,-7.194,-1.932,5.697,-3.469
33.33,-7.044,-1.973,5.89,-3.431
33.34,-6.896,-2.011,6.073,-3.391
33.35,-6.75,-2.047,6.246,-3.349
33.36,-6.609,-2.08,6.408,-3.304
33.37,-6.473,-2.109,6.559,-3.258
33.38,-6.343,-2.133,6.7,-3.212
33.39,-6.219,-2.152,6.831,-3.164
33.4,-6.106,-2.164,6.95,-3.117
33.41,-6.002,-2.17,7.059,-3.07
33.42,-5.91,-2.169,7.156,-3.022
33.43,-5.832,-2.16,7.242,-2.975
33.44,-5.78,-2.138,7.308,-2.931
33.45,-5.741,-2.108,7.364,-2.888
33.46,-5.714,-2.072,7.412,-2.848
33.47,-5.697,-2.029,7.451,-2.809
33.48,-5.689,-1.982,7.484,-2.772
33.49,-5.687,-1.932,7.511,-2.736
33.5,-5.692,-1.878,7.533,-2.702
33.51,-5.704,-1.822,7.551,-2.668
33.52,-5.72,-1.763,7.564,-2.636
33.53,-5.739,-1.702,7.574,-2.605
33.54,-5.76,-1.642,7.582,-2.574
33.55,-5.781,-1.582,7.589,-2.544
33.56,-5.801,-1.523,7.596,-2.514
33.57,-5.818,-1.465,7.604,-2.484
33.58,-5.831,-1.41,7.613,-2.455
33.59,-5.841,-1.358,7.625,-2.426
33.6,-5.845,-1.308,7.639,-2.398
33.61,-5.845,-1.261,7.655,-2.371
33.62,-5.841,-1.216,7.674,-2.344
33.63,-5.832,-1.174,7.695,-2.318
33.64,-5.82,-1.135,7.718,-2.293
33.65,-5.804,-1.097,7.743,-2.269
33.66,-5.783,-1.062,7.769,-2.246
33.67,-5.759,-1.029,7.798,-2.225
33.68,-5.732,-0.997,7.828,-2.205
33.69,-5.703,-0.967,7.858,-2.186
33.7,-5.673,-0.937,7.888,-2.168
33.71,-5.643,-0.908,7.917,-2.153
33.72,-5.612,-0.88,7.946,-2.139
33.73,-5.58,-0.851,7.975,-2.127
33.74,-5.547,-0.823,8.003,-2.117
33.75,-5.513,-0.796,8.032,-2.11
33.76,-5.477,-0.768,8.061,-2.104
33.77,-5.438,-0.742,8.089,-2.102
33.78,-5.398,-0.716,8.119,-2.101
33.79,-5.352,-0.693,8.15,-2.106
33.8,-5.302,-0.672,8.183,-2.112
33.81,-5.248,-0.653,8.217,-2.122
33.82,-5.189,-0.637,8.252,-2.133
33.83,-5.125,-0.624,8.29,-2.147
33.84,-5.056,-0.614,8.329,-2.164
33.85,-4.981,-0.608,8.37,-2.182
33.86,-4.9,-0.606,8.412,-2.201
33.87,-4.814,-0.609,8.456,-2.222
33.88,-4.724,-0.618,8.5,-2.244
33.89,-4.631,-0.63,8.544,-2.268
33.9,-4.535,-0.647,8.587,-2.292
33.91,-4.439,-0.667,8.629,-2.318
33.92,-4.343,-0.69,8.669,-2.344
33.93,-4.247,-0.717,8.707,-2.372
33.94,-4.151,-0.748,8.743,-2.399
33.95,-4.055,-0.782,8.777,-2.428
33.96,-3.961,-0.819,8.809,-2.456
33.97,-3.868,-0.858,8.838,-2.485
33.98,-3.775,-0.9,8.866,-2.514
33.99,-3.684,-0.945,8.891,-2.545
34,-3.593,-0.991,8.914,-2.575
34.01,-3.504,-1.04,8.935,-2.606
34.02,-3.415,-1.089,8.954,-2.638
34.03,-3.327,-1.14,8.971,-2.671
34.04,-3.24,-1.192,8.986,-2.704
34.05,-3.154,-1.245,8.999,-2.738
34.06,-3.07,-1.297,9.011,-2.772
34.07,-2.988,-1.349,9.02,-2.807
34.08,-2.91,-1.399,9.026,-2.843
34.09,-2.836,-1.448,9.031,-2.879
34.1,-2.764,-1.496,9.033,-2.916
34.11,-2.695,-1.543,9.034,-2.953
34.12,-2.627,-1.591,9.034,-2.989
34.13,-2.562,-1.636,9.033,-3.025
34.14,-2.497,-1.68,9.031,-3.06
34.15,-2.434,-1.723,9.028,-3.095
34.16,-2.374,-1.764,9.025,-3.128
34.17,-2.321,-1.802,9.02,-3.161
34.18,-2.275,-1.838,9.013,-3.192
34.19,-2.235,-1.87,9.006,-3.222
34.2,-2.202,-1.899,8.998,-3.251
34.21,-2.173,-1.926,8.989,-3.279
34.22,-2.152,-1.949,8.979,-3.307
34.23,-2.14,-1.966,8.968,-3.334
34.24,-2.139,-1.978,8.955,-3.361
34.25,-2.148,-1.983,8.942,-3.389
34.26,-2.169,-1.981,8.927,-3.416
34.27,-2.203,-1.971,8.91,-3.445
34.28,-2.251,-1.952,8.89,-3.474
34.29,-2.318,-1.922,8.868,-3.504
34.3,-2.401,-1.881,8.843,-3.535
34.31,-2.5,-1.828,8.813,-3.566
34.32,-2.616,-1.765,8.78,-3.598
34.33,-2.742,-1.693,8.742,-3.629
34.34,-2.878,-1.614,8.701,-3.658
34.35,-3.022,-1.527,8.656,-3.686
34.36,-3.173,-1.434,8.607,-3.712
34.37,-3.33,-1.336,8.553,-3.735
34.38,-3.493,-1.231,8.496,-3.754
34.39,-3.661,-1.12,8.433,-3.77
34.4,-3.834,-1.005,8.365,-3.782
34.41,-4.013,-0.885,8.291,-3.79
34.42,-4.197,-0.76,8.21,-3.793
34.43,-4.383,-0.631,8.124,-3.792
34.44,-4.57,-0.5,8.033,-3.785
34.45,-4.757,-0.367,7.936,-3.773
34.46,-4.944,-0.236,7.834,-3.756
34.47,-5.13,-0.106,7.728,-3.734
34.48,-5.314,0.02,7.618,-3.704
34.49,-5.495,0.145,7.504,-3.668
34.5,-5.673,0.269,7.387,-3.628
34.51,-5.847,0.389,7.267,-3.583
34.52,-6.017,0.506,7.144,-3.533
34.53,-6.183,0.619,7.019,-3.48
34.54,-6.344,0.728,6.891,-3.424
34.55,-6.501,0.833,6.761,-3.364
34.56,-6.654,0.935,6.628,-3.301
34.57,-6.804,1.032,6.493,-3.235
34.58,-6.948,1.125,6.357,-3.166
34.59,-7.088,1.213,6.22,-3.095
34.6,-7.222,1.297,6.083,-3.022
34.61,-7.352,1.377,5.945,-2.948
34.62,-7.476,1.451,5.808,-2.872
34.63,-7.594,1.521,5.673,-2.796
34.64,-7.705,1.584,5.541,-2.72
34.65,-7.808,1.643,5.414,-2.645
34.66,-7.904,1.696,5.294,-2.572
34.67,-7.991,1.744,5.18,-2.5
34.68,-8.071,1.787,5.075,-2.429
34.69,-8.142,1.824,4.979,-2.362
34.7,-8.204,1.856,4.893,-2.298
34.71,-8.259,1.882,4.819,-2.238
34.72,-8.305,1.902,4.757,-2.182
34.73,-8.342,1.916,4.709,-2.132
34.74,-8.37,1.924,4.676,-2.089
34.75,-8.388,1.925,4.659,-2.052
34.76,-8.397,1.919,4.659,-2.022
34.77,-8.395,1.906,4.677,-1.999
34.78,-8.384,1.886,4.713,-1.983
34.79,-8.361,1.859,4.766,-1.975
34.8,-8.329,1.827,4.835,-1.972
34.81,-8.288,1.788,4.918,-1.976
34.82,-8.237,1.743,5.016,-1.984
34.83,-8.168,1.686,5.139,-2.004
34.84,-8.089,1.623,5.273,-2.027
34.85,-8.001,1.553,5.417,-2.054
34.86,-7.902,1.476,5.569,-2.084
34.87,-7.795,1.392,5.728,-2.117
34.88,-7.678,1.302,5.892,-2.15
34.89,-7.55,1.204,6.062,-2.185
34.9,-7.414,1.1,6.235,-2.22
34.91,-7.269,0.989,6.41,-2.254
34.92,-7.117,0.873,6.584,-2.287
34.93,-6.957,0.752,6.757,-2.317
34.94,-6.789,0.625,6.928,-2.345
34.95,-6.614,0.493,7.098,-2.37
34.96,-6.43,0.356,7.266,-2.392
34.97,-6.24,0.215,7.429,-2.409
34.98,-6.045,0.071,7.588,-2.422
34.99,-5.844,-0.076,7.741,-2.43
35,-5.64,-0.227,7.887,-2.432
35.01,-5.433,-0.38,8.027,-2.428
35.02,-5.224,-0.535,8.158,-2.418
35.03,-5.016,-0.691,8.281,-2.402
35.04,-4.809,-0.848,8.395,-2.38
35.05,-4.604,-1.005,8.5,-2.351
35.06,-4.403,-1.161,8.596,-2.316
35.07,-4.207,-1.316,8.682,-2.275
35.08,-4.017,-1.47,8.759,-2.227
35.09,-3.835,-1.621,8.827,-2.174
35.1,-3.662,-1.77,8.887,-2.114
35.11,-3.497,-1.916,8.938,-2.048
35.12,-3.341,-2.058,8.982,-1.977
35.13,-3.195,-2.196,9.019,-1.901
35.14,-3.062,-2.329,9.048,-1.822
35.15,-2.943,-2.456,9.07,-1.739
35.16,-2.839,-2.577,9.085,-1.654
35.17,-2.769,-2.685,9.091,-1.567
35.18,-2.718,-2.785,9.091,-1.481
35.19,-2.686,-2.877,9.085,-1.396
35.2,-2.672,-2.963,9.074,-1.315
35.21,-2.675,-3.043,9.057,-1.237
35.22,-2.697,-3.116,9.036,-1.164
35.23,-2.737,-3.184,9.008,-1.096
35.24,-2.798,-3.246,8.975,-1.035
35.25,-2.881,-3.301,8.935,-0.98
35.26,-2.982,-3.352,8.888,-0.931
35.27,-3.1,-3.398,8.834,-0.889
35.28,-3.234,-3.441,8.773,-0.854
35.29,-3.383,-3.48,8.703,-0.827
35.3,-3.544,-3.516,8.626,-0.806
35.31,-3.719,-3.549,8.54,-0.791
35.32,-3.904,-3.579,8.445,-0.784
35.33,-4.1,-3.606,8.34,-0.784
35.34,-4.306,-3.63,8.224,-0.791
35.35,-4.524,-3.649,8.097,-0.805
35.36,-4.749,-3.665,7.957,-0.825
35.37,-4.982,-3.677,7.805,-0.852
35.38,-5.221,-3.684,7.64,-0.884
35.39,-5.466,-3.687,7.461,-0.92
35.4,-5.714,-3.685,7.269,-0.961
35.41,-5.96,-3.679,7.065,-1.004
35.42,-6.208,-3.667,6.849,-1.049
35.43,-6.454,-3.65,6.618,-1.095
35.44,-6.7,-3.627,6.375,-1.14
35.45,-6.94,-3.599,6.121,-1.184
35.46,-7.175,-3.567,5.856,-1.224
35.47,-7.402,-3.53,5.58,-1.261
35.48,-7.621,-3.49,5.296,-1.295
35.49,-7.83,-3.447,5.003,-1.326
35.5,-8.028,-3.402,4.704,-1.352
35.51,-8.215,-3.354,4.4,-1.373
35.52,-8.389,-3.309,4.091,-1.385
35.53,-8.552,-3.262,3.778,-1.391
35.54,-8.701,-3.216,3.464,-1.391
35.55,-8.837,-3.169,3.149,-1.386
35.56,-8.961,-3.124,2.836,-1.374
35.57,-9.071,-3.081,2.524,-1.357
35.58,-9.169,-3.039,2.214,-1.337
35.59,-9.254,-2.998,1.905,-1.312
35.6,-9.329,-2.96,1.596,-1.286
35.61,-9.392,-2.924,1.284,-1.258
35.62,-9.443,-2.89,0.972,-1.229
35.63,-9.484,-2.858,0.658,-1.199
35.64,-9.514,-2.828,0.345,-1.167
35.65,-9.532,-2.8,0.033,-1.134
35.66,-9.54,-2.774,-0.277,-1.098
35.67,-9.537,-2.751,-0.586,-1.06
35.68,-9.524,-2.73,-0.892,-1.02
35.69,-9.5,-2.712,-1.196,-0.977
35.7,-9.467,-2.696,-1.495,-0.931
35.71,-9.423,-2.683,-1.791,-0.884
35.72,-9.371,-2.673,-2.082,-0.835
35.73,-9.308,-2.665,-2.37,-0.786
35.74,-9.236,-2.661,-2.656,-0.736
35.75,-9.153,-2.659,-2.942,-0.688
35.76,-9.061,-2.66,-3.226,-0.64
35.77,-8.957,-2.662,-3.509,-0.594
35.78,-8.844,-2.665,-3.791,-0.548
35.79,-8.719,-2.671,-4.072,-0.505
35.8,-8.582,-2.678,-4.353,-0.464
35.81,-8.433,-2.687,-4.634,-0.425
35.82,-8.271,-2.698,-4.913,-0.39
35.83,-8.097,-2.71,-5.191,-0.357
35.84,-7.911,-2.724,-5.466,-0.329
35.85,-7.712,-2.739,-5.737,-0.305
35.86,-7.494,-2.759,-6.01,-0.293
35.87,-7.264,-2.78,-6.278,-0.286
35.88,-7.023,-2.8,-6.538,-0.281
35.89,-6.773,-2.821,-6.788,-0.277
35.9,-6.516,-2.841,-7.027,-0.276
35.91,-6.251,-2.86,-7.256,-0.276
35.92,-5.979,-2.879,-7.474,-0.277
35.93,-5.703,-2.897,-7.68,-0.279
35.94,-5.425,-2.913,-7.873,-0.281
35.95,-5.145,-2.929,-8.053,-0.283
35.96,-4.865,-2.942,-8.221,-0.284
35.97,-4.585,-2.954,-8.376,-0.286
35.98,-4.305,-2.965,-8.519,-0.286
35.99,-4.027,-2.974,-8.651,-0.286
36,-3.753,-2.982,-8.771,-0.284
36.01,-3.483,-2.989,-8.879,-0.281
36.02,-3.219,-2.994,-8.977,-0.277
36.03,-2.96,-2.997,-9.065,-0.271
36.04,-2.708,-2.999,-9.143,-0.263
36.05,-2.461,-3,-9.212,-0.253
36.06,-2.221,-2.999,-9.274,-0.242
36.07,-1.99,-2.997,-9.327,-0.229
36.08,-1.768,-2.994,-9.373,-0.213
36.09,-1.554,-2.99,-9.413,-0.196
36.1,-1.348,-2.984,-9.446,-0.178
36.11,-1.152,-2.978,-9.475,-0.158
36.12,-0.965,-2.97,-9.498,-0.137
36.13,-0.785,-2.961,-9.518,-0.117
36.14,-0.612,-2.95,-9.534,-0.095
36.15,-0.446,-2.938,-9.547,-0.073
36.16,-0.285,-2.925,-9.558,-0.049
36.17,-0.131,-2.909,-9.566,-0.026
36.18,0.017,-2.892,-9.572,-0.003
36.19,0.161,-2.873,-9.576,0.02
36.2,0.3,-2.853,-9.579,0.045
36.21,0.428,-2.831,-9.581,0.073
36.22,0.55,-2.807,-9.581,0.104
36.23,0.667,-2.783,-9.58,0.135
36.24,0.781,-2.759,-9.578,0.166
36.25,0.892,-2.735,-9.574,0.198
36.26,1.002,-2.711,-9.57,0.228
36.27,1.11,-2.686,-9.564,0.258
36.28,1.219,-2.661,-9.557,0.288
36.29,1.328,-2.636,-9.548,0.316
36.3,1.437,-2.612,-9.538,0.342
36.31,1.548,-2.588,-9.527,0.367
36.32,1.66,-2.564,-9.513,0.389
36.33,1.775,-2.541,-9.498,0.408
36.34,1.893,-2.518,-9.481,0.425
36.35,2.013,-2.497,-9.461,0.439
36.36,2.136,-2.476,-9.439,0.45
36.37,2.261,-2.456,-9.414,0.461
36.38,2.385,-2.437,-9.388,0.47
36.39,2.509,-2.418,-9.36,0.478
36.4,2.633,-2.4,-9.331,0.484
36.41,2.756,-2.382,-9.299,0.488
36.42,2.879,-2.364,-9.266,0.49
36.43,3.001,-2.347,-9.232,0.492
36.44,3.123,-2.331,-9.196,0.492
36.45,3.243,-2.315,-9.158,0.491
36.46,3.361,-2.299,-9.119,0.489
36.47,3.478,-2.285,-9.079,0.487
36.48,3.593,-2.27,-9.038,0.484
36.49,3.706,-2.257,-8.996,0.48
36.5,3.816,-2.243,-8.954,0.477
36.51,3.924,-2.231,-8.91,0.474
36.52,4.029,-2.219,-8.866,0.472
36.53,4.132,-2.209,-8.821,0.47
36.54,4.235,-2.2,-8.774,0.469
36.55,4.337,-2.195,-8.726,0.467
36.56,4.437,-2.192,-8.676,0.466
36.57,4.537,-2.191,-8.625,0.464
36.58,4.634,-2.191,-8.573,0.463
36.59,4.73,-2.193,-8.52,0.461
36.6,4.825,-2.197,-8.466,0.46
36.61,4.918,-2.201,-8.411,0.458
36.62,5.01,-2.208,-8.355,0.456
36.63,5.099,-2.215,-8.299,0.454
36.64,5.187,-2.224,-8.242,0.452
36.65,5.273,-2.234,-8.185,0.45
36.66,5.357,-2.245,-8.127,0.449
36.67,5.438,-2.258,-8.069,0.449
36.68,5.516,-2.271,-8.012,0.449
36.69,5.591,-2.286,-7.956,0.45
36.7,5.662,-2.3,-7.901,0.452
36.71,5.729,-2.316,-7.848,0.456
36.72,5.792,-2.331,-7.797,0.462
36.73,5.849,-2.347,-7.748,0.469
36.74,5.902,-2.363,-7.703,0.479
36.75,5.949,-2.379,-7.661,0.493
36.76,5.989,-2.395,-7.624,0.51
36.77,6.022,-2.41,-7.592,0.531
36.78,6.048,-2.425,-7.564,0.556
36.79,6.068,-2.439,-7.541,0.585
36.8,6.081,-2.452,-7.524,0.617
36.81,6.087,-2.464,-7.512,0.654
36.82,6.084,-2.474,-7.508,0.695
36.83,6.072,-2.483,-7.51,0.741
36.84,6.051,-2.489,-7.52,0.792
36.85,6.018,-2.491,-7.54,0.85
36.86,5.972,-2.489,-7.569,0.914
36.87,5.913,-2.482,-7.608,0.985
36.88,5.845,-2.471,-7.655,1.06
36.89,5.767,-2.455,-7.707,1.14
36.9,5.669,-2.428,-7.774,1.229
36.91,5.561,-2.395,-7.847,1.322
36.92,5.445,-2.355,-7.923,1.419
36.93,5.321,-2.307,-8.002,1.518
36.94,5.19,-2.252,-8.084,1.619
36.95,5.053,-2.189,-8.167,1.721
36.96,4.911,-2.119,-8.249,1.824
36.97,4.767,-2.041,-8.33,1.926
36.98,4.623,-1.956,-8.407,2.026
36.99,4.478,-1.864,-8.481,2.126
37,4.336,-1.765,-8.551,2.224
37.01,4.197,-1.66,-8.616,2.319
37.02,4.061,-1.548,-8.677,2.411
37.03,3.929,-1.43,-8.732,2.5
37.04,3.801,-1.306,-8.783,2.586
37.05,3.678,-1.176,-8.829,2.668
37.06,3.56,-1.04,-8.871,2.746
37.07,3.447,-0.899,-8.908,2.819
37.08,3.338,-0.754,-8.94,2.888
37.09,3.235,-0.604,-8.969,2.952
37.1,3.137,-0.45,-8.993,3.011
37.11,3.045,-0.294,-9.013,3.065
37.12,2.959,-0.135,-9.029,3.113
37.13,2.878,0.024,-9.041,3.156
37.14,2.802,0.186,-9.05,3.194
37.15,2.735,0.348,-9.054,3.226
37.16,2.676,0.51,-9.055,3.252
37.17,2.625,0.671,-9.052,3.273
37.18,2.582,0.832,-9.045,3.287
37.19,2.549,0.992,-9.035,3.296
37.2,2.526,1.15,-9.021,3.3
37.21,2.513,1.306,-9.004,3.3
37.22,2.511,1.459,-8.983,3.295
37.23,2.52,1.609,-8.958,3.286
37.24,2.553,1.751,-8.927,3.272
37.25,2.596,1.89,-8.892,3.256
37.26,2.651,2.023,-8.853,3.238
37.27,2.719,2.15,-8.809,3.219
37.28,2.799,2.272,-8.76,3.201
37.29,2.892,2.388,-8.705,3.183
37.3,2.997,2.498,-8.645,3.167
37.31,3.111,2.602,-8.579,3.152
37.32,3.236,2.7,-8.507,3.138
37.33,3.369,2.792,-8.43,3.126
37.34,3.511,2.878,-8.347,3.115
37.35,3.662,2.956,-8.257,3.107
37.36,3.822,3.028,-8.16,3.101
37.37,3.991,3.093,-8.055,3.098
37.38,4.17,3.15,-7.941,3.099
37.39,4.359,3.198,-7.818,3.103
37.4,4.556,3.238,-7.686,3.11
37.41,4.758,3.272,-7.543,3.119
37.42,4.965,3.301,-7.392,3.13
37.43,5.174,3.323,-7.231,3.143
37.44,5.384,3.341,-7.061,3.158
37.45,5.595,3.353,-6.883,3.172
37.46,5.803,3.361,-6.697,3.186
37.47,6.008,3.367,-6.506,3.198
37.48,6.207,3.37,-6.309,3.206
37.49,6.401,3.372,-6.109,3.212
37.5,6.591,3.372,-5.903,3.215
37.51,6.775,3.369,-5.691,3.215
37.52,6.954,3.365,-5.475,3.213
37.53,7.128,3.359,-5.253,3.208
37.54,7.297,3.35,-5.026,3.202
37.55,7.46,3.338,-4.794,3.194
37.56,7.619,3.323,-4.555,3.185
37.57,7.772,3.305,-4.31,3.175
37.58,7.92,3.283,-4.058,3.165
37.59,8.064,3.257,-3.791,3.159
37.6,8.202,3.226,-3.514,3.154
37.61,8.335,3.191,-3.227,3.149
37.62,8.46,3.151,-2.931,3.146
37.63,8.576,3.108,-2.626,3.142
37.64,8.684,3.06,-2.313,3.139
37.65,8.782,3.009,-1.992,3.136
37.66,8.87,2.954,-1.663,3.133
37.67,8.946,2.897,-1.328,3.13
37.68,9.011,2.837,-0.989,3.124
37.69,9.063,2.776,-0.646,3.118
37.7,9.103,2.715,-0.299,3.109
37.71,9.129,2.652,0.048,3.099
37.72,9.143,2.59,0.397,3.086
37.73,9.144,2.528,0.746,3.071
37.74,9.131,2.466,1.095,3.055
37.75,9.105,2.405,1.442,3.036
37.76,9.066,2.346,1.787,3.016
37.77,9.014,2.287,2.131,2.994
37.78,8.948,2.228,2.474,2.972
37.79,8.867,2.167,2.82,2.95
37.8,8.771,2.106,3.169,2.928
37.81,8.66,2.044,3.517,2.906
37.82,8.532,1.981,3.866,2.885
37.83,8.388,1.918,4.213,2.863
37.84,8.227,1.854,4.559,2.842
37.85,8.049,1.787,4.903,2.822
37.86,7.854,1.717,5.243,2.801
37.87,7.644,1.647,5.577,2.781
37.88,7.421,1.577,5.9,2.759
37.89,7.188,1.508,6.21,2.736
37.9,6.945,1.44,6.505,2.712
37.91,6.696,1.373,6.786,2.687
37.92,6.441,1.307,7.05,2.661
37.93,6.191,1.244,7.291,2.638
37.94,5.938,1.181,7.516,2.614
37.95,5.684,1.119,7.727,2.591
37.96,5.429,1.057,7.925,2.567
37.97,5.174,0.995,8.109,2.543
37.98,4.919,0.934,8.281,2.519
37.99,4.665,0.873,8.44,2.494
38,4.412,0.813,8.589,2.469
38.01,4.16,0.753,8.726,2.444
38.02,3.91,0.693,8.852,2.419
38.03,3.661,0.634,8.969,2.394
38.04,3.414,0.575,9.077,2.369
38.05,3.169,0.516,9.175,2.344
38.06,2.927,0.458,9.265,2.319
38.07,2.69,0.399,9.345,2.293
38.08,2.457,0.34,9.418,2.268
38.09,2.229,0.282,9.482,2.242
38.1,2.006,0.223,9.54,2.216
38.11,1.789,0.165,9.59,2.19
38.12,1.577,0.106,9.634,2.163
38.13,1.372,0.048,9.671,2.137
38.14,1.175,-0.01,9.703,2.11
38.15,0.984,-0.068,9.73,2.084
38.16,0.799,-0.125,9.752,2.057
38.17,0.618,-0.181,9.77,2.03
38.18,0.441,-0.236,9.784,2.003
38.19,0.268,-0.29,9.794,1.976
38.2,0.098,-0.342,9.801,1.949
38.21,-0.068,-0.393,9.805,1.923
38.22,-0.233,-0.443,9.805,1.896
38.23,-0.396,-0.491,9.803,1.87
38.24,-0.559,-0.539,9.797,1.843
38.25,-0.724,-0.585,9.789,1.817
38.26,-0.891,-0.63,9.777,1.792
38.27,-1.063,-0.675,9.761,1.766
38.28,-1.247,-0.718,9.741,1.742
38.29,-1.439,-0.761,9.715,1.718
38.3,-1.639,-0.803,9.684,1.693
38.31,-1.846,-0.845,9.648,1.669
38.32,-2.061,-0.887,9.604,1.645
38.33,-2.285,-0.928,9.554,1.62
38.34,-2.517,-0.97,9.496,1.596
38.35,-2.756,-1.011,9.429,1.571
38.36,-3.003,-1.051,9.353,1.546
38.37,-3.258,-1.091,9.267,1.52
38.38,-3.52,-1.131,9.17,1.493
38.39,-3.789,-1.17,9.062,1.466
38.4,-4.06,-1.209,8.943,1.438
38.41,-4.336,-1.247,8.812,1.409
38.42,-4.615,-1.283,8.668,1.38
38.43,-4.898,-1.318,8.511,1.35
38.44,-5.184,-1.351,8.34,1.318
38.45,-5.47,-1.382,8.155,1.286
38.46,-5.754,-1.411,7.957,1.254
38.47,-6.038,-1.437,7.744,1.221
38.48,-6.32,-1.462,7.516,1.188
38.49,-6.598,-1.484,7.275,1.155
38.5,-6.87,-1.503,7.019,1.122
38.51,-7.137,-1.52,6.749,1.089
38.52,-7.396,-1.535,6.466,1.057
38.53,-7.645,-1.549,6.171,1.026
38.54,-7.884,-1.562,5.864,0.995
38.55,-8.114,-1.573,5.544,0.965
38.56,-8.331,-1.584,5.214,0.935
38.57,-8.535,-1.594,4.876,0.908
38.58,-8.724,-1.604,4.531,0.882
38.59,-8.898,-1.615,4.179,0.858
38.6,-9.058,-1.625,3.821,0.835
38.61,-9.203,-1.636,3.458,0.813
38.62,-9.333,-1.652,3.085,0.793
38.63,-9.45,-1.668,2.704,0.772
38.64,-9.551,-1.685,2.316,0.751
38.65,-9.636,-1.703,1.922,0.731
38.66,-9.706,-1.72,1.524,0.712
38.67,-9.759,-1.738,1.118,0.693
38.68,-9.796,-1.756,0.705,0.674
38.69,-9.815,-1.774,0.288,0.654
38.7,-9.816,-1.793,-0.131,0.634
38.71,-9.799,-1.812,-0.55,0.614
38.72,-9.765,-1.831,-0.967,0.595
38.73,-9.713,-1.849,-1.378,0.577
38.74,-9.644,-1.866,-1.785,0.562
38.75,-9.559,-1.884,-2.184,0.547
38.76,-9.457,-1.902,-2.578,0.533
38.77,-9.34,-1.921,-2.965,0.518
38.78,-9.208,-1.941,-3.344,0.503
38.79,-9.061,-1.962,-3.715,0.486
38.8,-8.901,-1.983,-4.075,0.468
38.81,-8.729,-2.003,-4.424,0.45
38.82,-8.545,-2.024,-4.763,0.432
38.83,-8.348,-2.045,-5.093,0.411
38.84,-8.139,-2.067,-5.414,0.389
38.85,-7.918,-2.088,-5.727,0.364
38.86,-7.683,-2.11,-6.032,0.336
38.87,-7.435,-2.132,-6.33,0.305
38.88,-7.171,-2.153,-6.622,0.269
38.89,-6.891,-2.173,-6.908,0.229
38.9,-6.596,-2.192,-7.186,0.185
38.91,-6.284,-2.21,-7.456,0.136
38.92,-5.956,-2.227,-7.717,0.082
38.93,-5.611,-2.242,-7.967,0.022
38.94,-5.253,-2.254,-8.204,-0.042
38.95,-4.883,-2.264,-8.426,-0.11
38.96,-4.504,-2.271,-8.632,-0.18
38.97,-4.121,-2.274,-8.819,-0.255
38.98,-3.736,-2.272,-8.986,-0.33
38.99,-3.352,-2.265,-9.135,-0.404
39,-2.971,-2.252,-9.266,-0.478
39.01,-2.595,-2.234,-9.379,-0.549
39.02,-2.224,-2.212,-9.474,-0.619
39.03,-1.864,-2.185,-9.553,-0.685
39.04,-1.516,-2.154,-9.617,-0.749
39.05,-1.178,-2.119,-9.667,-0.811
39.06,-0.855,-2.079,-9.704,-0.871
39.07,-0.543,-2.035,-9.731,-0.928
39.08,-0.245,-1.987,-9.747,-0.983
39.09,0.039,-1.935,-9.755,-1.036
39.1,0.312,-1.879,-9.756,-1.086
39.11,0.573,-1.819,-9.75,-1.132
39.12,0.823,-1.756,-9.739,-1.175
39.13,1.063,-1.69,-9.722,-1.217
39.14,1.296,-1.622,-9.7,-1.255
39.15,1.522,-1.553,-9.674,-1.292
39.16,1.74,-1.481,-9.644,-1.327
39.17,1.952,-1.408,-9.61,-1.359
39.18,2.158,-1.334,-9.572,-1.388
39.19,2.358,-1.258,-9.531,-1.416
39.2,2.552,-1.181,-9.487,-1.442
39.21,2.739,-1.102,-9.44,-1.466
39.22,2.919,-1.023,-9.392,-1.488
39.23,3.092,-0.942,-9.342,-1.507
39.24,3.258,-0.86,-9.29,-1.524
39.25,3.415,-0.778,-9.238,-1.538
39.26,3.564,-0.697,-9.187,-1.55
39.27,3.704,-0.616,-9.136,-1.559
39.28,3.836,-0.536,-9.085,-1.565
39.29,3.96,-0.456,-9.035,-1.57
39.3,4.077,-0.377,-8.986,-1.572
39.31,4.182,-0.301,-8.941,-1.571
39.32,4.28,-0.225,-8.897,-1.569
39.33,4.373,-0.15,-8.854,-1.566
39.34,4.461,-0.077,-8.811,-1.562
39.35,4.546,-0.005,-8.769,-1.558
39.36,4.627,0.064,-8.727,-1.553
39.37,4.706,0.133,-8.685,-1.548
39.38,4.782,0.201,-8.643,-1.543
39.39,4.859,0.268,-8.599,-1.538
39.4,4.938,0.334,-8.552,-1.534
39.41,5.02,0.399,-8.502,-1.529
39.42,5.108,0.462,-8.447,-1.524
39.43,5.202,0.525,-8.387,-1.52
39.44,5.304,0.587,-8.32,-1.515
39.45,5.414,0.647,-8.245,-1.51
39.46,5.531,0.707,-8.162,-1.505
39.47,5.657,0.766,-8.071,-1.5
39.48,5.79,0.823,-7.972,-1.495
39.49,5.928,0.879,-7.865,-1.489
39.5,6.072,0.934,-7.749,-1.483
39.51,6.222,0.988,-7.623,-1.477
39.52,6.378,1.04,-7.487,-1.47
39.53,6.54,1.089,-7.341,-1.463
39.54,6.707,1.137,-7.182,-1.455
39.55,6.879,1.182,-7.012,-1.447
39.56,7.055,1.225,-6.83,-1.438
39.57,7.233,1.266,-6.635,-1.427
39.58,7.412,1.305,-6.429,-1.416
39.59,7.592,1.341,-6.212,-1.404
39.6,7.77,1.374,-5.982,-1.392
39.61,7.947,1.404,-5.741,-1.378
39.62,8.121,1.432,-5.488,-1.364
39.63,8.292,1.458,-5.224,-1.348
39.64,8.458,1.48,-4.948,-1.333
39.65,8.617,1.5,-4.663,-1.316
39.66,8.772,1.517,-4.364,-1.301
39.67,8.919,1.532,-4.055,-1.286
39.68,9.056,1.545,-3.737,-1.271
39.69,9.185,1.555,-3.41,-1.256
39.7,9.303,1.565,-3.075,-1.241
39.71,9.41,1.572,-2.731,-1.227
39.72,9.506,1.579,-2.377,-1.213
39.73,9.591,1.583,-2.013,-1.2
39.74,9.663,1.587,-1.638,-1.186
39.75,9.722,1.59,-1.251,-1.174
39.76,9.766,1.592,-0.855,-1.162
39.77,9.794,1.593,-0.447,-1.15
39.78,9.805,1.596,-0.028,-1.139
39.79,9.798,1.597,0.398,-1.129
39.8,9.771,1.599,0.832,-1.12
39.81,9.725,1.602,1.271,-1.113
39.82,9.656,1.605,1.715,-1.106
39.83,9.567,1.608,2.16,-1.1
39.84,9.456,1.612,2.603,-1.095
39.85,9.324,1.615,3.041,-1.092
39.86,9.172,1.618,3.472,-1.091
39.87,9.001,1.62,3.893,-1.093
39.88,8.811,1.62,4.304,-1.097
39.89,8.604,1.62,4.703,-1.103
39.9,8.379,1.62,5.091,-1.111
39.91,8.139,1.62,5.465,-1.12
39.92,7.886,1.619,5.822,-1.132
39.93,7.622,1.618,6.161,-1.147
39.94,7.349,1.615,6.481,-1.164
39.95,7.068,1.611,6.784,-1.184
39.96,6.781,1.607,7.069,-1.205
39.97,6.487,1.603,7.337,-1.229
39.98,6.187,1.599,7.588,-1.253
39.99,5.881,1.596,7.824,-1.279
40,5.571,1.596,8.043,-1.31
40.01,5.255,1.596,8.247,-1.343
40.02,4.935,1.598,8.437,-1.376
40.03,4.609,1.6,8.614,-1.41
40.04,4.278,1.603,8.776,-1.445
40.05,3.943,1.607,8.925,-1.481
40.06,3.604,1.611,9.061,-1.516
40.07,3.262,1.617,9.183,-1.551
40.08,2.917,1.625,9.291,-1.587
40.09,2.57,1.634,9.385,-1.623
40.1,2.221,1.645,9.465,-1.659
40.11,1.871,1.659,9.532,-1.695
40.12,1.52,1.675,9.585,-1.732
40.13,1.17,1.692,9.624,-1.769
40.14,0.821,1.712,9.65,-1.807
40.15,0.476,1.732,9.662,-1.846
40.16,0.133,1.754,9.661,-1.885
40.17,-0.207,1.777,9.648,-1.924
40.18,-0.547,1.801,9.622,-1.963
40.19,-0.884,1.828,9.585,-2.001
40.2,-1.218,1.855,9.535,-2.038
40.21,-1.549,1.883,9.473,-2.073
40.22,-1.878,1.913,9.4,-2.106
40.23,-2.205,1.944,9.316,-2.136
40.24,-2.529,1.975,9.22,-2.162
40.25,-2.85,2.008,9.113,-2.186
40.26,-3.167,2.042,8.995,-2.206
40.27,-3.479,2.078,8.867,-2.222
40.28,-3.786,2.114,8.729,-2.234
40.29,-4.086,2.15,8.581,-2.242
40.3,-4.379,2.186,8.425,-2.246
40.31,-4.664,2.222,8.261,-2.245
40.32,-4.939,2.258,8.091,-2.241
40.33,-5.202,2.293,7.917,-2.232
40.34,-5.454,2.327,7.74,-2.218
40.35,-5.686,2.361,7.566,-2.199
40.36,-5.906,2.394,7.391,-2.177
40.37,-6.114,2.424,7.218,-2.152
40.38,-6.31,2.45,7.047,-2.123
40.39,-6.492,2.473,6.88,-2.092
40.4,-6.662,2.492,6.719,-2.058
40.41,-6.821,2.506,6.564,-2.023
40.42,-6.968,2.516,6.415,-1.985
40.43,-7.104,2.522,6.274,-1.946
40.44,-7.229,2.523,6.142,-1.906
40.45,-7.343,2.518,6.021,-1.864
40.46,-7.447,2.509,5.909,-1.821
40.47,-7.541,2.495,5.808,-1.778
40.48,-7.627,2.476,5.716,-1.734
40.49,-7.705,2.453,5.635,-1.688
40.5,-7.774,2.424,5.566,-1.642
40.51,-7.834,2.39,5.509,-1.595
40.52,-7.887,2.352,5.464,-1.546
40.53,-7.933,2.309,5.43,-1.497
40.54,-7.972,2.262,5.406,-1.447
40.55,-8.005,2.212,5.391,-1.395
40.56,-8.033,2.158,5.385,-1.343
40.57,-8.054,2.101,5.388,-1.29
40.58,-8.07,2.041,5.401,-1.236
40.59,-8.079,1.978,5.423,-1.181
40.6,-8.081,1.911,5.456,-1.124
40.61,-8.074,1.839,5.503,-1.065
40.62,-8.056,1.76,5.566,-1.001
40.63,-8.029,1.676,5.642,-0.934
40.64,-7.994,1.588,5.728,-0.862
40.65,-7.952,1.498,5.821,-0.788
40.66,-7.902,1.407,5.922,-0.709
40.67,-7.844,1.313,6.029,-0.625
40.68,-7.78,1.217,6.139,-0.534
40.69,-7.713,1.121,6.249,-0.435
40.7,-7.641,1.028,6.359,-0.326
40.71,-7.565,0.937,6.467,-0.212
40.72,-7.486,0.85,6.574,-0.095
40.73,-7.403,0.765,6.678,0.025
40.74,-7.317,0.685,6.779,0.149
40.75,-7.228,0.608,6.877,0.275
40.76,-7.136,0.535,6.972,0.405
40.77,-7.04,0.465,7.065,0.537
40.78,-6.94,0.399,7.156,0.67
40.79,-6.837,0.338,7.244,0.805
40.8,-6.73,0.281,7.33,0.94
40.81,-6.617,0.228,7.415,1.076
40.82,-6.497,0.179,7.501,1.211
40.83,-6.37,0.135,7.588,1.346
40.84,-6.235,0.095,7.675,1.48
40.85,-6.093,0.06,7.762,1.614
40.86,-5.942,0.03,7.85,1.747
40.87,-5.78,0.005,7.94,1.877
40.88,-5.607,-0.013,8.033,2.005
40.89,-5.423,-0.027,8.126,2.131
40.9,-5.226,-0.034,8.222,2.254
40.91,-5.016,-0.033,8.317,2.375
40.92,-4.794,-0.026,8.414,2.493
40.93,-4.555,-0.01,8.511,2.607
40.94,-4.299,0.014,8.61,2.716
40.95,-4.02,0.049,8.71,2.82
40.96,-3.718,0.095,8.812,2.916
40.97,-3.392,0.153,8.912,3.005
40.98,-3.044,0.22,9.008,3.086
40.99,-2.674,0.298,9.098,3.158
41,-2.285,0.384,9.179,3.22
41.01,-1.878,0.48,9.248,3.271
41.02,-1.454,0.582,9.304,3.312
41.03,-1.019,0.687,9.344,3.342
41.04,-0.584,0.791,9.367,3.36
41.05,-0.154,0.888,9.371,3.369
41.06,0.265,0.978,9.358,3.374
41.07,0.677,1.061,9.328,3.375
41.08,1.078,1.136,9.282,3.373
41.09,1.469,1.206,9.221,3.368
41.1,1.849,1.268,9.146,3.362
41.11,2.216,1.324,9.059,3.355
41.12,2.567,1.368,8.963,3.346
41.13,2.901,1.397,8.859,3.336
41.14,3.22,1.415,8.75,3.324
41.15,3.526,1.422,8.634,3.313
41.16,3.819,1.418,8.513,3.304
41.17,4.101,1.405,8.387,3.295
41.18,4.374,1.383,8.254,3.287
41.19,4.639,1.355,8.115,3.281
41.2,4.895,1.318,7.972,3.277
41.21,5.137,1.269,7.827,3.274
41.22,5.368,1.209,7.68,3.274
41.23,5.587,1.139,7.532,3.275
41.24,5.794,1.059,7.384,3.28
41.25,5.989,0.97,7.236,3.288
41.26,6.172,0.872,7.088,3.299
41.27,6.344,0.768,6.941,3.312
41.28,6.505,0.656,6.794,3.328
41.29,6.657,0.538,6.648,3.345
41.3,6.799,0.415,6.502,3.364
41.31,6.932,0.286,6.355,3.385
41.32,7.057,0.152,6.209,3.407
41.33,7.172,0.013,6.064,3.43
41.34,7.28,-0.131,5.92,3.453
41.35,7.378,-0.285,5.779,3.473
41.36,7.47,-0.446,5.64,3.49
41.37,7.556,-0.612,5.5,3.502
41.38,7.639,-0.781,5.356,3.512
41.39,7.722,-0.95,5.201,3.522
41.4,7.805,-1.117,5.036,3.53
41.41,7.887,-1.282,4.861,3.535
41.42,7.968,-1.445,4.677,3.54
41.43,8.047,-1.605,4.484,3.544
41.44,8.122,-1.759,4.281,3.548
41.45,8.194,-1.907,4.069,3.556
41.46,8.262,-2.05,3.847,3.568
41.47,8.326,-2.183,3.614,3.583
41.48,8.387,-2.306,3.366,3.604
41.49,8.446,-2.417,3.102,3.631
41.5,8.501,-2.516,2.821,3.665
41.51,8.552,-2.599,2.521,3.706
41.52,8.599,-2.664,2.201,3.756
41.53,8.639,-2.71,1.861,3.814
41.54,8.67,-2.739,1.503,3.88
41.55,8.688,-2.756,1.135,3.952
41.56,8.694,-2.759,0.76,4.027
41.57,8.685,-2.75,0.375,4.105
41.58,8.662,-2.727,-0.013,4.185
41.59,8.624,-2.694,-0.403,4.266
41.6,8.57,-2.652,-0.791,4.346
41.61,8.501,-2.602,-1.173,4.424
41.62,8.417,-2.544,-1.551,4.501
41.63,8.319,-2.476,-1.926,4.576
41.64,8.205,-2.401,-2.298,4.649
41.65,8.076,-2.318,-2.668,4.719
41.66,7.933,-2.226,-3.032,4.786
41.67,7.777,-2.125,-3.391,4.846
41.68,7.609,-2.017,-3.741,4.901
41.69,7.429,-1.905,-4.083,4.949
41.7,7.241,-1.787,-4.412,4.989
41.71,7.046,-1.667,-4.727,5.02
41.72,6.85,-1.546,-5.024,5.042
41.73,6.668,-1.432,-5.287,5.052
41.74,6.492,-1.326,-5.528,5.052
41.75,6.329,-1.229,-5.745,5.041
41.76,6.178,-1.14,-5.941,5.022
41.77,6.043,-1.061,-6.115,4.994
41.78,5.925,-0.99,-6.27,4.958
41.79,5.822,-0.927,-6.407,4.917
41.8,5.735,-0.871,-6.529,4.869
41.81,5.663,-0.822,-6.636,4.817
41.82,5.607,-0.78,-6.73,4.759
41.83,5.566,-0.743,-6.812,4.696
41.84,5.537,-0.71,-6.883,4.63
41.85,5.523,-0.681,-6.945,4.559
41.86,5.523,-0.655,-6.996,4.484
41.87,5.538,-0.632,-7.036,4.405
41.88,5.566,-0.612,-7.067,4.322
41.89,5.607,-0.593,-7.089,4.236
41.9,5.662,-0.575,-7.1,4.146
41.91,5.729,-0.555,-7.101,4.053
41.92,5.806,-0.534,-7.095,3.957
41.93,5.889,-0.51,-7.082,3.859
41.94,5.977,-0.482,-7.064,3.759
41.95,6.068,-0.447,-7.041,3.658
41.96,6.16,-0.406,-7.015,3.558
41.97,6.251,-0.359,-6.988,3.457
41.98,6.339,-0.304,-6.96,3.357
41.99,6.423,-0.242,-6.932,3.257
42,6.503,-0.173,-6.906,3.159
42.01,6.577,-0.098,-6.881,3.062
42.02,6.644,-0.017,-6.859,2.966
42.03,6.705,0.07,-6.839,2.872
42.04,6.759,0.164,-6.823,2.778
42.05,6.807,0.263,-6.809,2.686
42.06,6.846,0.368,-6.8,2.596
42.07,6.877,0.477,-6.795,2.506
42.08,6.892,0.599,-6.803,2.418
42.09,6.896,0.727,-6.817,2.33
42.1,6.891,0.86,-6.837,2.241
42.11,6.877,0.998,-6.86,2.151
42.12,6.857,1.138,-6.886,2.06
42.13,6.831,1.283,-6.914,1.967
42.14,6.797,1.43,-6.945,1.871
42.15,6.756,1.581,-6.979,1.774
42.16,6.707,1.734,-7.014,1.674
42.17,6.652,1.888,-7.05,1.571
42.18,6.592,2.041,-7.086,1.466
42.19,6.526,2.193,-7.123,1.358
42.2,6.452,2.344,-7.162,1.247
42.21,6.37,2.494,-7.204,1.132
42.22,6.277,2.642,-7.251,1.014
42.23,6.173,2.787,-7.302,0.891
42.24,6.055,2.929,-7.359,0.765
42.25,5.921,3.066,-7.425,0.633
42.26,5.771,3.197,-7.498,0.495
42.27,5.603,3.321,-7.579,0.351
42.28,5.419,3.437,-7.666,0.201
42.29,5.216,3.545,-7.759,0.044
42.3,4.992,3.643,-7.86,-0.119
42.31,4.748,3.73,-7.965,-0.29
42.32,4.482,3.805,-8.074,-0.468
42.33,4.197,3.867,-8.185,-0.653
42.34,3.892,3.914,-8.295,-0.844
42.35,3.568,3.947,-8.402,-1.041
42.36,3.226,3.964,-8.504,-1.243
42.37,2.869,3.965,-8.598,-1.45
42.38,2.496,3.949,-8.683,-1.663
42.39,2.109,3.915,-8.757,-1.879
42.4,1.708,3.861,-8.818,-2.099
42.41,1.291,3.786,-8.865,-2.322
42.42,0.849,3.678,-8.901,-2.551
42.43,0.395,3.549,-8.917,-2.778
42.44,-0.068,3.399,-8.912,-3.001
42.45,-0.541,3.228,-8.884,-3.218
42.46,-1.024,3.037,-8.831,-3.425
42.47,-1.515,2.827,-8.751,-3.62
42.48,-2.01,2.6,-8.644,-3.802
42.49,-2.505,2.356,-8.51,-3.967
42.5,-2.998,2.1,-8.346,-4.114
42.51,-3.484,1.832,-8.155,-4.241
42.52,-3.961,1.555,-7.935,-4.348
42.53,-4.425,1.273,-7.689,-4.435
42.54,-4.871,0.99,-7.418,-4.5
42.55,-5.295,0.714,-7.127,-4.543
42.56,-5.693,0.445,-6.821,-4.566
42.57,-6.07,0.183,-6.498,-4.57
42.58,-6.424,-0.07,-6.161,-4.556
42.59,-6.753,-0.313,-5.814,-4.525
42.6,-7.061,-0.546,-5.455,-4.48
42.61,-7.348,-0.767,-5.086,-4.42
42.62,-7.615,-0.98,-4.704,-4.348
42.63,-7.864,-1.182,-4.31,-4.262
42.64,-8.092,-1.375,-3.906,-4.166
42.65,-8.3,-1.556,-3.493,-4.058
42.66,-8.487,-1.726,-3.072,-3.942
42.67,-8.652,-1.884,-2.646,-3.818
42.68,-8.796,-2.032,-2.214,-3.686
42.69,-8.917,-2.168,-1.782,-3.548
42.7,-9.017,-2.293,-1.353,-3.405
42.71,-9.095,-2.406,-0.927,-3.258
42.72,-9.153,-2.508,-0.504,-3.108
42.73,-9.191,-2.601,-0.084,-2.956
42.74,-9.21,-2.684,0.333,-2.802
42.75,-9.209,-2.759,0.748,-2.646
42.76,-9.191,-2.824,1.16,-2.489
42.77,-9.153,-2.879,1.568,-2.337
42.78,-9.097,-2.925,1.973,-2.185
42.79,-9.024,-2.963,2.376,-2.033
42.8,-8.932,-2.993,2.776,-1.882
42.81,-8.822,-3.015,3.171,-1.733
42.82,-8.696,-3.03,3.56,-1.586
42.83,-8.553,-3.037,3.941,-1.441
42.84,-8.394,-3.037,4.314,-1.3
42.85,-8.22,-3.031,4.678,-1.163
42.86,-8.031,-3.018,5.031,-1.03
42.87,-7.828,-2.999,5.375,-0.901
42.88,-7.611,-2.976,5.709,-0.776
42.89,-7.379,-2.948,6.035,-0.655
42.9,-7.132,-2.916,6.35,-0.536
42.91,-6.871,-2.88,6.656,-0.421
42.92,-6.597,-2.84,6.95,-0.31
42.93,-6.309,-2.798,7.233,-0.201
42.94,-6.01,-2.752,7.502,-0.096
42.95,-5.7,-2.703,7.758,0.004
42.96,-5.381,-2.653,7.999,0.101
42.97,-5.054,-2.6,8.225,0.195
42.98,-4.721,-2.546,8.434,0.285
42.99,-4.383,-2.491,8.627,0.371
43,-4.043,-2.435,8.803,0.453
43.01,-3.701,-2.379,8.964,0.532
43.02,-3.358,-2.323,9.107,0.609
43.03,-3.017,-2.267,9.234,0.682
43.04,-2.679,-2.212,9.346,0.753
43.05,-2.345,-2.159,9.442,0.822
43.06,-2.015,-2.108,9.523,0.89
43.07,-1.688,-2.058,9.591,0.956
43.08,-1.366,-2.01,9.645,1.021
43.09,-1.048,-1.964,9.688,1.085
43.1,-0.735,-1.919,9.718,1.148
43.11,-0.432,-1.879,9.737,1.211
43.12,-0.134,-1.84,9.745,1.274
43.13,0.156,-1.803,9.743,1.336
43.14,0.439,-1.768,9.732,1.398
43.15,0.713,-1.735,9.713,1.46
43.16,0.98,-1.704,9.685,1.522
43.17,1.239,-1.675,9.651,1.583
43.18,1.493,-1.647,9.609,1.644
43.19,1.741,-1.62,9.561,1.706
43.2,1.983,-1.594,9.507,1.768
43.21,2.219,-1.569,9.447,1.829
43.22,2.45,-1.544,9.382,1.891
43.23,2.676,-1.52,9.311,1.954
43.24,2.898,-1.495,9.235,2.017
43.25,3.115,-1.471,9.154,2.08
43.26,3.328,-1.445,9.068,2.145
43.27,3.536,-1.419,8.977,2.21
43.28,3.74,-1.393,8.881,2.276
43.29,3.94,-1.365,8.781,2.343
43.3,4.135,-1.336,8.677,2.411
43.31,4.324,-1.306,8.569,2.48
43.32,4.51,-1.275,8.457,2.549
43.33,4.691,-1.242,8.341,2.62
43.34,4.87,-1.207,8.219,2.692
43.35,5.048,-1.169,8.093,2.764
43.36,5.225,-1.129,7.96,2.837
43.37,5.401,-1.085,7.82,2.911
43.38,5.577,-1.038,7.674,2.985
43.39,5.752,-0.987,7.521,3.059
43.4,5.928,-0.932,7.359,3.132
43.41,6.103,-0.872,7.19,3.205
43.42,6.278,-0.809,7.013,3.278
43.43,6.451,-0.742,6.826,3.349
43.44,6.623,-0.672,6.632,3.418
43.45,6.794,-0.599,6.428,3.485
43.46,6.964,-0.521,6.213,3.55
43.47,7.131,-0.44,5.99,3.613
43.48,7.293,-0.357,5.76,3.672
43.49,7.45,-0.274,5.524,3.728
43.5,7.599,-0.191,5.284,3.779
43.51,7.741,-0.11,5.041,3.826
43.52,7.873,-0.032,4.798,3.87
43.53,7.997,0.042,4.555,3.909
43.54,8.113,0.112,4.313,3.944
43.55,8.219,0.178,4.073,3.976
43.56,8.318,0.24,3.835,4.004
43.57,8.409,0.298,3.599,4.028
43.58,8.493,0.351,3.366,4.05
43.59,8.569,0.398,3.138,4.069
43.6,8.638,0.438,2.915,4.085
43.61,8.7,0.472,2.698,4.098
43.62,8.755,0.499,2.491,4.109
43.63,8.803,0.518,2.294,4.119
43.64,8.846,0.529,2.106,4.126
43.65,8.883,0.531,1.929,4.131
43.66,8.917,0.526,1.762,4.135
43.67,8.946,0.513,1.605,4.137
43.68,8.972,0.492,1.458,4.138
43.69,8.995,0.464,1.321,4.138
43.7,9.015,0.429,1.193,4.136
43.71,9.034,0.387,1.074,4.132
43.72,9.051,0.336,0.965,4.125
43.73,9.067,0.279,0.866,4.116
43.74,9.083,0.215,0.774,4.104
43.75,9.098,0.146,0.688,4.089
43.76,9.113,0.072,0.609,4.07
43.77,9.128,-0.006,0.534,4.047
43.78,9.143,-0.089,0.463,4.021
43.79,9.158,-0.174,0.396,3.992
43.8,9.173,-0.26,0.327,3.957
43.81,9.188,-0.346,0.257,3.921
43.82,9.203,-0.431,0.185,3.882
43.83,9.217,-0.517,0.11,3.842
43.84,9.23,-0.602,0.035,3.799
43.85,9.242,-0.686,-0.042,3.755
43.86,9.253,-0.77,-0.122,3.709
43.87,9.264,-0.852,-0.206,3.661
43.88,9.273,-0.932,-0.293,3.612
43.89,9.281,-1.01,-0.385,3.562
43.9,9.287,-1.085,-0.48,3.511
43.91,9.292,-1.157,-0.582,3.46
43.92,9.294,-1.225,-0.689,3.41
43.93,9.295,-1.289,-0.804,3.359
43.94,9.293,-1.348,-0.927,3.31
43.95,9.287,-1.399,-1.061,3.263
43.96,9.278,-1.445,-1.205,3.218
43.97,9.265,-1.484,-1.361,3.176
43.98,9.247,-1.515,-1.529,3.137
43.99,9.224,-1.54,-1.71,3.1
44,9.194,-1.558,-1.901,3.067
44.01,9.158,-1.57,-2.105,3.038
44.02,9.113,-1.574,-2.322,3.012
44.03,9.059,-1.572,-2.549,2.991
44.04,8.997,-1.565,-2.784,2.972
44.05,8.926,-1.553,-3.027,2.956
44.06,8.845,-1.538,-3.275,2.943
44.07,8.754,-1.517,-3.529,2.933
44.08,8.652,-1.493,-3.787,2.925
44.09,8.541,-1.464,-4.047,2.918
44.1,8.419,-1.433,-4.309,2.914
44.11,8.287,-1.396,-4.57,2.911
44.12,8.146,-1.356,-4.831,2.909
44.13,7.995,-1.313,-5.087,2.908
44.14,7.839,-1.268,-5.337,2.906
44.15,7.676,-1.221,-5.579,2.906
44.16,7.509,-1.173,-5.812,2.906
44.17,7.338,-1.124,-6.036,2.906
44.18,7.163,-1.073,-6.252,2.905
44.19,6.986,-1.019,-6.459,2.903
44.2,6.805,-0.962,-6.658,2.902
44.21,6.62,-0.902,-6.851,2.9
44.22,6.432,-0.837,-7.036,2.899
44.23,6.242,-0.77,-7.214,2.896
44.24,6.05,-0.699,-7.384,2.893
44.25,5.858,-0.623,-7.545,2.889
44.26,5.667,-0.545,-7.698,2.883
44.27,5.477,-0.465,-7.842,2.876
44.28,5.289,-0.382,-7.977,2.868
44.29,5.103,-0.295,-8.104,2.858
44.3,4.921,-0.207,-8.223,2.847
44.31,4.741,-0.116,-8.334,2.835
44.32,4.566,-0.023,-8.437,2.821
44.33,4.396,0.071,-8.532,2.805
44.34,4.23,0.168,-8.619,2.788
44.35,4.068,0.267,-8.7,2.769
44.36,3.91,0.368,-8.775,2.749
44.37,3.754,0.47,-8.845,2.728
44.38,3.601,0.573,-8.909,2.705
44.39,3.448,0.678,-8.969,2.68
44.4,3.296,0.783,-9.026,2.654
44.41,3.142,0.888,-9.079,2.626
44.42,2.988,0.993,-9.129,2.596
44.43,2.833,1.097,-9.175,2.563
44.44,2.677,1.201,-9.218,2.529
44.45,2.521,1.304,-9.258,2.493
44.46,2.363,1.406,-9.295,2.455
44.47,2.203,1.505,-9.329,2.415
44.48,2.041,1.604,-9.36,2.374
44.49,1.874,1.699,-9.389,2.33
44.5,1.706,1.791,-9.415,2.285
44.51,1.535,1.88,-9.439,2.237
44.52,1.361,1.966,-9.459,2.188
44.53,1.183,2.05,-9.477,2.136
44.54,1.004,2.131,-9.492,2.082
44.55,0.823,2.208,-9.504,2.027
44.56,0.64,2.284,-9.512,1.97
44.57,0.454,2.358,-9.517,1.911
44.58,0.266,2.429,-9.518,1.85
44.59,0.076,2.499,-9.516,1.786
44.6,-0.115,2.566,-9.509,1.72
44.61,-0.309,2.632,-9.499,1.651
44.62,-0.504,2.696,-9.485,1.581
44.63,-0.699,2.758,-9.466,1.509
44.64,-0.897,2.818,-9.444,1.435
44.65,-1.096,2.874,-9.417,1.358
44.66,-1.296,2.928,-9.386,1.28
44.67,-1.499,2.978,-9.35,1.2
44.68,-1.703,3.025,-9.31,1.118
44.69,-1.907,3.069,-9.266,1.035
44.7,-2.111,3.109,-9.217,0.951
44.71,-2.316,3.146,-9.164,0.865
44.72,-2.523,3.178,-9.106,0.777
44.73,-2.733,3.205,-9.043,0.687
44.74,-2.946,3.227,-8.974,0.594
44.75,-3.164,3.244,-8.899,0.499
44.76,-3.386,3.257,-8.818,0.4
44.77,-3.613,3.263,-8.729,0.298
44.78,-3.843,3.263,-8.633,0.193
44.79,-4.076,3.258,-8.529,0.085
44.8,-4.311,3.248,-8.417,-0.025
44.81,-4.549,3.231,-8.297,-0.14
44.82,-4.789,3.207,-8.167,-0.257
44.83,-5.032,3.178,-8.026,-0.378
44.84,-5.285,3.137,-7.872,-0.503
44.85,-5.54,3.089,-7.704,-0.633
44.86,-5.8,3.033,-7.52,-0.766
44.87,-6.065,2.968,-7.32,-0.904
44.88,-6.332,2.892,-7.101,-1.045
44.89,-6.602,2.805,-6.864,-1.189
44.9,-6.873,2.706,-6.606,-1.334
44.91,-7.143,2.595,-6.328,-1.48
44.92,-7.409,2.471,-6.028,-1.625
44.93,-7.671,2.334,-5.707,-1.768
44.94,-7.923,2.184,-5.367,-1.906
44.95,-8.165,2.023,-5.006,-2.038
44.96,-8.395,1.85,-4.626,-2.164
44.97,-8.612,1.663,-4.225,-2.281
44.98,-8.811,1.464,-3.806,-2.39
44.99,-8.993,1.254,-3.371,-2.486
45,-9.154,1.035,-2.92,-2.568
45.01,-9.293,0.807,-2.457,-2.635
45.02,-9.407,0.573,-1.987,-2.686
45.03,-9.497,0.335,-1.512,-2.72
45.04,-9.561,0.096,-1.037,-2.736
45.05,-9.601,-0.143,-0.567,-2.733
45.06,-9.617,-0.379,-0.105,-2.711
45.07,-9.61,-0.612,0.345,-2.671
45.08,-9.583,-0.84,0.785,-2.615
45.09,-9.535,-1.062,1.214,-2.543
45.1,-9.469,-1.278,1.629,-2.457
45.11,-9.387,-1.486,2.03,-2.356
45.12,-9.289,-1.685,2.414,-2.242
45.13,-9.179,-1.876,2.781,-2.117
45.14,-9.056,-2.057,3.132,-1.98
45.15,-8.923,-2.229,3.469,-1.833
45.16,-8.781,-2.391,3.789,-1.677
45.17,-8.63,-2.542,4.093,-1.514
45.18,-8.481,-2.675,4.371,-1.341
45.19,-8.329,-2.796,4.631,-1.163
45.2,-8.177,-2.904,4.87,-0.982
45.21,-8.027,-2.999,5.091,-0.8
45.22,-7.881,-3.082,5.291,-0.619
45.23,-7.741,-3.153,5.47,-0.44
45.24,-7.611,-3.212,5.628,-0.265
45.25,-7.492,-3.261,5.763,-0.096
45.26,-7.387,-3.3,5.875,0.067
45.27,-7.297,-3.331,5.966,0.222
45.28,-7.224,-3.354,6.034,0.369
45.29,-7.17,-3.37,6.079,0.506
45.3,-7.137,-3.381,6.1,0.631
45.31,-7.123,-3.389,6.1,0.747
45.32,-7.126,-3.393,6.08,0.852
45.33,-7.148,-3.396,6.038,0.947
45.34,-7.186,-3.399,5.977,1.033
45.35,-7.239,-3.401,5.898,1.109
45.36,-7.305,-3.404,5.8,1.175
45.37,-7.387,-3.408,5.681,1.231
45.38,-7.481,-3.414,5.543,1.277
45.39,-7.584,-3.421,5.388,1.315
45.4,-7.696,-3.43,5.215,1.344
45.41,-7.814,-3.441,5.023,1.363
45.42,-7.939,-3.453,4.812,1.372
45.43,-8.067,-3.469,4.581,1.371
45.44,-8.201,-3.485,4.327,1.359
45.45,-8.338,-3.504,4.049,1.337
45.46,-8.476,-3.523,3.747,1.302
45.47,-8.611,-3.542,3.421,1.257
45.48,-8.743,-3.561,3.069,1.201
45.49,-8.869,-3.579,2.69,1.133
45.5,-8.985,-3.595,2.286,1.053
45.51,-9.087,-3.608,1.86,0.966
45.52,-9.173,-3.615,1.417,0.872
45.53,-9.241,-3.618,0.953,0.773
45.54,-9.286,-3.615,0.481,0.673
45.55,-9.309,-3.605,0.005,0.574
45.56,-9.309,-3.588,-0.471,0.478
45.57,-9.286,-3.565,-0.944,0.387
45.58,-9.241,-3.536,-1.412,0.301
45.59,-9.173,-3.504,-1.876,0.221
45.6,-9.082,-3.467,-2.336,0.146
45.61,-8.969,-3.427,-2.79,0.076
45.62,-8.835,-3.384,-3.237,0.01
45.63,-8.679,-3.34,-3.675,-0.049
45.64,-8.503,-3.294,-4.102,-0.105
45.65,-8.306,-3.247,-4.52,-0.157
45.66,-8.089,-3.199,-4.926,-0.206
45.67,-7.853,-3.152,-5.322,-0.251
45.68,-7.596,-3.104,-5.706,-0.294
45.69,-7.319,-3.057,-6.079,-0.336
45.7,-7.023,-3.01,-6.439,-0.376
45.71,-6.707,-2.963,-6.786,-0.414
45.72,-6.372,-2.917,-7.118,-0.45
45.73,-6.02,-2.871,-7.434,-0.485
45.74,-5.65,-2.827,-7.733,-0.519
45.75,-5.263,-2.783,-8.014,-0.553
45.76,-4.861,-2.74,-8.277,-0.586
45.77,-4.443,-2.697,-8.52,-0.618
45.78,-4.012,-2.655,-8.742,-0.65
45.79,-3.571,-2.613,-8.941,-0.68
45.8,-3.122,-2.571,-9.117,-0.71
45.81,-2.668,-2.529,-9.27,-0.738
45.82,-2.21,-2.487,-9.399,-0.765
45.83,-1.749,-2.445,-9.504,-0.791
45.84,-1.287,-2.404,-9.586,-0.814
45.85,-0.826,-2.364,-9.644,-0.836
45.86,-0.37,-2.325,-9.68,-0.856
45.87,0.071,-2.294,-9.693,-0.877
45.88,0.506,-2.265,-9.685,-0.898
45.89,0.936,-2.237,-9.657,-0.921
45.9,1.359,-2.21,-9.61,-0.946
45.91,1.774,-2.183,-9.546,-0.974
45.92,2.179,-2.157,-9.465,-1.004
45.93,2.572,-2.13,-9.368,-1.035
45.94,2.954,-2.103,-9.257,-1.067
45.95,3.325,-2.075,-9.133,-1.101
45.96,3.683,-2.047,-8.996,-1.137
45.97,4.03,-2.019,-8.848,-1.174
45.98,4.364,-1.988,-8.69,-1.212
45.99,4.685,-1.956,-8.523,-1.252
46,4.991,-1.922,-8.349,-1.291
46.01,5.286,-1.885,-8.168,-1.331
46.02,5.57,-1.847,-7.98,-1.37
46.03,5.843,-1.807,-7.784,-1.41
46.04,6.105,-1.767,-7.582,-1.449
46.05,6.358,-1.724,-7.374,-1.488
46.06,6.6,-1.68,-7.16,-1.526
46.07,6.833,-1.635,-6.941,-1.563
46.08,7.056,-1.588,-6.717,-1.599
46.09,7.268,-1.542,-6.49,-1.632
46.1,7.469,-1.496,-6.26,-1.664
46.11,7.66,-1.45,-6.028,-1.694
46.12,7.838,-1.402,-5.798,-1.724
46.13,8.003,-1.352,-5.572,-1.75
46.14,8.154,-1.3,-5.353,-1.773
46.15,8.296,-1.247,-5.136,-1.794
46.16,8.43,-1.192,-4.919,-1.814
46.17,8.557,-1.138,-4.703,-1.831
46.18,8.674,-1.083,-4.49,-1.847
46.19,8.782,-1.027,-4.284,-1.859
46.2,8.881,-0.971,-4.083,-1.868
46.21,8.974,-0.915,-3.885,-1.874
46.22,9.059,-0.86,-3.695,-1.879
46.23,9.138,-0.805,-3.507,-1.881
46.24,9.211,-0.75,-3.323,-1.881
46.25,9.277,-0.695,-3.148,-1.879
46.26,9.337,-0.64,-2.981,-1.874
46.27,9.391,-0.585,-2.822,-1.867
46.28,9.441,-0.53,-2.669,-1.857
46.29,9.487,-0.476,-2.52,-1.846
46.3,9.529,-0.422,-2.374,-1.834
46.31,9.568,-0.369,-2.233,-1.82
46.32,9.604,-0.318,-2.094,-1.805
46.33,9.638,-0.268,-1.958,-1.789
46.34,9.668,-0.218,-1.826,-1.771
46.35,9.695,-0.17,-1.698,-1.752
46.36,9.72,-0.124,-1.575,-1.733
46.37,9.743,-0.078,-1.454,-1.712
46.38,9.764,-0.035,-1.336,-1.69
46.39,9.783,0.006,-1.221,-1.668
46.4,9.8,0.045,-1.11,-1.645
46.41,9.816,0.082,-1.004,-1.62
46.42,9.829,0.117,-0.902,-1.595
46.43,9.841,0.15,-0.808,-1.569
46.44,9.852,0.179,-0.723,-1.542
46.45,9.861,0.205,-0.649,-1.511
46.46,9.87,0.226,-0.587,-1.478
46.47,9.878,0.243,-0.535,-1.441
46.48,9.885,0.256,-0.491,-1.403
46.49,9.892,0.266,-0.453,-1.365
46.5,9.898,0.273,-0.422,-1.325
46.51,9.905,0.278,-0.399,-1.284
46.52,9.911,0.28,-0.382,-1.242
46.53,9.916,0.278,-0.373,-1.198
46.54,9.922,0.274,-0.372,-1.152
46.55,9.927,0.268,-0.376,-1.106
46.56,9.932,0.258,-0.396,-1.057
46.57,9.937,0.246,-0.424,-1.007
46.58,9.94,0.231,-0.458,-0.956
46.59,9.944,0.215,-0.499,-0.905
46.6,9.946,0.198,-0.545,-0.852
46.61,9.948,0.178,-0.598,-0.798
46.62,9.949,0.157,-0.658,-0.743
46.63,9.949,0.134,-0.724,-0.686
46.64,9.947,0.109,-0.795,-0.629
46.65,9.945,0.083,-0.871,-0.57
46.66,9.941,0.055,-0.952,-0.51
46.67,9.935,0.026,-1.038,-0.449
46.68,9.928,-0.004,-1.126,-0.388
46.69,9.92,-0.036,-1.214,-0.326
46.7,9.911,-0.068,-1.301,-0.264
46.71,9.9,-0.103,-1.388,-0.202
46.72,9.888,-0.137,-1.473,-0.139
46.73,9.876,-0.173,-1.556,-0.078
46.74,9.863,-0.208,-1.635,-0.017
46.75,9.849,-0.246,-1.711,0.043
46.76,9.835,-0.284,-1.782,0.104
46.77,9.82,-0.322,-1.851,0.164
46.78,9.805,-0.362,-1.916,0.224
46.79,9.789,-0.402,-1.978,0.282
46.8,9.774,-0.442,-2.038,0.34
46.81,9.757,-0.482,-2.096,0.397
46.82,9.74,-0.523,-2.155,0.453
46.83,9.722,-0.563,-2.213,0.509
46.84,9.703,-0.603,-2.272,0.565
46.85,9.683,-0.642,-2.332,0.621
46.86,9.661,-0.681,-2.393,0.677
46.87,9.638,-0.72,-2.456,0.734
46.88,9.614,-0.758,-2.521,0.791
46.89,9.588,-0.795,-2.589,0.85
46.9,9.56,-0.832,-2.66,0.909
46.91,9.527,-0.866,-2.742,0.972
46.92,9.491,-0.897,-2.833,1.038
46.93,9.451,-0.926,-2.931,1.106
46.94,9.407,-0.952,-3.035,1.177
46.95,9.359,-0.978,-3.144,1.249
46.96,9.307,-1.002,-3.257,1.323
46.97,9.252,-1.022,-3.375,1.399
46.98,9.192,-1.039,-3.497,1.476
46.99,9.13,-1.053,-3.621,1.553
47,9.065,-1.062,-3.744,1.631
47.01,8.999,-1.069,-3.865,1.707
47.02,8.933,-1.073,-3.983,1.78
47.03,8.868,-1.074,-4.094,1.85
47.04,8.807,-1.073,-4.195,1.915
47.05,8.751,-1.071,-4.285,1.973
47.06,8.698,-1.068,-4.367,2.027
47.07,8.65,-1.065,-4.44,2.075
47.08,8.607,-1.061,-4.504,2.118
47.09,8.57,-1.057,-4.559,2.154
47.1,8.537,-1.053,-4.607,2.184
47.11,8.507,-1.049,-4.651,2.21
47.12,8.478,-1.043,-4.694,2.233
47.13,8.45,-1.034,-4.737,2.252
47.14,8.422,-1.023,-4.781,2.269
47.15,8.392,-1.01,-4.829,2.285
47.16,8.361,-0.995,-4.879,2.3
47.17,8.328,-0.977,-4.932,2.314
47.18,8.293,-0.958,-4.987,2.328
47.19,8.256,-0.935,-5.047,2.341
47.2,8.213,-0.905,-5.114,2.355
47.21,8.166,-0.87,-5.188,2.371
47.22,8.114,-0.83,-5.268,2.388
47.23,8.059,-0.786,-5.351,2.405
47.24,8.003,-0.739,-5.434,2.421
47.25,7.943,-0.685,-5.52,2.438
47.26,7.882,-0.629,-5.607,2.454
47.27,7.822,-0.57,-5.69,2.469
47.28,7.764,-0.511,-5.769,2.482
47.29,7.709,-0.451,-5.842,2.493
47.3,7.657,-0.389,-5.911,2.503
47.31,7.607,-0.327,-5.976,2.512
47.32,7.56,-0.266,-6.035,2.518
47.33,7.517,-0.205,-6.089,2.523
47.34,7.477,-0.145,-6.139,2.526
47.35,7.44,-0.085,-6.184,2.527
47.36,7.407,-0.026,-6.223,2.527
47.37,7.38,0.031,-6.257,2.525
47.38,7.356,0.089,-6.286,2.521
47.39,7.334,0.147,-6.312,2.517
47.4,7.313,0.206,-6.337,2.511
47.41,7.292,0.266,-6.361,2.505
47.42,7.272,0.327,-6.383,2.499
47.43,7.252,0.389,-6.405,2.493
47.44,7.232,0.451,-6.426,2.487
47.45,7.211,0.514,-6.446,2.483
47.46,7.189,0.579,-6.467,2.478
47.47,7.162,0.647,-6.491,2.475
47.48,7.129,0.718,-6.521,2.474
47.49,7.087,0.793,-6.558,2.474
47.5,7.038,0.871,-6.6,2.475
47.51,6.983,0.951,-6.647,2.478
47.52,6.922,1.033,-6.696,2.481
47.53,6.857,1.118,-6.749,2.484
47.54,6.786,1.207,-6.804,2.487
47.55,6.708,1.298,-6.863,2.49
47.56,6.625,1.391,-6.925,2.493
47.57,6.536,1.487,-6.988,2.495
47.58,6.443,1.583,-7.052,2.497
47.59,6.348,1.679,-7.115,2.498
47.6,6.255,1.775,-7.174,2.499
47.61,6.162,1.87,-7.23,2.498
47.62,6.073,1.964,-7.281,2.497
47.63,5.987,2.056,-7.327,2.495
47.64,5.907,2.145,-7.367,2.493
47.65,5.836,2.23,-7.4,2.49
47.66,5.774,2.31,-7.424,2.488
47.67,5.725,2.384,-7.439,2.487
47.68,5.688,2.451,-7.445,2.487
47.69,5.666,2.51,-7.442,2.49
47.7,5.656,2.561,-7.43,2.495
47.71,5.656,2.607,-7.411,2.502
47.72,5.669,2.646,-7.385,2.513
47.73,5.694,2.677,-7.349,2.528
47.74,5.73,2.7,-7.306,2.547
47.75,5.778,2.716,-7.254,2.57
47.76,5.837,2.724,-7.194,2.597
47.77,5.907,2.724,-7.125,2.628
47.78,5.987,2.717,-7.047,2.664
47.79,6.08,2.701,-6.958,2.704
47.8,6.185,2.673,-6.857,2.748
47.81,6.303,2.637,-6.744,2.796
47.82,6.43,2.59,-6.62,2.847
47.83,6.565,2.535,-6.485,2.899
47.84,6.706,2.471,-6.339,2.953
47.85,6.852,2.399,-6.184,3.008
47.86,7.002,2.32,-6.017,3.061
47.87,7.156,2.234,-5.838,3.114
47.88,7.313,2.14,-5.648,3.165
47.89,7.474,2.037,-5.444,3.215
47.9,7.636,1.928,-5.227,3.263
47.91,7.798,1.809,-4.997,3.307
47.92,7.961,1.682,-4.751,3.348
47.93,8.124,1.545,-4.488,3.383
47.94,8.294,1.395,-4.198,3.411
47.95,8.458,1.24,-3.892,3.43
47.96,8.615,1.08,-3.573,3.44
47.97,8.763,0.917,-3.243,3.439
47.98,8.902,0.752,-2.904,3.426
47.99,9.03,0.585,-2.557,3.401
48,9.144,0.421,-2.211,3.364
48.01,9.243,0.261,-1.871,3.313
48.02,9.329,0.109,-1.54,3.252
48.03,9.401,-0.033,-1.222,3.179
48.04,9.462,-0.168,-0.919,3.096
48.05,9.512,-0.293,-0.63,3.005
48.06,9.553,-0.41,-0.356,2.904
48.07,9.586,-0.519,-0.094,2.797
48.08,9.611,-0.62,0.156,2.685
48.09,9.629,-0.713,0.399,2.569
48.1,9.641,-0.799,0.633,2.449
48.11,9.647,-0.879,0.859,2.326
48.12,9.647,-0.953,1.081,2.2
48.13,9.642,-1.021,1.296,2.073
48.14,9.631,-1.083,1.507,1.946
48.15,9.615,-1.14,1.71,1.819
48.16,9.595,-1.19,1.907,1.693
48.17,9.571,-1.234,2.096,1.568
48.18,9.545,-1.272,2.274,1.444
48.19,9.517,-1.303,2.441,1.324
48.2,9.488,-1.329,2.597,1.208
48.21,9.457,-1.35,2.744,1.095
48.22,9.425,-1.367,2.883,0.985
48.23,9.394,-1.379,3.01,0.878
48.24,9.364,-1.388,3.126,0.776
48.25,9.337,-1.392,3.227,0.679
48.26,9.312,-1.392,3.316,0.585
48.27,9.29,-1.389,3.392,0.497
48.28,9.271,-1.384,3.456,0.413
48.29,9.262,-1.374,3.492,0.34
48.3,9.259,-1.361,3.512,0.272
48.31,9.262,-1.346,3.514,0.21
48.32,9.272,-1.329,3.496,0.157
48.33,9.29,-1.31,3.457,0.112
48.34,9.317,-1.29,3.394,0.075
48.35,9.353,-1.268,3.302,0.05
48.36,9.398,-1.244,3.18,0.036
48.37,9.451,-1.218,3.03,0.032
48.38,9.51,-1.19,2.852,0.039
48.39,9.572,-1.16,2.648,0.054
48.4,9.637,-1.127,2.418,0.078
48.41,9.701,-1.091,2.161,0.111
48.42,9.764,-1.052,1.879,0.152
48.43,9.821,-1.008,1.576,0.199
48.44,9.871,-0.959,1.251,0.251
48.45,9.912,-0.904,0.906,0.309
48.46,9.942,-0.842,0.542,0.37
48.47,9.959,-0.773,0.16,0.435
48.48,9.96,-0.693,-0.239,0.504
48.49,9.943,-0.603,-0.657,0.573
48.5,9.907,-0.502,-1.087,0.642
48.51,9.849,-0.39,-1.524,0.709
48.52,9.77,-0.267,-1.966,0.771
48.53,9.669,-0.134,-2.408,0.826
48.54,9.547,0.007,-2.843,0.872
48.55,9.406,0.159,-3.265,0.908
48.56,9.248,0.318,-3.674,0.932
48.57,9.074,0.482,-4.066,0.945
48.58,8.886,0.65,-4.439,0.945
48.59,8.688,0.82,-4.791,0.932
48.6,8.481,0.992,-5.123,0.906
48.61,8.265,1.166,-5.437,0.868
48.62,8.04,1.339,-5.734,0.818
48.63,7.815,1.511,-6.005,0.745
48.64,7.584,1.68,-6.262,0.66
48.65,7.347,1.845,-6.502,0.564
48.66,7.107,2.005,-6.726,0.457
48.67,6.865,2.16,-6.934,0.34
48.68,6.621,2.308,-7.126,0.214
48.69,6.376,2.449,-7.303,0.079
48.7,6.133,2.582,-7.463,-0.061
48.71,5.893,2.708,-7.608,-0.207
48.72,5.663,2.825,-7.734,-0.357
48.73,5.445,2.934,-7.84,-0.508
48.74,5.246,3.034,-7.926,-0.659
48.75,5.068,3.127,-7.992,-0.807
48.76,4.915,3.213,-8.037,-0.951
48.77,4.792,3.292,-8.062,-1.088
48.78,4.701,3.367,-8.067,-1.214
48.79,4.646,3.436,-8.051,-1.33
48.8,4.631,3.503,-8.014,-1.432
48.81,4.659,3.567,-7.953,-1.516
48.82,4.728,3.632,-7.87,-1.583
48.83,4.833,3.697,-7.765,-1.633
48.84,4.97,3.764,-7.638,-1.666
48.85,5.138,3.833,-7.488,-1.68
48.86,5.333,3.904,-7.314,-1.677
48.87,5.551,3.975,-7.115,-1.656
48.88,5.787,4.048,-6.89,-1.619
48.89,6.041,4.121,-6.638,-1.564
48.9,6.305,4.193,-6.357,-1.492
48.91,6.576,4.264,-6.049,-1.403
48.92,6.848,4.331,-5.714,-1.298
48.93,7.115,4.394,-5.354,-1.18
48.94,7.374,4.45,-4.971,-1.049
48.95,7.621,4.497,-4.567,-0.907
48.96,7.853,4.535,-4.143,-0.757
48.97,8.068,4.562,-3.703,-0.598
48.98,8.263,4.577,-3.251,-0.434
48.99,8.437,4.577,-2.79,-0.27
49,8.587,4.564,-2.323,-0.107
49.01,8.716,4.536,-1.854,0.052
49.02,8.822,4.496,-1.381,0.208
49.03,8.905,4.441,-0.91,0.359
49.04,8.967,4.374,-0.441,0.502
49.05,9.008,4.295,0.024,0.636
49.06,9.028,4.204,0.482,0.761
49.07,9.028,4.104,0.932,0.874
49.08,9.011,3.995,1.368,0.975
49.09,8.979,3.877,1.786,1.062
49.1,8.934,3.754,2.187,1.135
49.11,8.879,3.626,2.565,1.191
49.12,8.816,3.493,2.922,1.232
49.13,8.748,3.357,3.258,1.258
49.14,8.675,3.218,3.572,1.27
49.15,8.601,3.077,3.864,1.268
49.16,8.526,2.933,4.137,1.253
49.17,8.452,2.786,4.391,1.226
49.18,8.378,2.637,4.628,1.189
49.19,8.305,2.486,4.851,1.143
49.2,8.23,2.332,5.062,1.089
49.21,8.155,2.175,5.262,1.027
49.22,8.078,2.017,5.453,0.96
49.23,7.998,1.856,5.638,0.888
49.24,7.914,1.694,5.816,0.811
49.25,7.825,1.53,5.99,0.73
49.26,7.73,1.365,6.161,0.646
49.27,7.628,1.198,6.329,0.557
49.28,7.518,1.028,6.495,0.466
49.29,7.399,0.856,6.661,0.372
49.3,7.27,0.682,6.826,0.275
49.31,7.13,0.507,6.991,0.175
49.32,6.968,0.33,7.164,0.069
49.33,6.792,0.154,7.337,-0.04
49.34,6.601,-0.021,7.51,-0.154
49.35,6.391,-0.195,7.683,-0.272
49.36,6.164,-0.366,7.855,-0.395
49.37,5.919,-0.532,8.024,-0.524
49.38,5.657,-0.692,8.19,-0.658
49.39,5.375,-0.845,8.351,-0.799
49.4,5.075,-0.991,8.506,-0.945
49.41,4.755,-1.128,8.654,-1.099
49.42,4.415,-1.255,8.794,-1.259
49.43,4.056,-1.372,8.923,-1.425
49.44,3.675,-1.477,9.042,-1.596
49.45,3.273,-1.569,9.148,-1.769
49.46,2.856,-1.648,9.237,-1.944
49.47,2.427,-1.713,9.31,-2.119
49.48,1.991,-1.765,9.362,-2.293
49.49,1.554,-1.807,9.394,-2.461
49.5,1.125,-1.841,9.404,-2.625
49.51,0.711,-1.871,9.394,-2.781
49.52,0.318,-1.897,9.366,-2.926
49.53,-0.05,-1.925,9.322,-3.062
49.54,-0.395,-1.953,9.266,-3.187
49.55,-0.714,-1.985,9.199,-3.303
49.56,-1.011,-2.018,9.125,-3.41
49.57,-1.287,-2.056,9.044,-3.508
49.58,-1.541,-2.099,8.96,-3.595
49.59,-1.774,-2.146,8.874,-3.673
49.6,-1.988,-2.198,8.786,-3.742
49.61,-2.185,-2.255,8.699,-3.801
49.62,-2.367,-2.315,8.614,-3.85
49.63,-2.534,-2.381,8.531,-3.889
49.64,-2.687,-2.451,8.45,-3.918
49.65,-2.829,-2.525,8.373,-3.937
49.66,-2.96,-2.602,8.298,-3.948
49.67,-3.067,-2.689,8.236,-3.94
49.68,-3.161,-2.781,8.178,-3.921
49.69,-3.246,-2.878,8.124,-3.894
49.7,-3.323,-2.976,8.074,-3.86
49.71,-3.393,-3.076,8.027,-3.818
49.72,-3.456,-3.178,7.984,-3.767
49.73,-3.51,-3.284,7.946,-3.707
49.74,-3.554,-3.392,7.915,-3.633
49.75,-3.589,-3.504,7.889,-3.547
49.76,-3.617,-3.617,7.869,-3.449
49.77,-3.64,-3.731,7.853,-3.339
49.78,-3.661,-3.843,7.839,-3.22
49.79,-3.682,-3.951,7.827,-3.091
49.8,-3.705,-4.055,7.815,-2.957
49.81,-3.734,-4.153,7.801,-2.816
49.82,-3.769,-4.244,7.786,-2.673
49.83,-3.813,-4.327,7.768,-2.526
49.84,-3.868,-4.403,7.744,-2.38
49.85,-3.934,-4.471,7.715,-2.234
49.86,-4.012,-4.532,7.68,-2.092
49.87,-4.101,-4.585,7.637,-1.954
49.88,-4.2,-4.632,7.587,-1.82
49.89,-4.307,-4.673,7.531,-1.693
49.9,-4.424,-4.709,7.468,-1.572
49.91,-4.552,-4.738,7.395,-1.46
49.92,-4.693,-4.76,7.311,-1.358
49.93,-4.846,-4.777,7.216,-1.266
49.94,-5.01,-4.788,7.11,-1.183
49.95,-5.185,-4.795,6.991,-1.112
49.96,-5.369,-4.798,6.857,-1.052
49.97,-5.565,-4.797,6.707,-1.006
49.98,-5.773,-4.791,6.539,-0.973
49.99,-5.993,-4.78,6.349,-0.956
50,-6.221,-4.765,6.138,-0.952
50.01,-6.468,-4.746,5.888,-0.974
50.02,-6.717,-4.723,5.616,-1.009
50.03,-6.965,-4.696,5.321,-1.054
50.04,-7.211,-4.663,5.001,-1.11
50.05,-7.453,-4.624,4.656,-1.177
50.06,-7.69,-4.576,4.281,-1.258
50.07,-7.919,-4.52,3.875,-1.352
50.08,-8.135,-4.455,3.441,-1.458
50.09,-8.332,-4.381,2.983,-1.571
50.1,-8.507,-4.3,2.504,-1.688
50.11,-8.657,-4.212,2.01,-1.807
50.12,-8.779,-4.115,1.503,-1.927
50.13,-8.873,-4.01,0.985,-2.049
50.14,-8.938,-3.897,0.458,-2.169
50.15,-8.972,-3.776,-0.07,-2.288
50.16,-8.975,-3.648,-0.598,-2.402
50.17,-8.948,-3.515,-1.12,-2.512
50.18,-8.892,-3.377,-1.634,-2.616
50.19,-8.808,-3.236,-2.138,-2.711
50.2,-8.699,-3.091,-2.629,-2.8
50.21,-8.566,-2.944,-3.105,-2.88
50.22,-8.413,-2.796,-3.561,-2.95
50.23,-8.243,-2.648,-3.994,-3.01
50.24,-8.061,-2.5,-4.403,-3.06
50.25,-7.869,-2.351,-4.787,-3.101
50.26,-7.67,-2.203,-5.146,-3.132
50.27,-7.467,-2.058,-5.482,-3.154
50.28,-7.261,-1.915,-5.793,-3.167
50.29,-7.055,-1.775,-6.082,-3.172
50.3,-6.853,-1.638,-6.348,-3.169
50.31,-6.655,-1.506,-6.591,-3.158
50.32,-6.465,-1.377,-6.814,-3.141
50.33,-6.285,-1.252,-7.014,-3.117
50.34,-6.116,-1.13,-7.195,-3.089
50.35,-5.957,-1.012,-7.357,-3.057
50.36,-5.82,-0.899,-7.495,-3.021
50.37,-5.69,-0.789,-7.621,-2.983
50.38,-5.567,-0.681,-7.738,-2.943
50.39,-5.451,-0.575,-7.844,-2.901
50.4,-5.343,-0.471,-7.94,-2.858
50.41,-5.244,-0.369,-8.027,-2.814
50.42,-5.154,-0.268,-8.104,-2.771
50.43,-5.071,-0.168,-8.174,-2.727
50.44,-4.993,-0.068,-8.237,-2.684
50.45,-4.919,0.03,-8.295,-2.641
50.46,-4.849,0.128,-8.348,-2.6
50.47,-4.784,0.225,-8.397,-2.558
50.48,-4.72,0.321,-8.441,-2.518
50.49,-4.66,0.417,-8.482,-2.478
50.5,-4.604,0.513,-8.519,-2.439
50.51,-4.552,0.608,-8.551,-2.401
50.52,-4.505,0.702,-8.579,-2.364
50.53,-4.461,0.795,-8.604,-2.328
50.54,-4.42,0.888,-8.625,-2.293
50.55,-4.385,0.98,-8.643,-2.258
50.56,-4.354,1.071,-8.656,-2.224
50.57,-4.33,1.162,-8.665,-2.192
50.58,-4.312,1.253,-8.669,-2.16
50.59,-4.298,1.345,-8.67,-2.13
50.6,-4.287,1.437,-8.668,-2.1
50.61,-4.28,1.529,-8.662,-2.071
50.62,-4.276,1.622,-8.654,-2.044
50.63,-4.274,1.715,-8.644,-2.017
50.64,-4.272,1.809,-8.631,-1.99
50.65,-4.271,1.903,-8.618,-1.963
50.66,-4.269,2,-8.603,-1.936
50.67,-4.264,2.097,-8.588,-1.909
50.68,-4.258,2.195,-8.572,-1.883
50.69,-4.249,2.294,-8.557,-1.855
50.7,-4.232,2.396,-8.544,-1.826
50.71,-4.206,2.498,-8.534,-1.795
50.72,-4.174,2.6,-8.526,-1.762
50.73,-4.132,2.702,-8.522,-1.726
50.74,-4.08,2.805,-8.522,-1.687
50.75,-4.017,2.909,-8.525,-1.644
50.76,-3.941,3.012,-8.534,-1.598
50.77,-3.855,3.115,-8.546,-1.547
50.78,-3.756,3.217,-8.562,-1.492
50.79,-3.642,3.318,-8.583,-1.431
50.8,-3.513,3.417,-8.608,-1.365
50.81,-3.369,3.513,-8.638,-1.293
50.82,-3.207,3.607,-8.673,-1.214
50.83,-3.026,3.697,-8.711,-1.127
50.84,-2.825,3.783,-8.754,-1.032
50.85,-2.606,3.865,-8.797,-0.929
50.86,-2.368,3.942,-8.841,-0.818
50.87,-2.107,4.012,-8.886,-0.697
50.88,-1.827,4.076,-8.928,-0.568
50.89,-1.53,4.133,-8.965,-0.431
50.9,-1.219,4.182,-8.996,-0.288
50.91,-0.898,4.223,-9.018,-0.138
50.92,-0.565,4.255,-9.031,0.015
50.93,-0.223,4.279,-9.033,0.175
50.94,0.127,4.292,-9.024,0.34
50.95,0.484,4.297,-9.002,0.508
50.96,0.846,4.293,-8.966,0.679
50.97,1.214,4.279,-8.915,0.853
50.98,1.587,4.256,-8.848,1.028
50.99,1.963,4.223,-8.767,1.204
51,2.338,4.179,-8.669,1.377
51.01,2.71,4.125,-8.557,1.548
51.02,3.078,4.062,-8.43,1.716
51.03,3.437,3.989,-8.291,1.878
51.04,3.785,3.907,-8.14,2.033
51.05,4.118,3.82,-7.982,2.172
51.06,4.439,3.727,-7.815,2.303
51.07,4.751,3.629,-7.639,2.424
51.08,5.052,3.527,-7.456,2.536
51.09,5.342,3.421,-7.264,2.64
51.1,5.622,3.313,-7.066,2.733
51.11,5.889,3.204,-6.862,2.819
51.12,6.145,3.094,-6.653,2.895
51.13,6.39,2.984,-6.439,2.964
51.14,6.622,2.874,-6.223,3.024
51.15,6.842,2.765,-6.004,3.076
51.16,7.054,2.656,-5.781,3.122
51.17,7.257,2.547,-5.553,3.161
51.18,7.452,2.439,-5.319,3.196
51.19,7.638,2.332,-5.08,3.225
51.2,7.815,2.227,-4.836,3.249
51.21,7.984,2.123,-4.589,3.267
51.22,8.143,2.02,-4.337,3.282
51.23,8.295,1.919,-4.08,3.293
51.24,8.437,1.82,-3.818,3.302
51.25,8.571,1.722,-3.552,3.308
51.26,8.695,1.626,-3.28,3.312
51.27,8.809,1.533,-3.007,3.315
51.28,8.914,1.442,-2.73,3.315
51.29,9.009,1.352,-2.451,3.314
51.3,9.094,1.265,-2.17,3.312
51.31,9.17,1.18,-1.886,3.309
51.32,9.236,1.097,-1.601,3.305
51.33,9.291,1.016,-1.316,3.301
51.34,9.337,0.938,-1.032,3.296
51.35,9.373,0.862,-0.751,3.29
51.36,9.4,0.789,-0.471,3.284
51.37,9.418,0.717,-0.193,3.277
51.38,9.427,0.647,0.082,3.271
51.39,9.426,0.579,0.352,3.267
51.4,9.418,0.513,0.618,3.263
51.41,9.401,0.448,0.882,3.26
51.42,9.377,0.382,1.143,3.256
51.43,9.345,0.315,1.401,3.254
51.44,9.307,0.248,1.656,3.251
51.45,9.261,0.179,1.906,3.249
51.46,9.209,0.111,2.151,3.248
51.47,9.15,0.041,2.391,3.247
51.48,9.086,-0.029,2.625,3.246
51.49,9.017,-0.101,2.852,3.245
51.5,8.945,-0.174,3.07,3.244
51.51,8.868,-0.248,3.279,3.243
51.52,8.79,-0.323,3.48,3.242
51.53,8.709,-0.399,3.671,3.241
51.54,8.627,-0.476,3.852,3.24
51.55,8.544,-0.554,4.023,3.24
51.56,8.461,-0.633,4.185,3.239
51.57,8.378,-0.712,4.336,3.238
51.58,8.295,-0.793,4.48,3.237
51.59,8.212,-0.874,4.616,3.236
51.6,8.13,-0.956,4.745,3.234
51.61,8.048,-1.039,4.868,3.231
51.62,7.966,-1.122,4.984,3.228
51.63,7.886,-1.204,5.094,3.223
51.64,7.809,-1.287,5.196,3.217
51.65,7.735,-1.368,5.29,3.21
51.66,7.665,-1.447,5.375,3.201
51.67,7.601,-1.524,5.449,3.192
51.68,7.545,-1.599,5.512,3.181
51.69,7.496,-1.67,5.564,3.169
51.7,7.457,-1.737,5.603,3.156
51.71,7.427,-1.8,5.63,3.144
51.72,7.407,-1.857,5.645,3.132
51.73,7.397,-1.91,5.646,3.121
51.74,7.411,-1.952,5.619,3.111
51.75,7.436,-1.988,5.578,3.102
51.76,7.473,-2.018,5.522,3.093
51.77,7.522,-2.043,5.451,3.084
51.78,7.583,-2.063,5.363,3.076
51.79,7.654,-2.078,5.26,3.067
51.8,7.735,-2.089,5.141,3.059
51.81,7.825,-2.096,5.006,3.049
51.82,7.922,-2.1,4.855,3.04
51.83,8.027,-2.099,4.686,3.031
51.84,8.137,-2.094,4.5,3.021
51.85,8.252,-2.086,4.297,3.011
51.86,8.371,-2.074,4.074,3.002
51.87,8.492,-2.057,3.832,2.992
51.88,8.614,-2.036,3.568,2.983
51.89,8.737,-2.011,3.282,2.973
51.9,8.857,-1.98,2.971,2.963
51.91,8.974,-1.944,2.636,2.953
51.92,9.083,-1.904,2.279,2.944
51.93,9.181,-1.861,1.901,2.934
51.94,9.267,-1.816,1.504,2.924
51.95,9.337,-1.769,1.089,2.914
51.96,9.389,-1.722,0.659,2.903
51.97,9.422,-1.675,0.218,2.891
51.98,9.434,-1.63,-0.231,2.876
51.99,9.425,-1.589,-0.685,2.858
52,9.392,-1.551,-1.142,2.839
52.01,9.338,-1.518,-1.597,2.817
52.02,9.261,-1.49,-2.049,2.793
52.03,9.162,-1.468,-2.494,2.768
52.04,9.042,-1.452,-2.932,2.741
52.05,8.903,-1.441,-3.359,2.713
52.06,8.745,-1.436,-3.775,2.681
52.07,8.57,-1.438,-4.179,2.647
52.08,8.378,-1.452,-4.567,2.613
52.09,8.172,-1.472,-4.94,2.577
52.1,7.951,-1.496,-5.299,2.539
52.11,7.717,-1.525,-5.644,2.5
52.12,7.471,-1.558,-5.974,2.461
52.13,7.211,-1.595,-6.291,2.421
52.14,6.941,-1.634,-6.593,2.38
52.15,6.661,-1.677,-6.88,2.339
52.16,6.373,-1.724,-7.149,2.298
52.17,6.08,-1.773,-7.402,2.254
52.18,5.783,-1.825,-7.637,2.21
52.19,5.483,-1.879,-7.855,2.164
52.2,5.181,-1.936,-8.057,2.116
52.21,4.879,-1.995,-8.241,2.068
52.22,4.577,-2.056,-8.41,2.018
52.23,4.276,-2.118,-8.564,1.969
52.24,3.974,-2.18,-8.704,1.919
52.25,3.671,-2.242,-8.831,1.87
52.26,3.365,-2.303,-8.946,1.822
52.27,3.054,-2.363,-9.051,1.777
52.28,2.739,-2.421,-9.144,1.734
52.29,2.418,-2.476,-9.227,1.694
52.3,2.092,-2.529,-9.299,1.657
52.31,1.762,-2.579,-9.359,1.624
52.32,1.432,-2.627,-9.407,1.595
52.33,1.101,-2.671,-9.443,1.568
52.34,0.774,-2.712,-9.468,1.544
52.35,0.452,-2.751,-9.481,1.523
52.36,0.139,-2.786,-9.484,1.504
52.37,-0.163,-2.819,-9.477,1.485
52.38,-0.454,-2.849,-9.461,1.466
52.39,-0.729,-2.877,-9.439,1.446
52.4,-0.989,-2.901,-9.411,1.425
52.41,-1.235,-2.922,-9.378,1.402
52.42,-1.467,-2.94,-9.343,1.378
52.43,-1.672,-2.952,-9.308,1.353
52.44,-1.865,-2.961,-9.273,1.325
52.45,-2.047,-2.965,-9.237,1.297
52.46,-2.219,-2.966,-9.201,1.267
52.47,-2.384,-2.963,-9.165,1.238
52.48,-2.542,-2.955,-9.128,1.211
52.49,-2.693,-2.943,-9.092,1.184
52.5,-2.838,-2.926,-9.057,1.157
52.51,-2.979,-2.904,-9.022,1.132
52.52,-3.115,-2.879,-8.987,1.107
52.53,-3.245,-2.849,-8.953,1.082
52.54,-3.37,-2.816,-8.921,1.058
52.55,-3.491,-2.778,-8.889,1.035
52.56,-3.608,-2.737,-8.857,1.012
52.57,-3.721,-2.691,-8.827,0.99
52.58,-3.831,-2.64,-8.798,0.969
52.59,-3.938,-2.585,-8.769,0.948
52.6,-4.043,-2.526,-8.741,0.928
52.61,-4.144,-2.462,-8.713,0.909
52.62,-4.243,-2.395,-8.687,0.89
52.63,-4.34,-2.323,-8.66,0.873
52.64,-4.436,-2.248,-8.633,0.855
52.65,-4.528,-2.169,-8.607,0.838
52.66,-4.618,-2.086,-8.581,0.822
52.67,-4.707,-2,-8.554,0.806
52.68,-4.794,-1.91,-8.528,0.79
52.69,-4.877,-1.818,-8.503,0.775
52.7,-4.957,-1.722,-8.478,0.759
52.71,-5.034,-1.624,-8.453,0.743
52.72,-5.108,-1.523,-8.429,0.728
52.73,-5.179,-1.418,-8.405,0.712
52.74,-5.247,-1.311,-8.382,0.697
52.75,-5.31,-1.201,-8.359,0.682
52.76,-5.367,-1.089,-8.34,0.667
52.77,-5.414,-0.971,-8.325,0.653
52.78,-5.454,-0.85,-8.313,0.638
52.79,-5.49,-0.727,-8.302,0.625
52.8,-5.521,-0.602,-8.293,0.613
52.81,-5.548,-0.475,-8.283,0.602
52.82,-5.572,-0.346,-8.274,0.592
52.83,-5.593,-0.215,-8.265,0.585
52.84,-5.611,-0.083,-8.256,0.58
52.85,-5.628,0.05,-8.245,0.576
52.86,-5.644,0.185,-8.232,0.574
52.87,-5.661,0.322,-8.216,0.575
52.88,-5.682,0.46,-8.195,0.577
52.89,-5.706,0.6,-8.169,0.581
52.9,-5.734,0.74,-8.137,0.586
52.91,-5.765,0.882,-8.1,0.592
52.92,-5.801,1.024,-8.058,0.6
52.93,-5.84,1.166,-8.01,0.607
52.94,-5.883,1.307,-7.955,0.615
52.95,-5.93,1.448,-7.895,0.622
52.96,-5.981,1.588,-7.829,0.628
52.97,-6.036,1.727,-7.757,0.634
52.98,-6.093,1.865,-7.68,0.637
52.99,-6.154,2.001,-7.596,0.638
53,-6.218,2.134,-7.508,0.636
53.01,-6.285,2.265,-7.413,0.631
53.02,-6.356,2.393,-7.313,0.622
53.03,-6.428,2.518,-7.208,0.609
53.04,-6.503,2.639,-7.098,0.591
53.05,-6.58,2.757,-6.983,0.566
53.06,-6.66,2.872,-6.862,0.536
53.07,-6.744,2.983,-6.734,0.497
53.08,-6.833,3.09,-6.599,0.451
53.09,-6.926,3.192,-6.456,0.395
53.1,-7.022,3.29,-6.304,0.331
53.11,-7.121,3.383,-6.146,0.258
53.12,-7.232,3.466,-5.97,0.165
53.13,-7.347,3.544,-5.783,0.061
53.14,-7.464,3.613,-5.586,-0.053
53.15,-7.585,3.675,-5.377,-0.18
53.16,-7.708,3.727,-5.155,-0.317
53.17,-7.833,3.769,-4.919,-0.466
53.18,-7.959,3.799,-4.67,-0.626
53.19,-8.085,3.816,-4.407,-0.795
53.2,-8.208,3.821,-4.13,-0.974
53.21,-8.329,3.811,-3.839,-1.161
53.22,-8.447,3.785,-3.531,-1.358
53.23,-8.56,3.741,-3.206,-1.562
53.24,-8.668,3.677,-2.86,-1.774
53.25,-8.77,3.59,-2.491,-1.994
53.26,-8.863,3.479,-2.1,-2.218
53.27,-8.942,3.345,-1.688,-2.445
53.28,-9.005,3.189,-1.261,-2.67
53.29,-9.05,3.007,-0.818,-2.891
53.3,-9.075,2.803,-0.358,-3.105
53.31,-9.077,2.573,0.115,-3.31
53.32,-9.055,2.321,0.599,-3.5
53.33,-9.006,2.047,1.091,-3.673
53.34,-8.931,1.755,1.585,-3.826
53.35,-8.829,1.447,2.075,-3.955
53.36,-8.699,1.126,2.561,-4.059
53.37,-8.542,0.793,3.043,-4.139
53.38,-8.357,0.452,3.519,-4.19
53.39,-8.146,0.108,3.984,-4.213
53.4,-7.912,-0.237,4.432,-4.205
53.41,-7.657,-0.583,4.863,-4.167
53.42,-7.382,-0.925,5.274,-4.101
53.43,-7.089,-1.262,5.665,-4.006
53.44,-6.781,-1.59,6.032,-3.885
53.45,-6.462,-1.907,6.373,-3.738
53.46,-6.147,-2.198,6.686,-3.558
53.47,-5.825,-2.47,6.977,-3.358
53.48,-5.494,-2.723,7.248,-3.138
53.49,-5.155,-2.957,7.5,-2.901
53.5,-4.808,-3.172,7.732,-2.649
53.51,-4.453,-3.367,7.946,-2.383
53.52,-4.096,-3.539,8.139,-2.106
53.53,-3.738,-3.688,8.312,-1.821
53.54,-3.38,-3.815,8.465,-1.53
53.55,-3.025,-3.918,8.6,-1.235
53.56,-2.671,-4,8.716,-0.939
53.57,-2.32,-4.06,8.815,-0.643
53.58,-1.972,-4.1,8.897,-0.35
53.59,-1.627,-4.12,8.964,-0.059
53.6,-1.286,-4.121,9.017,0.228
53.61,-0.949,-4.102,9.055,0.51
53.62,-0.619,-4.066,9.08,0.788
53.63,-0.297,-4.013,9.092,1.061
53.64,0.017,-3.944,9.092,1.327
53.65,0.324,-3.859,9.081,1.586
53.66,0.624,-3.759,9.06,1.839
53.67,0.915,-3.645,9.029,2.083
53.68,1.199,-3.519,8.988,2.318
53.69,1.476,-3.379,8.939,2.545
53.7,1.749,-3.227,8.881,2.764
53.71,2.019,-3.062,8.814,2.975
53.72,2.288,-2.884,8.737,3.178
53.73,2.555,-2.695,8.651,3.37
53.74,2.823,-2.493,8.554,3.554
53.75,3.091,-2.28,8.447,3.726
53.76,3.363,-2.056,8.328,3.886
53.77,3.635,-1.82,8.197,4.032
53.78,3.908,-1.574,8.055,4.165
53.79,4.179,-1.321,7.902,4.283
53.8,4.445,-1.064,7.737,4.384
53.81,4.71,-0.807,7.566,4.461
53.82,4.97,-0.55,7.384,4.522
53.83,5.224,-0.295,7.194,4.567
53.84,5.473,-0.041,6.994,4.595
53.85,5.714,0.209,6.786,4.609
53.86,5.947,0.456,6.571,4.608
53.87,6.172,0.697,6.348,4.594
53.88,6.388,0.931,6.12,4.566
53.89,6.597,1.156,5.886,4.525
53.9,6.798,1.372,5.647,4.472
53.91,6.991,1.579,5.403,4.407
53.92,7.177,1.778,5.153,4.331
53.93,7.355,1.97,4.897,4.246
53.94,7.525,2.154,4.635,4.151
53.95,7.687,2.331,4.37,4.046
53.96,7.838,2.499,4.103,3.933
53.97,7.98,2.659,3.834,3.813
53.98,8.113,2.81,3.563,3.684
53.99,8.237,2.955,3.289,3.548
54,8.352,3.091,3.014,3.405
54.01,8.457,3.219,2.74,3.256
54.02,8.552,3.337,2.467,3.102
54.03,8.638,3.446,2.197,2.944
54.04,8.716,3.544,1.927,2.783
54.05,8.784,3.634,1.66,2.62
54.06,8.844,3.712,1.397,2.458
54.07,8.895,3.78,1.138,2.298
54.08,8.938,3.837,0.885,2.142
54.09,8.975,3.883,0.637,1.987
54.1,9.006,3.919,0.393,1.836
54.11,9.03,3.945,0.154,1.688
54.12,9.05,3.962,-0.078,1.544
54.13,9.064,3.97,-0.305,1.403
54.14,9.074,3.97,-0.525,1.267
54.15,9.082,3.958,-0.737,1.14
54.16,9.085,3.94,-0.944,1.016
54.17,9.085,3.916,-1.145,0.895
54.18,9.082,3.886,-1.342,0.778
54.19,9.074,3.853,-1.537,0.663
54.2,9.063,3.815,-1.73,0.55
54.21,9.046,3.775,-1.926,0.437
54.22,9.025,3.731,-2.123,0.323
54.23,8.998,3.684,-2.322,0.209
54.24,8.966,3.635,-2.524,0.095
54.25,8.928,3.583,-2.726,-0.019
54.26,8.884,3.529,-2.931,-0.133
54.27,8.834,3.472,-3.136,-0.247
54.28,8.778,3.413,-3.341,-0.36
54.29,8.717,3.351,-3.544,-0.472
54.3,8.65,3.286,-3.746,-0.583
54.31,8.577,3.219,-3.948,-0.693
54.32,8.497,3.149,-4.15,-0.802
54.33,8.412,3.078,-4.351,-0.908
54.34,8.32,3.005,-4.551,-1.012
54.35,8.223,2.929,-4.748,-1.114
54.36,8.121,2.851,-4.942,-1.212
54.37,8.016,2.771,-5.133,-1.308
54.38,7.906,2.689,-5.319,-1.4
54.39,7.793,2.604,-5.5,-1.488
54.4,7.678,2.518,-5.676,-1.573
54.41,7.561,2.43,-5.847,-1.652
54.42,7.442,2.341,-6.012,-1.728
54.43,7.322,2.249,-6.171,-1.799
54.44,7.202,2.156,-6.323,-1.866
54.45,7.082,2.062,-6.469,-1.929
54.46,6.963,1.965,-6.61,-1.988
54.47,6.845,1.867,-6.743,-2.044
54.48,6.728,1.766,-6.871,-2.097
54.49,6.612,1.665,-6.992,-2.146
54.5,6.501,1.561,-7.105,-2.191
54.51,6.392,1.456,-7.213,-2.232
54.52,6.282,1.35,-7.317,-2.272
54.53,6.172,1.242,-7.417,-2.309
54.54,6.061,1.134,-7.514,-2.344
54.55,5.95,1.023,-7.608,-2.378
54.56,5.838,0.912,-7.698,-2.408
54.57,5.726,0.801,-7.785,-2.437
54.58,5.614,0.69,-7.869,-2.464
54.59,5.503,0.579,-7.948,-2.488
54.6,5.393,0.468,-8.024,-2.511
54.61,5.283,0.358,-8.096,-2.53
54.62,5.173,0.249,-8.165,-2.548
54.63,5.062,0.141,-8.232,-2.564
54.64,4.951,0.034,-8.296,-2.577
54.65,4.838,-0.072,-8.359,-2.587
54.66,4.722,-0.178,-8.421,-2.595
54.67,4.604,-0.284,-8.483,-2.599
54.68,4.481,-0.389,-8.544,-2.6
54.69,4.353,-0.494,-8.605,-2.598
54.7,4.222,-0.597,-8.665,-2.593
54.71,4.085,-0.701,-8.725,-2.585
54.72,3.943,-0.802,-8.785,-2.573
54.73,3.797,-0.901,-8.844,-2.559
54.74,3.641,-0.999,-8.903,-2.541
54.75,3.475,-1.096,-8.964,-2.519
54.76,3.299,-1.192,-9.026,-2.494
54.77,3.113,-1.287,-9.087,-2.464
54.78,2.918,-1.382,-9.146,-2.43
54.79,2.714,-1.474,-9.204,-2.392
54.8,2.504,-1.565,-9.26,-2.35
54.81,2.286,-1.653,-9.312,-2.305
54.82,2.062,-1.738,-9.361,-2.256
54.83,1.832,-1.821,-9.405,-2.205
54.84,1.595,-1.899,-9.445,-2.15
54.85,1.353,-1.974,-9.481,-2.092
54.86,1.108,-2.046,-9.51,-2.031
54.87,0.859,-2.116,-9.534,-1.968
54.88,0.608,-2.182,-9.551,-1.904
54.89,0.356,-2.243,-9.562,-1.841
54.9,0.104,-2.299,-9.567,-1.777
54.91,-0.148,-2.352,-9.565,-1.714
54.92,-0.401,-2.399,-9.557,-1.652
54.93,-0.653,-2.442,-9.543,-1.589
54.94,-0.903,-2.479,-9.523,-1.528
54.95,-1.149,-2.511,-9.497,-1.469
54.96,-1.39,-2.537,-9.467,-1.414
54.97,-1.625,-2.558,-9.431,-1.361
54.98,-1.851,-2.572,-9.392,-1.314
54.99,-2.068,-2.581,-9.351,-1.269
55,-2.275,-2.584,-9.307,-1.229
55.01,-2.471,-2.583,-9.262,-1.194
55.02,-2.658,-2.575,-9.216,-1.163
55.03,-2.836,-2.564,-9.169,-1.136
55.04,-3.007,-2.547,-9.122,-1.112
55.05,-3.172,-2.525,-9.075,-1.09
55.06,-3.334,-2.501,-9.026,-1.069
55.07,-3.496,-2.474,-8.974,-1.05
55.08,-3.655,-2.445,-8.921,-1.032
55.09,-3.812,-2.414,-8.865,-1.015
55.1,-3.966,-2.38,-8.809,-1
55.11,-4.118,-2.344,-8.75,-0.987
55.12,-4.269,-2.306,-8.689,-0.975
55.13,-4.417,-2.266,-8.626,-0.965
55.14,-4.564,-2.224,-8.561,-0.956
55.15,-4.708,-2.18,-8.495,-0.948
55.16,-4.849,-2.135,-8.428,-0.942
55.17,-4.987,-2.09,-8.359,-0.937
55.18,-5.123,-2.044,-8.288,-0.934
55.19,-5.259,-1.999,-8.214,-0.932
55.2,-5.393,-1.954,-8.137,-0.932
55.21,-5.526,-1.91,-8.058,-0.932
55.22,-5.658,-1.866,-7.976,-0.934
55.23,-5.789,-1.823,-7.891,-0.936
55.24,-5.92,-1.782,-7.803,-0.94
55.25,-6.049,-1.742,-7.712,-0.944
55.26,-6.177,-1.703,-7.617,-0.95
55.27,-6.305,-1.666,-7.519,-0.956
55.28,-6.431,-1.63,-7.418,-0.964
55.29,-6.557,-1.596,-7.314,-0.973
55.3,-6.681,-1.563,-7.206,-0.983
55.31,-6.804,-1.532,-7.096,-0.995
55.32,-6.925,-1.503,-6.983,-1.007
55.33,-7.043,-1.476,-6.867,-1.021
55.34,-7.159,-1.45,-6.749,-1.037
55.35,-7.273,-1.426,-6.629,-1.054
55.36,-7.384,-1.403,-6.507,-1.072
55.37,-7.492,-1.382,-6.383,-1.092
55.38,-7.598,-1.362,-6.257,-1.113
55.39,-7.701,-1.343,-6.13,-1.136
55.4,-7.801,-1.326,-6.001,-1.16
55.41,-7.898,-1.31,-5.872,-1.186
55.42,-7.992,-1.297,-5.741,-1.213
55.43,-8.082,-1.285,-5.611,-1.242
55.44,-8.168,-1.274,-5.48,-1.272
55.45,-8.251,-1.266,-5.349,-1.304
55.46,-8.33,-1.26,-5.217,-1.337
55.47,-8.407,-1.256,-5.085,-1.37
55.48,-8.48,-1.255,-4.952,-1.405
55.49,-8.551,-1.257,-4.817,-1.44
55.5,-8.62,-1.262,-4.681,-1.475
55.51,-8.687,-1.271,-4.541,-1.511
55.52,-8.753,-1.284,-4.397,-1.546
55.53,-8.819,-1.307,-4.244,-1.579
55.54,-8.884,-1.335,-4.084,-1.611
55.55,-8.948,-1.368,-3.917,-1.642
55.56,-9.012,-1.406,-3.742,-1.67
55.57,-9.075,-1.449,-3.559,-1.694
55.58,-9.136,-1.498,-3.366,-1.716
55.59,-9.195,-1.552,-3.167,-1.734
55.6,-9.251,-1.61,-2.96,-1.748
55.61,-9.304,-1.672,-2.746,-1.757
55.62,-9.353,-1.738,-2.526,-1.762
55.63,-9.398,-1.807,-2.3,-1.762
55.64,-9.438,-1.88,-2.071,-1.757
55.65,-9.472,-1.957,-1.839,-1.748
55.66,-9.501,-2.034,-1.606,-1.734
55.67,-9.523,-2.113,-1.375,-1.715
55.68,-9.539,-2.193,-1.146,-1.692
55.69,-9.55,-2.273,-0.92,-1.665
55.7,-9.555,-2.352,-0.699,-1.635
55.71,-9.554,-2.43,-0.484,-1.601
55.72,-9.549,-2.507,-0.277,-1.565
55.73,-9.538,-2.583,-0.078,-1.526
55.74,-9.524,-2.656,0.111,-1.485
55.75,-9.507,-2.726,0.291,-1.443
55.76,-9.487,-2.795,0.461,-1.399
55.77,-9.465,-2.86,0.623,-1.353
55.78,-9.441,-2.924,0.775,-1.306
55.79,-9.416,-2.984,0.917,-1.257
55.8,-9.39,-3.041,1.051,-1.208
55.81,-9.364,-3.096,1.175,-1.158
55.82,-9.337,-3.148,1.29,-1.108
55.83,-9.311,-3.198,1.396,-1.058
55.84,-9.285,-3.244,1.493,-1.009
55.85,-9.26,-3.29,1.582,-0.96
55.86,-9.235,-3.332,1.662,-0.911
55.87,-9.212,-3.373,1.734,-0.864
55.88,-9.191,-3.411,1.79,-0.821
55.89,-9.172,-3.446,1.837,-0.78
55.9,-9.155,-3.48,1.877,-0.741
55.91,-9.139,-3.511,1.907,-0.706
55.92,-9.125,-3.541,1.929,-0.674
55.93,-9.113,-3.569,1.944,-0.644
55.94,-9.103,-3.595,1.953,-0.618
55.95,-9.094,-3.618,1.957,-0.595
55.96,-9.087,-3.64,1.956,-0.575
55.97,-9.082,-3.66,1.948,-0.56
55.98,-9.078,-3.678,1.934,-0.548
55.99,-9.077,-3.693,1.913,-0.541
56,-9.078,-3.705,1.883,-0.539
56.01,-9.082,-3.715,1.845,-0.542
56.02,-9.089,-3.721,1.798,-0.55
56.03,-9.097,-3.725,1.743,-0.563
56.04,-9.107,-3.726,1.68,-0.581
56.05,-9.119,-3.724,1.61,-0.603
56.06,-9.133,-3.719,1.534,-0.629
56.07,-9.148,-3.71,1.449,-0.661
56.08,-9.164,-3.698,1.356,-0.698
56.09,-9.182,-3.682,1.256,-0.739
56.1,-9.2,-3.662,1.149,-0.783
56.11,-9.218,-3.639,1.035,-0.832
56.12,-9.237,-3.611,0.912,-0.887
56.13,-9.255,-3.58,0.781,-0.945
56.14,-9.273,-3.546,0.646,-1.006
56.15,-9.289,-3.508,0.505,-1.071
56.16,-9.303,-3.467,0.358,-1.139
56.17,-9.315,-3.423,0.204,-1.211
56.18,-9.324,-3.375,0.045,-1.286
56.19,-9.331,-3.324,-0.121,-1.364
56.2,-9.334,-3.267,-0.296,-1.446
56.21,-9.334,-3.206,-0.483,-1.531
56.22,-9.329,-3.134,-0.698,-1.625
56.23,-9.318,-3.056,-0.926,-1.723
56.24,-9.3,-2.97,-1.165,-1.823
56.25,-9.274,-2.876,-1.416,-1.926
56.26,-9.24,-2.774,-1.673,-2.029
56.27,-9.197,-2.665,-1.936,-2.132
56.28,-9.146,-2.549,-2.202,-2.233
56.29,-9.086,-2.426,-2.469,-2.333
56.3,-9.018,-2.296,-2.736,-2.429
56.31,-8.941,-2.161,-3.002,-2.521
56.32,-8.856,-2.021,-3.265,-2.607
56.33,-8.764,-1.877,-3.526,-2.689
56.34,-8.664,-1.728,-3.781,-2.764
56.35,-8.557,-1.577,-4.03,-2.833
56.36,-8.445,-1.422,-4.272,-2.896
56.37,-8.328,-1.264,-4.507,-2.953
56.38,-8.205,-1.104,-4.734,-3.004
56.39,-8.078,-0.942,-4.954,-3.049
56.4,-7.947,-0.779,-5.166,-3.088
56.41,-7.813,-0.615,-5.369,-3.12
56.42,-7.677,-0.451,-5.562,-3.148
56.43,-7.54,-0.286,-5.746,-3.169
56.44,-7.4,-0.121,-5.922,-3.186
56.45,-7.258,0.043,-6.089,-3.197
56.46,-7.116,0.208,-6.249,-3.203
56.47,-6.972,0.373,-6.4,-3.204
56.48,-6.828,0.537,-6.545,-3.2
56.49,-6.683,0.699,-6.682,-3.191
56.5,-6.538,0.86,-6.813,-3.176
56.51,-6.394,1.019,-6.935,-3.157
56.52,-6.253,1.175,-7.049,-3.133
56.53,-6.116,1.328,-7.154,-3.104
56.54,-5.984,1.476,-7.25,-3.071
56.55,-5.858,1.62,-7.338,-3.034
56.56,-5.749,1.753,-7.409,-2.993
56.57,-5.651,1.879,-7.471,-2.949
56.58,-5.564,2,-7.523,-2.904
56.59,-5.486,2.114,-7.567,-2.856
56.6,-5.418,2.223,-7.603,-2.808
56.61,-5.361,2.327,-7.63,-2.759
56.62,-5.317,2.423,-7.648,-2.711
56.63,-5.285,2.513,-7.658,-2.663
56.64,-5.266,2.596,-7.66,-2.617
56.65,-5.26,2.672,-7.653,-2.571
56.66,-5.266,2.742,-7.638,-2.527
56.67,-5.284,2.805,-7.617,-2.486
56.68,-5.311,2.863,-7.589,-2.446
56.69,-5.347,2.916,-7.556,-2.409
56.7,-5.39,2.965,-7.517,-2.373
56.71,-5.439,3.009,-7.475,-2.339
56.72,-5.493,3.05,-7.429,-2.306
56.73,-5.551,3.087,-7.379,-2.276
56.74,-5.614,3.122,-7.326,-2.247
56.75,-5.679,3.153,-7.27,-2.221
56.76,-5.75,3.181,-7.209,-2.197
56.77,-5.827,3.204,-7.144,-2.175
56.78,-5.907,3.224,-7.074,-2.156
56.79,-5.99,3.241,-7.001,-2.14
56.8,-6.078,3.254,-6.923,-2.125
56.81,-6.171,3.264,-6.84,-2.114
56.82,-6.269,3.269,-6.75,-2.105
56.83,-6.374,3.27,-6.653,-2.098
56.84,-6.486,3.265,-6.548,-2.094
56.85,-6.604,3.256,-6.434,-2.092
56.86,-6.727,3.243,-6.312,-2.092
56.87,-6.855,3.226,-6.181,-2.093
56.88,-6.987,3.206,-6.041,-2.096
56.89,-7.121,3.183,-5.894,-2.099
56.9,-7.256,3.157,-5.74,-2.102
56.91,-7.393,3.131,-5.576,-2.104
56.92,-7.53,3.104,-5.406,-2.104
56.93,-7.663,3.076,-5.232,-2.103
56.94,-7.793,3.048,-5.054,-2.101
56.95,-7.919,3.02,-4.873,-2.098
56.96,-8.04,2.993,-4.691,-2.093
56.97,-8.156,2.966,-4.507,-2.086
56.98,-8.267,2.94,-4.321,-2.078
56.99,-8.374,2.915,-4.134,-2.069
57,-8.476,2.889,-3.944,-2.061
57.01,-8.573,2.863,-3.752,-2.054
57.02,-8.665,2.838,-3.558,-2.047
57.03,-8.753,2.812,-3.361,-2.041
57.04,-8.836,2.786,-3.161,-2.037
57.05,-8.915,2.761,-2.957,-2.034
57.06,-8.991,2.735,-2.746,-2.032
57.07,-9.062,2.709,-2.529,-2.032
57.08,-9.129,2.681,-2.304,-2.034
57.09,-9.192,2.653,-2.073,-2.038
57.1,-9.249,2.625,-1.835,-2.044
57.11,-9.301,2.596,-1.59,-2.05
57.12,-9.347,2.566,-1.339,-2.057
57.13,-9.387,2.537,-1.082,-2.065
57.14,-9.42,2.507,-0.819,-2.072
57.15,-9.446,2.478,-0.551,-2.08
57.16,-9.464,2.448,-0.277,-2.086
57.17,-9.474,2.419,0,-2.093
57.18,-9.476,2.39,0.281,-2.099
57.19,-9.469,2.362,0.566,-2.105
57.2,-9.453,2.333,0.855,-2.111
57.21,-9.427,2.305,1.148,-2.117
57.22,-9.392,2.277,1.443,-2.123
57.23,-9.347,2.25,1.74,-2.129
57.24,-9.291,2.224,2.04,-2.135
57.25,-9.221,2.199,2.349,-2.144
57.26,-9.139,2.174,2.662,-2.155
57.27,-9.044,2.149,2.978,-2.167
57.28,-8.936,2.122,3.297,-2.181
57.29,-8.813,2.095,3.619,-2.197
57.3,-8.675,2.066,3.943,-2.216
57.31,-8.521,2.036,4.268,-2.237
57.32,-8.351,2.003,4.595,-2.261
57.33,-8.165,1.969,4.921,-2.287
57.34,-7.962,1.935,5.243,-2.314
57.35,-7.743,1.9,5.562,-2.34
57.36,-7.509,1.864,5.875,-2.368
57.37,-7.258,1.827,6.183,-2.395
57.38,-6.993,1.789,6.481,-2.423
57.39,-6.715,1.751,6.769,-2.448
57.4,-6.427,1.713,7.045,-2.473
57.41,-6.128,1.675,7.307,-2.496
57.42,-5.822,1.638,7.555,-2.517
57.43,-5.509,1.603,7.787,-2.536
57.44,-5.192,1.568,8.004,-2.552
57.45,-4.869,1.535,8.206,-2.566
57.46,-4.54,1.502,8.395,-2.578
57.47,-4.204,1.469,8.57,-2.59
57.48,-3.864,1.435,8.731,-2.601
57.49,-3.519,1.4,8.878,-2.611
57.5,-3.172,1.365,9.01,-2.622
57.51,-2.823,1.33,9.128,-2.631
57.52,-2.475,1.294,9.231,-2.64
57.53,-2.13,1.258,9.32,-2.648
57.54,-1.79,1.221,9.394,-2.654
57.55,-1.454,1.184,9.456,-2.657
57.56,-1.124,1.148,9.505,-2.657
57.57,-0.801,1.113,9.543,-2.654
57.58,-0.486,1.078,9.569,-2.648
57.59,-0.179,1.044,9.586,-2.641
57.6,0.113,1.011,9.593,-2.63
57.61,0.399,0.98,9.593,-2.617
57.62,0.68,0.948,9.584,-2.602
57.63,0.957,0.918,9.568,-2.584
57.64,1.229,0.888,9.545,-2.565
57.65,1.496,0.859,9.515,-2.544
57.66,1.758,0.83,9.479,-2.521
57.67,2.013,0.803,9.437,-2.496
57.68,2.263,0.777,9.39,-2.469
57.69,2.508,0.753,9.337,-2.439
57.7,2.746,0.731,9.28,-2.408
57.71,2.976,0.711,9.219,-2.375
57.72,3.197,0.693,9.154,-2.341
57.73,3.41,0.678,9.087,-2.306
57.74,3.612,0.664,9.019,-2.27
57.75,3.804,0.654,8.95,-2.232
57.76,3.983,0.646,8.882,-2.194
57.77,4.151,0.643,8.815,-2.154
57.78,4.308,0.642,8.749,-2.113
57.79,4.452,0.645,8.687,-2.071
57.8,4.586,0.651,8.626,-2.029
57.81,4.71,0.66,8.569,-1.986
57.82,4.825,0.671,8.513,-1.943
57.83,4.932,0.685,8.461,-1.899
57.84,5.032,0.701,8.41,-1.855
57.85,5.126,0.719,8.362,-1.81
57.86,5.214,0.739,8.315,-1.764
57.87,5.297,0.762,8.27,-1.718
57.88,5.374,0.787,8.228,-1.671
57.89,5.445,0.815,8.188,-1.622
57.9,5.51,0.845,8.151,-1.571
57.91,5.571,0.878,8.116,-1.52
57.92,5.629,0.911,8.081,-1.469
57.93,5.687,0.945,8.046,-1.418
57.94,5.744,0.98,8.01,-1.368
57.95,5.801,1.014,7.973,-1.318
57.96,5.86,1.048,7.933,-1.27
57.97,5.92,1.082,7.891,-1.224
57.98,5.983,1.116,7.846,-1.179
57.99,6.048,1.149,7.797,-1.137
58,6.116,1.182,7.744,-1.098
58.01,6.187,1.214,7.688,-1.061
58.02,6.26,1.246,7.628,-1.027
58.03,6.335,1.277,7.565,-0.995
58.04,6.412,1.307,7.498,-0.967
58.05,6.492,1.337,7.427,-0.942
58.06,6.575,1.367,7.351,-0.921
58.07,6.661,1.397,7.27,-0.903
58.08,6.748,1.426,7.185,-0.888
58.09,6.836,1.455,7.097,-0.877
58.1,6.925,1.485,7.005,-0.867
58.11,7.014,1.514,6.91,-0.861
58.12,7.104,1.544,6.811,-0.857
58.13,7.195,1.573,6.708,-0.856
58.14,7.287,1.602,6.602,-0.858
58.15,7.377,1.63,6.493,-0.863
58.16,7.468,1.658,6.38,-0.87
58.17,7.558,1.685,6.264,-0.879
58.18,7.648,1.712,6.146,-0.891
58.19,7.736,1.738,6.025,-0.905
58.2,7.823,1.764,5.901,-0.92
58.21,7.909,1.788,5.775,-0.938
58.22,7.994,1.812,5.646,-0.957
58.23,8.077,1.834,5.515,-0.977
58.24,8.158,1.854,5.384,-0.999
58.25,8.236,1.873,5.253,-1.021
58.26,8.312,1.89,5.123,-1.044
58.27,8.384,1.904,4.993,-1.067
58.28,8.453,1.917,4.865,-1.09
58.29,8.518,1.926,4.741,-1.113
58.3,8.58,1.935,4.618,-1.135
58.31,8.639,1.941,4.499,-1.156
58.32,8.695,1.946,4.383,-1.177
58.33,8.747,1.95,4.27,-1.196
58.34,8.797,1.953,4.16,-1.215
58.35,8.844,1.955,4.053,-1.232
58.36,8.889,1.956,3.948,-1.249
58.37,8.931,1.956,3.847,-1.266
58.38,8.97,1.956,3.749,-1.281
58.39,9.006,1.956,3.657,-1.294
58.4,9.04,1.955,3.569,-1.306
58.41,9.071,1.955,3.486,-1.315
58.42,9.099,1.956,3.408,-1.323
58.43,9.125,1.957,3.335,-1.328
58.44,9.149,1.96,3.266,-1.331
58.45,9.17,1.963,3.203,-1.333
58.46,9.189,1.967,3.146,-1.332
58.47,9.206,1.972,3.096,-1.329
58.48,9.219,1.979,3.053,-1.323
58.49,9.23,1.987,3.018,-1.314
58.5,9.239,1.996,2.993,-1.301
58.51,9.244,2.006,2.977,-1.284
58.52,9.247,2.017,2.97,-1.263
58.53,9.246,2.03,2.974,-1.239
58.54,9.242,2.043,2.989,-1.209
58.55,9.235,2.057,3.016,-1.175
58.56,9.224,2.072,3.054,-1.136
58.57,9.209,2.087,3.103,-1.091
58.58,9.191,2.102,3.163,-1.042
58.59,9.169,2.117,3.235,-0.987
58.6,9.142,2.131,3.319,-0.927
58.61,9.11,2.144,3.415,-0.861
58.62,9.072,2.157,3.521,-0.791
58.63,9.025,2.167,3.651,-0.709
58.64,8.971,2.176,3.792,-0.622
58.65,8.909,2.184,3.944,-0.529
58.66,8.839,2.189,4.108,-0.429
58.67,8.76,2.191,4.282,-0.324
58.68,8.673,2.19,4.464,-0.213
58.69,8.576,2.185,4.654,-0.098
58.7,8.468,2.175,4.852,0.022
58.71,8.35,2.16,5.058,0.149
58.72,8.217,2.139,5.273,0.283
58.73,8.071,2.111,5.496,0.423
58.74,7.912,2.074,5.724,0.569
58.75,7.74,2.029,5.954,0.718
58.76,7.555,1.975,6.184,0.87
58.77,7.358,1.912,6.414,1.024
58.78,7.148,1.838,6.642,1.181
58.79,6.927,1.753,6.866,1.339
58.8,6.696,1.658,7.083,1.496
58.81,6.456,1.554,7.291,1.65
58.82,6.209,1.44,7.491,1.8
58.83,5.955,1.319,7.681,1.947
58.84,5.696,1.189,7.859,2.087
58.85,5.434,1.052,8.026,2.223
58.86,5.17,0.908,8.179,2.352
58.87,4.907,0.758,8.319,2.475
58.88,4.644,0.602,8.447,2.591
58.89,4.382,0.441,8.562,2.7
58.9,4.122,0.276,8.664,2.803
58.91,3.865,0.106,8.754,2.898
58.92,3.613,-0.066,8.832,2.987
58.93,3.367,-0.243,8.898,3.067
58.94,3.129,-0.421,8.953,3.14
58.95,2.899,-0.599,8.997,3.205
58.96,2.679,-0.777,9.031,3.261
58.97,2.47,-0.953,9.056,3.311
58.98,2.288,-1.123,9.071,3.348
58.99,2.12,-1.287,9.079,3.379
59,1.968,-1.444,9.08,3.404
59.01,1.835,-1.594,9.075,3.424
59.02,1.723,-1.736,9.065,3.44
59.03,1.634,-1.866,9.05,3.453
59.04,1.569,-1.985,9.032,3.464
59.05,1.524,-2.093,9.012,3.475
59.06,1.495,-2.191,8.989,3.484
59.07,1.481,-2.282,8.965,3.494
59.08,1.48,-2.364,8.94,3.504
59.09,1.492,-2.438,8.915,3.513
59.1,1.516,-2.504,8.888,3.524
59.11,1.55,-2.563,8.861,3.534
59.12,1.594,-2.614,8.834,3.546
59.13,1.648,-2.658,8.806,3.559
59.14,1.711,-2.694,8.777,3.572
59.15,1.783,-2.723,8.748,3.587
59.16,1.859,-2.747,8.718,3.602
59.17,1.943,-2.765,8.688,3.618
59.18,2.033,-2.777,8.656,3.634
59.19,2.131,-2.783,8.624,3.651
59.2,2.236,-2.783,8.59,3.668
59.21,2.35,-2.777,8.554,3.685
59.22,2.471,-2.764,8.517,3.702
59.23,2.6,-2.747,8.477,3.718
59.24,2.736,-2.723,8.434,3.734
59.25,2.882,-2.693,8.388,3.749
59.26,3.036,-2.658,8.339,3.763
59.27,3.196,-2.617,8.286,3.776
59.28,3.363,-2.571,8.229,3.788
59.29,3.536,-2.52,8.167,3.798
59.3,3.715,-2.465,8.101,3.806
59.31,3.899,-2.406,8.028,3.813
59.32,4.096,-2.34,7.947,3.818
59.33,4.296,-2.272,7.86,3.82
59.34,4.499,-2.203,7.765,3.82
59.35,4.704,-2.131,7.664,3.817
59.36,4.913,-2.058,7.555,3.812
59.37,5.123,-1.984,7.437,3.806
59.38,5.335,-1.911,7.311,3.796
59.39,5.546,-1.841,7.178,3.784
59.4,5.756,-1.772,7.036,3.768
59.41,5.964,-1.706,6.887,3.75
59.42,6.169,-1.643,6.732,3.73
59.43,6.369,-1.583,6.57,3.708
59.44,6.566,-1.525,6.401,3.684
59.45,6.757,-1.47,6.227,3.658
59.46,6.944,-1.419,6.047,3.632
59.47,7.124,-1.373,5.862,3.604
59.48,7.298,-1.332,5.672,3.575
59.49,7.466,-1.295,5.477,3.545
59.5,7.629,-1.262,5.276,3.515
59.51,7.785,-1.233,5.071,3.485
59.52,7.935,-1.209,4.86,3.455
59.53,8.078,-1.189,4.646,3.426
59.54,8.213,-1.175,4.427,3.398
59.55,8.341,-1.165,4.206,3.37
59.56,8.463,-1.159,3.979,3.344
59.57,8.577,-1.157,3.748,3.32
59.58,8.684,-1.159,3.515,3.298
59.59,8.783,-1.165,3.279,3.276
59.6,8.874,-1.176,3.04,3.257
59.61,8.957,-1.19,2.799,3.24
59.62,9.033,-1.208,2.556,3.225
59.63,9.101,-1.228,2.309,3.213
59.64,9.161,-1.25,2.059,3.204
59.65,9.213,-1.274,1.804,3.198
59.66,9.257,-1.299,1.546,3.196
59.67,9.291,-1.325,1.282,3.203
59.68,9.317,-1.35,1.014,3.213
59.69,9.335,-1.374,0.74,3.227
59.7,9.343,-1.395,0.46,3.246
59.71,9.342,-1.412,0.173,3.269
59.72,9.331,-1.423,-0.124,3.298
59.73,9.309,-1.427,-0.432,3.332
59.74,9.275,-1.424,-0.751,3.371
59.75,9.228,-1.414,-1.079,3.415
59.76,9.167,-1.396,-1.415,3.463
59.77,9.091,-1.369,-1.761,3.515
59.78,8.999,-1.332,-2.118,3.569
59.79,8.889,-1.284,-2.484,3.626
59.8,8.76,-1.226,-2.857,3.684
59.81,8.612,-1.16,-3.234,3.743
59.82,8.446,-1.086,-3.608,3.802
59.83,8.262,-1.008,-3.978,3.858
59.84,8.063,-0.925,-4.338,3.912
59.85,7.849,-0.839,-4.688,3.962
59.86,7.623,-0.75,-5.025,4.008
59.87,7.387,-0.659,-5.345,4.05
59.88,7.145,-0.568,-5.649,4.087
59.89,6.896,-0.475,-5.936,4.118
59.9,6.643,-0.38,-6.207,4.145
59.91,6.385,-0.283,-6.463,4.166
59.92,6.124,-0.185,-6.704,4.183
59.93,5.864,-0.087,-6.928,4.194
59.94,5.605,0.012,-7.135,4.202
59.95,5.348,0.111,-7.328,4.204
59.96,5.096,0.209,-7.505,4.201
59.97,4.848,0.306,-7.668,4.194
59.98,4.603,0.401,-7.819,4.183
59.99,4.363,0.495,-7.958,4.168
60,4.13,0.585,-8.086,4.147
60.01,3.92,0.669,-8.197,4.12
60.02,3.717,0.751,-8.3,4.088
60.03,3.521,0.829,-8.396,4.051
60.04,3.331,0.905,-8.484,4.011
60.05,3.148,0.976,-8.567,3.966
60.06,2.975,1.043,-8.643,3.917
60.07,2.809,1.107,-8.714,3.864
60.08,2.649,1.165,-8.782,3.807
60.09,2.495,1.218,-8.845,3.746
60.1,2.346,1.269,-8.906,3.682
60.11,2.202,1.316,-8.962,3.616
60.12,2.065,1.358,-9.016,3.548
60.13,1.934,1.397,-9.066,3.479
60.14,1.812,1.433,-9.113,3.407
60.15,1.698,1.463,-9.156,3.335
60.16,1.593,1.489,-9.197,3.262
60.17,1.496,1.51,-9.236,3.188
60.18,1.408,1.528,-9.272,3.114
60.19,1.329,1.542,-9.306,3.04
60.2,1.26,1.552,-9.338,2.966
60.21,1.199,1.559,-9.367,2.893
60.22,1.145,1.565,-9.395,2.82
60.23,1.097,1.568,-9.422,2.747
60.24,1.055,1.57,-9.447,2.676
60.25,1.017,1.571,-9.471,2.606
60.26,0.982,1.57,-9.493,2.538
60.27,0.951,1.567,-9.514,2.471
60.28,0.924,1.563,-9.534,2.406
60.29,0.9,1.559,-9.553,2.342
60.3,0.878,1.554,-9.571,2.28
60.31,0.858,1.549,-9.588,2.22
60.32,0.84,1.544,-9.603,2.162
60.33,0.825,1.54,-9.618,2.106
60.34,0.811,1.535,-9.631,2.052
60.35,0.799,1.532,-9.644,2
60.36,0.79,1.529,-9.655,1.952
60.37,0.781,1.526,-9.665,1.906
60.38,0.773,1.525,-9.675,1.862
60.39,0.766,1.525,-9.683,1.819
60.4,0.757,1.526,-9.692,1.778
60.41,0.748,1.528,-9.699,1.738
60.42,0.738,1.531,-9.706,1.7
60.43,0.728,1.535,-9.712,1.664
60.44,0.716,1.54,-9.718,1.629
60.45,0.705,1.547,-9.724,1.595
60.46,0.694,1.555,-9.728,1.563
60.47,0.68,1.564,-9.733,1.533
60.48,0.664,1.575,-9.737,1.503
60.49,0.646,1.588,-9.74,1.475
60.5,0.625,1.603,-9.743,1.448
60.51,0.601,1.62,-9.746,1.423
60.52,0.574,1.639,-9.748,1.398
60.53,0.544,1.659,-9.749,1.376
60.54,0.511,1.681,-9.75,1.354
60.55,0.473,1.706,-9.751,1.334
60.56,0.431,1.733,-9.75,1.315
60.57,0.385,1.761,-9.75,1.296
60.58,0.336,1.792,-9.748,1.279
60.59,0.283,1.824,-9.746,1.263
60.6,0.226,1.859,-9.743,1.248
60.61,0.165,1.895,-9.739,1.233
60.62,0.101,1.933,-9.734,1.219
60.63,0.034,1.972,-9.728,1.205
60.64,-0.034,2.014,-9.722,1.192
60.65,-0.105,2.057,-9.714,1.179
60.66,-0.179,2.103,-9.704,1.167
60.67,-0.254,2.149,-9.694,1.154
60.68,-0.331,2.197,-9.682,1.142
60.69,-0.409,2.246,-9.669,1.131
60.7,-0.49,2.298,-9.655,1.119
60.71,-0.57,2.351,-9.639,1.108
60.72,-0.649,2.406,-9.622,1.096
60.73,-0.727,2.461,-9.603,1.084
60.74,-0.802,2.517,-9.584,1.073
60.75,-0.873,2.574,-9.564,1.062
60.76,-0.938,2.632,-9.543,1.051
60.77,-0.995,2.689,-9.523,1.041
60.78,-1.041,2.746,-9.502,1.032
60.79,-1.077,2.803,-9.483,1.024
60.8,-1.101,2.859,-9.464,1.018
60.81,-1.112,2.914,-9.446,1.014
60.82,-1.108,2.968,-9.43,1.013
60.83,-1.088,3.02,-9.415,1.014
60.84,-1.053,3.071,-9.403,1.018
60.85,-1,3.12,-9.392,1.026
60.86,-0.929,3.166,-9.382,1.038
60.87,-0.84,3.21,-9.374,1.054
60.88,-0.735,3.251,-9.366,1.074
60.89,-0.615,3.29,-9.358,1.099
60.9,-0.481,3.326,-9.35,1.129
60.91,-0.334,3.36,-9.34,1.164
60.92,-0.175,3.392,-9.327,1.203
60.93,-0.003,3.422,-9.312,1.248
60.94,0.178,3.448,-9.294,1.297
60.95,0.369,3.472,-9.272,1.351
60.96,0.57,3.493,-9.245,1.41
60.97,0.78,3.511,-9.213,1.472
60.98,1,3.525,-9.175,1.539
60.99,1.228,3.536,-9.131,1.609
61,1.462,3.543,-9.081,1.682
61.01,1.704,3.547,-9.023,1.759
61.02,1.951,3.545,-8.957,1.837
61.03,2.2,3.541,-8.884,1.918
61.04,2.451,3.533,-8.803,2
61.05,2.704,3.522,-8.713,2.086
61.06,2.959,3.507,-8.614,2.173
61.07,3.214,3.489,-8.507,2.26
61.08,3.469,3.466,-8.392,2.347
61.09,3.722,3.439,-8.269,2.433
61.1,3.973,3.409,-8.139,2.517
61.11,4.223,3.376,-8,2.599
61.12,4.47,3.339,-7.853,2.679
61.13,4.714,3.3,-7.699,2.756
61.14,4.952,3.258,-7.539,2.83
61.15,5.184,3.213,-7.373,2.901
61.16,5.41,3.167,-7.202,2.967
61.17,5.629,3.119,-7.028,3.03
61.18,5.839,3.07,-6.85,3.088
61.19,6.043,3.019,-6.669,3.143
61.2,6.24,2.966,-6.484,3.194
61.21,6.43,2.912,-6.295,3.244
61.22,6.616,2.855,-6.101,3.292
61.23,6.8,2.796,-5.898,3.338
61.24,6.981,2.732,-5.687,3.384
61.25,7.159,2.664,-5.466,3.429
61.26,7.335,2.592,-5.234,3.473
61.27,7.508,2.514,-4.992,3.517
61.28,7.676,2.434,-4.74,3.56
61.29,7.838,2.349,-4.477,3.602
61.3,7.995,2.261,-4.204,3.643
61.31,8.144,2.169,-3.921,3.684
61.32,8.286,2.073,-3.629,3.723
61.33,8.419,1.973,-3.327,3.761
61.34,8.542,1.869,-3.017,3.797
61.35,8.656,1.761,-2.698,3.83
61.36,8.76,1.649,-2.371,3.862
61.37,8.852,1.533,-2.036,3.89
61.38,8.932,1.416,-1.697,3.914
61.39,8.998,1.3,-1.356,3.935
61.4,9.052,1.184,-1.016,3.952
61.41,9.093,1.071,-0.676,3.963
61.42,9.121,0.959,-0.339,3.969
61.43,9.137,0.85,-0.005,3.971
61.44,9.142,0.744,0.322,3.968
61.45,9.137,0.641,0.643,3.961
61.46,9.121,0.543,0.955,3.948
61.47,9.096,0.45,1.258,3.933
61.48,9.063,0.36,1.55,3.914
61.49,9.023,0.275,1.831,3.892
61.5,8.977,0.194,2.101,3.867
61.51,8.925,0.115,2.361,3.84
61.52,8.868,0.037,2.611,3.811
61.53,8.807,-0.036,2.851,3.779
61.54,8.743,-0.108,3.083,3.746
61.55,8.675,-0.178,3.304,3.711
61.56,8.606,-0.245,3.516,3.674
61.57,8.534,-0.31,3.72,3.636
61.58,8.46,-0.373,3.916,3.596
61.59,8.384,-0.436,4.107,3.555
61.6,8.305,-0.498,4.292,3.513
61.61,8.223,-0.559,4.473,3.47
61.62,8.138,-0.619,4.651,3.427
61.63,8.05,-0.68,4.825,3.383
61.64,7.959,-0.74,4.995,3.338
61.65,7.865,-0.799,5.162,3.292
61.66,7.768,-0.858,5.326,3.247
61.67,7.668,-0.915,5.486,3.202
61.68,7.565,-0.972,5.644,3.156
61.69,7.458,-1.027,5.798,3.111
61.7,7.35,-1.081,5.949,3.066
61.71,7.24,-1.132,6.096,3.022
61.72,7.128,-1.181,6.238,2.978
61.73,7.016,-1.228,6.375,2.936
61.74,6.906,-1.27,6.503,2.895
61.75,6.798,-1.31,6.625,2.856
61.76,6.692,-1.346,6.741,2.818
61.77,6.589,-1.379,6.85,2.782
61.78,6.49,-1.41,6.952,2.746
61.79,6.394,-1.437,7.048,2.713
61.8,6.302,-1.461,7.137,2.682
61.81,6.213,-1.483,7.221,2.652
61.82,6.128,-1.502,7.3,2.625
61.83,6.046,-1.519,7.373,2.6
61.84,5.968,-1.535,7.441,2.577
61.85,5.893,-1.547,7.505,2.557
61.86,5.823,-1.558,7.564,2.538
61.87,5.755,-1.567,7.619,2.522
61.88,5.69,-1.574,7.671,2.508
61.89,5.627,-1.579,7.719,2.497
61.9,5.567,-1.583,7.765,2.489
61.91,5.509,-1.584,7.807,2.483
61.92,5.454,-1.583,7.847,2.481
61.93,5.401,-1.579,7.884,2.482
61.94,5.351,-1.572,7.918,2.486
61.95,5.301,-1.564,7.951,2.494
61.96,5.253,-1.553,7.981,2.505
61.97,5.206,-1.541,8.01,2.519
61.98,5.161,-1.526,8.037,2.536
61.99,5.116,-1.51,8.062,2.556
62,5.072,-1.492,8.086,2.579
62.01,5.027,-1.472,8.109,2.606
62.02,4.984,-1.45,8.13,2.635
62.03,4.942,-1.426,8.149,2.667
62.04,4.901,-1.401,8.167,2.701
62.05,4.862,-1.374,8.183,2.738
62.06,4.825,-1.346,8.196,2.778
62.07,4.79,-1.316,8.207,2.819
62.08,4.762,-1.282,8.213,2.865
62.09,4.737,-1.245,8.216,2.912
62.1,4.717,-1.206,8.216,2.961
62.11,4.702,-1.165,8.213,3.012
62.12,4.693,-1.119,8.205,3.064
62.13,4.692,-1.069,8.192,3.117
62.14,4.699,-1.014,8.175,3.17
62.15,4.714,-0.954,8.152,3.224
62.16,4.738,-0.89,8.124,3.278
62.17,4.771,-0.82,8.09,3.331
62.18,4.813,-0.744,8.05,3.384
62.19,4.867,-0.661,8.003,3.436
62.2,4.932,-0.571,7.948,3.486
62.21,5.009,-0.473,7.886,3.534
62.22,5.098,-0.366,7.814,3.579
62.23,5.199,-0.248,7.732,3.62
62.24,5.311,-0.122,7.641,3.657
62.25,5.434,0.014,7.54,3.689
62.26,5.568,0.16,7.427,3.714
62.27,5.71,0.315,7.304,3.732
62.28,5.86,0.475,7.171,3.742
62.29,6.015,0.639,7.027,3.743
62.3,6.174,0.807,6.875,3.734
62.31,6.336,0.977,6.714,3.714
62.32,6.498,1.147,6.548,3.684
62.33,6.657,1.315,6.377,3.643
62.34,6.811,1.479,6.205,3.592
62.35,6.96,1.637,6.033,3.531
62.36,7.101,1.787,5.865,3.461
62.37,7.232,1.928,5.703,3.382
62.38,7.354,2.06,5.55,3.296
62.39,7.467,2.184,5.405,3.202
62.4,7.572,2.298,5.268,3.101
62.41,7.671,2.405,5.137,2.993
62.42,7.765,2.504,5.013,2.878
62.43,7.853,2.589,4.902,2.751
62.44,7.936,2.667,4.798,2.62
62.45,8.015,2.738,4.699,2.483
62.46,8.089,2.802,4.605,2.343
62.47,8.159,2.859,4.518,2.199
62.48,8.223,2.908,4.438,2.051
62.49,8.283,2.95,4.366,1.901
62.5,8.338,2.984,4.3,1.749
62.51,8.39,3.011,4.241,1.596
62.52,8.436,3.03,4.19,1.444
62.53,8.477,3.041,4.148,1.291
62.54,8.514,3.045,4.113,1.14
62.55,8.547,3.042,4.086,0.988
62.56,8.576,3.032,4.066,0.838
62.57,8.602,3.016,4.052,0.689
62.58,8.623,2.993,4.046,0.542
62.59,8.639,2.964,4.05,0.398
62.6,8.65,2.929,4.064,0.259
62.61,8.656,2.889,4.085,0.123
62.62,8.656,2.845,4.118,-0.009
62.63,8.65,2.796,4.163,-0.137
62.64,8.635,2.742,4.223,-0.261
62.65,8.612,2.684,4.298,-0.378
62.66,8.579,2.622,4.39,-0.491
62.67,8.537,2.558,4.494,-0.599
62.68,8.486,2.492,4.612,-0.703
62.69,8.422,2.426,4.746,-0.801
62.7,8.346,2.359,4.895,-0.894
62.71,8.257,2.291,5.058,-0.982
62.72,8.154,2.225,5.235,-1.065
62.73,8.036,2.162,5.424,-1.144
62.74,7.902,2.101,5.625,-1.218
62.75,7.752,2.043,5.836,-1.289
62.76,7.583,1.99,6.057,-1.354
62.77,7.385,1.948,6.297,-1.413
62.78,7.168,1.91,6.542,-1.468
62.79,6.928,1.878,6.793,-1.518
62.8,6.665,1.851,7.049,-1.562
62.81,6.378,1.829,7.307,-1.601
62.82,6.069,1.812,7.563,-1.636
62.83,5.739,1.797,7.813,-1.666
62.84,5.391,1.785,8.054,-1.693
62.85,5.03,1.773,8.282,-1.717
62.86,4.66,1.762,8.493,-1.74
62.87,4.285,1.749,8.687,-1.762
62.88,3.908,1.733,8.861,-1.786
62.89,3.533,1.713,9.016,-1.811
62.9,3.163,1.69,9.151,-1.84
62.91,2.8,1.662,9.267,-1.873
62.92,2.445,1.629,9.365,-1.908
62.93,2.098,1.591,9.448,-1.948
62.94,1.759,1.548,9.515,-1.991
62.95,1.429,1.502,9.567,-2.038
62.96,1.107,1.454,9.607,-2.087
62.97,0.791,1.404,9.634,-2.138
62.98,0.483,1.352,9.65,-2.191
62.99,0.18,1.299,9.656,-2.243
63,-0.121,1.247,9.651,-2.296
63.01,-0.423,1.197,9.636,-2.349
63.02,-0.727,1.15,9.611,-2.402
63.03,-1.037,1.107,9.574,-2.453
63.04,-1.355,1.068,9.526,-2.502
63.05,-1.68,1.033,9.466,-2.549
63.06,-2.01,1.003,9.392,-2.594
63.07,-2.346,0.978,9.304,-2.638
63.08,-2.687,0.959,9.201,-2.679
63.09,-3.031,0.945,9.083,-2.72
63.1,-3.376,0.936,8.95,-2.758
63.11,-3.72,0.93,8.801,-2.797
63.12,-4.065,0.934,8.634,-2.835
63.13,-4.405,0.941,8.453,-2.872
63.14,-4.739,0.951,8.256,-2.907
63.15,-5.065,0.965,8.047,-2.94
63.16,-5.382,0.981,7.824,-2.972
63.17,-5.688,0.997,7.591,-3.002
63.18,-5.982,1.016,7.348,-3.03
63.19,-6.262,1.036,7.095,-3.058
63.2,-6.53,1.058,6.835,-3.084
63.21,-6.783,1.082,6.569,-3.108
63.22,-7.021,1.106,6.298,-3.131
63.23,-7.243,1.131,6.024,-3.154
63.24,-7.451,1.157,5.749,-3.175
63.25,-7.642,1.183,5.475,-3.195
63.26,-7.818,1.209,5.204,-3.213
63.27,-7.978,1.235,4.938,-3.23
63.28,-8.123,1.261,4.679,-3.244
63.29,-8.254,1.287,4.427,-3.255
63.3,-8.374,1.311,4.183,-3.262
63.31,-8.482,1.335,3.947,-3.268
63.32,-8.58,1.358,3.721,-3.269
63.33,-8.667,1.379,3.504,-3.268
63.34,-8.746,1.398,3.299,-3.264
63.35,-8.817,1.416,3.103,-3.257
63.36,-8.881,1.433,2.917,-3.247
63.37,-8.939,1.448,2.742,-3.235
63.38,-8.991,1.461,2.578,-3.22
63.39,-9.038,1.471,2.424,-3.202
63.4,-9.081,1.48,2.282,-3.182
63.41,-9.12,1.486,2.151,-3.159
63.42,-9.156,1.491,2.03,-3.132
63.43,-9.189,1.494,1.922,-3.102
63.44,-9.22,1.494,1.825,-3.069
63.45,-9.249,1.492,1.739,-3.032
63.46,-9.276,1.484,1.676,-2.989
63.47,-9.301,1.475,1.625,-2.941
63.48,-9.326,1.463,1.585,-2.891
63.49,-9.349,1.449,1.557,-2.837
63.5,-9.372,1.432,1.541,-2.78
63.51,-9.393,1.412,1.538,-2.719
63.52,-9.413,1.389,1.548,-2.655
63.53,-9.432,1.363,1.571,-2.586
63.54,-9.45,1.333,1.608,-2.514
63.55,-9.466,1.301,1.659,-2.438
63.56,-9.479,1.266,1.724,-2.358
63.57,-9.49,1.229,1.801,-2.273
63.58,-9.499,1.189,1.891,-2.184
63.59,-9.504,1.147,1.995,-2.091
63.6,-9.505,1.103,2.112,-1.992
63.61,-9.501,1.059,2.24,-1.889
63.62,-9.493,1.015,2.378,-1.782
63.63,-9.48,0.971,2.527,-1.669
63.64,-9.46,0.927,2.687,-1.552
63.65,-9.433,0.882,2.86,-1.43
63.66,-9.398,0.839,3.043,-1.302
63.67,-9.354,0.798,3.238,-1.17
63.68,-9.301,0.759,3.44,-1.033
63.69,-9.238,0.724,3.651,-0.892
63.7,-9.164,0.692,3.869,-0.747
63.71,-9.079,0.666,4.093,-0.6
63.72,-8.982,0.644,4.323,-0.45
63.73,-8.873,0.628,4.558,-0.297
63.74,-8.752,0.619,4.794,-0.143
63.75,-8.619,0.617,5.032,0.01
63.76,-8.473,0.622,5.27,0.165
63.77,-8.315,0.634,5.509,0.32
63.78,-8.142,0.653,5.748,0.473
63.79,-7.955,0.68,5.988,0.625
63.8,-7.75,0.714,6.23,0.773
63.81,-7.518,0.765,6.485,0.913
63.82,-7.264,0.823,6.741,1.047
63.83,-6.987,0.888,6.999,1.176
63.84,-6.687,0.96,7.257,1.297
63.85,-6.364,1.039,7.511,1.412
63.86,-6.019,1.124,7.757,1.52
63.87,-5.656,1.216,7.993,1.621
63.88,-5.276,1.312,8.215,1.716
63.89,-4.881,1.41,8.421,1.805
63.9,-4.476,1.509,8.609,1.889
63.91,-4.065,1.607,8.775,1.967
63.92,-3.652,1.705,8.92,2.041
63.93,-3.238,1.802,9.044,2.111
63.94,-2.826,1.896,9.147,2.177
63.95,-2.417,1.987,9.229,2.241
63.96,-2.016,2.074,9.291,2.302
63.97,-1.624,2.158,9.334,2.361
63.98,-1.238,2.239,9.359,2.419
63.99,-0.862,2.317,9.367,2.475
64,-0.498,2.39,9.361,2.529
64.01,-0.146,2.457,9.341,2.583
64.02,0.195,2.521,9.308,2.635
64.03,0.53,2.58,9.264,2.687
64.04,0.855,2.635,9.209,2.738
64.05,1.172,2.685,9.145,2.789
64.06,1.483,2.731,9.07,2.839
64.07,1.788,2.772,8.987,2.887
64.08,2.088,2.809,8.895,2.934
64.09,2.383,2.842,8.795,2.98
64.1,2.675,2.871,8.685,3.026
64.11,2.961,2.896,8.567,3.071
64.12,3.241,2.914,8.442,3.116
64.13,3.515,2.927,8.31,3.162
64.14,3.78,2.932,8.173,3.21
64.15,4.03,2.927,8.033,3.263
64.16,4.272,2.915,7.888,3.318
64.17,4.506,2.898,7.739,3.375
64.18,4.73,2.873,7.587,3.435
64.19,4.945,2.843,7.431,3.495
64.2,5.153,2.807,7.273,3.558
64.21,5.353,2.766,7.111,3.622
64.22,5.546,2.72,6.945,3.687
64.23,5.73,2.67,6.777,3.753
64.24,5.907,2.614,6.607,3.821
64.25,6.075,2.553,6.437,3.89
64.26,6.234,2.487,6.265,3.959
64.27,6.386,2.416,6.093,4.029
64.28,6.532,2.34,5.92,4.099
64.29,6.669,2.259,5.747,4.168
64.3,6.801,2.174,5.572,4.236
64.31,6.928,2.085,5.396,4.303
64.32,7.052,1.993,5.216,4.367
64.33,7.173,1.897,5.033,4.427
64.34,7.29,1.799,4.846,4.485
64.35,7.405,1.7,4.654,4.538
64.36,7.518,1.602,4.456,4.587
64.37,7.629,1.504,4.25,4.632
64.38,7.738,1.407,4.035,4.673
64.39,7.846,1.313,3.811,4.71
64.4,7.951,1.222,3.575,4.741
64.41,8.055,1.137,3.328,4.768
64.42,8.155,1.057,3.066,4.791
64.43,8.253,0.984,2.79,4.809
64.44,8.346,0.918,2.498,4.822
64.45,8.432,0.858,2.193,4.832
64.46,8.51,0.803,1.876,4.838
64.47,8.579,0.756,1.545,4.841
64.48,8.637,0.716,1.202,4.84
64.49,8.684,0.684,0.846,4.836
64.5,8.715,0.664,0.474,4.834
64.51,8.731,0.65,0.091,4.829
64.52,8.731,0.644,-0.297,4.822
64.53,8.714,0.642,-0.692,4.812
64.54,8.68,0.643,-1.088,4.8
64.55,8.629,0.647,-1.483,4.786
64.56,8.561,0.653,-1.873,4.77
64.57,8.477,0.66,-2.259,4.752
64.58,8.379,0.666,-2.634,4.733
64.59,8.268,0.67,-2.998,4.71
64.6,8.147,0.671,-3.347,4.685
64.61,8.02,0.668,-3.679,4.657
64.62,7.886,0.66,-3.992,4.627
64.63,7.749,0.649,-4.289,4.596
64.64,7.609,0.633,-4.568,4.563
64.65,7.466,0.613,-4.833,4.529
64.66,7.322,0.589,-5.082,4.494
64.67,7.178,0.562,-5.317,4.459
64.68,7.034,0.532,-5.538,4.422
64.69,6.891,0.499,-5.747,4.384
64.7,6.747,0.466,-5.946,4.346
64.71,6.604,0.432,-6.135,4.307
64.72,6.46,0.397,-6.316,4.267
64.73,6.315,0.364,-6.489,4.226
64.74,6.169,0.331,-6.656,4.186
64.75,6.021,0.3,-6.816,4.145
64.76,5.873,0.27,-6.97,4.103
64.77,5.723,0.242,-7.118,4.062
64.78,5.572,0.215,-7.261,4.021
64.79,5.419,0.193,-7.399,3.979
64.8,5.263,0.174,-7.533,3.937
64.81,5.106,0.159,-7.663,3.895
64.82,4.946,0.146,-7.788,3.852
64.83,4.785,0.137,-7.909,3.809
64.84,4.625,0.137,-8.025,3.766
64.85,4.462,0.145,-8.137,3.721
64.86,4.296,0.158,-8.246,3.676
64.87,4.128,0.175,-8.351,3.629
64.88,3.959,0.196,-8.453,3.582
64.89,3.788,0.22,-8.55,3.534
64.9,3.615,0.248,-8.643,3.485
64.91,3.437,0.282,-8.734,3.436
64.92,3.255,0.319,-8.822,3.385
64.93,3.069,0.36,-8.906,3.334
64.94,2.882,0.404,-8.986,3.282
64.95,2.692,0.449,-9.061,3.229
64.96,2.499,0.495,-9.133,3.175
64.97,2.305,0.542,-9.2,3.121
64.98,2.11,0.589,-9.263,3.065
64.99,1.916,0.636,-9.32,3.008
65,1.723,0.685,-9.372,2.951
65.01,1.531,0.734,-9.42,2.893
65.02,1.34,0.783,-9.463,2.834
65.03,1.154,0.832,-9.501,2.774
65.04,0.973,0.88,-9.534,2.714
65.05,0.796,0.927,-9.563,2.654
65.06,0.624,0.973,-9.588,2.593
65.07,0.456,1.018,-9.609,2.532
65.08,0.292,1.063,-9.626,2.47
65.09,0.132,1.107,-9.64,2.409
65.1,-0.025,1.151,-9.651,2.349
65.11,-0.181,1.193,-9.659,2.288
65.12,-0.335,1.234,-9.664,2.229
65.13,-0.488,1.275,-9.665,2.17
65.14,-0.64,1.315,-9.664,2.112
65.15,-0.791,1.354,-9.659,2.055
65.16,-0.943,1.393,-9.652,1.999
65.17,-1.096,1.431,-9.641,1.944
65.18,-1.25,1.469,-9.628,1.89
65.19,-1.408,1.506,-9.61,1.839
65.2,-1.567,1.542,-9.589,1.79
65.21,-1.728,1.578,-9.564,1.741
65.22,-1.892,1.613,-9.536,1.694
65.23,-2.061,1.648,-9.503,1.646
65.24,-2.234,1.683,-9.466,1.6
65.25,-2.413,1.718,-9.423,1.554
65.26,-2.6,1.753,-9.374,1.509
65.27,-2.795,1.789,-9.318,1.464
65.28,-2.999,1.825,-9.254,1.419
65.29,-3.211,1.861,-9.183,1.373
65.3,-3.43,1.897,-9.103,1.328
65.31,-3.656,1.932,-9.013,1.283
65.32,-3.889,1.968,-8.914,1.237
65.33,-4.128,2.002,-8.804,1.192
65.34,-4.373,2.036,-8.684,1.146
65.35,-4.62,2.069,-8.553,1.1
65.36,-4.87,2.1,-8.411,1.055
65.37,-5.12,2.131,-8.259,1.009
65.38,-5.369,2.161,-8.096,0.964
65.39,-5.616,2.19,-7.925,0.92
65.4,-5.859,2.218,-7.744,0.875
65.41,-6.094,2.245,-7.557,0.832
65.42,-6.323,2.27,-7.364,0.789
65.43,-6.545,2.296,-7.163,0.745
65.44,-6.762,2.319,-6.956,0.701
65.45,-6.973,2.343,-6.741,0.657
65.46,-7.176,2.365,-6.521,0.611
65.47,-7.373,2.386,-6.293,0.565
65.48,-7.563,2.407,-6.059,0.519
65.49,-7.748,2.426,-5.818,0.471
65.5,-7.926,2.445,-5.568,0.422
65.51,-8.098,2.463,-5.311,0.371
65.52,-8.263,2.479,-5.046,0.319
65.53,-8.423,2.497,-4.769,0.261
65.54,-8.576,2.512,-4.481,0.2
65.55,-8.723,2.527,-4.183,0.136
65.56,-8.863,2.538,-3.87,0.067
65.57,-8.996,2.548,-3.545,-0.004
65.58,-9.119,2.555,-3.208,-0.079
65.59,-9.233,2.558,-2.857,-0.156
65.6,-9.336,2.558,-2.494,-0.236
65.61,-9.426,2.555,-2.122,-0.319
65.62,-9.502,2.549,-1.743,-0.403
65.63,-9.563,2.539,-1.359,-0.488
65.64,-9.609,2.525,-0.97,-0.574
65.65,-9.64,2.507,-0.576,-0.661
65.66,-9.655,2.484,-0.179,-0.746
65.67,-9.655,2.457,0.219,-0.83
65.68,-9.638,2.425,0.618,-0.912
65.69,-9.605,2.389,1.017,-0.993
65.7,-9.556,2.35,1.412,-1.073
65.71,-9.491,2.309,1.802,-1.15
65.72,-9.411,2.264,2.188,-1.225
65.73,-9.316,2.216,2.568,-1.297
65.74,-9.206,2.165,2.945,-1.367
65.75,-9.081,2.112,3.317,-1.433
65.76,-8.942,2.056,3.683,-1.495
65.77,-8.788,1.999,4.044,-1.554
65.78,-8.619,1.94,4.398,-1.609
65.79,-8.437,1.879,4.744,-1.661
65.8,-8.242,1.817,5.083,-1.708
65.81,-8.033,1.754,5.413,-1.752
65.82,-7.812,1.69,5.735,-1.793
65.83,-7.578,1.625,6.047,-1.83
65.84,-7.332,1.561,6.349,-1.865
65.85,-7.074,1.495,6.641,-1.896
65.86,-6.806,1.43,6.922,-1.923
65.87,-6.529,1.368,7.191,-1.945
65.88,-6.242,1.305,7.447,-1.964
65.89,-5.95,1.242,7.689,-1.98
65.9,-5.652,1.18,7.917,-1.991
65.91,-5.35,1.119,8.131,-1.999
65.92,-5.045,1.059,8.33,-2.004
65.93,-4.738,0.999,8.515,-2.007
65.94,-4.429,0.939,8.687,-2.009
65.95,-4.118,0.878,8.844,-2.009
65.96,-3.808,0.816,8.988,-2.007
65.97,-3.497,0.752,9.12,-2.004
65.98,-3.188,0.687,9.239,-2
65.99,-2.88,0.62,9.345,-1.994
66,-2.575,0.552,9.44,-1.986
66.01,-2.274,0.483,9.522,-1.977
66.02,-1.979,0.413,9.593,-1.966
66.03,-1.689,0.342,9.654,-1.954
66.04,-1.407,0.269,9.704,-1.94
66.05,-1.132,0.196,9.745,-1.924
66.06,-0.864,0.121,9.777,-1.907
66.07,-0.603,0.045,9.801,-1.889
66.08,-0.349,-0.031,9.817,-1.869
66.09,-0.103,-0.108,9.826,-1.846
66.1,0.135,-0.186,9.829,-1.822
66.11,0.365,-0.265,9.827,-1.795
66.12,0.586,-0.344,9.819,-1.766
66.13,0.796,-0.423,9.806,-1.735
66.14,0.996,-0.503,9.79,-1.703
66.15,1.186,-0.583,9.77,-1.668
66.16,1.365,-0.662,9.748,-1.631
66.17,1.531,-0.742,9.724,-1.592
66.18,1.685,-0.821,9.699,-1.552
66.19,1.824,-0.899,9.673,-1.51
66.2,1.951,-0.978,9.647,-1.467
66.21,2.065,-1.058,9.622,-1.423
66.22,2.154,-1.138,9.6,-1.377
66.23,2.23,-1.22,9.579,-1.33
66.24,2.294,-1.303,9.559,-1.282
66.25,2.347,-1.387,9.541,-1.233
66.26,2.387,-1.472,9.524,-1.184
66.27,2.417,-1.559,9.509,-1.135
66.28,2.436,-1.647,9.495,-1.086
66.29,2.446,-1.737,9.482,-1.037
66.3,2.446,-1.828,9.47,-0.988
66.31,2.435,-1.921,9.46,-0.939
66.32,2.413,-2.014,9.451,-0.891
66.33,2.381,-2.108,9.443,-0.843
66.34,2.339,-2.202,9.436,-0.797
66.35,2.287,-2.297,9.429,-0.752
66.36,2.226,-2.392,9.424,-0.71
66.37,2.152,-2.486,9.419,-0.67
66.38,2.064,-2.579,9.417,-0.633
66.39,1.959,-2.671,9.416,-0.601
66.4,1.835,-2.761,9.416,-0.573
66.41,1.688,-2.848,9.419,-0.55
66.42,1.512,-2.932,9.424,-0.536
66.43,1.305,-3.012,9.43,-0.531
66.44,1.07,-3.09,9.434,-0.535
66.45,0.812,-3.164,9.435,-0.549
66.46,0.531,-3.236,9.429,-0.572
66.47,0.23,-3.306,9.415,-0.606
66.48,-0.093,-3.372,9.391,-0.648
66.49,-0.441,-3.435,9.354,-0.701
66.5,-0.809,-3.493,9.303,-0.763
66.51,-1.195,-3.546,9.235,-0.833
66.52,-1.594,-3.595,9.148,-0.911
66.53,-2.002,-3.638,9.041,-0.998
66.54,-2.415,-3.677,8.913,-1.091
66.55,-2.831,-3.71,8.763,-1.19
66.56,-3.251,-3.739,8.587,-1.302
66.57,-3.666,-3.761,8.39,-1.418
66.58,-4.076,-3.775,8.17,-1.538
66.59,-4.476,-3.783,7.93,-1.659
66.6,-4.865,-3.784,7.67,-1.78
66.61,-5.24,-3.778,7.392,-1.9
66.62,-5.599,-3.767,7.097,-2.018
66.63,-5.94,-3.75,6.789,-2.132
66.64,-6.262,-3.727,6.47,-2.24
66.65,-6.564,-3.701,6.142,-2.342
66.66,-6.846,-3.67,5.806,-2.436
66.67,-7.107,-3.637,5.465,-2.523
66.68,-7.348,-3.603,5.123,-2.6
66.69,-7.568,-3.568,4.78,-2.669
66.7,-7.769,-3.532,4.439,-2.729
66.71,-7.952,-3.498,4.097,-2.78
66.72,-8.118,-3.462,3.755,-2.826
66.73,-8.269,-3.428,3.413,-2.865
66.74,-8.404,-3.395,3.072,-2.897
66.75,-8.524,-3.364,2.734,-2.923
66.76,-8.629,-3.334,2.398,-2.942
66.77,-8.721,-3.307,2.066,-2.954
66.78,-8.799,-3.283,1.736,-2.962
66.79,-8.864,-3.26,1.411,-2.964
66.8,-8.918,-3.241,1.09,-2.96
66.81,-8.96,-3.225,0.772,-2.952
66.82,-8.991,-3.21,0.458,-2.939
66.83,-9.011,-3.198,0.148,-2.922
66.84,-9.021,-3.188,-0.158,-2.902
66.85,-9.021,-3.181,-0.46,-2.878
66.86,-9.011,-3.175,-0.757,-2.851
66.87,-8.993,-3.172,-1.049,-2.82
66.88,-8.966,-3.171,-1.335,-2.785
66.89,-8.931,-3.173,-1.616,-2.747
66.9,-8.888,-3.176,-1.89,-2.707
66.91,-8.838,-3.184,-2.152,-2.664
66.92,-8.783,-3.194,-2.407,-2.617
66.93,-8.722,-3.206,-2.654,-2.566
66.94,-8.658,-3.219,-2.892,-2.51
66.95,-8.59,-3.233,-3.123,-2.448
66.96,-8.517,-3.248,-3.349,-2.383
66.97,-8.439,-3.263,-3.571,-2.316
66.98,-8.355,-3.277,-3.792,-2.248
66.99,-8.265,-3.29,-4.013,-2.179
67,-8.167,-3.301,-4.235,-2.111
67.01,-8.06,-3.309,-4.459,-2.045
67.02,-7.944,-3.313,-4.688,-1.981
67.03,-7.817,-3.315,-4.92,-1.919
67.04,-7.681,-3.314,-5.152,-1.86
67.05,-7.533,-3.31,-5.388,-1.803
67.06,-7.372,-3.302,-5.627,-1.752
67.07,-7.197,-3.29,-5.869,-1.706
67.08,-7.007,-3.275,-6.114,-1.668
67.09,-6.801,-3.255,-6.361,-1.635
67.1,-6.578,-3.232,-6.609,-1.609
67.11,-6.339,-3.205,-6.856,-1.588
67.12,-6.081,-3.174,-7.103,-1.573
67.13,-5.806,-3.139,-7.347,-1.562
67.14,-5.515,-3.101,-7.585,-1.556
67.15,-5.209,-3.06,-7.815,-1.552
67.16,-4.889,-3.016,-8.036,-1.551
67.17,-4.558,-2.97,-8.245,-1.552
67.18,-4.218,-2.922,-8.441,-1.552
67.19,-3.87,-2.873,-8.622,-1.553
67.2,-3.517,-2.824,-8.788,-1.553
67.21,-3.159,-2.774,-8.939,-1.552
67.22,-2.802,-2.722,-9.073,-1.549
67.23,-2.446,-2.671,-9.191,-1.545
67.24,-2.092,-2.621,-9.294,-1.539
67.25,-1.751,-2.575,-9.378,-1.53
67.26,-1.418,-2.529,-9.448,-1.519
67.27,-1.094,-2.484,-9.505,-1.507
67.28,-0.779,-2.439,-9.55,-1.493
67.29,-0.474,-2.394,-9.584,-1.477
67.3,-0.178,-2.351,-9.607,-1.46
67.31,0.106,-2.308,-9.621,-1.442
67.32,0.383,-2.267,-9.627,-1.422
67.33,0.648,-2.227,-9.625,-1.399
67.34,0.904,-2.189,-9.617,-1.375
67.35,1.149,-2.151,-9.603,-1.349
67.36,1.385,-2.114,-9.584,-1.323
67.37,1.609,-2.077,-9.56,-1.296
67.38,1.823,-2.04,-9.534,-1.27
67.39,2.026,-2.002,-9.504,-1.243
67.4,2.217,-1.963,-9.473,-1.217
67.41,2.397,-1.924,-9.44,-1.191
67.42,2.567,-1.884,-9.407,-1.164
67.43,2.726,-1.843,-9.374,-1.136
67.44,2.875,-1.802,-9.34,-1.11
67.45,3.014,-1.76,-9.307,-1.083
67.46,3.144,-1.716,-9.276,-1.057
67.47,3.261,-1.67,-9.246,-1.032
67.48,3.368,-1.621,-9.219,-1.007
67.49,3.462,-1.569,-9.196,-0.982
67.5,3.543,-1.515,-9.177,-0.957
67.51,3.612,-1.457,-9.162,-0.932
67.52,3.668,-1.398,-9.152,-0.907
67.53,3.713,-1.334,-9.145,-0.882
67.54,3.746,-1.268,-9.144,-0.857
67.55,3.768,-1.198,-9.147,-0.834
67.56,3.777,-1.124,-9.154,-0.811
67.57,3.775,-1.048,-9.166,-0.789
67.58,3.765,-0.967,-9.18,-0.77
67.59,3.75,-0.885,-9.197,-0.752
67.6,3.728,-0.799,-9.214,-0.739
67.61,3.705,-0.711,-9.232,-0.728
67.62,3.681,-0.622,-9.248,-0.719
67.63,3.657,-0.533,-9.264,-0.713
67.64,3.635,-0.441,-9.278,-0.709
67.65,3.614,-0.348,-9.29,-0.708
67.66,3.598,-0.253,-9.299,-0.71
67.67,3.585,-0.157,-9.306,-0.715
67.68,3.578,-0.06,-9.309,-0.722
67.69,3.575,0.037,-9.31,-0.733
67.7,3.576,0.136,-9.307,-0.746
67.71,3.582,0.235,-9.302,-0.762
67.72,3.592,0.335,-9.293,-0.78
67.73,3.606,0.436,-9.282,-0.8
67.74,3.624,0.538,-9.267,-0.822
67.75,3.647,0.641,-9.25,-0.846
67.76,3.674,0.745,-9.229,-0.871
67.77,3.705,0.849,-9.205,-0.897
67.78,3.738,0.955,-9.178,-0.925
67.79,3.774,1.061,-9.149,-0.952
67.8,3.811,1.168,-9.118,-0.981
67.81,3.849,1.276,-9.084,-1.009
67.82,3.887,1.385,-9.049,-1.038
67.83,3.924,1.494,-9.012,-1.067
67.84,3.961,1.604,-8.973,-1.096
67.85,3.998,1.714,-8.933,-1.124
67.86,4.035,1.826,-8.89,-1.152
67.87,4.073,1.937,-8.846,-1.179
67.88,4.111,2.05,-8.8,-1.205
67.89,4.149,2.162,-8.751,-1.23
67.9,4.188,2.273,-8.701,-1.253
67.91,4.228,2.384,-8.649,-1.275
67.92,4.269,2.494,-8.595,-1.295
67.93,4.31,2.603,-8.538,-1.315
67.94,4.355,2.71,-8.48,-1.331
67.95,4.4,2.816,-8.419,-1.345
67.96,4.448,2.92,-8.356,-1.357
67.97,4.497,3.022,-8.292,-1.366
67.98,4.549,3.121,-8.226,-1.373
67.99,4.604,3.217,-8.157,-1.377
68,4.662,3.31,-8.087,-1.378
68.01,4.723,3.4,-8.014,-1.376
68.02,4.787,3.488,-7.939,-1.37
68.03,4.854,3.572,-7.862,-1.359
68.04,4.925,3.654,-7.783,-1.344
68.05,4.998,3.733,-7.702,-1.324
68.06,5.075,3.808,-7.618,-1.299
68.07,5.157,3.88,-7.531,-1.269
68.08,5.243,3.949,-7.441,-1.234
68.09,5.334,4.013,-7.348,-1.194
68.1,5.43,4.074,-7.251,-1.148
68.11,5.53,4.131,-7.151,-1.097
68.12,5.636,4.185,-7.044,-1.04
68.13,5.749,4.235,-6.932,-0.974
68.14,5.869,4.282,-6.811,-0.9
68.15,5.994,4.325,-6.684,-0.818
68.16,6.122,4.365,-6.551,-0.728
68.17,6.254,4.4,-6.411,-0.631
68.18,6.39,4.431,-6.265,-0.527
68.19,6.529,4.456,-6.11,-0.416
68.2,6.67,4.475,-5.948,-0.3
68.21,6.812,4.489,-5.78,-0.178
68.22,6.953,4.496,-5.605,-0.05
68.23,7.094,4.498,-5.424,0.081
68.24,7.233,4.493,-5.237,0.217
68.25,7.372,4.482,-5.042,0.358
68.26,7.51,4.462,-4.839,0.503
68.27,7.646,4.434,-4.629,0.651
68.28,7.781,4.398,-4.41,0.802
68.29,7.918,4.349,-4.177,0.96
68.3,8.053,4.291,-3.932,1.122
68.31,8.185,4.222,-3.675,1.286
68.32,8.314,4.143,-3.404,1.452
68.33,8.438,4.052,-3.121,1.618
68.34,8.556,3.951,-2.825,1.783
68.35,8.668,3.837,-2.518,1.947
68.36,8.77,3.713,-2.2,2.108
68.37,8.863,3.578,-1.875,2.263
68.38,8.943,3.434,-1.545,2.412
68.39,9.012,3.282,-1.213,2.553
68.4,9.069,3.123,-0.877,2.685
68.41,9.114,2.959,-0.54,2.806
68.42,9.146,2.79,-0.202,2.917
68.43,9.166,2.616,0.135,3.019
68.44,9.172,2.44,0.472,3.111
68.45,9.166,2.261,0.81,3.195
68.46,9.146,2.079,1.147,3.269
68.47,9.114,1.896,1.483,3.335
68.48,9.069,1.711,1.817,3.392
68.49,9.011,1.525,2.15,3.44
68.5,8.94,1.34,2.48,3.48
68.51,8.858,1.154,2.806,3.51
68.52,8.763,0.971,3.128,3.53
68.53,8.658,0.789,3.442,3.543
68.54,8.542,0.61,3.75,3.548
68.55,8.416,0.434,4.05,3.545
68.56,8.28,0.26,4.342,3.535
68.57,8.137,0.09,4.624,3.519
68.58,7.987,-0.076,4.896,3.496
68.59,7.83,-0.239,5.157,3.468
68.6,7.667,-0.398,5.408,3.435
68.61,7.498,-0.554,5.649,3.398
68.62,7.324,-0.706,5.88,3.357
68.63,7.147,-0.852,6.1,3.313
68.64,6.963,-0.995,6.312,3.266
68.65,6.774,-1.134,6.517,3.216
68.66,6.579,-1.269,6.714,3.163
68.67,6.378,-1.401,6.905,3.108
68.68,6.173,-1.529,7.088,3.05
68.69,5.963,-1.653,7.263,2.99
68.7,5.751,-1.771,7.43,2.929
68.71,5.535,-1.886,7.588,2.866
68.72,5.317,-1.996,7.738,2.802
68.73,5.096,-2.101,7.88,2.738
68.74,4.873,-2.201,8.015,2.672
68.75,4.648,-2.297,8.143,2.606
68.76,4.419,-2.388,8.265,2.539
68.77,4.187,-2.476,8.379,2.472
68.78,3.953,-2.559,8.487,2.404
68.79,3.715,-2.639,8.588,2.336
68.8,3.473,-2.716,8.683,2.268
68.81,3.228,-2.79,8.772,2.199
68.82,2.98,-2.862,8.853,2.129
68.83,2.727,-2.933,8.928,2.059
68.84,2.471,-3.002,8.996,1.986
68.85,2.211,-3.069,9.057,1.912
68.86,1.946,-3.135,9.11,1.836
68.87,1.678,-3.2,9.156,1.758
68.88,1.408,-3.263,9.195,1.677
68.89,1.136,-3.325,9.225,1.594
68.9,0.864,-3.385,9.247,1.51
68.91,0.592,-3.442,9.261,1.424
68.92,0.321,-3.497,9.266,1.336
68.93,0.051,-3.55,9.264,1.247
68.94,-0.216,-3.6,9.254,1.158
68.95,-0.48,-3.646,9.237,1.067
68.96,-0.742,-3.691,9.212,0.976
68.97,-1.001,-3.731,9.18,0.885
68.98,-1.254,-3.768,9.142,0.794
68.99,-1.505,-3.802,9.098,0.703
69,-1.751,-3.832,9.048,0.612
69.01,-1.993,-3.859,8.992,0.522
69.02,-2.232,-3.882,8.93,0.432
69.03,-2.467,-3.902,8.863,0.342
69.04,-2.701,-3.918,8.791,0.251
69.05,-2.932,-3.93,8.713,0.161
69.06,-3.16,-3.937,8.631,0.07
69.07,-3.386,-3.941,8.543,-0.019
69.08,-3.61,-3.942,8.45,-0.109
69.09,-3.833,-3.94,8.351,-0.2
69.1,-4.056,-3.933,8.245,-0.292
69.11,-4.28,-3.924,8.131,-0.385
69.12,-4.505,-3.911,8.01,-0.48
69.13,-4.731,-3.894,7.88,-0.578
69.14,-4.957,-3.873,7.743,-0.677
69.15,-5.182,-3.849,7.597,-0.779
69.16,-5.405,-3.82,7.443,-0.883
69.17,-5.627,-3.788,7.28,-0.99
69.18,-5.846,-3.751,7.108,-1.099
69.19,-6.062,-3.711,6.928,-1.209
69.2,-6.275,-3.666,6.739,-1.321
69.21,-6.484,-3.617,6.542,-1.434
69.22,-6.689,-3.563,6.336,-1.549
69.23,-6.89,-3.504,6.121,-1.664
69.24,-7.086,-3.44,5.896,-1.781
69.25,-7.278,-3.371,5.661,-1.897
69.26,-7.464,-3.296,5.418,-2.012
69.27,-7.643,-3.216,5.168,-2.125
69.28,-7.814,-3.133,4.91,-2.235
69.29,-7.977,-3.045,4.647,-2.341
69.3,-8.13,-2.954,4.381,-2.442
69.31,-8.273,-2.861,4.113,-2.537
69.32,-8.404,-2.769,3.85,-2.62
69.33,-8.524,-2.678,3.589,-2.697
69.34,-8.634,-2.588,3.33,-2.767
69.35,-8.734,-2.5,3.073,-2.83
69.36,-8.824,-2.415,2.82,-2.887
69.37,-8.906,-2.332,2.57,-2.937
69.38,-8.979,-2.252,2.322,-2.981
69.39,-9.046,-2.175,2.075,-3.02
69.4,-9.105,-2.1,1.829,-3.055
69.41,-9.157,-2.026,1.582,-3.086
69.42,-9.203,-1.955,1.335,-3.114
69.43,-9.241,-1.885,1.088,-3.139
69.44,-9.272,-1.817,0.84,-3.162
69.45,-9.297,-1.75,0.592,-3.185
69.46,-9.314,-1.685,0.344,-3.206
69.47,-9.324,-1.62,0.096,-3.226
69.48,-9.328,-1.556,-0.152,-3.246
69.49,-9.324,-1.494,-0.4,-3.266
69.5,-9.313,-1.432,-0.648,-3.284
69.51,-9.295,-1.372,-0.896,-3.301
69.52,-9.271,-1.312,-1.144,-3.318
69.53,-9.239,-1.253,-1.391,-3.334
69.54,-9.201,-1.195,-1.636,-3.349
69.55,-9.157,-1.139,-1.879,-3.363
69.56,-9.106,-1.085,-2.118,-3.376
69.57,-9.051,-1.034,-2.351,-3.387
69.58,-8.991,-0.986,-2.577,-3.396
69.59,-8.927,-0.942,-2.796,-3.404
69.6,-8.86,-0.9,-3.008,-3.409
69.61,-8.791,-0.862,-3.213,-3.412
69.62,-8.719,-0.827,-3.409,-3.413
69.63,-8.646,-0.795,-3.598,-3.413
69.64,-8.57,-0.764,-3.782,-3.412
69.65,-8.493,-0.736,-3.961,-3.409
69.66,-8.413,-0.709,-4.136,-3.405
69.67,-8.332,-0.684,-4.305,-3.401
69.68,-8.249,-0.66,-4.469,-3.396
69.69,-8.164,-0.636,-4.63,-3.39
69.7,-8.077,-0.611,-4.788,-3.384
69.71,-7.987,-0.585,-4.945,-3.377
69.72,-7.894,-0.557,-5.098,-3.371
69.73,-7.8,-0.528,-5.249,-3.364
69.74,-7.703,-0.497,-5.397,-3.359
69.75,-7.603,-0.463,-5.542,-3.354
69.76,-7.501,-0.427,-5.685,-3.35
69.77,-7.397,-0.388,-5.824,-3.347
69.78,-7.291,-0.348,-5.96,-3.344
69.79,-7.185,-0.307,-6.091,-3.341
69.8,-7.08,-0.264,-6.216,-3.339
69.81,-6.975,-0.218,-6.337,-3.336
69.82,-6.868,-0.169,-6.455,-3.335
69.83,-6.759,-0.115,-6.57,-3.334
69.84,-6.65,-0.058,-6.682,-3.334
69.85,-6.541,0.001,-6.788,-3.334
69.86,-6.436,0.064,-6.887,-3.334
69.87,-6.335,0.128,-6.98,-3.334
69.88,-6.239,0.194,-7.065,-3.333
69.89,-6.149,0.261,-7.143,-3.331
69.9,-6.062,0.329,-7.215,-3.328
69.91,-5.979,0.399,-7.282,-3.325
69.92,-5.898,0.47,-7.345,-3.322
69.93,-5.819,0.542,-7.404,-3.317
69.94,-5.744,0.616,-7.46,-3.311
69.95,-5.671,0.69,-7.512,-3.304
69.96,-5.601,0.766,-7.561,-3.296
69.97,-5.532,0.844,-7.607,-3.286
69.98,-5.464,0.923,-7.651,-3.275
69.99,-5.397,1.002,-7.694,-3.264
70,-5.33,1.083,-7.734,-3.253
70.01,-5.269,1.164,-7.77,-3.24
70.02,-5.21,1.247,-7.802,-3.225
70.03,-5.154,1.33,-7.832,-3.209
70.04,-5.1,1.415,-7.86,-3.193
70.05,-5.049,1.5,-7.885,-3.175
70.06,-5.001,1.586,-7.905,-3.156
70.07,-4.957,1.673,-7.923,-3.136
70.08,-4.917,1.759,-7.937,-3.116
70.09,-4.88,1.846,-7.948,-3.096
70.1,-4.847,1.932,-7.956,-3.076
70.11,-4.817,2.017,-7.961,-3.056
70.12,-4.79,2.101,-7.963,-3.037
70.13,-4.765,2.184,-7.962,-3.018
70.14,-4.744,2.266,-7.959,-2.999
70.15,-4.725,2.347,-7.954,-2.981
70.16,-4.708,2.426,-7.946,-2.964
70.17,-4.692,2.505,-7.938,-2.947
70.18,-4.677,2.583,-7.928,-2.93
70.19,-4.663,2.658,-7.917,-2.915
70.2,-4.65,2.731,-7.905,-2.901
70.21,-4.639,2.801,-7.892,-2.888
70.22,-4.63,2.868,-7.876,-2.877
70.23,-4.625,2.934,-7.859,-2.867
70.24,-4.623,2.998,-7.839,-2.859
70.25,-4.626,3.058,-7.816,-2.853
70.26,-4.635,3.114,-7.79,-2.849
70.27,-4.65,3.166,-7.761,-2.848
70.28,-4.67,3.215,-7.728,-2.849
70.29,-4.696,3.26,-7.692,-2.852
70.3,-4.728,3.302,-7.653,-2.857
70.31,-4.765,3.34,-7.611,-2.863
70.32,-4.806,3.375,-7.566,-2.872
70.33,-4.852,3.405,-7.519,-2.881
70.34,-4.903,3.432,-7.47,-2.892
70.35,-4.961,3.453,-7.417,-2.904
70.36,-5.024,3.469,-7.362,-2.916
70.37,-5.093,3.482,-7.303,-2.929
70.38,-5.169,3.49,-7.241,-2.942
70.39,-5.253,3.494,-7.173,-2.956
70.4,-5.345,3.492,-7.099,-2.971
70.41,-5.445,3.485,-7.019,-2.986
70.42,-5.552,3.474,-6.934,-3.002
70.43,-5.667,3.457,-6.842,-3.018
70.44,-5.788,3.435,-6.743,-3.035
70.45,-5.912,3.408,-6.64,-3.052
70.46,-6.039,3.378,-6.534,-3.068
70.47,-6.166,3.346,-6.423,-3.083
70.48,-6.296,3.31,-6.308,-3.097
70.49,-6.426,3.274,-6.189,-3.108
70.5,-6.556,3.237,-6.068,-3.116
70.51,-6.684,3.2,-5.943,-3.122
70.52,-6.811,3.162,-5.815,-3.126
70.53,-6.937,3.125,-5.685,-3.126
70.54,-7.06,3.089,-5.553,-3.123
70.55,-7.181,3.054,-5.419,-3.118
70.56,-7.299,3.021,-5.282,-3.11
70.57,-7.417,2.987,-5.142,-3.099
70.58,-7.534,2.954,-4.996,-3.086
70.59,-7.65,2.922,-4.847,-3.071
70.6,-7.764,2.89,-4.693,-3.053
70.61,-7.876,2.861,-4.535,-3.031
70.62,-7.986,2.833,-4.375,-3.007
70.63,-8.092,2.808,-4.212,-2.979
70.64,-8.196,2.784,-4.046,-2.948
70.65,-8.295,2.764,-3.879,-2.912
70.66,-8.392,2.746,-3.71,-2.874
70.67,-8.484,2.731,-3.541,-2.831
70.68,-8.572,2.72,-3.371,-2.784
70.69,-8.656,2.711,-3.199,-2.734
70.7,-8.737,2.707,-3.023,-2.681
70.71,-8.814,2.705,-2.845,-2.625
70.72,-8.887,2.705,-2.662,-2.569
70.73,-8.957,2.706,-2.474,-2.513
70.74,-9.023,2.707,-2.281,-2.458
70.75,-9.085,2.709,-2.081,-2.405
70.76,-9.142,2.711,-1.873,-2.355
70.77,-9.195,2.713,-1.656,-2.309
70.78,-9.243,2.713,-1.43,-2.267
70.79,-9.287,2.711,-1.189,-2.231
70.8,-9.324,2.707,-0.935,-2.202
70.81,-9.354,2.701,-0.667,-2.179
70.82,-9.376,2.693,-0.388,-2.162
70.83,-9.389,2.682,-0.096,-2.154
70.84,-9.391,2.669,0.208,-2.152
70.85,-9.382,2.652,0.528,-2.159
70.86,-9.359,2.63,0.863,-2.175
70.87,-9.323,2.605,1.21,-2.197
70.88,-9.27,2.576,1.569,-2.225
70.89,-9.202,2.544,1.935,-2.257
70.9,-9.116,2.509,2.309,-2.294
70.91,-9.01,2.471,2.69,-2.335
70.92,-8.885,2.429,3.076,-2.382
70.93,-8.739,2.382,3.467,-2.434
70.94,-8.569,2.332,3.861,-2.49
70.95,-8.377,2.276,4.257,-2.551
70.96,-8.16,2.216,4.654,-2.614
70.97,-7.918,2.149,5.048,-2.681
70.98,-7.65,2.076,5.438,-2.751
70.99,-7.357,1.996,5.823,-2.823
71,-7.039,1.909,6.198,-2.894
71.01,-6.698,1.815,6.56,-2.964
71.02,-6.335,1.715,6.909,-3.03
71.03,-5.952,1.608,7.239,-3.093
71.04,-5.558,1.496,7.543,-3.154
71.05,-5.158,1.379,7.822,-3.209
71.06,-4.754,1.259,8.074,-3.257
71.07,-4.348,1.135,8.301,-3.299
71.08,-3.942,1.007,8.504,-3.335
71.09,-3.538,0.877,8.682,-3.364
71.1,-3.141,0.743,8.837,-3.387
71.11,-2.754,0.607,8.969,-3.404
71.12,-2.378,0.469,9.081,-3.414
71.13,-2.011,0.33,9.174,-3.416
71.14,-1.66,0.19,9.249,-3.412
71.15,-1.324,0.05,9.31,-3.4
71.16,-1.001,-0.088,9.357,-3.381
71.17,-0.69,-0.226,9.392,-3.355
71.18,-0.39,-0.362,9.416,-3.322
71.19,-0.099,-0.497,9.431,-3.283
71.2,0.186,-0.63,9.438,-3.238
71.21,0.466,-0.762,9.436,-3.186
71.22,0.74,-0.892,9.426,-3.128
71.23,1.008,-1.02,9.409,-3.065
71.24,1.269,-1.144,9.385,-2.997
71.25,1.524,-1.263,9.355,-2.924
71.26,1.773,-1.378,9.318,-2.848
71.27,2.012,-1.487,9.276,-2.77
71.28,2.244,-1.591,9.23,-2.689
71.29,2.469,-1.689,9.179,-2.605
71.3,2.688,-1.781,9.124,-2.519
71.31,2.904,-1.867,9.064,-2.431
71.32,3.115,-1.948,9.001,-2.34
71.33,3.321,-2.025,8.933,-2.248
71.34,3.521,-2.097,8.863,-2.154
71.35,3.716,-2.165,8.79,-2.058
71.36,3.901,-2.227,8.715,-1.961
71.37,4.077,-2.284,8.641,-1.863
71.38,4.246,-2.338,8.566,-1.765
71.39,4.4,-2.385,8.495,-1.665
71.4,4.547,-2.429,8.424,-1.566
71.41,4.686,-2.468,8.353,-1.467
71.42,4.819,-2.505,8.283,-1.368
71.43,4.947,-2.539,8.213,-1.27
71.44,5.071,-2.571,8.142,-1.171
71.45,5.191,-2.601,8.07,-1.074
71.46,5.309,-2.628,7.996,-0.977
71.47,5.425,-2.653,7.921,-0.881
71.48,5.539,-2.676,7.844,-0.786
71.49,5.652,-2.697,7.764,-0.691
71.5,5.764,-2.716,7.683,-0.597
71.51,5.875,-2.733,7.599,-0.505
71.52,5.986,-2.748,7.511,-0.414
71.53,6.102,-2.762,7.418,-0.324
71.54,6.223,-2.773,7.315,-0.234
71.55,6.352,-2.78,7.203,-0.146
71.56,6.488,-2.785,7.08,-0.058
71.57,6.63,-2.786,6.947,0.03
71.58,6.777,-2.784,6.804,0.118
71.59,6.927,-2.778,6.651,0.205
71.6,7.081,-2.769,6.488,0.292
71.61,7.239,-2.756,6.312,0.379
71.62,7.4,-2.74,6.124,0.463
71.63,7.562,-2.721,5.925,0.546
71.64,7.723,-2.699,5.715,0.627
71.65,7.883,-2.674,5.496,0.706
71.66,8.04,-2.647,5.266,0.782
71.67,8.194,-2.616,5.026,0.857
71.68,8.343,-2.584,4.778,0.93
71.69,8.486,-2.551,4.524,1
71.7,8.622,-2.516,4.263,1.068
71.71,8.75,-2.481,3.999,1.132
71.72,8.868,-2.445,3.733,1.193
71.73,8.977,-2.412,3.466,1.249
71.74,9.077,-2.381,3.199,1.302
71.75,9.167,-2.351,2.933,1.351
71.76,9.247,-2.323,2.669,1.398
71.77,9.319,-2.296,2.407,1.443
71.78,9.381,-2.272,2.146,1.485
71.79,9.436,-2.249,1.889,1.525
71.8,9.482,-2.229,1.635,1.563
71.81,9.519,-2.211,1.385,1.599
71.82,9.55,-2.197,1.14,1.632
71.83,9.573,-2.186,0.898,1.662
71.84,9.589,-2.178,0.659,1.689
71.85,9.6,-2.172,0.421,1.713
71.86,9.604,-2.169,0.185,1.734
71.87,9.603,-2.168,-0.047,1.753
71.88,9.595,-2.169,-0.278,1.77
71.89,9.582,-2.172,-0.509,1.786
71.9,9.564,-2.176,-0.74,1.801
71.91,9.539,-2.18,-0.974,1.815
71.92,9.508,-2.184,-1.212,1.828
71.93,9.47,-2.187,-1.457,1.841
71.94,9.425,-2.188,-1.711,1.852
71.95,9.372,-2.187,-1.975,1.863
71.96,9.309,-2.183,-2.248,1.873
71.97,9.236,-2.176,-2.531,1.884
71.98,9.151,-2.166,-2.822,1.895
71.99,9.053,-2.154,-3.122,1.909
72,8.942,-2.139,-3.428,1.925
72.01,8.816,-2.12,-3.74,1.942
72.02,8.675,-2.099,-4.059,1.961
72.03,8.517,-2.074,-4.382,1.982
72.04,8.342,-2.046,-4.71,2.006
72.05,8.147,-2.016,-5.042,2.031
72.06,7.933,-1.982,-5.375,2.059
72.07,7.697,-1.945,-5.709,2.088
72.08,7.435,-1.906,-6.046,2.125
72.09,7.152,-1.863,-6.378,2.164
72.1,6.85,-1.817,-6.701,2.202
72.11,6.531,-1.769,-7.013,2.239
72.12,6.196,-1.719,-7.311,2.275
72.13,5.848,-1.667,-7.595,2.308
72.14,5.487,-1.614,-7.862,2.338
72.15,5.114,-1.559,-8.112,2.365
72.16,4.733,-1.503,-8.344,2.389
72.17,4.343,-1.446,-8.557,2.411
72.18,3.95,-1.39,-8.749,2.429
72.19,3.555,-1.335,-8.921,2.445
72.2,3.157,-1.28,-9.074,2.458
72.21,2.758,-1.225,-9.208,2.468
72.22,2.358,-1.169,-9.323,2.477
72.23,1.958,-1.112,-9.42,2.485
72.24,1.56,-1.054,-9.499,2.492
72.25,1.166,-0.995,-9.56,2.498
72.26,0.778,-0.934,-9.605,2.502
72.27,0.396,-0.872,-9.633,2.504
72.28,0.022,-0.808,-9.647,2.504
72.29,-0.343,-0.744,-9.647,2.501
72.3,-0.699,-0.679,-9.633,2.497
72.31,-1.045,-0.613,-9.608,2.49
72.32,-1.382,-0.547,-9.572,2.479
72.33,-1.709,-0.48,-9.527,2.466
72.34,-2.024,-0.413,-9.472,2.448
72.35,-2.33,-0.346,-9.41,2.428
72.36,-2.627,-0.279,-9.34,2.404
72.37,-2.917,-0.212,-9.262,2.377
72.38,-3.199,-0.145,-9.177,2.346
72.39,-3.472,-0.078,-9.087,2.314
72.4,-3.734,-0.01,-8.992,2.278
72.41,-3.986,0.057,-8.892,2.24
72.42,-4.218,0.122,-8.794,2.2
72.43,-4.439,0.186,-8.694,2.157
72.44,-4.647,0.249,-8.594,2.113
72.45,-4.844,0.31,-8.494,2.068
72.46,-5.031,0.37,-8.393,2.022
72.47,-5.21,0.428,-8.292,1.975
72.48,-5.382,0.486,-8.189,1.927
72.49,-5.551,0.544,-8.083,1.879
72.5,-5.717,0.601,-7.974,1.83
72.51,-5.879,0.657,-7.862,1.78
72.52,-6.037,0.712,-7.748,1.729
72.53,-6.192,0.766,-7.631,1.678
72.54,-6.343,0.82,-7.512,1.626
72.55,-6.49,0.872,-7.39,1.574
72.56,-6.633,0.924,-7.267,1.522
72.57,-6.771,0.976,-7.143,1.47
72.58,-6.904,1.027,-7.018,1.418
72.59,-7.032,1.077,-6.893,1.366
72.6,-7.155,1.128,-6.767,1.314
72.61,-7.274,1.178,-6.641,1.262
72.62,-7.388,1.227,-6.514,1.21
72.63,-7.498,1.275,-6.387,1.158
72.64,-7.604,1.322,-6.261,1.107
72.65,-7.705,1.368,-6.135,1.055
72.66,-7.801,1.414,-6.011,1.004
72.67,-7.891,1.458,-5.889,0.953
72.68,-7.975,1.502,-5.771,0.903
72.69,-8.054,1.545,-5.657,0.853
72.7,-8.127,1.588,-5.547,0.803
72.71,-8.195,1.629,-5.441,0.755
72.72,-8.257,1.671,-5.34,0.708
72.73,-8.315,1.712,-5.242,0.662
72.74,-8.368,1.752,-5.149,0.617
72.75,-8.416,1.792,-5.06,0.575
72.76,-8.461,1.832,-4.975,0.534
72.77,-8.5,1.87,-4.897,0.496
72.78,-8.538,1.907,-4.821,0.46
72.79,-8.573,1.945,-4.747,0.425
72.8,-8.606,1.981,-4.674,0.391
72.81,-8.638,2.018,-4.601,0.357
72.82,-8.669,2.053,-4.529,0.325
72.83,-8.699,2.089,-4.457,0.294
72.84,-8.727,2.124,-4.386,0.263
72.85,-8.755,2.158,-4.315,0.233
72.86,-8.784,2.192,-4.241,0.203
72.87,-8.812,2.226,-4.166,0.172
72.88,-8.84,2.259,-4.089,0.141
72.89,-8.869,2.292,-4.009,0.109
72.9,-8.897,2.323,-3.926,0.075
72.91,-8.927,2.354,-3.841,0.041
72.92,-8.956,2.385,-3.752,0.005
72.93,-8.987,2.415,-3.658,-0.032
72.94,-9.019,2.445,-3.558,-0.072
72.95,-9.052,2.473,-3.453,-0.116
72.96,-9.085,2.5,-3.342,-0.163
72.97,-9.119,2.527,-3.225,-0.214
72.98,-9.153,2.552,-3.102,-0.269
72.99,-9.188,2.576,-2.971,-0.329
73,-9.222,2.598,-2.833,-0.395
73.01,-9.257,2.618,-2.687,-0.466
73.02,-9.29,2.636,-2.536,-0.542
73.03,-9.323,2.651,-2.376,-0.625
73.04,-9.355,2.663,-2.208,-0.712
73.05,-9.384,2.671,-2.034,-0.805
73.06,-9.412,2.675,-1.852,-0.903
73.07,-9.437,2.674,-1.665,-1.005
73.08,-9.458,2.669,-1.471,-1.112
73.09,-9.477,2.657,-1.272,-1.223
73.1,-9.492,2.64,-1.067,-1.337
73.11,-9.505,2.609,-0.846,-1.458
73.12,-9.513,2.569,-0.616,-1.583
73.13,-9.516,2.522,-0.379,-1.709
73.14,-9.514,2.466,-0.136,-1.837
73.15,-9.505,2.398,0.117,-1.967
73.16,-9.49,2.32,0.38,-2.098
73.17,-9.467,2.23,0.649,-2.23
73.18,-9.435,2.128,0.929,-2.362
73.19,-9.393,2.011,1.22,-2.494
73.2,-9.34,1.879,1.523,-2.625
73.21,-9.275,1.73,1.84,-2.753
73.22,-9.195,1.563,2.17,-2.878
73.23,-9.1,1.379,2.51,-2.996
73.24,-8.988,1.18,2.855,-3.106
73.25,-8.862,0.968,3.2,-3.206
73.26,-8.721,0.746,3.538,-3.294
73.27,-8.569,0.514,3.868,-3.368
73.28,-8.405,0.275,4.185,-3.427
73.29,-8.234,0.029,4.488,-3.472
73.3,-8.055,-0.22,4.774,-3.501
73.31,-7.873,-0.472,5.042,-3.515
73.32,-7.691,-0.723,5.289,-3.513
73.33,-7.506,-0.974,5.519,-3.498
73.34,-7.324,-1.222,5.729,-3.468
73.35,-7.144,-1.468,5.92,-3.427
73.36,-6.969,-1.711,6.093,-3.372
73.37,-6.796,-1.949,6.25,-3.306
73.38,-6.628,-2.183,6.392,-3.229
73.39,-6.463,-2.411,6.521,-3.142
73.4,-6.302,-2.633,6.637,-3.046
73.41,-6.143,-2.849,6.743,-2.942
73.42,-5.99,-3.057,6.837,-2.831
73.43,-5.842,-3.258,6.92,-2.713
73.44,-5.701,-3.45,6.99,-2.59
73.45,-5.581,-3.63,7.041,-2.468
73.46,-5.472,-3.797,7.082,-2.339
73.47,-5.372,-3.955,7.113,-2.211
73.48,-5.282,-4.104,7.134,-2.084
73.49,-5.203,-4.243,7.146,-1.959
73.5,-5.136,-4.372,7.149,-1.839
73.51,-5.082,-4.492,7.142,-1.723
73.52,-5.037,-4.604,7.129,-1.611
73.53,-5.001,-4.709,7.109,-1.504
73.54,-4.971,-4.808,7.085,-1.401
73.55,-4.95,-4.902,7.054,-1.302
73.56,-4.936,-4.99,7.019,-1.209
73.57,-4.929,-5.073,6.979,-1.12
73.58,-4.933,-5.149,6.933,-1.039
73.59,-4.949,-5.217,6.88,-0.966
73.6,-4.975,-5.28,6.822,-0.901
73.61,-5.013,-5.335,6.758,-0.846
73.62,-5.06,-5.386,6.688,-0.8
73.63,-5.117,-5.43,6.612,-0.763
73.64,-5.186,-5.468,6.53,-0.739
73.65,-5.264,-5.5,6.442,-0.725
73.66,-5.349,-5.527,6.349,-0.719
73.67,-5.44,-5.549,6.25,-0.723
73.68,-5.538,-5.567,6.147,-0.737
73.69,-5.642,-5.578,6.037,-0.76
73.7,-5.753,-5.585,5.922,-0.793
73.71,-5.871,-5.586,5.798,-0.839
73.72,-5.998,-5.579,5.664,-0.897
73.73,-6.133,-5.564,5.52,-0.966
73.74,-6.274,-5.542,5.366,-1.048
73.75,-6.424,-5.511,5.2,-1.14
73.76,-6.578,-5.471,5.023,-1.243
73.77,-6.737,-5.422,4.833,-1.355
73.78,-6.899,-5.364,4.631,-1.472
73.79,-7.061,-5.297,4.418,-1.595
73.8,-7.229,-5.218,4.183,-1.728
73.81,-7.396,-5.13,3.934,-1.865
73.82,-7.561,-5.031,3.669,-2.007
73.83,-7.723,-4.923,3.388,-2.152
73.84,-7.88,-4.802,3.09,-2.3
73.85,-8.03,-4.671,2.774,-2.449
73.86,-8.171,-4.528,2.443,-2.598
73.87,-8.302,-4.374,2.095,-2.746
73.88,-8.421,-4.208,1.733,-2.89
73.89,-8.526,-4.033,1.357,-3.031
73.9,-8.615,-3.847,0.97,-3.165
73.91,-8.688,-3.653,0.573,-3.292
73.92,-8.742,-3.451,0.168,-3.411
73.93,-8.777,-3.243,-0.24,-3.519
73.94,-8.792,-3.03,-0.653,-3.616
73.95,-8.788,-2.812,-1.07,-3.702
73.96,-8.763,-2.591,-1.488,-3.777
73.97,-8.718,-2.367,-1.906,-3.84
73.98,-8.652,-2.142,-2.324,-3.891
73.99,-8.565,-1.916,-2.739,-3.93
74,-8.458,-1.691,-3.151,-3.956
74.01,-8.331,-1.466,-3.559,-3.971
74.02,-8.183,-1.244,-3.961,-3.973
74.03,-8.016,-1.025,-4.354,-3.964
74.04,-7.832,-0.81,-4.737,-3.943
74.05,-7.63,-0.6,-5.109,-3.911
74.06,-7.413,-0.396,-5.468,-3.87
74.07,-7.182,-0.199,-5.812,-3.819
74.08,-6.939,-0.01,-6.14,-3.76
74.09,-6.683,0.172,-6.454,-3.693
74.1,-6.417,0.348,-6.751,-3.621
74.11,-6.14,0.517,-7.033,-3.543
74.12,-5.853,0.679,-7.3,-3.46
74.13,-5.554,0.834,-7.554,-3.372
74.14,-5.242,0.979,-7.795,-3.284
74.15,-4.919,1.118,-8.022,-3.192
74.16,-4.584,1.251,-8.235,-3.098
74.17,-4.237,1.378,-8.434,-3.001
74.18,-3.878,1.5,-8.618,-2.902
74.19,-3.507,1.616,-8.788,-2.802
74.2,-3.124,1.728,-8.941,-2.7
74.21,-2.73,1.834,-9.079,-2.597
74.22,-2.325,1.936,-9.199,-2.492
74.23,-1.909,2.032,-9.301,-2.387
74.24,-1.485,2.124,-9.384,-2.281
74.25,-1.054,2.211,-9.448,-2.175
74.26,-0.619,2.293,-9.491,-2.068
74.27,-0.18,2.37,-9.513,-1.961
74.28,0.259,2.443,-9.514,-1.854
74.29,0.7,2.512,-9.494,-1.747
74.3,1.14,2.576,-9.453,-1.639
74.31,1.58,2.636,-9.391,-1.532
74.32,2.016,2.692,-9.308,-1.424
74.33,2.449,2.743,-9.205,-1.316
74.34,2.877,2.79,-9.081,-1.209
74.35,3.3,2.833,-8.936,-1.102
74.36,3.718,2.872,-8.771,-0.994
74.37,4.128,2.906,-8.586,-0.888
74.38,4.528,2.935,-8.382,-0.782
74.39,4.917,2.961,-8.16,-0.677
74.4,5.295,2.982,-7.92,-0.573
74.41,5.66,3,-7.663,-0.469
74.42,6.012,3.015,-7.39,-0.367
74.43,6.351,3.025,-7.101,-0.266
74.44,6.675,3.032,-6.797,-0.165
74.45,6.985,3.036,-6.479,-0.065
74.46,7.28,3.036,-6.146,0.033
74.47,7.558,3.034,-5.8,0.13
74.48,7.818,3.029,-5.444,0.227
74.49,8.059,3.027,-5.077,0.322
74.5,8.282,3.022,-4.7,0.417
74.51,8.487,3.015,-4.314,0.511
74.52,8.674,3.006,-3.917,0.607
74.53,8.843,2.996,-3.51,0.703
74.54,8.993,2.982,-3.094,0.801
74.55,9.124,2.966,-2.669,0.899
74.56,9.236,2.947,-2.235,1.001
74.57,9.328,2.923,-1.793,1.104
74.58,9.399,2.894,-1.342,1.209
74.59,9.45,2.86,-0.884,1.315
74.6,9.478,2.821,-0.42,1.422
74.61,9.484,2.774,0.048,1.53
74.62,9.467,2.721,0.52,1.637
74.63,9.428,2.661,0.99,1.743
74.64,9.366,2.596,1.454,1.846
74.65,9.284,2.524,1.909,1.945
74.66,9.181,2.449,2.354,2.038
74.67,9.061,2.369,2.786,2.124
74.68,8.925,2.287,3.2,2.203
74.69,8.776,2.203,3.599,2.273
74.7,8.614,2.117,3.982,2.334
74.71,8.44,2.029,4.35,2.387
74.72,8.255,1.94,4.706,2.433
74.73,8.059,1.851,5.049,2.472
74.74,7.853,1.761,5.38,2.505
74.75,7.635,1.671,5.699,2.532
74.76,7.409,1.582,6.006,2.553
74.77,7.175,1.493,6.299,2.566
74.78,6.937,1.406,6.578,2.571
74.79,6.695,1.321,6.842,2.568
74.8,6.452,1.238,7.092,2.556
74.81,6.207,1.157,7.326,2.538
74.82,5.963,1.08,7.546,2.513
74.83,5.73,1.01,7.745,2.477
74.84,5.502,0.946,7.93,2.435
74.85,5.28,0.885,8.101,2.387
74.86,5.067,0.829,8.257,2.333
74.87,4.866,0.778,8.399,2.271
74.88,4.677,0.732,8.528,2.202
74.89,4.502,0.691,8.644,2.126
74.9,4.339,0.656,8.749,2.043
74.91,4.19,0.625,8.844,1.954
74.92,4.056,0.598,8.929,1.858
74.93,3.936,0.576,9.004,1.757
74.94,3.832,0.557,9.07,1.648
74.95,3.747,0.543,9.127,1.532
74.96,3.681,0.53,9.175,1.406
74.97,3.632,0.52,9.214,1.273
74.98,3.594,0.51,9.248,1.133
74.99,3.564,0.501,9.277,0.988
75,3.538,0.49,9.302,0.838
75.01,3.515,0.477,9.324,0.685
75.02,3.489,0.462,9.345,0.529
75.03,3.461,0.445,9.363,0.37
75.04,3.43,0.427,9.381,0.209
75.05,3.397,0.408,9.396,0.046
75.06,3.363,0.388,9.408,-0.117
75.07,3.324,0.365,9.42,-0.282
75.08,3.281,0.342,9.429,-0.446
75.09,3.233,0.317,9.437,-0.611
75.1,3.177,0.291,9.445,-0.773
75.11,3.114,0.264,9.452,-0.935
75.12,3.043,0.237,9.459,-1.096
75.13,2.964,0.211,9.465,-1.255
75.14,2.874,0.184,9.471,-1.411
75.15,2.771,0.159,9.478,-1.564
75.16,2.654,0.135,9.486,-1.714
75.17,2.524,0.114,9.494,-1.86
75.18,2.373,0.1,9.505,-2.002
75.19,2.207,0.09,9.515,-2.141
75.2,2.026,0.085,9.524,-2.275
75.21,1.83,0.085,9.532,-2.404
75.22,1.617,0.093,9.538,-2.528
75.23,1.386,0.108,9.542,-2.647
75.24,1.14,0.133,9.542,-2.76
75.25,0.876,0.168,9.538,-2.866
75.26,0.597,0.212,9.529,-2.965
75.27,0.304,0.266,9.512,-3.056
75.28,0,0.329,9.488,-3.14
75.29,-0.313,0.398,9.454,-3.217
75.3,-0.635,0.472,9.411,-3.286
75.31,-0.962,0.55,9.357,-3.347
75.32,-1.289,0.632,9.293,-3.401
75.33,-1.614,0.715,9.219,-3.448
75.34,-1.936,0.798,9.135,-3.487
75.35,-2.254,0.88,9.041,-3.519
75.36,-2.566,0.961,8.939,-3.544
75.37,-2.871,1.038,8.83,-3.563
75.38,-3.17,1.112,8.713,-3.575
75.39,-3.461,1.181,8.59,-3.581
75.4,-3.745,1.244,8.461,-3.58
75.41,-4.021,1.302,8.327,-3.574
75.42,-4.288,1.353,8.189,-3.563
75.43,-4.548,1.399,8.047,-3.547
75.44,-4.801,1.439,7.901,-3.527
75.45,-5.044,1.473,7.753,-3.502
75.46,-5.276,1.501,7.605,-3.474
75.47,-5.496,1.522,7.457,-3.442
75.48,-5.704,1.536,7.313,-3.407
75.49,-5.898,1.542,7.174,-3.37
75.5,-6.08,1.543,7.039,-3.33
75.51,-6.252,1.538,6.908,-3.287
75.52,-6.407,1.523,6.79,-3.241
75.53,-6.555,1.503,6.676,-3.192
75.54,-6.696,1.48,6.564,-3.143
75.55,-6.831,1.453,6.454,-3.091
75.56,-6.96,1.424,6.347,-3.038
75.57,-7.085,1.393,6.241,-2.983
75.58,-7.206,1.36,6.136,-2.926
75.59,-7.324,1.327,6.03,-2.867
75.6,-7.44,1.294,5.922,-2.807
75.61,-7.554,1.26,5.813,-2.745
75.62,-7.667,1.227,5.701,-2.683
75.63,-7.778,1.194,5.586,-2.618
75.64,-7.889,1.163,5.466,-2.552
75.65,-8,1.133,5.341,-2.485
75.66,-8.111,1.104,5.21,-2.415
75.67,-8.222,1.078,5.073,-2.344
75.68,-8.332,1.053,4.929,-2.272
75.69,-8.441,1.03,4.779,-2.198
75.7,-8.55,1.008,4.62,-2.124
75.71,-8.658,0.989,4.455,-2.05
75.72,-8.764,0.971,4.281,-1.976
75.73,-8.869,0.954,4.1,-1.901
75.74,-8.97,0.938,3.912,-1.828
75.75,-9.068,0.924,3.717,-1.754
75.76,-9.163,0.91,3.516,-1.681
75.77,-9.255,0.897,3.308,-1.609
75.78,-9.342,0.886,3.093,-1.537
75.79,-9.425,0.875,2.87,-1.465
75.8,-9.504,0.866,2.638,-1.394
75.81,-9.579,0.859,2.398,-1.323
75.82,-9.647,0.853,2.149,-1.252
75.83,-9.711,0.848,1.891,-1.181
75.84,-9.768,0.845,1.624,-1.11
75.85,-9.818,0.843,1.345,-1.038
75.86,-9.86,0.842,1.056,-0.967
75.87,-9.895,0.842,0.752,-0.895
75.88,-9.92,0.842,0.439,-0.824
75.89,-9.935,0.842,0.114,-0.751
75.9,-9.938,0.842,-0.219,-0.679
75.91,-9.929,0.843,-0.562,-0.606
75.92,-9.907,0.844,-0.914,-0.533
75.93,-9.872,0.844,-1.271,-0.46
75.94,-9.821,0.844,-1.634,-0.386
75.95,-9.756,0.843,-1.999,-0.313
75.96,-9.676,0.84,-2.368,-0.24
75.97,-9.578,0.837,-2.743,-0.167
75.98,-9.463,0.832,-3.121,-0.094
75.99,-9.329,0.828,-3.503,-0.022
76,-9.176,0.823,-3.887,0.05
76.01,-9.003,0.818,-4.271,0.123
76.02,-8.813,0.811,-4.651,0.196
76.03,-8.604,0.801,-5.025,0.27
76.04,-8.376,0.788,-5.393,0.343
76.05,-8.131,0.772,-5.754,0.417
76.06,-7.869,0.753,-6.104,0.491
76.07,-7.593,0.729,-6.441,0.565
76.08,-7.302,0.703,-6.764,0.639
76.09,-6.999,0.673,-7.074,0.712
76.1,-6.684,0.641,-7.367,0.785
76.11,-6.359,0.607,-7.645,0.857
76.12,-6.026,0.571,-7.905,0.928
76.13,-5.685,0.533,-8.148,0.998
76.14,-5.339,0.493,-8.373,1.066
76.15,-4.988,0.451,-8.58,1.132
76.16,-4.634,0.407,-8.77,1.196
76.17,-4.276,0.361,-8.944,1.258
76.18,-3.913,0.313,-9.102,1.316
76.19,-3.548,0.265,-9.244,1.372
76.2,-3.183,0.215,-9.369,1.425
76.21,-2.816,0.164,-9.479,1.473
76.22,-2.445,0.111,-9.576,1.517
76.23,-2.067,0.058,-9.658,1.557
76.24,-1.684,0.003,-9.727,1.594
76.25,-1.297,-0.053,-9.781,1.626
76.26,-0.904,-0.112,-9.819,1.655
76.27,-0.505,-0.172,-9.843,1.68
76.28,-0.101,-0.235,-9.851,1.7
76.29,0.306,-0.299,-9.842,1.716
76.3,0.714,-0.363,-9.816,1.728
76.31,1.119,-0.428,-9.774,1.736
76.32,1.522,-0.491,-9.716,1.739
76.33,1.919,-0.553,-9.642,1.738
76.34,2.307,-0.612,-9.554,1.733
76.35,2.688,-0.67,-9.452,1.725
76.36,3.058,-0.725,-9.337,1.712
76.37,3.417,-0.778,-9.21,1.696
76.38,3.763,-0.828,-9.073,1.678
76.39,4.094,-0.874,-8.929,1.656
76.4,4.407,-0.915,-8.779,1.631
76.41,4.703,-0.953,-8.625,1.602
76.42,4.983,-0.986,-8.469,1.569
76.43,5.248,-1.016,-8.31,1.533
76.44,5.501,-1.042,-8.149,1.494
76.45,5.74,-1.064,-7.987,1.451
76.46,5.966,-1.082,-7.826,1.406
76.47,6.179,-1.095,-7.666,1.358
76.48,6.381,-1.104,-7.506,1.308
76.49,6.572,-1.109,-7.348,1.256
76.5,6.753,-1.108,-7.191,1.201
76.51,6.926,-1.104,-7.035,1.144
76.52,7.091,-1.096,-6.88,1.086
76.53,7.248,-1.085,-6.725,1.026
76.54,7.399,-1.07,-6.57,0.965
76.55,7.543,-1.052,-6.416,0.903
76.56,7.678,-1.028,-6.266,0.841
76.57,7.808,-1.001,-6.116,0.778
76.58,7.931,-0.971,-5.969,0.715
76.59,8.048,-0.938,-5.823,0.652
76.6,8.159,-0.903,-5.679,0.59
76.61,8.264,-0.865,-5.537,0.528
76.62,8.364,-0.826,-5.397,0.467
76.63,8.458,-0.784,-5.26,0.406
76.64,8.547,-0.741,-5.126,0.347
76.65,8.631,-0.697,-4.993,0.289
76.66,8.711,-0.651,-4.861,0.232
76.67,8.787,-0.604,-4.731,0.175
76.68,8.859,-0.556,-4.602,0.118
76.69,8.928,-0.507,-4.475,0.061
76.7,8.993,-0.457,-4.348,0.004
76.71,9.055,-0.406,-4.222,-0.053
76.72,9.114,-0.353,-4.098,-0.11
76.73,9.169,-0.298,-3.975,-0.167
76.74,9.222,-0.242,-3.851,-0.225
76.75,9.273,-0.185,-3.727,-0.283
76.76,9.321,-0.126,-3.603,-0.342
76.77,9.367,-0.066,-3.476,-0.401
76.78,9.411,-0.004,-3.349,-0.46
76.79,9.452,0.057,-3.22,-0.519
76.8,9.491,0.12,-3.091,-0.577
76.81,9.528,0.185,-2.96,-0.633
76.82,9.563,0.249,-2.83,-0.689
76.83,9.595,0.314,-2.698,-0.742
76.84,9.624,0.379,-2.566,-0.794
76.85,9.652,0.443,-2.433,-0.845
76.86,9.677,0.506,-2.3,-0.893
76.87,9.7,0.569,-2.165,-0.939
76.88,9.722,0.632,-2.028,-0.983
76.89,9.741,0.693,-1.89,-1.024
76.9,9.758,0.753,-1.752,-1.06
76.91,9.774,0.812,-1.615,-1.094
76.92,9.786,0.871,-1.479,-1.125
76.93,9.797,0.929,-1.346,-1.154
76.94,9.805,0.986,-1.216,-1.18
76.95,9.811,1.042,-1.089,-1.204
76.96,9.816,1.098,-0.965,-1.226
76.97,9.818,1.153,-0.842,-1.245
76.98,9.819,1.207,-0.722,-1.261
76.99,9.819,1.26,-0.601,-1.275
77,9.818,1.313,-0.479,-1.285
77.01,9.815,1.364,-0.353,-1.291
77.02,9.811,1.415,-0.22,-1.294
77.03,9.806,1.467,-0.079,-1.293
77.04,9.799,1.518,0.067,-1.287
77.05,9.79,1.57,0.221,-1.277
77.06,9.778,1.622,0.381,-1.262
77.07,9.764,1.673,0.549,-1.243
77.08,9.747,1.725,0.724,-1.219
77.09,9.726,1.776,0.906,-1.189
77.1,9.701,1.826,1.097,-1.154
77.11,9.672,1.877,1.295,-1.113
77.12,9.638,1.927,1.5,-1.065
77.13,9.598,1.976,1.713,-1.012
77.14,9.553,2.022,1.933,-0.953
77.15,9.501,2.067,2.159,-0.887
77.16,9.442,2.109,2.394,-0.815
77.17,9.374,2.147,2.636,-0.737
77.18,9.299,2.182,2.886,-0.653
77.19,9.214,2.212,3.144,-0.564
77.2,9.118,2.238,3.409,-0.469
77.21,9.01,2.258,3.683,-0.369
77.22,8.892,2.272,3.961,-0.266
77.23,8.762,2.278,4.242,-0.16
77.24,8.62,2.273,4.528,-0.05
77.25,8.47,2.261,4.809,0.06
77.26,8.31,2.243,5.086,0.171
77.27,8.143,2.217,5.355,0.28
77.28,7.969,2.183,5.617,0.386
77.29,7.79,2.144,5.871,0.488
77.3,7.604,2.098,6.117,0.585
77.31,7.412,2.047,6.356,0.677
77.32,7.215,1.991,6.586,0.763
77.33,7.014,1.93,6.808,0.843
77.34,6.808,1.866,7.022,0.917
77.35,6.598,1.798,7.228,0.986
77.36,6.384,1.728,7.426,1.048
77.37,6.166,1.656,7.616,1.104
77.38,5.945,1.583,7.797,1.155
77.39,5.721,1.509,7.971,1.2
77.4,5.494,1.434,8.137,1.238
77.41,5.265,1.359,8.295,1.27
77.42,5.034,1.285,8.445,1.296
77.43,4.803,1.212,8.586,1.317
77.44,4.572,1.14,8.718,1.332
77.45,4.343,1.07,8.842,1.34
77.46,4.119,1.003,8.956,1.342
77.47,3.9,0.938,9.061,1.337
77.48,3.685,0.876,9.158,1.327
77.49,3.477,0.817,9.247,1.312
77.5,3.275,0.762,9.328,1.292
77.51,3.083,0.71,9.401,1.266
77.52,2.9,0.662,9.466,1.236
77.53,2.727,0.617,9.525,1.202
77.54,2.565,0.576,9.577,1.163
77.55,2.413,0.539,9.624,1.12
77.56,2.272,0.504,9.665,1.073
77.57,2.14,0.473,9.703,1.022
77.58,2.018,0.446,9.735,0.968
77.59,1.919,0.424,9.762,0.908
77.6,1.831,0.405,9.785,0.845
77.61,1.753,0.389,9.806,0.78
77.62,1.685,0.376,9.823,0.713
77.63,1.626,0.365,9.839,0.643
77.64,1.576,0.356,9.851,0.571
77.65,1.534,0.348,9.862,0.498
77.66,1.499,0.343,9.871,0.423
77.67,1.471,0.338,9.879,0.347
77.68,1.45,0.335,9.884,0.27
77.69,1.435,0.333,9.888,0.192
77.7,1.426,0.332,9.891,0.112
77.71,1.422,0.331,9.892,0.032
77.72,1.423,0.331,9.892,-0.049
77.73,1.428,0.33,9.891,-0.132
77.74,1.438,0.33,9.888,-0.216
77.75,1.452,0.329,9.883,-0.302
77.76,1.47,0.328,9.878,-0.389
77.77,1.491,0.326,9.871,-0.477
77.78,1.515,0.322,9.862,-0.567
77.79,1.541,0.317,9.853,-0.657
77.8,1.569,0.309,9.842,-0.749
77.81,1.597,0.299,9.831,-0.842
77.82,1.625,0.285,9.818,-0.936
77.83,1.653,0.269,9.804,-1.031
77.84,1.68,0.249,9.789,-1.127
77.85,1.705,0.226,9.774,-1.223
77.86,1.725,0.199,9.759,-1.319
77.87,1.741,0.169,9.743,-1.414
77.88,1.751,0.137,9.728,-1.508
77.89,1.757,0.102,9.712,-1.601
77.9,1.758,0.063,9.697,-1.693
77.91,1.751,0.023,9.682,-1.783
77.92,1.735,-0.019,9.668,-1.871
77.93,1.7,-0.063,9.658,-1.954
77.94,1.655,-0.108,9.649,-2.035
77.95,1.599,-0.156,9.641,-2.112
77.96,1.533,-0.205,9.634,-2.188
77.97,1.456,-0.256,9.628,-2.261
77.98,1.371,-0.308,9.622,-2.331
77.99,1.277,-0.359,9.616,-2.399
78,1.173,-0.411,9.611,-2.465
78.01,1.058,-0.463,9.605,-2.529
78.02,0.93,-0.515,9.599,-2.591
78.03,0.79,-0.566,9.592,-2.651
78.04,0.642,-0.618,9.584,-2.709
78.05,0.484,-0.67,9.574,-2.765
78.06,0.318,-0.721,9.561,-2.821
78.07,0.144,-0.773,9.545,-2.874
78.08,-0.036,-0.825,9.526,-2.927
78.09,-0.224,-0.877,9.502,-2.979
78.1,-0.419,-0.93,9.474,-3.03
78.11,-0.621,-0.982,9.442,-3.08
78.12,-0.827,-1.033,9.404,-3.13
78.13,-1.039,-1.084,9.361,-3.179
78.14,-1.255,-1.136,9.312,-3.227
78.15,-1.476,-1.187,9.256,-3.275
78.16,-1.703,-1.237,9.194,-3.321
78.17,-1.935,-1.287,9.124,-3.368
78.18,-2.172,-1.335,9.046,-3.415
78.19,-2.414,-1.381,8.959,-3.462
78.2,-2.661,-1.424,8.863,-3.51
78.21,-2.913,-1.463,8.758,-3.559
78.22,-3.168,-1.498,8.642,-3.609
78.23,-3.427,-1.528,8.515,-3.66
78.24,-3.687,-1.554,8.378,-3.713
78.25,-3.949,-1.574,8.229,-3.767
78.26,-4.211,-1.589,8.069,-3.824
78.27,-4.472,-1.598,7.897,-3.882
78.28,-4.736,-1.596,7.709,-3.947
78.29,-4.998,-1.587,7.508,-4.014
78.3,-5.258,-1.57,7.295,-4.082
78.31,-5.513,-1.548,7.068,-4.151
78.32,-5.761,-1.521,6.831,-4.22
78.33,-6.002,-1.487,6.584,-4.29
78.34,-6.235,-1.449,6.325,-4.359
78.35,-6.459,-1.405,6.056,-4.428
78.36,-6.674,-1.357,5.778,-4.496
78.37,-6.879,-1.303,5.49,-4.563
78.38,-7.073,-1.246,5.194,-4.629
78.39,-7.257,-1.184,4.89,-4.691
78.4,-7.429,-1.118,4.578,-4.752
78.41,-7.592,-1.046,4.258,-4.809
78.42,-7.743,-0.969,3.93,-4.862
78.43,-7.883,-0.887,3.594,-4.912
78.44,-8.011,-0.8,3.252,-4.959
78.45,-8.126,-0.708,2.904,-5.002
78.46,-8.227,-0.611,2.552,-5.042
78.47,-8.314,-0.509,2.198,-5.076
78.48,-8.388,-0.403,1.841,-5.106
78.49,-8.449,-0.292,1.483,-5.13
78.5,-8.495,-0.178,1.127,-5.15
78.51,-8.527,-0.062,0.775,-5.164
78.52,-8.547,0.053,0.432,-5.172
78.53,-8.553,0.168,0.099,-5.176
78.54,-8.549,0.282,-0.219,-5.173
78.55,-8.537,0.394,-0.524,-5.166
78.56,-8.516,0.504,-0.817,-5.152
78.57,-8.488,0.613,-1.098,-5.134
78.58,-8.455,0.72,-1.366,-5.11
78.59,-8.418,0.824,-1.62,-5.082
78.6,-8.378,0.924,-1.86,-5.049
78.61,-8.335,1.021,-2.087,-5.011
78.62,-8.295,1.113,-2.291,-4.968
78.63,-8.255,1.203,-2.485,-4.922
78.64,-8.213,1.291,-2.669,-4.872
78.65,-8.171,1.377,-2.847,-4.819
78.66,-8.128,1.462,-3.016,-4.763
78.67,-8.084,1.545,-3.179,-4.705
78.68,-8.041,1.626,-3.335,-4.644
78.69,-7.997,1.705,-3.485,-4.581
78.7,-7.953,1.783,-3.628,-4.515
78.71,-7.91,1.859,-3.765,-4.448
78.72,-7.867,1.934,-3.898,-4.377
78.73,-7.824,2.008,-4.026,-4.305
78.74,-7.781,2.081,-4.149,-4.23
78.75,-7.737,2.153,-4.268,-4.155
78.76,-7.695,2.223,-4.383,-4.077
78.77,-7.652,2.291,-4.494,-3.999
78.78,-7.608,2.357,-4.601,-3.921
78.79,-7.565,2.42,-4.705,-3.841
78.8,-7.522,2.481,-4.805,-3.762
78.81,-7.479,2.54,-4.902,-3.683
78.82,-7.437,2.596,-4.995,-3.605
78.83,-7.395,2.649,-5.084,-3.526
78.84,-7.355,2.7,-5.169,-3.448
78.85,-7.315,2.748,-5.251,-3.37
78.86,-7.275,2.793,-5.33,-3.293
78.87,-7.236,2.836,-5.406,-3.218
78.88,-7.198,2.877,-5.478,-3.143
78.89,-7.162,2.914,-5.547,-3.07
78.9,-7.126,2.95,-5.613,-2.999
78.91,-7.091,2.984,-5.676,-2.93
78.92,-7.057,3.016,-5.735,-2.863
78.93,-7.025,3.045,-5.791,-2.798
78.94,-6.993,3.074,-5.844,-2.735
78.95,-6.962,3.1,-5.894,-2.675
78.96,-6.932,3.125,-5.942,-2.618
78.97,-6.901,3.148,-5.989,-2.566
78.98,-6.868,3.17,-6.035,-2.516
78.99,-6.833,3.193,-6.083,-2.469
79,-6.795,3.215,-6.132,-2.422
79.01,-6.754,3.237,-6.183,-2.378
79.02,-6.709,3.259,-6.236,-2.335
79.03,-6.66,3.282,-6.292,-2.294
79.04,-6.605,3.305,-6.352,-2.255
79.05,-6.544,3.327,-6.416,-2.219
79.06,-6.477,3.35,-6.484,-2.184
79.07,-6.403,3.373,-6.556,-2.151
79.08,-6.323,3.398,-6.631,-2.117
79.09,-6.236,3.424,-6.71,-2.085
79.1,-6.143,3.451,-6.791,-2.052
79.11,-6.044,3.48,-6.875,-2.019
79.12,-5.938,3.509,-6.961,-1.986
79.13,-5.825,3.54,-7.05,-1.954
79.14,-5.705,3.572,-7.139,-1.922
79.15,-5.579,3.606,-7.231,-1.89
79.16,-5.446,3.64,-7.323,-1.857
79.17,-5.306,3.674,-7.416,-1.824
79.18,-5.161,3.71,-7.509,-1.791
79.19,-5.007,3.745,-7.602,-1.758
79.2,-4.847,3.78,-7.695,-1.726
79.21,-4.68,3.815,-7.788,-1.693
79.22,-4.507,3.849,-7.88,-1.66
79.23,-4.327,3.882,-7.971,-1.628
79.24,-4.142,3.914,-8.06,-1.596
79.25,-3.951,3.945,-8.146,-1.566
79.26,-3.756,3.974,-8.229,-1.537
79.27,-3.554,4.001,-8.31,-1.51
79.28,-3.346,4.027,-8.389,-1.485
79.29,-3.131,4.05,-8.464,-1.462
79.3,-2.911,4.072,-8.536,-1.441
79.31,-2.681,4.092,-8.603,-1.426
79.32,-2.447,4.112,-8.666,-1.413
79.33,-2.208,4.13,-8.723,-1.402
79.34,-1.964,4.148,-8.774,-1.393
79.35,-1.714,4.165,-8.819,-1.385
79.36,-1.46,4.182,-8.858,-1.379
79.37,-1.201,4.199,-8.89,-1.373
79.38,-0.938,4.216,-8.914,-1.368
79.39,-0.673,4.232,-8.931,-1.364
79.4,-0.406,4.248,-8.94,-1.36
79.41,-0.138,4.264,-8.941,-1.357
79.42,0.128,4.28,-8.934,-1.354
79.43,0.393,4.294,-8.92,-1.352
79.44,0.656,4.307,-8.898,-1.351
79.45,0.915,4.319,-8.869,-1.351
79.46,1.169,4.329,-8.835,-1.352
79.47,1.417,4.336,-8.794,-1.354
79.48,1.659,4.341,-8.749,-1.359
79.49,1.896,4.343,-8.698,-1.365
79.5,2.127,4.341,-8.644,-1.373
79.51,2.351,4.336,-8.587,-1.385
79.52,2.569,4.326,-8.527,-1.4
79.53,2.782,4.312,-8.464,-1.417
79.54,2.988,4.294,-8.399,-1.438
79.55,3.188,4.272,-8.333,-1.462
79.56,3.382,4.245,-8.265,-1.49
79.57,3.572,4.213,-8.195,-1.521
79.58,3.757,4.176,-8.125,-1.555
79.59,3.938,4.134,-8.053,-1.591
79.6,4.116,4.089,-7.979,-1.629
79.61,4.292,4.04,-7.903,-1.667
79.62,4.464,3.987,-7.826,-1.707
79.63,4.634,3.931,-7.746,-1.747
79.64,4.801,3.872,-7.664,-1.788
79.65,4.958,3.809,-7.585,-1.83
79.66,5.108,3.744,-7.508,-1.873
79.67,5.249,3.676,-7.432,-1.917
79.68,5.382,3.605,-7.36,-1.962
79.69,5.505,3.532,-7.291,-2.008
79.7,5.618,3.456,-7.228,-2.057
79.71,5.718,3.377,-7.173,-2.106
79.72,5.803,3.295,-7.127,-2.156
79.73,5.875,3.21,-7.092,-2.206
79.74,5.932,3.121,-7.068,-2.257
79.75,5.976,3.029,-7.055,-2.307
79.76,6.008,2.933,-7.052,-2.356
79.77,6.029,2.832,-7.059,-2.405
79.78,6.04,2.728,-7.075,-2.451
79.79,6.04,2.619,-7.1,-2.495
79.8,6.029,2.507,-7.135,-2.537
79.81,6.007,2.391,-7.179,-2.577
79.82,5.975,2.272,-7.232,-2.613
79.83,5.934,2.15,-7.29,-2.646
79.84,5.885,2.024,-7.355,-2.676
79.85,5.826,1.896,-7.426,-2.701
79.86,5.759,1.765,-7.503,-2.722
79.87,5.682,1.631,-7.585,-2.738
79.88,5.596,1.496,-7.673,-2.749
79.89,5.498,1.358,-7.767,-2.755
79.9,5.389,1.219,-7.865,-2.756
79.91,5.271,1.082,-7.967,-2.75
79.92,5.144,0.948,-8.069,-2.74
79.93,5.011,0.818,-8.172,-2.724
79.94,4.871,0.691,-8.274,-2.704
79.95,4.725,0.569,-8.376,-2.678
79.96,4.575,0.45,-8.476,-2.646
79.97,4.424,0.339,-8.573,-2.61
79.98,4.273,0.236,-8.664,-2.568
79.99,4.127,0.143,-8.75,-2.523
80,3.998,0.072,-8.825,-2.474
80.01,3.877,0.01,-8.893,-2.423
80.02,3.766,-0.04,-8.954,-2.372
80.03,3.662,-0.08,-9.01,-2.32
80.04,3.566,-0.109,-9.061,-2.27
80.05,3.479,-0.127,-9.107,-2.22
80.06,3.4,-0.136,-9.148,-2.172
80.07,3.328,-0.136,-9.186,-2.125
80.08,3.262,-0.13,-9.22,-2.079
80.09,3.202,-0.118,-9.251,-2.035
80.1,3.15,-0.098,-9.278,-1.993
80.11,3.103,-0.072,-9.303,-1.953
80.12,3.063,-0.039,-9.324,-1.915
80.13,3.028,-0.002,-9.343,-1.879
80.14,2.998,0.04,-9.359,-1.844
80.15,2.972,0.088,-9.374,-1.812
80.16,2.949,0.139,-9.386,-1.781
80.17,2.925,0.192,-9.398,-1.752
80.18,2.902,0.248,-9.409,-1.725
80.19,2.88,0.304,-9.418,-1.699
80.2,2.859,0.362,-9.427,-1.676
80.21,2.837,0.419,-9.436,-1.653
80.22,2.815,0.477,-9.443,-1.633
80.23,2.794,0.536,-9.449,-1.614
80.24,2.774,0.595,-9.455,-1.596
80.25,2.754,0.655,-9.459,-1.58
80.26,2.735,0.715,-9.462,-1.566
80.27,2.717,0.776,-9.465,-1.554
80.28,2.701,0.838,-9.466,-1.544
80.29,2.687,0.9,-9.466,-1.536
80.3,2.672,0.964,-9.464,-1.53
80.31,2.656,1.029,-9.463,-1.526
80.32,2.64,1.094,-9.46,-1.523
80.33,2.624,1.16,-9.457,-1.523
80.34,2.611,1.229,-9.451,-1.525
80.35,2.601,1.3,-9.444,-1.529
80.36,2.593,1.373,-9.435,-1.536
80.37,2.585,1.448,-9.425,-1.543
80.38,2.579,1.525,-9.413,-1.553
80.39,2.573,1.603,-9.399,-1.564
80.4,2.569,1.684,-9.384,-1.576
80.41,2.568,1.767,-9.367,-1.59
80.42,2.572,1.852,-9.347,-1.605
80.43,2.581,1.941,-9.324,-1.621
80.44,2.594,2.03,-9.298,-1.638
80.45,2.61,2.121,-9.27,-1.656
80.46,2.628,2.213,-9.24,-1.674
80.47,2.65,2.305,-9.208,-1.693
80.48,2.678,2.398,-9.172,-1.712
80.49,2.715,2.492,-9.133,-1.729
80.5,2.764,2.585,-9.089,-1.745
80.51,2.824,2.678,-9.041,-1.758
80.52,2.896,2.771,-8.988,-1.768
80.53,2.982,2.862,-8.931,-1.774
80.54,3.079,2.952,-8.868,-1.776
80.55,3.188,3.041,-8.799,-1.774
80.56,3.308,3.129,-8.725,-1.767
80.57,3.441,3.216,-8.644,-1.754
80.58,3.588,3.302,-8.555,-1.736
80.59,3.748,3.385,-8.458,-1.711
80.6,3.922,3.467,-8.352,-1.68
80.61,4.109,3.546,-8.236,-1.641
80.62,4.307,3.623,-8.109,-1.595
80.63,4.517,3.697,-7.971,-1.54
80.64,4.736,3.768,-7.821,-1.479
80.65,4.965,3.836,-7.657,-1.408
80.66,5.202,3.9,-7.479,-1.328
80.67,5.445,3.96,-7.288,-1.239
80.68,5.692,4.016,-7.082,-1.143
80.69,5.945,4.068,-6.858,-1.032
80.7,6.196,4.115,-6.62,-0.912
80.71,6.444,4.157,-6.369,-0.785
80.72,6.686,4.192,-6.106,-0.652
80.73,6.923,4.221,-5.83,-0.51
80.74,7.155,4.242,-5.537,-0.361
80.75,7.382,4.255,-5.229,-0.203
80.76,7.601,4.259,-4.906,-0.039
80.77,7.811,4.254,-4.568,0.13
80.78,8.011,4.238,-4.214,0.306
80.79,8.199,4.211,-3.847,0.485
80.8,8.373,4.173,-3.466,0.667
80.81,8.534,4.122,-3.072,0.853
80.82,8.682,4.056,-2.66,1.04
80.83,8.814,3.975,-2.232,1.229
80.84,8.93,3.877,-1.79,1.415
80.85,9.028,3.762,-1.334,1.595
80.86,9.106,3.632,-0.867,1.769
80.87,9.163,3.485,-0.395,1.93
80.88,9.198,3.326,0.074,2.076
80.89,9.212,3.157,0.538,2.204
80.9,9.207,2.98,0.992,2.313
80.91,9.183,2.798,1.434,2.401
80.92,9.143,2.612,1.864,2.469
80.93,9.087,2.423,2.281,2.518
80.94,9.017,2.232,2.682,2.549
80.95,8.935,2.039,3.07,2.563
80.96,8.841,1.844,3.446,2.56
80.97,8.736,1.648,3.807,2.541
80.98,8.622,1.452,4.153,2.506
80.99,8.499,1.258,4.487,2.457
81,8.365,1.065,4.811,2.394
81.01,8.219,0.874,5.127,2.321
81.02,8.06,0.686,5.436,2.236
81.03,7.895,0.507,5.731,2.132
81.04,7.723,0.333,6.013,2.018
81.05,7.546,0.164,6.279,1.893
81.06,7.365,0.001,6.531,1.759
81.07,7.181,-0.155,6.766,1.615
81.08,6.996,-0.305,6.987,1.462
81.09,6.809,-0.449,7.192,1.301
81.1,6.623,-0.586,7.383,1.13
81.11,6.436,-0.716,7.559,0.953
81.12,6.248,-0.838,7.724,0.768
81.13,6.056,-0.953,7.878,0.576
81.14,5.862,-1.058,8.022,0.379
81.15,5.665,-1.153,8.157,0.177
81.16,5.464,-1.239,8.282,-0.029
81.17,5.261,-1.315,8.398,-0.24
81.18,5.054,-1.382,8.505,-0.454
81.19,4.842,-1.439,8.603,-0.672
81.2,4.624,-1.486,8.695,-0.892
81.21,4.396,-1.523,8.781,-1.114
81.22,4.154,-1.55,8.862,-1.337
81.23,3.898,-1.567,8.938,-1.561
81.24,3.631,-1.574,9.008,-1.784
81.25,3.352,-1.57,9.07,-2.005
81.26,3.058,-1.555,9.126,-2.222
81.27,2.751,-1.532,9.173,-2.434
81.28,2.439,-1.5,9.21,-2.64
81.29,2.128,-1.462,9.234,-2.839
81.3,1.82,-1.419,9.245,-3.031
81.31,1.514,-1.372,9.245,-3.216
81.32,1.212,-1.32,9.234,-3.393
81.33,0.915,-1.266,9.212,-3.561
81.34,0.626,-1.211,9.18,-3.722
81.35,0.346,-1.158,9.139,-3.874
81.36,0.075,-1.107,9.089,-4.019
81.37,-0.19,-1.056,9.031,-4.156
81.38,-0.445,-1.007,8.97,-4.28
81.39,-0.693,-0.96,8.902,-4.397
81.4,-0.936,-0.915,8.83,-4.505
81.41,-1.174,-0.87,8.753,-4.607
81.42,-1.409,-0.825,8.672,-4.702
81.43,-1.643,-0.78,8.587,-4.789
81.44,-1.875,-0.733,8.498,-4.87
81.45,-2.107,-0.686,8.404,-4.944
81.46,-2.337,-0.637,8.306,-5.013
81.47,-2.566,-0.588,8.203,-5.075
81.48,-2.795,-0.539,8.097,-5.13
81.49,-3.022,-0.492,7.987,-5.179
81.5,-3.244,-0.449,7.875,-5.22
81.51,-3.459,-0.409,7.76,-5.257
81.52,-3.667,-0.374,7.644,-5.288
81.53,-3.869,-0.345,7.526,-5.315
81.54,-4.064,-0.322,7.408,-5.337
81.55,-4.253,-0.306,7.289,-5.355
81.56,-4.436,-0.298,7.169,-5.368
81.57,-4.613,-0.297,7.05,-5.377
81.58,-4.784,-0.303,6.931,-5.382
81.59,-4.951,-0.315,6.812,-5.383
81.6,-5.114,-0.334,6.69,-5.381
81.61,-5.273,-0.356,6.568,-5.376
81.62,-5.43,-0.382,6.444,-5.368
81.63,-5.585,-0.413,6.318,-5.357
81.64,-5.739,-0.446,6.187,-5.344
81.65,-5.893,-0.48,6.052,-5.328
81.66,-6.049,-0.511,5.911,-5.309
81.67,-6.207,-0.541,5.762,-5.289
81.68,-6.368,-0.566,5.601,-5.266
81.69,-6.534,-0.584,5.428,-5.243
81.7,-6.703,-0.595,5.242,-5.218
81.71,-6.874,-0.6,5.041,-5.192
81.72,-7.054,-0.591,4.812,-5.169
81.73,-7.235,-0.571,4.566,-5.145
81.74,-7.414,-0.54,4.302,-5.12
81.75,-7.591,-0.5,4.02,-5.094
81.76,-7.763,-0.452,3.722,-5.066
81.77,-7.927,-0.397,3.408,-5.037
81.78,-8.082,-0.336,3.081,-5.006
81.79,-8.226,-0.269,2.741,-4.973
81.8,-8.358,-0.196,2.389,-4.937
81.81,-8.477,-0.12,2.027,-4.899
81.82,-8.581,-0.04,1.659,-4.858
81.83,-8.669,0.042,1.285,-4.815
81.84,-8.741,0.128,0.907,-4.769
81.85,-8.797,0.217,0.527,-4.72
81.86,-8.836,0.309,0.147,-4.668
81.87,-8.859,0.402,-0.229,-4.614
81.88,-8.866,0.495,-0.603,-4.557
81.89,-8.858,0.587,-0.972,-4.497
81.9,-8.835,0.68,-1.335,-4.436
81.91,-8.797,0.773,-1.695,-4.373
81.92,-8.745,0.866,-2.049,-4.308
81.93,-8.679,0.959,-2.398,-4.242
81.94,-8.599,1.053,-2.74,-4.174
81.95,-8.506,1.147,-3.076,-4.104
81.96,-8.402,1.241,-3.404,-4.033
81.97,-8.286,1.334,-3.722,-3.961
81.98,-8.161,1.426,-4.029,-3.887
81.99,-8.028,1.518,-4.325,-3.811
82,-7.886,1.608,-4.61,-3.735
82.01,-7.739,1.696,-4.882,-3.658
82.02,-7.587,1.783,-5.141,-3.58
82.03,-7.43,1.867,-5.388,-3.501
82.04,-7.272,1.949,-5.62,-3.423
82.05,-7.114,2.027,-5.838,-3.343
82.06,-6.958,2.102,-6.042,-3.263
82.07,-6.81,2.174,-6.223,-3.185
82.08,-6.667,2.242,-6.391,-3.107
82.09,-6.528,2.308,-6.547,-3.029
82.1,-6.393,2.371,-6.692,-2.952
82.11,-6.262,2.431,-6.826,-2.874
82.12,-6.134,2.49,-6.952,-2.797
82.13,-6.01,2.547,-7.07,-2.719
82.14,-5.889,2.603,-7.18,-2.642
82.15,-5.77,2.658,-7.284,-2.564
82.16,-5.655,2.712,-7.38,-2.486
82.17,-5.542,2.766,-7.471,-2.408
82.18,-5.431,2.82,-7.557,-2.329
82.19,-5.32,2.875,-7.639,-2.249
82.2,-5.209,2.931,-7.717,-2.169
82.21,-5.096,2.988,-7.793,-2.087
82.22,-4.98,3.047,-7.866,-2.003
82.23,-4.859,3.108,-7.939,-1.917
82.24,-4.734,3.171,-8.011,-1.829
82.25,-4.605,3.234,-8.081,-1.739
82.26,-4.471,3.299,-8.148,-1.646
82.27,-4.335,3.364,-8.214,-1.552
82.28,-4.194,3.43,-8.277,-1.456
82.29,-4.048,3.496,-8.339,-1.358
82.3,-3.897,3.563,-8.398,-1.258
82.31,-3.741,3.629,-8.455,-1.157
82.32,-3.58,3.695,-8.509,-1.053
82.33,-3.416,3.761,-8.56,-0.947
82.34,-3.246,3.826,-8.609,-0.839
82.35,-3.069,3.889,-8.655,-0.728
82.36,-2.884,3.951,-8.699,-0.614
82.37,-2.69,4.011,-8.741,-0.497
82.38,-2.486,4.069,-8.781,-0.376
82.39,-2.272,4.124,-8.818,-0.251
82.4,-2.048,4.175,-8.851,-0.122
82.41,-1.805,4.223,-8.882,0.014
82.42,-1.553,4.265,-8.908,0.156
82.43,-1.289,4.303,-8.929,0.303
82.44,-1.012,4.335,-8.942,0.454
82.45,-0.721,4.36,-8.949,0.611
82.46,-0.413,4.378,-8.947,0.774
82.47,-0.089,4.388,-8.935,0.942
82.48,0.249,4.389,-8.912,1.114
82.49,0.601,4.381,-8.875,1.29
82.5,0.968,4.363,-8.823,1.471
82.51,1.347,4.334,-8.755,1.655
82.52,1.735,4.295,-8.668,1.842
82.53,2.13,4.244,-8.562,2.029
82.54,2.528,4.183,-8.437,2.215
82.55,2.926,4.112,-8.292,2.397
82.56,3.322,4.032,-8.128,2.574
82.57,3.71,3.943,-7.947,2.744
82.58,4.088,3.846,-7.748,2.905
82.59,4.455,3.745,-7.535,3.056
82.6,4.806,3.64,-7.309,3.196
82.61,5.141,3.534,-7.073,3.322
82.62,5.457,3.428,-6.83,3.433
82.63,5.756,3.325,-6.584,3.528
82.64,6.036,3.224,-6.333,3.611
82.65,6.3,3.127,-6.08,3.68
82.66,6.547,3.035,-5.824,3.74
82.67,6.777,2.949,-5.569,3.788
82.68,6.992,2.867,-5.312,3.828
82.69,7.195,2.789,-5.052,3.862
82.7,7.385,2.715,-4.79,3.889
82.71,7.564,2.646,-4.526,3.909
82.72,7.731,2.582,-4.261,3.922
82.73,7.887,2.523,-3.996,3.929
82.74,8.032,2.471,-3.732,3.929
82.75,8.164,2.43,-3.466,3.924
82.76,8.287,2.393,-3.198,3.917
82.77,8.401,2.359,-2.928,3.908
82.78,8.505,2.329,-2.655,3.895
82.79,8.6,2.302,-2.381,3.881
82.8,8.685,2.279,-2.105,3.864
82.81,8.761,2.261,-1.83,3.844
82.82,8.827,2.246,-1.554,3.822
82.83,8.884,2.235,-1.277,3.799
82.84,8.933,2.226,-0.999,3.774
82.85,8.972,2.22,-0.719,3.748
82.86,9.002,2.216,-0.436,3.722
82.87,9.022,2.213,-0.152,3.697
82.88,9.033,2.211,0.135,3.673
82.89,9.033,2.209,0.425,3.65
82.9,9.024,2.207,0.718,3.629
82.91,9.003,2.204,1.015,3.61
82.92,8.972,2.2,1.316,3.593
82.93,8.93,2.195,1.619,3.578
82.94,8.875,2.187,1.926,3.566
82.95,8.809,2.177,2.236,3.556
82.96,8.73,2.162,2.55,3.549
82.97,8.637,2.142,2.868,3.545
82.98,8.53,2.117,3.191,3.544
82.99,8.408,2.085,3.516,3.546
83,8.27,2.047,3.843,3.553
83.01,8.115,2.001,4.174,3.563
83.02,7.943,1.949,4.507,3.575
83.03,7.754,1.89,4.839,3.588
83.04,7.547,1.825,5.169,3.603
83.05,7.323,1.751,5.497,3.617
83.06,7.081,1.669,5.82,3.632
83.07,6.822,1.578,6.136,3.648
83.08,6.549,1.481,6.442,3.662
83.09,6.267,1.38,6.732,3.673
83.1,5.986,1.276,6.996,3.683
83.11,5.706,1.172,7.241,3.69
83.12,5.428,1.067,7.466,3.693
83.13,5.154,0.963,7.672,3.692
83.14,4.887,0.861,7.859,3.688
83.15,4.627,0.759,8.028,3.68
83.16,4.374,0.657,8.182,3.67
83.17,4.128,0.555,8.322,3.657
83.18,3.89,0.453,8.449,3.642
83.19,3.662,0.353,8.563,3.624
83.2,3.442,0.254,8.665,3.603
83.21,3.23,0.155,8.758,3.581
83.22,3.026,0.058,8.842,3.556
83.23,2.832,-0.036,8.917,3.528
83.24,2.647,-0.131,8.985,3.498
83.25,2.47,-0.224,9.046,3.466
83.26,2.301,-0.318,9.1,3.432
83.27,2.141,-0.411,9.149,3.396
83.28,1.988,-0.504,9.192,3.359
83.29,1.844,-0.596,9.231,3.32
83.3,1.708,-0.688,9.265,3.279
83.31,1.58,-0.78,9.296,3.236
83.32,1.461,-0.871,9.323,3.191
83.33,1.353,-0.962,9.346,3.144
83.34,1.254,-1.053,9.366,3.095
83.35,1.164,-1.144,9.384,3.044
83.36,1.082,-1.236,9.399,2.992
83.37,1.008,-1.327,9.411,2.938
83.38,0.941,-1.418,9.422,2.883
83.39,0.882,-1.509,9.431,2.826
83.4,0.828,-1.6,9.438,2.769
83.41,0.779,-1.691,9.443,2.71
83.42,0.735,-1.782,9.447,2.65
83.43,0.695,-1.874,9.449,2.589
83.44,0.66,-1.966,9.45,2.528
83.45,0.626,-2.059,9.449,2.466
83.46,0.591,-2.151,9.446,2.403
83.47,0.557,-2.244,9.443,2.341
83.48,0.524,-2.335,9.438,2.278
83.49,0.49,-2.426,9.431,2.216
83.5,0.455,-2.516,9.424,2.153
83.51,0.416,-2.605,9.416,2.09
83.52,0.371,-2.695,9.406,2.026
83.53,0.317,-2.785,9.396,1.961
83.54,0.251,-2.873,9.385,1.893
83.55,0.174,-2.961,9.373,1.824
83.56,0.084,-3.048,9.36,1.752
83.57,-0.02,-3.136,9.346,1.676
83.58,-0.141,-3.223,9.329,1.595
83.59,-0.281,-3.309,9.31,1.508
83.6,-0.438,-3.395,9.288,1.414
83.61,-0.614,-3.48,9.261,1.314
83.62,-0.808,-3.563,9.229,1.206
83.63,-1.02,-3.644,9.191,1.091
83.64,-1.249,-3.721,9.146,0.969
83.65,-1.495,-3.794,9.091,0.839
83.66,-1.757,-3.862,9.027,0.702
83.67,-2.035,-3.924,8.952,0.557
83.68,-2.327,-3.979,8.864,0.404
83.69,-2.632,-4.028,8.762,0.244
83.7,-2.948,-4.068,8.645,0.077
83.71,-3.273,-4.099,8.512,-0.094
83.72,-3.604,-4.12,8.363,-0.271
83.73,-3.94,-4.131,8.197,-0.452
83.74,-4.279,-4.131,8.013,-0.636
83.75,-4.618,-4.119,7.811,-0.823
83.76,-4.956,-4.096,7.591,-1.01
83.77,-5.291,-4.061,7.353,-1.197
83.78,-5.622,-4.014,7.096,-1.383
83.79,-5.951,-3.952,6.82,-1.564
83.8,-6.269,-3.878,6.527,-1.741
83.81,-6.576,-3.794,6.22,-1.912
83.82,-6.87,-3.7,5.898,-2.074
83.83,-7.149,-3.597,5.566,-2.226
83.84,-7.411,-3.486,5.225,-2.366
83.85,-7.657,-3.37,4.877,-2.493
83.86,-7.885,-3.248,4.524,-2.606
83.87,-8.096,-3.123,4.168,-2.705
83.88,-8.289,-2.995,3.813,-2.788
83.89,-8.464,-2.866,3.461,-2.855
83.9,-8.622,-2.739,3.115,-2.906
83.91,-8.764,-2.613,2.777,-2.94
83.92,-8.89,-2.49,2.448,-2.959
83.93,-9.002,-2.372,2.131,-2.964
83.94,-9.101,-2.258,1.824,-2.953
83.95,-9.189,-2.149,1.53,-2.929
83.96,-9.267,-2.044,1.246,-2.893
83.97,-9.336,-1.944,0.973,-2.845
83.98,-9.396,-1.849,0.709,-2.788
83.99,-9.449,-1.758,0.452,-2.721
84,-9.495,-1.67,0.202,-2.646
84.01,-9.534,-1.585,-0.041,-2.563
84.02,-9.568,-1.503,-0.28,-2.471
84.03,-9.595,-1.424,-0.515,-2.373
84.04,-9.616,-1.348,-0.746,-2.267
84.05,-9.632,-1.273,-0.972,-2.154
84.06,-9.642,-1.202,-1.194,-2.035
84.07,-9.647,-1.134,-1.413,-1.909
84.08,-9.645,-1.069,-1.628,-1.777
84.09,-9.638,-1.006,-1.84,-1.64
84.1,-9.626,-0.945,-2.049,-1.497
84.11,-9.607,-0.887,-2.254,-1.349
84.12,-9.582,-0.831,-2.459,-1.196
84.13,-9.55,-0.779,-2.665,-1.035
84.14,-9.511,-0.73,-2.871,-0.871
84.15,-9.462,-0.681,-3.083,-0.703
84.16,-9.402,-0.634,-3.301,-0.533
84.17,-9.331,-0.59,-3.527,-0.361
84.18,-9.246,-0.548,-3.763,-0.187
84.19,-9.146,-0.509,-4.009,-0.013
84.2,-9.03,-0.473,-4.266,0.16
84.21,-8.895,-0.44,-4.533,0.334
84.22,-8.742,-0.411,-4.81,0.507
84.23,-8.569,-0.388,-5.094,0.679
84.24,-8.374,-0.371,-5.386,0.847
84.25,-8.157,-0.36,-5.683,1.013
84.26,-7.917,-0.356,-5.983,1.175
84.27,-7.656,-0.357,-6.283,1.332
84.28,-7.374,-0.365,-6.578,1.485
84.29,-7.075,-0.379,-6.864,1.634
84.3,-6.761,-0.397,-7.138,1.779
84.31,-6.434,-0.42,-7.398,1.919
84.32,-6.1,-0.446,-7.639,2.054
84.33,-5.762,-0.475,-7.86,2.186
84.34,-5.421,-0.505,-8.062,2.312
84.35,-5.077,-0.536,-8.246,2.434
84.36,-4.732,-0.566,-8.412,2.551
84.37,-4.392,-0.593,-8.559,2.663
84.38,-4.057,-0.618,-8.687,2.772
84.39,-3.729,-0.639,-8.797,2.877
84.4,-3.411,-0.655,-8.89,2.98
84.41,-3.107,-0.665,-8.967,3.081
84.42,-2.816,-0.669,-9.028,3.179
84.43,-2.541,-0.665,-9.075,3.277
84.44,-2.28,-0.654,-9.11,3.372
84.45,-2.034,-0.635,-9.134,3.466
84.46,-1.802,-0.606,-9.149,3.56
84.47,-1.585,-0.57,-9.155,3.651
84.48,-1.399,-0.517,-9.152,3.741
84.49,-1.228,-0.453,-9.144,3.829
84.5,-1.072,-0.379,-9.13,3.915
84.51,-0.931,-0.295,-9.113,3.999
84.52,-0.802,-0.201,-9.092,4.079
84.53,-0.683,-0.099,-9.069,4.156
84.54,-0.572,0.01,-9.043,4.229
84.55,-0.47,0.128,-9.016,4.298
84.56,-0.375,0.255,-8.986,4.362
84.57,-0.288,0.39,-8.956,4.421
84.58,-0.206,0.532,-8.924,4.475
84.59,-0.125,0.68,-8.891,4.523
84.6,-0.045,0.831,-8.857,4.566
84.61,0.037,0.985,-8.823,4.602
84.62,0.122,1.14,-8.787,4.632
84.63,0.21,1.296,-8.751,4.656
84.64,0.301,1.452,-8.714,4.674
84.65,0.396,1.609,-8.676,4.687
84.66,0.496,1.765,-8.637,4.694
84.67,0.6,1.92,-8.596,4.695
84.68,0.708,2.073,-8.554,4.692
84.69,0.819,2.225,-8.51,4.683
84.7,0.938,2.374,-8.466,4.67
84.71,1.062,2.517,-8.418,4.653
84.72,1.193,2.655,-8.369,4.633
84.73,1.333,2.787,-8.317,4.611
84.74,1.485,2.908,-8.262,4.589
84.75,1.645,3.022,-8.203,4.566
84.76,1.815,3.126,-8.14,4.544
84.77,1.998,3.22,-8.071,4.525
84.78,2.193,3.303,-7.996,4.509
84.79,2.398,3.378,-7.913,4.495
84.8,2.614,3.442,-7.821,4.486
84.81,2.841,3.496,-7.72,4.482
84.82,3.093,3.529,-7.601,4.493
84.83,3.357,3.549,-7.468,4.511
84.84,3.631,3.556,-7.32,4.536
84.85,3.915,3.55,-7.155,4.567
84.86,4.207,3.53,-6.973,4.604
84.87,4.506,3.496,-6.771,4.648
84.88,4.81,3.448,-6.549,4.697
84.89,5.116,3.386,-6.307,4.751
84.9,5.421,3.311,-6.043,4.808
84.91,5.724,3.222,-5.757,4.867
84.92,6.022,3.12,-5.449,4.928
84.93,6.312,3.007,-5.119,4.99
84.94,6.591,2.882,-4.767,5.05
84.95,6.859,2.745,-4.394,5.109
84.96,7.112,2.595,-3.997,5.167
84.97,7.348,2.434,-3.579,5.22
84.98,7.566,2.261,-3.14,5.27
84.99,7.762,2.075,-2.679,5.315
85,7.936,1.874,-2.197,5.354
85.01,8.084,1.659,-1.697,5.386
85.02,8.203,1.434,-1.18,5.408
85.03,8.292,1.197,-0.652,5.42
85.04,8.349,0.954,-0.116,5.419
85.05,8.373,0.706,0.419,5.404
85.06,8.365,0.456,0.951,5.376
85.07,8.326,0.208,1.474,5.334
85.08,8.257,-0.036,1.986,5.278
85.09,8.16,-0.274,2.485,5.21
85.1,8.037,-0.506,2.967,5.131
85.11,7.891,-0.731,3.428,5.042
85.12,7.724,-0.948,3.87,4.944
85.13,7.539,-1.157,4.289,4.838
85.14,7.338,-1.357,4.686,4.725
85.15,7.124,-1.548,5.061,4.606
85.16,6.899,-1.731,5.415,4.48
85.17,6.669,-1.899,5.739,4.355
85.18,6.432,-2.058,6.044,4.225
85.19,6.188,-2.21,6.33,4.09
85.2,5.939,-2.355,6.598,3.953
85.21,5.686,-2.492,6.849,3.812
85.22,5.428,-2.623,7.085,3.668
85.23,5.167,-2.746,7.304,3.521
85.24,4.903,-2.862,7.509,3.371
85.25,4.637,-2.971,7.7,3.219
85.26,4.369,-3.072,7.878,3.065
85.27,4.099,-3.166,8.042,2.91
85.28,3.83,-3.253,8.194,2.754
85.29,3.56,-3.333,8.334,2.598
85.3,3.293,-3.406,8.461,2.44
85.31,3.028,-3.471,8.577,2.283
85.32,2.765,-3.53,8.681,2.126
85.33,2.506,-3.583,8.774,1.971
85.34,2.251,-3.629,8.857,1.816
85.35,2.002,-3.67,8.93,1.661
85.36,1.759,-3.706,8.993,1.508
85.37,1.527,-3.735,9.048,1.356
85.38,1.306,-3.759,9.094,1.207
85.39,1.099,-3.777,9.132,1.059
85.4,0.907,-3.79,9.163,0.914
85.41,0.73,-3.799,9.188,0.772
85.42,0.569,-3.804,9.208,0.633
85.43,0.424,-3.805,9.224,0.497
85.44,0.297,-3.804,9.236,0.365
85.45,0.186,-3.8,9.244,0.237
85.46,0.089,-3.794,9.25,0.111
85.47,0.007,-3.788,9.254,-0.011
85.48,-0.06,-3.78,9.256,-0.132
85.49,-0.115,-3.773,9.256,-0.251
85.5,-0.16,-3.765,9.255,-0.369
85.51,-0.19,-3.759,9.251,-0.486
85.52,-0.217,-3.754,9.246,-0.605
85.53,-0.24,-3.749,9.238,-0.724
85.54,-0.262,-3.745,9.229,-0.844
85.55,-0.283,-3.741,9.219,-0.966
85.56,-0.306,-3.737,9.205,-1.09
85.57,-0.329,-3.734,9.19,-1.215
85.58,-0.355,-3.73,9.173,-1.341
85.59,-0.383,-3.727,9.154,-1.469
85.6,-0.417,-3.724,9.132,-1.598
85.61,-0.456,-3.72,9.108,-1.728
85.62,-0.503,-3.714,9.082,-1.858
85.63,-0.557,-3.707,9.054,-1.989
85.64,-0.617,-3.697,9.024,-2.122
85.65,-0.684,-3.684,8.992,-2.256
85.66,-0.758,-3.668,8.958,-2.391
85.67,-0.839,-3.649,8.921,-2.526
85.68,-0.925,-3.625,8.883,-2.662
85.69,-1.017,-3.598,8.842,-2.798
85.7,-1.115,-3.565,8.799,-2.933
85.71,-1.219,-3.527,8.754,-3.069
85.72,-1.329,-3.483,8.708,-3.204
85.73,-1.444,-3.431,8.659,-3.338
85.74,-1.565,-3.373,8.609,-3.471
85.75,-1.691,-3.308,8.556,-3.602
85.76,-1.819,-3.238,8.502,-3.73
85.77,-1.949,-3.164,8.445,-3.853
85.78,-2.081,-3.085,8.387,-3.974
85.79,-2.214,-3.003,8.327,-4.089
85.8,-2.345,-2.917,8.266,-4.2
85.81,-2.475,-2.829,8.205,-4.305
85.82,-2.601,-2.74,8.143,-4.405
85.83,-2.725,-2.651,8.08,-4.499
85.84,-2.844,-2.562,8.017,-4.588
85.85,-2.962,-2.476,7.956,-4.667
85.86,-3.079,-2.392,7.893,-4.741
85.87,-3.195,-2.31,7.83,-4.81
85.88,-3.307,-2.232,7.767,-4.872
85.89,-3.413,-2.158,7.706,-4.929
85.9,-3.515,-2.088,7.647,-4.98
85.91,-3.611,-2.024,7.59,-5.024
85.92,-3.7,-1.966,7.536,-5.063
85.93,-3.784,-1.916,7.485,-5.095
85.94,-3.861,-1.875,7.438,-5.122
85.95,-3.932,-1.841,7.395,-5.142
85.96,-3.997,-1.814,7.357,-5.157
85.97,-4.055,-1.795,7.323,-5.166
85.98,-4.107,-1.784,7.295,-5.168
85.99,-4.155,-1.78,7.271,-5.165
86,-4.199,-1.781,7.252,-5.157
86.01,-4.24,-1.787,7.235,-5.144
86.02,-4.28,-1.797,7.221,-5.127
86.03,-4.32,-1.809,7.21,-5.106
86.04,-4.36,-1.824,7.199,-5.081
86.05,-4.402,-1.839,7.19,-5.053
86.06,-4.445,-1.855,7.181,-5.022
86.07,-4.49,-1.871,7.172,-4.989
86.08,-4.538,-1.888,7.162,-4.953
86.09,-4.589,-1.904,7.152,-4.915
86.1,-4.642,-1.92,7.141,-4.874
86.11,-4.698,-1.936,7.129,-4.832
86.12,-4.755,-1.953,7.116,-4.788
86.13,-4.813,-1.97,7.102,-4.742
86.14,-4.871,-1.987,7.089,-4.696
86.15,-4.93,-2.004,7.074,-4.649
86.16,-4.99,-2.021,7.058,-4.602
86.17,-5.051,-2.038,7.04,-4.555
86.18,-5.112,-2.055,7.022,-4.507
86.19,-5.173,-2.073,7.002,-4.46
86.2,-5.233,-2.091,6.981,-4.414
86.21,-5.295,-2.109,6.958,-4.369
86.22,-5.356,-2.126,6.933,-4.325
86.23,-5.418,-2.143,6.906,-4.283
86.24,-5.48,-2.161,6.877,-4.241
86.25,-5.542,-2.179,6.847,-4.2
86.26,-5.605,-2.198,6.814,-4.16
86.27,-5.667,-2.216,6.78,-4.121
86.28,-5.732,-2.234,6.742,-4.084
86.29,-5.798,-2.252,6.701,-4.048
86.3,-5.866,-2.268,6.657,-4.014
86.31,-5.935,-2.284,6.609,-3.982
86.32,-6.007,-2.299,6.558,-3.951
86.33,-6.081,-2.312,6.502,-3.922
86.34,-6.157,-2.324,6.442,-3.896
86.35,-6.234,-2.334,6.378,-3.871
86.36,-6.312,-2.343,6.311,-3.85
86.37,-6.391,-2.349,6.24,-3.832
86.38,-6.471,-2.352,6.165,-3.817
86.39,-6.553,-2.352,6.084,-3.806
86.4,-6.637,-2.348,5.999,-3.798
86.41,-6.723,-2.341,5.908,-3.794
86.42,-6.811,-2.329,5.812,-3.794
86.43,-6.899,-2.311,5.71,-3.799
86.44,-6.99,-2.287,5.601,-3.81
86.45,-7.083,-2.257,5.485,-3.825
86.46,-7.177,-2.221,5.363,-3.845
86.47,-7.272,-2.179,5.233,-3.869
86.48,-7.368,-2.131,5.095,-3.897
86.49,-7.465,-2.077,4.951,-3.929
86.5,-7.561,-2.016,4.799,-3.965
86.51,-7.658,-1.948,4.638,-4.004
86.52,-7.753,-1.872,4.47,-4.048
86.53,-7.847,-1.791,4.295,-4.093
86.54,-7.94,-1.699,4.109,-4.144
86.55,-8.03,-1.602,3.917,-4.194
86.56,-8.117,-1.499,3.719,-4.245
86.57,-8.201,-1.389,3.512,-4.296
86.58,-8.282,-1.273,3.3,-4.346
86.59,-8.358,-1.147,3.079,-4.396
86.6,-8.431,-1.013,2.85,-4.445
86.61,-8.498,-0.872,2.614,-4.491
86.62,-8.56,-0.724,2.373,-4.534
86.63,-8.616,-0.57,2.126,-4.573
86.64,-8.665,-0.411,1.875,-4.607
86.65,-8.707,-0.247,1.621,-4.634
86.66,-8.743,-0.08,1.364,-4.656
86.67,-8.771,0.09,1.109,-4.671
86.68,-8.791,0.262,0.856,-4.679
86.69,-8.804,0.436,0.607,-4.681
86.7,-8.809,0.61,0.364,-4.677
86.71,-8.808,0.783,0.13,-4.666
86.72,-8.801,0.954,-0.095,-4.648
86.73,-8.79,1.124,-0.308,-4.623
86.74,-8.774,1.289,-0.51,-4.592
86.75,-8.755,1.452,-0.698,-4.554
86.76,-8.734,1.611,-0.871,-4.511
86.77,-8.712,1.765,-1.031,-4.462
86.78,-8.689,1.916,-1.178,-4.408
86.79,-8.664,2.063,-1.316,-4.351
86.8,-8.638,2.208,-1.446,-4.289
86.81,-8.612,2.35,-1.568,-4.223
86.82,-8.585,2.489,-1.685,-4.154
86.83,-8.556,2.626,-1.797,-4.081
86.84,-8.526,2.761,-1.907,-4.004
86.85,-8.495,2.892,-2.013,-3.924
86.86,-8.464,3.021,-2.115,-3.841
86.87,-8.432,3.144,-2.21,-3.756
86.88,-8.402,3.262,-2.299,-3.669
86.89,-8.376,3.368,-2.373,-3.586
86.9,-8.351,3.464,-2.438,-3.507
86.91,-8.329,3.552,-2.492,-3.433
86.92,-8.311,3.629,-2.533,-3.365
86.93,-8.298,3.697,-2.561,-3.302
86.94,-8.29,3.754,-2.575,-3.245
86.95,-8.288,3.802,-2.574,-3.196
86.96,-8.292,3.838,-2.557,-3.154
86.97,-8.302,3.866,-2.526,-3.12
86.98,-8.317,3.883,-2.48,-3.094
86.99,-8.339,3.889,-2.418,-3.078
87,-8.366,3.884,-2.34,-3.071
87.01,-8.398,3.869,-2.245,-3.074
87.02,-8.434,3.843,-2.133,-3.086
87.03,-8.475,3.806,-2.004,-3.108
87.04,-8.518,3.759,-1.858,-3.138
87.05,-8.562,3.702,-1.695,-3.177
87.06,-8.608,3.633,-1.517,-3.223
87.07,-8.652,3.554,-1.32,-3.277
87.08,-8.696,3.463,-1.106,-3.338
87.09,-8.737,3.359,-0.871,-3.406
87.1,-8.774,3.243,-0.618,-3.479
87.11,-8.804,3.115,-0.346,-3.557
87.12,-8.826,2.974,-0.058,-3.638
87.13,-8.839,2.82,0.247,-3.722
87.14,-8.839,2.652,0.572,-3.808
87.15,-8.825,2.468,0.914,-3.895
87.16,-8.796,2.269,1.273,-3.982
87.17,-8.748,2.053,1.648,-4.066
87.18,-8.68,1.821,2.037,-4.145
87.19,-8.59,1.574,2.436,-4.217
87.2,-8.479,1.313,2.841,-4.278
87.21,-8.343,1.04,3.25,-4.328
87.22,-8.183,0.754,3.663,-4.363
87.23,-8.002,0.455,4.076,-4.374
87.24,-7.805,0.156,4.472,-4.363
87.25,-7.598,-0.139,4.846,-4.331
87.26,-7.38,-0.429,5.198,-4.28
87.27,-7.153,-0.712,5.53,-4.21
87.28,-6.92,-0.986,5.841,-4.123
87.29,-6.684,-1.251,6.131,-4.019
87.3,-6.444,-1.505,6.402,-3.899
87.31,-6.203,-1.747,6.654,-3.765
87.32,-5.961,-1.978,6.888,-3.618
87.33,-5.718,-2.197,7.105,-3.46
87.34,-5.474,-2.404,7.308,-3.291
87.35,-5.229,-2.6,7.496,-3.113
87.36,-4.984,-2.783,7.67,-2.926
87.37,-4.739,-2.953,7.832,-2.731
87.38,-4.495,-3.112,7.981,-2.53
87.39,-4.249,-3.259,8.119,-2.322
87.4,-4.001,-3.394,8.247,-2.108
87.41,-3.751,-3.518,8.365,-1.889
87.42,-3.501,-3.63,8.472,-1.666
87.43,-3.25,-3.731,8.569,-1.439
87.44,-2.999,-3.82,8.656,-1.21
87.45,-2.747,-3.897,8.734,-0.979
87.46,-2.497,-3.963,8.803,-0.746
87.47,-2.248,-4.016,8.862,-0.512
87.48,-2.004,-4.057,8.913,-0.277
87.49,-1.764,-4.085,8.954,-0.043
87.5,-1.53,-4.102,8.988,0.189
87.51,-1.301,-4.108,9.013,0.422
87.52,-1.078,-4.103,9.031,0.652
87.53,-0.863,-4.087,9.042,0.881
87.54,-0.655,-4.061,9.047,1.107
87.55,-0.452,-4.024,9.045,1.331
87.56,-0.256,-3.977,9.039,1.552
87.57,-0.065,-3.92,9.027,1.769
87.58,0.119,-3.846,9.014,1.982
87.59,0.303,-3.762,8.997,2.191
87.6,0.487,-3.669,8.975,2.395
87.61,0.671,-3.566,8.949,2.594
87.62,0.86,-3.454,8.919,2.789
87.63,1.055,-3.331,8.883,2.976
87.64,1.256,-3.199,8.843,3.158
87.65,1.464,-3.056,8.798,3.332
87.66,1.678,-2.904,8.747,3.497
87.67,1.898,-2.742,8.69,3.654
87.68,2.119,-2.574,8.627,3.8
87.69,2.339,-2.403,8.559,3.934
87.7,2.559,-2.228,8.486,4.056
87.71,2.78,-2.051,8.408,4.166
87.72,2.998,-1.874,8.325,4.264
87.73,3.211,-1.698,8.239,4.349
87.74,3.419,-1.524,8.149,4.423
87.75,3.622,-1.354,8.056,4.486
87.76,3.821,-1.187,7.961,4.539
87.77,4.015,-1.024,7.864,4.58
87.78,4.202,-0.868,7.767,4.61
87.79,4.383,-0.717,7.669,4.631
87.8,4.561,-0.569,7.571,4.641
87.81,4.737,-0.426,7.471,4.643
87.82,4.909,-0.289,7.369,4.637
87.83,5.078,-0.156,7.266,4.623
87.84,5.247,-0.028,7.16,4.603
87.85,5.416,0.097,7.05,4.576
87.86,5.584,0.219,6.937,4.542
87.87,5.752,0.337,6.819,4.503
87.88,5.922,0.45,6.696,4.459
87.89,6.091,0.56,6.567,4.41
87.9,6.26,0.666,6.433,4.355
87.91,6.427,0.768,6.295,4.296
87.92,6.595,0.859,6.151,4.233
87.93,6.759,0.942,6.004,4.168
87.94,6.918,1.018,5.855,4.1
87.95,7.071,1.087,5.706,4.03
87.96,7.218,1.149,5.558,3.958
87.97,7.359,1.202,5.411,3.885
87.98,7.492,1.248,5.269,3.812
87.99,7.617,1.284,5.132,3.738
88,7.735,1.312,5,3.664
88.01,7.845,1.33,4.877,3.59
88.02,7.947,1.34,4.761,3.516
88.03,8.042,1.343,4.652,3.443
88.04,8.132,1.339,4.55,3.37
88.05,8.216,1.33,4.454,3.297
88.06,8.296,1.315,4.363,3.225
88.07,8.372,1.296,4.276,3.152
88.08,8.445,1.275,4.191,3.079
88.09,8.515,1.251,4.108,3.007
88.1,8.582,1.227,4.027,2.934
88.11,8.648,1.202,3.945,2.861
88.12,8.712,1.178,3.864,2.787
88.13,8.775,1.155,3.779,2.714
88.14,8.838,1.134,3.689,2.641
88.15,8.901,1.116,3.594,2.569
88.16,8.964,1.102,3.49,2.496
88.17,9.028,1.093,3.378,2.423
88.18,9.093,1.088,3.257,2.349
88.19,9.157,1.086,3.128,2.275
88.2,9.22,1.087,2.992,2.202
88.21,9.282,1.09,2.849,2.128
88.22,9.343,1.094,2.698,2.054
88.23,9.402,1.101,2.541,1.981
88.24,9.458,1.108,2.379,1.908
88.25,9.511,1.115,2.216,1.835
88.26,9.561,1.122,2.052,1.762
88.27,9.607,1.129,1.889,1.69
88.28,9.649,1.134,1.727,1.619
88.29,9.687,1.14,1.565,1.548
88.3,9.723,1.144,1.402,1.477
88.31,9.755,1.149,1.239,1.406
88.32,9.784,1.152,1.075,1.335
88.33,9.809,1.155,0.909,1.265
88.34,9.832,1.158,0.744,1.194
88.35,9.851,1.159,0.579,1.124
88.36,9.867,1.16,0.413,1.053
88.37,9.88,1.159,0.244,0.983
88.38,9.89,1.158,0.073,0.913
88.39,9.896,1.155,-0.101,0.843
88.4,9.899,1.152,-0.28,0.774
88.41,9.897,1.149,-0.463,0.704
88.42,9.892,1.145,-0.649,0.635
88.43,9.882,1.141,-0.839,0.566
88.44,9.868,1.137,-1.033,0.497
88.45,9.849,1.132,-1.231,0.428
88.46,9.825,1.128,-1.435,0.359
88.47,9.795,1.125,-1.644,0.291
88.48,9.759,1.123,-1.857,0.224
88.49,9.717,1.122,-2.071,0.156
88.5,9.669,1.122,-2.285,0.088
88.51,9.617,1.121,-2.499,0.021
88.52,9.559,1.121,-2.712,-0.046
88.53,9.495,1.121,-2.925,-0.114
88.54,9.427,1.121,-3.136,-0.181
88.55,9.352,1.122,-3.347,-0.248
88.56,9.273,1.122,-3.556,-0.315
88.57,9.188,1.122,-3.762,-0.381
88.58,9.098,1.122,-3.969,-0.448
88.59,9.002,1.119,-4.176,-0.513
88.6,8.899,1.115,-4.383,-0.579
88.61,8.788,1.105,-4.595,-0.645
88.62,8.67,1.093,-4.808,-0.71
88.63,8.543,1.076,-5.024,-0.774
88.64,8.407,1.056,-5.243,-0.837
88.65,8.26,1.031,-5.467,-0.9
88.66,8.102,1.001,-5.694,-0.962
88.67,7.931,0.964,-5.926,-1.021
88.68,7.745,0.922,-6.163,-1.079
88.69,7.544,0.873,-6.404,-1.135
88.7,7.328,0.819,-6.648,-1.187
88.71,7.097,0.76,-6.893,-1.236
88.72,6.85,0.696,-7.137,-1.28
88.73,6.59,0.628,-7.377,-1.32
88.74,6.317,0.556,-7.611,-1.355
88.75,6.033,0.482,-7.838,-1.384
88.76,5.741,0.406,-8.054,-1.408
88.77,5.444,0.332,-8.259,-1.426
88.78,5.141,0.258,-8.451,-1.44
88.79,4.836,0.186,-8.63,-1.447
88.8,4.531,0.117,-8.794,-1.45
88.81,4.23,0.05,-8.944,-1.449
88.82,3.933,-0.014,-9.079,-1.443
88.83,3.642,-0.075,-9.201,-1.434
88.84,3.356,-0.132,-9.31,-1.423
88.85,3.074,-0.183,-9.408,-1.411
88.86,2.795,-0.23,-9.496,-1.397
88.87,2.517,-0.272,-9.574,-1.383
88.88,2.24,-0.31,-9.644,-1.369
88.89,1.966,-0.343,-9.704,-1.356
88.9,1.692,-0.373,-9.756,-1.343
88.91,1.418,-0.4,-9.8,-1.33
88.92,1.147,-0.423,-9.837,-1.317
88.93,0.877,-0.444,-9.865,-1.304
88.94,0.609,-0.462,-9.886,-1.292
88.95,0.346,-0.476,-9.9,-1.281
88.96,0.087,-0.488,-9.906,-1.27
88.97,-0.172,-0.498,-9.906,-1.259
88.98,-0.429,-0.507,-9.899,-1.248
88.99,-0.684,-0.515,-9.885,-1.238
89,-0.938,-0.521,-9.865,-1.23
89.01,-1.187,-0.526,-9.839,-1.223
89.02,-1.432,-0.528,-9.807,-1.218
89.03,-1.671,-0.527,-9.769,-1.214
89.04,-1.904,-0.524,-9.727,-1.212
89.05,-2.13,-0.519,-9.681,-1.21
89.06,-2.349,-0.512,-9.63,-1.211
89.07,-2.557,-0.502,-9.577,-1.214
89.08,-2.755,-0.489,-9.522,-1.221
89.09,-2.939,-0.472,-9.466,-1.23
89.1,-3.112,-0.452,-9.41,-1.242
89.11,-3.274,-0.431,-9.354,-1.258
89.12,-3.424,-0.407,-9.299,-1.276
89.13,-3.562,-0.38,-9.245,-1.298
89.14,-3.687,-0.351,-9.193,-1.323
89.15,-3.8,-0.32,-9.144,-1.35
89.16,-3.9,-0.287,-9.099,-1.38
89.17,-3.991,-0.253,-9.055,-1.413
89.18,-4.071,-0.217,-9.015,-1.447
89.19,-4.141,-0.179,-8.978,-1.484
89.2,-4.201,-0.14,-8.944,-1.522
89.21,-4.251,-0.099,-8.914,-1.562
89.22,-4.292,-0.056,-8.888,-1.604
89.23,-4.325,-0.012,-8.864,-1.647
89.24,-4.352,0.033,-8.842,-1.69
89.25,-4.373,0.08,-8.823,-1.734
89.26,-4.388,0.128,-8.806,-1.779
89.27,-4.398,0.178,-8.791,-1.823
89.28,-4.403,0.229,-8.778,-1.869
89.29,-4.402,0.282,-8.767,-1.914
89.3,-4.394,0.338,-8.759,-1.959
89.31,-4.383,0.396,-8.752,-2.003
89.32,-4.368,0.456,-8.746,-2.048
89.33,-4.35,0.518,-8.742,-2.092
89.34,-4.329,0.582,-8.738,-2.135
89.35,-4.305,0.648,-8.734,-2.178
89.36,-4.279,0.716,-8.731,-2.219
89.37,-4.25,0.787,-8.729,-2.26
89.38,-4.218,0.859,-8.727,-2.301
89.39,-4.182,0.934,-8.726,-2.341
89.4,-4.144,1.01,-8.725,-2.38
89.41,-4.103,1.088,-8.724,-2.419
89.42,-4.06,1.166,-8.723,-2.458
89.43,-4.014,1.246,-8.722,-2.497
89.44,-3.967,1.327,-8.721,-2.535
89.45,-3.918,1.408,-8.72,-2.573
89.46,-3.869,1.489,-8.717,-2.61
89.47,-3.819,1.57,-8.713,-2.647
89.48,-3.77,1.652,-8.709,-2.683
89.49,-3.722,1.734,-8.703,-2.718
89.5,-3.675,1.815,-8.695,-2.752
89.51,-3.632,1.896,-8.686,-2.785
89.52,-3.592,1.975,-8.674,-2.818
89.53,-3.559,2.052,-8.659,-2.849
89.54,-3.533,2.126,-8.642,-2.881
89.55,-3.515,2.195,-8.621,-2.912
89.56,-3.504,2.259,-8.598,-2.945
89.57,-3.502,2.321,-8.571,-2.978
89.58,-3.507,2.377,-8.542,-3.011
89.59,-3.522,2.429,-8.508,-3.046
89.6,-3.546,2.477,-8.472,-3.082
89.61,-3.58,2.52,-8.432,-3.118
89.62,-3.624,2.558,-8.388,-3.155
89.63,-3.678,2.592,-8.34,-3.192
89.64,-3.752,2.616,-8.283,-3.232
89.65,-3.838,2.633,-8.222,-3.273
89.66,-3.934,2.645,-8.156,-3.315
89.67,-4.041,2.65,-8.084,-3.358
89.68,-4.158,2.648,-8.006,-3.403
89.69,-4.285,2.639,-7.921,-3.451
89.7,-4.423,2.622,-7.829,-3.5
89.71,-4.569,2.597,-7.73,-3.552
89.72,-4.724,2.563,-7.622,-3.605
89.73,-4.887,2.522,-7.506,-3.66
89.74,-5.057,2.472,-7.381,-3.716
89.75,-5.235,2.413,-7.246,-3.774
89.76,-5.42,2.344,-7.1,-3.833
89.77,-5.611,2.265,-6.944,-3.893
89.78,-5.806,2.176,-6.776,-3.952
89.79,-6.004,2.079,-6.598,-4.009
89.8,-6.202,1.974,-6.412,-4.063
89.81,-6.399,1.862,-6.216,-4.113
89.82,-6.594,1.745,-6.014,-4.158
89.83,-6.784,1.621,-5.806,-4.198
89.84,-6.969,1.495,-5.593,-4.231
89.85,-7.146,1.366,-5.378,-4.257
89.86,-7.315,1.238,-5.163,-4.275
89.87,-7.476,1.11,-4.948,-4.286
89.88,-7.629,0.983,-4.735,-4.29
89.89,-7.774,0.858,-4.522,-4.286
89.9,-7.911,0.735,-4.312,-4.275
89.91,-8.04,0.615,-4.105,-4.257
89.92,-8.162,0.497,-3.899,-4.233
89.93,-8.277,0.383,-3.697,-4.203
89.94,-8.384,0.272,-3.502,-4.167
89.95,-8.483,0.168,-3.314,-4.124
89.96,-8.575,0.068,-3.136,-4.077
89.97,-8.66,-0.026,-2.967,-4.023
89.98,-8.738,-0.115,-2.81,-3.965
89.99,-8.809,-0.197,-2.672,-3.899
90,-8.876,-0.275,-2.543,-3.828
90.01,-8.939,-0.351,-2.423,-3.754
90.02,-8.997,-0.423,-2.31,-3.677
90.03,-9.053,-0.493,-2.203,-3.596
90.04,-9.106,-0.562,-2.1,-3.513
90.05,-9.157,-0.629,-2,-3.427
90.06,-9.205,-0.696,-1.902,-3.339
90.07,-9.251,-0.761,-1.806,-3.25
90.08,-9.295,-0.827,-1.71,-3.158
90.09,-9.338,-0.89,-1.617,-3.064
90.1,-9.378,-0.953,-1.526,-2.967
90.11,-9.416,-1.013,-1.439,-2.868
90.12,-9.452,-1.071,-1.357,-2.766
90.13,-9.487,-1.126,-1.279,-2.662
90.14,-9.519,-1.18,-1.207,-2.555
90.15,-9.549,-1.23,-1.143,-2.447
90.16,-9.577,-1.276,-1.089,-2.336
90.17,-9.603,-1.318,-1.045,-2.224
90.18,-9.627,-1.355,-1.011,-2.111
90.19,-9.648,-1.389,-0.989,-1.997
90.2,-9.668,-1.419,-0.977,-1.882
90.21,-9.686,-1.446,-0.977,-1.768
90.22,-9.701,-1.471,-0.987,-1.653
90.23,-9.715,-1.493,-1.007,-1.538
90.24,-9.726,-1.514,-1.038,-1.424
90.25,-9.734,-1.532,-1.079,-1.309
90.26,-9.741,-1.55,-1.128,-1.195
90.27,-9.745,-1.566,-1.185,-1.082
90.28,-9.746,-1.583,-1.249,-0.969
90.29,-9.745,-1.599,-1.318,-0.858
90.3,-9.741,-1.616,-1.391,-0.748
90.31,-9.734,-1.633,-1.467,-0.641
90.32,-9.726,-1.651,-1.543,-0.538
90.33,-9.714,-1.671,-1.624,-0.443
90.34,-9.7,-1.692,-1.705,-0.353
90.35,-9.684,-1.714,-1.786,-0.268
90.36,-9.667,-1.737,-1.866,-0.186
90.37,-9.648,-1.761,-1.945,-0.109
90.38,-9.629,-1.784,-2.022,-0.035
90.39,-9.608,-1.808,-2.098,0.034
90.4,-9.587,-1.831,-2.172,0.1
90.41,-9.565,-1.853,-2.244,0.161
90.42,-9.542,-1.874,-2.316,0.219
90.43,-9.519,-1.893,-2.389,0.271
90.44,-9.496,-1.911,-2.464,0.318
90.45,-9.471,-1.926,-2.539,0.362
90.46,-9.445,-1.94,-2.618,0.401
90.47,-9.418,-1.952,-2.699,0.437
90.48,-9.39,-1.962,-2.783,0.468
90.49,-9.36,-1.969,-2.873,0.496
90.5,-9.328,-1.974,-2.969,0.52
90.51,-9.293,-1.977,-3.07,0.539
90.52,-9.256,-1.976,-3.178,0.555
90.53,-9.216,-1.972,-3.293,0.567
90.54,-9.172,-1.966,-3.414,0.574
90.55,-9.125,-1.957,-3.543,0.577
90.56,-9.073,-1.944,-3.681,0.576
90.57,-9.015,-1.929,-3.829,0.57
90.58,-8.952,-1.911,-3.985,0.56
90.59,-8.883,-1.891,-4.148,0.546
90.6,-8.807,-1.867,-4.32,0.529
90.61,-8.724,-1.841,-4.498,0.507
90.62,-8.634,-1.811,-4.682,0.483
90.63,-8.537,-1.779,-4.871,0.456
90.64,-8.433,-1.743,-5.065,0.427
90.65,-8.32,-1.704,-5.264,0.395
90.66,-8.197,-1.661,-5.468,0.363
90.67,-8.065,-1.615,-5.676,0.328
90.68,-7.912,-1.564,-5.904,0.291
90.69,-7.743,-1.508,-6.139,0.253
90.7,-7.559,-1.45,-6.379,0.215
90.71,-7.361,-1.389,-6.621,0.178
90.72,-7.149,-1.325,-6.863,0.144
90.73,-6.924,-1.257,-7.103,0.116
90.74,-6.686,-1.187,-7.339,0.094
90.75,-6.438,-1.114,-7.569,0.078
90.76,-6.178,-1.039,-7.793,0.069
90.77,-5.909,-0.961,-8.008,0.068
90.78,-5.634,-0.883,-8.213,0.075
90.79,-5.354,-0.806,-8.406,0.09
90.8,-5.071,-0.729,-8.586,0.113
90.81,-4.785,-0.654,-8.755,0.144
90.82,-4.495,-0.581,-8.911,0.182
90.83,-4.203,-0.509,-9.056,0.227
90.84,-3.907,-0.441,-9.19,0.278
90.85,-3.607,-0.376,-9.312,0.335
90.86,-3.306,-0.316,-9.423,0.397
90.87,-3.004,-0.26,-9.523,0.464
90.88,-2.701,-0.208,-9.611,0.535
90.89,-2.398,-0.162,-9.687,0.612
90.9,-2.094,-0.121,-9.752,0.692
90.91,-1.791,-0.086,-9.807,0.775
90.92,-1.489,-0.057,-9.85,0.861
90.93,-1.188,-0.034,-9.883,0.95
90.94,-0.891,-0.016,-9.905,1.041
90.95,-0.597,-0.005,-9.917,1.135
90.96,-0.309,0,-9.919,1.23
90.97,-0.026,0,-9.911,1.327
90.98,0.25,-0.006,-9.894,1.425
90.99,0.52,-0.018,-9.869,1.525
91,0.785,-0.034,-9.835,1.626
91.01,1.041,-0.056,-9.794,1.727
91.02,1.283,-0.085,-9.746,1.832
91.03,1.518,-0.12,-9.691,1.937
91.04,1.747,-0.157,-9.63,2.042
91.05,1.97,-0.198,-9.563,2.147
91.06,2.187,-0.243,-9.491,2.252
91.07,2.398,-0.289,-9.413,2.356
91.08,2.605,-0.338,-9.329,2.459
91.09,2.809,-0.388,-9.24,2.561
91.1,3.011,-0.44,-9.145,2.662
91.11,3.212,-0.495,-9.044,2.761
91.12,3.413,-0.553,-8.937,2.856
91.13,3.616,-0.614,-8.823,2.949
91.14,3.82,-0.679,-8.701,3.037
91.15,4.027,-0.747,-8.572,3.12
91.16,4.236,-0.819,-8.435,3.198
91.17,4.451,-0.895,-8.288,3.269
91.18,4.669,-0.977,-8.131,3.334
91.19,4.889,-1.062,-7.965,3.393
91.2,5.11,-1.151,-7.79,3.445
91.21,5.331,-1.244,-7.605,3.489
91.22,5.55,-1.34,-7.413,3.526
91.23,5.765,-1.438,-7.214,3.556
91.24,5.973,-1.539,-7.01,3.578
91.25,6.174,-1.639,-6.802,3.592
91.26,6.368,-1.74,-6.592,3.599
91.27,6.555,-1.84,-6.378,3.6
91.28,6.733,-1.939,-6.161,3.595
91.29,6.903,-2.035,-5.944,3.585
91.3,7.064,-2.128,-5.727,3.571
91.31,7.216,-2.217,-5.511,3.554
91.32,7.357,-2.301,-5.298,3.535
91.33,7.489,-2.382,-5.087,3.512
91.34,7.614,-2.46,-4.879,3.487
91.35,7.729,-2.531,-4.674,3.462
91.36,7.832,-2.59,-4.482,3.44
91.37,7.927,-2.643,-4.297,3.419
91.38,8.016,-2.69,-4.117,3.399
91.39,8.096,-2.73,-3.945,3.38
91.4,8.17,-2.761,-3.78,3.364
91.41,8.238,-2.784,-3.624,3.351
91.42,8.3,-2.798,-3.477,3.342
91.43,8.357,-2.804,-3.339,3.336
91.44,8.411,-2.802,-3.207,3.333
91.45,8.46,-2.794,-3.083,3.331
91.46,8.506,-2.779,-2.966,3.333
91.47,8.549,-2.758,-2.857,3.337
91.48,8.589,-2.731,-2.754,3.343
91.49,8.627,-2.698,-2.655,3.35
91.5,8.664,-2.661,-2.561,3.358
91.51,8.699,-2.619,-2.472,3.368
91.52,8.732,-2.573,-2.386,3.379
91.53,8.764,-2.523,-2.303,3.391
91.54,8.795,-2.469,-2.224,3.404
91.55,8.824,-2.412,-2.149,3.418
91.56,8.852,-2.352,-2.077,3.433
91.57,8.877,-2.29,-2.009,3.449
91.58,8.902,-2.224,-1.946,3.466
91.59,8.924,-2.155,-1.886,3.485
91.6,8.944,-2.084,-1.831,3.506
91.61,8.963,-2.009,-1.781,3.528
91.62,8.979,-1.932,-1.737,3.552
91.63,8.993,-1.851,-1.698,3.578
91.64,9.005,-1.768,-1.665,3.605
91.65,9.015,-1.68,-1.639,3.634
91.66,9.022,-1.588,-1.621,3.665
91.67,9.027,-1.491,-1.61,3.698
91.68,9.03,-1.39,-1.606,3.732
91.69,9.031,-1.286,-1.607,3.767
91.7,9.03,-1.178,-1.614,3.802
91.71,9.026,-1.062,-1.631,3.838
91.72,9.02,-0.943,-1.651,3.873
91.73,9.013,-0.821,-1.673,3.908
91.74,9.005,-0.698,-1.696,3.941
91.75,8.996,-0.574,-1.72,3.972
91.76,8.985,-0.449,-1.743,4.002
91.77,8.974,-0.324,-1.765,4.03
91.78,8.962,-0.199,-1.785,4.056
91.79,8.949,-0.073,-1.803,4.08
91.8,8.935,0.05,-1.819,4.103
91.81,8.921,0.175,-1.833,4.123
91.82,8.907,0.3,-1.845,4.142
91.83,8.892,0.423,-1.854,4.16
91.84,8.877,0.545,-1.858,4.175
91.85,8.864,0.666,-1.855,4.188
91.86,8.851,0.782,-1.845,4.199
91.87,8.84,0.894,-1.825,4.209
91.88,8.83,1.002,-1.797,4.217
91.89,8.822,1.106,-1.758,4.224
91.9,8.816,1.204,-1.71,4.23
91.91,8.811,1.298,-1.65,4.235
91.92,8.809,1.386,-1.579,4.239
91.93,8.808,1.468,-1.497,4.243
91.94,8.808,1.543,-1.405,4.248
91.95,8.808,1.614,-1.304,4.253
91.96,8.809,1.679,-1.195,4.259
91.97,8.81,1.738,-1.076,4.264
91.98,8.811,1.792,-0.947,4.271
91.99,8.812,1.84,-0.809,4.278
92,8.812,1.88,-0.66,4.286
92.01,8.811,1.912,-0.498,4.296
92.02,8.808,1.935,-0.321,4.308
92.03,8.804,1.949,-0.132,4.32
92.04,8.796,1.953,0.069,4.335
92.05,8.784,1.942,0.295,4.354
92.06,8.768,1.923,0.532,4.374
92.07,8.745,1.895,0.779,4.394
92.08,8.716,1.862,1.035,4.414
92.09,8.679,1.821,1.297,4.434
92.1,8.635,1.775,1.566,4.452
92.11,8.582,1.724,1.84,4.469
92.12,8.521,1.667,2.119,4.484
92.13,8.451,1.606,2.4,4.496
92.14,8.373,1.541,2.684,4.506
92.15,8.285,1.474,2.969,4.512
92.16,8.189,1.403,3.253,4.514
92.17,8.084,1.33,3.537,4.511
92.18,7.971,1.255,3.819,4.503
92.19,7.851,1.18,4.096,4.492
92.2,7.723,1.105,4.369,4.475
92.21,7.589,1.03,4.636,4.455
92.22,7.448,0.956,4.896,4.43
92.23,7.303,0.884,5.148,4.4
92.24,7.154,0.815,5.392,4.366
92.25,7.001,0.749,5.628,4.328
92.26,6.845,0.684,5.855,4.287
92.27,6.685,0.621,6.075,4.243
92.28,6.521,0.558,6.287,4.197
92.29,6.354,0.497,6.492,4.149
92.3,6.184,0.438,6.689,4.099
92.31,6.013,0.382,6.878,4.046
92.32,5.842,0.328,7.059,3.991
92.33,5.67,0.278,7.231,3.933
92.34,5.498,0.231,7.396,3.873
92.35,5.327,0.186,7.553,3.811
92.36,5.156,0.144,7.702,3.749
92.37,4.985,0.105,7.845,3.684
92.38,4.817,0.07,7.98,3.618
92.39,4.65,0.037,8.109,3.55
92.4,4.491,0.01,8.229,3.479
92.41,4.332,-0.014,8.343,3.407
92.42,4.173,-0.036,8.453,3.335
92.43,4.015,-0.056,8.557,3.261
92.44,3.859,-0.074,8.656,3.187
92.45,3.703,-0.089,8.751,3.111
92.46,3.55,-0.101,8.841,3.034
92.47,3.398,-0.111,8.927,2.956
92.48,3.245,-0.119,9.009,2.878
92.49,3.09,-0.125,9.088,2.799
92.5,2.936,-0.129,9.162,2.721
92.51,2.781,-0.131,9.233,2.643
92.52,2.627,-0.131,9.3,2.565
92.53,2.473,-0.128,9.363,2.489
92.54,2.319,-0.124,9.422,2.413
92.55,2.164,-0.119,9.477,2.338
92.56,2.009,-0.112,9.529,2.265
92.57,1.853,-0.103,9.578,2.192
92.58,1.698,-0.092,9.623,2.121
92.59,1.542,-0.08,9.664,2.052
92.6,1.385,-0.066,9.702,1.983
92.61,1.227,-0.05,9.737,1.917
92.62,1.069,-0.033,9.768,1.852
92.63,0.909,-0.014,9.796,1.789
92.64,0.747,0.005,9.821,1.728
92.65,0.584,0.027,9.842,1.669
92.66,0.419,0.049,9.86,1.612
92.67,0.253,0.074,9.874,1.558
92.68,0.084,0.099,9.885,1.506
92.69,-0.088,0.124,9.892,1.456
92.7,-0.263,0.151,9.895,1.409
92.71,-0.44,0.178,9.894,1.365
92.72,-0.621,0.205,9.89,1.323
92.73,-0.805,0.232,9.881,1.283
92.74,-0.996,0.259,9.867,1.25
92.75,-1.189,0.285,9.849,1.22
92.76,-1.386,0.31,9.826,1.192
92.77,-1.586,0.334,9.798,1.167
92.78,-1.787,0.358,9.765,1.144
92.79,-1.989,0.381,9.727,1.124
92.8,-2.192,0.403,9.685,1.106
92.81,-2.394,0.424,9.638,1.091
92.82,-2.595,0.444,9.586,1.078
92.83,-2.795,0.462,9.53,1.066
92.84,-2.991,0.479,9.471,1.057
92.85,-3.184,0.495,9.408,1.05
92.86,-3.373,0.51,9.341,1.044
92.87,-3.558,0.523,9.272,1.039
92.88,-3.738,0.533,9.201,1.036
92.89,-3.913,0.542,9.128,1.033
92.9,-4.082,0.549,9.053,1.031
92.91,-4.246,0.555,8.977,1.03
92.92,-4.404,0.558,8.901,1.03
92.93,-4.556,0.56,8.824,1.03
92.94,-4.704,0.56,8.746,1.03
92.95,-4.847,0.559,8.667,1.031
92.96,-4.986,0.556,8.588,1.032
92.97,-5.12,0.551,8.509,1.033
92.98,-5.251,0.545,8.429,1.035
92.99,-5.377,0.536,8.349,1.038
93,-5.498,0.525,8.27,1.041
93.01,-5.614,0.512,8.192,1.045
93.02,-5.726,0.497,8.115,1.049
93.03,-5.832,0.48,8.039,1.053
93.04,-5.934,0.461,7.965,1.058
93.05,-6.031,0.439,7.892,1.063
93.06,-6.123,0.415,7.822,1.069
93.07,-6.209,0.388,7.755,1.075
93.08,-6.288,0.359,7.691,1.081
93.09,-6.356,0.326,7.635,1.086
93.1,-6.417,0.292,7.585,1.091
93.11,-6.473,0.256,7.538,1.096
93.12,-6.524,0.217,7.494,1.1
93.13,-6.572,0.177,7.453,1.103
93.14,-6.616,0.135,7.414,1.106
93.15,-6.658,0.09,7.377,1.108
93.16,-6.698,0.042,7.341,1.109
93.17,-6.736,-0.006,7.306,1.11
93.18,-6.773,-0.059,7.272,1.109
93.19,-6.808,-0.113,7.238,1.108
93.2,-6.841,-0.17,7.207,1.105
93.21,-6.871,-0.23,7.177,1.101
93.22,-6.899,-0.291,7.148,1.097
93.23,-6.926,-0.354,7.12,1.091
93.24,-6.952,-0.419,7.092,1.084
93.25,-6.976,-0.485,7.065,1.078
93.26,-7,-0.553,7.038,1.071
93.27,-7.023,-0.622,7.01,1.063
93.28,-7.046,-0.691,6.982,1.056
93.29,-7.069,-0.761,6.953,1.048
93.3,-7.092,-0.831,6.922,1.04
93.31,-7.116,-0.9,6.89,1.032
93.32,-7.14,-0.97,6.856,1.024
93.33,-7.165,-1.039,6.822,1.015
93.34,-7.188,-1.108,6.788,1.007
93.35,-7.212,-1.175,6.752,0.998
93.36,-7.235,-1.24,6.717,0.99
93.37,-7.259,-1.302,6.681,0.981
93.38,-7.282,-1.362,6.645,0.973
93.39,-7.303,-1.419,6.611,0.965
93.4,-7.323,-1.473,6.578,0.957
93.41,-7.34,-1.525,6.548,0.949
93.42,-7.354,-1.574,6.522,0.942
93.43,-7.361,-1.618,6.505,0.935
93.44,-7.363,-1.658,6.493,0.929
93.45,-7.36,-1.693,6.488,0.924
93.46,-7.352,-1.725,6.489,0.92
93.47,-7.338,-1.754,6.498,0.916
93.48,-7.318,-1.778,6.514,0.914
93.49,-7.291,-1.799,6.539,0.912
93.5,-7.256,-1.815,6.573,0.912
93.51,-7.213,-1.826,6.617,0.913
93.52,-7.161,-1.832,6.671,0.915
93.53,-7.1,-1.833,6.736,0.918
93.54,-7.027,-1.829,6.812,0.923
93.55,-6.945,-1.819,6.898,0.929
93.56,-6.851,-1.804,6.994,0.936
93.57,-6.744,-1.782,7.102,0.944
93.58,-6.622,-1.753,7.221,0.953
93.59,-6.487,-1.719,7.35,0.961
93.6,-6.337,-1.678,7.488,0.97
93.61,-6.172,-1.632,7.634,0.977
93.62,-5.991,-1.58,7.787,0.983
93.63,-5.792,-1.523,7.947,0.986
93.64,-5.576,-1.461,8.11,0.987
93.65,-5.345,-1.394,8.277,0.984
93.66,-5.096,-1.324,8.444,0.976
93.67,-4.834,-1.251,8.61,0.963
93.68,-4.556,-1.176,8.772,0.944
93.69,-4.262,-1.099,8.931,0.918
93.7,-3.953,-1.022,9.085,0.885
93.71,-3.631,-0.944,9.23,0.843
93.72,-3.297,-0.868,9.367,0.793
93.73,-2.949,-0.793,9.493,0.734
93.74,-2.594,-0.721,9.607,0.667
93.75,-2.235,-0.654,9.706,0.593
93.76,-1.872,-0.592,9.791,0.51
93.77,-1.511,-0.545,9.861,0.413
93.78,-1.15,-0.504,9.915,0.311
93.79,-0.791,-0.47,9.955,0.205
93.8,-0.436,-0.444,9.98,0.093
93.81,-0.088,-0.426,9.99,-0.021
93.82,0.25,-0.417,9.987,-0.14
93.83,0.581,-0.416,9.97,-0.263
93.84,0.907,-0.423,9.942,-0.388
93.85,1.225,-0.437,9.901,-0.514
93.86,1.538,-0.459,9.849,-0.642
93.87,1.844,-0.487,9.786,-0.77
93.88,2.144,-0.523,9.711,-0.898
93.89,2.437,-0.565,9.627,-1.026
93.9,2.722,-0.614,9.533,-1.154
93.91,2.996,-0.67,9.43,-1.281
93.92,3.258,-0.732,9.32,-1.407
93.93,3.505,-0.799,9.204,-1.531
93.94,3.736,-0.871,9.085,-1.652
93.95,3.949,-0.947,8.964,-1.771
93.96,4.142,-1.026,8.844,-1.886
93.97,4.314,-1.108,8.726,-1.998
93.98,4.462,-1.192,8.615,-2.107
93.99,4.584,-1.275,8.512,-2.213
94,4.677,-1.356,8.421,-2.315
94.01,4.743,-1.432,8.343,-2.414
94.02,4.78,-1.504,8.28,-2.512
94.03,4.794,-1.569,8.231,-2.608
94.04,4.784,-1.629,8.194,-2.702
94.05,4.752,-1.683,8.17,-2.796
94.06,4.701,-1.73,8.158,-2.889
94.07,4.631,-1.77,8.156,-2.981
94.08,4.541,-1.801,8.166,-3.071
94.09,4.43,-1.823,8.188,-3.162
94.1,4.3,-1.835,8.219,-3.251
94.11,4.152,-1.838,8.259,-3.339
94.12,3.97,-1.821,8.317,-3.426
94.13,3.769,-1.793,8.38,-3.512
94.14,3.548,-1.755,8.449,-3.596
94.15,3.307,-1.704,8.521,-3.678
94.16,3.044,-1.642,8.596,-3.758
94.17,2.76,-1.568,8.671,-3.836
94.18,2.46,-1.483,8.743,-3.91
94.19,2.142,-1.389,8.811,-3.98
94.2,1.808,-1.285,8.871,-4.045
94.21,1.457,-1.172,8.924,-4.105
94.22,1.092,-1.052,8.966,-4.158
94.23,0.713,-0.923,8.997,-4.205
94.24,0.323,-0.788,9.014,-4.244
94.25,-0.074,-0.649,9.015,-4.276
94.26,-0.475,-0.507,9.001,-4.3
94.27,-0.878,-0.365,8.97,-4.315
94.28,-1.282,-0.222,8.922,-4.323
94.29,-1.685,-0.082,8.857,-4.324
94.3,-2.087,0.056,8.774,-4.317
94.31,-2.486,0.193,8.675,-4.303
94.32,-2.882,0.325,8.557,-4.284
94.33,-3.273,0.454,8.422,-4.258
94.34,-3.66,0.577,8.27,-4.227
94.35,-4.041,0.696,8.1,-4.191
94.36,-4.417,0.81,7.912,-4.149
94.37,-4.788,0.92,7.705,-4.103
94.38,-5.154,1.027,7.479,-4.053
94.39,-5.513,1.132,7.234,-3.997
94.4,-5.864,1.234,6.969,-3.938
94.41,-6.207,1.334,6.683,-3.874
94.42,-6.538,1.431,6.379,-3.806
94.43,-6.857,1.526,6.057,-3.734
94.44,-7.16,1.619,5.72,-3.657
94.45,-7.446,1.71,5.369,-3.576
94.46,-7.716,1.803,4.999,-3.492
94.47,-7.971,1.898,4.612,-3.402
94.48,-8.208,1.993,4.207,-3.307
94.49,-8.427,2.089,3.785,-3.205
94.5,-8.626,2.184,3.347,-3.098
94.51,-8.803,2.278,2.896,-2.985
94.52,-8.957,2.371,2.432,-2.868
94.53,-9.086,2.461,1.959,-2.745
94.54,-9.19,2.548,1.478,-2.619
94.55,-9.268,2.631,0.991,-2.488
94.56,-9.32,2.71,0.499,-2.353
94.57,-9.345,2.785,0.004,-2.214
94.58,-9.343,2.855,-0.491,-2.072
94.59,-9.315,2.921,-0.989,-1.927
94.6,-9.259,2.982,-1.484,-1.78
94.61,-9.175,3.038,-1.976,-1.631
94.62,-9.066,3.089,-2.462,-1.481
94.63,-8.93,3.136,-2.941,-1.33
94.64,-8.767,3.177,-3.412,-1.178
94.65,-8.58,3.214,-3.872,-1.024
94.66,-8.367,3.245,-4.322,-0.87
94.67,-8.131,3.272,-4.76,-0.715
94.68,-7.872,3.293,-5.183,-0.56
94.69,-7.592,3.308,-5.59,-0.405
94.7,-7.291,3.317,-5.979,-0.25
94.71,-6.973,3.321,-6.35,-0.097
94.72,-6.638,3.319,-6.701,0.056
94.73,-6.289,3.31,-7.031,0.208
94.74,-5.93,3.295,-7.337,0.357
94.75,-5.564,3.274,-7.619,0.504
94.76,-5.192,3.245,-7.879,0.647
94.77,-4.815,3.211,-8.116,0.788
94.78,-4.435,3.17,-8.331,0.926
94.79,-4.055,3.125,-8.524,1.06
94.8,-3.676,3.074,-8.695,1.192
94.81,-3.308,3.018,-8.843,1.32
94.82,-2.942,2.956,-8.972,1.444
94.83,-2.58,2.89,-9.084,1.564
94.84,-2.225,2.82,-9.179,1.681
94.85,-1.877,2.745,-9.258,1.794
94.86,-1.536,2.666,-9.322,1.903
94.87,-1.202,2.584,-9.372,2.008
94.88,-0.873,2.498,-9.409,2.111
94.89,-0.55,2.409,-9.434,2.21
94.9,-0.233,2.318,-9.447,2.306
94.91,0.077,2.224,-9.449,2.398
94.92,0.384,2.128,-9.441,2.487
94.93,0.684,2.029,-9.423,2.572
94.94,0.98,1.929,-9.395,2.654
94.95,1.27,1.827,-9.358,2.732
94.96,1.556,1.722,-9.312,2.808
94.97,1.838,1.616,-9.257,2.881
94.98,2.117,1.507,-9.193,2.951
94.99,2.395,1.397,-9.121,3.019
95,2.671,1.284,-9.038,3.084
95.01,2.947,1.169,-8.946,3.146
95.02,3.221,1.051,-8.845,3.204
95.03,3.496,0.929,-8.734,3.259
95.04,3.771,0.804,-8.612,3.311
95.05,4.045,0.676,-8.478,3.358
95.06,4.319,0.546,-8.335,3.401
95.07,4.591,0.414,-8.179,3.44
95.08,4.861,0.281,-8.013,3.474
95.09,5.128,0.146,-7.835,3.504
95.1,5.392,0.009,-7.645,3.529
95.11,5.652,-0.127,-7.445,3.549
95.12,5.908,-0.265,-7.233,3.562
95.13,6.158,-0.404,-7.011,3.57
95.14,6.401,-0.542,-6.78,3.572
95.15,6.634,-0.679,-6.541,3.566
95.16,6.859,-0.815,-6.295,3.555
95.17,7.073,-0.949,-6.044,3.538
95.18,7.276,-1.081,-5.79,3.515
95.19,7.466,-1.21,-5.534,3.487
95.2,7.643,-1.337,-5.277,3.454
95.21,7.808,-1.459,-5.021,3.416
95.22,7.962,-1.579,-4.765,3.374
95.23,8.105,-1.695,-4.511,3.328
95.24,8.236,-1.809,-4.257,3.279
95.25,8.358,-1.918,-4.004,3.228
95.26,8.47,-2.023,-3.751,3.174
95.27,8.573,-2.123,-3.5,3.119
95.28,8.667,-2.219,-3.251,3.062
95.29,8.752,-2.31,-3.003,3.005
95.3,8.829,-2.397,-2.758,2.947
95.31,8.897,-2.48,-2.517,2.888
95.32,8.958,-2.558,-2.279,2.829
95.33,9.011,-2.632,-2.046,2.77
95.34,9.057,-2.702,-1.819,2.712
95.35,9.096,-2.767,-1.596,2.654
95.36,9.129,-2.828,-1.379,2.597
95.37,9.157,-2.886,-1.167,2.54
95.38,9.179,-2.939,-0.959,2.484
95.39,9.197,-2.989,-0.757,2.429
95.4,9.21,-3.034,-0.56,2.375
95.41,9.219,-3.077,-0.366,2.323
95.42,9.224,-3.116,-0.176,2.271
95.43,9.226,-3.153,0.008,2.22
95.44,9.224,-3.186,0.188,2.17
95.45,9.22,-3.217,0.363,2.121
95.46,9.213,-3.244,0.535,2.071
95.47,9.204,-3.269,0.702,2.021
95.48,9.193,-3.292,0.864,1.971
95.49,9.181,-3.31,1.014,1.924
95.5,9.168,-3.325,1.157,1.88
95.51,9.154,-3.338,1.293,1.838
95.52,9.139,-3.349,1.422,1.799
95.53,9.123,-3.358,1.544,1.763
95.54,9.106,-3.365,1.659,1.729
95.55,9.089,-3.371,1.768,1.698
95.56,9.072,-3.376,1.87,1.67
95.57,9.055,-3.379,1.968,1.646
95.58,9.037,-3.381,2.062,1.623
95.59,9.018,-3.384,2.154,1.602
95.6,8.999,-3.385,2.242,1.584
95.61,8.981,-3.385,2.324,1.569
95.62,8.964,-3.383,2.398,1.559
95.63,8.949,-3.378,2.464,1.554
95.64,8.936,-3.371,2.522,1.553
95.65,8.924,-3.361,2.572,1.556
95.66,8.916,-3.349,2.614,1.564
95.67,8.909,-3.334,2.648,1.575
95.68,8.906,-3.315,2.673,1.591
95.69,8.905,-3.294,2.689,1.612
95.7,8.908,-3.269,2.696,1.637
95.71,8.914,-3.24,2.694,1.667
95.72,8.923,-3.206,2.682,1.701
95.73,8.935,-3.168,2.661,1.741
95.74,8.951,-3.124,2.629,1.785
95.75,8.97,-3.075,2.587,1.834
95.76,8.992,-3.022,2.538,1.885
95.77,9.016,-2.962,2.481,1.94
95.78,9.042,-2.898,2.418,1.997
95.79,9.069,-2.827,2.35,2.055
95.8,9.098,-2.75,2.276,2.115
95.81,9.128,-2.666,2.196,2.175
95.82,9.159,-2.576,2.115,2.236
95.83,9.189,-2.48,2.032,2.294
95.84,9.221,-2.374,1.95,2.348
95.85,9.253,-2.265,1.869,2.398
95.86,9.283,-2.151,1.793,2.444
95.87,9.311,-2.035,1.722,2.485
95.88,9.339,-1.915,1.659,2.52
95.89,9.365,-1.793,1.603,2.55
95.9,9.389,-1.668,1.557,2.573
95.91,9.412,-1.542,1.519,2.591
95.92,9.433,-1.415,1.493,2.602
95.93,9.452,-1.288,1.479,2.606
95.94,9.47,-1.161,1.477,2.604
95.95,9.485,-1.034,1.487,2.595
95.96,9.499,-0.907,1.51,2.579
95.97,9.51,-0.781,1.548,2.557
95.98,9.518,-0.656,1.597,2.531
95.99,9.524,-0.532,1.658,2.5
96,9.526,-0.41,1.73,2.465
96.01,9.525,-0.289,1.814,2.426
96.02,9.52,-0.17,1.913,2.382
96.03,9.51,-0.052,2.024,2.335
96.04,9.495,0.064,2.146,2.285
96.05,9.475,0.181,2.277,2.232
96.06,9.451,0.298,2.416,2.178
96.07,9.42,0.414,2.563,2.124
96.08,9.383,0.531,2.716,2.069
96.09,9.34,0.646,2.875,2.014
96.1,9.291,0.762,3.04,1.96
96.11,9.235,0.877,3.209,1.908
96.12,9.171,0.993,3.382,1.857
96.13,9.1,1.108,3.561,1.808
96.14,9.02,1.221,3.746,1.762
96.15,8.93,1.333,3.939,1.719
96.16,8.829,1.441,4.139,1.68
96.17,8.717,1.547,4.347,1.646
96.18,8.585,1.646,4.575,1.624
96.19,8.438,1.739,4.814,1.606
96.2,8.275,1.826,5.063,1.595
96.21,8.095,1.907,5.318,1.59
96.22,7.9,1.982,5.578,1.592
96.23,7.686,2.05,5.843,1.6
96.24,7.454,2.112,6.111,1.614
96.25,7.206,2.168,6.378,1.634
96.26,6.944,2.217,6.641,1.658
96.27,6.667,2.261,6.898,1.685
96.28,6.378,2.299,7.147,1.715
96.29,6.077,2.331,7.387,1.747
96.3,5.764,2.357,7.618,1.779
96.31,5.442,2.377,7.838,1.811
96.32,5.112,2.392,8.045,1.843
96.33,4.774,2.401,8.241,1.875
96.34,4.428,2.404,8.424,1.907
96.35,4.078,2.402,8.592,1.938
96.36,3.726,2.396,8.746,1.968
96.37,3.375,2.386,8.884,1.994
96.38,3.029,2.373,9.006,2.016
96.39,2.691,2.357,9.113,2.034
96.4,2.362,2.338,9.206,2.046
96.41,2.049,2.318,9.284,2.053
96.42,1.752,2.296,9.35,2.054
96.43,1.473,2.273,9.405,2.049
96.44,1.212,2.251,9.45,2.038
96.45,0.97,2.228,9.487,2.021
96.46,0.747,2.207,9.516,1.999
96.47,0.543,2.186,9.541,1.97
96.48,0.356,2.165,9.562,1.935
96.49,0.186,2.143,9.579,1.895
96.5,0.03,2.121,9.595,1.851
96.51,-0.11,2.098,9.609,1.801
96.52,-0.238,2.073,9.622,1.746
96.53,-0.341,2.047,9.636,1.683
96.54,-0.436,2.02,9.649,1.618
96.55,-0.521,1.99,9.662,1.549
96.56,-0.6,1.957,9.675,1.477
96.57,-0.67,1.923,9.689,1.403
96.58,-0.733,1.887,9.702,1.327
96.59,-0.791,1.85,9.715,1.25
96.6,-0.844,1.811,9.727,1.171
96.61,-0.893,1.77,9.74,1.091
96.62,-0.938,1.728,9.752,1.01
96.63,-0.982,1.685,9.763,0.929
96.64,-1.023,1.639,9.774,0.848
96.65,-1.061,1.592,9.785,0.767
96.66,-1.096,1.544,9.794,0.687
96.67,-1.129,1.493,9.804,0.607
96.68,-1.159,1.441,9.813,0.526
96.69,-1.184,1.388,9.821,0.445
96.7,-1.207,1.333,9.83,0.364
96.71,-1.226,1.276,9.837,0.282
96.72,-1.242,1.218,9.845,0.2
96.73,-1.253,1.158,9.852,0.118
96.74,-1.258,1.098,9.859,0.037
96.75,-1.258,1.036,9.866,-0.044
96.76,-1.253,0.973,9.872,-0.126
96.77,-1.243,0.908,9.878,-0.209
96.78,-1.228,0.842,9.884,-0.292
96.79,-1.209,0.775,9.889,-0.376
96.8,-1.188,0.708,9.893,-0.46
96.81,-1.166,0.64,9.896,-0.542
96.82,-1.142,0.571,9.898,-0.624
96.83,-1.119,0.503,9.899,-0.704
96.84,-1.096,0.435,9.899,-0.783
96.85,-1.073,0.367,9.897,-0.862
96.86,-1.052,0.301,9.895,-0.94
96.87,-1.037,0.237,9.891,-1.016
96.88,-1.023,0.175,9.885,-1.091
96.89,-1.012,0.116,9.879,-1.164
96.9,-1.002,0.06,9.872,-1.236
96.91,-0.994,0.006,9.864,-1.308
96.92,-0.986,-0.043,9.855,-1.379
96.93,-0.976,-0.092,9.845,-1.449
96.94,-0.964,-0.138,9.835,-1.519
96.95,-0.949,-0.183,9.825,-1.588
96.96,-0.932,-0.225,9.815,-1.656
96.97,-0.911,-0.266,9.804,-1.724
96.98,-0.886,-0.305,9.793,-1.791
96.99,-0.858,-0.343,9.782,-1.859
97,-0.825,-0.379,9.77,-1.925
97.01,-0.79,-0.414,9.758,-1.992
97.02,-0.75,-0.447,9.746,-2.059
97.03,-0.708,-0.48,9.733,-2.126
97.04,-0.661,-0.511,9.72,-2.192
97.05,-0.611,-0.543,9.706,-2.259
97.06,-0.558,-0.574,9.692,-2.327
97.07,-0.503,-0.605,9.676,-2.394
97.08,-0.448,-0.636,9.66,-2.463
97.09,-0.392,-0.666,9.643,-2.531
97.1,-0.336,-0.697,9.624,-2.6
97.11,-0.282,-0.727,9.605,-2.67
97.12,-0.23,-0.757,9.584,-2.739
97.13,-0.182,-0.785,9.563,-2.809
97.14,-0.139,-0.812,9.54,-2.879
97.15,-0.101,-0.836,9.517,-2.95
97.16,-0.069,-0.859,9.493,-3.02
97.17,-0.042,-0.879,9.469,-3.091
97.18,-0.022,-0.896,9.444,-3.162
97.19,-0.012,-0.907,9.419,-3.232
97.2,-0.015,-0.912,9.395,-3.3
97.21,-0.03,-0.91,9.371,-3.367
97.22,-0.072,-0.896,9.349,-3.43
97.23,-0.126,-0.875,9.328,-3.492
97.24,-0.195,-0.848,9.307,-3.552
97.25,-0.279,-0.813,9.285,-3.609
97.26,-0.377,-0.77,9.264,-3.665
97.27,-0.489,-0.719,9.242,-3.717
97.28,-0.614,-0.662,9.218,-3.768
97.29,-0.752,-0.598,9.193,-3.815
97.3,-0.903,-0.527,9.165,-3.86
97.31,-1.066,-0.449,9.134,-3.9
97.32,-1.243,-0.362,9.1,-3.936
97.33,-1.431,-0.268,9.062,-3.968
97.34,-1.63,-0.168,9.019,-3.996
97.35,-1.837,-0.066,8.97,-4.019
97.36,-2.053,0.038,8.915,-4.036
97.37,-2.275,0.145,8.854,-4.048
97.38,-2.501,0.252,8.787,-4.056
97.39,-2.728,0.359,8.714,-4.059
97.4,-2.953,0.462,8.636,-4.059
97.41,-3.177,0.561,8.552,-4.055
97.42,-3.396,0.655,8.464,-4.047
97.43,-3.613,0.744,8.371,-4.037
97.44,-3.827,0.826,8.274,-4.025
97.45,-4.036,0.903,8.173,-4.01
97.46,-4.242,0.974,8.068,-3.994
97.47,-4.443,1.037,7.959,-3.976
97.48,-4.64,1.092,7.848,-3.959
97.49,-4.832,1.14,7.734,-3.941
97.5,-5.017,1.179,7.618,-3.923
97.51,-5.194,1.21,7.503,-3.905
97.52,-5.362,1.234,7.389,-3.888
97.53,-5.522,1.25,7.275,-3.873
97.54,-5.674,1.259,7.163,-3.859
97.55,-5.816,1.26,7.055,-3.847
97.56,-5.941,1.244,6.957,-3.84
97.57,-6.057,1.221,6.862,-3.835
97.58,-6.166,1.19,6.772,-3.833
97.59,-6.265,1.152,6.687,-3.833
97.6,-6.356,1.106,6.607,-3.836
97.61,-6.439,1.052,6.532,-3.841
97.62,-6.513,0.991,6.463,-3.849
97.63,-6.579,0.922,6.4,-3.859
97.64,-6.638,0.846,6.342,-3.871
97.65,-6.689,0.763,6.29,-3.885
97.66,-6.733,0.672,6.243,-3.901
97.67,-6.769,0.574,6.203,-3.919
97.68,-6.797,0.469,6.169,-3.938
97.69,-6.82,0.357,6.138,-3.958
97.7,-6.838,0.239,6.111,-3.978
97.71,-6.85,0.115,6.087,-3.999
97.72,-6.856,-0.014,6.068,-4.019
97.73,-6.856,-0.15,6.053,-4.039
97.74,-6.852,-0.288,6.039,-4.059
97.75,-6.846,-0.429,6.026,-4.077
97.76,-6.838,-0.572,6.012,-4.093
97.77,-6.828,-0.716,5.998,-4.108
97.78,-6.815,-0.863,5.984,-4.121
97.79,-6.799,-1.012,5.97,-4.133
97.8,-6.782,-1.162,5.956,-4.142
97.81,-6.766,-1.311,5.938,-4.15
97.82,-6.752,-1.455,5.915,-4.156
97.83,-6.744,-1.595,5.886,-4.162
97.84,-6.741,-1.729,5.848,-4.166
97.85,-6.743,-1.858,5.803,-4.17
97.86,-6.75,-1.98,5.751,-4.175
97.87,-6.762,-2.097,5.692,-4.18
97.88,-6.778,-2.206,5.626,-4.186
97.89,-6.799,-2.308,5.553,-4.193
97.9,-6.834,-2.393,5.464,-4.206
97.91,-6.875,-2.471,5.367,-4.22
97.92,-6.921,-2.54,5.26,-4.237
97.93,-6.973,-2.601,5.145,-4.258
97.94,-7.03,-2.652,5.019,-4.282
97.95,-7.093,-2.693,4.882,-4.311
97.96,-7.162,-2.723,4.734,-4.344
97.97,-7.234,-2.743,4.576,-4.379
97.98,-7.311,-2.754,4.408,-4.418
97.99,-7.391,-2.756,4.227,-4.46
98,-7.474,-2.745,4.035,-4.506
98.01,-7.561,-2.721,3.828,-4.555
98.02,-7.651,-2.684,3.607,-4.608
98.03,-7.74,-2.635,3.374,-4.663
98.04,-7.828,-2.575,3.13,-4.721
98.05,-7.913,-2.504,2.873,-4.78
98.06,-7.995,-2.42,2.603,-4.841
98.07,-8.072,-2.322,2.32,-4.904
98.08,-8.145,-2.206,2.021,-4.969
98.09,-8.213,-2.072,1.703,-5.034
98.1,-8.273,-1.924,1.368,-5.096
98.11,-8.323,-1.76,1.018,-5.155
98.12,-8.363,-1.58,0.653,-5.208
98.13,-8.389,-1.387,0.275,-5.255
98.14,-8.399,-1.184,-0.11,-5.293
98.15,-8.394,-0.972,-0.502,-5.322
98.16,-8.373,-0.754,-0.896,-5.339
98.17,-8.336,-0.533,-1.289,-5.344
98.18,-8.283,-0.31,-1.681,-5.335
98.19,-8.214,-0.087,-2.07,-5.313
98.2,-8.129,0.133,-2.455,-5.278
98.21,-8.029,0.35,-2.832,-5.232
98.22,-7.916,0.562,-3.199,-5.174
98.23,-7.791,0.767,-3.552,-5.107
98.24,-7.657,0.962,-3.89,-5.03
98.25,-7.52,1.142,-4.204,-4.945
98.26,-7.376,1.315,-4.505,-4.854
98.27,-7.225,1.48,-4.794,-4.756
98.28,-7.067,1.638,-5.071,-4.652
98.29,-6.902,1.789,-5.338,-4.544
98.3,-6.731,1.934,-5.596,-4.431
98.31,-6.552,2.07,-5.844,-4.314
98.32,-6.369,2.199,-6.083,-4.193
98.33,-6.18,2.318,-6.312,-4.071
98.34,-5.988,2.43,-6.53,-3.947
98.35,-5.791,2.535,-6.74,-3.821
98.36,-5.589,2.634,-6.94,-3.693
98.37,-5.383,2.726,-7.132,-3.565
98.38,-5.173,2.811,-7.314,-3.437
98.39,-4.96,2.889,-7.488,-3.309
98.4,-4.744,2.96,-7.654,-3.183
98.41,-4.525,3.023,-7.811,-3.057
98.42,-4.306,3.079,-7.959,-2.934
98.43,-4.085,3.129,-8.099,-2.814
98.44,-3.864,3.172,-8.229,-2.697
98.45,-3.642,3.209,-8.351,-2.583
98.46,-3.422,3.241,-8.465,-2.472
98.47,-3.201,3.269,-8.571,-2.365
98.48,-2.978,3.294,-8.669,-2.26
98.49,-2.752,3.315,-8.761,-2.158
98.5,-2.522,3.334,-8.847,-2.057
98.51,-2.285,3.351,-8.927,-1.958
98.52,-2.044,3.366,-9,-1.862
98.53,-1.799,3.379,-9.067,-1.768
98.54,-1.548,3.39,-9.126,-1.675
98.55,-1.293,3.4,-9.178,-1.585
98.56,-1.034,3.409,-9.223,-1.496
98.57,-0.77,3.416,-9.259,-1.408
98.58,-0.502,3.423,-9.288,-1.322
98.59,-0.223,3.431,-9.307,-1.24
98.6,0.062,3.44,-9.317,-1.159
98.61,0.354,3.448,-9.317,-1.079
98.62,0.653,3.456,-9.307,-0.999
98.63,0.96,3.463,-9.286,-0.92
98.64,1.272,3.47,-9.253,-0.842
98.65,1.589,3.476,-9.208,-0.765
98.66,1.909,3.481,-9.152,-0.688
98.67,2.23,3.485,-9.083,-0.613
98.68,2.55,3.488,-9.001,-0.539
98.69,2.868,3.491,-8.908,-0.467
98.7,3.182,3.493,-8.804,-0.396
98.71,3.491,3.495,-8.688,-0.328
98.72,3.794,3.498,-8.561,-0.261
98.73,4.091,3.5,-8.424,-0.196
98.74,4.381,3.503,-8.277,-0.133
98.75,4.661,3.505,-8.122,-0.071
98.76,4.932,3.508,-7.96,-0.012
98.77,5.192,3.51,-7.791,0.045
98.78,5.441,3.513,-7.618,0.101
98.79,5.678,3.516,-7.44,0.156
98.8,5.903,3.52,-7.26,0.209
98.81,6.118,3.522,-7.077,0.261
98.82,6.321,3.524,-6.892,0.312
98.83,6.513,3.525,-6.708,0.361
98.84,6.693,3.526,-6.526,0.409
98.85,6.861,3.525,-6.346,0.456
98.86,7.021,3.524,-6.166,0.502
98.87,7.172,3.522,-5.987,0.547
98.88,7.315,3.519,-5.808,0.593
98.89,7.45,3.515,-5.632,0.638
98.9,7.576,3.511,-5.458,0.683
98.91,7.693,3.505,-5.289,0.727
98.92,7.802,3.499,-5.125,0.771
98.93,7.904,3.492,-4.965,0.815
98.94,7.993,3.485,-4.818,0.859
98.95,8.075,3.477,-4.677,0.903
98.96,8.15,3.468,-4.544,0.946
98.97,8.218,3.458,-4.418,0.988
98.98,8.28,3.448,-4.299,1.03
98.99,8.336,3.438,-4.186,1.072
99,8.388,3.427,-4.079,1.115
99.01,8.434,3.417,-3.979,1.158
99.02,8.476,3.407,-3.886,1.201
99.03,8.512,3.397,-3.8,1.243
99.04,8.544,3.387,-3.723,1.286
99.05,8.572,3.377,-3.653,1.328
99.06,8.596,3.366,-3.59,1.37
99.07,8.616,3.356,-3.535,1.412
99.08,8.632,3.345,-3.488,1.454
99.09,8.645,3.333,-3.449,1.495
99.1,8.655,3.321,-3.417,1.536
99.11,8.663,3.309,-3.391,1.577
99.12,8.669,3.295,-3.369,1.617
99.13,8.675,3.28,-3.351,1.658
99.14,8.68,3.262,-3.333,1.699
99.15,8.686,3.242,-3.317,1.741
99.16,8.691,3.22,-3.301,1.784
99.17,8.698,3.194,-3.283,1.827
99.18,8.707,3.167,-3.263,1.87
99.19,8.717,3.137,-3.24,1.913
99.2,8.729,3.104,-3.213,1.956
99.21,8.743,3.068,-3.182,1.999
99.22,8.761,3.029,-3.145,2.042
99.23,8.782,2.984,-3.098,2.087
99.24,8.807,2.935,-3.042,2.132
99.25,8.835,2.883,-2.978,2.178
99.26,8.866,2.826,-2.906,2.223
99.27,8.899,2.767,-2.828,2.268
99.28,8.936,2.703,-2.738,2.311
99.29,8.973,2.637,-2.644,2.352
99.3,9.01,2.569,-2.547,2.39
99.31,9.047,2.501,-2.448,2.425
99.32,9.084,2.433,-2.347,2.457
99.33,9.12,2.365,-2.245,2.485
99.34,9.155,2.298,-2.142,2.508
99.35,9.19,2.232,-2.039,2.528
99.36,9.224,2.167,-1.935,2.544
99.37,9.257,2.102,-1.829,2.556
99.38,9.29,2.038,-1.72,2.564
99.39,9.322,1.974,-1.608,2.569
99.4,9.354,1.911,-1.495,2.57
99.41,9.385,1.848,-1.378,2.567
99.42,9.416,1.785,-1.258,2.562
99.43,9.446,1.722,-1.135,2.552
99.44,9.474,1.66,-1.008,2.54
99.45,9.502,1.598,-0.878,2.524
99.46,9.529,1.537,-0.746,2.503
99.47,9.554,1.478,-0.613,2.478
99.48,9.578,1.421,-0.478,2.449
99.49,9.601,1.364,-0.339,2.415
99.5,9.622,1.31,-0.199,2.376
99.51,9.641,1.258,-0.058,2.334
99.52,9.658,1.209,0.085,2.287
99.53,9.674,1.162,0.23,2.237
99.54,9.687,1.12,0.376,2.182
99.55,9.698,1.08,0.522,2.123
99.56,9.706,1.045,0.669,2.059
99.57,9.712,1.013,0.817,1.992
99.58,9.715,0.985,0.967,1.922
99.59,9.716,0.961,1.117,1.849
99.6,9.714,0.94,1.268,1.772
99.61,9.708,0.924,1.419,1.693
99.62,9.7,0.91,1.573,1.611
99.63,9.687,0.902,1.734,1.525
99.64,9.67,0.897,1.899,1.438
99.65,9.648,0.895,2.069,1.35
99.66,9.621,0.895,2.241,1.26
99.67,9.59,0.899,2.418,1.169
99.68,9.553,0.904,2.599,1.077
99.69,9.509,0.912,2.785,0.986
99.7,9.459,0.922,2.977,0.893
99.71,9.401,0.935,3.176,0.801
99.72,9.336,0.949,3.38,0.71
99.73,9.262,0.967,3.589,0.619
99.74,9.179,0.986,3.805,0.529
99.75,9.085,1.007,4.03,0.44
99.76,8.979,1.031,4.264,0.353
99.77,8.86,1.056,4.506,0.269
99.78,8.726,1.083,4.757,0.188
99.79,8.579,1.112,5.014,0.111
99.8,8.414,1.144,5.28,0.037
99.81,8.232,1.178,5.553,-0.03
99.82,8.029,1.215,5.833,-0.093
99.83,7.807,1.255,6.119,-0.148
99.84,7.563,1.297,6.409,-0.196
99.85,7.294,1.341,6.703,-0.236
99.86,7,1.386,6.999,-0.269
99.87,6.682,1.432,7.294,-0.294
99.88,6.335,1.479,7.587,-0.31
99.89,5.96,1.527,7.876,-0.317
99.9,5.558,1.574,8.156,-0.315
99.91,5.128,1.62,8.424,-0.303
99.92,4.673,1.665,8.677,-0.282
99.93,4.193,1.708,8.912,-0.251
99.94,3.687,1.746,9.127,-0.213
99.95,3.161,1.78,9.317,-0.167
99.96,2.618,1.808,9.479,-0.114
99.97,2.061,1.827,9.612,-0.052
99.98,1.498,1.84,9.714,0.011
99.99,0.932,1.845,9.783,0.076
100,0.369,1.844,9.82,0.143
100.01,-0.186,1.837,9.825,0.209
100.02,-0.73,1.823,9.801,0.277
100.03,-1.261,1.803,9.748,0.343
100.04,-1.776,1.777,9.67,0.41
100.05,-2.274,1.746,9.568,0.474
100.06,-2.754,1.708,9.444,0.535
100.07,-3.218,1.666,9.301,0.594
100.08,-3.664,1.618,9.139,0.65
100.09,-4.094,1.566,8.96,0.702
100.1,-4.509,1.511,8.764,0.75
100.11,-4.911,1.451,8.551,0.795
100.12,-5.301,1.387,8.322,0.836
100.13,-5.677,1.321,8.078,0.873
100.14,-6.04,1.252,7.818,0.904
100.15,-6.388,1.181,7.544,0.931
100.16,-6.722,1.107,7.257,0.952
100.17,-7.04,1.032,6.958,0.969
100.18,-7.343,0.956,6.648,0.981
100.19,-7.628,0.88,6.328,0.989
100.2,-7.897,0.804,5.999,0.991
100.21,-8.15,0.73,5.661,0.989
100.22,-8.386,0.657,5.317,0.983
100.23,-8.604,0.586,4.967,0.972
100.24,-8.804,0.517,4.614,0.956
100.25,-8.987,0.449,4.259,0.935
100.26,-9.153,0.385,3.902,0.911
100.27,-9.304,0.325,3.541,0.884
100.28,-9.438,0.268,3.179,0.853
100.29,-9.557,0.217,2.818,0.819
100.3,-9.66,0.169,2.455,0.783
100.31,-9.748,0.129,2.097,0.743
100.32,-9.822,0.095,1.738,0.701
100.33,-9.882,0.064,1.378,0.659
100.34,-9.928,0.038,1.02,0.615
100.35,-9.961,0.014,0.664,0.571
100.36,-9.981,-0.004,0.312,0.526
100.37,-9.988,-0.021,-0.036,0.482
100.38,-9.983,-0.035,-0.382,0.437
100.39,-9.965,-0.046,-0.725,0.393
100.4,-9.937,-0.054,-1.062,0.349
100.41,-9.897,-0.06,-1.395,0.306
100.42,-9.846,-0.065,-1.723,0.264
100.43,-9.785,-0.068,-2.047,0.223
100.44,-9.713,-0.069,-2.367,0.184
100.45,-9.631,-0.07,-2.685,0.145
100.46,-9.538,-0.069,-2.999,0.108
100.47,-9.435,-0.067,-3.31,0.073
100.48,-9.322,-0.065,-3.617,0.038
100.49,-9.199,-0.062,-3.918,0.006
100.5,-9.067,-0.059,-4.216,-0.022
100.51,-8.925,-0.055,-4.507,-0.05
100.52,-8.775,-0.051,-4.793,-0.076
100.53,-8.617,-0.046,-5.072,-0.099
100.54,-8.451,-0.041,-5.344,-0.121
100.55,-8.277,-0.035,-5.608,-0.141
100.56,-8.097,-0.029,-5.865,-0.16
100.57,-7.911,-0.023,-6.113,-0.178
100.58,-7.72,-0.017,-6.353,-0.194
100.59,-7.523,-0.01,-6.584,-0.208
100.6,-7.321,-0.004,-6.808,-0.222
100.61,-7.113,0.001,-7.024,-0.235
100.62,-6.898,0.007,-7.235,-0.246
100.63,-6.677,0.014,-7.439,-0.255
100.64,-6.45,0.02,-7.637,-0.263
100.65,-6.217,0.026,-7.827,-0.269
100.66,-5.978,0.032,-8.011,-0.273
100.67,-5.732,0.037,-8.189,-0.275
100.68,-5.478,0.041,-8.36,-0.277
100.69,-5.219,0.045,-8.525,-0.277
100.7,-4.954,0.048,-8.681,-0.276
100.71,-4.686,0.049,-8.829,-0.274
100.72,-4.415,0.05,-8.968,-0.272
100.73,-4.141,0.048,-9.097,-0.269
100.74,-3.866,0.046,-9.218,-0.265
100.75,-3.591,0.042,-9.329,-0.26
100.76,-3.317,0.036,-9.43,-0.254
100.77,-3.047,0.03,-9.521,-0.246
100.78,-2.78,0.022,-9.602,-0.238
100.79,-2.518,0.012,-9.675,-0.228
100.8,-2.261,0.001,-9.738,-0.218
100.81,-2.013,-0.01,-9.793,-0.205
100.82,-1.772,-0.023,-9.839,-0.191
100.83,-1.54,-0.037,-9.879,-0.174
100.84,-1.318,-0.052,-9.911,-0.154
100.85,-1.104,-0.069,-9.937,-0.133
100.86,-0.9,-0.086,-9.958,-0.109
100.87,-0.705,-0.104,-9.974,-0.084
100.88,-0.519,-0.123,-9.985,-0.056
100.89,-0.343,-0.143,-9.993,-0.027
100.9,-0.176,-0.164,-9.997,0.004
100.91,-0.02,-0.185,-9.998,0.039
100.92,0.124,-0.205,-9.996,0.077
100.93,0.259,-0.226,-9.993,0.117
100.94,0.386,-0.247,-9.988,0.159
100.95,0.507,-0.268,-9.981,0.204
100.96,0.622,-0.288,-9.973,0.251
100.97,0.732,-0.308,-9.963,0.3
100.98,0.838,-0.328,-9.953,0.351
100.99,0.941,-0.348,-9.941,0.403
101,1.043,-0.369,-9.928,0.456
101.01,1.146,-0.39,-9.913,0.51
101.02,1.25,-0.412,-9.896,0.563
101.03,1.355,-0.434,-9.878,0.616
101.04,1.461,-0.457,-9.859,0.67
101.05,1.567,-0.48,-9.838,0.723
101.06,1.673,-0.504,-9.815,0.775
101.07,1.781,-0.529,-9.79,0.827
101.08,1.89,-0.554,-9.764,0.878
101.09,2,-0.58,-9.736,0.928
101.1,2.108,-0.605,-9.707,0.978
101.11,2.214,-0.631,-9.676,1.028
101.12,2.318,-0.657,-9.645,1.077
101.13,2.418,-0.682,-9.613,1.126
101.14,2.517,-0.707,-9.58,1.174
101.15,2.611,-0.731,-9.546,1.224
101.16,2.703,-0.755,-9.513,1.273
101.17,2.793,-0.777,-9.478,1.323
101.18,2.882,-0.8,-9.442,1.373
101.19,2.973,-0.822,-9.405,1.422
101.2,3.066,-0.844,-9.365,1.471
101.21,3.162,-0.866,-9.323,1.519
101.22,3.263,-0.888,-9.279,1.566
101.23,3.371,-0.91,-9.23,1.612
101.24,3.486,-0.932,-9.177,1.656
101.25,3.609,-0.955,-9.12,1.698
101.26,3.739,-0.979,-9.057,1.737
101.27,3.877,-1.003,-8.989,1.774
101.28,4.022,-1.029,-8.915,1.807
101.29,4.174,-1.056,-8.836,1.836
101.3,4.334,-1.085,-8.75,1.86
101.31,4.505,-1.117,-8.655,1.879
101.32,4.686,-1.15,-8.551,1.892
101.33,4.876,-1.185,-8.438,1.899
101.34,5.074,-1.223,-8.315,1.9
101.35,5.29,-1.265,-8.175,1.887
101.36,5.516,-1.309,-8.023,1.864
101.37,5.748,-1.352,-7.858,1.834
101.38,5.981,-1.396,-7.684,1.797
101.39,6.213,-1.437,-7.5,1.753
101.4,6.445,-1.477,-7.305,1.703
101.41,6.673,-1.515,-7.102,1.648
101.42,6.896,-1.55,-6.892,1.589
101.43,7.113,-1.581,-6.676,1.525
101.44,7.321,-1.609,-6.455,1.458
101.45,7.52,-1.632,-6.232,1.388
101.46,7.708,-1.65,-6.01,1.317
101.47,7.885,-1.661,-5.788,1.243
101.48,8.052,-1.666,-5.568,1.168
101.49,8.21,-1.665,-5.35,1.092
101.5,8.358,-1.66,-5.132,1.016
101.51,8.498,-1.65,-4.915,0.941
101.52,8.63,-1.636,-4.7,0.866
101.53,8.753,-1.618,-4.487,0.792
101.54,8.867,-1.596,-4.277,0.719
101.55,8.974,-1.57,-4.07,0.647
101.56,9.074,-1.541,-3.865,0.576
101.57,9.168,-1.51,-3.661,0.506
101.58,9.255,-1.477,-3.458,0.437
101.59,9.336,-1.443,-3.256,0.369
101.6,9.412,-1.407,-3.055,0.301
101.61,9.482,-1.37,-2.854,0.233
101.62,9.548,-1.332,-2.651,0.165
101.63,9.608,-1.292,-2.446,0.097
101.64,9.664,-1.252,-2.24,0.028
101.65,9.716,-1.209,-2.032,-0.039
101.66,9.762,-1.165,-1.823,-0.107
101.67,9.803,-1.119,-1.613,-0.174
101.68,9.839,-1.071,-1.404,-0.24
101.69,9.87,-1.021,-1.199,-0.303
101.7,9.896,-0.969,-0.998,-0.362
101.71,9.916,-0.916,-0.802,-0.419
101.72,9.932,-0.864,-0.612,-0.472
101.73,9.944,-0.81,-0.428,-0.523
101.74,9.951,-0.756,-0.251,-0.571
101.75,9.955,-0.702,-0.084,-0.615
101.76,9.957,-0.649,0.071,-0.656
101.77,9.955,-0.595,0.217,-0.694
101.78,9.952,-0.541,0.351,-0.728
101.79,9.948,-0.488,0.469,-0.758
101.8,9.943,-0.436,0.574,-0.785
101.81,9.937,-0.384,0.665,-0.808
101.82,9.932,-0.334,0.744,-0.827
101.83,9.926,-0.285,0.812,-0.845
101.84,9.922,-0.236,0.869,-0.86
101.85,9.917,-0.19,0.917,-0.872
101.86,9.913,-0.145,0.956,-0.883
101.87,9.91,-0.102,0.988,-0.892
101.88,9.907,-0.06,1.013,-0.899
101.89,9.905,-0.021,1.031,-0.906
101.9,9.903,0.015,1.042,-0.911
101.91,9.902,0.05,1.046,-0.914
101.92,9.902,0.084,1.047,-0.916
101.93,9.901,0.117,1.047,-0.916
101.94,9.901,0.149,1.045,-0.916
101.95,9.901,0.18,1.041,-0.913
101.96,9.902,0.211,1.035,-0.908
101.97,9.903,0.241,1.026,-0.901
101.98,9.904,0.272,1.01,-0.892
101.99,9.907,0.303,0.987,-0.879
102,9.91,0.335,0.956,-0.864
102.01,9.914,0.367,0.916,-0.847
102.02,9.919,0.4,0.866,-0.826
102.03,9.926,0.434,0.794,-0.8
102.04,9.933,0.47,0.709,-0.771
102.05,9.941,0.508,0.609,-0.739
102.06,9.947,0.547,0.495,-0.703
102.07,9.953,0.589,0.369,-0.665
102.08,9.957,0.632,0.233,-0.626
102.09,9.959,0.678,0.084,-0.585
102.1,9.958,0.726,-0.077,-0.542
102.11,9.954,0.777,-0.251,-0.498
102.12,9.945,0.831,-0.435,-0.454
102.13,9.932,0.888,-0.628,-0.41
102.14,9.913,0.947,-0.828,-0.366
102.15,9.889,1.009,-1.033,-0.324
102.16,9.859,1.074,-1.244,-0.283
102.17,9.823,1.142,-1.459,-0.244
102.18,9.781,1.212,-1.678,-0.207
102.19,9.731,1.285,-1.898,-0.173
102.2,9.676,1.361,-2.121,-0.141
102.21,9.613,1.439,-2.344,-0.113
102.22,9.543,1.52,-2.57,-0.087
102.23,9.465,1.603,-2.797,-0.065
102.24,9.38,1.689,-3.023,-0.046
102.25,9.288,1.778,-3.25,-0.031
102.26,9.188,1.869,-3.476,-0.019
102.27,9.08,1.962,-3.701,-0.011
102.28,8.964,2.058,-3.925,-0.007
102.29,8.839,2.156,-4.148,-0.008
102.3,8.706,2.256,-4.37,-0.012
102.31,8.565,2.357,-4.59,-0.021
102.32,8.416,2.459,-4.807,-0.036
102.33,8.258,2.562,-5.022,-0.055
102.34,8.093,2.666,-5.232,-0.079
102.35,7.919,2.769,-5.44,-0.109
102.36,7.737,2.872,-5.644,-0.144
102.37,7.547,2.974,-5.844,-0.184
102.38,7.349,3.075,-6.039,-0.236
102.39,7.143,3.171,-6.23,-0.294
102.4,6.931,3.264,-6.416,-0.358
102.41,6.712,3.352,-6.596,-0.428
102.42,6.487,3.434,-6.771,-0.504
102.43,6.256,3.511,-6.94,-0.586
102.44,6.02,3.583,-7.103,-0.673
102.45,5.778,3.649,-7.259,-0.767
102.46,5.531,3.709,-7.408,-0.866
102.47,5.278,3.763,-7.551,-0.97
102.48,5.02,3.809,-7.688,-1.081
102.49,4.756,3.847,-7.819,-1.197
102.5,4.486,3.875,-7.944,-1.319
102.51,4.207,3.894,-8.064,-1.446
102.52,3.917,3.904,-8.18,-1.579
102.53,3.617,3.902,-8.29,-1.718
102.54,3.305,3.89,-8.394,-1.861
102.55,2.98,3.866,-8.492,-2.01
102.56,2.644,3.83,-8.581,-2.164
102.57,2.298,3.782,-8.661,-2.321
102.58,1.943,3.723,-8.729,-2.48
102.59,1.579,3.652,-8.786,-2.64
102.6,1.208,3.57,-8.829,-2.798
102.61,0.834,3.479,-8.859,-2.951
102.62,0.458,3.381,-8.874,-3.099
102.63,0.081,3.276,-8.874,-3.24
102.64,-0.293,3.165,-8.86,-3.374
102.65,-0.666,3.048,-8.831,-3.502
102.66,-1.036,2.927,-8.788,-3.622
102.67,-1.401,2.802,-8.731,-3.733
102.68,-1.761,2.674,-8.661,-3.837
102.69,-2.114,2.544,-8.578,-3.931
102.7,-2.457,2.414,-8.484,-4.017
102.71,-2.788,2.286,-8.381,-4.093
102.72,-3.095,2.164,-8.273,-4.156
102.73,-3.393,2.043,-8.159,-4.211
102.74,-3.683,1.925,-8.036,-4.259
102.75,-3.962,1.81,-7.907,-4.299
102.76,-4.231,1.7,-7.774,-4.331
102.77,-4.49,1.594,-7.635,-4.356
102.78,-4.741,1.491,-7.492,-4.375
102.79,-4.985,1.391,-7.344,-4.389
102.8,-5.222,1.293,-7.189,-4.4
102.81,-5.452,1.199,-7.029,-4.407
102.82,-5.676,1.108,-6.862,-4.41
102.83,-5.892,1.02,-6.691,-4.411
102.84,-6.102,0.934,-6.515,-4.408
102.85,-6.303,0.853,-6.336,-4.402
102.86,-6.498,0.774,-6.151,-4.396
102.87,-6.686,0.697,-5.962,-4.388
102.88,-6.867,0.623,-5.768,-4.379
102.89,-7.04,0.555,-5.571,-4.369
102.9,-7.205,0.491,-5.371,-4.357
102.91,-7.362,0.431,-5.17,-4.345
102.92,-7.511,0.376,-4.965,-4.333
102.93,-7.653,0.325,-4.758,-4.321
102.94,-7.787,0.278,-4.55,-4.309
102.95,-7.913,0.236,-4.341,-4.297
102.96,-8.031,0.198,-4.133,-4.286
102.97,-8.14,0.166,-3.927,-4.275
102.98,-8.24,0.14,-3.724,-4.265
102.99,-8.332,0.12,-3.526,-4.256
103,-8.416,0.107,-3.332,-4.248
103.01,-8.492,0.099,-3.144,-4.24
103.02,-8.561,0.096,-2.959,-4.234
103.03,-8.625,0.097,-2.777,-4.228
103.04,-8.683,0.101,-2.598,-4.224
103.05,-8.735,0.107,-2.421,-4.22
103.06,-8.783,0.117,-2.247,-4.218
103.07,-8.823,0.131,-2.079,-4.218
103.08,-8.86,0.147,-1.914,-4.219
103.09,-8.892,0.166,-1.752,-4.221
103.1,-8.921,0.186,-1.591,-4.223
103.11,-8.946,0.207,-1.433,-4.225
103.12,-8.968,0.23,-1.277,-4.229
103.13,-8.986,0.254,-1.124,-4.233
103.14,-9.001,0.28,-0.971,-4.237
103.15,-9.013,0.306,-0.821,-4.242
103.16,-9.021,0.334,-0.673,-4.247
103.17,-9.028,0.361,-0.527,-4.252
103.18,-9.031,0.389,-0.381,-4.258
103.19,-9.032,0.416,-0.237,-4.264
103.2,-9.03,0.442,-0.094,-4.271
103.21,-9.025,0.468,0.047,-4.279
103.22,-9.018,0.491,0.191,-4.287
103.23,-9.009,0.513,0.335,-4.295
103.24,-8.997,0.532,0.479,-4.305
103.25,-8.982,0.549,0.624,-4.315
103.26,-8.965,0.563,0.77,-4.325
103.27,-8.945,0.573,0.917,-4.336
103.28,-8.923,0.58,1.064,-4.347
103.29,-8.898,0.584,1.211,-4.358
103.3,-8.872,0.584,1.358,-4.369
103.31,-8.844,0.581,1.504,-4.379
103.32,-8.814,0.575,1.648,-4.389
103.33,-8.782,0.568,1.789,-4.397
103.34,-8.75,0.56,1.924,-4.405
103.35,-8.719,0.552,2.051,-4.41
103.36,-8.688,0.545,2.172,-4.414
103.37,-8.659,0.536,2.284,-4.416
103.38,-8.632,0.527,2.389,-4.415
103.39,-8.606,0.519,2.485,-4.412
103.4,-8.584,0.513,2.572,-4.407
103.41,-8.569,0.509,2.637,-4.398
103.42,-8.557,0.505,2.695,-4.387
103.43,-8.548,0.502,2.744,-4.375
103.44,-8.542,0.499,2.784,-4.361
103.45,-8.54,0.497,2.815,-4.344
103.46,-8.542,0.496,2.839,-4.327
103.47,-8.546,0.494,2.856,-4.307
103.48,-8.552,0.49,2.868,-4.287
103.49,-8.561,0.486,2.875,-4.266
103.5,-8.571,0.479,2.877,-4.245
103.51,-8.582,0.471,2.876,-4.223
103.52,-8.595,0.459,2.874,-4.201
103.53,-8.607,0.444,2.871,-4.179
103.54,-8.621,0.427,2.865,-4.157
103.55,-8.634,0.406,2.86,-4.135
103.56,-8.647,0.382,2.854,-4.113
103.57,-8.66,0.355,2.849,-4.092
103.58,-8.672,0.324,2.844,-4.072
103.59,-8.684,0.29,2.84,-4.052
103.6,-8.695,0.253,2.836,-4.033
103.61,-8.706,0.213,2.832,-4.015
103.62,-8.717,0.171,2.828,-3.997
103.63,-8.727,0.126,2.824,-3.98
103.64,-8.736,0.08,2.819,-3.963
103.65,-8.746,0.032,2.814,-3.947
103.66,-8.754,-0.016,2.807,-3.932
103.67,-8.763,-0.067,2.8,-3.918
103.68,-8.772,-0.118,2.79,-3.904
103.69,-8.78,-0.17,2.778,-3.891
103.7,-8.789,-0.222,2.763,-3.879
103.71,-8.798,-0.275,2.746,-3.869
103.72,-8.807,-0.329,2.725,-3.858
103.73,-8.816,-0.382,2.702,-3.85
103.74,-8.825,-0.435,2.675,-3.842
103.75,-8.834,-0.489,2.645,-3.836
103.76,-8.842,-0.542,2.612,-3.832
103.77,-8.85,-0.594,2.577,-3.83
103.78,-8.858,-0.646,2.54,-3.829
103.79,-8.864,-0.698,2.501,-3.829
103.8,-8.87,-0.751,2.463,-3.831
103.81,-8.874,-0.804,2.425,-3.835
103.82,-8.877,-0.857,2.388,-3.84
103.83,-8.878,-0.91,2.353,-3.846
103.84,-8.878,-0.963,2.318,-3.854
103.85,-8.877,-1.016,2.285,-3.864
103.86,-8.874,-1.068,2.254,-3.875
103.87,-8.87,-1.12,2.224,-3.886
103.88,-8.865,-1.171,2.195,-3.9
103.89,-8.859,-1.221,2.167,-3.914
103.9,-8.853,-1.269,2.137,-3.929
103.91,-8.846,-1.314,2.107,-3.945
103.92,-8.839,-1.358,2.075,-3.962
103.93,-8.833,-1.398,2.042,-3.98
103.94,-8.826,-1.436,2.007,-3.999
103.95,-8.82,-1.471,1.969,-4.018
103.96,-8.815,-1.502,1.928,-4.038
103.97,-8.81,-1.529,1.883,-4.059
103.98,-8.807,-1.552,1.833,-4.081
103.99,-8.804,-1.568,1.778,-4.104
104,-8.803,-1.581,1.719,-4.128
104.01,-8.802,-1.589,1.655,-4.153
104.02,-8.802,-1.592,1.586,-4.179
104.03,-8.803,-1.591,1.511,-4.205
104.04,-8.804,-1.586,1.433,-4.231
104.05,-8.806,-1.577,1.351,-4.258
104.06,-8.808,-1.564,1.263,-4.286
104.07,-8.81,-1.546,1.168,-4.314
104.08,-8.812,-1.523,1.069,-4.343
104.09,-8.815,-1.495,0.963,-4.373
104.1,-8.819,-1.456,0.846,-4.402
104.11,-8.823,-1.412,0.722,-4.43
104.12,-8.827,-1.362,0.592,-4.457
104.13,-8.83,-1.307,0.457,-4.483
104.14,-8.832,-1.248,0.316,-4.508
104.15,-8.833,-1.184,0.169,-4.531
104.16,-8.833,-1.115,0.016,-4.551
104.17,-8.831,-1.043,-0.142,-4.57
104.18,-8.828,-0.966,-0.307,-4.585
104.19,-8.822,-0.888,-0.476,-4.598
104.2,-8.815,-0.808,-0.647,-4.606
104.21,-8.804,-0.726,-0.822,-4.611
104.22,-8.792,-0.643,-0.998,-4.613
104.23,-8.777,-0.56,-1.174,-4.61
104.24,-8.76,-0.478,-1.348,-4.604
104.25,-8.741,-0.396,-1.522,-4.594
104.26,-8.719,-0.313,-1.696,-4.581
104.27,-8.696,-0.229,-1.869,-4.564
104.28,-8.67,-0.145,-2.04,-4.543
104.29,-8.642,-0.06,-2.209,-4.519
104.3,-8.612,0.024,-2.375,-4.491
104.31,-8.581,0.108,-2.538,-4.461
104.32,-8.547,0.193,-2.7,-4.428
104.33,-8.511,0.28,-2.859,-4.393
104.34,-8.473,0.366,-3.015,-4.356
104.35,-8.433,0.451,-3.169,-4.316
104.36,-8.391,0.535,-3.319,-4.275
104.37,-8.347,0.618,-3.467,-4.232
104.38,-8.3,0.701,-3.615,-4.188
104.39,-8.25,0.783,-3.76,-4.143
104.4,-8.198,0.864,-3.905,-4.097
104.41,-8.143,0.945,-4.047,-4.049
104.42,-8.087,1.023,-4.187,-4.001
104.43,-8.028,1.1,-4.324,-3.953
104.44,-7.969,1.172,-4.456,-3.905
104.45,-7.908,1.241,-4.584,-3.858
104.46,-7.846,1.309,-4.71,-3.812
104.47,-7.783,1.374,-4.832,-3.765
104.48,-7.719,1.435,-4.951,-3.719
104.49,-7.656,1.491,-5.065,-3.674
104.5,-7.595,1.541,-5.171,-3.63
104.51,-7.539,1.584,-5.269,-3.589
104.52,-7.484,1.622,-5.36,-3.55
104.53,-7.433,1.654,-5.446,-3.513
104.54,-7.385,1.681,-5.523,-3.479
104.55,-7.342,1.703,-5.594,-3.448
104.56,-7.304,1.718,-5.654,-3.421
104.57,-7.273,1.727,-5.706,-3.399
104.58,-7.247,1.73,-5.749,-3.38
104.59,-7.226,1.727,-5.785,-3.364
104.6,-7.212,1.72,-5.812,-3.352
104.61,-7.203,1.706,-5.832,-3.343
104.62,-7.201,1.686,-5.842,-3.339
104.63,-7.206,1.661,-5.844,-3.338
104.64,-7.217,1.63,-5.838,-3.342
104.65,-7.234,1.593,-5.823,-3.349
104.66,-7.257,1.55,-5.798,-3.36
104.67,-7.287,1.501,-5.765,-3.375
104.68,-7.323,1.446,-5.723,-3.393
104.69,-7.365,1.383,-5.671,-3.416
104.7,-7.413,1.314,-5.609,-3.44
104.71,-7.466,1.238,-5.539,-3.467
104.72,-7.523,1.157,-5.462,-3.496
104.73,-7.583,1.069,-5.377,-3.524
104.74,-7.646,0.975,-5.285,-3.553
104.75,-7.712,0.876,-5.187,-3.582
104.76,-7.779,0.771,-5.084,-3.61
104.77,-7.845,0.662,-4.977,-3.637
104.78,-7.911,0.549,-4.867,-3.661
104.79,-7.974,0.43,-4.761,-3.68
104.8,-8.034,0.31,-4.656,-3.695
104.81,-8.092,0.19,-4.553,-3.707
104.82,-8.145,0.069,-4.453,-3.716
104.83,-8.196,-0.05,-4.353,-3.723
104.84,-8.244,-0.169,-4.254,-3.728
104.85,-8.289,-0.287,-4.158,-3.73
104.86,-8.33,-0.403,-4.064,-3.731
104.87,-8.368,-0.518,-3.974,-3.728
104.88,-8.404,-0.632,-3.887,-3.722
104.89,-8.436,-0.745,-3.804,-3.713
104.9,-8.466,-0.857,-3.724,-3.702
104.91,-8.493,-0.968,-3.646,-3.69
104.92,-8.518,-1.079,-3.572,-3.675
104.93,-8.541,-1.188,-3.501,-3.657
104.94,-8.56,-1.296,-3.435,-3.637
104.95,-8.578,-1.401,-3.377,-3.61
104.96,-8.592,-1.502,-3.328,-3.582
104.97,-8.605,-1.602,-3.281,-3.549
104.98,-8.619,-1.702,-3.233,-3.515
104.99,-8.63,-1.804,-3.186,-3.478
105,-8.642,-1.905,-3.14,-3.437
105.01,-8.652,-2.007,-3.095,-3.395
105.02,-8.661,-2.109,-3.049,-3.35
105.03,-8.67,-2.212,-3.003,-3.302
105.04,-8.678,-2.315,-2.957,-3.251
105.05,-8.686,-2.419,-2.909,-3.197
105.06,-8.693,-2.523,-2.862,-3.14
105.07,-8.699,-2.627,-2.814,-3.079
105.08,-8.705,-2.731,-2.766,-3.017
105.09,-8.709,-2.834,-2.719,-2.951
105.1,-8.712,-2.936,-2.671,-2.886
105.11,-8.714,-3.037,-2.623,-2.817
105.12,-8.716,-3.137,-2.575,-2.748
105.13,-8.717,-3.235,-2.524,-2.675
105.14,-8.719,-3.331,-2.472,-2.6
105.15,-8.719,-3.426,-2.417,-2.527
105.16,-8.72,-3.518,-2.358,-2.452
105.17,-8.72,-3.608,-2.297,-2.378
105.18,-8.719,-3.697,-2.233,-2.302
105.19,-8.718,-3.784,-2.169,-2.227
105.2,-8.716,-3.868,-2.105,-2.15
105.21,-8.713,-3.95,-2.041,-2.072
105.22,-8.71,-4.03,-1.977,-1.992
105.23,-8.707,-4.107,-1.912,-1.91
105.24,-8.704,-4.181,-1.847,-1.825
105.25,-8.701,-4.251,-1.783,-1.738
105.26,-8.698,-4.318,-1.72,-1.649
105.27,-8.696,-4.381,-1.658,-1.559
105.28,-8.692,-4.441,-1.597,-1.47
105.29,-8.689,-4.497,-1.538,-1.381
105.3,-8.685,-4.549,-1.481,-1.293
105.31,-8.681,-4.598,-1.427,-1.204
105.32,-8.676,-4.644,-1.377,-1.117
105.33,-8.671,-4.686,-1.329,-1.03
105.34,-8.667,-4.726,-1.281,-0.946
105.35,-8.663,-4.762,-1.234,-0.862
105.36,-8.658,-4.795,-1.189,-0.782
105.37,-8.654,-4.825,-1.147,-0.704
105.38,-8.651,-4.851,-1.106,-0.63
105.39,-8.646,-4.875,-1.069,-0.56
105.4,-8.643,-4.896,-1.036,-0.495
105.41,-8.639,-4.913,-1.009,-0.435
105.42,-8.636,-4.928,-0.99,-0.382
105.43,-8.633,-4.938,-0.978,-0.334
105.44,-8.633,-4.943,-0.974,-0.295
105.45,-8.634,-4.939,-0.984,-0.27
105.46,-8.645,-4.92,-0.987,-0.254
105.47,-8.716,-4.797,-0.964,-0.294
105.48,-8.807,-4.629,-0.928,-0.359
105.49,-8.944,-4.366,-0.844,-0.461
105.5,-9.084,-4.076,-0.727,-0.567
105.51,-9.243,-3.711,-0.55,-0.691
105.52,-9.401,-3.291,-0.331,-0.822
105.53,-9.535,-2.85,-0.068,-0.974
105.54,-9.646,-2.367,0.212,-1.136
105.55,-9.721,-1.871,0.518,-1.31
105.56,-9.754,-1.373,0.828,-1.508
105.57,-9.748,-0.886,1.117,-1.712
105.58,-9.706,-0.438,1.366,-1.927
105.59,-9.644,-0.026,1.556,-2.135
105.6,-9.58,0.354,1.653,-2.315
105.61,-9.535,0.695,1.598,-2.454
105.62,-9.519,0.997,1.387,-2.54
105.63,-9.523,1.286,1.052,-2.558
105.64,-9.536,1.536,0.594,-2.518
105.65,-9.538,1.748,0.097,-2.438
105.66,-9.523,1.925,-0.42,-2.325
105.67,-9.487,2.06,-0.951,-2.196
105.68,-9.435,2.144,-1.46,-2.057
105.69,-9.37,2.184,-1.929,-1.923
105.7,-9.297,2.179,-2.358,-1.799
105.71,-9.224,2.13,-2.738,-1.692
105.72,-9.154,2.048,-3.069,-1.604
105.73,-9.084,1.94,-3.367,-1.536
105.74,-9.019,1.805,-3.632,-1.483
105.75,-8.959,1.643,-3.864,-1.447
105.76,-8.906,1.458,-4.063,-1.426
105.77,-8.86,1.252,-4.232,-1.419
105.78,-8.82,1.025,-4.373,-1.423
105.79,-8.783,0.783,-4.492,-1.435
105.8,-8.745,0.53,-4.596,-1.452
105.81,-8.703,0.272,-4.691,-1.47
105.82,-8.651,0.011,-4.788,-1.49
105.83,-8.588,-0.246,-4.888,-1.508
105.84,-8.513,-0.49,-4.995,-1.524
105.85,-8.422,-0.718,-5.116,-1.537
105.86,-8.314,-0.927,-5.253,-1.549
105.87,-8.189,-1.115,-5.408,-1.563
105.88,-8.044,-1.278,-5.582,-1.58
105.89,-7.876,-1.416,-5.778,-1.601
105.9,-7.683,-1.524,-5.999,-1.627
105.91,-7.462,-1.599,-6.244,-1.658
105.92,-7.214,-1.646,-6.508,-1.694
105.93,-6.941,-1.664,-6.784,-1.734
105.94,-6.645,-1.658,-7.066,-1.774
105.95,-6.331,-1.628,-7.346,-1.811
105.96,-6.003,-1.577,-7.62,-1.843
105.97,-5.666,-1.507,-7.882,-1.864
105.98,-5.326,-1.42,-8.13,-1.873
105.99,-4.987,-1.319,-8.36,-1.867
106,-4.655,-1.206,-8.571,-1.844
106.01,-4.336,-1.086,-8.761,-1.802
106.02,-4.035,-0.962,-8.93,-1.742
106.03,-3.756,-0.835,-9.078,-1.663
106.04,-3.498,-0.708,-9.208,-1.567
106.05,-3.261,-0.579,-9.322,-1.457
106.06,-3.041,-0.45,-9.421,-1.334
106.07,-2.833,-0.322,-9.509,-1.201
106.08,-2.636,-0.194,-9.585,-1.06
106.09,-2.449,-0.067,-9.652,-0.911
106.1,-2.264,0.058,-9.71,-0.757
106.11,-2.074,0.183,-9.762,-0.599
106.12,-1.874,0.307,-9.807,-0.44
106.13,-1.663,0.429,-9.847,-0.281
106.14,-1.439,0.547,-9.879,-0.122
106.15,-1.2,0.66,-9.905,0.034
106.16,-0.927,0.761,-9.926,0.184
106.17,-0.636,0.854,-9.937,0.331
106.18,-0.328,0.938,-9.939,0.473
106.19,-0.002,1.013,-9.929,0.611
106.2,0.34,1.077,-9.908,0.743
106.21,0.702,1.13,-9.872,0.87
106.22,1.082,1.171,-9.822,0.991
106.23,1.478,1.201,-9.754,1.105
106.24,1.888,1.218,-9.668,1.213
106.25,2.307,1.226,-9.562,1.313
106.26,2.731,1.223,-9.437,1.406
106.27,3.155,1.211,-9.292,1.49
106.28,3.576,1.193,-9.128,1.566
106.29,3.99,1.168,-8.946,1.633
106.3,4.393,1.139,-8.748,1.69
106.31,4.78,1.108,-8.537,1.737
106.32,5.148,1.077,-8.317,1.774
106.33,5.494,1.049,-8.091,1.8
106.34,5.816,1.025,-7.862,1.815
106.35,6.114,1.007,-7.634,1.819
106.36,6.387,0.995,-7.41,1.813
106.37,6.636,0.991,-7.193,1.796
106.38,6.862,0.996,-6.983,1.77
106.39,7.068,1.008,-6.782,1.736
106.4,7.26,1.027,-6.585,1.694
106.41,7.436,1.053,-6.393,1.645
106.42,7.598,1.088,-6.209,1.588
106.43,7.747,1.13,-6.03,1.524
106.44,7.886,1.178,-5.856,1.455
106.45,8.015,1.232,-5.686,1.381
106.46,8.135,1.29,-5.517,1.303
106.47,8.249,1.352,-5.349,1.222
106.48,8.358,1.417,-5.179,1.139
106.49,8.463,1.483,-5.005,1.055
106.5,8.564,1.55,-4.827,0.97
106.51,8.662,1.62,-4.64,0.888
106.52,8.757,1.689,-4.45,0.808
106.53,8.847,1.758,-4.253,0.73
106.54,8.934,1.824,-4.05,0.655
106.55,9.018,1.889,-3.84,0.585
106.56,9.099,1.95,-3.621,0.521
106.57,9.178,2.008,-3.391,0.465
106.58,9.254,2.063,-3.149,0.418
106.59,9.327,2.113,-2.895,0.381
106.6,9.397,2.158,-2.626,0.354
106.61,9.463,2.199,-2.344,0.339
106.62,9.524,2.232,-2.046,0.336
106.63,9.579,2.258,-1.732,0.346
106.64,9.628,2.277,-1.404,0.369
106.65,9.667,2.287,-1.065,0.402
106.66,9.697,2.288,-0.718,0.446
106.67,9.716,2.28,-0.366,0.498
106.68,9.724,2.261,-0.014,0.557
106.69,9.721,2.233,0.335,0.621
106.7,9.708,2.194,0.678,0.688
106.71,9.684,2.145,1.013,0.759
106.72,9.652,2.086,1.337,0.83
106.73,9.612,2.017,1.648,0.9
106.74,9.566,1.939,1.945,0.969
106.75,9.515,1.852,2.226,1.035
106.76,9.46,1.758,2.491,1.097
106.77,9.403,1.656,2.738,1.156
106.78,9.344,1.548,2.969,1.21
106.79,9.285,1.434,3.182,1.261
106.8,9.227,1.314,3.379,1.307
106.81,9.169,1.19,3.56,1.35
106.82,9.113,1.061,3.727,1.39
106.83,9.058,0.928,3.879,1.426
106.84,9.004,0.792,4.019,1.459
106.85,8.956,0.65,4.14,1.489
106.86,8.907,0.505,4.255,1.516
106.87,8.855,0.359,4.366,1.543
106.88,8.801,0.21,4.475,1.567
106.89,8.742,0.061,4.585,1.591
106.9,8.679,-0.089,4.696,1.612
106.91,8.612,-0.239,4.807,1.631
106.92,8.54,-0.39,4.918,1.647
106.93,8.463,-0.539,5.032,1.661
106.94,8.381,-0.687,5.145,1.672
106.95,8.296,-0.833,5.258,1.681
106.96,8.205,-0.975,5.372,1.686
106.97,8.111,-1.113,5.487,1.688
106.98,8.013,-1.248,5.602,1.687
106.99,7.909,-1.379,5.718,1.682
107,7.802,-1.505,5.836,1.673
107.01,7.689,-1.626,5.954,1.662
107.02,7.572,-1.742,6.074,1.647
107.03,7.452,-1.852,6.194,1.631
107.04,7.328,-1.955,6.313,1.611
107.05,7.201,-2.052,6.433,1.59
107.06,7.071,-2.143,6.552,1.567
107.07,6.939,-2.227,6.67,1.543
107.08,6.806,-2.303,6.786,1.518
107.09,6.673,-2.372,6.899,1.495
107.1,6.541,-2.432,7.008,1.474
107.11,6.411,-2.485,7.112,1.454
107.12,6.284,-2.531,7.212,1.438
107.13,6.16,-2.569,7.308,1.424
107.14,6.039,-2.601,7.4,1.413
107.15,5.92,-2.626,7.488,1.405
107.16,5.804,-2.645,7.572,1.4
107.17,5.692,-2.658,7.653,1.398
107.18,5.582,-2.665,7.731,1.399
107.19,5.48,-2.661,7.804,1.406
107.2,5.379,-2.652,7.875,1.415
107.21,5.279,-2.639,7.945,1.426
107.22,5.179,-2.621,8.014,1.438
107.23,5.077,-2.6,8.084,1.451
107.24,4.973,-2.575,8.154,1.463
107.25,4.866,-2.547,8.225,1.475
107.26,4.754,-2.516,8.297,1.485
107.27,4.637,-2.483,8.371,1.495
107.28,4.515,-2.449,8.447,1.502
107.29,4.389,-2.412,8.522,1.509
107.3,4.259,-2.374,8.597,1.515
107.31,4.125,-2.334,8.672,1.519
107.32,3.988,-2.293,8.747,1.522
107.33,3.848,-2.251,8.82,1.523
107.34,3.704,-2.208,8.892,1.523
107.35,3.557,-2.166,8.963,1.521
107.36,3.406,-2.124,9.032,1.517
107.37,3.252,-2.083,9.099,1.511
107.38,3.095,-2.043,9.164,1.504
107.39,2.932,-2.005,9.227,1.493
107.4,2.763,-1.969,9.289,1.48
107.41,2.588,-1.936,9.349,1.463
107.42,2.407,-1.906,9.406,1.443
107.43,2.22,-1.878,9.461,1.419
107.44,2.027,-1.854,9.514,1.391
107.45,1.828,-1.832,9.562,1.359
107.46,1.624,-1.813,9.608,1.323
107.47,1.414,-1.797,9.65,1.282
107.48,1.2,-1.783,9.687,1.236
107.49,0.982,-1.772,9.72,1.186
107.5,0.761,-1.762,9.748,1.131
107.51,0.537,-1.755,9.771,1.073
107.52,0.31,-1.748,9.789,1.009
107.53,0.082,-1.743,9.801,0.942
107.54,-0.149,-1.739,9.807,0.869
107.55,-0.381,-1.736,9.808,0.792
107.56,-0.615,-1.733,9.803,0.712
107.57,-0.85,-1.729,9.792,0.628
107.58,-1.085,-1.725,9.774,0.542
107.59,-1.323,-1.721,9.75,0.453
107.6,-1.563,-1.717,9.719,0.361
107.61,-1.806,-1.712,9.681,0.267
107.62,-2.052,-1.707,9.635,0.172
107.63,-2.299,-1.7,9.581,0.074
107.64,-2.548,-1.693,9.52,-0.024
107.65,-2.799,-1.684,9.45,-0.124
107.66,-3.051,-1.673,9.372,-0.225
107.67,-3.303,-1.661,9.285,-0.327
107.68,-3.556,-1.647,9.189,-0.429
107.69,-3.809,-1.631,9.085,-0.531
107.7,-4.061,-1.612,8.972,-0.633
107.71,-4.312,-1.592,8.85,-0.734
107.72,-4.561,-1.568,8.719,-0.834
107.73,-4.809,-1.542,8.58,-0.934
107.74,-5.054,-1.512,8.432,-1.033
107.75,-5.296,-1.48,8.275,-1.13
107.76,-5.534,-1.445,8.11,-1.225
107.77,-5.768,-1.407,7.937,-1.319
107.78,-5.999,-1.365,7.755,-1.41
107.79,-6.224,-1.321,7.566,-1.499
107.8,-6.445,-1.275,7.369,-1.585
107.81,-6.662,-1.225,7.164,-1.668
107.82,-6.873,-1.173,6.951,-1.747
107.83,-7.08,-1.119,6.729,-1.823
107.84,-7.282,-1.062,6.498,-1.895
107.85,-7.479,-1.004,6.26,-1.964
107.86,-7.669,-0.945,6.014,-2.028
107.87,-7.852,-0.884,5.761,-2.088
107.88,-8.028,-0.825,5.502,-2.142
107.89,-8.195,-0.765,5.237,-2.193
107.9,-8.354,-0.707,4.968,-2.239
107.91,-8.503,-0.649,4.696,-2.282
107.92,-8.642,-0.593,4.422,-2.321
107.93,-8.772,-0.538,4.147,-2.357
107.94,-8.891,-0.485,3.87,-2.391
107.95,-9.001,-0.434,3.593,-2.421
107.96,-9.102,-0.385,3.316,-2.449
107.97,-9.194,-0.338,3.038,-2.474
107.98,-9.276,-0.293,2.76,-2.497
107.99,-9.35,-0.249,2.482,-2.518
108,-9.416,-0.206,2.204,-2.537
108.01,-9.473,-0.165,1.926,-2.554
108.02,-9.521,-0.124,1.648,-2.569
108.03,-9.562,-0.084,1.369,-2.582
108.04,-9.595,-0.045,1.09,-2.594
108.05,-9.62,-0.006,0.81,-2.603
108.06,-9.638,0.033,0.53,-2.612
108.07,-9.647,0.072,0.248,-2.618
108.08,-9.649,0.112,-0.033,-2.623
108.09,-9.642,0.152,-0.316,-2.626
108.1,-9.627,0.192,-0.599,-2.627
108.11,-9.605,0.232,-0.881,-2.627
108.12,-9.574,0.273,-1.163,-2.626
108.13,-9.535,0.315,-1.445,-2.622
108.14,-9.488,0.356,-1.726,-2.617
108.15,-9.434,0.399,-2.005,-2.61
108.16,-9.371,0.441,-2.284,-2.602
108.17,-9.3,0.484,-2.56,-2.591
108.18,-9.22,0.527,-2.835,-2.579
108.19,-9.133,0.572,-3.108,-2.565
108.2,-9.038,0.617,-3.379,-2.55
108.21,-8.935,0.663,-3.648,-2.532
108.22,-8.823,0.71,-3.915,-2.511
108.23,-8.703,0.761,-4.18,-2.488
108.24,-8.575,0.812,-4.443,-2.462
108.25,-8.438,0.865,-4.702,-2.433
108.26,-8.294,0.92,-4.959,-2.4
108.27,-8.141,0.975,-5.212,-2.364
108.28,-7.982,1.032,-5.46,-2.324
108.29,-7.815,1.089,-5.704,-2.28
108.3,-7.641,1.146,-5.941,-2.231
108.31,-7.462,1.203,-6.173,-2.179
108.32,-7.278,1.259,-6.397,-2.123
108.33,-7.089,1.314,-6.614,-2.063
108.34,-6.896,1.368,-6.823,-2
108.35,-6.699,1.42,-7.025,-1.933
108.36,-6.5,1.47,-7.218,-1.864
108.37,-6.299,1.518,-7.402,-1.791
108.38,-6.096,1.564,-7.579,-1.715
108.39,-5.891,1.607,-7.747,-1.638
108.4,-5.685,1.647,-7.908,-1.558
108.41,-5.476,1.685,-8.061,-1.476
108.42,-5.266,1.72,-8.207,-1.392
108.43,-5.054,1.752,-8.346,-1.307
108.44,-4.841,1.782,-8.479,-1.221
108.45,-4.625,1.81,-8.604,-1.134
108.46,-4.407,1.835,-8.723,-1.045
108.47,-4.188,1.857,-8.836,-0.957
108.48,-3.966,1.877,-8.943,-0.867
108.49,-3.742,1.894,-9.044,-0.777
108.5,-3.516,1.909,-9.138,-0.687
108.51,-3.287,1.921,-9.227,-0.597
108.52,-3.057,1.932,-9.309,-0.506
108.53,-2.825,1.939,-9.385,-0.416
108.54,-2.591,1.944,-9.455,-0.326
108.55,-2.355,1.946,-9.518,-0.236
108.56,-2.118,1.946,-9.576,-0.147
108.57,-1.88,1.942,-9.627,-0.059
108.58,-1.641,1.936,-9.672,0.027
108.59,-1.401,1.927,-9.711,0.112
108.6,-1.161,1.916,-9.743,0.196
108.61,-0.921,1.903,-9.769,0.278
108.62,-0.68,1.887,-9.789,0.359
108.63,-0.439,1.87,-9.803,0.438
108.64,-0.197,1.851,-9.811,0.515
108.65,0.044,1.83,-9.813,0.591
108.66,0.286,1.807,-9.808,0.663
108.67,0.529,1.784,-9.797,0.734
108.68,0.772,1.759,-9.78,0.802
108.69,1.014,1.734,-9.757,0.868
108.7,1.254,1.709,-9.727,0.932
108.71,1.493,1.684,-9.692,0.994
108.72,1.729,1.659,-9.65,1.053
108.73,1.963,1.635,-9.603,1.11
108.74,2.193,1.611,-9.551,1.166
108.75,2.418,1.588,-9.494,1.219
108.76,2.639,1.566,-9.432,1.27
108.77,2.854,1.546,-9.365,1.319
108.78,3.063,1.527,-9.295,1.367
108.79,3.268,1.51,-9.221,1.413
108.8,3.467,1.493,-9.144,1.458
108.81,3.661,1.478,-9.063,1.502
108.82,3.85,1.463,-8.979,1.545
108.83,4.036,1.449,-8.893,1.586
108.84,4.218,1.436,-8.802,1.627
108.85,4.396,1.423,-8.709,1.667
108.86,4.571,1.411,-8.613,1.705
108.87,4.743,1.399,-8.514,1.743
108.88,4.912,1.387,-8.412,1.781
108.89,5.078,1.375,-8.307,1.817
108.9,5.242,1.363,-8.199,1.853
108.91,5.403,1.351,-8.087,1.889
108.92,5.56,1.339,-7.973,1.924
108.93,5.715,1.327,-7.856,1.959
108.94,5.867,1.315,-7.736,1.994
108.95,6.017,1.303,-7.614,2.028
108.96,6.163,1.29,-7.489,2.061
108.97,6.307,1.277,-7.361,2.095
108.98,6.447,1.263,-7.231,2.128
108.99,6.584,1.249,-7.099,2.161
109,6.718,1.234,-6.965,2.194
109.01,6.849,1.218,-6.828,2.227
109.02,6.977,1.202,-6.69,2.261
109.03,7.101,1.185,-6.55,2.294
109.04,7.221,1.166,-6.408,2.327
109.05,7.337,1.147,-6.266,2.36
109.06,7.45,1.126,-6.122,2.393
109.07,7.559,1.104,-5.978,2.426
109.08,7.665,1.08,-5.833,2.46
109.09,7.766,1.055,-5.687,2.493
109.1,7.864,1.027,-5.541,2.526
109.11,7.958,0.998,-5.396,2.558
109.12,8.047,0.967,-5.252,2.59
109.13,8.132,0.934,-5.11,2.622
109.14,8.213,0.899,-4.969,2.652
109.15,8.289,0.862,-4.83,2.682
109.16,8.362,0.824,-4.694,2.711
109.17,8.431,0.783,-4.56,2.739
109.18,8.496,0.741,-4.428,2.766
109.19,8.557,0.698,-4.298,2.792
109.2,8.616,0.652,-4.17,2.817
109.21,8.671,0.605,-4.045,2.841
109.22,8.723,0.557,-3.921,2.865
109.23,8.773,0.507,-3.799,2.887
109.24,8.819,0.455,-3.679,2.908
109.25,8.864,0.402,-3.561,2.928
109.26,8.906,0.346,-3.445,2.948
109.27,8.945,0.288,-3.33,2.966
109.28,8.983,0.229,-3.215,2.984
109.29,9.018,0.169,-3.101,3.001
109.3,9.052,0.106,-2.988,3.018
109.31,9.083,0.043,-2.876,3.033
109.32,9.113,-0.021,-2.765,3.048
109.33,9.141,-0.087,-2.655,3.062
109.34,9.166,-0.155,-2.546,3.076
109.35,9.19,-0.223,-2.438,3.088
109.36,9.212,-0.293,-2.332,3.1
109.37,9.232,-0.364,-2.227,3.11
109.38,9.25,-0.436,-2.122,3.119
109.39,9.267,-0.509,-2.019,3.128
109.4,9.282,-0.583,-1.916,3.134
109.41,9.295,-0.658,-1.814,3.14
109.42,9.308,-0.733,-1.712,3.144
109.43,9.318,-0.809,-1.611,3.147
109.44,9.328,-0.886,-1.51,3.149
109.45,9.336,-0.962,-1.411,3.149
109.46,9.342,-1.039,-1.312,3.148
109.47,9.347,-1.116,-1.213,3.146
109.48,9.351,-1.192,-1.116,3.142
109.49,9.354,-1.269,-1.018,3.138
109.5,9.355,-1.345,-0.922,3.132
109.51,9.355,-1.421,-0.826,3.126
109.52,9.353,-1.496,-0.73,3.119
109.53,9.351,-1.571,-0.635,3.111
109.54,9.347,-1.646,-0.541,3.102
109.55,9.342,-1.719,-0.447,3.093
109.56,9.335,-1.792,-0.353,3.083
109.57,9.327,-1.864,-0.261,3.073
109.58,9.318,-1.935,-0.169,3.062
109.59,9.308,-2.005,-0.077,3.052
109.6,9.297,-2.074,0.012,3.04
109.61,9.285,-2.142,0.103,3.029
109.62,9.272,-2.209,0.193,3.016
109.63,9.258,-2.274,0.283,3.004
109.64,9.243,-2.339,0.372,2.99
109.65,9.227,-2.402,0.461,2.976
109.66,9.211,-2.465,0.551,2.961
109.67,9.194,-2.526,0.64,2.945
109.68,9.176,-2.585,0.73,2.928
109.69,9.157,-2.644,0.821,2.91
109.7,9.138,-2.701,0.912,2.891
109.71,9.118,-2.756,1.004,2.87
109.72,9.098,-2.81,1.097,2.848
109.73,9.077,-2.862,1.191,2.825
109.74,9.056,-2.912,1.285,2.801
109.75,9.034,-2.96,1.381,2.775
109.76,9.012,-3.006,1.477,2.748
109.77,8.989,-3.05,1.573,2.721
109.78,8.966,-3.092,1.67,2.692
109.79,8.942,-3.132,1.767,2.662
109.8,8.918,-3.17,1.864,2.632
109.81,8.894,-3.206,1.96,2.601
109.82,8.869,-3.24,2.056,2.57
109.83,8.843,-3.272,2.152,2.538
109.84,8.818,-3.302,2.247,2.506
109.85,8.791,-3.33,2.343,2.473
109.86,8.765,-3.356,2.439,2.44
109.87,8.737,-3.381,2.534,2.406
109.88,8.709,-3.405,2.63,2.371
109.89,8.68,-3.428,2.725,2.336
109.9,8.651,-3.449,2.82,2.3
109.91,8.621,-3.469,2.915,2.264
109.92,8.591,-3.488,3.01,2.226
109.93,8.559,-3.505,3.106,2.188
109.94,8.527,-3.522,3.201,2.149
109.95,8.495,-3.537,3.297,2.108
109.96,8.461,-3.552,3.393,2.066
109.97,8.426,-3.565,3.49,2.023
109.98,8.391,-3.577,3.586,1.978
109.99,8.354,-3.589,3.684,1.932
110,8.316,-3.6,3.782,1.885
110.01,8.277,-3.611,3.882,1.836
110.02,8.236,-3.62,3.982,1.785
110.03,8.194,-3.629,4.084,1.733
110.04,8.149,-3.637,4.186,1.679
110.05,8.103,-3.644,4.29,1.624
110.06,8.055,-3.651,4.395,1.566
110.07,8.006,-3.657,4.5,1.507
110.08,7.954,-3.662,4.606,1.447
110.09,7.901,-3.667,4.712,1.385
110.1,7.845,-3.671,4.819,1.321
110.11,7.788,-3.674,4.925,1.257
110.12,7.728,-3.676,5.032,1.191
110.13,7.667,-3.678,5.139,1.125
110.14,7.604,-3.679,5.245,1.057
110.15,7.538,-3.679,5.352,0.989
110.16,7.471,-3.679,5.458,0.919
110.17,7.402,-3.677,5.564,0.849
110.18,7.331,-3.675,5.669,0.778
110.19,7.257,-3.672,5.773,0.706
110.2,7.183,-3.667,5.877,0.634
110.21,7.106,-3.662,5.981,0.561
110.22,7.027,-3.655,6.083,0.488
110.23,6.947,-3.647,6.185,0.413
110.24,6.865,-3.637,6.286,0.338
110.25,6.781,-3.626,6.386,0.263
110.26,6.696,-3.613,6.486,0.187
110.27,6.609,-3.598,6.584,0.11
110.28,6.521,-3.582,6.681,0.034
110.29,6.431,-3.563,6.777,-0.041
110.3,6.34,-3.541,6.873,-0.117
110.31,6.247,-3.518,6.967,-0.193
110.32,6.154,-3.494,7.059,-0.268
110.33,6.059,-3.467,7.151,-0.343
110.34,5.963,-3.439,7.24,-0.416
110.35,5.867,-3.409,7.328,-0.489
110.36,5.769,-3.377,7.415,-0.56
110.37,5.671,-3.344,7.499,-0.63
110.38,5.573,-3.309,7.582,-0.699
110.39,5.474,-3.273,7.663,-0.766
110.4,5.375,-3.235,7.742,-0.833
110.41,5.275,-3.196,7.819,-0.897
110.42,5.175,-3.156,7.895,-0.96
110.43,5.074,-3.114,7.969,-1.022
110.44,4.972,-3.072,8.041,-1.082
110.45,4.87,-3.028,8.111,-1.14
110.46,4.769,-2.983,8.18,-1.196
110.47,4.666,-2.937,8.247,-1.251
110.48,4.563,-2.89,8.313,-1.305
110.49,4.46,-2.842,8.377,-1.357
110.5,4.356,-2.794,8.439,-1.407
110.51,4.252,-2.745,8.5,-1.455
110.52,4.147,-2.695,8.56,-1.501
110.53,4.042,-2.644,8.618,-1.545
110.54,3.937,-2.593,8.674,-1.587
110.55,3.832,-2.542,8.729,-1.626
110.56,3.727,-2.49,8.782,-1.664
110.57,3.623,-2.438,8.834,-1.698
110.58,3.519,-2.385,8.883,-1.731
110.59,3.416,-2.333,8.932,-1.761
110.6,3.313,-2.281,8.978,-1.789
110.61,3.211,-2.23,9.023,-1.814
110.62,3.11,-2.179,9.066,-1.836
110.63,3.011,-2.129,9.107,-1.856
110.64,2.915,-2.081,9.146,-1.871
110.65,2.821,-2.034,9.184,-1.883
110.66,2.73,-1.989,9.219,-1.893
110.67,2.64,-1.945,9.253,-1.899
110.68,2.552,-1.903,9.286,-1.904
110.69,2.466,-1.863,9.317,-1.906
110.7,2.382,-1.825,9.346,-1.906
110.71,2.301,-1.79,9.374,-1.903
110.72,2.223,-1.756,9.4,-1.899
110.73,2.146,-1.725,9.424,-1.893
110.74,2.073,-1.696,9.448,-1.885
110.75,2.001,-1.67,9.47,-1.876
110.76,1.932,-1.646,9.49,-1.865
110.77,1.866,-1.625,9.509,-1.853
110.78,1.802,-1.607,9.527,-1.839
110.79,1.741,-1.592,9.544,-1.825
110.8,1.681,-1.579,9.56,-1.809
110.81,1.624,-1.568,9.575,-1.793
110.82,1.57,-1.56,9.588,-1.775
110.83,1.518,-1.555,9.601,-1.757
110.84,1.468,-1.552,9.612,-1.739
110.85,1.42,-1.552,9.623,-1.72
110.86,1.374,-1.555,9.633,-1.7
110.87,1.331,-1.559,9.642,-1.68
110.88,1.29,-1.565,9.65,-1.66
110.89,1.251,-1.573,9.657,-1.64
110.9,1.213,-1.583,9.664,-1.619
110.91,1.177,-1.594,9.67,-1.598
110.92,1.142,-1.607,9.675,-1.578
110.93,1.109,-1.621,9.68,-1.557
110.94,1.077,-1.636,9.684,-1.537
110.95,1.046,-1.653,9.688,-1.517
110.96,1.017,-1.671,9.691,-1.498
110.97,0.989,-1.69,9.694,-1.479
110.98,0.964,-1.711,9.695,-1.461
110.99,0.941,-1.733,9.696,-1.444
111,0.918,-1.755,9.697,-1.427
111.01,0.897,-1.779,9.697,-1.412
111.02,0.877,-1.803,9.696,-1.397
111.03,0.857,-1.828,9.695,-1.383
111.04,0.84,-1.854,9.694,-1.37
111.05,0.823,-1.88,9.692,-1.358
111.06,0.808,-1.907,9.689,-1.347
111.07,0.793,-1.934,9.687,-1.337
111.08,0.78,-1.961,9.683,-1.328
111.09,0.768,-1.989,9.68,-1.319
111.1,0.758,-2.016,9.676,-1.312
111.11,0.748,-2.043,9.672,-1.305
111.12,0.739,-2.07,9.668,-1.299
111.13,0.732,-2.096,9.663,-1.294
111.14,0.726,-2.122,9.659,-1.29
111.15,0.722,-2.147,9.654,-1.286
111.16,0.719,-2.171,9.649,-1.283
111.17,0.719,-2.195,9.644,-1.281
111.18,0.721,-2.217,9.639,-1.278
111.19,0.724,-2.239,9.634,-1.276
111.2,0.73,-2.259,9.629,-1.275
111.21,0.738,-2.278,9.624,-1.273
111.22,0.75,-2.297,9.619,-1.272
111.23,0.763,-2.314,9.614,-1.271
111.24,0.78,-2.33,9.609,-1.27
111.25,0.8,-2.345,9.604,-1.269
111.26,0.823,-2.359,9.599,-1.269
111.27,0.85,-2.373,9.593,-1.267
111.28,0.88,-2.385,9.588,-1.266
111.29,0.913,-2.396,9.582,-1.265
111.3,0.949,-2.406,9.576,-1.263
111.31,0.989,-2.414,9.57,-1.262
111.32,1.036,-2.42,9.564,-1.26
111.33,1.087,-2.425,9.557,-1.257
111.34,1.141,-2.429,9.551,-1.253
111.35,1.199,-2.431,9.543,-1.249
111.36,1.261,-2.433,9.536,-1.244
111.37,1.328,-2.433,9.527,-1.238
111.38,1.398,-2.431,9.519,-1.231
111.39,1.472,-2.429,9.509,-1.223
111.4,1.55,-2.424,9.499,-1.214
111.41,1.632,-2.419,9.488,-1.203
111.42,1.719,-2.412,9.476,-1.191
111.43,1.809,-2.404,9.463,-1.177
111.44,1.903,-2.395,9.449,-1.162
111.45,2.001,-2.385,9.433,-1.145
111.46,2.102,-2.373,9.416,-1.127
111.47,2.206,-2.361,9.398,-1.108
111.48,2.314,-2.347,9.377,-1.087
111.49,2.425,-2.333,9.356,-1.066
111.5,2.537,-2.318,9.332,-1.043
111.51,2.653,-2.302,9.307,-1.019
111.52,2.77,-2.285,9.279,-0.994
111.53,2.89,-2.268,9.249,-0.968
111.54,3.012,-2.25,9.218,-0.941
111.55,3.134,-2.232,9.184,-0.914
111.56,3.258,-2.213,9.148,-0.886
111.57,3.383,-2.193,9.11,-0.858
111.58,3.508,-2.173,9.07,-0.829
111.59,3.634,-2.153,9.028,-0.8
111.6,3.761,-2.132,8.983,-0.77
111.61,3.889,-2.111,8.936,-0.739
111.62,4.017,-2.09,8.887,-0.708
111.63,4.145,-2.069,8.836,-0.677
111.64,4.273,-2.047,8.782,-0.645
111.65,4.401,-2.025,8.726,-0.612
111.66,4.528,-2.003,8.668,-0.579
111.67,4.655,-1.98,8.608,-0.545
111.68,4.782,-1.956,8.546,-0.51
111.69,4.907,-1.932,8.482,-0.475
111.7,5.032,-1.908,8.416,-0.439
111.71,5.156,-1.883,8.348,-0.403
111.72,5.279,-1.858,8.278,-0.366
111.73,5.402,-1.833,8.206,-0.328
111.74,5.524,-1.807,8.132,-0.29
111.75,5.645,-1.781,8.055,-0.251
111.76,5.766,-1.755,7.976,-0.211
111.77,5.886,-1.728,7.895,-0.171
111.78,6.006,-1.702,7.81,-0.13
111.79,6.126,-1.675,7.723,-0.089
111.8,6.245,-1.649,7.633,-0.047
111.81,6.364,-1.622,7.54,-0.005
111.82,6.482,-1.596,7.444,0.037
111.83,6.599,-1.57,7.346,0.081
111.84,6.716,-1.543,7.245,0.125
111.85,6.831,-1.517,7.141,0.169
111.86,6.946,-1.492,7.034,0.213
111.87,7.059,-1.466,6.924,0.258
111.88,7.171,-1.44,6.811,0.303
111.89,7.281,-1.415,6.697,0.349
111.9,7.389,-1.389,6.58,0.394
111.91,7.495,-1.363,6.462,0.439
111.92,7.598,-1.338,6.342,0.484
111.93,7.699,-1.312,6.222,0.528
111.94,7.797,-1.286,6.1,0.573
111.95,7.892,-1.261,5.977,0.616
111.96,7.985,-1.235,5.853,0.66
111.97,8.075,-1.21,5.729,0.703
111.98,8.163,-1.184,5.603,0.745
111.99,8.248,-1.158,5.476,0.787
112,8.331,-1.132,5.348,0.828
112.01,8.412,-1.106,5.219,0.867
112.02,8.492,-1.08,5.088,0.905
112.03,8.568,-1.053,4.957,0.942
112.04,8.643,-1.027,4.823,0.977
112.05,8.716,-1.001,4.689,1.012
112.06,8.787,-0.975,4.553,1.044
112.07,8.856,-0.949,4.415,1.076
112.08,8.923,-0.923,4.276,1.105
112.09,8.988,-0.898,4.135,1.133
112.1,9.051,-0.873,3.994,1.159
112.11,9.112,-0.849,3.851,1.184
112.12,9.171,-0.825,3.707,1.206
112.13,9.227,-0.802,3.563,1.227
112.14,9.282,-0.779,3.417,1.246
112.15,9.334,-0.756,3.27,1.264
112.16,9.384,-0.735,3.123,1.28
112.17,9.432,-0.714,2.974,1.293
112.18,9.477,-0.694,2.825,1.305
112.19,9.521,-0.674,2.675,1.316
112.2,9.562,-0.655,2.523,1.324
112.21,9.601,-0.637,2.371,1.33
112.22,9.639,-0.619,2.218,1.335
112.23,9.673,-0.602,2.064,1.337
112.24,9.706,-0.585,1.909,1.337
112.25,9.737,-0.57,1.754,1.336
112.26,9.765,-0.555,1.598,1.332
112.27,9.791,-0.54,1.441,1.326
112.28,9.815,-0.526,1.283,1.318
112.29,9.836,-0.513,1.125,1.308
112.3,9.855,-0.5,0.966,1.296
112.31,9.872,-0.488,0.807,1.281
112.32,9.886,-0.476,0.648,1.265
112.33,9.898,-0.465,0.488,1.247
112.34,9.908,-0.454,0.329,1.227
112.35,9.915,-0.444,0.169,1.205
112.36,9.92,-0.436,0.009,1.18
112.37,9.922,-0.427,-0.15,1.154
112.38,9.922,-0.419,-0.31,1.127
112.39,9.919,-0.412,-0.47,1.098
112.4,9.914,-0.406,-0.628,1.068
112.41,9.906,-0.399,-0.786,1.038
112.42,9.896,-0.394,-0.942,1.006
112.43,9.884,-0.388,-1.097,0.974
112.44,9.869,-0.383,-1.251,0.941
112.45,9.851,-0.378,-1.404,0.908
112.46,9.832,-0.373,-1.556,0.875
112.47,9.809,-0.368,-1.709,0.842
112.48,9.785,-0.363,-1.861,0.809
112.49,9.757,-0.357,-2.013,0.776
112.5,9.728,-0.351,-2.165,0.743
112.51,9.695,-0.344,-2.318,0.711
112.52,9.659,-0.336,-2.471,0.679
112.53,9.621,-0.328,-2.626,0.647
112.54,9.58,-0.318,-2.781,0.616
112.55,9.535,-0.307,-2.937,0.585
112.56,9.488,-0.295,-3.093,0.555
112.57,9.437,-0.281,-3.251,0.525
112.58,9.383,-0.267,-3.409,0.496
112.59,9.326,-0.251,-3.569,0.468
112.6,9.264,-0.235,-3.73,0.44
112.61,9.199,-0.216,-3.891,0.413
112.62,9.131,-0.196,-4.053,0.387
112.63,9.058,-0.175,-4.217,0.361
112.64,8.981,-0.152,-4.38,0.336
112.65,8.901,-0.128,-4.544,0.311
112.66,8.816,-0.103,-4.708,0.287
112.67,8.727,-0.076,-4.873,0.264
112.68,8.635,-0.048,-5.037,0.241
112.69,8.537,-0.018,-5.201,0.218
112.7,8.436,0.014,-5.366,0.196
112.71,8.33,0.048,-5.529,0.174
112.72,8.22,0.083,-5.691,0.152
112.73,8.107,0.12,-5.85,0.13
112.74,7.991,0.157,-6.008,0.107
112.75,7.871,0.196,-6.163,0.085
112.76,7.749,0.236,-6.316,0.061
112.77,7.624,0.277,-6.464,0.038
112.78,7.496,0.319,-6.61,0.013
112.79,7.367,0.361,-6.752,-0.011
112.8,7.235,0.404,-6.891,-0.037
112.81,7.1,0.447,-7.026,-0.064
112.82,6.964,0.489,-7.159,-0.092
112.83,6.824,0.532,-7.288,-0.121
112.84,6.683,0.574,-7.415,-0.151
112.85,6.538,0.616,-7.538,-0.182
112.86,6.391,0.657,-7.659,-0.214
112.87,6.242,0.698,-7.777,-0.248
112.88,6.09,0.738,-7.891,-0.282
112.89,5.935,0.776,-8.003,-0.318
112.9,5.778,0.814,-8.112,-0.354
112.91,5.619,0.85,-8.218,-0.392
112.92,5.458,0.885,-8.321,-0.43
112.93,5.294,0.919,-8.42,-0.469
112.94,5.128,0.951,-8.516,-0.509
112.95,4.959,0.982,-8.61,-0.549
112.96,4.789,1.011,-8.7,-0.591
112.97,4.616,1.038,-8.786,-0.633
112.98,4.441,1.064,-8.87,-0.676
112.99,4.263,1.087,-8.951,-0.719
113,4.083,1.109,-9.028,-0.762
113.01,3.902,1.128,-9.102,-0.806
113.02,3.718,1.146,-9.172,-0.85
113.03,3.532,1.161,-9.239,-0.894
113.04,3.344,1.173,-9.303,-0.938
113.05,3.153,1.182,-9.364,-0.982
113.06,2.961,1.189,-9.421,-1.025
113.07,2.768,1.194,-9.474,-1.067
113.08,2.573,1.197,-9.524,-1.108
113.09,2.378,1.198,-9.57,-1.149
113.1,2.181,1.197,-9.612,-1.188
113.11,1.984,1.194,-9.65,-1.227
113.12,1.787,1.189,-9.684,-1.263
113.13,1.589,1.182,-9.715,-1.299
113.14,1.392,1.173,-9.741,-1.333
113.15,1.196,1.163,-9.764,-1.366
113.16,1.002,1.152,-9.783,-1.397
113.17,0.809,1.139,-9.798,-1.426
113.18,0.618,1.125,-9.809,-1.454
113.19,0.429,1.111,-9.817,-1.48
113.2,0.242,1.095,-9.822,-1.504
113.21,0.056,1.079,-9.823,-1.526
113.22,-0.126,1.061,-9.821,-1.547
113.23,-0.308,1.043,-9.816,-1.565
113.24,-0.488,1.025,-9.808,-1.583
113.25,-0.667,1.006,-9.797,-1.598
113.26,-0.843,0.987,-9.783,-1.612
113.27,-1.017,0.967,-9.766,-1.624
113.28,-1.19,0.947,-9.747,-1.635
113.29,-1.362,0.927,-9.725,-1.645
113.3,-1.531,0.907,-9.7,-1.653
113.31,-1.699,0.887,-9.672,-1.661
113.32,-1.866,0.867,-9.642,-1.667
113.33,-2.031,0.847,-9.61,-1.672
113.34,-2.195,0.827,-9.575,-1.677
113.35,-2.357,0.807,-9.537,-1.681
113.36,-2.517,0.787,-9.497,-1.684
113.37,-2.676,0.767,-9.455,-1.686
113.38,-2.833,0.748,-9.41,-1.688
113.39,-2.988,0.729,-9.364,-1.688
113.4,-3.14,0.71,-9.315,-1.689
113.41,-3.29,0.692,-9.264,-1.689
113.42,-3.439,0.674,-9.212,-1.688
113.43,-3.585,0.656,-9.157,-1.687
113.44,-3.73,0.638,-9.101,-1.686
113.45,-3.873,0.62,-9.042,-1.684
113.46,-4.015,0.602,-8.982,-1.683
113.47,-4.155,0.584,-8.92,-1.681
113.48,-4.292,0.566,-8.856,-1.679
113.49,-4.428,0.548,-8.79,-1.677
113.5,-4.562,0.529,-8.723,-1.675
113.51,-4.694,0.511,-8.654,-1.674
113.52,-4.823,0.492,-8.584,-1.672
113.53,-4.951,0.473,-8.512,-1.671
113.54,-5.077,0.453,-8.439,-1.67
113.55,-5.202,0.434,-8.363,-1.67
113.56,-5.325,0.413,-8.287,-1.671
113.57,-5.447,0.392,-8.208,-1.672
113.58,-5.567,0.371,-8.127,-1.674
113.59,-5.687,0.349,-8.044,-1.677
113.6,-5.805,0.326,-7.959,-1.68
113.61,-5.923,0.303,-7.872,-1.685
113.62,-6.04,0.279,-7.783,-1.69
113.63,-6.156,0.255,-7.691,-1.696
113.64,-6.271,0.23,-7.596,-1.704
113.65,-6.386,0.204,-7.499,-1.712
113.66,-6.499,0.177,-7.399,-1.721
113.67,-6.612,0.15,-7.297,-1.732
113.68,-6.723,0.122,-7.192,-1.743
113.69,-6.833,0.094,-7.085,-1.756
113.7,-6.942,0.064,-6.976,-1.77
113.71,-7.048,0.034,-6.864,-1.784
113.72,-7.154,0.002,-6.751,-1.8
113.73,-7.256,-0.03,-6.635,-1.817
113.74,-7.357,-0.063,-6.518,-1.836
113.75,-7.455,-0.098,-6.4,-1.855
113.76,-7.551,-0.133,-6.28,-1.874
113.77,-7.645,-0.169,-6.159,-1.894
113.78,-7.735,-0.206,-6.036,-1.915
113.79,-7.824,-0.245,-5.913,-1.935
113.8,-7.91,-0.284,-5.788,-1.956
113.81,-7.994,-0.324,-5.662,-1.977
113.82,-8.076,-0.365,-5.535,-1.998
113.83,-8.155,-0.407,-5.407,-2.019
113.84,-8.231,-0.449,-5.279,-2.04
113.85,-8.305,-0.493,-5.149,-2.062
113.86,-8.376,-0.537,-5.02,-2.083
113.87,-8.445,-0.582,-4.89,-2.104
113.88,-8.51,-0.627,-4.76,-2.125
113.89,-8.573,-0.673,-4.629,-2.145
113.9,-8.633,-0.719,-4.499,-2.166
113.91,-8.69,-0.766,-4.369,-2.187
113.92,-8.745,-0.813,-4.24,-2.207
113.93,-8.797,-0.86,-4.111,-2.226
113.94,-8.846,-0.907,-3.983,-2.244
113.95,-8.893,-0.954,-3.856,-2.262
113.96,-8.938,-1,-3.729,-2.28
113.97,-8.98,-1.047,-3.602,-2.297
113.98,-9.02,-1.093,-3.477,-2.312
113.99,-9.057,-1.139,-3.352,-2.327
114,-9.093,-1.184,-3.227,-2.341
114.01,-9.127,-1.228,-3.103,-2.354
114.02,-9.159,-1.272,-2.979,-2.366
114.03,-9.19,-1.315,-2.855,-2.376
114.04,-9.219,-1.357,-2.73,-2.386
114.05,-9.247,-1.397,-2.606,-2.394
114.06,-9.273,-1.436,-2.482,-2.401
114.07,-9.298,-1.474,-2.358,-2.407
114.08,-9.322,-1.508,-2.235,-2.411
114.09,-9.345,-1.542,-2.111,-2.414
114.1,-9.366,-1.573,-1.988,-2.416
114.11,-9.386,-1.603,-1.866,-2.416
114.12,-9.405,-1.631,-1.744,-2.415
114.13,-9.423,-1.657,-1.622,-2.413
114.14,-9.44,-1.681,-1.5,-2.409
114.15,-9.455,-1.702,-1.379,-2.405
114.16,-9.47,-1.721,-1.259,-2.399
114.17,-9.484,-1.738,-1.14,-2.392
114.18,-9.497,-1.752,-1.022,-2.384
114.19,-9.509,-1.764,-0.905,-2.375
114.2,-9.52,-1.775,-0.787,-2.365
114.21,-9.53,-1.783,-0.671,-2.353
114.22,-9.539,-1.789,-0.554,-2.341
114.23,-9.548,-1.792,-0.439,-2.328
114.24,-9.555,-1.794,-0.323,-2.314
114.25,-9.562,-1.795,-0.209,-2.3
114.26,-9.568,-1.793,-0.095,-2.285
114.27,-9.572,-1.791,0.018,-2.269
114.28,-9.576,-1.787,0.131,-2.254
114.29,-9.578,-1.783,0.245,-2.238
114.3,-9.58,-1.777,0.358,-2.221
114.31,-9.58,-1.77,0.47,-2.204
114.32,-9.579,-1.763,0.583,-2.186
114.33,-9.577,-1.754,0.695,-2.169
114.34,-9.574,-1.745,0.807,-2.151
114.35,-9.57,-1.736,0.92,-2.133
114.36,-9.564,-1.727,1.032,-2.114
114.37,-9.557,-1.717,1.144,-2.096
114.38,-9.549,-1.707,1.257,-2.077
114.39,-9.539,-1.698,1.369,-2.058
114.4,-9.528,-1.688,1.482,-2.038
114.41,-9.516,-1.679,1.596,-2.018
114.42,-9.501,-1.671,1.71,-1.998
114.43,-9.485,-1.664,1.824,-1.978
114.44,-9.468,-1.658,1.938,-1.958
114.45,-9.449,-1.652,2.051,-1.938
114.46,-9.429,-1.647,2.164,-1.918
114.47,-9.407,-1.644,2.277,-1.897
114.48,-9.384,-1.642,2.389,-1.877
114.49,-9.359,-1.641,2.501,-1.856
114.5,-9.333,-1.641,2.612,-1.835
114.51,-9.305,-1.643,2.723,-1.814
114.52,-9.275,-1.647,2.832,-1.793
114.53,-9.245,-1.653,2.941,-1.772
114.54,-9.213,-1.661,3.048,-1.75
114.55,-9.179,-1.671,3.154,-1.728
114.56,-9.144,-1.683,3.26,-1.706
114.57,-9.108,-1.697,3.365,-1.683
114.58,-9.07,-1.713,3.468,-1.66
114.59,-9.031,-1.732,3.57,-1.637
114.6,-8.991,-1.752,3.671,-1.613
114.61,-8.95,-1.775,3.77,-1.589
114.62,-8.908,-1.799,3.867,-1.565
114.63,-8.864,-1.825,3.963,-1.54
114.64,-8.82,-1.853,4.057,-1.515
114.65,-8.775,-1.882,4.15,-1.489
114.66,-8.729,-1.912,4.241,-1.464
114.67,-8.682,-1.943,4.331,-1.438
114.68,-8.635,-1.975,4.419,-1.413
114.69,-8.587,-2.007,4.505,-1.387
114.7,-8.538,-2.04,4.59,-1.361
114.71,-8.49,-2.074,4.672,-1.335
114.72,-8.441,-2.107,4.752,-1.309
114.73,-8.391,-2.141,4.831,-1.284
114.74,-8.342,-2.175,4.908,-1.258
114.75,-8.292,-2.209,4.982,-1.232
114.76,-8.242,-2.243,5.056,-1.206
114.77,-8.193,-2.278,5.126,-1.182
114.78,-8.143,-2.313,5.195,-1.158
114.79,-8.092,-2.348,5.263,-1.135
114.8,-8.041,-2.383,5.329,-1.112
114.81,-7.99,-2.419,5.394,-1.091
114.82,-7.939,-2.454,5.458,-1.07
114.83,-7.888,-2.489,5.52,-1.049
114.84,-7.836,-2.523,5.582,-1.029
114.85,-7.784,-2.558,5.642,-1.01
114.86,-7.732,-2.591,5.701,-0.992
114.87,-7.68,-2.624,5.759,-0.975
114.88,-7.627,-2.657,5.817,-0.959
114.89,-7.574,-2.689,5.873,-0.944
114.9,-7.521,-2.721,5.929,-0.929
114.91,-7.468,-2.751,5.984,-0.916
114.92,-7.414,-2.78,6.039,-0.903
114.93,-7.358,-2.808,6.096,-0.89
114.94,-7.301,-2.834,6.154,-0.878
114.95,-7.242,-2.859,6.214,-0.865
114.96,-7.181,-2.881,6.276,-0.854
114.97,-7.116,-2.902,6.341,-0.842
114.98,-7.049,-2.921,6.409,-0.831
114.99,-6.98,-2.938,6.478,-0.82
115,-6.908,-2.953,6.549,-0.809
115.01,-6.833,-2.966,6.623,-0.798
115.02,-6.755,-2.977,6.699,-0.787
115.03,-6.675,-2.986,6.776,-0.776
115.04,-6.592,-2.993,6.855,-0.766
115.05,-6.506,-2.998,6.935,-0.755
115.06,-6.418,-3.002,7.016,-0.745
115.07,-6.329,-3.004,7.097,-0.735
115.08,-6.237,-3.006,7.178,-0.725
115.09,-6.144,-3.006,7.259,-0.716
115.1,-6.049,-3.004,7.339,-0.707
115.11,-5.949,-2.998,7.424,-0.699
115.12,-5.846,-2.99,7.509,-0.691
115.13,-5.739,-2.979,7.596,-0.683
115.14,-5.628,-2.967,7.684,-0.676
115.15,-5.515,-2.952,7.772,-0.669
115.16,-5.4,-2.936,7.859,-0.662
115.17,-5.283,-2.919,7.945,-0.656
115.18,-5.165,-2.901,8.03,-0.649
115.19,-5.046,-2.882,8.112,-0.643
115.2,-4.926,-2.862,8.193,-0.637
115.21,-4.806,-2.841,8.271,-0.63
115.22,-4.685,-2.82,8.348,-0.623
115.23,-4.563,-2.799,8.423,-0.616
115.24,-4.441,-2.778,8.496,-0.608
115.25,-4.318,-2.756,8.567,-0.599
115.26,-4.195,-2.734,8.635,-0.591
115.27,-4.071,-2.712,8.702,-0.581
115.28,-3.946,-2.689,8.767,-0.571
115.29,-3.821,-2.667,8.83,-0.56
115.3,-3.694,-2.644,8.891,-0.548
115.31,-3.567,-2.621,8.95,-0.536
115.32,-3.439,-2.598,9.007,-0.522
115.33,-3.31,-2.576,9.063,-0.508
115.34,-3.179,-2.554,9.116,-0.494
115.35,-3.048,-2.532,9.168,-0.479
115.36,-2.916,-2.51,9.218,-0.463
115.37,-2.783,-2.488,9.265,-0.447
115.38,-2.65,-2.467,9.311,-0.43
115.39,-2.515,-2.446,9.354,-0.412
115.4,-2.38,-2.425,9.396,-0.393
115.41,-2.245,-2.405,9.435,-0.372
115.42,-2.11,-2.385,9.472,-0.351
115.43,-1.975,-2.366,9.507,-0.327
115.44,-1.843,-2.348,9.539,-0.302
115.45,-1.716,-2.33,9.568,-0.272
115.46,-1.591,-2.312,9.594,-0.241
115.47,-1.47,-2.295,9.619,-0.207
115.48,-1.351,-2.278,9.641,-0.171
115.49,-1.233,-2.261,9.661,-0.133
115.5,-1.118,-2.245,9.679,-0.092
115.51,-1.005,-2.229,9.696,-0.049
115.52,-0.892,-2.213,9.71,-0.004
115.53,-0.781,-2.198,9.723,0.042
115.54,-0.67,-2.184,9.735,0.091
115.55,-0.557,-2.169,9.744,0.142
115.56,-0.443,-2.156,9.752,0.195
115.57,-0.327,-2.143,9.758,0.25
115.58,-0.21,-2.131,9.763,0.306
115.59,-0.092,-2.119,9.765,0.364
115.6,0.025,-2.108,9.765,0.423
115.61,0.145,-2.098,9.764,0.483
115.62,0.266,-2.088,9.76,0.544
115.63,0.388,-2.079,9.755,0.605
115.64,0.51,-2.07,9.747,0.666
115.65,0.634,-2.061,9.737,0.727
115.66,0.76,-2.053,9.725,0.789
115.67,0.886,-2.045,9.711,0.85
115.68,1.012,-2.037,9.694,0.911
115.69,1.14,-2.029,9.676,0.972
115.7,1.268,-2.021,9.655,1.033
115.71,1.397,-2.013,9.633,1.094
115.72,1.528,-2.005,9.607,1.154
115.73,1.66,-1.996,9.58,1.214
115.74,1.793,-1.987,9.55,1.274
115.75,1.928,-1.978,9.517,1.333
115.76,2.064,-1.968,9.482,1.392
115.77,2.202,-1.957,9.445,1.45
115.78,2.342,-1.946,9.404,1.507
115.79,2.483,-1.934,9.361,1.564
115.8,2.63,-1.92,9.314,1.619
115.81,2.78,-1.906,9.264,1.672
115.82,2.933,-1.891,9.21,1.724
115.83,3.089,-1.875,9.153,1.775
115.84,3.248,-1.859,9.091,1.824
115.85,3.409,-1.843,9.026,1.871
115.86,3.573,-1.826,8.956,1.916
115.87,3.739,-1.809,8.882,1.959
115.88,3.907,-1.792,8.804,2.001
115.89,4.076,-1.775,8.721,2.04
115.9,4.247,-1.759,8.634,2.077
115.91,4.418,-1.742,8.542,2.112
115.92,4.59,-1.726,8.446,2.145
115.93,4.761,-1.71,8.346,2.175
115.94,4.931,-1.696,8.242,2.203
115.95,5.101,-1.682,8.134,2.229
115.96,5.269,-1.669,8.022,2.254
115.97,5.436,-1.656,7.907,2.276
115.98,5.6,-1.645,7.787,2.297
115.99,5.763,-1.635,7.664,2.316
116,5.923,-1.626,7.537,2.334
116.01,6.082,-1.618,7.406,2.351
116.02,6.238,-1.611,7.272,2.366
116.03,6.392,-1.604,7.133,2.381
116.04,6.544,-1.598,6.991,2.394
116.05,6.694,-1.593,6.845,2.406
116.06,6.841,-1.588,6.695,2.418
116.07,6.985,-1.583,6.541,2.429
116.08,7.128,-1.578,6.383,2.439
116.09,7.267,-1.573,6.221,2.449
116.1,7.404,-1.568,6.055,2.458
116.11,7.536,-1.563,5.887,2.468
116.12,7.665,-1.558,5.715,2.477
116.13,7.79,-1.553,5.541,2.487
116.14,7.91,-1.549,5.364,2.498
116.15,8.025,-1.546,5.186,2.509
116.16,8.136,-1.543,5.005,2.521
116.17,8.242,-1.54,4.824,2.533
116.18,8.343,-1.537,4.64,2.546
116.19,8.44,-1.533,4.455,2.559
116.2,8.532,-1.528,4.269,2.573
116.21,8.62,-1.522,4.082,2.588
116.22,8.703,-1.516,3.893,2.604
116.23,8.783,-1.507,3.703,2.62
116.24,8.857,-1.497,3.511,2.638
116.25,8.928,-1.485,3.318,2.657
116.26,8.995,-1.47,3.123,2.676
116.27,9.058,-1.453,2.926,2.697
116.28,9.117,-1.432,2.726,2.719
116.29,9.171,-1.408,2.524,2.742
116.3,9.222,-1.381,2.321,2.765
116.31,9.268,-1.35,2.115,2.79
116.32,9.311,-1.315,1.908,2.815
116.33,9.348,-1.277,1.699,2.841
116.34,9.382,-1.236,1.49,2.867
116.35,9.411,-1.19,1.279,2.893
116.36,9.435,-1.141,1.068,2.919
116.37,9.455,-1.088,0.855,2.945
116.38,9.47,-1.031,0.643,2.97
116.39,9.481,-0.971,0.43,2.995
116.4,9.487,-0.907,0.219,3.019
116.41,9.488,-0.84,0.008,3.043
116.42,9.485,-0.77,-0.2,3.064
116.43,9.477,-0.697,-0.407,3.085
116.44,9.465,-0.622,-0.612,3.104
116.45,9.449,-0.544,-0.815,3.121
116.46,9.429,-0.464,-1.015,3.137
116.47,9.405,-0.383,-1.212,3.15
116.48,9.377,-0.299,-1.406,3.162
116.49,9.346,-0.213,-1.596,3.17
116.5,9.311,-0.126,-1.783,3.177
116.51,9.273,-0.037,-1.969,3.181
116.52,9.231,0.051,-2.152,3.183
116.53,9.186,0.141,-2.334,3.183
116.54,9.138,0.231,-2.514,3.181
116.55,9.086,0.322,-2.692,3.175
116.56,9.031,0.414,-2.869,3.168
116.57,8.972,0.506,-3.043,3.157
116.58,8.911,0.597,-3.215,3.144
116.59,8.847,0.689,-3.385,3.129
116.6,8.78,0.78,-3.552,3.111
116.61,8.71,0.87,-3.717,3.09
116.62,8.637,0.96,-3.879,3.067
116.63,8.562,1.049,-4.039,3.042
116.64,8.485,1.136,-4.197,3.014
116.65,8.405,1.223,-4.351,2.984
116.66,8.323,1.309,-4.504,2.951
116.67,8.239,1.393,-4.654,2.917
116.68,8.152,1.475,-4.801,2.88
116.69,8.063,1.556,-4.947,2.842
116.7,7.972,1.635,-5.09,2.802
116.71,7.878,1.711,-5.231,2.761
116.72,7.782,1.786,-5.37,2.719
116.73,7.685,1.858,-5.506,2.675
116.74,7.585,1.927,-5.641,2.63
116.75,7.484,1.994,-5.772,2.585
116.76,7.381,2.058,-5.901,2.539
116.77,7.277,2.119,-6.028,2.492
116.78,7.17,2.177,-6.152,2.445
116.79,7.063,2.232,-6.275,2.397
116.8,6.953,2.283,-6.396,2.348
116.81,6.842,2.332,-6.515,2.3
116.82,6.73,2.377,-6.631,2.252
116.83,6.618,2.415,-6.745,2.205
116.84,6.505,2.449,-6.856,2.16
116.85,6.393,2.479,-6.963,2.116
116.86,6.282,2.505,-7.068,2.073
116.87,6.171,2.527,-7.169,2.032
116.88,6.061,2.545,-7.266,1.993
116.89,5.953,2.559,-7.36,1.956
116.9,5.846,2.569,-7.451,1.921
116.91,5.74,2.577,-7.539,1.888
116.92,5.636,2.58,-7.623,1.858
116.93,5.535,2.581,-7.703,1.831
116.94,5.437,2.578,-7.779,1.806
116.95,5.341,2.572,-7.853,1.784
116.96,5.247,2.564,-7.923,1.764
116.97,5.154,2.554,-7.991,1.746
116.98,5.063,2.542,-8.056,1.73
116.99,4.973,2.528,-8.119,1.716
117,4.884,2.512,-8.18,1.704
117.01,4.797,2.494,-8.239,1.695
117.02,4.713,2.474,-8.295,1.688
117.03,4.629,2.453,-8.349,1.683
117.04,4.547,2.431,-8.401,1.68
117.05,4.466,2.408,-8.451,1.679
117.06,4.385,2.384,-8.5,1.679
117.07,4.304,2.359,-8.548,1.68
117.08,4.223,2.334,-8.595,1.683
117.09,4.142,2.309,-8.64,1.686
117.1,4.062,2.283,-8.684,1.69
117.11,3.982,2.257,-8.727,1.695
117.12,3.902,2.23,-8.769,1.701
117.13,3.822,2.204,-8.809,1.707
117.14,3.743,2.177,-8.848,1.715
117.15,3.664,2.15,-8.887,1.722
117.16,3.585,2.123,-8.924,1.73
117.17,3.506,2.096,-8.96,1.739
117.18,3.426,2.07,-8.995,1.748
117.19,3.346,2.043,-9.029,1.756
117.2,3.266,2.018,-9.063,1.765
117.21,3.185,1.992,-9.095,1.774
117.22,3.104,1.967,-9.127,1.782
117.23,3.023,1.943,-9.158,1.791
117.24,2.942,1.92,-9.187,1.799
117.25,2.86,1.897,-9.216,1.806
117.26,2.779,1.875,-9.244,1.813
117.27,2.697,1.855,-9.271,1.82
117.28,2.614,1.834,-9.298,1.826
117.29,2.532,1.815,-9.323,1.832
117.3,2.45,1.797,-9.348,1.837
117.31,2.368,1.78,-9.371,1.841
117.32,2.286,1.764,-9.394,1.845
117.33,2.203,1.749,-9.416,1.847
117.34,2.121,1.735,-9.437,1.849
117.35,2.04,1.721,-9.457,1.85
117.36,1.959,1.709,-9.477,1.849
117.37,1.88,1.697,-9.495,1.848
117.38,1.802,1.686,-9.512,1.846
117.39,1.726,1.676,-9.529,1.842
117.4,1.651,1.665,-9.545,1.838
117.41,1.578,1.656,-9.56,1.832
117.42,1.506,1.646,-9.575,1.826
117.43,1.435,1.637,-9.588,1.819
117.44,1.366,1.629,-9.602,1.81
117.45,1.298,1.62,-9.614,1.801
117.46,1.231,1.612,-9.626,1.79
117.47,1.164,1.604,-9.638,1.779
117.48,1.098,1.596,-9.649,1.767
117.49,1.032,1.589,-9.66,1.754
117.5,0.966,1.581,-9.671,1.74
117.51,0.9,1.574,-9.681,1.725
117.52,0.834,1.567,-9.691,1.71
117.53,0.769,1.56,-9.7,1.694
117.54,0.703,1.554,-9.709,1.678
117.55,0.638,1.547,-9.717,1.662
117.56,0.573,1.54,-9.725,1.645
117.57,0.507,1.533,-9.733,1.629
117.58,0.443,1.525,-9.74,1.613
117.59,0.378,1.518,-9.746,1.597
117.6,0.313,1.51,-9.752,1.582
117.61,0.249,1.501,-9.758,1.567
117.62,0.185,1.493,-9.763,1.553
117.63,0.121,1.484,-9.767,1.54
117.64,0.057,1.474,-9.771,1.527
117.65,-0.006,1.464,-9.775,1.516
117.66,-0.069,1.454,-9.778,1.505
117.67,-0.133,1.444,-9.78,1.496
117.68,-0.196,1.433,-9.782,1.488
117.69,-0.26,1.421,-9.783,1.482
117.7,-0.323,1.409,-9.783,1.477
117.71,-0.385,1.397,-9.783,1.474
117.72,-0.447,1.385,-9.783,1.473
117.73,-0.508,1.371,-9.781,1.473
117.74,-0.569,1.358,-9.78,1.476
117.75,-0.628,1.343,-9.777,1.481
117.76,-0.686,1.328,-9.774,1.488
117.77,-0.742,1.313,-9.771,1.497
117.78,-0.796,1.297,-9.767,1.509
117.79,-0.848,1.28,-9.763,1.523
117.8,-0.898,1.262,-9.758,1.54
117.81,-0.947,1.244,-9.752,1.56
117.82,-0.993,1.226,-9.747,1.582
117.83,-1.037,1.206,-9.74,1.607
117.84,-1.079,1.187,-9.734,1.634
117.85,-1.118,1.166,-9.727,1.663
117.86,-1.153,1.145,-9.719,1.697
117.87,-1.186,1.123,-9.711,1.734
117.88,-1.218,1.101,-9.703,1.771
117.89,-1.25,1.079,-9.694,1.811
117.9,-1.28,1.056,-9.685,1.851
117.91,-1.311,1.034,-9.675,1.893
117.92,-1.341,1.011,-9.665,1.936
117.93,-1.37,0.989,-9.655,1.98
117.94,-1.4,0.966,-9.643,2.025
117.95,-1.429,0.945,-9.632,2.07
117.96,-1.457,0.923,-9.619,2.116
117.97,-1.485,0.901,-9.607,2.162
117.98,-1.511,0.881,-9.594,2.208
117.99,-1.537,0.86,-9.581,2.254
118,-1.561,0.84,-9.568,2.301
118.01,-1.585,0.822,-9.555,2.346
118.02,-1.607,0.803,-9.541,2.391
118.03,-1.627,0.786,-9.528,2.436
118.04,-1.647,0.769,-9.515,2.479
118.05,-1.665,0.753,-9.502,2.521
118.06,-1.682,0.737,-9.49,2.561
118.07,-1.697,0.722,-9.477,2.6
118.08,-1.711,0.708,-9.466,2.638
118.09,-1.722,0.694,-9.455,2.674
118.1,-1.731,0.681,-9.444,2.708
118.11,-1.738,0.668,-9.434,2.74
118.12,-1.742,0.654,-9.426,2.771
118.13,-1.743,0.642,-9.418,2.799
118.14,-1.742,0.629,-9.411,2.825
118.15,-1.737,0.617,-9.406,2.848
118.16,-1.73,0.605,-9.402,2.869
118.17,-1.72,0.594,-9.399,2.887
118.18,-1.706,0.582,-9.397,2.902
118.19,-1.691,0.572,-9.397,2.914
118.2,-1.672,0.562,-9.398,2.923
118.21,-1.648,0.553,-9.402,2.926
118.22,-1.622,0.545,-9.407,2.926
118.23,-1.593,0.537,-9.414,2.923
118.24,-1.562,0.53,-9.421,2.917
118.25,-1.529,0.525,-9.43,2.907
118.26,-1.494,0.52,-9.439,2.895
118.27,-1.458,0.516,-9.45,2.88
118.28,-1.42,0.513,-9.461,2.862
118.29,-1.381,0.511,-9.473,2.842
118.3,-1.341,0.511,-9.486,2.82
118.31,-1.301,0.512,-9.498,2.795
118.32,-1.261,0.514,-9.511,2.769
118.33,-1.22,0.517,-9.524,2.742
118.34,-1.18,0.522,-9.537,2.713
118.35,-1.14,0.527,-9.55,2.683
118.36,-1.1,0.533,-9.563,2.653
118.37,-1.059,0.54,-9.576,2.622
118.38,-1.018,0.548,-9.588,2.591
118.39,-0.976,0.556,-9.601,2.559
118.4,-0.934,0.565,-9.613,2.528
118.41,-0.891,0.575,-9.625,2.496
118.42,-0.848,0.584,-9.636,2.464
118.43,-0.804,0.594,-9.647,2.432
118.44,-0.759,0.604,-9.658,2.4
118.45,-0.714,0.614,-9.669,2.368
118.46,-0.668,0.624,-9.68,2.336
118.47,-0.621,0.634,-9.689,2.305
118.48,-0.574,0.645,-9.699,2.274
118.49,-0.526,0.655,-9.708,2.244
118.5,-0.478,0.666,-9.717,2.214
118.51,-0.429,0.677,-9.725,2.185
118.52,-0.38,0.688,-9.732,2.157
118.53,-0.33,0.699,-9.739,2.13
118.54,-0.28,0.71,-9.746,2.104
118.55,-0.228,0.721,-9.751,2.08
118.56,-0.176,0.731,-9.757,2.057
118.57,-0.125,0.741,-9.761,2.036
118.58,-0.073,0.751,-9.765,2.016
118.59,-0.021,0.76,-9.768,1.998
118.6,0.03,0.769,-9.771,1.982
118.61,0.084,0.776,-9.773,1.969
118.62,0.139,0.782,-9.774,1.957
118.63,0.195,0.788,-9.774,1.948
118.64,0.252,0.792,-9.774,1.942
118.65,0.311,0.796,-9.773,1.938
118.66,0.371,0.797,-9.771,1.936
118.67,0.433,0.798,-9.768,1.938
118.68,0.495,0.797,-9.764,1.942
118.69,0.558,0.795,-9.759,1.949
118.7,0.622,0.791,-9.754,1.958
118.71,0.687,0.786,-9.748,1.97
118.72,0.752,0.779,-9.741,1.984
118.73,0.818,0.772,-9.733,2
118.74,0.884,0.763,-9.724,2.018
118.75,0.95,0.752,-9.714,2.038
118.76,1.017,0.74,-9.704,2.06
118.77,1.084,0.728,-9.693,2.082
118.78,1.15,0.714,-9.681,2.107
118.79,1.217,0.7,-9.668,2.133
118.8,1.284,0.685,-9.654,2.159
118.81,1.352,0.669,-9.64,2.187
118.82,1.42,0.652,-9.625,2.215
118.83,1.489,0.634,-9.609,2.244
118.84,1.558,0.615,-9.592,2.274
118.85,1.627,0.597,-9.575,2.304
118.86,1.697,0.577,-9.556,2.335
118.87,1.767,0.557,-9.537,2.366
118.88,1.837,0.537,-9.517,2.397
118.89,1.908,0.515,-9.497,2.428
118.9,1.978,0.494,-9.475,2.46
118.91,2.048,0.472,-9.453,2.491
118.92,2.118,0.45,-9.43,2.523
118.93,2.189,0.427,-9.407,2.554
118.94,2.26,0.404,-9.383,2.585
118.95,2.332,0.381,-9.357,2.615
118.96,2.405,0.359,-9.332,2.645
118.97,2.477,0.336,-9.305,2.674
118.98,2.55,0.313,-9.278,2.702
118.99,2.623,0.291,-9.25,2.73
119,2.696,0.27,-9.222,2.756
119.01,2.769,0.249,-9.193,2.782
119.02,2.842,0.229,-9.164,2.806
119.03,2.916,0.211,-9.134,2.829
119.04,2.99,0.193,-9.104,2.85
119.05,3.065,0.177,-9.073,2.87
119.06,3.14,0.163,-9.042,2.889
119.07,3.218,0.15,-9.009,2.906
119.08,3.296,0.138,-8.976,2.921
119.09,3.376,0.128,-8.942,2.935
119.1,3.458,0.12,-8.907,2.947
119.11,3.542,0.113,-8.87,2.957
119.12,3.628,0.108,-8.833,2.966
119.13,3.714,0.106,-8.794,2.973
119.14,3.801,0.105,-8.755,2.978
119.15,3.888,0.107,-8.715,2.982
119.16,3.976,0.11,-8.675,2.985
119.17,4.064,0.116,-8.634,2.986
119.18,4.151,0.125,-8.592,2.986
119.19,4.237,0.135,-8.55,2.986
119.2,4.323,0.148,-8.507,2.984
119.21,4.409,0.163,-8.463,2.982
119.22,4.493,0.179,-8.42,2.979
119.23,4.577,0.198,-8.375,2.975
119.24,4.659,0.219,-8.331,2.971
119.25,4.741,0.24,-8.286,2.966
119.26,4.822,0.263,-8.24,2.961
119.27,4.902,0.286,-8.194,2.956
119.28,4.981,0.31,-8.147,2.951
119.29,5.059,0.336,-8.099,2.945
119.3,5.137,0.362,-8.051,2.94
119.31,5.213,0.388,-8.003,2.934
119.32,5.288,0.415,-7.954,2.928
119.33,5.362,0.443,-7.905,2.922
119.34,5.435,0.471,-7.856,2.916
119.35,5.506,0.499,-7.807,2.91
119.36,5.576,0.528,-7.758,2.904
119.37,5.644,0.557,-7.709,2.898
119.38,5.71,0.586,-7.66,2.892
119.39,5.775,0.615,-7.611,2.886
119.4,5.838,0.644,-7.562,2.879
119.41,5.9,0.672,-7.514,2.873
119.42,5.96,0.7,-7.466,2.868
119.43,6.019,0.727,-7.419,2.862
119.44,6.076,0.754,-7.371,2.857
119.45,6.131,0.78,-7.325,2.852
119.46,6.184,0.805,-7.279,2.847
119.47,6.236,0.83,-7.234,2.843
119.48,6.286,0.852,-7.189,2.84
119.49,6.336,0.873,-7.144,2.837
119.5,6.384,0.893,-7.099,2.836
119.51,6.43,0.91,-7.055,2.835
119.52,6.476,0.926,-7.011,2.835
119.53,6.52,0.94,-6.968,2.835
119.54,6.562,0.952,-6.926,2.836
119.55,6.603,0.962,-6.885,2.838
119.56,6.641,0.97,-6.846,2.84
119.57,6.679,0.976,-6.808,2.842
119.58,6.712,0.979,-6.773,2.845
119.59,6.744,0.98,-6.74,2.848
119.6,6.774,0.98,-6.709,2.851
119.61,6.801,0.979,-6.68,2.854
119.62,6.827,0.976,-6.652,2.857
119.63,6.852,0.972,-6.627,2.86
119.64,6.875,0.966,-6.602,2.864
119.65,6.896,0.96,-6.579,2.867
119.66,6.916,0.952,-6.558,2.871
119.67,6.935,0.943,-6.537,2.875
119.68,6.954,0.933,-6.516,2.88
119.69,6.972,0.921,-6.497,2.885
119.7,6.989,0.908,-6.478,2.891
119.71,7.006,0.894,-6.459,2.897
119.72,7.022,0.879,-6.44,2.904
119.73,7.037,0.862,-6.421,2.912
119.74,7.052,0.845,-6.404,2.921
119.75,7.066,0.826,-6.386,2.93
119.76,7.079,0.807,-6.37,2.939
119.77,7.092,0.787,-6.354,2.949
119.78,7.103,0.766,-6.339,2.959
119.79,7.113,0.744,-6.325,2.969
119.8,7.123,0.723,-6.312,2.98
119.81,7.132,0.701,-6.3,2.991
119.82,7.139,0.678,-6.289,3.001
119.83,7.146,0.656,-6.278,3.012
119.84,7.152,0.634,-6.268,3.024
119.85,7.157,0.612,-6.259,3.035
119.86,7.161,0.591,-6.251,3.045
119.87,7.164,0.57,-6.245,3.056
119.88,7.166,0.55,-6.239,3.067
119.89,7.167,0.531,-6.234,3.077
119.9,7.168,0.512,-6.23,3.087
119.91,7.169,0.495,-6.226,3.097
119.92,7.169,0.479,-6.222,3.106
119.93,7.168,0.466,-6.22,3.114
119.94,7.166,0.454,-6.219,3.122
119.95,7.164,0.445,-6.218,3.13
119.96,7.161,0.437,-6.218,3.137
119.97,7.158,0.431,-6.218,3.145
119.98,7.155,0.427,-6.219,3.152
119.99,7.151,0.424,-6.22,3.159
120,7.147,0.424,-6.221,3.166
120.01,7.143,0.425,-6.222,3.173
120.02,7.139,0.429,-6.223,3.179
120.03,7.134,0.435,-6.224,3.186
120.04,7.13,0.443,-6.225,3.193
120.05,7.125,0.453,-6.227,3.2
120.06,7.12,0.466,-6.228,3.207
120.07,7.116,0.48,-6.228,3.213
120.08,7.112,0.497,-6.228,3.22
120.09,7.109,0.516,-6.226,3.226
120.1,7.107,0.537,-6.224,3.232
120.11,7.106,0.559,-6.22,3.238
120.12,7.106,0.583,-6.215,3.243
120.13,7.107,0.609,-6.209,3.248
120.14,7.11,0.637,-6.201,3.252
120.15,7.113,0.665,-6.192,3.257
120.16,7.118,0.695,-6.182,3.26
120.17,7.122,0.727,-6.17,3.263
120.18,7.128,0.759,-6.159,3.266
120.19,7.135,0.792,-6.146,3.269
120.2,7.141,0.826,-6.132,3.271
120.21,7.148,0.862,-6.118,3.272
120.22,7.155,0.899,-6.105,3.274
120.23,7.161,0.936,-6.091,3.275
120.24,7.166,0.975,-6.078,3.277
120.25,7.171,1.015,-6.064,3.278
120.26,7.176,1.056,-6.052,3.279
120.27,7.18,1.098,-6.039,3.279
120.28,7.183,1.141,-6.028,3.28
120.29,7.185,1.184,-6.017,3.28
120.3,7.186,1.227,-6.007,3.28
120.31,7.186,1.271,-5.998,3.28
120.32,7.185,1.314,-5.989,3.28
120.33,7.184,1.358,-5.981,3.279
120.34,7.182,1.402,-5.974,3.279
120.35,7.179,1.445,-5.967,3.278
120.36,7.176,1.489,-5.961,3.276
120.37,7.172,1.532,-5.956,3.275
120.38,7.168,1.575,-5.951,3.273
120.39,7.164,1.617,-5.946,3.27
120.4,7.159,1.658,-5.942,3.267
120.41,7.154,1.699,-5.938,3.264
120.42,7.15,1.739,-5.934,3.26
120.43,7.145,1.777,-5.931,3.256
120.44,7.14,1.814,-5.928,3.251
120.45,7.136,1.849,-5.925,3.246
120.46,7.132,1.883,-5.923,3.239
120.47,7.128,1.915,-5.921,3.233
120.48,7.124,1.945,-5.92,3.226
120.49,7.121,1.973,-5.919,3.218
120.5,7.118,1.999,-5.918,3.21
120.51,7.116,2.023,-5.917,3.202
120.52,7.114,2.044,-5.915,3.193
120.53,7.114,2.063,-5.915,3.184
120.54,7.114,2.08,-5.914,3.175
120.55,7.115,2.093,-5.913,3.165
120.56,7.117,2.103,-5.912,3.156
120.57,7.12,2.11,-5.91,3.147
120.58,7.124,2.115,-5.909,3.138
120.59,7.129,2.117,-5.907,3.128
120.6,7.135,2.116,-5.905,3.119
120.61,7.142,2.112,-5.903,3.11
120.62,7.15,2.104,-5.901,3.1
120.63,7.159,2.093,-5.898,3.091
120.64,7.17,2.079,-5.896,3.081
120.65,7.181,2.063,-5.893,3.072
120.66,7.193,2.044,-5.889,3.062
120.67,7.207,2.022,-5.886,3.052
120.68,7.22,1.999,-5.882,3.042
120.69,7.234,1.974,-5.879,3.032
120.7,7.248,1.948,-5.876,3.022
120.71,7.262,1.921,-5.873,3.012
120.72,7.276,1.892,-5.87,3.001
120.73,7.29,1.863,-5.867,2.99
120.74,7.304,1.832,-5.865,2.979
120.75,7.318,1.801,-5.863,2.968
120.76,7.331,1.769,-5.862,2.957
120.77,7.345,1.737,-5.86,2.946
120.78,7.357,1.705,-5.859,2.934
120.79,7.37,1.672,-5.859,2.923
120.8,7.382,1.64,-5.858,2.911
120.81,7.394,1.608,-5.858,2.9
120.82,7.405,1.576,-5.858,2.888
120.83,7.416,1.544,-5.858,2.877
120.84,7.427,1.513,-5.859,2.866
120.85,7.437,1.482,-5.859,2.855
120.86,7.447,1.451,-5.86,2.844
120.87,7.456,1.421,-5.861,2.833
120.88,7.464,1.391,-5.862,2.822
120.89,7.473,1.362,-5.864,2.811
120.9,7.48,1.333,-5.866,2.8
120.91,7.488,1.305,-5.868,2.789
120.92,7.495,1.278,-5.87,2.779
120.93,7.501,1.251,-5.872,2.768
120.94,7.508,1.226,-5.875,2.758
120.95,7.513,1.201,-5.877,2.748
120.96,7.519,1.178,-5.88,2.737
120.97,7.524,1.156,-5.882,2.727
120.98,7.529,1.136,-5.884,2.717
120.99,7.533,1.117,-5.887,2.707
121,7.538,1.099,-5.89,2.697
121.01,7.541,1.083,-5.892,2.687
121.02,7.545,1.067,-5.895,2.677
121.03,7.549,1.054,-5.897,2.667
121.04,7.552,1.041,-5.9,2.657
121.05,7.555,1.029,-5.902,2.647
121.06,7.559,1.019,-5.904,2.637
121.07,7.562,1.01,-5.906,2.627
121.08,7.565,1.002,-5.908,2.617
121.09,7.568,0.995,-5.91,2.607
121.1,7.57,0.989,-5.912,2.597
121.11,7.573,0.985,-5.914,2.587
121.12,7.576,0.981,-5.915,2.577
121.13,7.578,0.979,-5.917,2.567
121.14,7.58,0.979,-5.918,2.557
121.15,7.582,0.979,-5.92,2.547
121.16,7.584,0.98,-5.922,2.537
121.17,7.586,0.982,-5.924,2.526
121.18,7.587,0.986,-5.926,2.516
121.19,7.589,0.99,-5.928,2.505
121.2,7.59,0.995,-5.93,2.494
121.21,7.59,1.001,-5.933,2.483
121.22,7.591,1.008,-5.936,2.472
121.23,7.59,1.015,-5.94,2.461
121.24,7.59,1.023,-5.944,2.45
121.25,7.589,1.031,-5.948,2.438
121.26,7.588,1.04,-5.952,2.426
121.27,7.587,1.05,-5.957,2.414
121.28,7.586,1.059,-5.962,2.402
121.29,7.584,1.07,-5.968,2.39
121.3,7.581,1.081,-5.974,2.376
121.31,7.578,1.092,-5.981,2.363
121.32,7.575,1.104,-5.988,2.35
121.33,7.572,1.116,-5.996,2.336
121.34,7.568,1.128,-6.004,2.321
121.35,7.563,1.141,-6.013,2.307
121.36,7.559,1.153,-6.022,2.292
121.37,7.553,1.166,-6.032,2.276
121.38,7.548,1.179,-6.043,2.26
121.39,7.541,1.192,-6.054,2.244
121.4,7.534,1.205,-6.067,2.227
121.41,7.527,1.218,-6.08,2.211
121.42,7.518,1.232,-6.093,2.193
121.43,7.509,1.245,-6.108,2.176
121.44,7.5,1.259,-6.123,2.157
121.45,7.489,1.272,-6.14,2.139
121.46,7.478,1.285,-6.157,2.12
121.47,7.466,1.297,-6.176,2.1
121.48,7.453,1.309,-6.196,2.08
121.49,7.44,1.32,-6.217,2.06
121.5,7.425,1.332,-6.239,2.039
121.51,7.409,1.342,-6.262,2.019
121.52,7.392,1.353,-6.287,1.998
121.53,7.374,1.362,-6.313,1.977
121.54,7.355,1.371,-6.34,1.956
121.55,7.334,1.379,-6.367,1.935
121.56,7.313,1.386,-6.396,1.914
121.57,7.291,1.392,-6.427,1.893
121.58,7.268,1.397,-6.458,1.872
121.59,7.244,1.401,-6.49,1.85
121.6,7.219,1.404,-6.523,1.829
121.61,7.192,1.406,-6.558,1.807
121.62,7.164,1.407,-6.594,1.786
121.63,7.136,1.407,-6.632,1.763
121.64,7.106,1.405,-6.67,1.741
121.65,7.074,1.402,-6.71,1.719
121.66,7.041,1.397,-6.752,1.696
121.67,7.007,1.392,-6.794,1.673
121.68,6.971,1.386,-6.836,1.651
121.69,6.935,1.379,-6.88,1.628
121.7,6.898,1.371,-6.924,1.606
121.71,6.86,1.363,-6.969,1.583
121.72,6.82,1.354,-7.014,1.56
121.73,6.78,1.344,-7.06,1.537
121.74,6.739,1.334,-7.106,1.515
121.75,6.696,1.324,-7.153,1.493
121.76,6.653,1.314,-7.199,1.47
121.77,6.609,1.303,-7.246,1.449
121.78,6.564,1.293,-7.293,1.427
121.79,6.518,1.283,-7.34,1.406
121.8,6.471,1.273,-7.387,1.385
121.81,6.423,1.263,-7.435,1.364
121.82,6.374,1.253,-7.482,1.344
121.83,6.325,1.243,-7.529,1.324
121.84,6.274,1.234,-7.576,1.305
121.85,6.223,1.226,-7.622,1.285
121.86,6.171,1.218,-7.669,1.266
121.87,6.119,1.21,-7.715,1.248
121.88,6.066,1.202,-7.761,1.229
121.89,6.012,1.196,-7.807,1.211
121.9,5.957,1.19,-7.852,1.194
121.91,5.902,1.184,-7.897,1.176
121.92,5.847,1.179,-7.941,1.159
121.93,5.791,1.175,-7.985,1.142
121.94,5.735,1.172,-8.028,1.126
121.95,5.679,1.169,-8.071,1.109
121.96,5.623,1.168,-8.112,1.093
121.97,5.567,1.167,-8.153,1.077
121.98,5.511,1.168,-8.193,1.061
121.99,5.456,1.171,-8.231,1.046
122,5.402,1.175,-8.268,1.032
122.01,5.348,1.181,-8.304,1.017
122.02,5.295,1.188,-8.338,1.004
122.03,5.243,1.196,-8.371,0.99
122.04,5.192,1.205,-8.403,0.977
122.05,5.142,1.216,-8.434,0.965
122.06,5.093,1.228,-8.464,0.953
122.07,5.044,1.242,-8.492,0.941
122.08,4.995,1.257,-8.52,0.93
122.09,4.948,1.273,-8.546,0.92
122.1,4.902,1.29,-8.571,0.909
122.11,4.856,1.308,-8.595,0.899
122.12,4.812,1.327,-8.618,0.89
122.13,4.768,1.347,-8.64,0.881
122.14,4.725,1.368,-8.662,0.872
122.15,4.683,1.389,-8.682,0.863
122.16,4.641,1.411,-8.702,0.854
122.17,4.6,1.433,-8.721,0.846
122.18,4.559,1.456,-8.74,0.837
122.19,4.518,1.48,-8.758,0.829
122.2,4.477,1.504,-8.775,0.82
122.21,4.437,1.528,-8.792,0.811
122.22,4.397,1.552,-8.809,0.802
122.23,4.357,1.576,-8.825,0.793
122.24,4.317,1.601,-8.841,0.783
122.25,4.278,1.625,-8.857,0.773
122.26,4.238,1.65,-8.872,0.763
122.27,4.199,1.674,-8.887,0.752
122.28,4.161,1.699,-8.902,0.741
122.29,4.122,1.723,-8.916,0.729
122.3,4.084,1.747,-8.93,0.717
122.31,4.046,1.771,-8.943,0.705
122.32,4.009,1.795,-8.956,0.692
122.33,3.972,1.818,-8.969,0.678
122.34,3.935,1.84,-8.982,0.664
122.35,3.899,1.862,-8.994,0.649
122.36,3.863,1.883,-9.006,0.634
122.37,3.827,1.903,-9.018,0.619
122.38,3.791,1.923,-9.03,0.603
122.39,3.756,1.941,-9.043,0.587
122.4,3.72,1.959,-9.055,0.571
122.41,3.684,1.975,-9.067,0.555
122.42,3.648,1.991,-9.079,0.538
122.43,3.612,2.005,-9.091,0.521
122.44,3.576,2.018,-9.103,0.504
122.45,3.54,2.03,-9.116,0.486
122.46,3.505,2.04,-9.128,0.469
122.47,3.471,2.049,-9.14,0.451
122.48,3.438,2.055,-9.152,0.434
122.49,3.406,2.061,-9.163,0.416
122.5,3.374,2.064,-9.175,0.398
122.51,3.343,2.066,-9.187,0.38
122.52,3.313,2.066,-9.199,0.362
122.53,3.283,2.064,-9.21,0.344
122.54,3.254,2.061,-9.222,0.326
122.55,3.226,2.056,-9.233,0.308
122.56,3.199,2.05,-9.245,0.29
122.57,3.172,2.042,-9.256,0.271
122.58,3.146,2.033,-9.268,0.253
122.59,3.121,2.022,-9.279,0.234
122.6,3.097,2.01,-9.29,0.216
122.61,3.073,1.997,-9.301,0.197
122.62,3.049,1.983,-9.313,0.179
122.63,3.026,1.967,-9.324,0.16
122.64,3.002,1.951,-9.335,0.141
122.65,2.979,1.933,-9.346,0.123
122.66,2.956,1.915,-9.358,0.104
122.67,2.933,1.896,-9.369,0.086
122.68,2.911,1.875,-9.38,0.068
122.69,2.889,1.853,-9.392,0.05
122.7,2.867,1.831,-9.403,0.033
122.71,2.846,1.808,-9.414,0.016
122.72,2.824,1.784,-9.425,0
122.73,2.803,1.76,-9.436,-0.015
122.74,2.781,1.735,-9.447,-0.031
122.75,2.76,1.71,-9.457,-0.046
122.76,2.738,1.685,-9.468,-0.061
122.77,2.717,1.659,-9.479,-0.076
122.78,2.695,1.634,-9.489,-0.09
122.79,2.673,1.608,-9.5,-0.104
122.8,2.651,1.582,-9.51,-0.118
122.81,2.63,1.556,-9.52,-0.132
122.82,2.608,1.531,-9.53,-0.146
122.83,2.586,1.506,-9.54,-0.159
122.84,2.563,1.481,-9.549,-0.172
122.85,2.541,1.457,-9.559,-0.186
122.86,2.519,1.433,-9.568,-0.199
122.87,2.496,1.41,-9.577,-0.212
122.88,2.474,1.387,-9.586,-0.225
122.89,2.451,1.365,-9.595,-0.238
122.9,2.429,1.344,-9.603,-0.252
122.91,2.405,1.324,-9.611,-0.265
122.92,2.382,1.305,-9.619,-0.278
122.93,2.358,1.287,-9.627,-0.292
122.94,2.333,1.27,-9.635,-0.305
122.95,2.308,1.254,-9.643,-0.319
122.96,2.283,1.238,-9.65,-0.332
122.97,2.257,1.224,-9.658,-0.346
122.98,2.23,1.211,-9.665,-0.359
122.99,2.203,1.199,-9.672,-0.373
123,2.176,1.189,-9.679,-0.386
123.01,2.148,1.179,-9.686,-0.4
123.02,2.119,1.173,-9.693,-0.414
123.03,2.09,1.167,-9.699,-0.427
123.04,2.061,1.163,-9.705,-0.441
123.05,2.032,1.16,-9.711,-0.455
123.06,2.003,1.159,-9.717,-0.469
123.07,1.974,1.159,-9.722,-0.483
123.08,1.945,1.16,-9.727,-0.497
123.09,1.917,1.163,-9.731,-0.511
123.1,1.889,1.168,-9.735,-0.525
123.11,1.862,1.173,-9.739,-0.54
123.12,1.836,1.18,-9.742,-0.554
123.13,1.81,1.188,-9.745,-0.57
123.14,1.786,1.197,-9.748,-0.585
123.15,1.763,1.207,-9.75,-0.601
123.16,1.741,1.218,-9.751,-0.618
123.17,1.72,1.23,-9.753,-0.635
123.18,1.699,1.243,-9.753,-0.653
123.19,1.679,1.257,-9.754,-0.671
123.2,1.66,1.271,-9.754,-0.69
123.21,1.641,1.286,-9.754,-0.709
123.22,1.623,1.302,-9.753,-0.729
123.23,1.604,1.318,-9.753,-0.75
123.24,1.587,1.334,-9.752,-0.772
123.25,1.569,1.351,-9.75,-0.794
123.26,1.551,1.368,-9.749,-0.817
123.27,1.533,1.385,-9.747,-0.841
123.28,1.516,1.402,-9.746,-0.865
123.29,1.498,1.42,-9.743,-0.89
123.3,1.481,1.437,-9.741,-0.916
123.31,1.464,1.455,-9.739,-0.943
123.32,1.447,1.472,-9.736,-0.97
123.33,1.431,1.489,-9.733,-0.997
123.34,1.415,1.507,-9.73,-1.026
123.35,1.399,1.523,-9.726,-1.055
123.36,1.383,1.54,-9.722,-1.084
123.37,1.368,1.556,-9.719,-1.115
123.38,1.354,1.571,-9.714,-1.146
123.39,1.341,1.587,-9.71,-1.177
123.4,1.328,1.601,-9.706,-1.209
123.41,1.316,1.615,-9.701,-1.241
123.42,1.304,1.629,-9.696,-1.274
123.43,1.293,1.641,-9.691,-1.307
123.44,1.282,1.653,-9.686,-1.34
123.45,1.272,1.665,-9.68,-1.373
123.46,1.262,1.675,-9.675,-1.406
123.47,1.253,1.685,-9.67,-1.44
123.48,1.244,1.694,-9.664,-1.473
123.49,1.236,1.702,-9.659,-1.506
123.5,1.228,1.71,-9.653,-1.538
123.51,1.221,1.716,-9.648,-1.57
123.52,1.214,1.722,-9.643,-1.602
123.53,1.208,1.727,-9.637,-1.633
123.54,1.203,1.731,-9.632,-1.664
123.55,1.199,1.734,-9.627,-1.693
123.56,1.196,1.737,-9.621,-1.722
123.57,1.194,1.739,-9.616,-1.75
123.58,1.192,1.741,-9.611,-1.777
123.59,1.191,1.741,-9.606,-1.803
123.6,1.19,1.741,-9.602,-1.828
123.61,1.191,1.741,-9.597,-1.852
123.62,1.192,1.74,-9.593,-1.875
123.63,1.193,1.739,-9.589,-1.897
123.64,1.195,1.737,-9.585,-1.917
123.65,1.198,1.734,-9.581,-1.937
123.66,1.201,1.731,-9.577,-1.955
123.67,1.204,1.728,-9.574,-1.973
123.68,1.209,1.724,-9.571,-1.989
123.69,1.214,1.72,-9.568,-2.004
123.7,1.219,1.716,-9.565,-2.017
123.71,1.226,1.711,-9.562,-2.029
123.72,1.234,1.706,-9.56,-2.038
123.73,1.242,1.7,-9.558,-2.047
123.74,1.251,1.695,-9.556,-2.054
123.75,1.261,1.69,-9.555,-2.06
123.76,1.272,1.685,-9.553,-2.065
123.77,1.283,1.68,-9.552,-2.069
123.78,1.296,1.676,-9.55,-2.071
123.79,1.309,1.672,-9.549,-2.071
123.8,1.323,1.668,-9.548,-2.071
123.81,1.337,1.664,-9.547,-2.069
123.82,1.352,1.661,-9.546,-2.065
123.83,1.368,1.658,-9.545,-2.061
123.84,1.385,1.656,-9.545,-2.055
123.85,1.402,1.654,-9.544,-2.048
123.86,1.42,1.652,-9.543,-2.041
123.87,1.438,1.652,-9.543,-2.032
123.88,1.456,1.651,-9.542,-2.023
123.89,1.475,1.651,-9.541,-2.012
123.9,1.495,1.651,-9.541,-2.001
123.91,1.514,1.652,-9.54,-1.988
123.92,1.534,1.653,-9.539,-1.976
123.93,1.554,1.654,-9.539,-1.962
123.94,1.574,1.656,-9.538,-1.948
123.95,1.595,1.658,-9.537,-1.932
123.96,1.616,1.66,-9.537,-1.917
123.97,1.638,1.662,-9.536,-1.9
123.98,1.66,1.665,-9.535,-1.883
123.99,1.683,1.669,-9.534,-1.865
124,1.706,1.673,-9.532,-1.846
124.01,1.73,1.677,-9.531,-1.827
124.02,1.754,1.682,-9.529,-1.807
124.03,1.779,1.688,-9.528,-1.787
124.04,1.805,1.693,-9.526,-1.765
124.05,1.832,1.699,-9.524,-1.743
124.06,1.859,1.705,-9.522,-1.72
124.07,1.888,1.711,-9.519,-1.696
124.08,1.918,1.718,-9.517,-1.671
124.09,1.948,1.726,-9.513,-1.645
124.1,1.979,1.733,-9.51,-1.618
124.11,2.012,1.741,-9.507,-1.591
124.12,2.045,1.749,-9.503,-1.563
124.13,2.08,1.757,-9.498,-1.535
124.14,2.116,1.765,-9.493,-1.505
124.15,2.153,1.773,-9.488,-1.476
124.16,2.191,1.781,-9.483,-1.445
124.17,2.231,1.789,-9.477,-1.414
124.18,2.272,1.797,-9.47,-1.383
124.19,2.314,1.805,-9.463,-1.352
124.2,2.358,1.812,-9.455,-1.32
124.21,2.403,1.82,-9.447,-1.288
124.22,2.448,1.827,-9.438,-1.256
124.23,2.495,1.833,-9.429,-1.225
124.24,2.543,1.839,-9.419,-1.193
124.25,2.592,1.845,-9.408,-1.162
124.26,2.642,1.85,-9.397,-1.131
124.27,2.693,1.854,-9.385,-1.1
124.28,2.745,1.858,-9.373,-1.07
124.29,2.799,1.861,-9.36,-1.04
124.3,2.853,1.864,-9.346,-1.011
124.31,2.908,1.867,-9.332,-0.982
124.32,2.964,1.869,-9.317,-0.953
124.33,3.021,1.871,-9.301,-0.925
124.34,3.079,1.872,-9.284,-0.898
124.35,3.138,1.873,-9.267,-0.871
124.36,3.198,1.873,-9.249,-0.845
124.37,3.259,1.873,-9.23,-0.819
124.38,3.322,1.872,-9.21,-0.793
124.39,3.385,1.871,-9.189,-0.769
124.4,3.451,1.869,-9.167,-0.745
124.41,3.518,1.867,-9.143,-0.721
124.42,3.586,1.865,-9.119,-0.698
124.43,3.655,1.862,-9.094,-0.676
124.44,3.726,1.858,-9.068,-0.654
124.45,3.797,1.855,-9.04,-0.633
124.46,3.869,1.851,-9.012,-0.613
124.47,3.943,1.846,-8.982,-0.593
124.48,4.018,1.842,-8.951,-0.574
124.49,4.093,1.836,-8.919,-0.555
124.5,4.17,1.831,-8.886,-0.537
124.51,4.248,1.825,-8.851,-0.52
124.52,4.327,1.819,-8.815,-0.504
124.53,4.407,1.813,-8.777,-0.488
124.54,4.488,1.806,-8.738,-0.473
124.55,4.57,1.8,-8.698,-0.458
124.56,4.652,1.793,-8.656,-0.444
124.57,4.735,1.787,-8.613,-0.431
124.58,4.82,1.78,-8.568,-0.418
124.59,4.905,1.774,-8.522,-0.406
124.6,4.991,1.767,-8.474,-0.394
124.61,5.077,1.76,-8.424,-0.382
124.62,5.164,1.754,-8.373,-0.37
124.63,5.252,1.747,-8.32,-0.359
124.64,5.34,1.741,-8.265,-0.348
124.65,5.428,1.734,-8.21,-0.337
124.66,5.517,1.727,-8.152,-0.326
124.67,5.605,1.72,-8.094,-0.314
124.68,5.694,1.713,-8.034,-0.303
124.69,5.782,1.706,-7.972,-0.291
124.7,5.87,1.698,-7.91,-0.279
124.71,5.958,1.69,-7.846,-0.267
124.72,6.046,1.682,-7.78,-0.254
124.73,6.134,1.673,-7.713,-0.241
124.74,6.222,1.664,-7.645,-0.228
124.75,6.311,1.654,-7.575,-0.214
124.76,6.399,1.644,-7.503,-0.2
124.77,6.487,1.634,-7.43,-0.185
124.78,6.574,1.623,-7.355,-0.17
124.79,6.661,1.611,-7.28,-0.155
124.8,6.748,1.599,-7.202,-0.14
124.81,6.834,1.587,-7.124,-0.124
124.82,6.919,1.575,-7.044,-0.109
124.83,7.003,1.563,-6.963,-0.093
124.84,7.087,1.55,-6.881,-0.077
124.85,7.17,1.537,-6.798,-0.061
124.86,7.252,1.525,-6.713,-0.045
124.87,7.333,1.511,-6.628,-0.029
124.88,7.413,1.498,-6.541,-0.012
124.89,7.492,1.484,-6.454,0.004
124.9,7.57,1.471,-6.366,0.022
124.91,7.646,1.457,-6.277,0.04
124.92,7.721,1.442,-6.188,0.06
124.93,7.793,1.428,-6.099,0.08
124.94,7.864,1.413,-6.011,0.102
124.95,7.932,1.399,-5.924,0.125
124.96,7.999,1.384,-5.837,0.149
124.97,8.063,1.368,-5.751,0.174
124.98,8.124,1.352,-5.667,0.2
124.99,8.183,1.336,-5.585,0.227
125,8.239,1.32,-5.505,0.255
125.01,8.292,1.303,-5.427,0.284
125.02,8.343,1.285,-5.351,0.314
125.03,8.391,1.267,-5.277,0.344
125.04,8.438,1.249,-5.205,0.375
125.05,8.483,1.229,-5.134,0.407
125.06,8.526,1.209,-5.064,0.439
125.07,8.568,1.189,-4.994,0.471
125.08,8.608,1.17,-4.925,0.503
125.09,8.647,1.15,-4.858,0.536
125.1,8.685,1.13,-4.79,0.57
125.11,8.722,1.111,-4.723,0.603
125.12,8.758,1.092,-4.656,0.636
125.13,8.793,1.073,-4.59,0.669
125.14,8.827,1.055,-4.523,0.701
125.15,8.86,1.037,-4.457,0.734
125.16,8.892,1.019,-4.391,0.766
125.17,8.923,1.002,-4.326,0.798
125.18,8.954,0.985,-4.262,0.829
125.19,8.983,0.969,-4.197,0.861
125.2,9.011,0.953,-4.133,0.892
125.21,9.038,0.937,-4.07,0.923
125.22,9.065,0.922,-4.007,0.954
125.23,9.09,0.907,-3.944,0.985
125.24,9.115,0.893,-3.882,1.016
125.25,9.139,0.88,-3.82,1.047
125.26,9.163,0.867,-3.758,1.077
125.27,9.185,0.854,-3.696,1.108
125.28,9.207,0.841,-3.634,1.138
125.29,9.229,0.828,-3.572,1.168
125.3,9.25,0.816,-3.51,1.198
125.31,9.27,0.804,-3.448,1.228
125.32,9.291,0.792,-3.385,1.258
125.33,9.311,0.781,-3.322,1.286
125.34,9.33,0.769,-3.257,1.315
125.35,9.35,0.758,-3.192,1.342
125.36,9.369,0.747,-3.127,1.368
125.37,9.388,0.736,-3.06,1.394
125.38,9.407,0.726,-2.992,1.419
125.39,9.426,0.716,-2.923,1.442
125.4,9.445,0.707,-2.853,1.465
125.41,9.463,0.698,-2.782,1.486
125.42,9.481,0.69,-2.712,1.505
125.43,9.499,0.684,-2.641,1.522
125.44,9.516,0.68,-2.57,1.538
125.45,9.533,0.676,-2.499,1.552
125.46,9.55,0.673,-2.427,1.564
125.47,9.566,0.672,-2.355,1.576
125.48,9.582,0.671,-2.283,1.587
125.49,9.597,0.67,-2.209,1.596
125.5,9.613,0.67,-2.135,1.605
125.51,9.628,0.671,-2.06,1.613
125.52,9.642,0.672,-1.984,1.62
125.53,9.657,0.674,-1.907,1.627
125.54,9.671,0.676,-1.829,1.633
125.55,9.684,0.678,-1.75,1.638
125.56,9.697,0.68,-1.671,1.643
125.57,9.71,0.682,-1.591,1.647
125.58,9.722,0.683,-1.51,1.65
125.59,9.734,0.685,-1.429,1.653
125.6,9.745,0.686,-1.346,1.656
125.61,9.755,0.687,-1.264,1.658
125.62,9.765,0.688,-1.181,1.66
125.63,9.775,0.688,-1.099,1.661
125.64,9.784,0.688,-1.017,1.662
125.65,9.792,0.688,-0.935,1.662
125.66,9.799,0.687,-0.853,1.663
125.67,9.806,0.685,-0.772,1.663
125.68,9.812,0.683,-0.691,1.662
125.69,9.818,0.681,-0.611,1.662
125.7,9.823,0.678,-0.53,1.661
125.71,9.827,0.675,-0.451,1.66
125.72,9.831,0.672,-0.371,1.659
125.73,9.834,0.668,-0.293,1.658
125.74,9.836,0.663,-0.215,1.657
125.75,9.838,0.658,-0.138,1.656
125.76,9.839,0.654,-0.062,1.656
125.77,9.84,0.649,0.012,1.656
125.78,9.84,0.644,0.086,1.657
125.79,9.839,0.639,0.158,1.658
125.8,9.837,0.634,0.23,1.661
125.81,9.835,0.629,0.301,1.664
125.82,9.833,0.623,0.37,1.667
125.83,9.83,0.618,0.438,1.671
125.84,9.826,0.612,0.505,1.676
125.85,9.822,0.605,0.569,1.681
125.86,9.818,0.599,0.632,1.687
125.87,9.813,0.591,0.693,1.693
125.88,9.808,0.583,0.751,1.699
125.89,9.803,0.575,0.807,1.706
125.9,9.798,0.565,0.859,1.713
125.91,9.793,0.555,0.908,1.72
125.92,9.787,0.545,0.954,1.728
125.93,9.782,0.534,0.997,1.736
125.94,9.777,0.522,1.036,1.745
125.95,9.773,0.51,1.072,1.753
125.96,9.768,0.497,1.106,1.763
125.97,9.763,0.483,1.136,1.772
125.98,9.759,0.468,1.164,1.783
125.99,9.755,0.452,1.189,1.794
126,9.75,0.435,1.213,1.806
126.01,9.746,0.417,1.235,1.819
126.02,9.741,0.398,1.257,1.833
126.03,9.736,0.379,1.277,1.848
126.04,9.732,0.359,1.296,1.864
126.05,9.727,0.339,1.313,1.881
126.06,9.722,0.319,1.329,1.898
126.07,9.717,0.299,1.344,1.917
126.08,9.712,0.278,1.357,1.936
126.09,9.706,0.259,1.37,1.956
126.1,9.701,0.239,1.383,1.977
126.11,9.696,0.221,1.395,1.997
126.12,9.69,0.203,1.406,2.018
126.13,9.684,0.185,1.416,2.039
126.14,9.679,0.168,1.425,2.06
126.15,9.673,0.151,1.435,2.081
126.16,9.668,0.133,1.443,2.102
126.17,9.663,0.116,1.451,2.122
126.18,9.657,0.098,1.458,2.141
126.19,9.652,0.08,1.465,2.16
126.2,9.648,0.062,1.471,2.178
126.21,9.643,0.044,1.477,2.195
126.22,9.639,0.025,1.482,2.211
126.23,9.634,0.005,1.487,2.226
126.24,9.63,-0.014,1.492,2.241
126.25,9.626,-0.035,1.496,2.255
126.26,9.622,-0.056,1.499,2.269
126.27,9.619,-0.077,1.503,2.281
126.28,9.615,-0.099,1.506,2.293
126.29,9.612,-0.12,1.509,2.305
126.3,9.608,-0.143,1.512,2.315
126.31,9.605,-0.165,1.516,2.325
126.32,9.602,-0.187,1.519,2.334
126.33,9.599,-0.209,1.522,2.342
126.34,9.596,-0.231,1.526,2.35
126.35,9.593,-0.253,1.529,2.357
126.36,9.59,-0.275,1.533,2.364
126.37,9.588,-0.296,1.536,2.369
126.38,9.585,-0.316,1.54,2.374
126.39,9.583,-0.335,1.544,2.377
126.4,9.582,-0.353,1.547,2.379
126.41,9.58,-0.371,1.55,2.381
126.42,9.579,-0.387,1.554,2.381
126.43,9.578,-0.402,1.557,2.38
126.44,9.577,-0.415,1.559,2.378
126.45,9.577,-0.427,1.561,2.375
126.46,9.578,-0.438,1.563,2.371
126.47,9.579,-0.446,1.565,2.364
126.48,9.58,-0.453,1.566,2.357
126.49,9.581,-0.459,1.568,2.348
126.5,9.583,-0.464,1.569,2.339
126.51,9.585,-0.467,1.57,2.329
126.52,9.587,-0.469,1.572,2.318
126.53,9.59,-0.47,1.574,2.307
126.54,9.592,-0.47,1.577,2.296
126.55,9.594,-0.469,1.581,2.284
126.56,9.596,-0.467,1.586,2.272
126.57,9.598,-0.464,1.591,2.261
126.58,9.6,-0.46,1.597,2.249
126.59,9.602,-0.455,1.604,2.238
126.6,9.604,-0.449,1.611,2.227
126.61,9.605,-0.442,1.618,2.217
126.62,9.607,-0.433,1.625,2.207
126.63,9.608,-0.423,1.633,2.198
126.64,9.609,-0.411,1.641,2.19
126.65,9.61,-0.399,1.649,2.182
126.66,9.611,-0.385,1.657,2.175
126.67,9.611,-0.37,1.666,2.168
126.68,9.611,-0.355,1.675,2.162
126.69,9.611,-0.339,1.685,2.158
126.7,9.611,-0.321,1.694,2.154
126.71,9.611,-0.303,1.704,2.15
126.72,9.61,-0.283,1.712,2.148
126.73,9.61,-0.263,1.721,2.146
126.74,9.609,-0.242,1.729,2.146
126.75,9.608,-0.22,1.737,2.146
126.76,9.607,-0.198,1.744,2.147
126.77,9.606,-0.176,1.751,2.149
126.78,9.605,-0.154,1.756,2.152
126.79,9.603,-0.131,1.761,2.155
126.8,9.602,-0.108,1.764,2.16
126.81,9.6,-0.086,1.765,2.168
126.82,9.599,-0.063,1.763,2.176
126.83,9.597,-0.041,1.76,2.186
126.84,9.596,-0.019,1.754,2.198
126.85,9.594,0.001,1.746,2.211
126.86,9.593,0.022,1.736,2.225
126.87,9.591,0.042,1.724,2.241
126.88,9.59,0.062,1.71,2.258
126.89,9.588,0.081,1.693,2.276
126.9,9.587,0.1,1.674,2.295
126.91,9.585,0.119,1.653,2.316
126.92,9.584,0.137,1.629,2.337
126.93,9.583,0.155,1.601,2.36
126.94,9.582,0.173,1.57,2.383
126.95,9.581,0.191,1.535,2.407
126.96,9.581,0.208,1.496,2.431
126.97,9.58,0.225,1.455,2.457
126.98,9.58,0.241,1.411,2.482
126.99,9.579,0.257,1.367,2.508
127,9.578,0.271,1.321,2.534
127.01,9.577,0.285,1.272,2.561
127.02,9.576,0.298,1.222,2.588
127.03,9.575,0.31,1.17,2.615
127.04,9.574,0.32,1.116,2.641
127.05,9.572,0.33,1.06,2.669
127.06,9.571,0.339,1.002,2.696
127.07,9.569,0.346,0.943,2.723
127.08,9.566,0.353,0.882,2.751
127.09,9.564,0.358,0.819,2.778
127.1,9.561,0.363,0.753,2.806
127.11,9.558,0.367,0.687,2.833
127.12,9.554,0.37,0.619,2.861
127.13,9.55,0.372,0.55,2.889
127.14,9.545,0.373,0.479,2.916
127.15,9.54,0.374,0.406,2.944
127.16,9.535,0.374,0.334,2.971
127.17,9.528,0.374,0.261,2.998
127.18,9.522,0.373,0.188,3.025
127.19,9.514,0.371,0.116,3.052
127.2,9.507,0.369,0.045,3.078
127.21,9.498,0.367,-0.024,3.104
127.22,9.49,0.364,-0.094,3.129
127.23,9.481,0.361,-0.163,3.154
127.24,9.472,0.357,-0.23,3.177
127.25,9.462,0.354,-0.297,3.2
127.26,9.452,0.35,-0.364,3.222
127.27,9.443,0.347,-0.43,3.243
127.28,9.433,0.344,-0.496,3.263
127.29,9.422,0.341,-0.562,3.282
127.3,9.412,0.339,-0.628,3.3
127.31,9.402,0.337,-0.694,3.316
127.32,9.391,0.335,-0.76,3.332
127.33,9.381,0.334,-0.827,3.346
127.34,9.37,0.334,-0.894,3.358
127.35,9.359,0.334,-0.961,3.37
127.36,9.349,0.335,-1.028,3.38
127.37,9.338,0.336,-1.095,3.388
127.38,9.327,0.338,-1.163,3.396
127.39,9.316,0.341,-1.231,3.402
127.4,9.304,0.344,-1.299,3.407
127.41,9.293,0.349,-1.368,3.411
127.42,9.281,0.354,-1.436,3.414
127.43,9.27,0.359,-1.504,3.416
127.44,9.258,0.367,-1.572,3.416
127.45,9.246,0.375,-1.641,3.415
127.46,9.234,0.384,-1.709,3.413
127.47,9.222,0.395,-1.777,3.409
127.48,9.21,0.408,-1.846,3.404
127.49,9.198,0.422,-1.915,3.397
127.5,9.185,0.44,-1.985,3.388
127.51,9.173,0.46,-2.057,3.377
127.52,9.16,0.482,-2.128,3.365
127.53,9.146,0.505,-2.201,3.352
127.54,9.132,0.53,-2.274,3.337
127.55,9.118,0.557,-2.347,3.321
127.56,9.103,0.584,-2.421,3.305
127.57,9.088,0.613,-2.495,3.287
127.58,9.072,0.643,-2.568,3.268
127.59,9.056,0.674,-2.641,3.248
127.6,9.04,0.704,-2.713,3.227
127.61,9.023,0.736,-2.784,3.206
127.62,9.006,0.768,-2.854,3.184
127.63,8.989,0.8,-2.923,3.161
127.64,8.972,0.832,-2.991,3.138
127.65,8.955,0.864,-3.058,3.115
127.66,8.937,0.897,-3.124,3.091
127.67,8.919,0.929,-3.189,3.067
127.68,8.901,0.962,-3.253,3.043
127.69,8.882,0.995,-3.316,3.019
127.7,8.863,1.027,-3.378,2.994
127.71,8.844,1.06,-3.439,2.97
127.72,8.824,1.093,-3.499,2.946
127.73,8.804,1.126,-3.559,2.922
127.74,8.783,1.159,-3.618,2.898
127.75,8.762,1.192,-3.677,2.874
127.76,8.741,1.225,-3.735,2.851
127.77,8.719,1.258,-3.793,2.828
127.78,8.696,1.291,-3.851,2.806
127.79,8.672,1.324,-3.909,2.784
127.8,8.647,1.357,-3.967,2.763
127.81,8.621,1.389,-4.026,2.743
127.82,8.594,1.422,-4.085,2.724
127.83,8.566,1.454,-4.144,2.705
127.84,8.536,1.486,-4.205,2.689
127.85,8.505,1.518,-4.266,2.673
127.86,8.472,1.549,-4.329,2.659
127.87,8.438,1.58,-4.392,2.645
127.88,8.403,1.61,-4.455,2.633
127.89,8.366,1.64,-4.519,2.623
127.9,8.328,1.668,-4.583,2.614
127.91,8.289,1.696,-4.648,2.606
127.92,8.249,1.723,-4.712,2.601
127.93,8.208,1.749,-4.776,2.597
127.94,8.166,1.773,-4.839,2.596
127.95,8.124,1.797,-4.901,2.595
127.96,8.081,1.819,-4.962,2.597
127.97,8.038,1.84,-5.022,2.6
127.98,7.995,1.859,-5.081,2.606
127.99,7.951,1.878,-5.139,2.613
128,7.906,1.896,-5.197,2.622
128.01,7.86,1.913,-5.255,2.632
128.02,7.814,1.93,-5.312,2.643
128.03,7.765,1.946,-5.371,2.655
128.04,7.716,1.962,-5.429,2.669
128.05,7.665,1.977,-5.489,2.682
128.06,7.611,1.993,-5.55,2.697
128.07,7.556,2.008,-5.613,2.712
128.08,7.498,2.024,-5.677,2.727
128.09,7.438,2.039,-5.743,2.743
128.1,7.375,2.054,-5.811,2.759
128.11,7.309,2.069,-5.88,2.775
128.12,7.24,2.084,-5.952,2.791
128.13,7.169,2.099,-6.025,2.806
128.14,7.095,2.114,-6.1,2.821
128.15,7.019,2.129,-6.176,2.836
128.16,6.939,2.145,-6.253,2.85
128.17,6.857,2.16,-6.332,2.864
128.18,6.773,2.175,-6.411,2.877
128.19,6.684,2.191,-6.492,2.89
128.2,6.594,2.208,-6.573,2.902
128.21,6.501,2.224,-6.654,2.914
128.22,6.407,2.241,-6.735,2.925
128.23,6.31,2.257,-6.815,2.936
128.24,6.212,2.274,-6.896,2.946
128.25,6.111,2.291,-6.975,2.954
128.26,6.009,2.309,-7.054,2.963
128.27,5.906,2.326,-7.132,2.97
128.28,5.801,2.343,-7.21,2.976
128.29,5.694,2.361,-7.286,2.982
128.3,5.586,2.38,-7.362,2.986
128.31,5.475,2.399,-7.438,2.988
128.32,5.363,2.418,-7.513,2.988
128.33,5.249,2.438,-7.587,2.987
128.34,5.133,2.459,-7.661,2.984
128.35,5.014,2.481,-7.734,2.979
128.36,4.893,2.503,-7.807,2.971
128.37,4.771,2.526,-7.878,2.962
128.38,4.646,2.55,-7.949,2.95
128.39,4.518,2.575,-8.02,2.936
128.4,4.388,2.602,-8.089,2.919
128.41,4.256,2.629,-8.158,2.899
128.42,4.122,2.657,-8.225,2.877
128.43,3.985,2.686,-8.292,2.852
128.44,3.846,2.716,-8.357,2.824
128.45,3.705,2.746,-8.42,2.794
128.46,3.562,2.777,-8.483,2.762
128.47,3.417,2.808,-8.543,2.727
128.48,3.269,2.84,-8.602,2.69
128.49,3.119,2.872,-8.659,2.65
128.5,2.968,2.905,-8.714,2.608
128.51,2.815,2.938,-8.767,2.563
128.52,2.661,2.97,-8.817,2.517
128.53,2.506,3.003,-8.866,2.467
128.54,2.351,3.035,-8.911,2.415
128.55,2.196,3.066,-8.955,2.361
128.56,2.041,3.097,-8.995,2.306
128.57,1.887,3.126,-9.033,2.249
128.58,1.734,3.154,-9.068,2.192
128.59,1.582,3.181,-9.1,2.133
128.6,1.431,3.206,-9.13,2.073
128.61,1.281,3.231,-9.157,2.012
128.62,1.131,3.254,-9.182,1.95
128.63,0.982,3.276,-9.204,1.888
128.64,0.834,3.297,-9.224,1.825
128.65,0.686,3.317,-9.242,1.76
128.66,0.538,3.336,-9.257,1.694
128.67,0.39,3.353,-9.27,1.628
128.68,0.243,3.37,-9.281,1.56
128.69,0.096,3.385,-9.289,1.492
128.7,-0.049,3.399,-9.295,1.423
128.71,-0.194,3.412,-9.299,1.354
128.72,-0.339,3.424,-9.301,1.283
128.73,-0.483,3.435,-9.3,1.213
128.74,-0.626,3.445,-9.296,1.142
128.75,-0.768,3.453,-9.291,1.071
128.76,-0.908,3.461,-9.283,1
128.77,-1.048,3.467,-9.274,0.929
128.78,-1.186,3.472,-9.262,0.859
128.79,-1.323,3.476,-9.248,0.787
128.8,-1.458,3.479,-9.233,0.716
128.81,-1.592,3.481,-9.215,0.644
128.82,-1.725,3.482,-9.196,0.573
128.83,-1.856,3.481,-9.174,0.503
128.84,-1.986,3.48,-9.151,0.433
128.85,-2.115,3.478,-9.126,0.364
128.86,-2.243,3.475,-9.099,0.297
128.87,-2.369,3.47,-9.071,0.23
128.88,-2.492,3.465,-9.041,0.165
128.89,-2.614,3.459,-9.01,0.103
128.9,-2.735,3.452,-8.977,0.041
128.91,-2.855,3.444,-8.943,-0.018
128.92,-2.974,3.436,-8.907,-0.078
128.93,-3.092,3.427,-8.869,-0.137
128.94,-3.21,3.417,-8.83,-0.195
128.95,-3.327,3.406,-8.789,-0.252
128.96,-3.443,3.395,-8.747,-0.308
128.97,-3.558,3.383,-8.703,-0.363
128.98,-3.672,3.371,-8.658,-0.417
128.99,-3.785,3.358,-8.612,-0.469
129,-3.896,3.346,-8.564,-0.518
129.01,-4.005,3.333,-8.515,-0.566
129.02,-4.111,3.321,-8.466,-0.611
129.03,-4.215,3.31,-8.416,-0.653
129.04,-4.317,3.299,-8.366,-0.693
129.05,-4.415,3.288,-8.315,-0.729
129.06,-4.51,3.279,-8.265,-0.763
129.07,-4.603,3.27,-8.214,-0.793
129.08,-4.693,3.263,-8.163,-0.821
129.09,-4.78,3.257,-8.113,-0.845
129.1,-4.865,3.251,-8.062,-0.866
129.11,-4.947,3.247,-8.012,-0.884
129.12,-5.027,3.243,-7.962,-0.899
129.13,-5.105,3.24,-7.911,-0.911
129.14,-5.182,3.237,-7.861,-0.921
129.15,-5.258,3.235,-7.81,-0.929
129.16,-5.334,3.233,-7.759,-0.934
129.17,-5.409,3.231,-7.708,-0.937
129.18,-5.484,3.229,-7.655,-0.938
129.19,-5.558,3.227,-7.602,-0.936
129.2,-5.633,3.225,-7.548,-0.933
129.21,-5.709,3.221,-7.493,-0.929
129.22,-5.787,3.217,-7.436,-0.921
129.23,-5.865,3.213,-7.377,-0.913
129.24,-5.944,3.208,-7.317,-0.903
129.25,-6.023,3.202,-7.256,-0.892
129.26,-6.102,3.196,-7.194,-0.88
129.27,-6.181,3.19,-7.131,-0.867
129.28,-6.26,3.184,-7.067,-0.853
129.29,-6.337,3.177,-7.002,-0.837
129.3,-6.414,3.171,-6.937,-0.821
129.31,-6.489,3.165,-6.871,-0.803
129.32,-6.562,3.16,-6.806,-0.784
129.33,-6.634,3.155,-6.74,-0.764
129.34,-6.705,3.15,-6.675,-0.743
129.35,-6.774,3.146,-6.61,-0.721
129.36,-6.841,3.142,-6.545,-0.699
129.37,-6.906,3.138,-6.48,-0.676
129.38,-6.97,3.134,-6.415,-0.654
129.39,-7.033,3.131,-6.35,-0.632
129.4,-7.094,3.128,-6.285,-0.611
129.41,-7.154,3.125,-6.22,-0.591
129.42,-7.213,3.121,-6.155,-0.572
129.43,-7.272,3.117,-6.09,-0.554
129.44,-7.329,3.112,-6.025,-0.537
129.45,-7.385,3.107,-5.96,-0.522
129.46,-7.44,3.101,-5.895,-0.509
129.47,-7.495,3.093,-5.83,-0.498
129.48,-7.549,3.085,-5.766,-0.489
129.49,-7.602,3.075,-5.701,-0.482
129.5,-7.654,3.064,-5.638,-0.477
129.51,-7.705,3.051,-5.575,-0.473
129.52,-7.754,3.036,-5.515,-0.471
129.53,-7.803,3.02,-5.456,-0.471
129.54,-7.849,3.002,-5.398,-0.472
129.55,-7.895,2.982,-5.342,-0.474
129.56,-7.939,2.96,-5.288,-0.478
129.57,-7.982,2.937,-5.235,-0.485
129.58,-8.025,2.913,-5.182,-0.492
129.59,-8.066,2.888,-5.131,-0.502
129.6,-8.108,2.862,-5.078,-0.513
129.61,-8.149,2.835,-5.026,-0.526
129.62,-8.191,2.807,-4.972,-0.542
129.63,-8.233,2.778,-4.916,-0.56
129.64,-8.275,2.749,-4.859,-0.581
129.65,-8.318,2.718,-4.799,-0.606
129.66,-8.362,2.687,-4.738,-0.633
129.67,-8.405,2.655,-4.674,-0.662
129.68,-8.449,2.623,-4.608,-0.695
129.69,-8.493,2.589,-4.541,-0.729
129.7,-8.537,2.555,-4.472,-0.766
129.71,-8.58,2.52,-4.402,-0.804
129.72,-8.622,2.485,-4.331,-0.844
129.73,-8.664,2.449,-4.26,-0.885
129.74,-8.704,2.412,-4.189,-0.927
129.75,-8.743,2.375,-4.119,-0.97
129.76,-8.78,2.337,-4.05,-1.012
129.77,-8.816,2.299,-3.982,-1.055
129.78,-8.851,2.261,-3.915,-1.098
129.79,-8.885,2.222,-3.848,-1.141
129.8,-8.917,2.183,-3.783,-1.184
129.81,-8.948,2.144,-3.718,-1.226
129.82,-8.978,2.104,-3.653,-1.268
129.83,-9.007,2.064,-3.59,-1.309
129.84,-9.035,2.024,-3.527,-1.351
129.85,-9.062,1.984,-3.464,-1.391
129.86,-9.088,1.944,-3.402,-1.432
129.87,-9.113,1.903,-3.34,-1.472
129.88,-9.137,1.863,-3.278,-1.511
129.89,-9.161,1.824,-3.216,-1.55
129.9,-9.183,1.785,-3.152,-1.589
129.91,-9.206,1.747,-3.087,-1.627
129.92,-9.228,1.71,-3.021,-1.665
129.93,-9.25,1.674,-2.953,-1.703
129.94,-9.272,1.638,-2.883,-1.741
129.95,-9.293,1.603,-2.811,-1.778
129.96,-9.313,1.569,-2.737,-1.815
129.97,-9.333,1.536,-2.662,-1.852
129.98,-9.353,1.503,-2.584,-1.889
129.99,-9.372,1.471,-2.505,-1.925
130,-9.391,1.44,-2.424,-1.961
130.01,-9.409,1.41,-2.341,-1.996
130.02,-9.427,1.381,-2.256,-2.031
130.03,-9.444,1.352,-2.169,-2.065
130.04,-9.46,1.324,-2.08,-2.099
130.05,-9.476,1.297,-1.99,-2.132
130.06,-9.492,1.27,-1.896,-2.164
130.07,-9.507,1.244,-1.8,-2.195
130.08,-9.521,1.218,-1.701,-2.225
130.09,-9.536,1.191,-1.599,-2.255
130.1,-9.549,1.165,-1.493,-2.283
130.11,-9.562,1.138,-1.384,-2.311
130.12,-9.574,1.112,-1.271,-2.338
130.13,-9.586,1.085,-1.155,-2.365
130.14,-9.596,1.058,-1.036,-2.39
130.15,-9.605,1.032,-0.914,-2.413
130.16,-9.613,1.006,-0.789,-2.436
130.17,-9.62,0.98,-0.662,-2.457
130.18,-9.626,0.956,-0.532,-2.478
130.19,-9.629,0.932,-0.401,-2.497
130.2,-9.631,0.91,-0.269,-2.514
130.21,-9.632,0.888,-0.135,-2.531
130.22,-9.631,0.868,-0.001,-2.546
130.23,-9.628,0.85,0.132,-2.56
130.24,-9.623,0.833,0.267,-2.573
130.25,-9.616,0.818,0.401,-2.585
130.26,-9.608,0.805,0.536,-2.596
130.27,-9.598,0.793,0.671,-2.606
130.28,-9.586,0.781,0.806,-2.615
130.29,-9.572,0.77,0.941,-2.623
130.3,-9.557,0.76,1.076,-2.631
130.31,-9.54,0.751,1.211,-2.637
130.32,-9.521,0.741,1.346,-2.643
130.33,-9.5,0.732,1.481,-2.647
130.34,-9.478,0.723,1.616,-2.65
130.35,-9.454,0.714,1.751,-2.653
130.36,-9.428,0.704,1.886,-2.654
130.37,-9.401,0.694,2.022,-2.653
130.38,-9.372,0.684,2.158,-2.652
130.39,-9.341,0.673,2.296,-2.649
130.4,-9.308,0.662,2.433,-2.645
130.41,-9.273,0.649,2.571,-2.64
130.42,-9.236,0.637,2.709,-2.633
130.43,-9.197,0.623,2.848,-2.626
130.44,-9.157,0.608,2.987,-2.617
130.45,-9.114,0.593,3.126,-2.607
130.46,-9.07,0.578,3.264,-2.596
130.47,-9.023,0.561,3.402,-2.584
130.48,-8.975,0.544,3.54,-2.571
130.49,-8.924,0.526,3.679,-2.557
130.5,-8.871,0.506,3.817,-2.542
130.51,-8.816,0.485,3.955,-2.526
130.52,-8.758,0.461,4.095,-2.51
130.53,-8.698,0.437,4.234,-2.492
130.54,-8.635,0.41,4.373,-2.474
130.55,-8.57,0.382,4.512,-2.456
130.56,-8.503,0.351,4.651,-2.436
130.57,-8.432,0.318,4.79,-2.417
130.58,-8.359,0.283,4.928,-2.396
130.59,-8.283,0.245,5.067,-2.376
130.6,-8.203,0.203,5.206,-2.354
130.61,-8.121,0.158,5.345,-2.332
130.62,-8.037,0.111,5.482,-2.309
130.63,-7.95,0.061,5.618,-2.285
130.64,-7.86,0.009,5.753,-2.259
130.65,-7.769,-0.044,5.886,-2.233
130.66,-7.675,-0.1,6.017,-2.205
130.67,-7.58,-0.158,6.146,-2.176
130.68,-7.483,-0.217,6.272,-2.146
130.69,-7.385,-0.277,6.395,-2.114
130.7,-7.287,-0.338,6.514,-2.081
130.71,-7.188,-0.4,6.631,-2.046
130.72,-7.089,-0.462,6.744,-2.01
130.73,-6.99,-0.525,6.853,-1.972
130.74,-6.89,-0.588,6.959,-1.934
130.75,-6.791,-0.652,7.061,-1.893
130.76,-6.69,-0.715,7.161,-1.852
130.77,-6.589,-0.778,7.259,-1.809
130.78,-6.487,-0.84,7.354,-1.765
130.79,-6.384,-0.903,7.447,-1.72
130.8,-6.28,-0.964,7.538,-1.673
130.81,-6.175,-1.025,7.627,-1.626
130.82,-6.068,-1.086,7.713,-1.577
130.83,-5.961,-1.145,7.798,-1.528
130.84,-5.853,-1.204,7.88,-1.477
130.85,-5.744,-1.261,7.96,-1.426
130.86,-5.635,-1.317,8.038,-1.374
130.87,-5.525,-1.373,8.113,-1.321
130.88,-5.415,-1.426,8.186,-1.268
130.89,-5.305,-1.479,8.257,-1.213
130.9,-5.194,-1.53,8.326,-1.158
130.91,-5.083,-1.579,8.393,-1.102
130.92,-4.97,-1.627,8.458,-1.045
130.93,-4.857,-1.673,8.521,-0.988
130.94,-4.744,-1.716,8.583,-0.93
130.95,-4.63,-1.756,8.643,-0.872
130.96,-4.515,-1.795,8.701,-0.813
130.97,-4.4,-1.832,8.758,-0.755
130.98,-4.285,-1.868,8.812,-0.696
130.99,-4.169,-1.901,8.865,-0.637
131,-4.053,-1.932,8.916,-0.579
131.01,-3.936,-1.961,8.965,-0.521
131.02,-3.82,-1.988,9.012,-0.465
131.03,-3.704,-2.013,9.058,-0.409
131.04,-3.589,-2.036,9.101,-0.355
131.05,-3.475,-2.057,9.143,-0.302
131.06,-3.362,-2.076,9.182,-0.252
131.07,-3.251,-2.093,9.219,-0.203
131.08,-3.142,-2.109,9.254,-0.156
131.09,-3.034,-2.123,9.288,-0.112
131.1,-2.929,-2.135,9.319,-0.071
131.11,-2.826,-2.146,9.348,-0.033
131.12,-2.726,-2.155,9.376,0.002
131.13,-2.628,-2.163,9.402,0.034
131.14,-2.533,-2.17,9.426,0.063
131.15,-2.441,-2.176,9.449,0.089
131.16,-2.351,-2.181,9.47,0.112
131.17,-2.264,-2.185,9.49,0.132
131.18,-2.179,-2.189,9.509,0.148
131.19,-2.096,-2.192,9.527,0.163
131.2,-2.015,-2.195,9.543,0.174
131.21,-1.936,-2.197,9.559,0.184
131.22,-1.859,-2.199,9.574,0.191
131.23,-1.783,-2.201,9.588,0.196
131.24,-1.707,-2.202,9.601,0.2
131.25,-1.63,-2.203,9.614,0.202
131.26,-1.554,-2.204,9.627,0.204
131.27,-1.478,-2.205,9.638,0.204
131.28,-1.401,-2.206,9.65,0.203
131.29,-1.324,-2.207,9.66,0.2
131.3,-1.248,-2.208,9.67,0.197
131.31,-1.171,-2.209,9.68,0.194
131.32,-1.095,-2.21,9.689,0.19
131.33,-1.018,-2.212,9.697,0.187
131.34,-0.942,-2.214,9.704,0.183
131.35,-0.865,-2.216,9.711,0.179
131.36,-0.789,-2.219,9.717,0.175
131.37,-0.713,-2.222,9.722,0.171
131.38,-0.637,-2.225,9.726,0.168
131.39,-0.562,-2.229,9.73,0.165
131.4,-0.486,-2.233,9.733,0.162
131.41,-0.411,-2.238,9.736,0.161
131.42,-0.336,-2.243,9.737,0.159
131.43,-0.261,-2.249,9.738,0.159
131.44,-0.186,-2.255,9.739,0.16
131.45,-0.111,-2.262,9.738,0.161
131.46,-0.038,-2.269,9.737,0.164
131.47,0.035,-2.276,9.735,0.167
131.48,0.107,-2.284,9.733,0.172
131.49,0.18,-2.293,9.73,0.178
131.5,0.251,-2.301,9.726,0.185
131.51,0.322,-2.31,9.722,0.193
131.52,0.391,-2.318,9.717,0.204
131.53,0.459,-2.328,9.711,0.215
131.54,0.527,-2.337,9.706,0.228
131.55,0.593,-2.346,9.699,0.244
131.56,0.658,-2.354,9.692,0.26
131.57,0.722,-2.363,9.685,0.278
131.58,0.784,-2.372,9.678,0.298
131.59,0.845,-2.38,9.67,0.32
131.6,0.905,-2.388,9.662,0.344
131.61,0.962,-2.396,9.653,0.369
131.62,1.018,-2.403,9.645,0.396
131.63,1.071,-2.409,9.636,0.427
131.64,1.122,-2.414,9.628,0.459
131.65,1.173,-2.418,9.619,0.493
131.66,1.222,-2.422,9.61,0.528
131.67,1.27,-2.425,9.601,0.565
131.68,1.317,-2.427,9.592,0.603
131.69,1.363,-2.428,9.582,0.643
131.7,1.408,-2.428,9.573,0.684
131.71,1.451,-2.427,9.564,0.726
131.72,1.494,-2.424,9.554,0.769
131.73,1.536,-2.421,9.545,0.814
131.74,1.576,-2.417,9.535,0.859
131.75,1.615,-2.411,9.526,0.906
131.76,1.653,-2.405,9.517,0.953
131.77,1.69,-2.397,9.507,1.001
131.78,1.726,-2.388,9.497,1.05
131.79,1.761,-2.379,9.488,1.099
131.8,1.795,-2.368,9.478,1.148
131.81,1.829,-2.356,9.468,1.198
131.82,1.862,-2.344,9.459,1.248
131.83,1.893,-2.33,9.449,1.298
131.84,1.924,-2.315,9.44,1.348
131.85,1.954,-2.299,9.43,1.397
131.86,1.982,-2.282,9.421,1.445
131.87,2.008,-2.264,9.413,1.492
131.88,2.033,-2.246,9.404,1.539
131.89,2.055,-2.227,9.397,1.584
131.9,2.075,-2.207,9.389,1.627
131.91,2.094,-2.187,9.383,1.669
131.92,2.109,-2.166,9.377,1.708
131.93,2.122,-2.146,9.372,1.746
131.94,2.133,-2.124,9.368,1.781
131.95,2.14,-2.103,9.364,1.814
131.96,2.145,-2.082,9.362,1.845
131.97,2.143,-2.062,9.362,1.87
131.98,2.138,-2.042,9.363,1.893
131.99,2.129,-2.023,9.365,1.912
132,2.116,-2.005,9.369,1.928
132.01,2.099,-1.987,9.374,1.941
132.02,2.077,-1.971,9.38,1.951
132.03,2.052,-1.956,9.387,1.957
132.04,2.022,-1.942,9.396,1.961
132.05,1.988,-1.929,9.406,1.961
132.06,1.949,-1.918,9.417,1.958
132.07,1.905,-1.908,9.429,1.952
132.08,1.856,-1.899,9.442,1.943
132.09,1.803,-1.892,9.457,1.93
132.1,1.747,-1.885,9.472,1.915
132.11,1.688,-1.88,9.487,1.896
132.12,1.626,-1.875,9.503,1.875
132.13,1.56,-1.871,9.52,1.851
132.14,1.49,-1.868,9.537,1.824
132.15,1.417,-1.866,9.554,1.794
132.16,1.34,-1.864,9.571,1.761
132.17,1.26,-1.864,9.589,1.726
132.18,1.177,-1.864,9.606,1.689
132.19,1.091,-1.865,9.623,1.65
132.2,1.002,-1.866,9.639,1.608
132.21,0.91,-1.868,9.655,1.565
132.22,0.816,-1.87,9.67,1.519
132.23,0.719,-1.873,9.685,1.472
132.24,0.618,-1.876,9.698,1.423
132.25,0.516,-1.88,9.711,1.372
132.26,0.41,-1.883,9.723,1.32
132.27,0.302,-1.888,9.733,1.267
132.28,0.191,-1.893,9.742,1.212
132.29,0.077,-1.898,9.749,1.156
132.3,-0.038,-1.904,9.755,1.098
132.31,-0.157,-1.911,9.759,1.04
132.32,-0.283,-1.92,9.76,0.978
132.33,-0.412,-1.931,9.76,0.916
132.34,-0.546,-1.944,9.756,0.851
132.35,-0.683,-1.958,9.75,0.786
132.36,-0.824,-1.973,9.742,0.719
132.37,-0.968,-1.989,9.73,0.651
132.38,-1.116,-2.006,9.715,0.583
132.39,-1.267,-2.024,9.696,0.513
132.4,-1.421,-2.044,9.674,0.443
132.41,-1.579,-2.064,9.649,0.372
132.42,-1.74,-2.085,9.619,0.3
132.43,-1.902,-2.106,9.585,0.227
132.44,-2.066,-2.129,9.548,0.154
132.45,-2.231,-2.151,9.507,0.08
132.46,-2.397,-2.174,9.461,0.005
132.47,-2.563,-2.197,9.412,-0.069
132.48,-2.729,-2.219,9.359,-0.146
132.49,-2.895,-2.241,9.302,-0.223
132.5,-3.06,-2.263,9.242,-0.301
132.51,-3.224,-2.283,9.178,-0.379
132.52,-3.386,-2.303,9.111,-0.458
132.53,-3.546,-2.321,9.041,-0.538
132.54,-3.705,-2.338,8.967,-0.618
132.55,-3.862,-2.353,8.89,-0.699
132.56,-4.017,-2.367,8.811,-0.781
132.57,-4.17,-2.379,8.729,-0.863
132.58,-4.321,-2.389,8.644,-0.946
132.59,-4.47,-2.396,8.556,-1.028
132.6,-4.616,-2.402,8.466,-1.111
132.61,-4.759,-2.405,8.374,-1.194
132.62,-4.9,-2.405,8.28,-1.277
132.63,-5.039,-2.403,8.183,-1.36
132.64,-5.175,-2.398,8.085,-1.442
132.65,-5.308,-2.391,7.986,-1.524
132.66,-5.437,-2.378,7.886,-1.605
132.67,-5.563,-2.363,7.785,-1.685
132.68,-5.687,-2.345,7.683,-1.765
132.69,-5.807,-2.323,7.581,-1.842
132.7,-5.924,-2.299,7.479,-1.917
132.71,-6.036,-2.272,7.377,-1.99
132.72,-6.144,-2.242,7.277,-2.06
132.73,-6.248,-2.209,7.179,-2.127
132.74,-6.347,-2.174,7.084,-2.19
132.75,-6.44,-2.136,6.991,-2.25
132.76,-6.528,-2.097,6.903,-2.306
132.77,-6.611,-2.055,6.819,-2.358
132.78,-6.688,-2.012,6.74,-2.405
132.79,-6.759,-1.968,6.666,-2.448
132.8,-6.825,-1.922,6.597,-2.486
132.81,-6.886,-1.875,6.535,-2.52
132.82,-6.941,-1.827,6.478,-2.549
132.83,-6.991,-1.778,6.429,-2.574
132.84,-7.035,-1.729,6.386,-2.594
132.85,-7.074,-1.679,6.349,-2.609
132.86,-7.108,-1.629,6.32,-2.62
132.87,-7.137,-1.579,6.297,-2.626
132.88,-7.161,-1.528,6.282,-2.628
132.89,-7.18,-1.477,6.273,-2.625
132.9,-7.195,-1.425,6.271,-2.619
132.91,-7.204,-1.374,6.276,-2.608
132.92,-7.21,-1.321,6.286,-2.594
132.93,-7.213,-1.268,6.302,-2.577
132.94,-7.212,-1.214,6.322,-2.557
132.95,-7.208,-1.16,6.346,-2.534
132.96,-7.201,-1.105,6.373,-2.509
132.97,-7.191,-1.049,6.404,-2.481
132.98,-7.18,-0.992,6.437,-2.452
132.99,-7.167,-0.934,6.471,-2.422
133,-7.153,-0.876,6.506,-2.391
133.01,-7.138,-0.815,6.542,-2.359
133.02,-7.123,-0.752,6.578,-2.327
133.03,-7.108,-0.689,6.612,-2.294
133.04,-7.092,-0.624,6.647,-2.262
133.05,-7.076,-0.559,6.681,-2.23
133.06,-7.059,-0.493,6.715,-2.198
133.07,-7.041,-0.427,6.748,-2.166
133.08,-7.023,-0.361,6.78,-2.135
133.09,-7.005,-0.294,6.812,-2.104
133.1,-6.986,-0.227,6.843,-2.074
133.11,-6.967,-0.161,6.873,-2.045
133.12,-6.948,-0.095,6.902,-2.016
133.13,-6.928,-0.029,6.931,-1.988
133.14,-6.908,0.035,6.959,-1.96
133.15,-6.888,0.099,6.985,-1.933
133.16,-6.87,0.161,7.009,-1.907
133.17,-6.852,0.223,7.032,-1.882
133.18,-6.835,0.282,7.052,-1.858
133.19,-6.82,0.34,7.07,-1.834
133.2,-6.807,0.397,7.086,-1.812
133.21,-6.795,0.451,7.1,-1.79
133.22,-6.785,0.503,7.111,-1.769
133.23,-6.776,0.552,7.12,-1.75
133.24,-6.77,0.599,7.127,-1.73
133.25,-6.765,0.644,7.132,-1.712
133.26,-6.763,0.686,7.135,-1.695
133.27,-6.761,0.725,7.136,-1.679
133.28,-6.762,0.761,7.135,-1.664
133.29,-6.764,0.795,7.133,-1.649
133.3,-6.768,0.827,7.129,-1.635
133.31,-6.774,0.855,7.123,-1.623
133.32,-6.781,0.881,7.115,-1.611
133.33,-6.791,0.904,7.106,-1.6
133.34,-6.802,0.925,7.095,-1.59
133.35,-6.817,0.941,7.08,-1.582
133.36,-6.834,0.954,7.063,-1.574
133.37,-6.854,0.964,7.044,-1.567
133.38,-6.876,0.972,7.023,-1.561
133.39,-6.901,0.977,6.999,-1.556
133.4,-6.928,0.98,6.973,-1.551
133.41,-6.957,0.98,6.944,-1.546
133.42,-6.99,0.979,6.913,-1.542
133.43,-7.025,0.975,6.879,-1.538
133.44,-7.063,0.969,6.842,-1.535
133.45,-7.103,0.961,6.802,-1.531
133.46,-7.146,0.951,6.759,-1.528
133.47,-7.192,0.94,6.713,-1.525
133.48,-7.239,0.927,6.663,-1.522
133.49,-7.289,0.912,6.611,-1.519
133.5,-7.341,0.896,6.557,-1.516
133.51,-7.394,0.879,6.5,-1.514
133.52,-7.448,0.861,6.441,-1.512
133.53,-7.503,0.841,6.38,-1.51
133.54,-7.559,0.821,6.317,-1.509
133.55,-7.614,0.801,6.252,-1.508
133.56,-7.67,0.78,6.187,-1.507
133.57,-7.725,0.758,6.121,-1.507
133.58,-7.779,0.737,6.055,-1.507
133.59,-7.832,0.715,5.988,-1.508
133.6,-7.884,0.692,5.922,-1.509
133.61,-7.935,0.67,5.855,-1.511
133.62,-7.985,0.648,5.789,-1.513
133.63,-8.034,0.627,5.722,-1.516
133.64,-8.082,0.605,5.655,-1.519
133.65,-8.129,0.585,5.589,-1.523
133.66,-8.175,0.564,5.523,-1.527
133.67,-8.22,0.545,5.456,-1.531
133.68,-8.264,0.527,5.39,-1.536
133.69,-8.306,0.511,5.325,-1.541
133.7,-8.347,0.496,5.261,-1.545
133.71,-8.387,0.482,5.197,-1.55
133.72,-8.425,0.469,5.135,-1.555
133.73,-8.462,0.457,5.073,-1.559
133.74,-8.498,0.448,5.012,-1.562
133.75,-8.533,0.439,4.953,-1.565
133.76,-8.566,0.433,4.895,-1.568
133.77,-8.598,0.428,4.839,-1.569
133.78,-8.628,0.425,4.784,-1.57
133.79,-8.657,0.423,4.733,-1.57
133.8,-8.684,0.422,4.684,-1.569
133.81,-8.708,0.423,4.639,-1.566
133.82,-8.731,0.425,4.597,-1.563
133.83,-8.752,0.428,4.559,-1.558
133.84,-8.77,0.434,4.524,-1.552
133.85,-8.787,0.441,4.494,-1.544
133.86,-8.801,0.449,4.468,-1.535
133.87,-8.814,0.459,4.445,-1.524
133.88,-8.825,0.47,4.426,-1.512
133.89,-8.835,0.482,4.411,-1.499
133.9,-8.842,0.496,4.399,-1.485
133.91,-8.848,0.511,4.39,-1.47
133.92,-8.852,0.527,4.385,-1.454
133.93,-8.856,0.545,4.382,-1.436
133.94,-8.858,0.564,4.38,-1.418
133.95,-8.86,0.585,4.381,-1.4
133.96,-8.861,0.607,4.382,-1.38
133.97,-8.861,0.63,4.384,-1.36
133.98,-8.861,0.655,4.387,-1.339
133.99,-8.86,0.681,4.39,-1.318
134,-8.859,0.707,4.395,-1.297
134.01,-8.858,0.735,4.4,-1.275
134.02,-8.856,0.763,4.405,-1.253
134.03,-8.853,0.792,4.412,-1.23
134.04,-8.85,0.822,4.419,-1.208
134.05,-8.847,0.852,4.426,-1.185
134.06,-8.842,0.883,4.434,-1.163
134.07,-8.838,0.915,4.443,-1.141
134.08,-8.833,0.946,4.452,-1.119
134.09,-8.828,0.977,4.461,-1.097
134.1,-8.822,1.008,4.47,-1.076
134.11,-8.816,1.038,4.48,-1.055
134.12,-8.81,1.069,4.49,-1.035
134.13,-8.803,1.098,4.501,-1.015
134.14,-8.796,1.127,4.511,-0.996
134.15,-8.789,1.155,4.522,-0.979
134.16,-8.781,1.183,4.533,-0.962
134.17,-8.774,1.209,4.544,-0.946
134.18,-8.766,1.234,4.555,-0.932
134.19,-8.759,1.257,4.565,-0.919
134.2,-8.752,1.279,4.575,-0.907
134.21,-8.745,1.299,4.585,-0.896
134.22,-8.739,1.318,4.593,-0.887
134.23,-8.732,1.335,4.602,-0.878
134.24,-8.727,1.351,4.609,-0.872
134.25,-8.721,1.364,4.617,-0.867
134.26,-8.715,1.376,4.625,-0.863
134.27,-8.71,1.386,4.632,-0.861
134.28,-8.705,1.394,4.64,-0.86
134.29,-8.7,1.4,4.646,-0.861
134.3,-8.696,1.404,4.653,-0.864
134.31,-8.692,1.405,4.658,-0.868
134.32,-8.69,1.404,4.663,-0.874
134.33,-8.687,1.401,4.666,-0.882
134.34,-8.686,1.395,4.669,-0.891
134.35,-8.685,1.388,4.671,-0.902
134.36,-8.685,1.377,4.672,-0.914
134.37,-8.686,1.365,4.671,-0.928
134.38,-8.69,1.348,4.665,-0.943
134.39,-8.695,1.329,4.657,-0.96
134.4,-8.702,1.308,4.646,-0.977
134.41,-8.711,1.285,4.633,-0.995
134.42,-8.721,1.26,4.616,-1.013
134.43,-8.733,1.233,4.597,-1.032
134.44,-8.746,1.205,4.575,-1.051
134.45,-8.76,1.176,4.551,-1.072
134.46,-8.775,1.145,4.525,-1.092
134.47,-8.79,1.113,4.499,-1.113
134.48,-8.806,1.081,4.471,-1.135
134.49,-8.821,1.047,4.443,-1.156
134.5,-8.836,1.013,4.415,-1.179
134.51,-8.851,0.979,4.387,-1.201
134.52,-8.866,0.944,4.359,-1.224
134.53,-8.88,0.909,4.331,-1.247
134.54,-8.893,0.874,4.303,-1.27
134.55,-8.906,0.838,4.277,-1.293
134.56,-8.918,0.803,4.251,-1.316
134.57,-8.93,0.768,4.225,-1.339
134.58,-8.941,0.734,4.2,-1.361
134.59,-8.952,0.7,4.176,-1.383
134.6,-8.962,0.666,4.152,-1.405
134.61,-8.972,0.634,4.129,-1.426
134.62,-8.982,0.602,4.106,-1.446
134.63,-8.991,0.57,4.084,-1.466
134.64,-8.999,0.54,4.062,-1.485
134.65,-9.008,0.51,4.041,-1.503
134.66,-9.015,0.481,4.021,-1.522
134.67,-9.022,0.452,4.002,-1.539
134.68,-9.028,0.424,3.984,-1.555
134.69,-9.034,0.398,3.968,-1.571
134.7,-9.039,0.372,3.953,-1.585
134.71,-9.044,0.346,3.939,-1.599
134.72,-9.048,0.322,3.927,-1.611
134.73,-9.051,0.299,3.918,-1.62
134.74,-9.054,0.278,3.911,-1.628
134.75,-9.056,0.258,3.904,-1.634
134.76,-9.058,0.239,3.898,-1.638
134.77,-9.06,0.221,3.893,-1.641
134.78,-9.062,0.204,3.888,-1.643
134.79,-9.065,0.189,3.884,-1.643
134.8,-9.067,0.175,3.88,-1.641
134.81,-9.069,0.162,3.876,-1.638
134.82,-9.072,0.15,3.873,-1.633
134.83,-9.074,0.14,3.87,-1.626
134.84,-9.077,0.13,3.867,-1.619
134.85,-9.08,0.122,3.865,-1.61
134.86,-9.083,0.114,3.862,-1.6
134.87,-9.086,0.108,3.86,-1.589
134.88,-9.089,0.103,3.856,-1.577
134.89,-9.093,0.099,3.853,-1.563
134.9,-9.097,0.097,3.849,-1.549
134.91,-9.102,0.095,3.845,-1.535
134.92,-9.106,0.094,3.841,-1.519
134.93,-9.11,0.094,3.837,-1.503
134.94,-9.114,0.095,3.833,-1.487
134.95,-9.119,0.097,3.829,-1.47
134.96,-9.124,0.098,3.825,-1.452
134.97,-9.128,0.101,3.82,-1.435
134.98,-9.133,0.104,3.816,-1.417
134.99,-9.138,0.107,3.811,-1.399
135,-9.143,0.11,3.805,-1.38
135.01,-9.148,0.114,3.799,-1.362
135.02,-9.154,0.118,3.792,-1.342
135.03,-9.16,0.122,3.784,-1.323
135.04,-9.166,0.127,3.776,-1.303
135.05,-9.172,0.132,3.768,-1.283
135.06,-9.178,0.138,3.759,-1.263
135.07,-9.185,0.143,3.749,-1.243
135.08,-9.192,0.149,3.739,-1.223
135.09,-9.199,0.156,3.728,-1.203
135.1,-9.206,0.163,3.717,-1.184
135.11,-9.213,0.17,3.704,-1.166
135.12,-9.22,0.177,3.691,-1.149
135.13,-9.228,0.185,3.676,-1.133
135.14,-9.236,0.194,3.659,-1.118
135.15,-9.245,0.202,3.641,-1.104
135.16,-9.254,0.21,3.621,-1.092
135.17,-9.264,0.218,3.599,-1.081
135.18,-9.274,0.227,3.575,-1.071
135.19,-9.285,0.235,3.549,-1.063
135.2,-9.296,0.243,3.521,-1.057
135.21,-9.307,0.251,3.491,-1.053
135.22,-9.319,0.258,3.459,-1.05
135.23,-9.332,0.265,3.425,-1.05
135.24,-9.345,0.272,3.388,-1.051
135.25,-9.359,0.278,3.349,-1.054
135.26,-9.373,0.285,3.307,-1.06
135.27,-9.387,0.291,3.262,-1.067
135.28,-9.402,0.297,3.215,-1.076
135.29,-9.417,0.302,3.167,-1.087
135.3,-9.433,0.308,3.116,-1.1
135.31,-9.448,0.313,3.063,-1.115
135.32,-9.463,0.318,3.009,-1.131
135.33,-9.478,0.323,2.953,-1.149
135.34,-9.493,0.328,2.897,-1.169
135.35,-9.508,0.333,2.84,-1.19
135.36,-9.521,0.339,2.782,-1.213
135.37,-9.535,0.345,2.725,-1.237
135.38,-9.548,0.352,2.667,-1.262
135.39,-9.56,0.36,2.609,-1.287
135.4,-9.572,0.368,2.55,-1.313
135.41,-9.584,0.377,2.49,-1.34
135.42,-9.595,0.388,2.429,-1.368
135.43,-9.606,0.4,2.367,-1.396
135.44,-9.617,0.413,2.304,-1.424
135.45,-9.627,0.426,2.241,-1.452
135.46,-9.636,0.441,2.177,-1.481
135.47,-9.645,0.457,2.113,-1.509
135.48,-9.654,0.474,2.048,-1.537
135.49,-9.663,0.492,1.983,-1.565
135.5,-9.671,0.511,1.916,-1.592
135.51,-9.678,0.53,1.848,-1.618
135.52,-9.686,0.551,1.78,-1.644
135.53,-9.692,0.573,1.711,-1.67
135.54,-9.699,0.596,1.641,-1.694
135.55,-9.705,0.619,1.571,-1.717
135.56,-9.71,0.643,1.501,-1.739
135.57,-9.716,0.668,1.431,-1.761
135.58,-9.72,0.694,1.359,-1.781
135.59,-9.725,0.72,1.288,-1.799
135.6,-9.729,0.747,1.216,-1.817
135.61,-9.732,0.776,1.144,-1.833
135.62,-9.735,0.805,1.072,-1.847
135.63,-9.738,0.834,0.999,-1.86
135.64,-9.741,0.865,0.924,-1.872
135.65,-9.743,0.897,0.85,-1.882
135.66,-9.744,0.93,0.774,-1.89
135.67,-9.746,0.963,0.697,-1.896
135.68,-9.747,0.997,0.619,-1.901
135.69,-9.747,1.032,0.541,-1.903
135.7,-9.748,1.067,0.46,-1.903
135.71,-9.747,1.103,0.379,-1.901
135.72,-9.747,1.139,0.296,-1.896
135.73,-9.746,1.176,0.213,-1.889
135.74,-9.745,1.213,0.128,-1.879
135.75,-9.744,1.25,0.042,-1.867
135.76,-9.742,1.286,-0.045,-1.851
135.77,-9.74,1.322,-0.133,-1.832
135.78,-9.737,1.358,-0.222,-1.811
135.79,-9.734,1.392,-0.311,-1.788
135.8,-9.731,1.425,-0.4,-1.762
135.81,-9.727,1.457,-0.488,-1.735
135.82,-9.723,1.487,-0.576,-1.705
135.83,-9.718,1.517,-0.663,-1.674
135.84,-9.713,1.545,-0.75,-1.641
135.85,-9.707,1.571,-0.837,-1.607
135.86,-9.701,1.596,-0.924,-1.571
135.87,-9.695,1.62,-1.01,-1.534
135.88,-9.688,1.642,-1.096,-1.495
135.89,-9.68,1.663,-1.183,-1.455
135.9,-9.672,1.682,-1.269,-1.415
135.91,-9.663,1.7,-1.356,-1.374
135.92,-9.653,1.716,-1.442,-1.332
135.93,-9.643,1.731,-1.528,-1.29
135.94,-9.632,1.744,-1.614,-1.248
135.95,-9.621,1.757,-1.699,-1.206
135.96,-9.608,1.767,-1.785,-1.164
135.97,-9.596,1.776,-1.87,-1.122
135.98,-9.582,1.783,-1.954,-1.08
135.99,-9.569,1.788,-2.037,-1.039
136,-9.555,1.792,-2.119,-0.998
136.01,-9.54,1.793,-2.2,-0.958
136.02,-9.525,1.793,-2.28,-0.919
136.03,-9.51,1.792,-2.359,-0.881
136.04,-9.494,1.789,-2.437,-0.844
136.05,-9.478,1.785,-2.513,-0.808
136.06,-9.462,1.778,-2.588,-0.774
136.07,-9.445,1.771,-2.662,-0.741
136.08,-9.428,1.762,-2.735,-0.71
136.09,-9.411,1.752,-2.806,-0.681
136.1,-9.395,1.741,-2.874,-0.656
136.11,-9.379,1.728,-2.939,-0.633
136.12,-9.363,1.714,-3.003,-0.611
136.13,-9.347,1.699,-3.064,-0.592
136.14,-9.331,1.683,-3.123,-0.575
136.15,-9.315,1.667,-3.181,-0.559
136.16,-9.3,1.65,-3.236,-0.546
136.17,-9.285,1.633,-3.29,-0.535
136.18,-9.27,1.615,-3.342,-0.525
136.19,-9.255,1.598,-3.393,-0.518
136.2,-9.241,1.58,-3.441,-0.513
136.21,-9.226,1.561,-3.487,-0.51
136.22,-9.213,1.543,-3.532,-0.508
136.23,-9.199,1.525,-3.575,-0.509
136.24,-9.186,1.506,-3.616,-0.511
136.25,-9.173,1.488,-3.656,-0.515
136.26,-9.16,1.47,-3.694,-0.521
136.27,-9.148,1.452,-3.731,-0.528
136.28,-9.136,1.434,-3.766,-0.537
136.29,-9.124,1.416,-3.798,-0.548
136.3,-9.113,1.399,-3.83,-0.56
136.31,-9.102,1.381,-3.86,-0.574
136.32,-9.092,1.364,-3.888,-0.588
136.33,-9.082,1.347,-3.915,-0.604
136.34,-9.072,1.331,-3.941,-0.621
136.35,-9.062,1.315,-3.965,-0.639
136.36,-9.053,1.299,-3.988,-0.658
136.37,-9.044,1.283,-4.01,-0.678
136.38,-9.036,1.269,-4.031,-0.699
136.39,-9.027,1.254,-4.051,-0.72
136.4,-9.018,1.24,-4.07,-0.742
136.41,-9.01,1.227,-4.088,-0.764
136.42,-9.002,1.215,-4.105,-0.787
136.43,-8.994,1.203,-4.122,-0.809
136.44,-8.986,1.192,-4.137,-0.832
136.45,-8.979,1.182,-4.152,-0.856
136.46,-8.971,1.172,-4.166,-0.879
136.47,-8.964,1.164,-4.179,-0.902
136.48,-8.956,1.157,-4.193,-0.925
136.49,-8.948,1.15,-4.206,-0.948
136.5,-8.94,1.145,-4.221,-0.97
136.51,-8.931,1.141,-4.235,-0.993
136.52,-8.922,1.137,-4.25,-1.015
136.53,-8.912,1.135,-4.266,-1.036
136.54,-8.902,1.135,-4.282,-1.057
136.55,-8.891,1.135,-4.299,-1.078
136.56,-8.88,1.137,-4.316,-1.098
136.57,-8.868,1.14,-4.334,-1.118
136.58,-8.856,1.145,-4.353,-1.137
136.59,-8.844,1.151,-4.371,-1.156
136.6,-8.831,1.159,-4.39,-1.174
136.61,-8.819,1.168,-4.408,-1.192
136.62,-8.806,1.178,-4.427,-1.208
136.63,-8.793,1.19,-4.445,-1.224
136.64,-8.78,1.203,-4.463,-1.239
136.65,-8.767,1.218,-4.481,-1.253
136.66,-8.753,1.234,-4.499,-1.266
136.67,-8.74,1.251,-4.516,-1.278
136.68,-8.727,1.27,-4.533,-1.289
136.69,-8.714,1.29,-4.55,-1.3
136.7,-8.701,1.311,-4.566,-1.309
136.71,-8.688,1.334,-4.581,-1.317
136.72,-8.675,1.357,-4.597,-1.324
136.73,-8.662,1.381,-4.612,-1.331
136.74,-8.649,1.407,-4.628,-1.336
136.75,-8.635,1.433,-4.644,-1.341
136.76,-8.621,1.46,-4.66,-1.345
136.77,-8.607,1.487,-4.676,-1.348
136.78,-8.593,1.516,-4.693,-1.35
136.79,-8.578,1.546,-4.711,-1.351
136.8,-8.562,1.576,-4.729,-1.351
136.81,-8.546,1.607,-4.747,-1.351
136.82,-8.53,1.638,-4.766,-1.35
136.83,-8.513,1.67,-4.786,-1.349
136.84,-8.495,1.702,-4.806,-1.348
136.85,-8.477,1.734,-4.827,-1.347
136.86,-8.458,1.767,-4.849,-1.345
136.87,-8.439,1.801,-4.871,-1.343
136.88,-8.418,1.834,-4.894,-1.341
136.89,-8.397,1.868,-4.918,-1.339
136.9,-8.375,1.903,-4.942,-1.337
136.91,-8.353,1.937,-4.967,-1.335
136.92,-8.33,1.971,-4.993,-1.333
136.93,-8.307,2.006,-5.019,-1.332
136.94,-8.283,2.04,-5.045,-1.33
136.95,-8.258,2.074,-5.071,-1.329
136.96,-8.233,2.108,-5.099,-1.328
136.97,-8.206,2.142,-5.127,-1.328
136.98,-8.179,2.175,-5.156,-1.328
136.99,-8.152,2.208,-5.186,-1.328
137,-8.124,2.24,-5.216,-1.329
137.01,-8.095,2.272,-5.247,-1.331
137.02,-8.065,2.304,-5.278,-1.333
137.03,-8.035,2.335,-5.309,-1.336
137.04,-8.004,2.365,-5.341,-1.34
137.05,-7.973,2.396,-5.373,-1.345
137.06,-7.941,2.425,-5.405,-1.35
137.07,-7.91,2.454,-5.436,-1.357
137.08,-7.878,2.483,-5.467,-1.364
137.09,-7.846,2.511,-5.498,-1.373
137.1,-7.814,2.538,-5.528,-1.383
137.11,-7.782,2.565,-5.558,-1.394
137.12,-7.75,2.592,-5.587,-1.407
137.13,-7.718,2.618,-5.616,-1.42
137.14,-7.686,2.644,-5.645,-1.435
137.15,-7.653,2.669,-5.673,-1.451
137.16,-7.62,2.694,-5.702,-1.468
137.17,-7.586,2.719,-5.731,-1.484
137.18,-7.551,2.743,-5.76,-1.502
137.19,-7.516,2.767,-5.79,-1.519
137.2,-7.481,2.79,-5.82,-1.537
137.21,-7.445,2.813,-5.849,-1.555
137.22,-7.409,2.836,-5.88,-1.573
137.23,-7.372,2.858,-5.91,-1.591
137.24,-7.335,2.88,-5.942,-1.609
137.25,-7.296,2.901,-5.974,-1.626
137.26,-7.257,2.922,-6.007,-1.644
137.27,-7.216,2.942,-6.041,-1.66
137.28,-7.175,2.962,-6.076,-1.676
137.29,-7.133,2.981,-6.112,-1.692
137.3,-7.09,2.999,-6.148,-1.706
137.31,-7.047,3.018,-6.186,-1.72
137.32,-7.002,3.035,-6.224,-1.734
137.33,-6.956,3.052,-6.263,-1.746
137.34,-6.91,3.069,-6.303,-1.757
137.35,-6.862,3.085,-6.344,-1.768
137.36,-6.814,3.101,-6.385,-1.777
137.37,-6.765,3.117,-6.428,-1.786
137.38,-6.715,3.132,-6.47,-1.793
137.39,-6.665,3.147,-6.513,-1.799
137.4,-6.614,3.162,-6.557,-1.803
137.41,-6.562,3.177,-6.601,-1.806
137.42,-6.509,3.191,-6.646,-1.807
137.43,-6.455,3.205,-6.692,-1.806
137.44,-6.4,3.219,-6.739,-1.803
137.45,-6.345,3.232,-6.786,-1.798
137.46,-6.288,3.246,-6.834,-1.791
137.47,-6.23,3.259,-6.882,-1.782
137.48,-6.171,3.272,-6.933,-1.769
137.49,-6.111,3.284,-6.984,-1.754
137.5,-6.051,3.295,-7.035,-1.737
137.51,-5.989,3.306,-7.087,-1.718
137.52,-5.927,3.317,-7.139,-1.696
137.53,-5.865,3.326,-7.192,-1.673
137.54,-5.802,3.335,-7.245,-1.648
137.55,-5.738,3.342,-7.298,-1.621
137.56,-5.674,3.349,-7.35,-1.592
137.57,-5.61,3.355,-7.403,-1.562
137.58,-5.546,3.36,-7.456,-1.531
137.59,-5.482,3.364,-7.508,-1.499
137.6,-5.417,3.368,-7.56,-1.465
137.61,-5.353,3.37,-7.611,-1.431
137.62,-5.288,3.372,-7.662,-1.395
137.63,-5.223,3.373,-7.713,-1.358
137.64,-5.158,3.373,-7.763,-1.32
137.65,-5.093,3.372,-7.812,-1.282
137.66,-5.029,3.371,-7.86,-1.243
137.67,-4.965,3.369,-7.908,-1.204
137.68,-4.902,3.367,-7.954,-1.165
137.69,-4.839,3.363,-7.999,-1.124
137.7,-4.777,3.36,-8.044,-1.084
137.71,-4.715,3.356,-8.087,-1.043
137.72,-4.653,3.352,-8.13,-1.001
137.73,-4.591,3.348,-8.172,-0.959
137.74,-4.53,3.344,-8.213,-0.916
137.75,-4.468,3.339,-8.253,-0.872
137.76,-4.406,3.335,-8.292,-0.828
137.77,-4.345,3.33,-8.331,-0.784
137.78,-4.284,3.326,-8.368,-0.739
137.79,-4.222,3.322,-8.405,-0.693
137.8,-4.161,3.318,-8.441,-0.647
137.81,-4.1,3.313,-8.476,-0.601
137.82,-4.038,3.31,-8.51,-0.554
137.83,-3.977,3.307,-8.543,-0.507
137.84,-3.915,3.304,-8.575,-0.461
137.85,-3.854,3.301,-8.606,-0.414
137.86,-3.793,3.299,-8.636,-0.367
137.87,-3.731,3.296,-8.666,-0.321
137.88,-3.67,3.294,-8.694,-0.274
137.89,-3.608,3.292,-8.722,-0.228
137.9,-3.545,3.291,-8.749,-0.181
137.91,-3.482,3.29,-8.776,-0.134
137.92,-3.419,3.289,-8.802,-0.087
137.93,-3.355,3.288,-8.827,-0.041
137.94,-3.291,3.288,-8.851,0.005
137.95,-3.226,3.288,-8.875,0.051
137.96,-3.16,3.289,-8.898,0.098
137.97,-3.094,3.29,-8.92,0.144
137.98,-3.027,3.292,-8.942,0.191
137.99,-2.959,3.294,-8.962,0.237
138,-2.891,3.297,-8.982,0.283
138.01,-2.823,3.3,-9.001,0.328
138.02,-2.754,3.303,-9.019,0.374
138.03,-2.686,3.307,-9.037,0.419
138.04,-2.617,3.312,-9.053,0.463
138.05,-2.547,3.316,-9.069,0.508
138.06,-2.477,3.321,-9.084,0.551
138.07,-2.407,3.326,-9.098,0.595
138.08,-2.337,3.332,-9.111,0.637
138.09,-2.266,3.337,-9.124,0.679
138.1,-2.196,3.344,-9.136,0.72
138.11,-2.125,3.35,-9.147,0.759
138.12,-2.054,3.357,-9.158,0.798
138.13,-1.982,3.364,-9.167,0.835
138.14,-1.909,3.371,-9.177,0.872
138.15,-1.836,3.379,-9.186,0.907
138.16,-1.763,3.386,-9.194,0.941
138.17,-1.688,3.395,-9.201,0.972
138.18,-1.612,3.403,-9.209,1.002
138.19,-1.534,3.411,-9.216,1.031
138.2,-1.455,3.419,-9.223,1.059
138.21,-1.374,3.426,-9.229,1.086
138.22,-1.292,3.434,-9.235,1.112
138.23,-1.207,3.441,-9.241,1.137
138.24,-1.121,3.447,-9.246,1.162
138.25,-1.032,3.453,-9.252,1.187
138.26,-0.94,3.458,-9.256,1.211
138.27,-0.847,3.462,-9.26,1.234
138.28,-0.751,3.466,-9.264,1.257
138.29,-0.654,3.469,-9.267,1.279
138.3,-0.554,3.472,-9.27,1.301
138.31,-0.452,3.473,-9.272,1.322
138.32,-0.349,3.473,-9.274,1.343
138.33,-0.245,3.472,-9.274,1.363
138.34,-0.139,3.47,-9.274,1.383
138.35,-0.031,3.466,-9.274,1.402
138.36,0.078,3.462,-9.272,1.421
138.37,0.19,3.456,-9.27,1.439
138.38,0.303,3.45,-9.267,1.456
138.39,0.417,3.442,-9.262,1.473
138.4,0.533,3.434,-9.257,1.489
138.41,0.649,3.424,-9.251,1.504
138.42,0.766,3.414,-9.243,1.519
138.43,0.883,3.403,-9.234,1.534
138.44,1,3.391,-9.225,1.547
138.45,1.118,3.378,-9.214,1.56
138.46,1.235,3.365,-9.201,1.572
138.47,1.351,3.351,-9.188,1.584
138.48,1.468,3.336,-9.174,1.595
138.49,1.584,3.321,-9.158,1.606
138.5,1.699,3.305,-9.141,1.616
138.51,1.813,3.288,-9.124,1.626
138.52,1.926,3.271,-9.105,1.635
138.53,2.039,3.252,-9.085,1.644
138.54,2.151,3.234,-9.065,1.653
138.55,2.262,3.214,-9.043,1.663
138.56,2.372,3.194,-9.02,1.672
138.57,2.482,3.173,-8.996,1.681
138.58,2.592,3.151,-8.971,1.691
138.59,2.702,3.129,-8.944,1.701
138.6,2.811,3.105,-8.917,1.712
138.61,2.92,3.081,-8.888,1.723
138.62,3.029,3.055,-8.858,1.735
138.63,3.138,3.029,-8.827,1.747
138.64,3.245,3.001,-8.795,1.76
138.65,3.352,2.973,-8.761,1.773
138.66,3.458,2.945,-8.727,1.786
138.67,3.563,2.915,-8.692,1.8
138.68,3.666,2.885,-8.656,1.814
138.69,3.768,2.854,-8.62,1.828
138.7,3.869,2.823,-8.582,1.842
138.71,3.969,2.791,-8.544,1.857
138.72,4.068,2.758,-8.504,1.872
138.73,4.166,2.725,-8.464,1.887
138.74,4.262,2.691,-8.423,1.902
138.75,4.358,2.657,-8.382,1.918
138.76,4.453,2.622,-8.339,1.935
138.77,4.547,2.587,-8.295,1.952
138.78,4.64,2.55,-8.25,1.97
138.79,4.732,2.514,-8.205,1.988
138.8,4.823,2.476,-8.159,2.007
138.81,4.913,2.438,-8.111,2.027
138.82,5.002,2.399,-8.063,2.046
138.83,5.091,2.359,-8.014,2.067
138.84,5.179,2.319,-7.964,2.088
138.85,5.267,2.277,-7.913,2.11
138.86,5.355,2.235,-7.859,2.133
138.87,5.442,2.191,-7.804,2.157
138.88,5.53,2.147,-7.748,2.182
138.89,5.618,2.102,-7.69,2.207
138.9,5.705,2.056,-7.631,2.232
138.91,5.792,2.01,-7.57,2.257
138.92,5.878,1.963,-7.508,2.282
138.93,5.963,1.915,-7.445,2.307
138.94,6.048,1.867,-7.381,2.332
138.95,6.133,1.819,-7.315,2.357
138.96,6.216,1.77,-7.248,2.381
138.97,6.299,1.721,-7.181,2.404
138.98,6.381,1.671,-7.112,2.427
138.99,6.463,1.622,-7.041,2.45
139,6.544,1.572,-6.97,2.471
139.01,6.624,1.523,-6.897,2.492
139.02,6.704,1.473,-6.824,2.511
139.03,6.783,1.423,-6.749,2.53
139.04,6.86,1.374,-6.674,2.547
139.05,6.937,1.325,-6.598,2.564
139.06,7.014,1.275,-6.52,2.579
139.07,7.089,1.227,-6.443,2.593
139.08,7.163,1.178,-6.364,2.605
139.09,7.237,1.13,-6.284,2.617
139.1,7.31,1.082,-6.203,2.627
139.11,7.382,1.034,-6.122,2.635
139.12,7.452,0.987,-6.041,2.642
139.13,7.522,0.941,-5.959,2.648
139.14,7.59,0.895,-5.877,2.652
139.15,7.657,0.85,-5.795,2.654
139.16,7.723,0.806,-5.713,2.655
139.17,7.788,0.763,-5.631,2.653
139.18,7.851,0.721,-5.549,2.65
139.19,7.913,0.681,-5.468,2.646
139.2,7.973,0.643,-5.389,2.638
139.21,8.031,0.606,-5.311,2.628
139.22,8.088,0.572,-5.234,2.617
139.23,8.143,0.539,-5.159,2.603
139.24,8.196,0.507,-5.085,2.588
139.25,8.248,0.478,-5.012,2.571
139.26,8.297,0.45,-4.941,2.553
139.27,8.346,0.424,-4.872,2.533
139.28,8.392,0.4,-4.805,2.512
139.29,8.437,0.378,-4.739,2.49
139.3,8.48,0.357,-4.675,2.467
139.31,8.523,0.338,-4.612,2.443
139.32,8.563,0.32,-4.55,2.417
139.33,8.603,0.304,-4.49,2.392
139.34,8.642,0.289,-4.43,2.365
139.35,8.679,0.275,-4.372,2.338
139.36,8.716,0.262,-4.314,2.311
139.37,8.751,0.25,-4.257,2.284
139.38,8.786,0.24,-4.2,2.256
139.39,8.82,0.23,-4.145,2.228
139.4,8.853,0.222,-4.089,2.2
139.41,8.885,0.214,-4.035,2.173
139.42,8.916,0.207,-3.981,2.145
139.43,8.946,0.201,-3.929,2.119
139.44,8.974,0.196,-3.877,2.092
139.45,9.002,0.192,-3.826,2.067
139.46,9.029,0.188,-3.777,2.042
139.47,9.054,0.185,-3.728,2.018
139.48,9.079,0.183,-3.681,1.995
139.49,9.102,0.182,-3.636,1.973
139.5,9.124,0.182,-3.592,1.952
139.51,9.145,0.182,-3.549,1.932
139.52,9.165,0.182,-3.507,1.914
139.53,9.184,0.183,-3.467,1.896
139.54,9.202,0.184,-3.427,1.88
139.55,9.218,0.187,-3.39,1.866
139.56,9.234,0.189,-3.353,1.853
139.57,9.249,0.192,-3.318,1.842
139.58,9.263,0.195,-3.284,1.832
139.59,9.277,0.199,-3.25,1.823
139.6,9.289,0.202,-3.218,1.816
139.61,9.301,0.206,-3.186,1.81
139.62,9.312,0.21,-3.156,1.806
139.63,9.323,0.214,-3.126,1.803
139.64,9.333,0.218,-3.097,1.802
139.65,9.342,0.222,-3.069,1.801
139.66,9.35,0.226,-3.043,1.803
139.67,9.358,0.23,-3.017,1.805
139.68,9.365,0.233,-2.993,1.809
139.69,9.371,0.237,-2.97,1.815
139.7,9.377,0.241,-2.947,1.822
139.71,9.382,0.244,-2.925,1.83
139.72,9.387,0.248,-2.903,1.84
139.73,9.391,0.251,-2.882,1.85
139.74,9.395,0.255,-2.862,1.862
139.75,9.398,0.258,-2.842,1.875
139.76,9.401,0.261,-2.822,1.89
139.77,9.404,0.265,-2.803,1.905
139.78,9.406,0.268,-2.784,1.921
139.79,9.408,0.271,-2.766,1.937
139.8,9.41,0.275,-2.748,1.955
139.81,9.411,0.278,-2.73,1.973
139.82,9.412,0.281,-2.713,1.991
139.83,9.413,0.284,-2.696,2.01
139.84,9.413,0.287,-2.679,2.029
139.85,9.414,0.29,-2.663,2.049
139.86,9.414,0.292,-2.647,2.068
139.87,9.414,0.295,-2.631,2.088
139.88,9.413,0.297,-2.616,2.107
139.89,9.413,0.299,-2.602,2.127
139.9,9.412,0.3,-2.588,2.146
139.91,9.412,0.301,-2.574,2.165
139.92,9.411,0.301,-2.56,2.183
139.93,9.411,0.301,-2.547,2.201
139.94,9.41,0.3,-2.533,2.219
139.95,9.41,0.299,-2.519,2.236
139.96,9.41,0.297,-2.506,2.253
139.97,9.409,0.294,-2.492,2.27
139.98,9.409,0.291,-2.479,2.286
139.99,9.409,0.287,-2.465,2.301
140,9.409,0.282,-2.451,2.316
140.01,9.409,0.276,-2.437,2.331
140.02,9.41,0.27,-2.423,2.345
140.03,9.41,0.263,-2.409,2.358
140.04,9.411,0.256,-2.394,2.371
140.05,9.412,0.247,-2.379,2.383
140.06,9.413,0.238,-2.364,2.394
140.07,9.414,0.229,-2.349,2.405
140.08,9.416,0.219,-2.334,2.415
140.09,9.417,0.208,-2.319,2.425
140.1,9.419,0.197,-2.304,2.433
140.11,9.421,0.186,-2.29,2.441
140.12,9.423,0.175,-2.276,2.447
140.13,9.425,0.163,-2.263,2.453
140.14,9.427,0.152,-2.25,2.457
140.15,9.429,0.14,-2.239,2.46
140.16,9.431,0.128,-2.228,2.463
140.17,9.433,0.116,-2.218,2.464
140.18,9.435,0.105,-2.209,2.465
140.19,9.437,0.093,-2.201,2.465
140.2,9.439,0.082,-2.193,2.463
140.21,9.442,0.071,-2.186,2.461
140.22,9.444,0.059,-2.18,2.458
140.23,9.446,0.048,-2.175,2.454
140.24,9.449,0.038,-2.171,2.449
140.25,9.451,0.027,-2.167,2.444
140.26,9.453,0.017,-2.163,2.438
140.27,9.456,0.007,-2.16,2.432
140.28,9.458,-0.001,-2.158,2.425
140.29,9.46,-0.01,-2.155,2.418
140.3,9.462,-0.019,-2.154,2.411
140.31,9.464,-0.027,-2.153,2.404
140.32,9.466,-0.034,-2.154,2.396
140.33,9.468,-0.04,-2.154,2.388
140.34,9.47,-0.046,-2.155,2.38
140.35,9.471,-0.051,-2.157,2.372
140.36,9.473,-0.055,-2.159,2.363
140.37,9.475,-0.059,-2.161,2.355
140.38,9.476,-0.061,-2.164,2.345
140.39,9.478,-0.063,-2.168,2.336
140.4,9.479,-0.064,-2.172,2.326
140.41,9.481,-0.064,-2.176,2.316
140.42,9.482,-0.062,-2.182,2.306
140.43,9.483,-0.059,-2.188,2.295
140.44,9.484,-0.055,-2.196,2.284
140.45,9.485,-0.05,-2.204,2.272
140.46,9.486,-0.043,-2.213,2.26
140.47,9.486,-0.035,-2.223,2.248
140.48,9.486,-0.025,-2.235,2.236
140.49,9.486,-0.014,-2.247,2.223
140.5,9.486,-0.002,-2.26,2.211
140.51,9.486,0.011,-2.275,2.198
140.52,9.485,0.026,-2.29,2.185
140.53,9.484,0.043,-2.306,2.172
140.54,9.483,0.061,-2.324,2.159
140.55,9.481,0.081,-2.343,2.146
140.56,9.479,0.102,-2.363,2.133
140.57,9.476,0.125,-2.384,2.12
140.58,9.472,0.15,-2.407,2.108
140.59,9.468,0.177,-2.431,2.096
140.6,9.464,0.205,-2.456,2.085
140.61,9.459,0.235,-2.483,2.074
140.62,9.453,0.267,-2.511,2.063
140.63,9.446,0.299,-2.541,2.052
140.64,9.439,0.334,-2.572,2.042
140.65,9.43,0.369,-2.605,2.033
140.66,9.421,0.407,-2.64,2.023
140.67,9.411,0.445,-2.675,2.014
140.68,9.401,0.484,-2.712,2.006
140.69,9.389,0.525,-2.75,1.997
140.7,9.377,0.567,-2.789,1.989
140.71,9.364,0.61,-2.829,1.982
140.72,9.35,0.654,-2.87,1.974
140.73,9.336,0.698,-2.911,1.967
140.74,9.321,0.743,-2.953,1.96
140.75,9.305,0.789,-2.995,1.953
140.76,9.288,0.836,-3.037,1.946
140.77,9.271,0.882,-3.08,1.939
140.78,9.254,0.929,-3.123,1.933
140.79,9.235,0.977,-3.166,1.927
140.8,9.216,1.024,-3.211,1.921
140.81,9.196,1.072,-3.255,1.916
140.82,9.175,1.119,-3.301,1.91
140.83,9.154,1.167,-3.347,1.905
140.84,9.131,1.215,-3.395,1.9
140.85,9.107,1.263,-3.444,1.896
140.86,9.082,1.311,-3.494,1.891
140.87,9.056,1.359,-3.546,1.887
140.88,9.028,1.407,-3.599,1.883
140.89,8.999,1.455,-3.653,1.88
140.9,8.969,1.502,-3.709,1.876
140.91,8.938,1.55,-3.766,1.873
140.92,8.905,1.597,-3.825,1.871
140.93,8.871,1.644,-3.886,1.869
140.94,8.835,1.691,-3.948,1.866
140.95,8.797,1.738,-4.012,1.864
140.96,8.758,1.784,-4.078,1.862
140.97,8.717,1.83,-4.146,1.859
140.98,8.674,1.875,-4.216,1.857
140.99,8.63,1.92,-4.287,1.854
141,8.584,1.964,-4.361,1.851
141.01,8.536,2.008,-4.435,1.848
141.02,8.487,2.05,-4.511,1.845
141.03,8.436,2.092,-4.589,1.842
141.04,8.383,2.132,-4.667,1.838
141.05,8.329,2.172,-4.746,1.835
141.06,8.275,2.21,-4.825,1.831
141.07,8.219,2.247,-4.904,1.827
141.08,8.162,2.283,-4.983,1.824
141.09,8.104,2.318,-5.062,1.82
141.1,8.045,2.352,-5.141,1.816
141.11,7.985,2.385,-5.221,1.812
141.12,7.923,2.417,-5.301,1.808
141.13,7.86,2.448,-5.381,1.803
141.14,7.796,2.478,-5.461,1.799
141.15,7.731,2.508,-5.541,1.794
141.16,7.665,2.537,-5.621,1.788
141.17,7.598,2.565,-5.7,1.783
141.18,7.53,2.593,-5.78,1.777
141.19,7.461,2.62,-5.858,1.77
141.2,7.391,2.647,-5.937,1.763
141.21,7.32,2.673,-6.015,1.755
141.22,7.248,2.698,-6.093,1.747
141.23,7.175,2.724,-6.17,1.738
141.24,7.101,2.749,-6.247,1.728
141.25,7.026,2.773,-6.323,1.717
141.26,6.95,2.797,-6.399,1.705
141.27,6.873,2.821,-6.475,1.69
141.28,6.795,2.845,-6.551,1.673
141.29,6.716,2.868,-6.626,1.656
141.3,6.637,2.891,-6.701,1.636
141.31,6.556,2.913,-6.776,1.615
141.32,6.474,2.935,-6.85,1.592
141.33,6.39,2.956,-6.925,1.568
141.34,6.306,2.977,-6.998,1.541
141.35,6.22,2.998,-7.072,1.513
141.36,6.133,3.018,-7.146,1.482
141.37,6.044,3.039,-7.219,1.449
141.38,5.954,3.058,-7.292,1.414
141.39,5.863,3.078,-7.364,1.378
141.4,5.771,3.097,-7.436,1.339
141.41,5.677,3.115,-7.507,1.298
141.42,5.583,3.133,-7.578,1.255
141.43,5.487,3.151,-7.648,1.21
141.44,5.389,3.168,-7.717,1.163
141.45,5.291,3.185,-7.785,1.114
141.46,5.192,3.202,-7.852,1.063
141.47,5.091,3.218,-7.918,1.011
141.48,4.99,3.234,-7.982,0.956
141.49,4.887,3.249,-8.046,0.9
141.5,4.784,3.264,-8.108,0.842
141.51,4.68,3.278,-8.169,0.782
141.52,4.574,3.292,-8.228,0.721
141.53,4.468,3.305,-8.287,0.658
141.54,4.36,3.317,-8.344,0.593
141.55,4.252,3.328,-8.399,0.527
141.56,4.144,3.339,-8.453,0.459
141.57,4.035,3.348,-8.505,0.391
141.58,3.926,3.357,-8.556,0.321
141.59,3.817,3.365,-8.604,0.251
141.6,3.708,3.372,-8.651,0.179
141.61,3.6,3.377,-8.696,0.106
141.62,3.492,3.381,-8.739,0.033
141.63,3.384,3.384,-8.78,-0.041
141.64,3.276,3.386,-8.819,-0.115
141.65,3.169,3.386,-8.857,-0.191
141.66,3.061,3.385,-8.893,-0.266
141.67,2.955,3.383,-8.927,-0.342
141.68,2.848,3.38,-8.959,-0.418
141.69,2.743,3.375,-8.99,-0.493
141.7,2.637,3.369,-9.02,-0.569
141.71,2.532,3.362,-9.047,-0.644
141.72,2.427,3.354,-9.073,-0.719
141.73,2.323,3.344,-9.098,-0.794
141.74,2.218,3.333,-9.121,-0.869
141.75,2.114,3.321,-9.143,-0.943
141.76,2.011,3.308,-9.163,-1.016
141.77,1.908,3.293,-9.182,-1.09
141.78,1.805,3.277,-9.2,-1.162
141.79,1.702,3.26,-9.216,-1.234
141.8,1.6,3.242,-9.231,-1.305
141.81,1.498,3.222,-9.245,-1.375
141.82,1.397,3.201,-9.257,-1.444
141.83,1.296,3.18,-9.269,-1.512
141.84,1.195,3.157,-9.279,-1.579
141.85,1.094,3.132,-9.288,-1.645
141.86,0.994,3.106,-9.296,-1.71
141.87,0.893,3.079,-9.304,-1.775
141.88,0.794,3.05,-9.31,-1.838
141.89,0.694,3.021,-9.315,-1.899
141.9,0.595,2.99,-9.32,-1.959
141.91,0.496,2.958,-9.323,-2.017
141.92,0.398,2.925,-9.326,-2.073
141.93,0.3,2.891,-9.328,-2.127
141.94,0.204,2.856,-9.33,-2.178
141.95,0.111,2.821,-9.331,-2.225
141.96,0.021,2.786,-9.332,-2.269
141.97,-0.067,2.751,-9.332,-2.309
141.98,-0.152,2.717,-9.332,-2.346
141.99,-0.234,2.684,-9.331,-2.379
142,-0.312,2.651,-9.33,-2.409
142.01,-0.387,2.621,-9.33,-2.434
142.02,-0.457,2.591,-9.329,-2.456
142.03,-0.523,2.564,-9.328,-2.474
142.04,-0.585,2.539,-9.328,-2.489
142.05,-0.642,2.515,-9.327,-2.499
142.06,-0.695,2.494,-9.327,-2.506
142.07,-0.745,2.475,-9.328,-2.51
142.08,-0.791,2.457,-9.328,-2.511
142.09,-0.833,2.442,-9.329,-2.509
142.1,-0.873,2.428,-9.33,-2.504
142.11,-0.909,2.415,-9.332,-2.497
142.12,-0.943,2.404,-9.334,-2.488
142.13,-0.973,2.394,-9.337,-2.476
142.14,-1.001,2.385,-9.34,-2.463
142.15,-1.027,2.378,-9.343,-2.447
142.16,-1.051,2.37,-9.346,-2.43
142.17,-1.074,2.364,-9.35,-2.412
142.18,-1.095,2.358,-9.354,-2.392
142.19,-1.115,2.353,-9.358,-2.371
142.2,-1.134,2.348,-9.363,-2.349
142.21,-1.152,2.343,-9.368,-2.326
142.22,-1.169,2.339,-9.373,-2.302
142.23,-1.184,2.335,-9.378,-2.277
142.24,-1.199,2.332,-9.383,-2.252
142.25,-1.213,2.328,-9.388,-2.225
142.26,-1.226,2.325,-9.394,-2.198
142.27,-1.238,2.322,-9.4,-2.17
142.28,-1.248,2.32,-9.405,-2.142
142.29,-1.257,2.318,-9.411,-2.113
142.3,-1.263,2.316,-9.417,-2.083
142.31,-1.268,2.315,-9.423,-2.053
142.32,-1.272,2.315,-9.429,-2.023
142.33,-1.275,2.315,-9.435,-1.993
142.34,-1.278,2.316,-9.441,-1.962
142.35,-1.279,2.317,-9.447,-1.932
142.36,-1.279,2.319,-9.453,-1.902
142.37,-1.277,2.32,-9.459,-1.872
142.38,-1.275,2.323,-9.464,-1.842
142.39,-1.27,2.326,-9.47,-1.813
142.4,-1.265,2.329,-9.475,-1.784
142.41,-1.258,2.332,-9.481,-1.755
142.42,-1.249,2.336,-9.486,-1.727
142.43,-1.239,2.34,-9.491,-1.699
142.44,-1.228,2.345,-9.497,-1.672
142.45,-1.215,2.35,-9.502,-1.645
142.46,-1.2,2.355,-9.507,-1.619
142.47,-1.184,2.36,-9.512,-1.593
142.48,-1.166,2.366,-9.517,-1.568
142.49,-1.147,2.372,-9.522,-1.543
142.5,-1.125,2.378,-9.527,-1.519
142.51,-1.102,2.384,-9.531,-1.496
142.52,-1.078,2.39,-9.536,-1.474
142.53,-1.051,2.397,-9.541,-1.452
142.54,-1.023,2.404,-9.545,-1.43
142.55,-0.993,2.41,-9.55,-1.41
142.56,-0.962,2.417,-9.554,-1.39
142.57,-0.929,2.424,-9.559,-1.371
142.58,-0.894,2.432,-9.563,-1.353
142.59,-0.858,2.439,-9.567,-1.335
142.6,-0.82,2.447,-9.57,-1.318
142.61,-0.781,2.455,-9.574,-1.301
142.62,-0.74,2.463,-9.577,-1.285
142.63,-0.697,2.472,-9.58,-1.269
142.64,-0.652,2.48,-9.583,-1.255
142.65,-0.605,2.489,-9.586,-1.241
142.66,-0.556,2.498,-9.588,-1.227
142.67,-0.505,2.508,-9.59,-1.214
142.68,-0.452,2.517,-9.592,-1.202
142.69,-0.398,2.527,-9.593,-1.19
142.7,-0.342,2.537,-9.594,-1.178
142.71,-0.284,2.547,-9.595,-1.166
142.72,-0.225,2.557,-9.595,-1.154
142.73,-0.164,2.567,-9.595,-1.143
142.74,-0.101,2.578,-9.594,-1.132
142.75,-0.037,2.588,-9.593,-1.121
142.76,0.028,2.597,-9.592,-1.11
142.77,0.096,2.607,-9.59,-1.099
142.78,0.166,2.617,-9.588,-1.088
142.79,0.238,2.626,-9.585,-1.076
142.8,0.312,2.635,-9.582,-1.064
142.81,0.389,2.643,-9.578,-1.052
142.82,0.467,2.651,-9.574,-1.04
142.83,0.547,2.659,-9.569,-1.027
142.84,0.629,2.666,-9.563,-1.013
142.85,0.713,2.673,-9.557,-1
142.86,0.799,2.679,-9.55,-0.985
142.87,0.887,2.685,-9.542,-0.971
142.88,0.978,2.69,-9.533,-0.956
142.89,1.07,2.696,-9.523,-0.94
142.9,1.164,2.7,-9.512,-0.923
142.91,1.26,2.704,-9.501,-0.907
142.92,1.358,2.708,-9.488,-0.889
142.93,1.457,2.711,-9.474,-0.871
142.94,1.559,2.713,-9.459,-0.853
142.95,1.662,2.714,-9.442,-0.835
142.96,1.767,2.715,-9.425,-0.816
142.97,1.874,2.715,-9.406,-0.796
142.98,1.982,2.714,-9.386,-0.776
142.99,2.094,2.711,-9.364,-0.756
143,2.208,2.708,-9.34,-0.734
143.01,2.324,2.704,-9.315,-0.712
143.02,2.441,2.699,-9.288,-0.69
143.03,2.56,2.694,-9.259,-0.667
143.04,2.681,2.687,-9.228,-0.643
143.05,2.802,2.68,-9.196,-0.619
143.06,2.925,2.671,-9.162,-0.594
143.07,3.048,2.661,-9.126,-0.569
143.08,3.172,2.651,-9.089,-0.544
143.09,3.296,2.639,-9.049,-0.518
143.1,3.42,2.626,-9.008,-0.492
143.11,3.544,2.613,-8.966,-0.466
143.12,3.666,2.599,-8.921,-0.44
143.13,3.789,2.584,-8.876,-0.413
143.14,3.91,2.569,-8.829,-0.386
143.15,4.03,2.553,-8.78,-0.359
143.16,4.15,2.536,-8.731,-0.332
143.17,4.269,2.519,-8.679,-0.305
143.18,4.387,2.501,-8.626,-0.277
143.19,4.504,2.483,-8.571,-0.25
143.2,4.621,2.464,-8.515,-0.223
143.21,4.736,2.445,-8.458,-0.196
143.22,4.851,2.426,-8.399,-0.169
143.23,4.965,2.407,-8.338,-0.142
143.24,5.078,2.387,-8.276,-0.115
143.25,5.189,2.367,-8.213,-0.089
143.26,5.3,2.346,-8.148,-0.062
143.27,5.408,2.326,-8.082,-0.036
143.28,5.515,2.305,-8.016,-0.011
143.29,5.62,2.285,-7.949,0.014
143.3,5.723,2.264,-7.881,0.039
143.31,5.825,2.244,-7.811,0.064
143.32,5.925,2.223,-7.741,0.09
143.33,6.023,2.204,-7.671,0.115
143.34,6.119,2.184,-7.6,0.141
143.35,6.213,2.164,-7.528,0.166
143.36,6.306,2.145,-7.456,0.192
143.37,6.396,2.125,-7.383,0.218
143.38,6.485,2.106,-7.31,0.244
143.39,6.571,2.087,-7.237,0.27
143.4,6.656,2.068,-7.164,0.297
143.41,6.738,2.049,-7.091,0.323
143.42,6.818,2.03,-7.018,0.35
143.43,6.896,2.012,-6.945,0.377
143.44,6.973,1.993,-6.872,0.404
143.45,7.047,1.975,-6.799,0.431
143.46,7.12,1.957,-6.727,0.458
143.47,7.191,1.939,-6.654,0.485
143.48,7.261,1.921,-6.581,0.511
143.49,7.329,1.903,-6.509,0.538
143.5,7.395,1.886,-6.436,0.565
143.51,7.46,1.868,-6.363,0.592
143.52,7.524,1.851,-6.291,0.618
143.53,7.586,1.834,-6.217,0.645
143.54,7.648,1.817,-6.144,0.671
143.55,7.708,1.8,-6.07,0.696
143.56,7.767,1.783,-5.996,0.722
143.57,7.826,1.767,-5.921,0.747
143.58,7.884,1.751,-5.845,0.772
143.59,7.942,1.734,-5.768,0.796
143.6,7.999,1.718,-5.69,0.82
143.61,8.055,1.702,-5.611,0.844
143.62,8.112,1.686,-5.531,0.867
143.63,8.167,1.67,-5.45,0.89
143.64,8.222,1.655,-5.367,0.913
143.65,8.276,1.639,-5.284,0.936
143.66,8.33,1.624,-5.2,0.958
143.67,8.382,1.609,-5.116,0.98
143.68,8.435,1.594,-5.029,1.001
143.69,8.487,1.579,-4.941,1.022
143.7,8.538,1.565,-4.853,1.043
143.71,8.589,1.55,-4.763,1.063
143.72,8.639,1.534,-4.672,1.082
143.73,8.689,1.519,-4.579,1.101
143.74,8.738,1.504,-4.486,1.119
143.75,8.786,1.489,-4.391,1.136
143.76,8.834,1.474,-4.295,1.152
143.77,8.881,1.459,-4.198,1.168
143.78,8.927,1.444,-4.099,1.182
143.79,8.973,1.429,-4,1.196
143.8,9.018,1.415,-3.899,1.208
143.81,9.062,1.4,-3.797,1.219
143.82,9.105,1.386,-3.694,1.229
143.83,9.148,1.372,-3.59,1.238
143.84,9.189,1.358,-3.485,1.245
143.85,9.23,1.344,-3.378,1.252
143.86,9.27,1.33,-3.271,1.257
143.87,9.309,1.317,-3.163,1.261
143.88,9.347,1.303,-3.054,1.265
143.89,9.384,1.29,-2.944,1.267
143.9,9.419,1.277,-2.833,1.269
143.91,9.454,1.264,-2.721,1.27
143.92,9.487,1.25,-2.61,1.27
143.93,9.519,1.237,-2.497,1.27
143.94,9.549,1.224,-2.385,1.269
143.95,9.579,1.211,-2.273,1.267
143.96,9.606,1.197,-2.16,1.266
143.97,9.633,1.183,-2.048,1.264
143.98,9.658,1.17,-1.936,1.261
143.99,9.682,1.156,-1.825,1.259
144,9.704,1.142,-1.713,1.256
144.01,9.725,1.128,-1.603,1.253
144.02,9.745,1.113,-1.493,1.25
144.03,9.763,1.098,-1.383,1.246
144.04,9.78,1.083,-1.275,1.243
144.05,9.795,1.067,-1.167,1.239
144.06,9.81,1.052,-1.06,1.235
144.07,9.823,1.036,-0.954,1.231
144.08,9.835,1.02,-0.848,1.226
144.09,9.846,1.004,-0.742,1.222
144.1,9.855,0.988,-0.638,1.218
144.11,9.863,0.972,-0.534,1.214
144.12,9.87,0.956,-0.431,1.21
144.13,9.876,0.939,-0.33,1.207
144.14,9.881,0.923,-0.229,1.204
144.15,9.885,0.906,-0.129,1.202
144.16,9.887,0.889,-0.031,1.2
144.17,9.889,0.872,0.066,1.199
144.18,9.889,0.854,0.162,1.199
144.19,9.889,0.836,0.256,1.199
144.2,9.887,0.817,0.348,1.201
144.21,9.885,0.797,0.438,1.204
144.22,9.882,0.776,0.527,1.208
144.23,9.878,0.755,0.614,1.214
144.24,9.873,0.732,0.7,1.22
144.25,9.867,0.709,0.783,1.228
144.26,9.861,0.684,0.864,1.238
144.27,9.854,0.659,0.944,1.248
144.28,9.847,0.633,1.021,1.26
144.29,9.839,0.605,1.097,1.273
144.3,9.83,0.577,1.171,1.287
144.31,9.821,0.548,1.243,1.303
144.32,9.811,0.518,1.315,1.32
144.33,9.8,0.487,1.385,1.338
144.34,9.789,0.456,1.454,1.356
144.35,9.778,0.424,1.522,1.375
144.36,9.765,0.391,1.588,1.396
144.37,9.753,0.358,1.653,1.418
144.38,9.74,0.324,1.718,1.44
144.39,9.726,0.29,1.782,1.462
144.4,9.711,0.255,1.844,1.486
144.41,9.697,0.221,1.906,1.51
144.42,9.681,0.186,1.968,1.535
144.43,9.665,0.152,2.028,1.56
144.44,9.649,0.117,2.089,1.585
144.45,9.632,0.082,2.149,1.611
144.46,9.614,0.047,2.208,1.637
144.47,9.596,0.013,2.267,1.664
144.48,9.577,-0.021,2.326,1.691
144.49,9.557,-0.056,2.384,1.718
144.5,9.538,-0.09,2.443,1.746
144.51,9.517,-0.125,2.501,1.773
144.52,9.496,-0.159,2.559,1.8
144.53,9.474,-0.193,2.618,1.828
144.54,9.451,-0.226,2.677,1.854
144.55,9.428,-0.259,2.736,1.881
144.56,9.405,-0.291,2.795,1.906
144.57,9.381,-0.323,2.855,1.931
144.58,9.356,-0.354,2.916,1.955
144.59,9.331,-0.385,2.977,1.978
144.6,9.304,-0.415,3.04,2
144.61,9.277,-0.445,3.104,2.021
144.62,9.249,-0.474,3.169,2.041
144.63,9.221,-0.502,3.235,2.06
144.64,9.191,-0.53,3.303,2.077
144.65,9.161,-0.557,3.373,2.093
144.66,9.129,-0.583,3.444,2.107
144.67,9.097,-0.609,3.515,2.121
144.68,9.064,-0.635,3.588,2.133
144.69,9.03,-0.659,3.662,2.144
144.7,8.996,-0.684,3.736,2.154
144.71,8.96,-0.707,3.811,2.162
144.72,8.924,-0.73,3.887,2.169
144.73,8.887,-0.752,3.964,2.176
144.74,8.849,-0.774,4.04,2.181
144.75,8.81,-0.796,4.117,2.186
144.76,8.771,-0.818,4.193,2.19
144.77,8.731,-0.839,4.27,2.194
144.78,8.691,-0.86,4.347,2.196
144.79,8.649,-0.881,4.423,2.198
144.8,8.607,-0.901,4.5,2.2
144.81,8.565,-0.922,4.576,2.2
144.82,8.521,-0.942,4.652,2.2
144.83,8.478,-0.963,4.728,2.199
144.84,8.433,-0.983,4.804,2.197
144.85,8.388,-1.003,4.879,2.195
144.86,8.342,-1.023,4.955,2.191
144.87,8.295,-1.044,5.03,2.187
144.88,8.248,-1.065,5.105,2.183
144.89,8.2,-1.085,5.179,2.177
144.9,8.152,-1.106,5.252,2.172
144.91,8.104,-1.127,5.325,2.165
144.92,8.055,-1.149,5.396,2.159
144.93,8.007,-1.17,5.465,2.153
144.94,7.959,-1.192,5.533,2.147
144.95,7.91,-1.215,5.599,2.141
144.96,7.862,-1.238,5.663,2.135
144.97,7.814,-1.262,5.726,2.13
144.98,7.766,-1.287,5.788,2.124
144.99,7.717,-1.313,5.849,2.119
145,7.669,-1.34,5.908,2.114
145.01,7.62,-1.369,5.966,2.109
145.02,7.571,-1.399,6.022,2.105
145.03,7.523,-1.43,6.077,2.1
145.04,7.475,-1.462,6.13,2.096
145.05,7.427,-1.496,6.181,2.092
145.06,7.38,-1.532,6.23,2.088
145.07,7.334,-1.568,6.277,2.084
145.08,7.288,-1.605,6.322,2.08
145.09,7.243,-1.643,6.365,2.075
145.1,7.199,-1.681,6.407,2.071
145.11,7.154,-1.721,6.447,2.066
145.12,7.11,-1.762,6.487,2.06
145.13,7.066,-1.803,6.525,2.055
145.14,7.023,-1.845,6.562,2.049
145.15,6.98,-1.888,6.597,2.043
145.16,6.938,-1.931,6.631,2.036
145.17,6.897,-1.975,6.663,2.029
145.18,6.856,-2.02,6.694,2.022
145.19,6.816,-2.065,6.724,2.014
145.2,6.776,-2.111,6.752,2.006
145.21,6.737,-2.158,6.778,1.998
145.22,6.699,-2.205,6.804,1.99
145.23,6.661,-2.252,6.827,1.981
145.24,6.624,-2.3,6.85,1.972
145.25,6.587,-2.349,6.872,1.962
145.26,6.551,-2.398,6.893,1.952
145.27,6.515,-2.448,6.912,1.942
145.28,6.479,-2.497,6.931,1.931
145.29,6.444,-2.548,6.949,1.919
145.3,6.409,-2.598,6.966,1.907
145.31,6.374,-2.648,6.983,1.894
145.32,6.339,-2.699,6.998,1.88
145.33,6.306,-2.749,7.013,1.865
145.34,6.273,-2.799,7.027,1.85
145.35,6.242,-2.848,7.039,1.834
145.36,6.212,-2.896,7.05,1.818
145.37,6.183,-2.944,7.06,1.801
145.38,6.156,-2.99,7.068,1.783
145.39,6.132,-3.035,7.075,1.766
145.4,6.112,-3.077,7.079,1.747
145.41,6.095,-3.117,7.08,1.728
145.42,6.081,-3.155,7.08,1.709
145.43,6.071,-3.192,7.077,1.689
145.44,6.063,-3.226,7.073,1.67
145.45,6.059,-3.259,7.066,1.65
145.46,6.058,-3.289,7.058,1.63
145.47,6.06,-3.318,7.047,1.609
145.48,6.065,-3.344,7.035,1.589
145.49,6.072,-3.369,7.021,1.568
145.5,6.083,-3.392,7.006,1.548
145.51,6.096,-3.413,6.988,1.527
145.52,6.112,-3.432,6.969,1.506
145.53,6.131,-3.45,6.949,1.485
145.54,6.152,-3.466,6.927,1.464
145.55,6.174,-3.48,6.904,1.444
145.56,6.199,-3.493,6.879,1.423
145.57,6.226,-3.504,6.854,1.403
145.58,6.255,-3.513,6.826,1.382
145.59,6.286,-3.521,6.798,1.363
145.6,6.319,-3.528,6.768,1.343
145.61,6.354,-3.533,6.736,1.325
145.62,6.39,-3.536,6.703,1.307
145.63,6.428,-3.538,6.669,1.29
145.64,6.468,-3.539,6.633,1.274
145.65,6.509,-3.538,6.596,1.258
145.66,6.551,-3.537,6.558,1.244
145.67,6.594,-3.534,6.519,1.23
145.68,6.639,-3.53,6.478,1.216
145.69,6.684,-3.525,6.437,1.204
145.7,6.73,-3.52,6.394,1.192
145.71,6.777,-3.514,6.35,1.181
145.72,6.824,-3.506,6.304,1.172
145.73,6.872,-3.498,6.258,1.163
145.74,6.921,-3.489,6.21,1.157
145.75,6.971,-3.479,6.16,1.152
145.76,7.022,-3.469,6.109,1.149
145.77,7.074,-3.458,6.056,1.147
145.78,7.125,-3.446,6.002,1.147
145.79,7.177,-3.434,5.947,1.148
145.8,7.23,-3.421,5.889,1.151
145.81,7.283,-3.407,5.831,1.156
145.82,7.336,-3.393,5.77,1.162
145.83,7.39,-3.379,5.708,1.171
145.84,7.445,-3.364,5.643,1.181
145.85,7.5,-3.348,5.577,1.194
145.86,7.555,-3.332,5.508,1.209
145.87,7.611,-3.315,5.437,1.225
145.88,7.667,-3.298,5.365,1.244
145.89,7.723,-3.28,5.291,1.264
145.9,7.778,-3.261,5.214,1.286
145.91,7.834,-3.242,5.136,1.309
145.92,7.889,-3.223,5.057,1.334
145.93,7.944,-3.202,4.976,1.361
145.94,7.999,-3.182,4.894,1.389
145.95,8.052,-3.16,4.811,1.418
145.96,8.106,-3.138,4.726,1.448
145.97,8.158,-3.116,4.64,1.479
145.98,8.21,-3.093,4.552,1.512
145.99,8.261,-3.07,4.464,1.545
146,8.311,-3.047,4.375,1.578
146.01,8.36,-3.023,4.285,1.612
146.02,8.407,-2.999,4.194,1.647
146.03,8.454,-2.974,4.103,1.682
146.04,8.5,-2.949,4.012,1.717
146.05,8.544,-2.923,3.919,1.753
146.06,8.587,-2.897,3.827,1.79
146.07,8.629,-2.87,3.734,1.826
146.08,8.671,-2.843,3.64,1.864
146.09,8.711,-2.815,3.545,1.902
146.1,8.75,-2.787,3.449,1.941
146.11,8.788,-2.757,3.352,1.981
146.12,8.825,-2.727,3.254,2.02
146.13,8.861,-2.697,3.155,2.06
146.14,8.896,-2.666,3.055,2.099
146.15,8.93,-2.634,2.954,2.139
146.16,8.963,-2.602,2.852,2.179
146.17,8.995,-2.568,2.748,2.218
146.18,9.026,-2.534,2.644,2.258
146.19,9.056,-2.5,2.538,2.297
146.2,9.086,-2.465,2.431,2.335
146.21,9.114,-2.429,2.323,2.373
146.22,9.141,-2.392,2.214,2.41
146.23,9.167,-2.355,2.104,2.445
146.24,9.192,-2.318,1.994,2.48
146.25,9.215,-2.28,1.884,2.512
146.26,9.238,-2.243,1.773,2.544
146.27,9.259,-2.205,1.662,2.573
146.28,9.28,-2.168,1.552,2.601
146.29,9.299,-2.13,1.442,2.628
146.3,9.316,-2.094,1.332,2.652
146.31,9.333,-2.058,1.224,2.674
146.32,9.348,-2.023,1.117,2.693
146.33,9.362,-1.989,1.013,2.711
146.34,9.376,-1.956,0.91,2.725
146.35,9.388,-1.925,0.809,2.738
146.36,9.399,-1.896,0.71,2.748
146.37,9.409,-1.867,0.613,2.757
146.38,9.418,-1.84,0.517,2.763
146.39,9.426,-1.814,0.423,2.768
146.4,9.434,-1.789,0.33,2.77
146.41,9.441,-1.765,0.238,2.771
146.42,9.447,-1.743,0.148,2.77
146.43,9.453,-1.725,0.061,2.765
146.44,9.458,-1.708,-0.024,2.759
146.45,9.463,-1.692,-0.109,2.751
146.46,9.467,-1.678,-0.193,2.742
146.47,9.47,-1.665,-0.275,2.731
146.48,9.473,-1.653,-0.357,2.718
146.49,9.475,-1.643,-0.437,2.705
146.5,9.477,-1.634,-0.517,2.689
146.51,9.478,-1.626,-0.596,2.673
146.52,9.479,-1.619,-0.675,2.656
146.53,9.479,-1.613,-0.754,2.638
146.54,9.478,-1.608,-0.833,2.62
146.55,9.477,-1.604,-0.912,2.601
146.56,9.475,-1.6,-0.991,2.582
146.57,9.472,-1.597,-1.07,2.563
146.58,9.469,-1.595,-1.149,2.543
146.59,9.464,-1.594,-1.227,2.523
146.6,9.459,-1.593,-1.306,2.504
146.61,9.453,-1.593,-1.384,2.484
146.62,9.446,-1.593,-1.462,2.465
146.63,9.439,-1.593,-1.541,2.447
146.64,9.43,-1.592,-1.62,2.429
146.65,9.421,-1.592,-1.698,2.412
146.66,9.41,-1.591,-1.777,2.395
146.67,9.399,-1.59,-1.856,2.379
146.68,9.388,-1.589,-1.935,2.363
146.69,9.375,-1.587,-2.014,2.348
146.7,9.362,-1.584,-2.093,2.333
146.71,9.349,-1.58,-2.171,2.319
146.72,9.335,-1.575,-2.247,2.305
146.73,9.321,-1.57,-2.323,2.291
146.74,9.307,-1.563,-2.396,2.278
146.75,9.292,-1.555,-2.468,2.264
146.76,9.278,-1.547,-2.537,2.251
146.77,9.266,-1.536,-2.601,2.238
146.78,9.253,-1.524,-2.663,2.225
146.79,9.242,-1.51,-2.722,2.211
146.8,9.23,-1.495,-2.779,2.198
146.81,9.219,-1.478,-2.834,2.186
146.82,9.209,-1.459,-2.887,2.173
146.83,9.199,-1.438,-2.938,2.161
146.84,9.189,-1.415,-2.988,2.149
146.85,9.18,-1.39,-3.036,2.138
146.86,9.17,-1.364,-3.083,2.127
146.87,9.161,-1.336,-3.129,2.117
146.88,9.152,-1.305,-3.174,2.108
146.89,9.143,-1.273,-3.219,2.099
146.9,9.134,-1.239,-3.262,2.091
146.91,9.125,-1.204,-3.305,2.084
146.92,9.117,-1.167,-3.346,2.077
146.93,9.109,-1.128,-3.385,2.07
146.94,9.101,-1.088,-3.422,2.063
146.95,9.094,-1.047,-3.457,2.057
146.96,9.088,-1.005,-3.491,2.051
146.97,9.082,-0.962,-3.522,2.045
146.98,9.076,-0.917,-3.551,2.039
146.99,9.072,-0.871,-3.577,2.033
147,9.068,-0.825,-3.602,2.027
147.01,9.065,-0.777,-3.624,2.021
147.02,9.062,-0.728,-3.644,2.014
147.03,9.06,-0.679,-3.662,2.007
147.04,9.058,-0.628,-3.679,2
147.05,9.057,-0.577,-3.694,1.993
147.06,9.056,-0.525,-3.709,1.986
147.07,9.055,-0.473,-3.723,1.979
147.08,9.053,-0.42,-3.737,1.971
147.09,9.052,-0.366,-3.751,1.963
147.1,9.05,-0.312,-3.764,1.955
147.11,9.048,-0.258,-3.778,1.947
147.12,9.046,-0.204,-3.791,1.937
147.13,9.043,-0.15,-3.803,1.928
147.14,9.041,-0.096,-3.815,1.917
147.15,9.039,-0.043,-3.828,1.906
147.16,9.036,0.009,-3.84,1.894
147.17,9.033,0.061,-3.852,1.881
147.18,9.031,0.113,-3.864,1.868
147.19,9.028,0.164,-3.876,1.853
147.2,9.025,0.214,-3.888,1.838
147.21,9.022,0.263,-3.899,1.822
147.22,9.019,0.312,-3.91,1.804
147.23,9.016,0.36,-3.921,1.786
147.24,9.013,0.406,-3.932,1.767
147.25,9.01,0.452,-3.943,1.747
147.26,9.008,0.496,-3.953,1.725
147.27,9.005,0.539,-3.963,1.703
147.28,9.003,0.581,-3.972,1.679
147.29,9.001,0.62,-3.981,1.654
147.3,9,0.658,-3.988,1.628
147.31,8.999,0.693,-3.995,1.6
147.32,8.999,0.727,-4.001,1.571
147.33,9,0.757,-4.006,1.54
147.34,9.001,0.786,-4.009,1.508
147.35,9.003,0.812,-4.012,1.475
147.36,9.006,0.835,-4.013,1.439
147.37,9.01,0.855,-4.012,1.402
147.38,9.015,0.874,-4.011,1.364
147.39,9.02,0.889,-4.009,1.323
147.4,9.026,0.902,-4.007,1.281
147.41,9.033,0.913,-4.003,1.237
147.42,9.04,0.923,-3.998,1.191
147.43,9.048,0.93,-3.993,1.143
147.44,9.056,0.935,-3.988,1.094
147.45,9.064,0.939,-3.982,1.043
147.46,9.072,0.941,-3.977,0.99
147.47,9.08,0.942,-3.972,0.936
147.48,9.088,0.942,-3.966,0.88
147.49,9.096,0.941,-3.96,0.823
147.5,9.104,0.94,-3.955,0.766
147.51,9.111,0.938,-3.949,0.707
147.52,9.118,0.935,-3.943,0.648
147.53,9.125,0.932,-3.937,0.589
147.54,9.132,0.928,-3.93,0.529
147.55,9.139,0.924,-3.924,0.468
147.56,9.145,0.919,-3.918,0.408
147.57,9.15,0.914,-3.911,0.347
147.58,9.156,0.908,-3.905,0.287
147.59,9.161,0.902,-3.899,0.226
147.6,9.165,0.895,-3.893,0.166
147.61,9.17,0.888,-3.886,0.107
147.62,9.174,0.88,-3.879,0.048
147.63,9.177,0.873,-3.873,-0.009
147.64,9.181,0.864,-3.866,-0.066
147.65,9.184,0.856,-3.86,-0.122
147.66,9.187,0.847,-3.852,-0.177
147.67,9.19,0.838,-3.844,-0.23
147.68,9.193,0.828,-3.835,-0.281
147.69,9.197,0.818,-3.824,-0.33
147.7,9.201,0.809,-3.812,-0.376
147.71,9.206,0.8,-3.797,-0.421
147.72,9.212,0.792,-3.779,-0.462
147.73,9.219,0.784,-3.759,-0.501
147.74,9.227,0.777,-3.735,-0.537
147.75,9.237,0.771,-3.708,-0.57
147.76,9.247,0.766,-3.678,-0.6
147.77,9.259,0.761,-3.644,-0.628
147.78,9.272,0.758,-3.607,-0.652
147.79,9.287,0.756,-3.566,-0.674
147.8,9.302,0.754,-3.523,-0.693
147.81,9.318,0.753,-3.477,-0.707
147.82,9.335,0.752,-3.429,-0.719
147.83,9.352,0.752,-3.381,-0.728
147.84,9.369,0.751,-3.333,-0.736
147.85,9.385,0.75,-3.285,-0.741
147.86,9.402,0.749,-3.237,-0.744
147.87,9.418,0.748,-3.19,-0.745
147.88,9.433,0.747,-3.144,-0.744
147.89,9.449,0.746,-3.099,-0.741
147.9,9.463,0.745,-3.055,-0.736
147.91,9.478,0.743,-3.013,-0.728
147.92,9.491,0.741,-2.972,-0.719
147.93,9.505,0.739,-2.933,-0.708
147.94,9.517,0.736,-2.895,-0.695
147.95,9.53,0.733,-2.859,-0.68
147.96,9.542,0.729,-2.823,-0.662
147.97,9.553,0.725,-2.79,-0.643
147.98,9.564,0.721,-2.757,-0.623
147.99,9.575,0.717,-2.725,-0.601
148,9.586,0.713,-2.695,-0.577
148.01,9.596,0.708,-2.665,-0.552
148.02,9.606,0.703,-2.636,-0.527
148.03,9.615,0.698,-2.608,-0.5
148.04,9.624,0.692,-2.581,-0.473
148.05,9.633,0.686,-2.555,-0.445
148.06,9.641,0.679,-2.53,-0.417
148.07,9.649,0.672,-2.505,-0.388
148.08,9.657,0.665,-2.481,-0.359
148.09,9.665,0.658,-2.457,-0.33
148.1,9.672,0.65,-2.435,-0.302
148.11,9.679,0.642,-2.414,-0.273
148.12,9.685,0.633,-2.394,-0.245
148.13,9.691,0.625,-2.374,-0.217
148.14,9.697,0.616,-2.356,-0.19
148.15,9.702,0.607,-2.339,-0.163
148.16,9.707,0.597,-2.322,-0.138
148.17,9.711,0.587,-2.307,-0.112
148.18,9.715,0.577,-2.293,-0.088
148.19,9.719,0.566,-2.28,-0.064
148.2,9.723,0.556,-2.267,-0.041
148.21,9.727,0.545,-2.255,-0.019
148.22,9.73,0.534,-2.243,0.002
148.23,9.733,0.523,-2.232,0.023
148.24,9.736,0.511,-2.222,0.043
148.25,9.739,0.5,-2.212,0.062
148.26,9.741,0.488,-2.203,0.081
148.27,9.744,0.477,-2.194,0.098
148.28,9.746,0.466,-2.185,0.114
148.29,9.748,0.455,-2.176,0.13
148.3,9.75,0.444,-2.169,0.144
148.31,9.752,0.433,-2.161,0.156
148.32,9.754,0.423,-2.155,0.168
148.33,9.755,0.413,-2.149,0.179
148.34,9.757,0.402,-2.144,0.188
148.35,9.758,0.392,-2.138,0.196
148.36,9.76,0.382,-2.133,0.202
148.37,9.761,0.372,-2.129,0.207
148.38,9.762,0.362,-2.124,0.21
148.39,9.763,0.353,-2.121,0.213
148.4,9.764,0.343,-2.117,0.214
148.41,9.765,0.333,-2.115,0.213
148.42,9.766,0.324,-2.113,0.212
148.43,9.767,0.315,-2.111,0.209
148.44,9.767,0.306,-2.109,0.206
148.45,9.768,0.297,-2.108,0.201
148.46,9.769,0.288,-2.108,0.195
148.47,9.769,0.279,-2.108,0.189
148.48,9.769,0.27,-2.109,0.181
148.49,9.769,0.261,-2.111,0.173
148.5,9.769,0.251,-2.115,0.164
148.51,9.768,0.242,-2.119,0.154
148.52,9.767,0.233,-2.124,0.144
148.53,9.767,0.224,-2.129,0.133
148.54,9.765,0.215,-2.136,0.122
148.55,9.764,0.206,-2.144,0.11
148.56,9.763,0.198,-2.152,0.098
148.57,9.761,0.189,-2.161,0.086
148.58,9.759,0.18,-2.172,0.074
148.59,9.757,0.172,-2.183,0.061
148.6,9.754,0.163,-2.195,0.048
148.61,9.751,0.154,-2.208,0.035
148.62,9.748,0.145,-2.222,0.022
148.63,9.745,0.136,-2.238,0.01
148.64,9.741,0.127,-2.255,-0.002
148.65,9.737,0.117,-2.272,-0.014
148.66,9.733,0.107,-2.291,-0.026
148.67,9.728,0.096,-2.312,-0.038
148.68,9.723,0.086,-2.333,-0.049
148.69,9.717,0.076,-2.356,-0.06
148.7,9.712,0.065,-2.379,-0.071
148.71,9.706,0.055,-2.404,-0.08
148.72,9.699,0.044,-2.43,-0.089
148.73,9.692,0.034,-2.457,-0.097
148.74,9.685,0.024,-2.485,-0.105
148.75,9.678,0.013,-2.514,-0.111
148.76,9.67,0.003,-2.544,-0.116
148.77,9.661,-0.006,-2.576,-0.121
148.78,9.652,-0.017,-2.61,-0.124
148.79,9.642,-0.027,-2.645,-0.126
148.8,9.632,-0.037,-2.681,-0.127
148.81,9.622,-0.047,-2.718,-0.127
148.82,9.611,-0.057,-2.756,-0.126
148.83,9.6,-0.067,-2.795,-0.124
148.84,9.588,-0.077,-2.836,-0.12
148.85,9.575,-0.086,-2.877,-0.115
148.86,9.562,-0.094,-2.92,-0.109
148.87,9.549,-0.102,-2.963,-0.102
148.88,9.535,-0.11,-3.007,-0.093
148.89,9.521,-0.117,-3.051,-0.084
148.9,9.507,-0.124,-3.096,-0.074
148.91,9.492,-0.13,-3.142,-0.063
148.92,9.476,-0.135,-3.19,-0.051
148.93,9.46,-0.14,-3.238,-0.038
148.94,9.443,-0.145,-3.287,-0.024
148.95,9.425,-0.149,-3.336,-0.008
148.96,9.407,-0.152,-3.387,0.007
148.97,9.388,-0.155,-3.438,0.025
148.98,9.369,-0.158,-3.491,0.044
148.99,9.348,-0.159,-3.545,0.063
149,9.327,-0.161,-3.6,0.084
149.01,9.305,-0.162,-3.657,0.106
149.02,9.282,-0.162,-3.714,0.129
149.03,9.258,-0.163,-3.773,0.153
149.04,9.233,-0.163,-3.833,0.178
149.05,9.207,-0.163,-3.893,0.204
149.06,9.18,-0.163,-3.954,0.231
149.07,9.153,-0.162,-4.015,0.258
149.08,9.125,-0.16,-4.077,0.286
149.09,9.096,-0.159,-4.139,0.314
149.1,9.066,-0.157,-4.201,0.344
149.11,9.036,-0.155,-4.263,0.374
149.12,9.005,-0.153,-4.325,0.404
149.13,8.974,-0.151,-4.387,0.435
149.14,8.942,-0.148,-4.449,0.467
149.15,8.909,-0.145,-4.511,0.498
149.16,8.876,-0.142,-4.572,0.531
149.17,8.842,-0.139,-4.633,0.563
149.18,8.808,-0.135,-4.694,0.595
149.19,8.773,-0.13,-4.754,0.628
149.2,8.738,-0.125,-4.814,0.66
149.21,8.703,-0.12,-4.873,0.693
149.22,8.667,-0.115,-4.932,0.725
149.23,8.631,-0.11,-4.991,0.758
149.24,8.594,-0.104,-5.049,0.79
149.25,8.557,-0.099,-5.107,0.823
149.26,8.52,-0.093,-5.163,0.855
149.27,8.482,-0.088,-5.22,0.887
149.28,8.444,-0.082,-5.276,0.919
149.29,8.405,-0.076,-5.331,0.951
149.3,8.367,-0.07,-5.386,0.982
149.31,8.328,-0.064,-5.441,1.012
149.32,8.289,-0.058,-5.495,1.042
149.33,8.249,-0.052,-5.548,1.072
149.34,8.21,-0.047,-5.601,1.102
149.35,8.17,-0.041,-5.653,1.13
149.36,8.131,-0.036,-5.704,1.159
149.37,8.091,-0.03,-5.754,1.186
149.38,8.052,-0.025,-5.804,1.212
149.39,8.013,-0.019,-5.852,1.238
149.4,7.974,-0.014,-5.9,1.264
149.41,7.935,-0.01,-5.947,1.288
149.42,7.896,-0.006,-5.993,1.312
149.43,7.858,-0.001,-6.038,1.335
149.44,7.82,0.002,-6.082,1.357
149.45,7.783,0.005,-6.125,1.378
149.46,7.746,0.009,-6.167,1.398
149.47,7.71,0.013,-6.207,1.418
149.48,7.675,0.016,-6.247,1.436
149.49,7.64,0.018,-6.285,1.454
149.5,7.606,0.02,-6.322,1.471
149.51,7.573,0.022,-6.358,1.487
149.52,7.54,0.024,-6.393,1.503
149.53,7.509,0.025,-6.426,1.516
149.54,7.479,0.025,-6.459,1.529
149.55,7.449,0.025,-6.49,1.542
149.56,7.419,0.024,-6.521,1.554
149.57,7.39,0.023,-6.551,1.565
149.58,7.362,0.021,-6.581,1.576
149.59,7.334,0.019,-6.61,1.586
149.6,7.306,0.016,-6.638,1.596
149.61,7.279,0.013,-6.665,1.605
149.62,7.252,0.01,-6.693,1.614
149.63,7.225,0.006,-6.72,1.622
149.64,7.198,0.001,-6.747,1.63
149.65,7.17,-0.002,-6.774,1.637
149.66,7.143,-0.007,-6.802,1.644
149.67,7.115,-0.012,-6.829,1.65
149.68,7.086,-0.017,-6.858,1.656
149.69,7.057,-0.022,-6.887,1.662
149.7,7.026,-0.027,-6.916,1.668
149.71,6.994,-0.032,-6.947,1.674
149.72,6.961,-0.036,-6.979,1.68
149.73,6.927,-0.04,-7.011,1.685
149.74,6.892,-0.043,-7.044,1.691
149.75,6.856,-0.046,-7.078,1.697
149.76,6.818,-0.048,-7.113,1.702
149.77,6.779,-0.05,-7.149,1.708
149.78,6.739,-0.051,-7.185,1.714
149.79,6.698,-0.051,-7.222,1.72
149.8,6.656,-0.051,-7.259,1.727
149.81,6.614,-0.05,-7.296,1.734
149.82,6.57,-0.048,-7.334,1.741
149.83,6.525,-0.045,-7.372,1.749
149.84,6.479,-0.042,-7.411,1.758
149.85,6.432,-0.037,-7.449,1.767
149.86,6.384,-0.032,-7.488,1.776
149.87,6.335,-0.025,-7.527,1.786
149.88,6.286,-0.016,-7.566,1.797
149.89,6.236,-0.007,-7.604,1.809
149.9,6.186,0.002,-7.642,1.82
149.91,6.136,0.013,-7.679,1.832
149.92,6.086,0.026,-7.716,1.845
149.93,6.035,0.039,-7.753,1.857
149.94,5.984,0.053,-7.79,1.869
149.95,5.932,0.068,-7.826,1.882
149.96,5.88,0.085,-7.862,1.894
149.97,5.827,0.102,-7.898,1.906
149.98,5.773,0.121,-7.935,1.918
149.99,5.718,0.14,-7.971,1.93
150,5.662,0.161,-8.008,1.942
150.01,5.604,0.183,-8.045,1.953
150.02,5.546,0.206,-8.083,1.964
150.03,5.486,0.23,-8.12,1.974
150.04,5.425,0.255,-8.158,1.985
150.05,5.363,0.282,-8.195,1.994
150.06,5.3,0.309,-8.233,2.004
150.07,5.236,0.336,-8.271,2.013
150.08,5.17,0.365,-8.309,2.021
150.09,5.104,0.394,-8.346,2.029
150.1,5.036,0.424,-8.384,2.037
150.11,4.967,0.455,-8.422,2.043
150.12,4.897,0.487,-8.46,2.049
150.13,4.826,0.519,-8.497,2.054
150.14,4.754,0.552,-8.534,2.059
150.15,4.682,0.584,-8.571,2.063
150.16,4.609,0.618,-8.607,2.067
150.17,4.536,0.651,-8.643,2.07
150.18,4.462,0.685,-8.678,2.073
150.19,4.388,0.719,-8.712,2.075
150.2,4.314,0.753,-8.746,2.076
150.21,4.238,0.788,-8.78,2.076
150.22,4.163,0.822,-8.813,2.075
150.23,4.088,0.856,-8.846,2.073
150.24,4.012,0.89,-8.878,2.07
150.25,3.936,0.924,-8.909,2.066
150.26,3.861,0.958,-8.939,2.061
150.27,3.786,0.991,-8.969,2.055
150.28,3.711,1.024,-8.998,2.049
150.29,3.637,1.056,-9.026,2.041
150.3,3.563,1.088,-9.054,2.032
150.31,3.49,1.12,-9.081,2.023
150.32,3.417,1.151,-9.107,2.013
150.33,3.345,1.181,-9.132,2.002
150.34,3.273,1.211,-9.157,1.99
150.35,3.201,1.241,-9.181,1.977
150.36,3.13,1.269,-9.204,1.964
150.37,3.058,1.298,-9.227,1.951
150.38,2.988,1.325,-9.249,1.937
150.39,2.919,1.352,-9.27,1.923
150.4,2.849,1.378,-9.291,1.909
150.41,2.781,1.403,-9.311,1.895
150.42,2.713,1.428,-9.33,1.88
150.43,2.646,1.451,-9.349,1.865
150.44,2.579,1.474,-9.367,1.851
150.45,2.513,1.497,-9.384,1.837
150.46,2.447,1.518,-9.401,1.822
150.47,2.382,1.538,-9.417,1.808
150.48,2.318,1.558,-9.432,1.794
150.49,2.254,1.577,-9.447,1.781
150.5,2.191,1.594,-9.462,1.767
150.51,2.129,1.611,-9.475,1.754
150.52,2.067,1.627,-9.489,1.741
150.53,2.006,1.642,-9.501,1.728
150.54,1.946,1.656,-9.514,1.716
150.55,1.886,1.669,-9.526,1.704
150.56,1.827,1.681,-9.537,1.694
150.57,1.768,1.692,-9.548,1.683
150.58,1.709,1.702,-9.559,1.672
150.59,1.65,1.712,-9.569,1.662
150.6,1.59,1.721,-9.579,1.652
150.61,1.531,1.73,-9.589,1.642
150.62,1.471,1.738,-9.599,1.633
150.63,1.41,1.746,-9.608,1.624
150.64,1.349,1.753,-9.617,1.615
150.65,1.287,1.76,-9.626,1.605
150.66,1.225,1.767,-9.634,1.596
150.67,1.162,1.773,-9.642,1.587
150.68,1.098,1.779,-9.65,1.579
150.69,1.034,1.785,-9.657,1.57
150.7,0.969,1.791,-9.664,1.562
150.71,0.904,1.796,-9.671,1.553
150.72,0.838,1.801,-9.677,1.545
150.73,0.773,1.806,-9.683,1.537
150.74,0.707,1.811,-9.689,1.529
150.75,0.64,1.815,-9.694,1.521
150.76,0.573,1.819,-9.698,1.513
150.77,0.506,1.823,-9.703,1.505
150.78,0.439,1.826,-9.707,1.497
150.79,0.371,1.83,-9.71,1.489
150.8,0.303,1.833,-9.713,1.482
150.81,0.235,1.835,-9.715,1.474
150.82,0.166,1.838,-9.717,1.467
150.83,0.098,1.841,-9.719,1.46
150.84,0.029,1.844,-9.72,1.453
150.85,-0.039,1.846,-9.72,1.446
150.86,-0.108,1.848,-9.721,1.439
150.87,-0.177,1.851,-9.72,1.432
150.88,-0.245,1.853,-9.719,1.426
150.89,-0.314,1.856,-9.718,1.419
150.9,-0.382,1.858,-9.715,1.413
150.91,-0.45,1.861,-9.713,1.407
150.92,-0.519,1.863,-9.71,1.401
150.93,-0.587,1.865,-9.707,1.395
150.94,-0.655,1.868,-9.703,1.388
150.95,-0.723,1.87,-9.698,1.382
150.96,-0.791,1.873,-9.693,1.376
150.97,-0.858,1.875,-9.688,1.369
150.98,-0.926,1.877,-9.682,1.362
150.99,-0.994,1.88,-9.676,1.355
151,-1.062,1.882,-9.67,1.347
151.01,-1.129,1.884,-9.663,1.339
151.02,-1.197,1.886,-9.655,1.331
151.03,-1.264,1.889,-9.647,1.323
151.04,-1.33,1.892,-9.639,1.314
151.05,-1.396,1.894,-9.63,1.306
151.06,-1.462,1.897,-9.621,1.297
151.07,-1.528,1.901,-9.611,1.288
151.08,-1.593,1.904,-9.601,1.279
151.09,-1.658,1.908,-9.591,1.269
151.1,-1.723,1.911,-9.58,1.259
151.11,-1.787,1.915,-9.569,1.248
151.12,-1.85,1.919,-9.558,1.237
151.13,-1.914,1.923,-9.546,1.226
151.14,-1.977,1.927,-9.534,1.214
151.15,-2.039,1.931,-9.521,1.202
151.16,-2.101,1.936,-9.508,1.189
151.17,-2.163,1.94,-9.495,1.175
151.18,-2.225,1.945,-9.482,1.161
151.19,-2.286,1.949,-9.468,1.146
151.2,-2.346,1.954,-9.454,1.13
151.21,-2.406,1.959,-9.44,1.114
151.22,-2.465,1.964,-9.426,1.097
151.23,-2.523,1.969,-9.411,1.08
151.24,-2.58,1.974,-9.397,1.062
151.25,-2.636,1.979,-9.382,1.044
151.26,-2.691,1.985,-9.368,1.025
151.27,-2.744,1.99,-9.353,1.006
151.28,-2.797,1.995,-9.338,0.987
151.29,-2.849,2,-9.324,0.967
151.3,-2.9,2.005,-9.309,0.947
151.31,-2.95,2.01,-9.294,0.927
151.32,-2.999,2.015,-9.28,0.907
151.33,-3.046,2.02,-9.265,0.887
151.34,-3.093,2.025,-9.25,0.866
151.35,-3.138,2.03,-9.236,0.846
151.36,-3.182,2.036,-9.221,0.825
151.37,-3.226,2.041,-9.207,0.805
151.38,-3.268,2.046,-9.192,0.784
151.39,-3.31,2.052,-9.178,0.764
151.4,-3.351,2.057,-9.163,0.743
151.41,-3.392,2.063,-9.149,0.721
151.42,-3.432,2.068,-9.135,0.7
151.43,-3.471,2.074,-9.12,0.678
151.44,-3.51,2.08,-9.105,0.657
151.45,-3.548,2.086,-9.091,0.635
151.46,-3.586,2.092,-9.076,0.613
151.47,-3.623,2.098,-9.061,0.591
151.48,-3.659,2.104,-9.047,0.569
151.49,-3.695,2.11,-9.032,0.547
151.5,-3.731,2.116,-9.018,0.525
151.51,-3.765,2.121,-9.003,0.502
151.52,-3.799,2.127,-8.989,0.48
151.53,-3.832,2.133,-8.974,0.458
151.54,-3.864,2.139,-8.96,0.436
151.55,-3.896,2.145,-8.946,0.414
151.56,-3.927,2.151,-8.932,0.392
151.57,-3.957,2.158,-8.918,0.37
151.58,-3.987,2.165,-8.904,0.349
151.59,-4.016,2.172,-8.89,0.328
151.6,-4.045,2.179,-8.876,0.308
151.61,-4.074,2.187,-8.861,0.287
151.62,-4.103,2.194,-8.847,0.267
151.63,-4.131,2.202,-8.832,0.248
151.64,-4.16,2.21,-8.817,0.229
151.65,-4.189,2.218,-8.802,0.21
151.66,-4.218,2.226,-8.786,0.192
151.67,-4.247,2.234,-8.771,0.175
151.68,-4.277,2.242,-8.754,0.158
151.69,-4.307,2.25,-8.738,0.142
151.7,-4.338,2.257,-8.721,0.126
151.71,-4.37,2.265,-8.703,0.111
151.72,-4.402,2.272,-8.685,0.096
151.73,-4.435,2.279,-8.667,0.082
151.74,-4.469,2.285,-8.648,0.068
151.75,-4.504,2.292,-8.628,0.055
151.76,-4.539,2.298,-8.608,0.042
151.77,-4.575,2.303,-8.587,0.03
151.78,-4.613,2.309,-8.566,0.018
151.79,-4.651,2.313,-8.544,0.007
151.8,-4.69,2.318,-8.522,-0.003
151.81,-4.729,2.322,-8.499,-0.014
151.82,-4.769,2.326,-8.475,-0.024
151.83,-4.81,2.33,-8.451,-0.034
151.84,-4.851,2.333,-8.426,-0.043
151.85,-4.893,2.337,-8.401,-0.053
151.86,-4.935,2.34,-8.376,-0.062
151.87,-4.978,2.343,-8.349,-0.072
151.88,-5.022,2.345,-8.322,-0.081
151.89,-5.066,2.347,-8.295,-0.09
151.9,-5.11,2.349,-8.267,-0.099
151.91,-5.154,2.351,-8.239,-0.108
151.92,-5.199,2.352,-8.21,-0.117
151.93,-5.244,2.353,-8.181,-0.126
151.94,-5.29,2.354,-8.151,-0.134
151.95,-5.336,2.354,-8.121,-0.142
151.96,-5.383,2.354,-8.09,-0.15
151.97,-5.43,2.353,-8.059,-0.158
151.98,-5.477,2.352,-8.027,-0.165
151.99,-5.525,2.35,-7.994,-0.173
152,-5.573,2.348,-7.961,-0.18
152.01,-5.622,2.346,-7.927,-0.186
152.02,-5.67,2.343,-7.893,-0.193
152.03,-5.719,2.339,-7.859,-0.199
152.04,-5.769,2.336,-7.824,-0.205
152.05,-5.818,2.331,-7.788,-0.212
152.06,-5.868,2.327,-7.752,-0.218
152.07,-5.918,2.321,-7.715,-0.224
152.08,-5.969,2.315,-7.678,-0.23
152.09,-6.019,2.309,-7.64,-0.237
152.1,-6.07,2.302,-7.601,-0.245
152.11,-6.122,2.294,-7.561,-0.253
152.12,-6.175,2.286,-7.52,-0.262
152.13,-6.228,2.278,-7.479,-0.272
152.14,-6.282,2.269,-7.436,-0.283
152.15,-6.336,2.259,-7.393,-0.295
152.16,-6.39,2.248,-7.348,-0.308
152.17,-6.445,2.237,-7.303,-0.322
152.18,-6.5,2.226,-7.257,-0.338
152.19,-6.555,2.213,-7.21,-0.354
152.2,-6.611,2.2,-7.162,-0.371
152.21,-6.668,2.187,-7.113,-0.389
152.22,-6.724,2.172,-7.063,-0.408
152.23,-6.782,2.157,-7.011,-0.428
152.24,-6.84,2.142,-6.958,-0.449
152.25,-6.898,2.126,-6.904,-0.47
152.26,-6.957,2.11,-6.848,-0.492
152.27,-7.016,2.092,-6.791,-0.514
152.28,-7.077,2.073,-6.731,-0.538
152.29,-7.138,2.053,-6.671,-0.562
152.3,-7.2,2.032,-6.608,-0.587
152.31,-7.261,2.011,-6.545,-0.612
152.32,-7.323,1.988,-6.48,-0.637
152.33,-7.385,1.964,-6.415,-0.663
152.34,-7.447,1.94,-6.348,-0.689
152.35,-7.508,1.914,-6.28,-0.715
152.36,-7.569,1.888,-6.211,-0.742
152.37,-7.63,1.861,-6.141,-0.769
152.38,-7.691,1.832,-6.07,-0.796
152.39,-7.751,1.803,-5.998,-0.823
152.4,-7.811,1.773,-5.925,-0.851
152.41,-7.87,1.742,-5.851,-0.879
152.42,-7.929,1.711,-5.776,-0.906
152.43,-7.988,1.678,-5.699,-0.934
152.44,-8.046,1.645,-5.622,-0.962
152.45,-8.103,1.611,-5.545,-0.989
152.46,-8.159,1.576,-5.467,-1.016
152.47,-8.214,1.541,-5.389,-1.043
152.48,-8.268,1.505,-5.311,-1.07
152.49,-8.321,1.469,-5.233,-1.096
152.5,-8.372,1.432,-5.156,-1.122
152.51,-8.422,1.395,-5.078,-1.146
152.52,-8.471,1.359,-5.001,-1.171
152.53,-8.518,1.322,-4.925,-1.194
152.54,-8.564,1.285,-4.848,-1.216
152.55,-8.609,1.248,-4.773,-1.238
152.56,-8.653,1.211,-4.698,-1.258
152.57,-8.695,1.174,-4.623,-1.278
152.58,-8.736,1.138,-4.549,-1.296
152.59,-8.776,1.102,-4.475,-1.314
152.6,-8.815,1.066,-4.402,-1.33
152.61,-8.853,1.03,-4.329,-1.345
152.62,-8.889,0.996,-4.257,-1.358
152.63,-8.925,0.961,-4.187,-1.371
152.64,-8.959,0.927,-4.117,-1.382
152.65,-8.992,0.894,-4.048,-1.392
152.66,-9.025,0.861,-3.979,-1.402
152.67,-9.056,0.828,-3.912,-1.41
152.68,-9.086,0.796,-3.845,-1.419
152.69,-9.115,0.765,-3.778,-1.426
152.7,-9.144,0.734,-3.713,-1.433
152.71,-9.171,0.704,-3.648,-1.439
152.72,-9.198,0.674,-3.584,-1.445
152.73,-9.223,0.645,-3.521,-1.45
152.74,-9.248,0.617,-3.459,-1.454
152.75,-9.272,0.589,-3.397,-1.459
152.76,-9.295,0.562,-3.336,-1.463
152.77,-9.317,0.535,-3.276,-1.466
152.78,-9.339,0.509,-3.217,-1.469
152.79,-9.36,0.483,-3.158,-1.472
152.8,-9.38,0.458,-3.1,-1.475
152.81,-9.4,0.433,-3.042,-1.478
152.82,-9.419,0.409,-2.985,-1.48
152.83,-9.437,0.386,-2.929,-1.482
152.84,-9.455,0.362,-2.873,-1.484
152.85,-9.472,0.34,-2.817,-1.485
152.86,-9.489,0.317,-2.762,-1.487
152.87,-9.505,0.296,-2.708,-1.488
152.88,-9.521,0.274,-2.654,-1.488
152.89,-9.536,0.254,-2.601,-1.489
152.9,-9.551,0.233,-2.549,-1.489
152.91,-9.565,0.213,-2.497,-1.489
152.92,-9.579,0.193,-2.445,-1.488
152.93,-9.592,0.174,-2.394,-1.488
152.94,-9.605,0.155,-2.344,-1.488
152.95,-9.618,0.137,-2.293,-1.487
152.96,-9.63,0.119,-2.243,-1.487
152.97,-9.641,0.103,-2.193,-1.487
152.98,-9.652,0.086,-2.144,-1.488
152.99,-9.663,0.071,-2.095,-1.489
153,-9.673,0.056,-2.047,-1.491
153.01,-9.683,0.041,-1.998,-1.493
153.02,-9.693,0.027,-1.949,-1.496
153.03,-9.702,0.014,-1.9,-1.499
153.04,-9.711,0.001,-1.851,-1.503
153.05,-9.719,-0.01,-1.802,-1.507
153.06,-9.728,-0.022,-1.753,-1.512
153.07,-9.736,-0.033,-1.704,-1.517
153.08,-9.743,-0.044,-1.654,-1.522
153.09,-9.751,-0.055,-1.605,-1.528
153.1,-9.758,-0.064,-1.555,-1.535
153.11,-9.764,-0.074,-1.506,-1.541
153.12,-9.771,-0.082,-1.457,-1.548
153.13,-9.777,-0.091,-1.407,-1.554
153.14,-9.783,-0.098,-1.357,-1.56
153.15,-9.788,-0.105,-1.308,-1.567
153.16,-9.794,-0.112,-1.258,-1.573
153.17,-9.799,-0.118,-1.208,-1.579
153.18,-9.804,-0.123,-1.158,-1.585
153.19,-9.809,-0.127,-1.108,-1.591
153.2,-9.813,-0.13,-1.058,-1.596
153.21,-9.818,-0.133,-1.007,-1.602
153.22,-9.822,-0.135,-0.957,-1.607
153.23,-9.826,-0.136,-0.906,-1.611
153.24,-9.83,-0.137,-0.855,-1.616
153.25,-9.833,-0.136,-0.803,-1.621
153.26,-9.837,-0.135,-0.752,-1.625
153.27,-9.84,-0.133,-0.7,-1.63
153.28,-9.843,-0.129,-0.647,-1.634
153.29,-9.846,-0.125,-0.594,-1.638
153.3,-9.848,-0.12,-0.541,-1.643
153.31,-9.85,-0.113,-0.486,-1.647
153.32,-9.852,-0.106,-0.432,-1.652
153.33,-9.854,-0.097,-0.378,-1.656
153.34,-9.855,-0.088,-0.324,-1.661
153.35,-9.856,-0.078,-0.271,-1.665
153.36,-9.856,-0.067,-0.217,-1.669
153.37,-9.857,-0.056,-0.164,-1.673
153.38,-9.857,-0.045,-0.111,-1.677
153.39,-9.857,-0.033,-0.058,-1.68
153.4,-9.857,-0.021,-0.006,-1.683
153.41,-9.856,-0.009,0.045,-1.685
153.42,-9.856,0.003,0.096,-1.687
153.43,-9.855,0.015,0.147,-1.689
153.44,-9.854,0.028,0.197,-1.69
153.45,-9.852,0.041,0.246,-1.691
153.46,-9.851,0.053,0.294,-1.691
153.47,-9.849,0.066,0.343,-1.69
153.48,-9.848,0.079,0.391,-1.689
153.49,-9.846,0.092,0.438,-1.688
153.5,-9.844,0.104,0.485,-1.686
153.51,-9.842,0.117,0.531,-1.684
153.52,-9.839,0.129,0.576,-1.682
153.53,-9.837,0.141,0.621,-1.679
153.54,-9.834,0.153,0.666,-1.677
153.55,-9.831,0.164,0.711,-1.674
153.56,-9.828,0.175,0.756,-1.672
153.57,-9.825,0.185,0.801,-1.669
153.58,-9.821,0.195,0.846,-1.667
153.59,-9.817,0.205,0.891,-1.665
153.6,-9.813,0.214,0.936,-1.663
153.61,-9.809,0.222,0.981,-1.662
153.62,-9.804,0.23,1.027,-1.661
153.63,-9.799,0.238,1.072,-1.661
153.64,-9.794,0.245,1.117,-1.661
153.65,-9.789,0.251,1.161,-1.661
153.66,-9.783,0.255,1.205,-1.662
153.67,-9.777,0.259,1.248,-1.663
153.68,-9.772,0.262,1.29,-1.664
153.69,-9.766,0.265,1.331,-1.665
153.7,-9.76,0.266,1.372,-1.666
153.71,-9.754,0.266,1.412,-1.667
153.72,-9.748,0.266,1.451,-1.667
153.73,-9.743,0.264,1.489,-1.668
153.74,-9.737,0.262,1.526,-1.668
153.75,-9.731,0.259,1.562,-1.668
153.76,-9.726,0.256,1.598,-1.667
153.77,-9.72,0.251,1.633,-1.667
153.78,-9.715,0.246,1.667,-1.666
153.79,-9.709,0.239,1.7,-1.664
153.8,-9.704,0.232,1.733,-1.663
153.81,-9.699,0.224,1.765,-1.661
153.82,-9.693,0.216,1.797,-1.659
153.83,-9.688,0.206,1.829,-1.657
153.84,-9.682,0.196,1.861,-1.655
153.85,-9.677,0.185,1.894,-1.653
153.86,-9.671,0.173,1.926,-1.65
153.87,-9.665,0.16,1.959,-1.648
153.88,-9.659,0.147,1.992,-1.646
153.89,-9.652,0.133,2.026,-1.645
153.9,-9.645,0.118,2.06,-1.643
153.91,-9.638,0.103,2.094,-1.641
153.92,-9.631,0.087,2.129,-1.64
153.93,-9.624,0.071,2.164,-1.639
153.94,-9.616,0.055,2.198,-1.638
153.95,-9.608,0.038,2.233,-1.637
153.96,-9.6,0.021,2.267,-1.637
153.97,-9.592,0.004,2.301,-1.636
153.98,-9.584,-0.012,2.335,-1.636
153.99,-9.576,-0.03,2.369,-1.636
154,-9.567,-0.049,2.404,-1.636
154.01,-9.558,-0.067,2.438,-1.637
154.02,-9.549,-0.086,2.472,-1.638
154.03,-9.539,-0.104,2.507,-1.639
154.04,-9.53,-0.123,2.543,-1.641
154.05,-9.519,-0.142,2.579,-1.643
154.06,-9.509,-0.162,2.615,-1.646
154.07,-9.497,-0.181,2.652,-1.649
154.08,-9.486,-0.201,2.69,-1.653
154.09,-9.473,-0.221,2.728,-1.658
154.1,-9.46,-0.242,2.768,-1.663
154.11,-9.447,-0.262,2.809,-1.669
154.12,-9.433,-0.283,2.85,-1.676
154.13,-9.418,-0.304,2.892,-1.683
154.14,-9.403,-0.325,2.935,-1.691
154.15,-9.387,-0.346,2.977,-1.7
154.16,-9.371,-0.367,3.02,-1.709
154.17,-9.354,-0.388,3.063,-1.719
154.18,-9.337,-0.409,3.107,-1.73
154.19,-9.319,-0.429,3.151,-1.742
154.2,-9.3,-0.449,3.195,-1.754
154.21,-9.281,-0.469,3.241,-1.767
154.22,-9.261,-0.488,3.287,-1.781
154.23,-9.24,-0.506,3.335,-1.795
154.24,-9.219,-0.524,3.384,-1.81
154.25,-9.196,-0.541,3.435,-1.826
154.26,-9.172,-0.557,3.487,-1.842
154.27,-9.147,-0.572,3.54,-1.859
154.28,-9.122,-0.586,3.594,-1.877
154.29,-9.095,-0.599,3.649,-1.895
154.3,-9.067,-0.611,3.706,-1.914
154.31,-9.039,-0.621,3.763,-1.933
154.32,-9.01,-0.631,3.82,-1.953
154.33,-8.981,-0.639,3.877,-1.973
154.34,-8.95,-0.646,3.935,-1.994
154.35,-8.919,-0.651,3.993,-2.017
154.36,-8.887,-0.655,4.052,-2.039
154.37,-8.854,-0.658,4.111,-2.063
154.38,-8.82,-0.66,4.171,-2.087
154.39,-8.785,-0.661,4.231,-2.112
154.4,-8.75,-0.662,4.292,-2.137
154.41,-8.713,-0.662,4.353,-2.163
154.42,-8.676,-0.662,4.414,-2.189
154.43,-8.638,-0.661,4.475,-2.215
154.44,-8.599,-0.659,4.537,-2.242
154.45,-8.559,-0.657,4.598,-2.269
154.46,-8.519,-0.654,4.66,-2.297
154.47,-8.478,-0.651,4.721,-2.324
154.48,-8.436,-0.646,4.782,-2.352
154.49,-8.393,-0.642,4.844,-2.38
154.5,-8.35,-0.637,4.905,-2.408
154.51,-8.306,-0.631,4.966,-2.435
154.52,-8.262,-0.625,5.027,-2.462
154.53,-8.217,-0.618,5.087,-2.489
154.54,-8.172,-0.611,5.148,-2.515
154.55,-8.125,-0.604,5.21,-2.541
154.56,-8.078,-0.597,5.271,-2.566
154.57,-8.03,-0.59,5.333,-2.59
154.58,-7.982,-0.583,5.395,-2.614
154.59,-7.933,-0.575,5.457,-2.636
154.6,-7.883,-0.568,5.519,-2.658
154.61,-7.832,-0.561,5.581,-2.679
154.62,-7.781,-0.554,5.644,-2.698
154.63,-7.729,-0.548,5.707,-2.716
154.64,-7.676,-0.542,5.771,-2.733
154.65,-7.622,-0.537,5.835,-2.748
154.66,-7.568,-0.533,5.899,-2.762
154.67,-7.513,-0.53,5.963,-2.775
154.68,-7.457,-0.527,6.028,-2.786
154.69,-7.4,-0.526,6.094,-2.794
154.7,-7.343,-0.527,6.16,-2.801
154.71,-7.284,-0.528,6.227,-2.806
154.72,-7.225,-0.53,6.294,-2.809
154.73,-7.165,-0.533,6.361,-2.81
154.74,-7.104,-0.537,6.429,-2.81
154.75,-7.043,-0.541,6.497,-2.808
154.76,-6.981,-0.546,6.565,-2.804
154.77,-6.918,-0.551,6.633,-2.798
154.78,-6.854,-0.557,6.701,-2.79
154.79,-6.79,-0.564,6.77,-2.781
154.8,-6.725,-0.571,6.838,-2.77
154.81,-6.66,-0.578,6.906,-2.757
154.82,-6.593,-0.585,6.974,-2.743
154.83,-6.526,-0.593,7.043,-2.727
154.84,-6.459,-0.602,7.111,-2.71
154.85,-6.39,-0.611,7.179,-2.692
154.86,-6.32,-0.62,7.247,-2.672
154.87,-6.249,-0.631,7.315,-2.652
154.88,-6.177,-0.641,7.383,-2.63
154.89,-6.103,-0.653,7.451,-2.607
154.9,-6.028,-0.666,7.518,-2.583
154.91,-5.952,-0.68,7.586,-2.558
154.92,-5.874,-0.695,7.654,-2.533
154.93,-5.795,-0.711,7.721,-2.506
154.94,-5.714,-0.729,7.788,-2.478
154.95,-5.631,-0.749,7.856,-2.45
154.96,-5.547,-0.77,7.922,-2.422
154.97,-5.46,-0.793,7.989,-2.393
154.98,-5.371,-0.818,8.055,-2.363
154.99,-5.28,-0.844,8.121,-2.333
155,-5.187,-0.873,8.187,-2.302
155.01,-5.091,-0.903,8.252,-2.271
155.02,-4.994,-0.935,8.316,-2.239
155.03,-4.893,-0.969,8.381,-2.207
155.04,-4.79,-1.005,8.444,-2.175
155.05,-4.687,-1.041,8.506,-2.143
155.06,-4.581,-1.078,8.566,-2.11
155.07,-4.475,-1.115,8.625,-2.077
155.08,-4.367,-1.153,8.683,-2.044
155.09,-4.258,-1.192,8.74,-2.012
155.1,-4.148,-1.23,8.795,-1.979
155.11,-4.037,-1.269,8.848,-1.947
155.12,-3.926,-1.307,8.899,-1.915
155.13,-3.813,-1.346,8.949,-1.884
155.14,-3.7,-1.385,8.997,-1.853
155.15,-3.587,-1.424,9.043,-1.822
155.16,-3.471,-1.463,9.087,-1.793
155.17,-3.354,-1.502,9.131,-1.763
155.18,-3.236,-1.543,9.172,-1.734
155.19,-3.115,-1.583,9.212,-1.706
155.2,-2.994,-1.624,9.25,-1.678
155.21,-2.871,-1.665,9.287,-1.651
155.22,-2.748,-1.706,9.322,-1.624
155.23,-2.623,-1.747,9.354,-1.597
155.24,-2.498,-1.788,9.385,-1.571
155.25,-2.372,-1.83,9.414,-1.545
155.26,-2.246,-1.871,9.441,-1.519
155.27,-2.12,-1.913,9.466,-1.495
155.28,-1.994,-1.954,9.489,-1.47
155.29,-1.867,-1.994,9.51,-1.446
155.3,-1.741,-2.034,9.529,-1.422
155.31,-1.614,-2.074,9.546,-1.399
155.32,-1.486,-2.113,9.561,-1.376
155.33,-1.359,-2.151,9.575,-1.353
155.34,-1.231,-2.189,9.587,-1.331
155.35,-1.102,-2.225,9.597,-1.309
155.36,-0.974,-2.261,9.606,-1.288
155.37,-0.844,-2.296,9.612,-1.267
155.38,-0.714,-2.329,9.618,-1.248
155.39,-0.583,-2.361,9.621,-1.229
155.4,-0.453,-2.392,9.623,-1.21
155.41,-0.322,-2.421,9.623,-1.192
155.42,-0.191,-2.45,9.621,-1.175
155.43,-0.06,-2.478,9.618,-1.158
155.44,0.069,-2.504,9.613,-1.142
155.45,0.199,-2.53,9.606,-1.126
155.46,0.329,-2.555,9.598,-1.111
155.47,0.459,-2.579,9.588,-1.096
155.48,0.588,-2.602,9.576,-1.081
155.49,0.717,-2.624,9.563,-1.066
155.5,0.845,-2.646,9.548,-1.052
155.51,0.973,-2.666,9.532,-1.038
155.52,1.1,-2.685,9.514,-1.023
155.53,1.228,-2.703,9.495,-1.009
155.54,1.356,-2.721,9.474,-0.995
155.55,1.483,-2.737,9.452,-0.98
155.56,1.611,-2.753,9.428,-0.966
155.57,1.738,-2.767,9.402,-0.951
155.58,1.865,-2.78,9.376,-0.936
155.59,1.992,-2.792,9.347,-0.921
155.6,2.118,-2.803,9.318,-0.907
155.61,2.243,-2.813,9.287,-0.892
155.62,2.368,-2.821,9.255,-0.877
155.63,2.493,-2.828,9.221,-0.863
155.64,2.617,-2.833,9.186,-0.848
155.65,2.74,-2.837,9.151,-0.834
155.66,2.862,-2.84,9.114,-0.82
155.67,2.983,-2.841,9.075,-0.806
155.68,3.104,-2.842,9.036,-0.792
155.69,3.224,-2.841,8.995,-0.778
155.7,3.343,-2.839,8.953,-0.765
155.71,3.461,-2.837,8.91,-0.752
155.72,3.579,-2.834,8.865,-0.738
155.73,3.697,-2.83,8.819,-0.725
155.74,3.816,-2.826,8.771,-0.71
155.75,3.934,-2.821,8.721,-0.695
155.76,4.053,-2.817,8.67,-0.679
155.77,4.172,-2.812,8.616,-0.662
155.78,4.291,-2.807,8.56,-0.644
155.79,4.411,-2.802,8.502,-0.623
155.8,4.531,-2.797,8.442,-0.6
155.81,4.652,-2.791,8.38,-0.575
155.82,4.773,-2.785,8.315,-0.548
155.83,4.895,-2.779,8.248,-0.517
155.84,5.017,-2.772,8.179,-0.484
155.85,5.139,-2.764,8.107,-0.448
155.86,5.262,-2.755,8.034,-0.41
155.87,5.383,-2.746,7.958,-0.369
155.88,5.504,-2.736,7.88,-0.327
155.89,5.624,-2.725,7.8,-0.282
155.9,5.744,-2.714,7.719,-0.235
155.91,5.862,-2.701,7.635,-0.187
155.92,5.979,-2.687,7.549,-0.136
155.93,6.096,-2.672,7.462,-0.084
155.94,6.212,-2.655,7.372,-0.031
155.95,6.326,-2.638,7.28,0.023
155.96,6.44,-2.619,7.187,0.08
155.97,6.552,-2.599,7.091,0.137
155.98,6.663,-2.579,6.992,0.195
155.99,6.774,-2.557,6.892,0.254
156,6.883,-2.535,6.789,0.313
156.01,6.99,-2.511,6.684,0.373
156.02,7.095,-2.487,6.578,0.433
156.03,7.199,-2.462,6.469,0.493
156.04,7.301,-2.437,6.359,0.553
156.05,7.4,-2.411,6.248,0.612
156.06,7.497,-2.383,6.136,0.671
156.07,7.591,-2.356,6.023,0.73
156.08,7.683,-2.327,5.909,0.788
156.09,7.773,-2.297,5.795,0.845
156.1,7.86,-2.267,5.679,0.902
156.11,7.944,-2.236,5.564,0.958
156.12,8.026,-2.205,5.447,1.014
156.13,8.106,-2.173,5.331,1.068
156.14,8.183,-2.141,5.214,1.122
156.15,8.257,-2.108,5.097,1.175
156.16,8.329,-2.076,4.979,1.227
156.17,8.399,-2.043,4.862,1.277
156.18,8.466,-2.01,4.745,1.327
156.19,8.531,-1.977,4.628,1.375
156.2,8.593,-1.944,4.511,1.422
156.21,8.653,-1.912,4.394,1.467
156.22,8.711,-1.879,4.277,1.511
156.23,8.767,-1.848,4.16,1.553
156.24,8.821,-1.816,4.043,1.593
156.25,8.872,-1.786,3.926,1.632
156.26,8.922,-1.756,3.81,1.668
156.27,8.97,-1.727,3.693,1.703
156.28,9.016,-1.698,3.578,1.736
156.29,9.06,-1.671,3.462,1.766
156.3,9.102,-1.645,3.347,1.796
156.31,9.143,-1.62,3.232,1.823
156.32,9.181,-1.596,3.118,1.849
156.33,9.218,-1.574,3.004,1.873
156.34,9.254,-1.552,2.89,1.895
156.35,9.288,-1.531,2.776,1.916
156.36,9.32,-1.512,2.662,1.936
156.37,9.351,-1.493,2.548,1.955
156.38,9.38,-1.476,2.434,1.973
156.39,9.408,-1.459,2.319,1.99
156.4,9.435,-1.443,2.204,2.006
156.41,9.46,-1.429,2.089,2.021
156.42,9.484,-1.415,1.974,2.036
156.43,9.506,-1.403,1.859,2.05
156.44,9.526,-1.391,1.745,2.063
156.45,9.545,-1.38,1.631,2.076
156.46,9.563,-1.369,1.517,2.088
156.47,9.579,-1.36,1.404,2.1
156.48,9.594,-1.351,1.292,2.111
156.49,9.607,-1.343,1.181,2.121
156.5,9.618,-1.336,1.071,2.131
156.51,9.629,-1.33,0.962,2.14
156.52,9.638,-1.324,0.854,2.148
156.53,9.646,-1.319,0.747,2.156
156.54,9.652,-1.314,0.641,2.164
156.55,9.658,-1.311,0.537,2.171
156.56,9.662,-1.308,0.434,2.178
156.57,9.664,-1.305,0.333,2.184
156.58,9.666,-1.303,0.234,2.191
156.59,9.667,-1.301,0.137,2.197
156.6,9.667,-1.299,0.043,2.203
156.61,9.666,-1.297,-0.049,2.208
156.62,9.664,-1.295,-0.139,2.214
156.63,9.661,-1.292,-0.226,2.22
156.64,9.658,-1.289,-0.311,2.225
156.65,9.654,-1.285,-0.394,2.232
156.66,9.65,-1.281,-0.473,2.238
156.67,9.645,-1.275,-0.55,2.244
156.68,9.64,-1.268,-0.625,2.25
156.69,9.635,-1.259,-0.697,2.256
156.7,9.629,-1.249,-0.766,2.262
156.71,9.624,-1.238,-0.832,2.268
156.72,9.618,-1.226,-0.896,2.274
156.73,9.613,-1.212,-0.957,2.279
156.74,9.607,-1.197,-1.015,2.285
156.75,9.602,-1.18,-1.067,2.291
156.76,9.598,-1.162,-1.116,2.296
156.77,9.593,-1.142,-1.162,2.302
156.78,9.589,-1.122,-1.205,2.307
156.79,9.585,-1.1,-1.244,2.313
156.8,9.582,-1.078,-1.281,2.318
156.81,9.578,-1.055,-1.316,2.324
156.82,9.575,-1.032,-1.348,2.329
156.83,9.572,-1.008,-1.378,2.335
156.84,9.569,-0.983,-1.405,2.34
156.85,9.567,-0.958,-1.43,2.346
156.86,9.564,-0.933,-1.452,2.352
156.87,9.562,-0.907,-1.473,2.358
156.88,9.56,-0.881,-1.492,2.364
156.89,9.558,-0.855,-1.51,2.37
156.9,9.556,-0.828,-1.526,2.377
156.91,9.554,-0.801,-1.541,2.384
156.92,9.553,-0.773,-1.555,2.391
156.93,9.551,-0.745,-1.567,2.399
156.94,9.549,-0.717,-1.579,2.406
156.95,9.548,-0.689,-1.588,2.414
156.96,9.546,-0.66,-1.597,2.422
156.97,9.545,-0.632,-1.604,2.43
156.98,9.544,-0.603,-1.611,2.439
156.99,9.542,-0.575,-1.617,2.447
157,9.541,-0.548,-1.621,2.455
157.01,9.54,-0.52,-1.625,2.464
157.02,9.538,-0.493,-1.627,2.472
157.03,9.537,-0.467,-1.629,2.481
157.04,9.536,-0.442,-1.629,2.49
157.05,9.535,-0.417,-1.629,2.498
157.06,9.534,-0.393,-1.628,2.507
157.07,9.533,-0.371,-1.626,2.515
157.08,9.532,-0.349,-1.624,2.524
157.09,9.531,-0.329,-1.622,2.532
157.1,9.529,-0.311,-1.619,2.541
157.11,9.528,-0.295,-1.616,2.551
157.12,9.526,-0.281,-1.612,2.56
157.13,9.525,-0.269,-1.608,2.57
157.14,9.523,-0.258,-1.604,2.579
157.15,9.522,-0.249,-1.6,2.589
157.16,9.52,-0.241,-1.594,2.599
157.17,9.519,-0.235,-1.588,2.608
157.18,9.517,-0.23,-1.581,2.618
157.19,9.516,-0.227,-1.574,2.627
157.2,9.515,-0.225,-1.567,2.636
157.21,9.513,-0.225,-1.559,2.646
157.22,9.512,-0.225,-1.551,2.655
157.23,9.511,-0.227,-1.543,2.664
157.24,9.51,-0.231,-1.534,2.673
157.25,9.509,-0.235,-1.525,2.681
157.26,9.508,-0.24,-1.516,2.69
157.27,9.507,-0.247,-1.506,2.698
157.28,9.506,-0.254,-1.496,2.705
157.29,9.505,-0.262,-1.485,2.713
157.3,9.505,-0.271,-1.473,2.72
157.31,9.504,-0.281,-1.461,2.727
157.32,9.504,-0.291,-1.449,2.734
157.33,9.504,-0.302,-1.437,2.74
157.34,9.504,-0.313,-1.424,2.746
157.35,9.503,-0.325,-1.411,2.752
157.36,9.504,-0.337,-1.398,2.757
157.37,9.504,-0.349,-1.384,2.762
157.38,9.504,-0.362,-1.37,2.765
157.39,9.505,-0.375,-1.356,2.768
157.4,9.506,-0.387,-1.342,2.77
157.41,9.507,-0.4,-1.328,2.772
157.42,9.508,-0.413,-1.314,2.772
157.43,9.51,-0.426,-1.3,2.772
157.44,9.511,-0.438,-1.287,2.769
157.45,9.514,-0.449,-1.276,2.766
157.46,9.516,-0.46,-1.264,2.762
157.47,9.518,-0.471,-1.254,2.757
157.48,9.521,-0.48,-1.244,2.751
157.49,9.523,-0.489,-1.235,2.744
157.5,9.526,-0.498,-1.226,2.736
157.51,9.529,-0.505,-1.219,2.728
157.52,9.532,-0.513,-1.212,2.719
157.53,9.535,-0.52,-1.206,2.71
157.54,9.538,-0.526,-1.202,2.7
157.55,9.541,-0.531,-1.198,2.69
157.56,9.544,-0.534,-1.196,2.679
157.57,9.547,-0.537,-1.196,2.669
157.58,9.55,-0.538,-1.196,2.658
157.59,9.553,-0.538,-1.198,2.646
157.6,9.556,-0.537,-1.201,2.635
157.61,9.559,-0.535,-1.205,2.623
157.62,9.562,-0.531,-1.208,2.611
157.63,9.565,-0.527,-1.213,2.599
157.64,9.568,-0.522,-1.218,2.587
157.65,9.571,-0.515,-1.224,2.574
157.66,9.574,-0.508,-1.231,2.561
157.67,9.577,-0.498,-1.238,2.548
157.68,9.58,-0.488,-1.246,2.535
157.69,9.583,-0.477,-1.254,2.522
157.7,9.586,-0.464,-1.262,2.508
157.71,9.589,-0.451,-1.27,2.494
157.72,9.592,-0.436,-1.279,2.479
157.73,9.596,-0.421,-1.288,2.464
157.74,9.599,-0.404,-1.297,2.449
157.75,9.602,-0.387,-1.307,2.434
157.76,9.605,-0.37,-1.318,2.419
157.77,9.608,-0.351,-1.329,2.404
157.78,9.611,-0.332,-1.34,2.389
157.79,9.614,-0.312,-1.352,2.374
157.8,9.617,-0.291,-1.364,2.359
157.81,9.619,-0.271,-1.376,2.344
157.82,9.621,-0.25,-1.388,2.329
157.83,9.624,-0.229,-1.401,2.315
157.84,9.626,-0.208,-1.413,2.301
157.85,9.628,-0.187,-1.426,2.287
157.86,9.629,-0.166,-1.437,2.274
157.87,9.631,-0.145,-1.449,2.261
157.88,9.632,-0.125,-1.461,2.248
157.89,9.634,-0.105,-1.472,2.237
157.9,9.635,-0.085,-1.483,2.226
157.91,9.635,-0.065,-1.494,2.215
157.92,9.636,-0.046,-1.506,2.206
157.93,9.636,-0.028,-1.518,2.197
157.94,9.636,-0.01,-1.529,2.189
157.95,9.636,0.007,-1.541,2.181
157.96,9.636,0.024,-1.553,2.174
157.97,9.635,0.04,-1.566,2.168
157.98,9.634,0.056,-1.578,2.162
157.99,9.633,0.071,-1.592,2.157
158,9.631,0.085,-1.607,2.153
158.01,9.629,0.098,-1.623,2.15
158.02,9.627,0.11,-1.639,2.147
158.03,9.624,0.122,-1.657,2.145
158.04,9.621,0.133,-1.677,2.145
158.05,9.617,0.142,-1.698,2.146
158.06,9.612,0.151,-1.721,2.147
158.07,9.607,0.159,-1.745,2.151
158.08,9.601,0.167,-1.771,2.156
158.09,9.594,0.174,-1.799,2.163
158.1,9.587,0.18,-1.827,2.171
158.11,9.579,0.186,-1.855,2.18
158.12,9.571,0.191,-1.884,2.192
158.13,9.562,0.194,-1.911,2.206
158.14,9.553,0.198,-1.937,2.222
158.15,9.544,0.2,-1.962,2.24
158.16,9.534,0.202,-1.985,2.26
158.17,9.524,0.204,-2.007,2.28
158.18,9.515,0.205,-2.029,2.302
158.19,9.504,0.206,-2.049,2.326
158.2,9.494,0.207,-2.069,2.35
158.21,9.484,0.207,-2.089,2.375
158.22,9.473,0.208,-2.108,2.402
158.23,9.461,0.209,-2.126,2.43
158.24,9.45,0.21,-2.145,2.458
158.25,9.438,0.211,-2.163,2.488
158.26,9.426,0.213,-2.181,2.518
158.27,9.413,0.215,-2.199,2.549
158.28,9.4,0.217,-2.216,2.581
158.29,9.387,0.219,-2.233,2.614
158.3,9.374,0.222,-2.249,2.647
158.31,9.36,0.225,-2.265,2.681
158.32,9.346,0.228,-2.281,2.716
158.33,9.332,0.232,-2.297,2.752
158.34,9.317,0.237,-2.313,2.789
158.35,9.301,0.242,-2.329,2.826
158.36,9.286,0.247,-2.344,2.864
158.37,9.27,0.253,-2.359,2.903
158.38,9.253,0.26,-2.374,2.943
158.39,9.236,0.267,-2.39,2.983
158.4,9.219,0.276,-2.405,3.023
158.41,9.201,0.285,-2.42,3.064
158.42,9.183,0.295,-2.436,3.105
158.43,9.164,0.305,-2.451,3.147
158.44,9.146,0.317,-2.466,3.188
158.45,9.127,0.329,-2.48,3.229
158.46,9.108,0.343,-2.494,3.27
158.47,9.089,0.356,-2.507,3.31
158.48,9.072,0.371,-2.517,3.349
158.49,9.054,0.386,-2.527,3.387
158.5,9.037,0.401,-2.536,3.424
158.51,9.02,0.417,-2.543,3.461
158.52,9.004,0.432,-2.549,3.496
158.53,8.989,0.447,-2.554,3.53
158.54,8.974,0.462,-2.558,3.563
158.55,8.96,0.477,-2.56,3.594
158.56,8.947,0.491,-2.561,3.625
158.57,8.934,0.504,-2.562,3.654
158.58,8.922,0.517,-2.561,3.682
158.59,8.911,0.529,-2.56,3.709
158.6,8.9,0.541,-2.558,3.734
158.61,8.89,0.551,-2.555,3.759
158.62,8.88,0.561,-2.551,3.782
158.63,8.871,0.57,-2.546,3.805
158.64,8.863,0.577,-2.541,3.825
158.65,8.857,0.584,-2.535,3.845
158.66,8.851,0.589,-2.527,3.862
158.67,8.846,0.593,-2.519,3.878
158.68,8.842,0.596,-2.51,3.892
158.69,8.839,0.597,-2.499,3.905
158.7,8.838,0.597,-2.487,3.916
158.71,8.838,0.596,-2.474,3.924
158.72,8.839,0.593,-2.46,3.931
158.73,8.841,0.588,-2.444,3.936
158.74,8.845,0.583,-2.428,3.94
158.75,8.849,0.576,-2.41,3.941
158.76,8.855,0.568,-2.391,3.941
158.77,8.862,0.558,-2.371,3.938
158.78,8.871,0.546,-2.35,3.934
158.79,8.88,0.534,-2.327,3.928
158.8,8.891,0.519,-2.303,3.92
158.81,8.902,0.504,-2.278,3.91
158.82,8.916,0.484,-2.249,3.897
158.83,8.932,0.463,-2.219,3.883
158.84,8.947,0.441,-2.187,3.867
158.85,8.964,0.417,-2.153,3.849
158.86,8.981,0.392,-2.119,3.831
158.87,8.999,0.366,-2.084,3.811
158.88,9.017,0.339,-2.048,3.79
158.89,9.036,0.311,-2.012,3.768
158.9,9.054,0.283,-1.975,3.745
158.91,9.073,0.254,-1.938,3.721
158.92,9.091,0.224,-1.901,3.697
158.93,9.11,0.194,-1.863,3.671
158.94,9.129,0.164,-1.825,3.646
158.95,9.148,0.133,-1.786,3.619
158.96,9.166,0.102,-1.747,3.592
158.97,9.185,0.071,-1.707,3.565
158.98,9.203,0.039,-1.667,3.537
158.99,9.221,0.006,-1.626,3.508
159,9.24,-0.025,-1.584,3.479
159.01,9.258,-0.058,-1.542,3.45
159.02,9.276,-0.09,-1.499,3.42
159.03,9.293,-0.123,-1.455,3.39
159.04,9.31,-0.156,-1.411,3.36
159.05,9.327,-0.189,-1.366,3.33
159.06,9.344,-0.221,-1.321,3.299
159.07,9.36,-0.254,-1.275,3.269
159.08,9.376,-0.287,-1.228,3.239
159.09,9.391,-0.319,-1.18,3.209
159.1,9.406,-0.352,-1.132,3.178
159.11,9.421,-0.384,-1.084,3.149
159.12,9.435,-0.416,-1.035,3.119
159.13,9.448,-0.449,-0.985,3.09
159.14,9.461,-0.481,-0.935,3.061
159.15,9.473,-0.513,-0.884,3.033
159.16,9.485,-0.545,-0.832,3.005
159.17,9.496,-0.577,-0.779,2.979
159.18,9.506,-0.608,-0.726,2.953
159.19,9.516,-0.639,-0.672,2.928
159.2,9.525,-0.67,-0.618,2.903
159.21,9.533,-0.701,-0.562,2.88
159.22,9.541,-0.731,-0.506,2.857
159.23,9.548,-0.761,-0.449,2.835
159.24,9.555,-0.79,-0.392,2.814
159.25,9.56,-0.819,-0.333,2.793
159.26,9.566,-0.848,-0.274,2.774
159.27,9.57,-0.876,-0.214,2.755
159.28,9.574,-0.903,-0.152,2.737
159.29,9.577,-0.93,-0.09,2.72
159.3,9.579,-0.957,-0.027,2.703
159.31,9.581,-0.983,0.036,2.688
159.32,9.582,-1.008,0.1,2.673
159.33,9.582,-1.032,0.166,2.659
159.34,9.582,-1.056,0.232,2.646
159.35,9.581,-1.079,0.299,2.633
159.36,9.58,-1.102,0.367,2.621
159.37,9.577,-1.123,0.435,2.61
159.38,9.574,-1.144,0.504,2.6
159.39,9.57,-1.164,0.573,2.591
159.4,9.566,-1.184,0.642,2.583
159.41,9.56,-1.202,0.711,2.575
159.42,9.555,-1.22,0.779,2.569
159.43,9.548,-1.237,0.847,2.563
159.44,9.541,-1.252,0.915,2.559
159.45,9.534,-1.268,0.981,2.555
159.46,9.525,-1.282,1.047,2.551
159.47,9.517,-1.296,1.113,2.549
159.48,9.508,-1.31,1.177,2.546
159.49,9.498,-1.323,1.242,2.544
159.5,9.488,-1.335,1.306,2.543
159.51,9.478,-1.346,1.369,2.542
159.52,9.467,-1.357,1.432,2.542
159.53,9.456,-1.368,1.494,2.541
159.54,9.445,-1.378,1.556,2.54
159.55,9.433,-1.388,1.618,2.54
159.56,9.421,-1.398,1.681,2.538
159.57,9.409,-1.407,1.743,2.537
159.58,9.397,-1.416,1.805,2.535
159.59,9.384,-1.424,1.867,2.533
159.6,9.371,-1.432,1.928,2.53
159.61,9.358,-1.44,1.989,2.527
159.62,9.345,-1.447,2.049,2.523
159.63,9.331,-1.455,2.109,2.52
159.64,9.318,-1.461,2.169,2.515
159.65,9.304,-1.468,2.228,2.511
159.66,9.29,-1.474,2.287,2.506
159.67,9.276,-1.48,2.345,2.5
159.68,9.262,-1.486,2.401,2.494
159.69,9.248,-1.492,2.458,2.487
159.7,9.234,-1.497,2.514,2.48
159.71,9.22,-1.503,2.569,2.473
159.72,9.206,-1.509,2.624,2.464
159.73,9.191,-1.515,2.679,2.456
159.74,9.177,-1.521,2.733,2.446
159.75,9.163,-1.527,2.786,2.436
159.76,9.148,-1.533,2.839,2.426
159.77,9.134,-1.539,2.892,2.415
159.78,9.119,-1.545,2.944,2.403
159.79,9.105,-1.551,2.995,2.391
159.8,9.09,-1.556,3.046,2.378
159.81,9.076,-1.562,3.097,2.364
159.82,9.061,-1.568,3.147,2.349
159.83,9.046,-1.575,3.197,2.334
159.84,9.032,-1.581,3.247,2.318
159.85,9.017,-1.587,3.297,2.3
159.86,9.002,-1.594,3.347,2.281
159.87,8.987,-1.601,3.397,2.261
159.88,8.972,-1.608,3.447,2.24
159.89,8.957,-1.615,3.497,2.219
159.9,8.941,-1.623,3.547,2.196
159.91,8.925,-1.632,3.597,2.173
159.92,8.909,-1.64,3.647,2.149
159.93,8.893,-1.649,3.697,2.124
159.94,8.876,-1.659,3.747,2.098
159.95,8.859,-1.669,3.797,2.072
159.96,8.842,-1.679,3.847,2.045
159.97,8.825,-1.691,3.896,2.017
159.98,8.807,-1.702,3.946,1.989
159.99,8.789,-1.714,3.996,1.96
160,8.77,-1.727,4.045,1.931
160.01,8.751,-1.74,4.095,1.901
160.02,8.731,-1.753,4.144,1.871
160.03,8.712,-1.767,4.193,1.84
160.04,8.691,-1.781,4.243,1.809
160.05,8.67,-1.796,4.293,1.778
160.06,8.648,-1.811,4.344,1.746
160.07,8.626,-1.826,4.394,1.713
160.08,8.603,-1.842,4.444,1.681
160.09,8.58,-1.858,4.495,1.647
160.1,8.556,-1.874,4.546,1.614
160.11,8.531,-1.89,4.597,1.58
160.12,8.506,-1.906,4.649,1.546
160.13,8.48,-1.922,4.701,1.511
160.14,8.453,-1.938,4.753,1.477
160.15,8.426,-1.954,4.805,1.441
160.16,8.398,-1.97,4.858,1.406
160.17,8.369,-1.986,4.911,1.37
160.18,8.341,-2.001,4.964,1.334
160.19,8.311,-2.016,5.016,1.297
160.2,8.281,-2.031,5.068,1.261
160.21,8.251,-2.045,5.12,1.225
160.22,8.221,-2.06,5.172,1.19
160.23,8.19,-2.074,5.222,1.155
160.24,8.159,-2.087,5.273,1.12
160.25,8.127,-2.101,5.323,1.085
160.26,8.096,-2.114,5.373,1.05
160.27,8.064,-2.127,5.422,1.016
160.28,8.032,-2.14,5.47,0.983
160.29,8,-2.152,5.518,0.95
160.3,7.967,-2.164,5.566,0.919
160.31,7.935,-2.176,5.613,0.888
160.32,7.902,-2.188,5.659,0.858
160.33,7.869,-2.199,5.705,0.829
160.34,7.835,-2.21,5.75,0.801
160.35,7.802,-2.22,5.796,0.773
160.36,7.768,-2.23,5.84,0.747
160.37,7.734,-2.239,5.885,0.721
160.38,7.7,-2.248,5.929,0.696
160.39,7.666,-2.256,5.973,0.673
160.4,7.631,-2.264,6.017,0.65
160.41,7.596,-2.271,6.061,0.628
160.42,7.561,-2.277,6.105,0.606
160.43,7.525,-2.283,6.148,0.586
160.44,7.49,-2.288,6.191,0.566
160.45,7.454,-2.293,6.235,0.547
160.46,7.418,-2.296,6.278,0.528
160.47,7.382,-2.299,6.32,0.51
160.48,7.346,-2.3,6.363,0.493
160.49,7.31,-2.301,6.405,0.476
160.5,7.274,-2.301,6.447,0.46
160.51,7.239,-2.301,6.488,0.445
160.52,7.203,-2.299,6.529,0.431
160.53,7.168,-2.296,6.57,0.417
160.54,7.132,-2.292,6.611,0.405
160.55,7.097,-2.286,6.651,0.394
160.56,7.062,-2.28,6.691,0.383
160.57,7.027,-2.273,6.73,0.374
160.58,6.993,-2.265,6.769,0.365
160.59,6.959,-2.257,6.807,0.357
160.6,6.925,-2.248,6.845,0.35
160.61,6.891,-2.238,6.882,0.344
160.62,6.858,-2.228,6.919,0.339
160.63,6.826,-2.218,6.954,0.334
160.64,6.794,-2.206,6.989,0.331
160.65,6.763,-2.195,7.023,0.329
160.66,6.732,-2.182,7.057,0.327
160.67,6.701,-2.169,7.09,0.326
160.68,6.67,-2.156,7.123,0.326
160.69,6.64,-2.142,7.155,0.326
160.7,6.61,-2.128,7.187,0.327
160.71,6.58,-2.113,7.219,0.328
160.72,6.551,-2.098,7.25,0.33
160.73,6.522,-2.082,7.28,0.332
160.74,6.493,-2.066,7.31,0.335
160.75,6.465,-2.05,7.34,0.338
160.76,6.437,-2.034,7.368,0.342
160.77,6.41,-2.018,7.396,0.346
160.78,6.383,-2.001,7.424,0.351
160.79,6.356,-1.985,7.451,0.356
160.8,6.329,-1.969,7.478,0.361
160.81,6.302,-1.953,7.505,0.367
160.82,6.275,-1.938,7.531,0.373
160.83,6.248,-1.922,7.557,0.379
160.84,6.222,-1.908,7.582,0.386
160.85,6.196,-1.893,7.607,0.394
160.86,6.169,-1.879,7.631,0.402
160.87,6.143,-1.866,7.655,0.41
160.88,6.117,-1.854,7.678,0.42
160.89,6.091,-1.843,7.7,0.43
160.9,6.065,-1.833,7.723,0.441
160.91,6.04,-1.824,7.744,0.452
160.92,6.014,-1.815,7.766,0.465
160.93,5.989,-1.807,7.786,0.478
160.94,5.963,-1.801,7.807,0.492
160.95,5.937,-1.795,7.827,0.506
160.96,5.911,-1.79,7.846,0.521
160.97,5.886,-1.787,7.865,0.537
160.98,5.861,-1.784,7.883,0.554
160.99,5.836,-1.783,7.9,0.571
161,5.813,-1.783,7.916,0.59
161.01,5.789,-1.785,7.932,0.609
161.02,5.766,-1.788,7.946,0.629
161.03,5.744,-1.793,7.96,0.65
161.04,5.722,-1.798,7.972,0.672
161.05,5.701,-1.806,7.984,0.695
161.06,5.681,-1.815,7.994,0.718
161.07,5.661,-1.826,8.003,0.743
161.08,5.643,-1.838,8.011,0.768
161.09,5.625,-1.852,8.018,0.794
161.1,5.608,-1.867,8.023,0.821
161.11,5.592,-1.883,8.028,0.849
161.12,5.576,-1.901,8.031,0.877
161.13,5.56,-1.92,8.035,0.906
161.14,5.545,-1.94,8.038,0.935
161.15,5.529,-1.961,8.04,0.966
161.16,5.513,-1.983,8.041,0.997
161.17,5.498,-2.006,8.042,1.028
161.18,5.483,-2.029,8.042,1.06
161.19,5.468,-2.053,8.042,1.093
161.2,5.453,-2.077,8.041,1.126
161.21,5.438,-2.102,8.04,1.16
161.22,5.423,-2.126,8.039,1.195
161.23,5.408,-2.151,8.037,1.231
161.24,5.393,-2.175,8.035,1.267
161.25,5.378,-2.2,8.033,1.303
161.26,5.363,-2.223,8.03,1.34
161.27,5.347,-2.246,8.028,1.378
161.28,5.332,-2.269,8.025,1.415
161.29,5.316,-2.29,8.023,1.453
161.3,5.3,-2.31,8.021,1.49
161.31,5.283,-2.329,8.02,1.528
161.32,5.265,-2.347,8.019,1.565
161.33,5.245,-2.363,8.021,1.601
161.34,5.223,-2.377,8.023,1.637
161.35,5.199,-2.39,8.028,1.672
161.36,5.172,-2.401,8.035,1.706
161.37,5.143,-2.409,8.044,1.739
161.38,5.11,-2.416,8.056,1.77
161.39,5.074,-2.421,8.07,1.8
161.4,5.035,-2.423,8.088,1.829
161.41,4.991,-2.423,8.109,1.855
161.42,4.943,-2.421,8.134,1.88
161.43,4.89,-2.417,8.161,1.903
161.44,4.834,-2.411,8.192,1.925
161.45,4.773,-2.402,8.225,1.945
161.46,4.708,-2.392,8.261,1.964
161.47,4.638,-2.38,8.299,1.98
161.48,4.565,-2.367,8.34,1.996
161.49,4.487,-2.351,8.383,2.01
161.5,4.405,-2.335,8.428,2.023
161.51,4.319,-2.317,8.475,2.034
161.52,4.228,-2.298,8.523,2.044
161.53,4.133,-2.278,8.573,2.053
161.54,4.032,-2.258,8.624,2.061
161.55,3.928,-2.236,8.676,2.067
161.56,3.819,-2.214,8.729,2.073
161.57,3.704,-2.189,8.784,2.078
161.58,3.585,-2.165,8.838,2.082
161.59,3.464,-2.139,8.892,2.086
161.6,3.34,-2.112,8.944,2.089
161.61,3.213,-2.085,8.996,2.092
161.62,3.084,-2.057,9.047,2.096
161.63,2.952,-2.029,9.096,2.1
161.64,2.819,-2,9.144,2.104
161.65,2.685,-1.97,9.19,2.108
161.66,2.55,-1.94,9.233,2.113
161.67,2.414,-1.909,9.275,2.118
161.68,2.278,-1.877,9.314,2.124
161.69,2.142,-1.846,9.352,2.13
161.7,2.005,-1.814,9.387,2.136
161.71,1.867,-1.782,9.42,2.143
161.72,1.729,-1.751,9.45,2.15
161.73,1.591,-1.72,9.479,2.157
161.74,1.452,-1.689,9.505,2.164
161.75,1.312,-1.66,9.529,2.171
161.76,1.172,-1.632,9.55,2.178
161.77,1.029,-1.606,9.57,2.184
161.78,0.884,-1.583,9.587,2.189
161.79,0.737,-1.561,9.602,2.194
161.8,0.587,-1.543,9.614,2.197
161.81,0.435,-1.527,9.624,2.2
161.82,0.28,-1.515,9.632,2.201
161.83,0.122,-1.506,9.636,2.201
161.84,-0.037,-1.5,9.638,2.2
161.85,-0.2,-1.497,9.637,2.196
161.86,-0.365,-1.498,9.634,2.192
161.87,-0.533,-1.502,9.627,2.185
161.88,-0.702,-1.509,9.617,2.176
161.89,-0.872,-1.519,9.603,2.166
161.9,-1.043,-1.532,9.587,2.154
161.91,-1.215,-1.547,9.568,2.139
161.92,-1.385,-1.566,9.545,2.122
161.93,-1.554,-1.587,9.52,2.104
161.94,-1.722,-1.61,9.492,2.083
161.95,-1.888,-1.633,9.461,2.061
161.96,-2.053,-1.658,9.427,2.037
161.97,-2.215,-1.684,9.391,2.012
161.98,-2.376,-1.711,9.353,1.984
161.99,-2.534,-1.739,9.312,1.955
162,-2.69,-1.768,9.269,1.925
162.01,-2.844,-1.797,9.224,1.892
162.02,-2.995,-1.827,9.178,1.858
162.03,-3.143,-1.857,9.129,1.823
162.04,-3.289,-1.886,9.079,1.786
162.05,-3.432,-1.916,9.027,1.747
162.06,-3.572,-1.946,8.973,1.708
162.07,-3.71,-1.976,8.919,1.666
162.08,-3.845,-2.006,8.862,1.624
162.09,-3.977,-2.035,8.805,1.58
162.1,-4.108,-2.064,8.746,1.536
162.11,-4.238,-2.093,8.685,1.49
162.12,-4.365,-2.121,8.622,1.443
162.13,-4.492,-2.149,8.558,1.395
162.14,-4.618,-2.177,8.492,1.347
162.15,-4.743,-2.203,8.423,1.297
162.16,-4.867,-2.229,8.353,1.247
162.17,-4.99,-2.255,8.281,1.196
162.18,-5.112,-2.279,8.206,1.145
162.19,-5.233,-2.303,8.13,1.092
162.2,-5.353,-2.325,8.053,1.039
162.21,-5.471,-2.346,7.973,0.986
162.22,-5.588,-2.366,7.892,0.933
162.23,-5.703,-2.384,7.81,0.88
162.24,-5.816,-2.401,7.727,0.826
162.25,-5.927,-2.417,7.643,0.773
162.26,-6.036,-2.43,7.559,0.721
162.27,-6.142,-2.441,7.474,0.67
162.28,-6.246,-2.451,7.388,0.619
162.29,-6.348,-2.459,7.302,0.569
162.3,-6.447,-2.465,7.216,0.519
162.31,-6.544,-2.47,7.13,0.471
162.32,-6.639,-2.473,7.043,0.423
162.33,-6.733,-2.475,6.956,0.376
162.34,-6.824,-2.476,6.869,0.33
162.35,-6.913,-2.475,6.781,0.285
162.36,-7.001,-2.473,6.693,0.241
162.37,-7.088,-2.469,6.604,0.198
162.38,-7.173,-2.465,6.515,0.156
162.39,-7.256,-2.459,6.424,0.115
162.4,-7.338,-2.451,6.334,0.075
162.41,-7.419,-2.443,6.243,0.036
162.42,-7.498,-2.434,6.152,0
162.43,-7.575,-2.424,6.06,-0.037
162.44,-7.651,-2.413,5.968,-0.072
162.45,-7.726,-2.401,5.876,-0.106
162.46,-7.798,-2.388,5.783,-0.138
162.47,-7.869,-2.374,5.691,-0.169
162.48,-7.939,-2.36,5.599,-0.198
162.49,-8.007,-2.345,5.506,-0.225
162.5,-8.074,-2.329,5.413,-0.252
162.51,-8.139,-2.313,5.321,-0.276
162.52,-8.203,-2.296,5.228,-0.3
162.53,-8.266,-2.279,5.134,-0.321
162.54,-8.327,-2.261,5.041,-0.341
162.55,-8.387,-2.243,4.948,-0.36
162.56,-8.446,-2.224,4.854,-0.378
162.57,-8.504,-2.205,4.76,-0.394
162.58,-8.56,-2.186,4.665,-0.409
162.59,-8.616,-2.166,4.569,-0.422
162.6,-8.671,-2.146,4.473,-0.435
162.61,-8.725,-2.126,4.375,-0.446
162.62,-8.778,-2.105,4.276,-0.457
162.63,-8.831,-2.084,4.177,-0.467
162.64,-8.882,-2.063,4.076,-0.476
162.65,-8.932,-2.042,3.975,-0.485
162.66,-8.981,-2.021,3.873,-0.494
162.67,-9.029,-2,3.77,-0.502
162.68,-9.076,-1.978,3.666,-0.511
162.69,-9.121,-1.957,3.562,-0.52
162.7,-9.166,-1.935,3.456,-0.529
162.71,-9.209,-1.914,3.35,-0.539
162.72,-9.252,-1.892,3.243,-0.548
162.73,-9.292,-1.87,3.135,-0.558
162.74,-9.332,-1.848,3.026,-0.569
162.75,-9.37,-1.826,2.918,-0.58
162.76,-9.407,-1.803,2.809,-0.591
162.77,-9.443,-1.78,2.699,-0.602
162.78,-9.477,-1.757,2.589,-0.614
162.79,-9.51,-1.734,2.479,-0.626
162.8,-9.542,-1.71,2.368,-0.638
162.81,-9.572,-1.685,2.256,-0.65
162.82,-9.602,-1.66,2.145,-0.663
162.83,-9.629,-1.635,2.033,-0.675
162.84,-9.655,-1.61,1.922,-0.688
162.85,-9.68,-1.583,1.81,-0.701
162.86,-9.704,-1.557,1.698,-0.715
162.87,-9.726,-1.53,1.586,-0.728
162.88,-9.747,-1.502,1.475,-0.742
162.89,-9.767,-1.474,1.363,-0.755
162.9,-9.785,-1.445,1.251,-0.769
162.91,-9.802,-1.416,1.139,-0.783
162.92,-9.817,-1.386,1.027,-0.797
162.93,-9.831,-1.355,0.916,-0.811
162.94,-9.844,-1.324,0.805,-0.825
162.95,-9.856,-1.292,0.694,-0.839
162.96,-9.866,-1.259,0.584,-0.854
162.97,-9.875,-1.226,0.474,-0.868
162.98,-9.882,-1.191,0.365,-0.882
162.99,-9.888,-1.157,0.256,-0.896
163,-9.893,-1.122,0.149,-0.909
163.01,-9.897,-1.086,0.042,-0.922
163.02,-9.9,-1.049,-0.063,-0.935
163.03,-9.901,-1.012,-0.168,-0.947
163.04,-9.902,-0.974,-0.272,-0.958
163.05,-9.901,-0.936,-0.375,-0.969
163.06,-9.899,-0.897,-0.478,-0.98
163.07,-9.896,-0.857,-0.58,-0.989
163.08,-9.892,-0.818,-0.682,-0.998
163.09,-9.887,-0.777,-0.784,-1.006
163.1,-9.881,-0.737,-0.885,-1.013
163.11,-9.874,-0.696,-0.985,-1.019
163.12,-9.866,-0.654,-1.085,-1.024
163.13,-9.856,-0.612,-1.185,-1.029
163.14,-9.846,-0.57,-1.284,-1.033
163.15,-9.835,-0.528,-1.383,-1.036
163.16,-9.822,-0.486,-1.481,-1.038
163.17,-9.809,-0.444,-1.579,-1.039
163.18,-9.795,-0.402,-1.675,-1.04
163.19,-9.779,-0.36,-1.771,-1.04
163.2,-9.763,-0.318,-1.867,-1.039
163.21,-9.746,-0.276,-1.962,-1.038
163.22,-9.728,-0.234,-2.057,-1.036
163.23,-9.708,-0.192,-2.151,-1.033
163.24,-9.688,-0.15,-2.245,-1.03
163.25,-9.667,-0.108,-2.338,-1.027
163.26,-9.645,-0.066,-2.43,-1.022
163.27,-9.623,-0.023,-2.521,-1.018
163.28,-9.599,0.019,-2.611,-1.012
163.29,-9.575,0.062,-2.701,-1.006
163.3,-9.55,0.105,-2.789,-0.999
163.31,-9.524,0.149,-2.876,-0.991
163.32,-9.498,0.193,-2.963,-0.982
163.33,-9.471,0.238,-3.048,-0.972
163.34,-9.443,0.283,-3.133,-0.961
163.35,-9.414,0.328,-3.216,-0.95
163.36,-9.385,0.373,-3.299,-0.937
163.37,-9.356,0.418,-3.38,-0.923
163.38,-9.325,0.464,-3.461,-0.909
163.39,-9.295,0.51,-3.541,-0.893
163.4,-9.263,0.556,-3.62,-0.877
163.41,-9.231,0.602,-3.698,-0.86
163.42,-9.198,0.649,-3.775,-0.841
163.43,-9.165,0.696,-3.852,-0.823
163.44,-9.13,0.742,-3.927,-0.803
163.45,-9.096,0.79,-4.002,-0.783
163.46,-9.06,0.837,-4.077,-0.762
163.47,-9.024,0.884,-4.15,-0.74
163.48,-8.987,0.931,-4.223,-0.718
163.49,-8.95,0.979,-4.295,-0.696
163.5,-8.912,1.026,-4.366,-0.673
163.51,-8.873,1.074,-4.436,-0.65
163.52,-8.834,1.122,-4.505,-0.626
163.53,-8.794,1.169,-4.574,-0.603
163.54,-8.754,1.217,-4.641,-0.578
163.55,-8.713,1.264,-4.708,-0.554
163.56,-8.672,1.311,-4.774,-0.529
163.57,-8.629,1.358,-4.839,-0.504
163.58,-8.586,1.405,-4.905,-0.478
163.59,-8.543,1.451,-4.969,-0.452
163.6,-8.498,1.496,-5.034,-0.426
163.61,-8.453,1.542,-5.099,-0.4
163.62,-8.407,1.586,-5.163,-0.373
163.63,-8.36,1.63,-5.226,-0.346
163.64,-8.312,1.673,-5.29,-0.318
163.65,-8.264,1.715,-5.354,-0.291
163.66,-8.215,1.756,-5.418,-0.263
163.67,-8.165,1.796,-5.481,-0.236
163.68,-8.114,1.835,-5.544,-0.208
163.69,-8.062,1.874,-5.608,-0.181
163.7,-8.009,1.911,-5.671,-0.155
163.71,-7.955,1.948,-5.735,-0.128
163.72,-7.9,1.984,-5.799,-0.102
163.73,-7.844,2.019,-5.863,-0.076
163.74,-7.787,2.054,-5.927,-0.051
163.75,-7.729,2.087,-5.991,-0.026
163.76,-7.67,2.12,-6.055,-0.001
163.77,-7.61,2.152,-6.119,0.022
163.78,-7.549,2.183,-6.183,0.046
163.79,-7.487,2.214,-6.247,0.07
163.8,-7.423,2.243,-6.312,0.093
163.81,-7.359,2.272,-6.376,0.116
163.82,-7.293,2.3,-6.441,0.139
163.83,-7.227,2.327,-6.505,0.161
163.84,-7.16,2.353,-6.569,0.183
163.85,-7.092,2.378,-6.633,0.205
163.86,-7.023,2.403,-6.696,0.227
163.87,-6.952,2.426,-6.76,0.249
163.88,-6.88,2.449,-6.824,0.271
163.89,-6.807,2.47,-6.889,0.293
163.9,-6.732,2.491,-6.954,0.315
163.91,-6.655,2.51,-7.02,0.336
163.92,-6.578,2.529,-7.085,0.358
163.93,-6.499,2.546,-7.15,0.378
163.94,-6.419,2.562,-7.215,0.398
163.95,-6.338,2.576,-7.28,0.418
163.96,-6.256,2.59,-7.345,0.437
163.97,-6.173,2.602,-7.409,0.455
163.98,-6.089,2.612,-7.474,0.472
163.99,-6.003,2.622,-7.539,0.487
164,-5.917,2.63,-7.603,0.502
164.01,-5.831,2.637,-7.666,0.516
164.02,-5.744,2.644,-7.728,0.529
164.03,-5.656,2.65,-7.79,0.542
164.04,-5.568,2.655,-7.85,0.553
164.05,-5.479,2.659,-7.91,0.564
164.06,-5.391,2.663,-7.969,0.574
164.07,-5.302,2.665,-8.027,0.583
164.08,-5.212,2.667,-8.084,0.592
164.09,-5.121,2.669,-8.141,0.6
164.1,-5.03,2.669,-8.197,0.608
164.11,-4.938,2.67,-8.252,0.616
164.12,-4.845,2.67,-8.306,0.623
164.13,-4.752,2.669,-8.359,0.63
164.14,-4.659,2.669,-8.411,0.637
164.15,-4.565,2.668,-8.462,0.644
164.16,-4.471,2.667,-8.512,0.651
164.17,-4.377,2.665,-8.561,0.658
164.18,-4.282,2.664,-8.609,0.664
164.19,-4.187,2.662,-8.655,0.671
164.2,-4.092,2.661,-8.701,0.679
164.21,-3.996,2.659,-8.745,0.686
164.22,-3.901,2.658,-8.788,0.694
164.23,-3.805,2.656,-8.829,0.702
164.24,-3.71,2.655,-8.869,0.71
164.25,-3.615,2.654,-8.908,0.719
164.26,-3.519,2.653,-8.946,0.728
164.27,-3.424,2.652,-8.982,0.738
164.28,-3.328,2.652,-9.017,0.748
164.29,-3.234,2.651,-9.051,0.759
164.3,-3.139,2.651,-9.083,0.771
164.31,-3.046,2.651,-9.114,0.783
164.32,-2.953,2.651,-9.143,0.796
164.33,-2.862,2.652,-9.171,0.81
164.34,-2.771,2.652,-9.197,0.825
164.35,-2.682,2.653,-9.222,0.841
164.36,-2.594,2.654,-9.245,0.858
164.37,-2.507,2.654,-9.268,0.876
164.38,-2.421,2.655,-9.289,0.895
164.39,-2.335,2.655,-9.308,0.915
164.4,-2.251,2.655,-9.327,0.936
164.41,-2.168,2.656,-9.344,0.958
164.42,-2.086,2.655,-9.361,0.981
164.43,-2.005,2.655,-9.376,1.005
164.44,-1.926,2.654,-9.39,1.031
164.45,-1.847,2.653,-9.403,1.057
164.46,-1.769,2.651,-9.416,1.084
164.47,-1.692,2.649,-9.427,1.112
164.48,-1.616,2.646,-9.438,1.14
164.49,-1.542,2.643,-9.447,1.17
164.5,-1.469,2.64,-9.456,1.2
164.51,-1.397,2.636,-9.464,1.23
164.52,-1.327,2.632,-9.471,1.26
164.53,-1.258,2.627,-9.478,1.291
164.54,-1.191,2.622,-9.484,1.322
164.55,-1.125,2.617,-9.489,1.353
164.56,-1.061,2.612,-9.494,1.383
164.57,-0.997,2.606,-9.498,1.414
164.58,-0.935,2.6,-9.501,1.444
164.59,-0.873,2.593,-9.504,1.474
164.6,-0.813,2.586,-9.507,1.503
164.61,-0.754,2.579,-9.509,1.532
164.62,-0.697,2.572,-9.511,1.56
164.63,-0.641,2.565,-9.512,1.586
164.64,-0.585,2.557,-9.513,1.612
164.65,-0.531,2.549,-9.515,1.637
164.66,-0.477,2.541,-9.515,1.661
164.67,-0.425,2.533,-9.516,1.683
164.68,-0.374,2.525,-9.517,1.703
164.69,-0.325,2.518,-9.517,1.723
164.7,-0.275,2.51,-9.517,1.741
164.71,-0.227,2.503,-9.517,1.757
164.72,-0.18,2.497,-9.517,1.772
164.73,-0.134,2.491,-9.517,1.786
164.74,-0.089,2.486,-9.517,1.798
164.75,-0.046,2.482,-9.516,1.809
164.76,-0.003,2.479,-9.515,1.818
164.77,0.038,2.477,-9.514,1.826
164.78,0.079,2.477,-9.513,1.832
164.79,0.119,2.478,-9.511,1.837
164.8,0.158,2.48,-9.509,1.84
164.81,0.197,2.484,-9.507,1.841
164.82,0.235,2.489,-9.505,1.841
164.83,0.272,2.496,-9.502,1.84
164.84,0.309,2.505,-9.5,1.837
164.85,0.345,2.515,-9.496,1.832
164.86,0.38,2.527,-9.493,1.826
164.87,0.414,2.541,-9.49,1.818
164.88,0.448,2.556,-9.486,1.809
164.89,0.48,2.572,-9.482,1.799
164.9,0.513,2.589,-9.477,1.788
164.91,0.545,2.608,-9.473,1.775
164.92,0.577,2.627,-9.468,1.762
164.93,0.61,2.647,-9.463,1.748
164.94,0.644,2.667,-9.458,1.734
164.95,0.679,2.688,-9.452,1.719
164.96,0.714,2.709,-9.446,1.703
164.97,0.75,2.731,-9.44,1.688
164.98,0.786,2.753,-9.434,1.671
164.99,0.823,2.775,-9.427,1.655
165,0.859,2.797,-9.42,1.639
165.01,0.896,2.82,-9.413,1.622
165.02,0.934,2.842,-9.405,1.605
165.03,0.971,2.864,-9.398,1.588
165.04,1.009,2.887,-9.39,1.571
165.05,1.046,2.909,-9.382,1.554
165.06,1.084,2.931,-9.373,1.538
165.07,1.123,2.953,-9.364,1.522
165.08,1.162,2.974,-9.355,1.506
165.09,1.201,2.996,-9.346,1.491
165.1,1.24,3.017,-9.336,1.477
165.11,1.279,3.038,-9.326,1.463
165.12,1.318,3.058,-9.316,1.45
165.13,1.356,3.078,-9.306,1.438
165.14,1.395,3.098,-9.295,1.427
165.15,1.433,3.118,-9.284,1.416
165.16,1.472,3.138,-9.273,1.406
165.17,1.51,3.157,-9.262,1.397
165.18,1.547,3.175,-9.251,1.39
165.19,1.584,3.193,-9.239,1.383
165.2,1.62,3.211,-9.228,1.377
165.21,1.656,3.228,-9.216,1.371
165.22,1.691,3.245,-9.205,1.367
165.23,1.726,3.261,-9.193,1.363
165.24,1.759,3.276,-9.182,1.36
165.25,1.791,3.29,-9.171,1.357
165.26,1.821,3.304,-9.161,1.355
165.27,1.849,3.316,-9.151,1.353
165.28,1.875,3.327,-9.142,1.35
165.29,1.898,3.338,-9.134,1.348
165.3,1.92,3.347,-9.126,1.346
165.31,1.939,3.355,-9.119,1.344
165.32,1.956,3.363,-9.113,1.341
165.33,1.97,3.369,-9.109,1.338
165.34,1.98,3.374,-9.105,1.334
165.35,1.988,3.378,-9.102,1.33
165.36,1.99,3.38,-9.102,1.325
165.37,1.99,3.382,-9.102,1.319
165.38,1.987,3.382,-9.103,1.313
165.39,1.982,3.382,-9.106,1.307
165.4,1.976,3.38,-9.108,1.3
165.41,1.967,3.378,-9.112,1.293
165.42,1.957,3.375,-9.116,1.286
165.43,1.945,3.371,-9.121,1.279
165.44,1.931,3.367,-9.127,1.272
165.45,1.916,3.361,-9.133,1.264
165.46,1.9,3.355,-9.14,1.256
165.47,1.883,3.348,-9.147,1.248
165.48,1.864,3.34,-9.155,1.239
165.49,1.844,3.331,-9.164,1.231
165.5,1.822,3.322,-9.172,1.222
165.51,1.799,3.313,-9.182,1.213
165.52,1.774,3.302,-9.191,1.204
165.53,1.749,3.291,-9.201,1.194
165.54,1.723,3.279,-9.212,1.185
165.55,1.695,3.267,-9.223,1.175
165.56,1.666,3.254,-9.234,1.166
165.57,1.637,3.241,-9.245,1.156
165.58,1.606,3.227,-9.256,1.147
165.59,1.575,3.213,-9.268,1.137
165.6,1.542,3.198,-9.279,1.128
165.61,1.51,3.183,-9.291,1.118
165.62,1.476,3.169,-9.303,1.109
165.63,1.442,3.154,-9.314,1.099
165.64,1.407,3.139,-9.326,1.09
165.65,1.372,3.123,-9.337,1.08
165.66,1.335,3.108,-9.348,1.071
165.67,1.298,3.093,-9.36,1.062
165.68,1.261,3.079,-9.371,1.053
165.69,1.222,3.064,-9.381,1.044
165.7,1.182,3.051,-9.392,1.035
165.71,1.142,3.039,-9.402,1.025
165.72,1.1,3.027,-9.412,1.016
165.73,1.058,3.016,-9.421,1.006
165.74,1.015,3.006,-9.43,0.996
165.75,0.971,2.997,-9.439,0.986
165.76,0.927,2.988,-9.447,0.976
165.77,0.883,2.981,-9.455,0.965
165.78,0.837,2.974,-9.462,0.955
165.79,0.792,2.968,-9.469,0.944
165.8,0.746,2.963,-9.475,0.933
165.81,0.699,2.959,-9.481,0.921
165.82,0.653,2.956,-9.486,0.91
165.83,0.606,2.954,-9.491,0.898
165.84,0.558,2.953,-9.496,0.885
165.85,0.511,2.953,-9.5,0.873
165.86,0.463,2.954,-9.503,0.86
165.87,0.416,2.956,-9.506,0.846
165.88,0.368,2.959,-9.508,0.832
165.89,0.32,2.963,-9.51,0.818
165.9,0.272,2.967,-9.511,0.803
165.91,0.223,2.973,-9.512,0.788
165.92,0.175,2.979,-9.512,0.772
165.93,0.126,2.986,-9.512,0.755
165.94,0.077,2.994,-9.512,0.738
165.95,0.028,3.003,-9.51,0.72
165.96,-0.02,3.013,-9.509,0.701
165.97,-0.069,3.023,-9.507,0.681
165.98,-0.118,3.034,-9.504,0.661
165.99,-0.168,3.046,-9.501,0.639
166,-0.219,3.059,-9.498,0.616
166.01,-0.27,3.071,-9.494,0.592
166.02,-0.321,3.085,-9.489,0.567
166.03,-0.372,3.099,-9.484,0.542
166.04,-0.423,3.113,-9.479,0.515
166.05,-0.474,3.128,-9.473,0.485
166.06,-0.526,3.143,-9.467,0.455
166.07,-0.578,3.158,-9.46,0.423
166.08,-0.631,3.174,-9.453,0.39
166.09,-0.683,3.189,-9.446,0.356
166.1,-0.737,3.204,-9.438,0.32
166.11,-0.79,3.22,-9.429,0.283
166.12,-0.844,3.235,-9.421,0.245
166.13,-0.898,3.25,-9.411,0.206
166.14,-0.953,3.265,-9.401,0.166
166.15,-1.007,3.28,-9.391,0.124
166.16,-1.062,3.294,-9.381,0.082
166.17,-1.117,3.308,-9.37,0.039
166.18,-1.171,3.322,-9.358,-0.004
166.19,-1.226,3.335,-9.346,-0.049
166.2,-1.28,3.348,-9.334,-0.095
166.21,-1.334,3.361,-9.321,-0.142
166.22,-1.388,3.373,-9.308,-0.189
166.23,-1.442,3.385,-9.295,-0.236
166.24,-1.495,3.396,-9.281,-0.285
166.25,-1.547,3.406,-9.267,-0.333
166.26,-1.599,3.416,-9.253,-0.383
166.27,-1.651,3.425,-9.238,-0.432
166.28,-1.701,3.434,-9.223,-0.482
166.29,-1.751,3.442,-9.208,-0.532
166.3,-1.8,3.449,-9.193,-0.582
166.31,-1.848,3.455,-9.178,-0.632
166.32,-1.896,3.461,-9.162,-0.682
166.33,-1.942,3.466,-9.147,-0.733
166.34,-1.987,3.47,-9.132,-0.783
166.35,-2.031,3.473,-9.116,-0.833
166.36,-2.075,3.475,-9.101,-0.883
166.37,-2.117,3.477,-9.085,-0.933
166.38,-2.159,3.478,-9.07,-0.982
166.39,-2.199,3.478,-9.055,-1.03
166.4,-2.238,3.476,-9.041,-1.077
166.41,-2.276,3.474,-9.026,-1.123
166.42,-2.313,3.471,-9.012,-1.169
166.43,-2.35,3.468,-8.998,-1.214
166.44,-2.386,3.463,-8.984,-1.257
166.45,-2.419,3.458,-8.971,-1.299
166.46,-2.452,3.453,-8.959,-1.338
166.47,-2.482,3.448,-8.947,-1.376
166.48,-2.511,3.441,-8.936,-1.411
166.49,-2.537,3.435,-8.925,-1.443
166.5,-2.561,3.429,-8.916,-1.473
166.51,-2.582,3.423,-8.908,-1.5
166.52,-2.6,3.416,-8.901,-1.524
166.53,-2.615,3.41,-8.896,-1.544
166.54,-2.627,3.404,-8.892,-1.56
166.55,-2.635,3.398,-8.889,-1.572
166.56,-2.64,3.392,-8.889,-1.581
166.57,-2.641,3.387,-8.89,-1.586
166.58,-2.639,3.381,-8.892,-1.586
166.59,-2.632,3.376,-8.897,-1.583
166.6,-2.623,3.37,-8.903,-1.576
166.61,-2.61,3.364,-8.911,-1.564
166.62,-2.594,3.358,-8.92,-1.549
166.63,-2.575,3.352,-8.932,-1.53
166.64,-2.553,3.346,-8.944,-1.507
166.65,-2.529,3.339,-8.958,-1.481
166.66,-2.502,3.331,-8.973,-1.451
166.67,-2.472,3.323,-8.99,-1.417
166.68,-2.441,3.314,-9.008,-1.38
166.69,-2.408,3.304,-9.026,-1.34
166.7,-2.373,3.294,-9.045,-1.298
166.71,-2.337,3.282,-9.065,-1.252
166.72,-2.3,3.269,-9.086,-1.204
166.73,-2.261,3.254,-9.108,-1.152
166.74,-2.222,3.238,-9.13,-1.097
166.75,-2.182,3.221,-9.152,-1.041
166.76,-2.143,3.202,-9.175,-0.984
166.77,-2.103,3.182,-9.197,-0.926
166.78,-2.064,3.16,-9.219,-0.867
166.79,-2.026,3.138,-9.24,-0.808
166.8,-1.989,3.114,-9.261,-0.748
166.81,-1.952,3.089,-9.282,-0.688
166.82,-1.915,3.063,-9.303,-0.628
166.83,-1.879,3.036,-9.323,-0.568
166.84,-1.843,3.008,-9.342,-0.508
166.85,-1.806,2.98,-9.362,-0.449
166.86,-1.77,2.95,-9.381,-0.39
166.87,-1.734,2.92,-9.399,-0.331
166.88,-1.699,2.889,-9.417,-0.272
166.89,-1.663,2.857,-9.434,-0.214
166.9,-1.629,2.825,-9.451,-0.158
166.91,-1.595,2.792,-9.468,-0.101
166.92,-1.561,2.758,-9.484,-0.046
166.93,-1.527,2.724,-9.499,0.008
166.94,-1.493,2.689,-9.514,0.061
166.95,-1.46,2.654,-9.529,0.113
166.96,-1.427,2.619,-9.543,0.162
166.97,-1.396,2.584,-9.556,0.21
166.98,-1.365,2.549,-9.569,0.256
166.99,-1.336,2.515,-9.581,0.299
167,-1.307,2.48,-9.592,0.34
167.01,-1.281,2.446,-9.603,0.378
167.02,-1.257,2.413,-9.613,0.413
167.03,-1.236,2.381,-9.622,0.445
167.04,-1.218,2.35,-9.631,0.474
167.05,-1.205,2.32,-9.639,0.499
167.06,-1.195,2.292,-9.645,0.521
167.07,-1.19,2.264,-9.651,0.539
167.08,-1.195,2.241,-9.656,0.55
167.09,-1.204,2.219,-9.659,0.558
167.1,-1.216,2.198,-9.662,0.563
167.11,-1.232,2.179,-9.664,0.564
167.12,-1.252,2.162,-9.666,0.563
167.13,-1.277,2.147,-9.666,0.559
167.14,-1.305,2.133,-9.666,0.551
167.15,-1.337,2.122,-9.665,0.54
167.16,-1.374,2.111,-9.663,0.527
167.17,-1.414,2.103,-9.659,0.511
167.18,-1.458,2.096,-9.655,0.491
167.19,-1.506,2.09,-9.65,0.47
167.2,-1.556,2.086,-9.645,0.446
167.21,-1.609,2.083,-9.638,0.419
167.22,-1.665,2.082,-9.63,0.39
167.23,-1.724,2.081,-9.62,0.359
167.24,-1.786,2.083,-9.61,0.325
167.25,-1.849,2.085,-9.599,0.29
167.26,-1.915,2.088,-9.586,0.252
167.27,-1.982,2.092,-9.573,0.213
167.28,-2.05,2.097,-9.558,0.172
167.29,-2.119,2.103,-9.542,0.131
167.3,-2.188,2.109,-9.526,0.088
167.31,-2.257,2.116,-9.508,0.044
167.32,-2.326,2.124,-9.49,0
167.33,-2.395,2.132,-9.471,-0.045
167.34,-2.464,2.14,-9.451,-0.09
167.35,-2.532,2.15,-9.431,-0.136
167.36,-2.6,2.159,-9.409,-0.182
167.37,-2.667,2.169,-9.387,-0.228
167.38,-2.734,2.179,-9.364,-0.274
167.39,-2.8,2.19,-9.341,-0.32
167.4,-2.866,2.2,-9.317,-0.365
167.41,-2.932,2.211,-9.292,-0.411
167.42,-2.997,2.222,-9.266,-0.455
167.43,-3.062,2.233,-9.24,-0.497
167.44,-3.126,2.244,-9.213,-0.539
167.45,-3.192,2.255,-9.186,-0.58
167.46,-3.257,2.266,-9.157,-0.62
167.47,-3.323,2.276,-9.128,-0.659
167.48,-3.39,2.287,-9.098,-0.697
167.49,-3.458,2.297,-9.067,-0.733
167.5,-3.526,2.307,-9.036,-0.768
167.51,-3.596,2.316,-9.003,-0.801
167.52,-3.667,2.325,-8.969,-0.833
167.53,-3.739,2.334,-8.934,-0.863
167.54,-3.813,2.342,-8.898,-0.891
167.55,-3.888,2.35,-8.86,-0.918
167.56,-3.966,2.357,-8.821,-0.942
167.57,-4.044,2.363,-8.781,-0.965
167.58,-4.124,2.37,-8.74,-0.987
167.59,-4.205,2.375,-8.697,-1.006
167.6,-4.288,2.38,-8.653,-1.024
167.61,-4.372,2.385,-8.608,-1.04
167.62,-4.457,2.389,-8.561,-1.055
167.63,-4.543,2.392,-8.513,-1.068
167.64,-4.631,2.395,-8.464,-1.079
167.65,-4.72,2.398,-8.413,-1.089
167.66,-4.81,2.4,-8.36,-1.097
167.67,-4.902,2.401,-8.305,-1.105
167.68,-4.995,2.401,-8.248,-1.111
167.69,-5.089,2.401,-8.19,-1.116
167.7,-5.185,2.4,-8.129,-1.12
167.71,-5.283,2.398,-8.066,-1.123
167.72,-5.382,2.396,-8.001,-1.125
167.73,-5.481,2.392,-7.934,-1.126
167.74,-5.582,2.389,-7.865,-1.126
167.75,-5.683,2.384,-7.793,-1.125
167.76,-5.784,2.379,-7.72,-1.123
167.77,-5.886,2.374,-7.645,-1.119
167.78,-5.987,2.368,-7.569,-1.114
167.79,-6.088,2.362,-7.491,-1.109
167.8,-6.189,2.355,-7.411,-1.103
167.81,-6.289,2.348,-7.329,-1.096
167.82,-6.389,2.341,-7.246,-1.09
167.83,-6.488,2.333,-7.161,-1.083
167.84,-6.586,2.325,-7.074,-1.076
167.85,-6.684,2.317,-6.986,-1.068
167.86,-6.78,2.308,-6.896,-1.061
167.87,-6.876,2.299,-6.805,-1.053
167.88,-6.971,2.29,-6.712,-1.046
167.89,-7.064,2.28,-6.618,-1.039
167.9,-7.157,2.27,-6.523,-1.032
167.91,-7.248,2.26,-6.426,-1.025
167.92,-7.338,2.25,-6.328,-1.019
167.93,-7.427,2.239,-6.228,-1.014
167.94,-7.514,2.227,-6.127,-1.009
167.95,-7.601,2.216,-6.024,-1.006
167.96,-7.686,2.203,-5.92,-1.004
167.97,-7.771,2.19,-5.813,-1.003
167.98,-7.855,2.177,-5.704,-1.004
167.99,-7.938,2.162,-5.593,-1.006
168,-8.021,2.147,-5.479,-1.01
168.01,-8.102,2.13,-5.363,-1.016
168.02,-8.183,2.113,-5.245,-1.024
168.03,-8.262,2.095,-5.124,-1.033
168.04,-8.341,2.075,-5.002,-1.045
168.05,-8.417,2.054,-4.878,-1.058
168.06,-8.493,2.032,-4.752,-1.072
168.07,-8.566,2.009,-4.624,-1.089
168.08,-8.638,1.984,-4.495,-1.106
168.09,-8.708,1.958,-4.366,-1.125
168.1,-8.775,1.931,-4.236,-1.145
168.11,-8.84,1.902,-4.106,-1.167
168.12,-8.903,1.871,-3.976,-1.19
168.13,-8.963,1.839,-3.846,-1.213
168.14,-9.021,1.806,-3.716,-1.238
168.15,-9.077,1.772,-3.586,-1.262
168.16,-9.13,1.737,-3.457,-1.287
168.17,-9.181,1.7,-3.329,-1.313
168.18,-9.229,1.663,-3.201,-1.339
168.19,-9.275,1.625,-3.074,-1.365
168.2,-9.319,1.586,-2.947,-1.392
168.21,-9.361,1.545,-2.822,-1.419
168.22,-9.4,1.504,-2.696,-1.447
168.23,-9.437,1.461,-2.572,-1.476
168.24,-9.472,1.418,-2.448,-1.505
168.25,-9.505,1.373,-2.325,-1.534
168.26,-9.535,1.328,-2.203,-1.564
168.27,-9.564,1.282,-2.082,-1.593
168.28,-9.59,1.235,-1.962,-1.623
168.29,-9.615,1.188,-1.843,-1.653
168.3,-9.637,1.141,-1.725,-1.683
168.31,-9.658,1.093,-1.608,-1.712
168.32,-9.677,1.044,-1.492,-1.741
168.33,-9.694,0.995,-1.377,-1.77
168.34,-9.709,0.947,-1.263,-1.798
168.35,-9.722,0.897,-1.15,-1.826
168.36,-9.734,0.848,-1.036,-1.853
168.37,-9.745,0.798,-0.924,-1.88
168.38,-9.754,0.749,-0.811,-1.906
168.39,-9.761,0.699,-0.699,-1.932
168.4,-9.767,0.649,-0.587,-1.957
168.41,-9.771,0.599,-0.476,-1.981
168.42,-9.774,0.55,-0.365,-2.004
168.43,-9.776,0.5,-0.254,-2.026
168.44,-9.776,0.451,-0.144,-2.047
168.45,-9.775,0.401,-0.034,-2.067
168.46,-9.773,0.353,0.074,-2.086
168.47,-9.769,0.304,0.182,-2.103
168.48,-9.765,0.256,0.29,-2.119
168.49,-9.759,0.208,0.398,-2.134
168.5,-9.752,0.161,0.505,-2.148
168.51,-9.743,0.114,0.612,-2.161
168.52,-9.734,0.067,0.718,-2.173
168.53,-9.723,0.02,0.824,-2.183
168.54,-9.712,-0.025,0.929,-2.193
168.55,-9.699,-0.071,1.034,-2.201
168.56,-9.685,-0.116,1.138,-2.208
168.57,-9.671,-0.16,1.241,-2.213
168.58,-9.655,-0.204,1.344,-2.218
168.59,-9.639,-0.247,1.446,-2.22
168.6,-9.621,-0.29,1.548,-2.222
168.61,-9.603,-0.331,1.648,-2.222
168.62,-9.585,-0.371,1.748,-2.22
168.63,-9.566,-0.411,1.846,-2.216
168.64,-9.546,-0.448,1.942,-2.21
168.65,-9.526,-0.485,2.036,-2.202
168.66,-9.507,-0.519,2.129,-2.192
168.67,-9.487,-0.551,2.219,-2.179
168.68,-9.468,-0.582,2.307,-2.163
168.69,-9.449,-0.611,2.393,-2.144
168.7,-9.43,-0.638,2.477,-2.123
168.71,-9.412,-0.663,2.56,-2.099
168.72,-9.394,-0.687,2.641,-2.072
168.73,-9.376,-0.709,2.722,-2.042
168.74,-9.358,-0.731,2.801,-2.01
168.75,-9.34,-0.75,2.88,-1.974
168.76,-9.322,-0.769,2.958,-1.936
168.77,-9.303,-0.787,3.036,-1.895
168.78,-9.285,-0.805,3.114,-1.852
168.79,-9.266,-0.822,3.193,-1.806
168.8,-9.246,-0.838,3.274,-1.756
168.81,-9.225,-0.854,3.355,-1.703
168.82,-9.203,-0.87,3.437,-1.649
168.83,-9.18,-0.886,3.521,-1.592
168.84,-9.156,-0.901,3.604,-1.534
168.85,-9.131,-0.916,3.688,-1.475
168.86,-9.105,-0.931,3.771,-1.415
168.87,-9.077,-0.946,3.855,-1.353
168.88,-9.049,-0.96,3.938,-1.291
168.89,-9.02,-0.974,4.021,-1.227
168.9,-8.99,-0.987,4.103,-1.163
168.91,-8.959,-1.001,4.185,-1.098
168.92,-8.927,-1.014,4.266,-1.032
168.93,-8.894,-1.027,4.347,-0.965
168.94,-8.86,-1.04,4.427,-0.898
168.95,-8.825,-1.053,4.507,-0.83
168.96,-8.788,-1.066,4.587,-0.761
168.97,-8.75,-1.08,4.667,-0.693
168.98,-8.709,-1.094,4.748,-0.623
168.99,-8.668,-1.109,4.829,-0.554
169,-8.624,-1.124,4.91,-0.484
169.01,-8.579,-1.14,4.991,-0.414
169.02,-8.532,-1.157,5.073,-0.344
169.03,-8.482,-1.176,5.156,-0.274
169.04,-8.43,-1.195,5.24,-0.205
169.05,-8.374,-1.216,5.325,-0.135
169.06,-8.316,-1.237,5.412,-0.066
169.07,-8.255,-1.26,5.5,0.001
169.08,-8.191,-1.283,5.589,0.069
169.09,-8.124,-1.308,5.679,0.136
169.1,-8.053,-1.333,5.771,0.202
169.11,-7.979,-1.36,5.865,0.267
169.12,-7.901,-1.386,5.961,0.331
169.13,-7.819,-1.413,6.058,0.394
169.14,-7.731,-1.441,6.159,0.456
169.15,-7.639,-1.468,6.262,0.516
169.16,-7.543,-1.495,6.365,0.575
169.17,-7.444,-1.522,6.47,0.633
169.18,-7.34,-1.549,6.575,0.69
169.19,-7.233,-1.574,6.681,0.746
169.2,-7.122,-1.6,6.787,0.802
169.21,-7.008,-1.624,6.892,0.857
169.22,-6.89,-1.648,6.998,0.911
169.23,-6.769,-1.671,7.102,0.964
169.24,-6.644,-1.694,7.207,1.017
169.25,-6.516,-1.715,7.31,1.069
169.26,-6.385,-1.736,7.413,1.12
169.27,-6.25,-1.756,7.514,1.171
169.28,-6.112,-1.775,7.615,1.22
169.29,-5.972,-1.793,7.713,1.269
169.3,-5.828,-1.811,7.81,1.318
169.31,-5.683,-1.827,7.905,1.365
169.32,-5.534,-1.843,7.998,1.413
169.33,-5.384,-1.857,8.088,1.46
169.34,-5.231,-1.871,8.177,1.506
169.35,-5.075,-1.883,8.263,1.552
169.36,-4.917,-1.894,8.347,1.597
169.37,-4.757,-1.904,8.428,1.642
169.38,-4.594,-1.912,8.508,1.686
169.39,-4.429,-1.919,8.585,1.73
169.4,-4.261,-1.925,8.659,1.773
169.41,-4.091,-1.929,8.731,1.815
169.42,-3.918,-1.932,8.801,1.856
169.43,-3.742,-1.932,8.868,1.897
169.44,-3.563,-1.931,8.934,1.937
169.45,-3.381,-1.927,8.996,1.976
169.46,-3.195,-1.92,9.057,2.014
169.47,-3.006,-1.912,9.115,2.051
169.48,-2.814,-1.901,9.171,2.087
169.49,-2.616,-1.886,9.224,2.121
169.5,-2.416,-1.868,9.274,2.155
169.51,-2.212,-1.847,9.322,2.188
169.52,-2.005,-1.824,9.365,2.22
169.53,-1.796,-1.798,9.405,2.251
169.54,-1.584,-1.77,9.442,2.281
169.55,-1.37,-1.739,9.474,2.31
169.56,-1.154,-1.706,9.502,2.337
169.57,-0.936,-1.671,9.525,2.364
169.58,-0.715,-1.633,9.544,2.39
169.59,-0.494,-1.593,9.559,2.415
169.6,-0.27,-1.55,9.569,2.438
169.61,-0.044,-1.505,9.574,2.461
169.62,0.182,-1.458,9.574,2.483
169.63,0.411,-1.409,9.569,2.503
169.64,0.641,-1.357,9.559,2.522
169.65,0.872,-1.304,9.543,2.54
169.66,1.104,-1.248,9.522,2.557
169.67,1.337,-1.191,9.496,2.571
169.68,1.57,-1.132,9.464,2.585
169.69,1.802,-1.071,9.426,2.596
169.7,2.034,-1.009,9.383,2.606
169.71,2.266,-0.946,9.334,2.615
169.72,2.496,-0.882,9.279,2.621
169.73,2.725,-0.817,9.219,2.626
169.74,2.952,-0.75,9.154,2.628
169.75,3.178,-0.683,9.083,2.629
169.76,3.402,-0.616,9.007,2.627
169.77,3.624,-0.548,8.926,2.624
169.78,3.843,-0.479,8.839,2.619
169.79,4.061,-0.41,8.746,2.612
169.8,4.277,-0.34,8.649,2.603
169.81,4.491,-0.271,8.545,2.592
169.82,4.701,-0.201,8.437,2.58
169.83,4.909,-0.131,8.324,2.565
169.84,5.114,-0.062,8.206,2.549
169.85,5.315,0.007,8.082,2.531
169.86,5.513,0.075,7.954,2.512
169.87,5.707,0.143,7.822,2.491
169.88,5.898,0.211,7.685,2.469
169.89,6.084,0.278,7.544,2.446
169.9,6.267,0.344,7.398,2.421
169.91,6.445,0.411,7.248,2.396
169.92,6.62,0.476,7.094,2.37
169.93,6.79,0.542,6.935,2.342
169.94,6.957,0.607,6.773,2.314
169.95,7.119,0.671,6.606,2.285
169.96,7.277,0.736,6.435,2.254
169.97,7.43,0.8,6.26,2.223
169.98,7.58,0.863,6.082,2.191
169.99,7.724,0.926,5.9,2.159
170,7.863,0.988,5.715,2.125
170.01,7.997,1.05,5.528,2.09
170.02,8.127,1.111,5.337,2.053
170.03,8.251,1.171,5.144,2.016
170.04,8.371,1.23,4.949,1.979
170.05,8.485,1.289,4.75,1.941
170.06,8.594,1.346,4.55,1.903
170.07,8.698,1.403,4.346,1.864
170.08,8.796,1.459,4.141,1.826
170.09,8.89,1.514,3.932,1.787
170.1,8.979,1.568,3.721,1.748
170.11,9.062,1.621,3.508,1.71
170.12,9.141,1.674,3.291,1.671
170.13,9.214,1.725,3.073,1.633
170.14,9.282,1.776,2.851,1.595
170.15,9.345,1.825,2.629,1.557
170.16,9.401,1.874,2.404,1.52
170.17,9.452,1.922,2.179,1.484
170.18,9.497,1.969,1.954,1.449
170.19,9.536,2.015,1.729,1.415
170.2,9.569,2.06,1.505,1.381
170.21,9.597,2.104,1.281,1.348
170.22,9.619,2.147,1.058,1.316
170.23,9.635,2.19,0.837,1.284
170.24,9.647,2.232,0.617,1.253
170.25,9.652,2.273,0.398,1.222
170.26,9.653,2.314,0.18,1.192
170.27,9.649,2.354,-0.037,1.162
170.28,9.639,2.393,-0.255,1.132
170.29,9.625,2.432,-0.473,1.102
170.3,9.605,2.471,-0.69,1.071
170.31,9.581,2.509,-0.908,1.04
170.32,9.551,2.546,-1.125,1.008
170.33,9.516,2.583,-1.341,0.977
170.34,9.477,2.619,-1.558,0.945
170.35,9.432,2.654,-1.773,0.912
170.36,9.382,2.688,-1.989,0.879
170.37,9.328,2.722,-2.203,0.845
170.38,9.268,2.755,-2.417,0.812
170.39,9.203,2.787,-2.63,0.778
170.4,9.133,2.818,-2.842,0.744
170.41,9.058,2.848,-3.053,0.71
170.42,8.978,2.877,-3.262,0.676
170.43,8.893,2.904,-3.471,0.641
170.44,8.804,2.93,-3.678,0.607
170.45,8.709,2.954,-3.883,0.573
170.46,8.61,2.977,-4.086,0.539
170.47,8.506,2.999,-4.287,0.506
170.48,8.397,3.019,-4.487,0.473
170.49,8.283,3.038,-4.685,0.44
170.5,8.164,3.056,-4.882,0.408
170.51,8.04,3.072,-5.076,0.376
170.52,7.91,3.088,-5.268,0.344
170.53,7.776,3.102,-5.458,0.312
170.54,7.637,3.115,-5.646,0.28
170.55,7.492,3.127,-5.831,0.247
170.56,7.343,3.138,-6.015,0.214
170.57,7.188,3.148,-6.195,0.18
170.58,7.028,3.156,-6.372,0.146
170.59,6.864,3.163,-6.547,0.111
170.6,6.695,3.168,-6.717,0.075
170.61,6.521,3.171,-6.885,0.038
170.62,6.344,3.172,-7.048,0
170.63,6.163,3.172,-7.207,-0.037
170.64,5.979,3.169,-7.361,-0.076
170.65,5.792,3.164,-7.511,-0.115
170.66,5.603,3.157,-7.655,-0.155
170.67,5.412,3.147,-7.795,-0.195
170.68,5.219,3.135,-7.929,-0.235
170.69,5.024,3.122,-8.057,-0.274
170.7,4.829,3.106,-8.181,-0.313
170.71,4.632,3.089,-8.298,-0.352
170.72,4.434,3.07,-8.411,-0.389
170.73,4.236,3.05,-8.518,-0.426
170.74,4.035,3.029,-8.621,-0.463
170.75,3.834,3.006,-8.718,-0.499
170.76,3.63,2.982,-8.811,-0.535
170.77,3.425,2.956,-8.899,-0.571
170.78,3.219,2.929,-8.982,-0.608
170.79,3.01,2.9,-9.061,-0.644
170.8,2.8,2.87,-9.135,-0.68
170.81,2.588,2.839,-9.204,-0.716
170.82,2.375,2.807,-9.268,-0.752
170.83,2.161,2.775,-9.327,-0.788
170.84,1.945,2.741,-9.381,-0.824
170.85,1.728,2.706,-9.431,-0.86
170.86,1.51,2.67,-9.475,-0.897
170.87,1.291,2.633,-9.514,-0.934
170.88,1.071,2.594,-9.548,-0.972
170.89,0.851,2.554,-9.577,-1.01
170.9,0.63,2.513,-9.601,-1.048
170.91,0.41,2.471,-9.62,-1.086
170.92,0.19,2.427,-9.633,-1.123
170.93,-0.029,2.382,-9.642,-1.161
170.94,-0.248,2.336,-9.645,-1.199
170.95,-0.466,2.289,-9.644,-1.236
170.96,-0.683,2.241,-9.637,-1.272
170.97,-0.899,2.191,-9.626,-1.309
170.98,-1.114,2.141,-9.61,-1.345
170.99,-1.328,2.091,-9.589,-1.38
171,-1.541,2.039,-9.563,-1.415
171.01,-1.753,1.987,-9.532,-1.449
171.02,-1.963,1.934,-9.497,-1.483
171.03,-2.173,1.881,-9.457,-1.516
171.04,-2.381,1.827,-9.411,-1.549
171.05,-2.59,1.773,-9.361,-1.582
171.06,-2.798,1.718,-9.306,-1.614
171.07,-3.006,1.663,-9.245,-1.646
171.08,-3.213,1.607,-9.179,-1.679
171.09,-3.419,1.551,-9.108,-1.711
171.1,-3.624,1.495,-9.032,-1.743
171.11,-3.829,1.438,-8.95,-1.775
171.12,-4.031,1.381,-8.863,-1.808
171.13,-4.233,1.323,-8.771,-1.84
171.14,-4.432,1.265,-8.674,-1.873
171.15,-4.629,1.206,-8.572,-1.905
171.16,-4.824,1.146,-8.465,-1.937
171.17,-5.016,1.086,-8.353,-1.97
171.18,-5.204,1.026,-8.236,-2.002
171.19,-5.39,0.964,-8.115,-2.035
171.2,-5.572,0.903,-7.99,-2.067
171.21,-5.751,0.84,-7.861,-2.1
171.22,-5.926,0.777,-7.728,-2.132
171.23,-6.097,0.714,-7.591,-2.163
171.24,-6.265,0.65,-7.449,-2.194
171.25,-6.429,0.586,-7.305,-2.225
171.26,-6.589,0.522,-7.156,-2.254
171.27,-6.745,0.458,-7.005,-2.283
171.28,-6.896,0.393,-6.851,-2.31
171.29,-7.043,0.329,-6.695,-2.335
171.3,-7.185,0.264,-6.536,-2.36
171.31,-7.324,0.2,-6.374,-2.383
171.32,-7.458,0.136,-6.21,-2.405
171.33,-7.587,0.072,-6.044,-2.425
171.34,-7.713,0.009,-5.876,-2.444
171.35,-7.834,-0.054,-5.706,-2.461
171.36,-7.951,-0.118,-5.533,-2.476
171.37,-8.065,-0.182,-5.359,-2.489
171.38,-8.174,-0.246,-5.182,-2.501
171.39,-8.279,-0.309,-5.003,-2.511
171.4,-8.381,-0.372,-4.823,-2.52
171.41,-8.478,-0.435,-4.642,-2.526
171.42,-8.571,-0.497,-4.458,-2.531
171.43,-8.659,-0.558,-4.274,-2.533
171.44,-8.744,-0.619,-4.089,-2.534
171.45,-8.825,-0.68,-3.902,-2.533
171.46,-8.901,-0.739,-3.715,-2.53
171.47,-8.974,-0.798,-3.527,-2.525
171.48,-9.043,-0.856,-3.338,-2.518
171.49,-9.107,-0.913,-3.149,-2.509
171.5,-9.168,-0.97,-2.959,-2.497
171.51,-9.225,-1.025,-2.768,-2.484
171.52,-9.278,-1.079,-2.577,-2.469
171.53,-9.328,-1.132,-2.384,-2.452
171.54,-9.373,-1.183,-2.192,-2.433
171.55,-9.416,-1.232,-1.999,-2.412
171.56,-9.454,-1.279,-1.806,-2.388
171.57,-9.489,-1.324,-1.613,-2.364
171.58,-9.521,-1.366,-1.419,-2.338
171.59,-9.548,-1.407,-1.225,-2.31
171.6,-9.572,-1.445,-1.032,-2.282
171.61,-9.592,-1.481,-0.839,-2.253
171.62,-9.609,-1.514,-0.646,-2.223
171.63,-9.622,-1.545,-0.455,-2.192
171.64,-9.632,-1.574,-0.265,-2.161
171.65,-9.637,-1.601,-0.076,-2.13
171.66,-9.64,-1.626,0.111,-2.098
171.67,-9.639,-1.648,0.297,-2.066
171.68,-9.635,-1.669,0.481,-2.034
171.69,-9.628,-1.688,0.663,-2.001
171.7,-9.617,-1.705,0.844,-1.969
171.71,-9.604,-1.72,1.022,-1.936
171.72,-9.588,-1.733,1.198,-1.904
171.73,-9.568,-1.746,1.373,-1.871
171.74,-9.546,-1.756,1.546,-1.839
171.75,-9.521,-1.766,1.719,-1.807
171.76,-9.493,-1.774,1.891,-1.775
171.77,-9.462,-1.781,2.062,-1.744
171.78,-9.427,-1.787,2.232,-1.712
171.79,-9.39,-1.793,2.403,-1.681
171.8,-9.35,-1.797,2.573,-1.65
171.81,-9.306,-1.8,2.742,-1.619
171.82,-9.26,-1.801,2.911,-1.589
171.83,-9.21,-1.801,3.078,-1.56
171.84,-9.159,-1.8,3.244,-1.531
171.85,-9.104,-1.797,3.408,-1.503
171.86,-9.047,-1.793,3.57,-1.476
171.87,-8.987,-1.788,3.73,-1.45
171.88,-8.925,-1.782,3.888,-1.425
171.89,-8.86,-1.775,4.045,-1.401
171.9,-8.793,-1.767,4.2,-1.38
171.91,-8.723,-1.758,4.354,-1.36
171.92,-8.65,-1.749,4.507,-1.341
171.93,-8.574,-1.739,4.657,-1.323
171.94,-8.497,-1.73,4.806,-1.306
171.95,-8.416,-1.72,4.953,-1.29
171.96,-8.333,-1.709,5.098,-1.275
171.97,-8.248,-1.699,5.241,-1.261
171.98,-8.161,-1.689,5.382,-1.248
171.99,-8.072,-1.679,5.521,-1.235
172,-7.982,-1.668,5.657,-1.224
172.01,-7.89,-1.657,5.79,-1.212
172.02,-7.796,-1.646,5.92,-1.202
172.03,-7.701,-1.635,6.048,-1.192
172.04,-7.605,-1.624,6.173,-1.182
172.05,-7.508,-1.613,6.296,-1.173
172.06,-7.41,-1.602,6.415,-1.164
172.07,-7.311,-1.591,6.532,-1.155
172.08,-7.211,-1.579,6.646,-1.146
172.09,-7.111,-1.567,6.757,-1.137
172.1,-7.011,-1.555,6.866,-1.128
172.11,-6.91,-1.542,6.972,-1.119
172.12,-6.808,-1.529,7.076,-1.109
172.13,-6.706,-1.516,7.177,-1.1
172.14,-6.604,-1.503,7.275,-1.091
172.15,-6.501,-1.489,7.371,-1.081
172.16,-6.398,-1.475,7.465,-1.071
172.17,-6.294,-1.461,7.557,-1.061
172.18,-6.19,-1.447,7.646,-1.051
172.19,-6.086,-1.432,7.734,-1.04
172.2,-5.982,-1.418,7.819,-1.028
172.21,-5.877,-1.404,7.902,-1.016
172.22,-5.773,-1.389,7.983,-1.003
172.23,-5.668,-1.375,8.062,-0.989
172.24,-5.564,-1.361,8.138,-0.973
172.25,-5.461,-1.347,8.212,-0.955
172.26,-5.357,-1.333,8.284,-0.937
172.27,-5.255,-1.318,8.354,-0.918
172.28,-5.152,-1.303,8.423,-0.896
172.29,-5.049,-1.288,8.489,-0.874
172.3,-4.947,-1.273,8.554,-0.851
172.31,-4.844,-1.257,8.617,-0.826
172.32,-4.743,-1.24,8.678,-0.8
172.33,-4.641,-1.223,8.738,-0.773
172.34,-4.54,-1.206,8.796,-0.745
172.35,-4.439,-1.188,8.852,-0.717
172.36,-4.34,-1.169,8.906,-0.687
172.37,-4.24,-1.149,8.958,-0.658
172.38,-4.142,-1.129,9.009,-0.628
172.39,-4.044,-1.109,9.058,-0.598
172.4,-3.946,-1.087,9.105,-0.568
172.41,-3.85,-1.066,9.151,-0.537
172.42,-3.754,-1.044,9.195,-0.507
172.43,-3.659,-1.022,9.237,-0.477
172.44,-3.565,-1,9.278,-0.446
172.45,-3.471,-0.978,9.317,-0.416
172.46,-3.377,-0.957,9.355,-0.387
172.47,-3.284,-0.935,9.391,-0.357
172.48,-3.191,-0.915,9.426,-0.328
172.49,-3.099,-0.894,9.46,-0.299
172.5,-3.007,-0.874,9.492,-0.271
172.51,-2.915,-0.855,9.524,-0.243
172.52,-2.824,-0.836,9.553,-0.216
172.53,-2.732,-0.818,9.582,-0.189
172.54,-2.639,-0.801,9.61,-0.163
172.55,-2.547,-0.785,9.637,-0.138
172.56,-2.453,-0.77,9.663,-0.113
172.57,-2.358,-0.756,9.687,-0.089
172.58,-2.263,-0.742,9.711,-0.066
172.59,-2.164,-0.732,9.735,-0.045
172.6,-2.064,-0.722,9.757,-0.024
172.61,-1.96,-0.713,9.779,-0.005
172.62,-1.854,-0.705,9.801,0.012
172.63,-1.745,-0.698,9.821,0.029
172.64,-1.633,-0.693,9.841,0.045
172.65,-1.517,-0.689,9.859,0.059
172.66,-1.398,-0.687,9.877,0.072
172.67,-1.277,-0.686,9.893,0.084
172.68,-1.152,-0.686,9.909,0.095
172.69,-1.025,-0.688,9.922,0.104
172.7,-0.896,-0.691,9.935,0.112
172.71,-0.765,-0.696,9.945,0.119
172.72,-0.632,-0.703,9.954,0.124
172.73,-0.497,-0.712,9.961,0.129
172.74,-0.361,-0.723,9.966,0.133
172.75,-0.224,-0.736,9.969,0.135
172.76,-0.086,-0.751,9.97,0.137
172.77,0.052,-0.767,9.969,0.138
172.78,0.19,-0.785,9.966,0.139
172.79,0.329,-0.805,9.961,0.139
172.8,0.468,-0.826,9.953,0.14
172.81,0.607,-0.849,9.944,0.14
172.82,0.747,-0.872,9.932,0.14
172.83,0.887,-0.896,9.919,0.14
172.84,1.027,-0.921,9.903,0.141
172.85,1.168,-0.947,9.885,0.142
172.86,1.309,-0.972,9.865,0.143
172.87,1.45,-0.999,9.842,0.145
172.88,1.592,-1.025,9.817,0.148
172.89,1.733,-1.051,9.791,0.15
172.9,1.874,-1.076,9.762,0.154
172.91,2.015,-1.101,9.731,0.157
172.92,2.155,-1.126,9.698,0.161
172.93,2.293,-1.15,9.663,0.165
172.94,2.432,-1.173,9.627,0.17
172.95,2.568,-1.195,9.588,0.176
172.96,2.704,-1.216,9.548,0.181
172.97,2.839,-1.236,9.506,0.187
172.98,2.972,-1.256,9.463,0.193
172.99,3.103,-1.274,9.418,0.2
173,3.232,-1.291,9.372,0.207
173.01,3.36,-1.306,9.324,0.214
173.02,3.487,-1.32,9.275,0.222
173.03,3.612,-1.333,9.225,0.23
173.04,3.736,-1.344,9.174,0.239
173.05,3.858,-1.354,9.122,0.247
173.06,3.978,-1.362,9.069,0.256
173.07,4.096,-1.368,9.015,0.265
173.08,4.212,-1.372,8.96,0.273
173.09,4.327,-1.374,8.905,0.282
173.1,4.439,-1.375,8.849,0.29
173.11,4.549,-1.373,8.793,0.297
173.12,4.656,-1.369,8.737,0.304
173.13,4.76,-1.363,8.682,0.311
173.14,4.861,-1.355,8.626,0.316
173.15,4.96,-1.346,8.572,0.321
173.16,5.056,-1.334,8.517,0.325
173.17,5.149,-1.321,8.463,0.328
173.18,5.241,-1.306,8.409,0.33
173.19,5.331,-1.289,8.354,0.332
173.2,5.42,-1.271,8.3,0.333
173.21,5.508,-1.251,8.244,0.333
173.22,5.596,-1.23,8.188,0.333
173.23,5.683,-1.208,8.131,0.332
173.24,5.769,-1.184,8.074,0.331
173.25,5.855,-1.16,8.015,0.329
173.26,5.941,-1.134,7.956,0.326
173.27,6.026,-1.106,7.896,0.323
173.28,6.111,-1.078,7.834,0.319
173.29,6.195,-1.049,7.772,0.315
173.3,6.279,-1.019,7.709,0.31
173.31,6.362,-0.988,7.645,0.305
173.32,6.444,-0.957,7.58,0.299
173.33,6.525,-0.925,7.514,0.293
173.34,6.606,-0.893,7.448,0.285
173.35,6.685,-0.861,7.381,0.278
173.36,6.763,-0.828,7.314,0.27
173.37,6.84,-0.794,7.246,0.262
173.38,6.916,-0.761,7.177,0.254
173.39,6.99,-0.728,7.108,0.246
173.4,7.064,-0.694,7.039,0.237
173.41,7.137,-0.661,6.969,0.228
173.42,7.208,-0.628,6.898,0.218
173.43,7.278,-0.596,6.827,0.208
173.44,7.348,-0.564,6.756,0.199
173.45,7.416,-0.532,6.683,0.189
173.46,7.484,-0.502,6.61,0.179
173.47,7.55,-0.472,6.537,0.169
173.48,7.616,-0.444,6.462,0.159
173.49,7.68,-0.417,6.388,0.15
173.5,7.744,-0.392,6.312,0.142
173.51,7.806,-0.368,6.236,0.135
173.52,7.868,-0.345,6.16,0.128
173.53,7.929,-0.324,6.082,0.121
173.54,7.99,-0.305,6.004,0.116
173.55,8.049,-0.288,5.925,0.111
173.56,8.107,-0.272,5.846,0.108
173.57,8.165,-0.259,5.765,0.105
173.58,8.222,-0.247,5.684,0.104
173.59,8.279,-0.238,5.602,0.104
173.6,8.335,-0.23,5.519,0.106
173.61,8.389,-0.224,5.436,0.108
173.62,8.443,-0.222,5.352,0.112
173.63,8.495,-0.221,5.268,0.116
173.64,8.547,-0.222,5.184,0.123
173.65,8.597,-0.225,5.1,0.13
173.66,8.646,-0.229,5.016,0.138
173.67,8.694,-0.235,4.932,0.146
173.68,8.74,-0.242,4.849,0.156
173.69,8.785,-0.251,4.767,0.168
173.7,8.828,-0.262,4.685,0.18
173.71,8.87,-0.273,4.604,0.194
173.72,8.91,-0.286,4.524,0.208
173.73,8.949,-0.3,4.445,0.225
173.74,8.986,-0.316,4.367,0.242
173.75,9.022,-0.333,4.29,0.261
173.76,9.057,-0.352,4.214,0.282
173.77,9.09,-0.371,4.139,0.303
173.78,9.122,-0.392,4.064,0.326
173.79,9.153,-0.414,3.988,0.35
173.8,9.184,-0.436,3.913,0.374
173.81,9.213,-0.459,3.838,0.4
173.82,9.242,-0.483,3.762,0.426
173.83,9.27,-0.508,3.686,0.453
173.84,9.298,-0.532,3.609,0.48
173.85,9.324,-0.557,3.532,0.508
173.86,9.35,-0.581,3.454,0.536
173.87,9.376,-0.606,3.375,0.565
173.88,9.401,-0.631,3.296,0.593
173.89,9.425,-0.655,3.216,0.621
173.9,9.448,-0.679,3.136,0.648
173.91,9.471,-0.702,3.055,0.675
173.92,9.494,-0.724,2.972,0.7
173.93,9.516,-0.746,2.889,0.725
173.94,9.538,-0.767,2.805,0.748
173.95,9.559,-0.787,2.719,0.77
173.96,9.581,-0.805,2.632,0.789
173.97,9.601,-0.822,2.544,0.807
173.98,9.622,-0.838,2.455,0.824
173.99,9.642,-0.853,2.365,0.839
174,9.661,-0.867,2.273,0.853
174.01,9.68,-0.881,2.181,0.866
174.02,9.698,-0.894,2.088,0.877
174.03,9.716,-0.906,1.995,0.887
174.04,9.733,-0.917,1.9,0.896
174.05,9.749,-0.928,1.805,0.903
174.06,9.765,-0.939,1.71,0.909
174.07,9.78,-0.949,1.614,0.915
174.08,9.794,-0.959,1.518,0.919
174.09,9.807,-0.968,1.422,0.922
174.1,9.819,-0.977,1.325,0.924
174.11,9.831,-0.986,1.229,0.925
174.12,9.842,-0.994,1.132,0.926
174.13,9.852,-1.002,1.035,0.925
174.14,9.861,-1.01,0.939,0.922
174.15,9.869,-1.018,0.842,0.918
174.16,9.876,-1.026,0.747,0.913
174.17,9.883,-1.033,0.651,0.906
174.18,9.889,-1.041,0.556,0.897
174.19,9.894,-1.048,0.461,0.887
174.2,9.898,-1.055,0.366,0.875
174.21,9.902,-1.063,0.272,0.862
174.22,9.904,-1.07,0.178,0.849
174.23,9.906,-1.077,0.085,0.834
174.24,9.907,-1.085,-0.006,0.819
174.25,9.907,-1.092,-0.097,0.802
174.26,9.906,-1.099,-0.188,0.785
174.27,9.904,-1.107,-0.277,0.768
174.28,9.902,-1.115,-0.366,0.751
174.29,9.899,-1.123,-0.453,0.733
174.3,9.895,-1.132,-0.54,0.716
174.31,9.89,-1.142,-0.626,0.7
174.32,9.884,-1.152,-0.711,0.685
174.33,9.877,-1.163,-0.796,0.671
174.34,9.869,-1.175,-0.882,0.659
174.35,9.86,-1.187,-0.968,0.648
174.36,9.851,-1.199,-1.053,0.638
174.37,9.84,-1.211,-1.138,0.63
174.38,9.829,-1.224,-1.223,0.625
174.39,9.816,-1.238,-1.307,0.621
174.4,9.803,-1.252,-1.391,0.62
174.41,9.789,-1.266,-1.473,0.621
174.42,9.775,-1.281,-1.554,0.623
174.43,9.76,-1.296,-1.632,0.627
174.44,9.744,-1.312,-1.709,0.634
174.45,9.728,-1.327,-1.783,0.642
174.46,9.712,-1.344,-1.855,0.651
174.47,9.695,-1.36,-1.924,0.663
174.48,9.679,-1.376,-1.99,0.676
174.49,9.662,-1.392,-2.054,0.691
174.5,9.645,-1.409,-2.116,0.707
174.51,9.628,-1.425,-2.175,0.725
174.52,9.611,-1.441,-2.232,0.745
174.53,9.594,-1.457,-2.287,0.766
174.54,9.578,-1.472,-2.338,0.789
174.55,9.561,-1.488,-2.387,0.814
174.56,9.545,-1.503,-2.433,0.84
174.57,9.529,-1.518,-2.476,0.868
174.58,9.513,-1.533,-2.517,0.897
174.59,9.497,-1.549,-2.554,0.928
174.6,9.482,-1.564,-2.588,0.961
174.61,9.468,-1.58,-2.619,0.995
174.62,9.454,-1.595,-2.647,1.031
174.63,9.44,-1.611,-2.672,1.068
174.64,9.427,-1.626,-2.694,1.107
174.65,9.415,-1.642,-2.709,1.148
174.66,9.403,-1.657,-2.722,1.19
174.67,9.391,-1.672,-2.732,1.234
174.68,9.38,-1.687,-2.741,1.278
174.69,9.369,-1.702,-2.748,1.323
174.7,9.358,-1.717,-2.754,1.369
174.71,9.347,-1.732,-2.759,1.416
174.72,9.335,-1.746,-2.765,1.463
174.73,9.324,-1.76,-2.77,1.511
174.74,9.312,-1.773,-2.775,1.56
174.75,9.299,-1.786,-2.781,1.608
174.76,9.287,-1.799,-2.786,1.658
174.77,9.274,-1.811,-2.791,1.707
174.78,9.261,-1.823,-2.797,1.756
174.79,9.247,-1.834,-2.802,1.805
174.8,9.233,-1.845,-2.808,1.854
174.81,9.22,-1.856,-2.814,1.902
174.82,9.206,-1.866,-2.82,1.95
174.83,9.192,-1.877,-2.826,1.997
174.84,9.178,-1.887,-2.831,2.044
174.85,9.164,-1.896,-2.836,2.09
174.86,9.15,-1.906,-2.841,2.135
174.87,9.137,-1.915,-2.844,2.179
174.88,9.123,-1.924,-2.848,2.222
174.89,9.11,-1.933,-2.851,2.264
174.9,9.097,-1.941,-2.853,2.305
174.91,9.085,-1.95,-2.855,2.345
174.92,9.072,-1.958,-2.857,2.383
174.93,9.06,-1.967,-2.857,2.421
174.94,9.049,-1.976,-2.857,2.456
174.95,9.038,-1.985,-2.855,2.49
174.96,9.028,-1.995,-2.852,2.521
174.97,9.019,-2.005,-2.848,2.551
174.98,9.011,-2.015,-2.843,2.578
174.99,9.004,-2.027,-2.835,2.601
175,8.998,-2.039,-2.825,2.622
175.01,8.993,-2.051,-2.815,2.64
175.02,8.989,-2.064,-2.804,2.656
175.03,8.986,-2.077,-2.791,2.67
175.04,8.984,-2.09,-2.778,2.68
175.05,8.983,-2.103,-2.763,2.689
175.06,8.983,-2.117,-2.748,2.695
175.07,8.983,-2.131,-2.731,2.698
175.08,8.985,-2.145,-2.714,2.699
175.09,8.987,-2.16,-2.695,2.699
175.1,8.991,-2.174,-2.676,2.696
175.11,8.995,-2.188,-2.656,2.691
175.12,8.999,-2.203,-2.635,2.684
175.13,9.004,-2.217,-2.614,2.676
175.14,9.01,-2.231,-2.592,2.667
175.15,9.016,-2.244,-2.57,2.656
175.16,9.023,-2.258,-2.546,2.644
175.17,9.03,-2.272,-2.522,2.631
175.18,9.038,-2.285,-2.496,2.617
175.19,9.046,-2.299,-2.469,2.601
175.2,9.055,-2.312,-2.442,2.585
175.21,9.064,-2.325,-2.412,2.568
175.22,9.074,-2.339,-2.382,2.55
175.23,9.084,-2.351,-2.35,2.532
175.24,9.094,-2.364,-2.318,2.513
175.25,9.105,-2.377,-2.284,2.494
175.26,9.116,-2.389,-2.249,2.474
175.27,9.127,-2.401,-2.212,2.454
175.28,9.138,-2.414,-2.174,2.434
175.29,9.15,-2.426,-2.135,2.413
175.3,9.162,-2.438,-2.094,2.392
175.31,9.173,-2.45,-2.052,2.372
175.32,9.185,-2.461,-2.008,2.351
175.33,9.197,-2.473,-1.963,2.331
175.34,9.209,-2.483,-1.915,2.311
175.35,9.221,-2.494,-1.866,2.292
175.36,9.233,-2.505,-1.815,2.274
175.37,9.244,-2.515,-1.763,2.256
175.38,9.256,-2.526,-1.709,2.239
175.39,9.267,-2.537,-1.655,2.223
175.4,9.277,-2.547,-1.598,2.207
175.41,9.288,-2.557,-1.541,2.192
175.42,9.298,-2.567,-1.482,2.179
175.43,9.308,-2.577,-1.422,2.166
175.44,9.317,-2.587,-1.361,2.154
175.45,9.325,-2.597,-1.298,2.143
175.46,9.333,-2.606,-1.235,2.134
175.47,9.341,-2.616,-1.171,2.127
175.48,9.347,-2.625,-1.106,2.12
175.49,9.354,-2.634,-1.04,2.115
175.5,9.359,-2.644,-0.973,2.112
175.51,9.364,-2.653,-0.905,2.11
175.52,9.368,-2.661,-0.837,2.109
175.53,9.371,-2.67,-0.768,2.11
175.54,9.374,-2.679,-0.699,2.112
175.55,9.375,-2.687,-0.628,2.115
175.56,9.376,-2.696,-0.557,2.119
175.57,9.377,-2.705,-0.484,2.123
175.58,9.377,-2.714,-0.411,2.129
175.59,9.375,-2.723,-0.337,2.135
175.6,9.374,-2.732,-0.262,2.142
175.61,9.371,-2.742,-0.187,2.149
175.62,9.368,-2.751,-0.111,2.157
175.63,9.363,-2.761,-0.036,2.165
175.64,9.359,-2.771,0.038,2.174
175.65,9.353,-2.78,0.113,2.183
175.66,9.347,-2.79,0.189,2.192
175.67,9.339,-2.801,0.265,2.202
175.68,9.331,-2.811,0.344,2.212
175.69,9.322,-2.822,0.423,2.223
175.7,9.312,-2.833,0.502,2.234
175.71,9.301,-2.845,0.583,2.245
175.72,9.289,-2.857,0.664,2.256
175.73,9.277,-2.87,0.745,2.266
175.74,9.263,-2.883,0.827,2.277
175.75,9.248,-2.897,0.909,2.288
175.76,9.233,-2.912,0.991,2.298
175.77,9.216,-2.928,1.074,2.308
175.78,9.198,-2.945,1.158,2.318
175.79,9.179,-2.962,1.243,2.327
175.8,9.159,-2.981,1.329,2.335
175.81,9.137,-3,1.415,2.343
175.82,9.115,-3.021,1.503,2.349
175.83,9.091,-3.043,1.592,2.355
175.84,9.066,-3.066,1.681,2.359
175.85,9.04,-3.089,1.77,2.362
175.86,9.013,-3.114,1.861,2.364
175.87,8.985,-3.139,1.952,2.365
175.88,8.956,-3.164,2.043,2.365
175.89,8.935,-3.175,2.133,2.348
175.9,8.884,-3.22,2.302,2.323
175.91,8.785,-3.44,2.192,2.483
175.92,8.561,-3.901,2.092,2.663
175.93,8.315,-4.362,1.973,2.814
175.94,8.006,-4.843,1.886,2.98
175.95,7.746,-5.206,1.789,3.111
175.96,7.496,-5.525,1.715,3.212
175.97,7.266,-5.799,1.644,3.295
175.98,7.03,-6.058,1.573,3.375
175.99,6.778,-6.313,1.485,3.462
176,6.509,-6.568,1.385,3.544
176.01,6.215,-6.823,1.273,3.63
176.02,5.911,-7.062,1.15,3.721
176.03,5.655,-7.252,1.071,3.777
176.04,5.7,-7.272,1.212,3.625
176.05,5.809,-7.259,1.417,3.396
176.06,5.809,-7.296,1.473,3.292
176.07,5.857,-7.26,1.509,3.271
176.08,5.897,-7.223,1.523,3.273
176.09,5.905,-7.213,1.546,3.27
176.1,5.9,-7.226,1.625,3.212
176.11,5.885,-7.285,1.813,3
176.12,5.933,-7.227,1.853,3.02
176.13,5.991,-7.179,1.887,2.997
176.14,6.065,-7.12,1.892,2.989
176.15,6.139,-7.05,1.877,3.012
176.16,6.178,-7.011,1.862,3.031
176.17,6.177,-7.005,1.825,3.069
176.18,6.154,-7.015,1.765,3.128
176.19,6.126,-7.029,1.705,3.185
176.2,6.112,-7.034,1.647,3.229
176.21,6.111,-7.037,1.609,3.243
176.22,6.12,-7.036,1.581,3.244
176.23,6.139,-7.019,1.545,3.262
176.24,6.158,-6.996,1.501,3.297
176.25,6.17,-6.976,1.46,3.333
176.26,6.18,-6.961,1.431,3.359
176.27,6.188,-6.948,1.407,3.381
176.28,6.194,-6.937,1.386,3.403
176.29,6.197,-6.928,1.37,3.42
176.3,6.198,-6.922,1.358,3.435
176.31,6.198,-6.921,1.356,3.44
176.32,6.196,-6.923,1.362,3.436
176.33,6.195,-6.926,1.369,3.43
176.34,6.194,-6.928,1.372,3.427
176.35,6.193,-6.93,1.376,3.421
176.36,6.192,-6.934,1.383,3.414
176.37,6.191,-6.936,1.389,3.408
176.38,6.19,-6.938,1.393,3.404
176.39,6.189,-6.94,1.395,3.401
176.4,6.19,-6.939,1.396,3.402
176.41,6.19,-6.939,1.396,3.402
176.42,6.19,-6.938,1.395,3.404
176.43,6.19,-6.938,1.396,3.403
176.44,6.19,-6.937,1.397,3.404
176.45,6.191,-6.937,1.398,3.403
176.46,6.191,-6.937,1.398,3.403
176.47,6.191,-6.937,1.397,3.404
176.48,6.19,-6.938,1.397,3.403
176.49,6.189,-6.939,1.396,3.402
176.5,6.189,-6.939,1.396,3.402
176.51,6.19,-6.939,1.396,3.402
176.52,6.189,-6.939,1.396,3.403
176.53,6.189,-6.939,1.396,3.403
176.54,6.189,-6.939,1.396,3.402
176.55,6.189,-6.939,1.396,3.402
176.56,6.189,-6.939,1.396,3.403
176.57,6.19,-6.939,1.396,3.403
176.58,6.19,-6.939,1.396,3.403
176.59,6.19,-6.938,1.396,3.403
176.6,6.189,-6.939,1.396,3.403
176.61,6.19,-6.938,1.396,3.403
176.62,6.19,-6.938,1.396,3.403
176.63,6.19,-6.938,1.396,3.403
176.64,6.19,-6.938,1.396,3.403
176.65,6.19,-6.938,1.396,3.403
176.66,6.19,-6.938,1.396,3.403
176.67,6.19,-6.938,1.396,3.403
176.68,6.19,-6.938,1.396,3.403
176.69,6.19,-6.938,1.396,3.404
176.7,6.19,-6.938,1.396,3.403
176.71,6.19,-6.938,1.396,3.404
176.72,6.19,-6.938,1.396,3.404
176.73,6.19,-6.937,1.396,3.404
176.74,6.19,-6.937,1.396,3.404
176.75,6.19,-6.937,1.396,3.405
176.76,6.19,-6.937,1.396,3.404
176.77,6.19,-6.937,1.396,3.405
176.78,6.19,-6.937,1.396,3.405
176.79,6.19,-6.937,1.396,3.405
176.8,6.19,-6.937,1.396,3.406
176.81,6.19,-6.937,1.396,3.405
176.82,6.19,-6.937,1.397,3.405
176.83,6.19,-6.936,1.396,3.406
176.84,6.19,-6.936,1.396,3.406
176.85,6.19,-6.936,1.397,3.406
176.86,6.19,-6.936,1.397,3.406
176.87,6.19,-6.936,1.397,3.407
176.88,6.19,-6.935,1.397,3.408
176.89,6.19,-6.934,1.398,3.409
176.9,6.19,-6.934,1.399,3.41
176.91,6.191,-6.932,1.401,3.412
176.92,6.191,-6.93,1.404,3.415
176.93,6.193,-6.926,1.408,3.418
176.94,6.195,-6.921,1.414,3.422
176.95,6.2,-6.912,1.422,3.427
176.96,6.205,-6.904,1.429,3.431
176.97,6.208,-6.899,1.434,3.434
176.98,6.208,-6.896,1.436,3.439
176.99,6.208,-6.893,1.438,3.445
177,6.208,-6.893,1.442,3.443
177.01,6.207,-6.894,1.443,3.442
177.02,6.205,-6.897,1.442,3.439
177.03,6.203,-6.902,1.441,3.434
177.04,6.2,-6.908,1.438,3.43
177.05,6.196,-6.914,1.434,3.425
177.06,6.193,-6.922,1.43,3.417
177.07,6.19,-6.928,1.425,3.411
177.08,6.188,-6.933,1.42,3.408
177.09,6.186,-6.936,1.416,3.405
177.1,6.186,-6.938,1.416,3.402
177.11,6.186,-6.937,1.418,3.402
177.12,6.187,-6.936,1.418,3.405
177.13,6.186,-6.935,1.419,3.407
177.14,6.186,-6.935,1.42,3.408
177.15,6.187,-6.933,1.42,3.409
177.16,6.187,-6.933,1.422,3.409
177.17,6.186,-6.933,1.422,3.409
177.18,6.187,-6.933,1.421,3.409
177.19,6.187,-6.933,1.422,3.408
177.2,6.186,-6.934,1.422,3.408
177.21,6.187,-6.934,1.421,3.408
177.22,6.186,-6.934,1.422,3.408
177.23,6.187,-6.933,1.422,3.408
177.24,6.186,-6.933,1.422,3.408
177.25,6.186,-6.934,1.422,3.408
177.26,6.186,-6.934,1.422,3.408
177.27,6.186,-6.934,1.422,3.408
177.28,6.186,-6.934,1.422,3.408
177.29,6.186,-6.934,1.422,3.408
177.3,6.186,-6.934,1.422,3.408
177.31,6.187,-6.934,1.422,3.408
177.32,6.187,-6.933,1.422,3.408
177.33,6.187,-6.933,1.422,3.408
177.34,6.187,-6.933,1.422,3.409
177.35,6.187,-6.933,1.422,3.409
177.36,6.187,-6.933,1.422,3.409
177.37,6.187,-6.933,1.422,3.408
177.38,6.187,-6.933,1.422,3.408
177.39,6.187,-6.933,1.422,3.408
177.4,6.187,-6.933,1.422,3.408
177.41,6.187,-6.933,1.422,3.408
177.42,6.187,-6.932,1.422,3.409
177.43,6.187,-6.932,1.422,3.41
177.44,6.187,-6.932,1.422,3.409
177.45,6.187,-6.933,1.422,3.408
177.46,6.187,-6.933,1.423,3.407
177.47,6.187,-6.933,1.422,3.408
177.48,6.187,-6.933,1.422,3.408
177.49,6.187,-6.933,1.422,3.407
177.5,6.187,-6.933,1.422,3.408
177.51,6.187,-6.932,1.422,3.409
177.52,6.187,-6.932,1.422,3.409
177.53,6.187,-6.932,1.422,3.408
177.54,6.187,-6.932,1.422,3.409
177.55,6.188,-6.932,1.422,3.409
177.56,6.188,-6.932,1.422,3.409
177.57,6.188,-6.932,1.423,3.409
177.58,6.187,-6.932,1.422,3.408
177.59,6.188,-6.932,1.423,3.409
177.6,6.188,-6.932,1.422,3.409
177.61,6.188,-6.932,1.422,3.409
177.62,6.187,-6.932,1.423,3.409
177.63,6.188,-6.932,1.422,3.409
177.64,6.188,-6.932,1.423,3.409
177.65,6.188,-6.932,1.423,3.409
177.66,6.188,-6.932,1.422,3.41
177.67,6.188,-6.932,1.423,3.409
177.68,6.188,-6.932,1.423,3.409
177.69,6.188,-6.932,1.423,3.409
177.7,6.188,-6.931,1.422,3.41
177.71,6.188,-6.931,1.422,3.41
177.72,6.188,-6.931,1.422,3.41
177.73,6.188,-6.931,1.422,3.411
177.74,6.188,-6.93,1.422,3.411
177.75,6.188,-6.93,1.422,3.411
177.76,6.188,-6.93,1.422,3.412
177.77,6.188,-6.93,1.422,3.412
177.78,6.188,-6.93,1.422,3.412
177.79,6.188,-6.929,1.423,3.413
177.8,6.188,-6.929,1.423,3.413
177.81,6.188,-6.93,1.423,3.412
177.82,6.188,-6.93,1.423,3.411
177.83,6.188,-6.93,1.423,3.411
177.84,6.188,-6.93,1.423,3.41
177.85,6.188,-6.93,1.423,3.411
177.86,6.188,-6.93,1.423,3.411
177.87,6.188,-6.93,1.424,3.41
177.88,6.188,-6.93,1.424,3.41
177.89,6.188,-6.93,1.424,3.41
177.9,6.189,-6.93,1.424,3.41
177.91,6.189,-6.93,1.424,3.41
177.92,6.189,-6.93,1.424,3.41
177.93,6.189,-6.93,1.424,3.41
177.94,6.189,-6.93,1.424,3.41
177.95,6.189,-6.93,1.424,3.41
177.96,6.189,-6.93,1.424,3.41
177.97,6.189,-6.93,1.424,3.41
177.98,6.189,-6.93,1.424,3.411
177.99,6.189,-6.93,1.424,3.411
178,6.189,-6.929,1.424,3.411
178.01,6.189,-6.929,1.424,3.411
178.02,6.189,-6.93,1.424,3.41
178.03,6.189,-6.93,1.424,3.41
178.04,6.189,-6.93,1.424,3.41
178.05,6.189,-6.93,1.424,3.41
178.06,6.189,-6.93,1.424,3.41
178.07,6.189,-6.93,1.424,3.41
178.08,6.188,-6.93,1.424,3.411
178.09,6.189,-6.93,1.424,3.411
178.1,6.189,-6.93,1.424,3.411
178.11,6.189,-6.93,1.424,3.411
178.12,6.189,-6.93,1.424,3.411
178.13,6.189,-6.93,1.424,3.411
178.14,6.189,-6.93,1.424,3.411
178.15,6.189,-6.929,1.424,3.411
178.16,6.189,-6.929,1.424,3.411
178.17,6.189,-6.929,1.424,3.411
178.18,6.189,-6.929,1.424,3.412
178.19,6.189,-6.929,1.424,3.412
178.2,6.189,-6.929,1.424,3.412
178.21,6.189,-6.929,1.424,3.412
178.22,6.189,-6.929,1.424,3.412
178.23,6.189,-6.929,1.424,3.412
178.24,6.189,-6.929,1.424,3.412
178.25,6.189,-6.929,1.424,3.412
178.26,6.189,-6.929,1.424,3.412
178.27,6.189,-6.929,1.424,3.412
178.28,6.189,-6.929,1.424,3.412
178.29,6.189,-6.929,1.424,3.412
178.3,6.189,-6.929,1.424,3.412
178.31,6.189,-6.929,1.425,3.412
178.32,6.189,-6.929,1.425,3.412
178.33,6.189,-6.928,1.425,3.412
178.34,6.189,-6.928,1.425,3.412
178.35,6.189,-6.928,1.425,3.412
178.36,6.189,-6.928,1.425,3.413
178.37,6.19,-6.928,1.425,3.413
178.38,6.19,-6.928,1.425,3.413
178.39,6.19,-6.928,1.425,3.412
178.4,6.19,-6.928,1.425,3.413
178.41,6.19,-6.928,1.425,3.413
178.42,6.19,-6.928,1.425,3.413
178.43,6.19,-6.928,1.425,3.413
178.44,6.19,-6.928,1.425,3.413
178.45,6.19,-6.928,1.425,3.413
178.46,6.19,-6.927,1.425,3.413
178.47,6.19,-6.927,1.425,3.413
178.48,6.19,-6.927,1.425,3.413
178.49,6.19,-6.927,1.425,3.413
178.5,6.19,-6.927,1.425,3.413
178.51,6.19,-6.927,1.425,3.413
178.52,6.19,-6.927,1.425,3.413
178.53,6.19,-6.927,1.425,3.413
178.54,6.19,-6.927,1.425,3.413
178.55,6.19,-6.927,1.425,3.413
178.56,6.19,-6.927,1.425,3.413
178.57,6.19,-6.927,1.425,3.413